"BehaviorSpace results (NetLogo 6.4.0)","Table version 2.0"
"/Users/linjingyu/Downloads/ABM_revision_v2.0/model/ABM_revision_v2.0.nlogo"
"p4_056_20260922T101454640748Z"
"09/22/2026 18:15:08:684 +0800"
"min-pxcor","max-pxcor","min-pycor","max-pycor"
"-16","16","-16","16"
"[run number]","network-type","num-nodes","ba-m","ws-rewire-prob","p0","beta0","amplification","super-ratio","treatment","targeting-mode","legal-strength","legal-response-time","legal-tpr","legal-tnr","platform-speed","platform-tpr","platform-tnr","platform-workload-mode","demand-kappa","lambda-weight","max-ticks","condition-id","replicate-id","[step]","run-seed","model-version","effectiveness","over-removal-rate","net-effectiveness","removal-precision","precision-defined?","mean-effectiveness","mean-net-effectiveness","observation-count","current-pollution-rate","count-wrongly-removed","initial-polluted-count","pollution-count","polluted-pre-review","step-reviews","step-tp","step-fp","step-tn","step-fn","cumulative-reviews","cumulative-tp","cumulative-fp","cumulative-tn","cumulative-fn","step-clean-reviews","cumulative-clean-reviews","actual-review-coverage","legal-action-opportunities","active-review-steps","network-node-count","network-edge-count","mean-degree","max-degree","degree-sd","count-isolates","mean-super-degree","mean-ordinary-degree","count-super-spreaders","legal-load","audit-load"
"1","BA","1000","2","0.1","50","0.1","0.5","1","platform","targeted","70","5","95","95","31.359743085669507","96.72645690674263","96.72645690674263","fixed","1","1","50","2946","1","50","23206923","v2.0-design-v1.0","51.4","22","29.4","89.33229003651539","true","53.66599999999998","39.804","50","48.6","220","500","486","548","314","62","10","241","1","15700","3425","409","11745","121","251","12154","31.4","0","50","1000","1997","3.994","77","5.304158566455006","0","46.9","3.5606060606060606","10","700","314"
"2","BA","1000","2","0.1","50","0.1","0.5","1","platform","targeted","70","5","95","95","31.359743085669507","96.72645690674263","96.72645690674263","fixed","1","1","50","2946","2","50","23206924","v2.0-design-v1.0","57.4","21.9","35.5","88.77174486030574","true","58.74200000000002","45.105999999999995","50","42.6","219","500","426","494","314","68","5","241","0","15700","3368","426","11796","110","246","12222","31.4","0","50","1000","1997","3.994","151","6.329615156392081","0","47","3.5595959595959594","10","700","314"
"4","BA","1000","2","0.1","50","0.1","0.5","1","platform","targeted","70","5","95","95","31.359743085669507","96.72645690674263","96.72645690674263","fixed","1","1","50","2946","4","50","23206926","v2.0-design-v1.0","61.199999999999996","21.2","40","89.3061224489796","true","60.88799999999999","48.074","50","38.800000000000004","212","500","388","448","314","60","11","239","4","15700","3282","393","11900","125","250","12293","31.4","0","50","1000","1997","3.994","64","4.784020364803099","0","37.1","3.6595959595959595","10","700","314"
"3","BA","1000","2","0.1","50","0.1","0.5","1","platform","targeted","70","5","95","95","31.359743085669507","96.72645690674263","96.72645690674263","fixed","1","1","50","2946","3","50","23206925","v2.0-design-v1.0","57.2","22.8","34.400000000000006","88.12534359538208","true","57.614","43.41400000000001","50","42.8","228","500","428","488","314","60","14","239","1","15700","3206","432","11949","113","253","12381","31.4","0","50","1000","1997","3.994","59","4.906530142375359","0","40.5","3.625252525252525","10","700","314"
"5","BA","1000","2","0.1","50","0.1","0.5","1","platform","targeted","70","5","95","95","31.359743085669507","96.72645690674263","96.72645690674263","fixed","1","1","50","2946","5","50","23206927","v2.0-design-v1.0","56.2","21.2","35","89.36813186813187","true","58.558000000000014","45.676000000000016","50","43.8","212","500","438","506","314","68","8","233","5","15700","3253","387","11953","107","241","12340","31.4","0","50","1000","1997","3.994","123","5.8593767839503546","0","47.5","3.5545454545454547","10","700","314"
"6","BA","1000","2","0.1","50","0.1","0.5","1","platform","targeted","70","5","95","95","31.359743085669507","96.72645690674263","96.72645690674263","fixed","1","1","50","2946","6","50","23206928","v2.0-design-v1.0","62.6","23.7","38.900000000000006","88.5304659498208","true","63.08000000000001","49.224000000000004","50","37.4","237","500","374","425","314","51","11","251","1","15700","3211","416","11976","97","262","12392","31.4","0","50","1000","1997","3.994","53","4.730363658360764","0","37.9","3.6515151515151514","10","700","314"
"7","BA","1000","2","0.1","50","0.1","0.5","1","platform","targeted","70","5","95","95","31.359743085669507","96.72645690674263","96.72645690674263","fixed","1","1","50","2946","7","50","23206929","v2.0-design-v1.0","61.5","24.4","37.1","88.13979086406164","true","61.94200000000001","46.376000000000005","50","38.5","244","500","385","446","314","61","7","243","3","15700","3203","431","11956","110","250","12387","31.4","0","50","1000","1997","3.994","101","5.606728047569214","0","47.1","3.5585858585858587","10","700","314"
"8","BA","1000","2","0.1","50","0.1","0.5","1","platform","targeted","70","5","95","95","31.359743085669507","96.72645690674263","96.72645690674263","fixed","1","1","50","2946","8","50","23206930","v2.0-design-v1.0","61.8","23.5","38.3","88.40413318025259","true","62.961999999999996","48.784000000000006","50","38.2","235","500","382","443","314","61","10","242","1","15700","3080","404","12122","94","252","12526","31.4","0","50","1000","1997","3.994","70","5.450107124421274","0","48.6","3.5434343434343436","10","700","314"
"9","BA","1000","2","0.1","50","0.1","0.5","1","platform","targeted","70","5","95","95","31.359743085669507","96.72645690674263","96.72645690674263","fixed","1","1","50","2946","9","50","23206931","v2.0-design-v1.0","53.9","22.5","31.4","89.01098901098901","true","55.58000000000002","42.35400000000001","50","46.1","225","500","461","522","314","61","19","232","2","15700","3240","400","11958","102","251","12358","31.4","0","50","1000","1997","3.994","55","4.744731444083677","0","39.9","3.6313131313131315","10","700","314"
"10","BA","1000","2","0.1","50","0.1","0.5","1","platform","targeted","70","5","95","95","31.359743085669507","96.72645690674263","96.72645690674263","fixed","1","1","50","2946","10","50","23206932","v2.0-design-v1.0","65.8","21.3","44.5","88.84534217666567","true","65.868","53.467999999999975","50","34.2","213","500","342","401","314","59","12","240","3","15700","2947","370","12287","96","252","12657","31.4","0","50","1000","1997","3.994","103","5.962509162719654","0","49.8","3.5313131313131314","10","700","314"
"11","BA","1000","2","0.1","50","0.1","0.5","1","platform","targeted","70","5","95","95","31.359743085669507","96.72645690674263","96.72645690674263","fixed","1","1","50","2946","11","50","23206933","v2.0-design-v1.0","55.9","21.9","34","90.2542372881356","true","57.08199999999999","43.97","50","44.1","219","500","441","508","314","67","6","239","2","15700","3408","368","11795","129","245","12163","31.4","0","50","1000","1997","3.994","72","5.0304343022515665","0","41.9","3.611111111111111","10","700","314"
"12","BA","1000","2","0.1","50","0.1","0.5","1","platform","targeted","70","5","95","95","31.359743085669507","96.72645690674263","96.72645690674263","fixed","1","1","50","2946","12","50","23206934","v2.0-design-v1.0","58.5","21.8","36.7","89.53397552720645","true","59.621999999999986","46.805999999999976","50","41.5","218","500","415","483","314","68","9","236","1","15700","3439","402","11737","122","245","12139","31.4","0","50","1000","1997","3.994","63","5.1150882815576155","0","43.3","3.596969696969697","10","700","314"
"14","BA","1000","2","0.1","50","0.1","0.5","1","platform","targeted","70","5","95","95","31.359743085669507","96.72645690674263","96.72645690674263","fixed","1","1","50","2946","14","50","23206936","v2.0-design-v1.0","59.5","24.099999999999998","35.400000000000006","88.54718981972428","true","60.32999999999999","45.836000000000006","50","40.5","241","500","405","476","314","71","14","228","1","15700","3340","432","11814","114","242","12246","31.4","0","50","1000","1997","3.994","64","5.068891166483806","0","42.2","3.608080808080808","10","700","314"
"13","BA","1000","2","0.1","50","0.1","0.5","1","platform","targeted","70","5","95","95","31.359743085669507","96.72645690674263","96.72645690674263","fixed","1","1","50","2946","13","50","23206935","v2.0-design-v1.0","58.800000000000004","22.900000000000002","35.900000000000006","88.16824966078698","true","60.102000000000004","45.696","50","41.199999999999996","229","500","412","470","314","58","13","241","2","15700","3249","436","11905","110","254","12341","31.4","0","50","1000","1997","3.994","101","5.422671792517896","0","43.4","3.595959595959596","10","700","314"
"16","BA","1000","2","0.1","50","0.1","0.5","1","platform","targeted","70","5","95","95","31.359743085669507","96.72645690674263","96.72645690674263","fixed","1","1","50","2946","16","50","23206938","v2.0-design-v1.0","58.900000000000006","22.6","36.300000000000004","89.02505446623094","true","60.184000000000005","47.036000000000016","50","41.099999999999994","226","500","411","486","314","75","9","229","1","15700","3269","403","11921","107","238","12324","31.4","0","50","1000","1997","3.994","81","5.337645028891894","0","44.9","3.580808080808081","10","700","314"
"15","BA","1000","2","0.1","50","0.1","0.5","1","platform","targeted","70","5","95","95","31.359743085669507","96.72645690674263","96.72645690674263","fixed","1","1","50","2946","15","50","23206937","v2.0-design-v1.0","57.300000000000004","22.8","34.5","89.66339782666314","true","59.653999999999996","46.014","50","42.699999999999996","228","500","427","484","314","57","9","243","5","15700","3383","390","11824","103","252","12214","31.4","0","50","1000","1997","3.994","57","4.659578916133473","0","36.9","3.6616161616161618","10","700","314"
"17","BA","1000","2","0.1","50","0.1","0.5","1","platform","targeted","70","5","95","95","31.359743085669507","96.72645690674263","96.72645690674263","fixed","1","1","50","2946","17","50","23206939","v2.0-design-v1.0","62.3","23.3","39","88.35978835978835","true","62.92600000000002","49.682000000000016","50","37.7","233","500","377","444","314","67","14","231","2","15700","3173","418","11997","112","245","12415","31.4","0","50","1000","1997","3.994","76","5.031429148788561","0","41.1","3.6191919191919193","10","700","314"
"19","BA","1000","2","0.1","50","0.1","0.5","1","platform","targeted","70","5","95","95","31.359743085669507","96.72645690674263","96.72645690674263","fixed","1","1","50","2946","19","50","23206941","v2.0-design-v1.0","60.699999999999996","22.3","38.39999999999999","89.20308483290489","true","61.216","48.280000000000015","50","39.300000000000004","223","500","393","452","314","59","9","245","1","15700","3123","378","12116","83","254","12494","31.4","0","50","1000","1997","3.994","79","5.66410152151654","0","47.7","3.5525252525252524","10","700","314"
"18","BA","1000","2","0.1","50","0.1","0.5","1","platform","targeted","70","5","95","95","31.359743085669507","96.72645690674263","96.72645690674263","fixed","1","1","50","2946","18","50","23206940","v2.0-design-v1.0","52.900000000000006","23.5","29.400000000000006","89.80073413738857","true","55.44999999999999","41.025999999999996","50","47.099999999999994","235","500","471","547","314","76","5","232","1","15700","3425","389","11775","111","237","12164","31.4","0","50","1000","1997","3.994","70","4.928311298229061","0","40.7","3.6232323232323234","10","700","314"
"20","BA","1000","2","0.1","50","0.1","0.5","1","platform","targeted","70","5","95","95","31.359743085669507","96.72645690674263","96.72645690674263","fixed","1","1","50","2946","20","50","23206942","v2.0-design-v1.0","63.2","22.7","40.5","88.63109048723898","true","63.61999999999998","50.018","50","36.8","227","500","368","430","314","62","4","246","2","15700","3056","392","12146","106","250","12538","31.4","0","50","1000","1997","3.994","80","5.123105524016669","0","40.5","3.625252525252525","10","700","314"
"21","BA","1000","2","0.1","50","0.1","0.5","1","platform","targeted","70","5","95","95","31.359743085669507","96.72645690674263","96.72645690674263","fixed","1","1","50","2946","21","50","23206943","v2.0-design-v1.0","59.1","22","37.1","88.61150070126227","true","60.66400000000001","48.034","50","40.9","220","500","409","466","314","57","14","242","1","15700","3159","406","12027","108","256","12433","31.4","0","50","1000","1997","3.994","92","5.12466840158718","0","42.5","3.605050505050505","10","700","314"
"22","BA","1000","2","0.1","50","0.1","0.5","1","platform","targeted","70","5","95","95","31.359743085669507","96.72645690674263","96.72645690674263","fixed","1","1","50","2946","22","50","23206944","v2.0-design-v1.0","55.6","22.6","33","89.39636752136752","true","56.81999999999999","44.07599999999998","50","44.4","226","500","444","508","314","64","13","237","0","15700","3347","397","11858","98","250","12255","31.4","0","50","1000","1997","3.994","90","5.444042762653645","0","45.6","3.573737373737374","10","700","314"
"23","BA","1000","2","0.1","50","0.1","0.5","1","platform","targeted","70","5","95","95","31.359743085669507","96.72645690674263","96.72645690674263","fixed","1","1","50","2946","23","50","23206945","v2.0-design-v1.0","58.1","24.099999999999998","34","88.46468502863377","true","60.247999999999976","45.49","50","41.9","241","500","419","488","314","69","10","234","1","15700","3244","423","11920","113","244","12343","31.4","0","50","1000","1997","3.994","83","5.222378503827264","0","43.5","3.594949494949495","10","700","314"
"24","BA","1000","2","0.1","50","0.1","0.5","1","platform","targeted","70","5","95","95","31.359743085669507","96.72645690674263","96.72645690674263","fixed","1","1","50","2946","24","50","23206946","v2.0-design-v1.0","62.3","23.1","39.199999999999996","89.32761087267525","true","63.314000000000014","49.32599999999999","50","37.7","231","500","377","436","314","59","5","250","0","15700","3122","373","12089","116","255","12462","31.4","0","50","1000","1997","3.994","107","5.854420401563108","0","47.2","3.5575757575757576","10","700","314"
"25","BA","1000","2","0.1","50","0.1","0.5","1","platform","targeted","70","5","95","95","31.359743085669507","96.72645690674263","96.72645690674263","fixed","1","1","50","2946","25","50","23206947","v2.0-design-v1.0","61.8","22.8","39","88.848518725545","true","62.29200000000001","48.864","50","38.2","228","500","382","435","314","53","11","248","2","15700","3179","399","12018","104","259","12417","31.4","0","50","1000","1997","3.994","65","5.104117555074132","0","41.6","3.614141414141414","10","700","314"
"26","BA","1000","2","0.1","50","0.1","0.5","1","platform","targeted","70","5","95","95","31.359743085669507","96.72645690674263","96.72645690674263","fixed","1","1","50","2946","26","50","23206948","v2.0-design-v1.0","56.5","23.400000000000002","33.099999999999994","88.49152998117773","true","58.942000000000014","45.2","50","43.5","234","500","435","495","314","60","10","241","3","15700","3291","428","11855","126","251","12283","31.4","0","50","1000","1997","3.994","68","4.915091262847721","0","40.3","3.6272727272727274","10","700","314"
"27","BA","1000","2","0.1","50","0.1","0.5","1","platform","targeted","70","5","95","95","31.359743085669507","96.72645690674263","96.72645690674263","fixed","1","1","50","2946","27","50","23206949","v2.0-design-v1.0","60","22.7","37.3","89.03472791905934","true","61.06799999999999","46.91000000000002","50","40","227","500","400","469","314","69","6","237","2","15700","3256","401","11921","122","243","12322","31.4","0","50","1000","1997","3.994","74","4.999295646084239","0","40.4","3.6262626262626263","10","700","314"
"28","BA","1000","2","0.1","50","0.1","0.5","1","platform","targeted","70","5","95","95","31.359743085669507","96.72645690674263","96.72645690674263","fixed","1","1","50","2946","28","50","23206950","v2.0-design-v1.0","61.3","22.3","39","88.48758465011286","true","61.416000000000004","47.83199999999999","50","38.7","223","500","387","444","314","57","12","244","1","15700","3136","408","12065","91","256","12473","31.4","0","50","1000","1997","3.994","49","4.566269244669515","0","36.4","3.6666666666666665","10","700","314"
"29","BA","1000","2","0.1","50","0.1","0.5","1","platform","targeted","70","5","95","95","31.359743085669507","96.72645690674263","96.72645690674263","fixed","1","1","50","2946","29","50","23206951","v2.0-design-v1.0","60.3","23.7","36.599999999999994","89.36688311688312","true","61.20400000000002","46.57800000000002","50","39.7","237","500","397","457","314","60","6","248","0","15700","3303","393","11902","102","254","12295","31.4","0","50","1000","1997","3.994","83","5.1858323205495935","0","41.7","3.613131313131313","10","700","314"
"30","BA","1000","2","0.1","50","0.1","0.5","1","platform","targeted","70","5","95","95","31.359743085669507","96.72645690674263","96.72645690674263","fixed","1","1","50","2946","30","50","23206952","v2.0-design-v1.0","62.5","24.4","38.1","87.83894823336072","true","61.84000000000001","46.686000000000014","50","37.5","244","500","375","427","314","52","6","255","1","15700","3207","444","11969","80","261","12413","31.4","0","50","1000","1997","3.994","88","5.509111935177416","0","47","3.5595959595959594","10","700","314"
"31","BA","1000","2","0.1","50","0.1","0.5","1","platform","targeted","70","5","95","95","36.84156441263846","94.08676894147666","94.08676894147666","fixed","1","1","50","2947","1","50","23207923","v2.0-design-v1.0","67.19999999999999","37.6","29.599999999999987","77.18600953895071","true","69.07600000000001","44.622","50","32.800000000000004","376","500","328","385","368","57","17","291","3","18400","2913","861","14461","165","308","15322","36.8","0","50","1000","1997","3.994","118","5.488541526497546","0","41.7","3.613131313131313","10","700","368"
"32","BA","1000","2","0.1","50","0.1","0.5","1","platform","targeted","70","5","95","95","36.84156441263846","94.08676894147666","94.08676894147666","fixed","1","1","50","2947","2","50","23207924","v2.0-design-v1.0","64.6","36.9","27.699999999999996","77.56986027944112","true","66.51399999999998","43.22200000000001","50","35.4","369","500","354","411","368","57","17","291","3","18400","3109","899","14200","192","308","15099","36.8","0","50","1000","1997","3.994","94","5.217776268602277","0","42.5","3.605050505050505","10","700","368"
"34","BA","1000","2","0.1","50","0.1","0.5","1","platform","targeted","70","5","95","95","36.84156441263846","94.08676894147666","94.08676894147666","fixed","1","1","50","2947","4","50","23207926","v2.0-design-v1.0","66.69999999999999","39.5","27.19999999999999","76.80282400403429","true","68.52400000000002","42.04799999999998","50","33.300000000000004","395","500","333","410","368","77","14","276","1","18400","3046","920","14240","194","290","15160","36.8","0","50","1000","1997","3.994","95","5.776272961809308","0","48.4","3.5454545454545454","10","700","368"
"33","BA","1000","2","0.1","50","0.1","0.5","1","platform","targeted","70","5","95","95","36.84156441263846","94.08676894147666","94.08676894147666","fixed","1","1","50","2947","3","50","23207925","v2.0-design-v1.0","65.6","38.4","27.199999999999996","77.61916900331379","true","67.60399999999998","42.267999999999994","50","34.4","384","500","344","393","368","49","13","301","5","18400","3045","878","14290","187","314","15168","36.8","0","50","1000","1997","3.994","87","4.8967276769228105","0","36.9","3.6616161616161618","10","700","368"
"36","BA","1000","2","0.1","50","0.1","0.5","1","platform","targeted","70","5","95","95","36.84156441263846","94.08676894147666","94.08676894147666","fixed","1","1","50","2947","6","50","23207928","v2.0-design-v1.0","66.3","38.9","27.4","77.03648175912043","true","67.714","43.224000000000004","50","33.7","389","500","337","405","368","68","14","284","2","18400","3083","919","14205","193","298","15124","36.8","0","50","1000","1997","3.994","99","5.5042038716112405","0","45.7","3.5727272727272728","10","700","368"
"35","BA","1000","2","0.1","50","0.1","0.5","1","platform","targeted","70","5","95","95","36.84156441263846","94.08676894147666","94.08676894147666","fixed","1","1","50","2947","5","50","23207927","v2.0-design-v1.0","66","39.4","26.6","77.0550576184379","true","67.712","42.09799999999999","50","34","394","500","340","395","368","55","19","289","5","18400","3009","896","14315","180","308","15211","36.8","0","50","1000","1997","3.994","90","5.412139618972807","0","44.4","3.585858585858586","10","700","368"
"37","BA","1000","2","0.1","50","0.1","0.5","1","platform","targeted","70","5","95","95","36.84156441263846","94.08676894147666","94.08676894147666","fixed","1","1","50","2947","7","50","23207929","v2.0-design-v1.0","66.19999999999999","38.5","27.69999999999999","77.59464331702291","true","67.292","42.168","50","33.800000000000004","385","500","338","391","368","53","19","289","7","18400","3013","870","14351","166","308","15221","36.8","0","50","1000","1997","3.994","95","5.12759751309092","0","41","3.6202020202020204","10","700","368"
"38","BA","1000","2","0.1","50","0.1","0.5","1","platform","targeted","70","5","95","95","36.84156441263846","94.08676894147666","94.08676894147666","fixed","1","1","50","2947","8","50","23207930","v2.0-design-v1.0","69","38.4","30.6","76.60538236077804","true","69.654","43.716000000000015","50","31","384","500","310","363","368","53","21","291","3","18400","2875","878","14483","164","312","15361","36.8","0","50","1000","1997","3.994","94","5.072641885220717","0","41.5","3.6151515151515152","10","700","368"
"39","BA","1000","2","0.1","50","0.1","0.5","1","platform","targeted","70","5","95","95","36.84156441263846","94.08676894147666","94.08676894147666","fixed","1","1","50","2947","9","50","23207931","v2.0-design-v1.0","66.4","35.5","30.900000000000006","78.01235839340886","true","67.744","44.09000000000001","50","33.6","355","500","336","399","368","63","19","280","6","18400","3030","854","14314","202","299","15168","36.8","0","50","1000","1997","3.994","61","4.678873353260994","0","36.7","3.6636363636363636","10","700","368"
"40","BA","1000","2","0.1","50","0.1","0.5","1","platform","targeted","70","5","95","95","36.84156441263846","94.08676894147666","94.08676894147666","fixed","1","1","50","2947","10","50","23207932","v2.0-design-v1.0","67.3","37","30.299999999999997","77.0277207392197","true","67.91800000000003","44.062000000000005","50","32.7","370","500","327","381","368","54","13","297","4","18400","3001","895","14321","183","310","15216","36.8","0","50","1000","1997","3.994","89","5.641967369260095","0","48.2","3.5474747474747477","10","700","368"
"41","BA","1000","2","0.1","50","0.1","0.5","1","platform","targeted","70","5","95","95","36.84156441263846","94.08676894147666","94.08676894147666","fixed","1","1","50","2947","11","50","23207933","v2.0-design-v1.0","66","39","27","76.85971685971687","true","67.05000000000001","41.15599999999999","50","34","390","500","340","396","368","56","15","295","2","18400","2986","899","14314","201","310","15213","36.8","0","50","1000","1997","3.994","88","5.5886668533020565","0","49","3.5393939393939395","10","700","368"
"42","BA","1000","2","0.1","50","0.1","0.5","1","platform","targeted","70","5","95","95","36.84156441263846","94.08676894147666","94.08676894147666","fixed","1","1","50","2947","12","50","23207934","v2.0-design-v1.0","64.80000000000001","37.5","27.30000000000001","77.7666999002991","true","66.08199999999998","41.446000000000005","50","35.199999999999996","375","500","352","413","368","61","24","279","4","18400","3120","892","14205","183","303","15097","36.8","0","50","1000","1997","3.994","73","5.176558775939926","0","44.7","3.5828282828282827","10","700","368"
"43","BA","1000","2","0.1","50","0.1","0.5","1","platform","targeted","70","5","95","95","36.84156441263846","94.08676894147666","94.08676894147666","fixed","1","1","50","2947","13","50","23207935","v2.0-design-v1.0","68","39.5","28.5","76.44501278772378","true","68.84799999999997","43.44200000000001","50","32","395","500","320","387","368","67","23","273","5","18400","2989","921","14296","194","296","15217","36.8","0","50","1000","1997","3.994","74","5.324313318383152","0","47.3","3.5565656565656565","10","700","368"
"44","BA","1000","2","0.1","50","0.1","0.5","1","platform","targeted","70","5","95","95","36.84156441263846","94.08676894147666","94.08676894147666","fixed","1","1","50","2947","14","50","23207936","v2.0-design-v1.0","66","39.4","26.6","76.14792752544055","true","67.19","41.282","50","34","394","500","340","391","368","51","21","292","4","18400","3068","961","14192","179","313","15153","36.8","0","50","1000","1997","3.994","63","5.107842406932103","0","42.1","3.609090909090909","10","700","368"
"45","BA","1000","2","0.1","50","0.1","0.5","1","platform","targeted","70","5","95","95","36.84156441263846","94.08676894147666","94.08676894147666","fixed","1","1","50","2947","15","50","23207937","v2.0-design-v1.0","65.4","38.5","26.900000000000006","77.35105859182669","true","67.222","42.06399999999999","50","34.599999999999994","385","500","346","402","368","56","16","295","1","18400","3142","920","14130","208","311","15050","36.8","0","50","1000","1997","3.994","82","4.972593959966027","0","39","3.6404040404040403","10","700","368"
"46","BA","1000","2","0.1","50","0.1","0.5","1","platform","targeted","70","5","95","95","36.84156441263846","94.08676894147666","94.08676894147666","fixed","1","1","50","2947","16","50","23207938","v2.0-design-v1.0","64.7","38.5","26.200000000000003","76.7924056957282","true","66.43399999999998","40.210000000000015","50","35.3","385","500","353","407","368","54","22","288","4","18400","3074","929","14208","189","310","15137","36.8","0","50","1000","1997","3.994","98","5.961837594861819","0","50.2","3.5272727272727273","10","700","368"
"48","BA","1000","2","0.1","50","0.1","0.5","1","platform","targeted","70","5","95","95","36.84156441263846","94.08676894147666","94.08676894147666","fixed","1","1","50","2947","18","50","23207940","v2.0-design-v1.0","67.5","37.8","29.700000000000003","75.97200622083982","true","68.482","43.22800000000001","50","32.5","378","500","325","392","368","67","23","274","4","18400","2931","927","14344","198","297","15271","36.8","0","50","1000","1997","3.994","132","6.0071665575419475","0","47.8","3.5515151515151517","10","700","368"
"47","BA","1000","2","0.1","50","0.1","0.5","1","platform","targeted","70","5","95","95","36.84156441263846","94.08676894147666","94.08676894147666","fixed","1","1","50","2947","17","50","23207939","v2.0-design-v1.0","66","39.300000000000004","26.699999999999996","77.46268656716417","true","67.33399999999997","42.21200000000001","50","34","393","500","340","387","368","47","15","302","4","18400","3114","906","14169","211","317","15075","36.8","0","50","1000","1997","3.994","80","5.272168411551329","0","44","3.5898989898989897","10","700","368"
"49","BA","1000","2","0.1","50","0.1","0.5","1","platform","targeted","70","5","95","95","36.84156441263846","94.08676894147666","94.08676894147666","fixed","1","1","50","2947","19","50","23207941","v2.0-design-v1.0","64.2","39.2","25","77.15748415407118","true","65.064","39.154","50","35.8","392","500","358","422","368","64","14","287","3","18400","3165","937","14110","188","301","15047","36.8","0","50","1000","1997","3.994","94","5.6364646484949805","0","47.9","3.5505050505050506","10","700","368"
"51","BA","1000","2","0.1","50","0.1","0.5","1","platform","targeted","70","5","95","95","36.84156441263846","94.08676894147666","94.08676894147666","fixed","1","1","50","2947","21","50","23207943","v2.0-design-v1.0","68.3","39.4","28.9","75.53901437371663","true","69.384","42.784","50","31.7","394","500","317","386","368","69","15","284","0","18400","2943","953","14324","180","299","15277","36.8","0","50","1000","1997","3.994","84","5.129159021932561","0","40.3","3.6272727272727274","10","700","368"
"50","BA","1000","2","0.1","50","0.1","0.5","1","platform","targeted","70","5","95","95","36.84156441263846","94.08676894147666","94.08676894147666","fixed","1","1","50","2947","20","50","23207942","v2.0-design-v1.0","65.5","38.3","27.200000000000003","77.27498756837394","true","66.21799999999999","41.391999999999996","50","34.5","383","500","345","403","368","58","23","285","2","18400","3108","914","14164","214","308","15078","36.8","0","50","1000","1997","3.994","71","5.446248766410283","0","46.8","3.5616161616161617","10","700","368"
"52","BA","1000","2","0.1","50","0.1","0.5","1","platform","targeted","70","5","95","95","36.84156441263846","94.08676894147666","94.08676894147666","fixed","1","1","50","2947","22","50","23207944","v2.0-design-v1.0","65.30000000000001","38.9","26.400000000000013","77.03189300411523","true","66.99000000000002","41.64","50","34.699999999999996","389","500","347","387","368","40","19","303","6","18400","2995","893","14329","183","322","15222","36.8","0","50","1000","1997","3.994","77","5.31565802325734","0","45.3","3.576767676767677","10","700","368"
"53","BA","1000","2","0.1","50","0.1","0.5","1","platform","targeted","70","5","95","95","36.84156441263846","94.08676894147666","94.08676894147666","fixed","1","1","50","2947","23","50","23207945","v2.0-design-v1.0","66.69999999999999","38.3","28.39999999999999","77.26224045116636","true","67.684","42.05799999999999","50","33.300000000000004","383","500","333","387","368","54","11","300","3","18400","3014","887","14290","209","311","15177","36.8","0","50","1000","1997","3.994","86","5.312267329886936","0","44.1","3.588888888888889","10","700","368"
"55","BA","1000","2","0.1","50","0.1","0.5","1","platform","targeted","70","5","95","95","36.84156441263846","94.08676894147666","94.08676894147666","fixed","1","1","50","2947","25","50","23207947","v2.0-design-v1.0","65","38.2","26.799999999999997","77.859497844281","true","66.914","42.11800000000001","50","35","382","500","350","416","368","66","17","283","2","18400","3070","873","14262","195","300","15135","36.8","0","50","1000","1997","3.994","98","5.3229971161271745","0","43.4","3.595959595959596","10","700","368"
"56","BA","1000","2","0.1","50","0.1","0.5","1","platform","targeted","70","5","95","95","36.84156441263846","94.08676894147666","94.08676894147666","fixed","1","1","50","2947","26","50","23207948","v2.0-design-v1.0","66.1","37.9","28.199999999999996","76.89001264222503","true","67.87599999999999","43.323999999999984","50","33.900000000000006","379","500","339","386","368","47","23","294","4","18400","3041","914","14259","186","317","15173","36.8","0","50","1000","1997","3.994","82","5.244565708375609","0","42.2","3.608080808080808","10","700","368"
"54","BA","1000","2","0.1","50","0.1","0.5","1","platform","targeted","70","5","95","95","36.84156441263846","94.08676894147666","94.08676894147666","fixed","1","1","50","2947","24","50","23207946","v2.0-design-v1.0","68.9","39.6","29.300000000000004","76.19171659286272","true","69.14600000000002","43.93199999999999","50","31.1","396","500","311","360","368","49","25","290","4","18400","2925","914","14376","185","315","15290","36.8","0","50","1000","1997","3.994","52","4.623996685265382","0","37.6","3.6545454545454548","10","700","368"
"57","BA","1000","2","0.1","50","0.1","0.5","1","platform","targeted","70","5","95","95","36.84156441263846","94.08676894147666","94.08676894147666","fixed","1","1","50","2947","27","50","23207949","v2.0-design-v1.0","65.2","38.6","26.6","77.21327967806842","true","65.91599999999998","40.289999999999985","50","34.8","386","500","348","414","368","66","17","282","3","18400","3070","906","14232","192","299","15138","36.8","0","50","1000","1997","3.994","118","5.8227027974874295","0","45.4","3.5757575757575757","10","700","368"
"58","BA","1000","2","0.1","50","0.1","0.5","1","platform","targeted","70","5","95","95","36.84156441263846","94.08676894147666","94.08676894147666","fixed","1","1","50","2947","28","50","23207950","v2.0-design-v1.0","65.69999999999999","37.7","27.999999999999986","77.63257099773813","true","66.908","42.05200000000001","50","34.300000000000004","377","500","343","383","368","40","15","306","7","18400","3089","890","14201","220","321","15091","36.8","0","50","1000","1997","3.994","54","4.8856763947107416","0","41.5","3.6151515151515152","10","700","368"
"59","BA","1000","2","0.1","50","0.1","0.5","1","platform","targeted","70","5","95","95","36.84156441263846","94.08676894147666","94.08676894147666","fixed","1","1","50","2947","29","50","23207951","v2.0-design-v1.0","67","39.2","27.799999999999997","77.03554323166121","true","67.74000000000001","41.587999999999994","50","33","392","500","330","383","368","53","26","285","4","18400","3056","911","14254","179","311","15165","36.8","0","50","1000","1997","3.994","114","5.38562614456006","0","41.4","3.6161616161616164","10","700","368"
"60","BA","1000","2","0.1","50","0.1","0.5","1","platform","targeted","70","5","95","95","36.84156441263846","94.08676894147666","94.08676894147666","fixed","1","1","50","2947","30","50","23207952","v2.0-design-v1.0","68.1","39.300000000000004","28.79999999999999","76.17328519855594","true","68.716","43.13199999999999","50","31.900000000000002","393","500","319","374","368","55","18","295","0","18400","2954","924","14342","180","313","15266","36.8","0","50","1000","1997","3.994","105","5.948222032283737","0","51.2","3.5171717171717174","10","700","368"
"61","BA","1000","2","0.1","50","0.1","0.5","1","platform","targeted","70","5","95","95","76.36199840836112","67.62507336576047","67.62507336576047","fixed","1","1","50","2948","1","50","23208923","v2.0-design-v1.0","100","100","0","7.3078700138610815","true","98.25200000000001","8.034","50","0","1000","500","0","0","764","0","267","497","0","38200","949","12037","24815","399","764","36852","76.4","0","50","1000","1997","3.994","69","5.098427008201438","0","44.6","3.583838383838384","10","700","764"
"62","BA","1000","2","0.1","50","0.1","0.5","1","platform","targeted","70","5","95","95","76.36199840836112","67.62507336576047","67.62507336576047","fixed","1","1","50","2948","2","50","23208924","v2.0-design-v1.0","100","100","0","7.1301109473194195","true","98.296","8.021999999999997","50","0","1000","500","0","0","764","0","245","519","0","38200","919","11970","24901","410","764","36871","76.4","0","50","1000","1997","3.994","100","5.663924791524334","0","48","3.5494949494949495","10","700","764"
"64","BA","1000","2","0.1","50","0.1","0.5","1","platform","targeted","70","5","95","95","76.36199840836112","67.62507336576047","67.62507336576047","fixed","1","1","50","2948","4","50","23208926","v2.0-design-v1.0","100","100","0","7.47430706944877","true","98.15799999999999","8.326","50","0","1000","500","0","0","764","0","268","496","0","38200","960","11884","24884","472","764","36768","76.4","0","50","1000","1997","3.994","75","5.327508455774261","0","45.1","3.5787878787878786","10","700","764"
"63","BA","1000","2","0.1","50","0.1","0.5","1","platform","targeted","70","5","95","95","76.36199840836112","67.62507336576047","67.62507336576047","fixed","1","1","50","2948","3","50","23208925","v2.0-design-v1.0","100","100","0","6.927356790220202","true","98.15600000000002","8.402000000000001","50","0","1000","500","0","0","764","0","273","491","0","38200","884","11877","24989","450","764","36866","76.4","0","50","1000","1997","3.994","91","5.267609677236118","0","43.1","3.598989898989899","10","700","764"
"65","BA","1000","2","0.1","50","0.1","0.5","1","platform","targeted","70","5","95","95","76.36199840836112","67.62507336576047","67.62507336576047","fixed","1","1","50","2948","5","50","23208927","v2.0-design-v1.0","100","100","0","8.662079510703363","true","97.84200000000001","8.360000000000003","50","0","1000","500","0","0","764","0","251","513","0","38200","1133","11947","24563","557","764","36510","76.4","0","50","1000","1997","3.994","73","5.148054629320319","0","43.6","3.5939393939393938","10","700","764"
"66","BA","1000","2","0.1","50","0.1","0.5","1","platform","targeted","70","5","95","95","76.36199840836112","67.62507336576047","67.62507336576047","fixed","1","1","50","2948","6","50","23208928","v2.0-design-v1.0","100","100","0","7.121057985757884","true","98.21","7.712000000000001","50","0","1000","500","0","0","764","0","248","516","0","38200","910","11869","24995","426","764","36864","76.4","0","50","1000","1997","3.994","68","4.88075668168223","0","40.1","3.6292929292929292","10","700","764"
"68","BA","1000","2","0.1","50","0.1","0.5","1","platform","targeted","70","5","95","95","76.36199840836112","67.62507336576047","67.62507336576047","fixed","1","1","50","2948","8","50","23208930","v2.0-design-v1.0","100","100","0","6.68398677373642","true","98.186","8.413999999999996","50","0","1000","500","0","0","764","0","246","518","0","38200","849","11853","25057","441","764","36910","76.4","0","50","1000","1997","3.994","97","5.655966226380232","0","46.9","3.5606060606060606","10","700","764"
"69","BA","1000","2","0.1","50","0.1","0.5","1","platform","targeted","70","5","95","95","76.36199840836112","67.62507336576047","67.62507336576047","fixed","1","1","50","2948","9","50","23208931","v2.0-design-v1.0","100","100","0","7.1854408534672105","true","98.15","8.432000000000007","50","0","1000","500","0","0","764","0","242","522","0","38200","916","11832","24998","454","764","36830","76.4","0","50","1000","1997","3.994","68","5.053662385191894","0","39.8","3.632323232323232","10","700","764"
"67","BA","1000","2","0.1","50","0.1","0.5","1","platform","targeted","70","5","95","95","76.36199840836112","67.62507336576047","67.62507336576047","fixed","1","1","50","2948","7","50","23208929","v2.0-design-v1.0","100","100","0","6.929621036349574","true","98.292","8.080000000000002","50","0","1000","500","0","0","764","0","251","513","0","38200","896","12034","24874","396","764","36908","76.4","0","50","1000","1997","3.994","89","5.0447411641642566","0","39.2","3.6383838383838385","10","700","764"
"70","BA","1000","2","0.1","50","0.1","0.5","1","platform","targeted","70","5","95","95","76.36199840836112","67.62507336576047","67.62507336576047","fixed","1","1","50","2948","10","50","23208932","v2.0-design-v1.0","100","100","0","7.41550230270861","true","98.066","8.017999999999997","50","0","1000","500","0","0","764","0","247","517","0","38200","950","11861","24880","509","764","36741","76.4","0","50","1000","1997","3.994","73","5.232910026681832","0","43.4","3.595959595959596","10","700","764"
"71","BA","1000","2","0.1","50","0.1","0.5","1","platform","targeted","70","5","95","95","76.36199840836112","67.62507336576047","67.62507336576047","fixed","1","1","50","2948","11","50","23208933","v2.0-design-v1.0","100","100","0","7.050483016516049","true","98.14200000000001","8.261999999999999","50","0","1000","500","0","0","764","0","242","522","0","38200","905","11931","24903","461","764","36834","76.4","0","50","1000","1997","3.994","64","4.828175149606233","0","39.8","3.632323232323232","10","700","764"
"72","BA","1000","2","0.1","50","0.1","0.5","1","platform","targeted","70","5","95","95","76.36199840836112","67.62507336576047","67.62507336576047","fixed","1","1","50","2948","12","50","23208934","v2.0-design-v1.0","100","100","0","7.357990012484395","true","98.204","8.529999999999998","50","0","1000","500","0","0","764","0","246","518","0","38200","943","11873","24953","431","764","36826","76.4","0","50","1000","1997","3.994","69","5.260003006808221","0","46.1","3.5686868686868687","10","700","764"
"73","BA","1000","2","0.1","50","0.1","0.5","1","platform","targeted","70","5","95","95","76.36199840836112","67.62507336576047","67.62507336576047","fixed","1","1","50","2948","13","50","23208935","v2.0-design-v1.0","100","100","0","6.679904686258936","true","98.398","8.562000000000003","50","0","1000","500","0","0","764","0","240","524","0","38200","841","11749","25207","403","764","36956","76.4","0","50","1000","1997","3.994","71","4.812184651602746","0","39.3","3.6373737373737374","10","700","764"
"74","BA","1000","2","0.1","50","0.1","0.5","1","platform","targeted","70","5","95","95","76.36199840836112","67.62507336576047","67.62507336576047","fixed","1","1","50","2948","14","50","23208936","v2.0-design-v1.0","100","100","0","6.302521008403361","true","98.368","8.534","50","0","1000","500","0","0","764","0","249","515","0","38200","810","12042","24993","355","764","37035","76.4","0","50","1000","1997","3.994","145","6.227900990763341","0","46.9","3.5606060606060606","10","700","764"
"75","BA","1000","2","0.1","50","0.1","0.5","1","platform","targeted","70","5","95","95","76.36199840836112","67.62507336576047","67.62507336576047","fixed","1","1","50","2948","15","50","23208937","v2.0-design-v1.0","100","100","0","7.301980198019802","true","98.1","7.9440000000000035","50","0","1000","500","0","0","764","0","249","515","0","38200","944","11984","24800","472","764","36784","76.4","0","50","1000","1997","3.994","85","5.10195981893173","0","42.2","3.608080808080808","10","700","764"
"77","BA","1000","2","0.1","50","0.1","0.5","1","platform","targeted","70","5","95","95","76.36199840836112","67.62507336576047","67.62507336576047","fixed","1","1","50","2948","17","50","23208939","v2.0-design-v1.0","100","100","0","7.771616027493557","true","98.02799999999999","8.07400000000001","50","0","1000","500","0","0","764","0","235","529","0","38200","995","11808","24905","492","764","36713","76.4","0","50","1000","1997","3.994","104","5.5858003155470115","0","45.8","3.5717171717171716","10","700","764"
"76","BA","1000","2","0.1","50","0.1","0.5","1","platform","targeted","70","5","95","95","76.36199840836112","67.62507336576047","67.62507336576047","fixed","1","1","50","2948","16","50","23208938","v2.0-design-v1.0","100","100","0","7.495951260893036","true","97.992","7.818000000000001","50","0","1000","500","0","0","764","0","243","521","0","38200","972","11995","24755","478","764","36750","76.4","0","50","1000","1997","3.994","70","4.958482686321543","0","41","3.6202020202020204","10","700","764"
"79","BA","1000","2","0.1","50","0.1","0.5","1","platform","targeted","70","5","95","95","76.36199840836112","67.62507336576047","67.62507336576047","fixed","1","1","50","2948","19","50","23208941","v2.0-design-v1.0","100","100","0","6.366749688667498","true","98.396","8.252000000000002","50","0","1000","500","0","0","764","0","261","503","0","38200","818","12030","24968","384","764","36998","76.4","0","50","1000","1997","3.994","75","4.936429107394561","0","40.8","3.6222222222222222","10","700","764"
"78","BA","1000","2","0.1","50","0.1","0.5","1","platform","targeted","70","5","95","95","76.36199840836112","67.62507336576047","67.62507336576047","fixed","1","1","50","2948","18","50","23208940","v2.0-design-v1.0","100","100","0","7.260648690894881","true","98.27400000000002","8.084000000000001","50","0","1000","500","0","0","764","0","240","524","0","38200","929","11866","25000","405","764","36866","76.4","0","50","1000","1997","3.994","65","4.791755933363553","0","38.8","3.6424242424242426","10","700","764"
"80","BA","1000","2","0.1","50","0.1","0.5","1","platform","targeted","70","5","95","95","76.36199840836112","67.62507336576047","67.62507336576047","fixed","1","1","50","2948","20","50","23208942","v2.0-design-v1.0","100","100","0","7.581227436823104","true","98.242","7.886000000000006","50","0","1000","500","0","0","764","0","258","506","0","38200","966","11776","25026","432","764","36802","76.4","0","50","1000","1997","3.994","70","5.086830038426658","0","42","3.61010101010101","10","700","764"
"81","BA","1000","2","0.1","50","0.1","0.5","1","platform","targeted","70","5","95","95","76.36199840836112","67.62507336576047","67.62507336576047","fixed","1","1","50","2948","21","50","23208943","v2.0-design-v1.0","100","100","0","8.366625691456669","true","97.73400000000001","8.014000000000008","50","0","1000","500","0","0","764","0","229","535","0","38200","1089","11927","24623","561","764","36550","76.4","0","50","1000","1997","3.994","73","5.157185333159982","0","44.6","3.583838383838384","10","700","764"
"83","BA","1000","2","0.1","50","0.1","0.5","1","platform","targeted","70","5","95","95","76.36199840836112","67.62507336576047","67.62507336576047","fixed","1","1","50","2948","23","50","23208945","v2.0-design-v1.0","100","100","0","7.1706936866718625","true","98.01599999999999","8.264000000000001","50","0","1000","500","0","0","764","0","259","505","0","38200","920","11910","24895","475","764","36805","76.4","0","50","1000","1997","3.994","112","5.771938953183689","0","46.1","3.5686868686868687","10","700","764"
"82","BA","1000","2","0.1","50","0.1","0.5","1","platform","targeted","70","5","95","95","76.36199840836112","67.62507336576047","67.62507336576047","fixed","1","1","50","2948","22","50","23208944","v2.0-design-v1.0","100","100","0","7.104892918555573","true","97.988","8.054000000000006","50","0","1000","500","0","0","764","0","248","516","0","38200","909","11885","24944","462","764","36829","76.4","0","50","1000","1997","3.994","98","5.270459348267628","0","41.6","3.614141414141414","10","700","764"
"84","BA","1000","2","0.1","50","0.1","0.5","1","platform","targeted","70","5","95","95","76.36199840836112","67.62507336576047","67.62507336576047","fixed","1","1","50","2948","24","50","23208946","v2.0-design-v1.0","100","100","0","6.567649106521236","true","98.36","8.058000000000007","50","0","1000","500","0","0","764","0","254","510","0","38200","849","12078","24872","401","764","36950","76.4","0","50","1000","1997","3.994","70","5.06968102208271","0","41.1","3.6191919191919193","10","700","764"
"85","BA","1000","2","0.1","50","0.1","0.5","1","platform","targeted","70","5","95","95","76.36199840836112","67.62507336576047","67.62507336576047","fixed","1","1","50","2948","25","50","23208947","v2.0-design-v1.0","100","100","0","7.202667080167467","true","98.264","8.198000000000006","50","0","1000","500","0","0","764","0","249","515","0","38200","929","11969","24877","425","764","36846","76.4","0","50","1000","1997","3.994","71","5.454146286240554","0","48","3.5494949494949495","10","700","764"
"87","BA","1000","2","0.1","50","0.1","0.5","1","platform","targeted","70","5","95","95","76.36199840836112","67.62507336576047","67.62507336576047","fixed","1","1","50","2948","27","50","23208949","v2.0-design-v1.0","100","100","0","7.310462324788973","true","98.182","8.100000000000001","50","0","1000","500","0","0","764","0","243","521","0","38200","944","11969","24827","460","764","36796","76.4","0","50","1000","1997","3.994","74","5.433183549585216","0","46.4","3.5656565656565657","10","700","764"
"86","BA","1000","2","0.1","50","0.1","0.5","1","platform","targeted","70","5","95","95","76.36199840836112","67.62507336576047","67.62507336576047","fixed","1","1","50","2948","26","50","23208948","v2.0-design-v1.0","100","100","0","7.3769218822798575","true","98.056","8.222000000000001","50","0","1000","500","0","0","764","0","250","514","0","38200","950","11928","24887","435","764","36815","76.4","0","50","1000","1997","3.994","94","5.4801456181378905","0","44.5","3.584848484848485","10","700","764"
"89","BA","1000","2","0.1","50","0.1","0.5","1","platform","targeted","70","5","95","95","76.36199840836112","67.62507336576047","67.62507336576047","fixed","1","1","50","2948","29","50","23208951","v2.0-design-v1.0","100","100","0","6.856031128404669","true","98.272","7.903999999999999","50","0","1000","500","0","0","764","0","242","522","0","38200","881","11969","24936","414","764","36905","76.4","0","50","1000","1997","3.994","89","5.18563929085458","0","43","3.6","10","700","764"
"88","BA","1000","2","0.1","50","0.1","0.5","1","platform","targeted","70","5","95","95","76.36199840836112","67.62507336576047","67.62507336576047","fixed","1","1","50","2948","28","50","23208950","v2.0-design-v1.0","100","100","0","6.640502354788069","true","98.21600000000001","8.447999999999997","50","0","1000","500","0","0","764","0","254","510","0","38200","846","11894","25032","428","764","36926","76.4","0","50","1000","1997","3.994","72","4.764521451800227","0","38.1","3.6494949494949496","10","700","764"
"90","BA","1000","2","0.1","50","0.1","0.5","1","platform","targeted","70","5","95","95","76.36199840836112","67.62507336576047","67.62507336576047","fixed","1","1","50","2948","30","50","23208952","v2.0-design-v1.0","100","100","0","7.0852713178294575","true","98.05","8.374","50","0","1000","500","0","0","764","0","229","535","0","38200","914","11986","24808","492","764","36794","76.4","0","50","1000","1997","3.994","61","4.85113363014228","0","40.9","3.621212121212121","10","700","764"
"91","BA","1000","2","0.1","50","0.1","0.5","1","platform","targeted","70","5","95","95","15.663133530158849","89.883896322234","89.883896322234","fixed","1","1","50","2949","1","50","23209923","v2.0-design-v1.0","24.799999999999997","14.399999999999999","10.399999999999999","88.67251782775645","true","32.72","22.607999999999997","50","75.2","144","500","752","819","157","67","7","75","8","7850","3233","413","3863","341","82","4276","15.7","0","50","1000","1997","3.994","75","5.160677920253937","0","42.2","3.608080808080808","10","700","157"
"92","BA","1000","2","0.1","50","0.1","0.5","1","platform","targeted","70","5","95","95","15.663133530158849","89.883896322234","89.883896322234","fixed","1","1","50","2949","2","50","23209924","v2.0-design-v1.0","22.299999999999997","13.900000000000002","8.399999999999995","87.47954173486089","true","29.956000000000014","19.904","50","77.7","139","500","777","828","157","51","13","81","12","7850","3207","459","3817","367","94","4276","15.7","0","50","1000","1997","3.994","113","5.391384889898973","0","42.6","3.604040404040404","10","700","157"
"93","BA","1000","2","0.1","50","0.1","0.5","1","platform","targeted","70","5","95","95","15.663133530158849","89.883896322234","89.883896322234","fixed","1","1","50","2949","3","50","23209925","v2.0-design-v1.0","21.200000000000003","14.899999999999999","6.300000000000004","88.96103896103897","true","28.80599999999999","17.834000000000007","50","78.8","149","500","788","866","157","78","5","65","9","7850","3425","425","3596","404","70","4021","15.7","0","50","1000","1997","3.994","71","5.161065839591714","0","43.6","3.5939393939393938","10","700","157"
"94","BA","1000","2","0.1","50","0.1","0.5","1","platform","targeted","70","5","95","95","15.663133530158849","89.883896322234","89.883896322234","fixed","1","1","50","2949","4","50","23209926","v2.0-design-v1.0","24.799999999999997","14.099999999999998","10.7","89.07363420427554","true","32.218","22.136000000000003","50","75.2","141","500","752","822","157","70","7","72","8","7850","3375","414","3701","360","79","4115","15.7","0","50","1000","1997","3.994","63","4.872340680176588","0","40.4","3.6262626262626263","10","700","157"
"95","BA","1000","2","0.1","50","0.1","0.5","1","platform","targeted","70","5","95","95","15.663133530158849","89.883896322234","89.883896322234","fixed","1","1","50","2949","5","50","23209927","v2.0-design-v1.0","21.89999999999999","14.7","7.199999999999992","88.71564482029598","true","29.686","19.30200000000001","50","78.10000000000001","147","500","781","848","157","67","7","76","7","7850","3357","427","3697","369","83","4124","15.7","0","50","1000","1997","3.994","64","4.730575265476948","0","38.6","3.6444444444444444","10","700","157"
"96","BA","1000","2","0.1","50","0.1","0.5","1","platform","targeted","70","5","95","95","15.663133530158849","89.883896322234","89.883896322234","fixed","1","1","50","2949","6","50","23209928","v2.0-design-v1.0","22.700000000000003","13.3","9.400000000000002","88.07027486540096","true","29.530000000000005","20.189999999999994","50","77.3","133","500","773","846","157","73","3","79","2","7850","3108","421","3959","362","82","4380","15.7","0","50","1000","1997","3.994","76","5.535938096710483","0","48.3","3.5464646464646465","10","700","157"
"97","BA","1000","2","0.1","50","0.1","0.5","1","platform","targeted","70","5","95","95","15.663133530158849","89.883896322234","89.883896322234","fixed","1","1","50","2949","7","50","23209929","v2.0-design-v1.0","25.200000000000003","15.7","9.500000000000004","88.11610076670317","true","33.402","22.340000000000003","50","74.8","157","500","748","823","157","75","8","69","5","7850","3218","434","3817","381","77","4251","15.7","0","50","1000","1997","3.994","85","5.223720058660416","0","41","3.6202020202020204","10","700","157"
"98","BA","1000","2","0.1","50","0.1","0.5","1","platform","targeted","70","5","95","95","15.663133530158849","89.883896322234","89.883896322234","fixed","1","1","50","2949","8","50","23209930","v2.0-design-v1.0","22.299999999999997","14.899999999999999","7.399999999999999","87.65763348537698","true","30.433999999999983","19.637999999999998","50","77.7","149","500","777","846","157","69","10","66","12","7850","3267","460","3756","367","76","4216","15.7","0","50","1000","1997","3.994","85","5.400104177247424","0","47.1","3.5585858585858587","10","700","157"
"99","BA","1000","2","0.1","50","0.1","0.5","1","platform","targeted","70","5","95","95","15.663133530158849","89.883896322234","89.883896322234","fixed","1","1","50","2949","9","50","23209931","v2.0-design-v1.0","24.099999999999994","15","9.099999999999994","88.70659010117583","true","32.761999999999986","22.315999999999995","50","75.9","150","500","759","831","157","72","5","74","6","7850","3244","413","3809","384","79","4222","15.7","0","50","1000","1997","3.994","87","5.477770529145033","0","43.9","3.590909090909091","10","700","157"
"100","BA","1000","2","0.1","50","0.1","0.5","1","platform","targeted","70","5","95","95","15.663133530158849","89.883896322234","89.883896322234","fixed","1","1","50","2949","10","50","23209932","v2.0-design-v1.0","24.299999999999997","15.5","8.799999999999997","88.44420885237211","true","31.588000000000008","20.88","50","75.7","155","500","757","829","157","72","8","73","4","7850","3337","436","3744","333","81","4180","15.7","0","50","1000","1997","3.994","128","5.798757590173051","0","45.3","3.576767676767677","10","700","157"
"101","BA","1000","2","0.1","50","0.1","0.5","1","platform","targeted","70","5","95","95","15.663133530158849","89.883896322234","89.883896322234","fixed","1","1","50","2949","11","50","23209933","v2.0-design-v1.0","23.5","14.7","8.8","89.22345483359746","true","31.046","20.851999999999997","50","76.5","147","500","765","842","157","77","9","62","9","7850","3378","408","3673","391","71","4081","15.7","0","50","1000","1997","3.994","51","4.7063907736304715","0","37.4","3.6565656565656566","10","700","157"
"102","BA","1000","2","0.1","50","0.1","0.5","1","platform","targeted","70","5","95","95","15.663133530158849","89.883896322234","89.883896322234","fixed","1","1","50","2949","12","50","23209934","v2.0-design-v1.0","23.5","14.799999999999999","8.700000000000001","87.92218319373143","true","30.88799999999999","19.88","50","76.5","148","500","765","838","157","73","9","71","4","7850","3254","447","3770","379","80","4217","15.7","0","50","1000","1997","3.994","91","5.52109105580105","0","47","3.5595959595959594","10","700","157"
"103","BA","1000","2","0.1","50","0.1","0.5","1","platform","targeted","70","5","95","95","15.663133530158849","89.883896322234","89.883896322234","fixed","1","1","50","2949","13","50","23209935","v2.0-design-v1.0","24.599999999999994","15.2","9.399999999999995","88.82418191902384","true","32.412","22.182000000000002","50","75.4","152","500","754","810","157","56","10","78","13","7850","3203","403","3868","376","88","4271","15.7","0","50","1000","1997","3.994","63","4.733748237113196","0","38.5","3.6454545454545455","10","700","157"
"105","BA","1000","2","0.1","50","0.1","0.5","1","platform","targeted","70","5","95","95","15.663133530158849","89.883896322234","89.883896322234","fixed","1","1","50","2949","15","50","23209937","v2.0-design-v1.0","26.200000000000003","17","9.200000000000003","88.44114528101802","true","33.89199999999998","21.538","50","73.8","170","500","738","821","157","83","10","56","8","7850","3336","436","3707","371","66","4143","15.7","0","50","1000","1997","3.994","58","4.706603458558628","0","37","3.6606060606060606","10","700","157"
"104","BA","1000","2","0.1","50","0.1","0.5","1","platform","targeted","70","5","95","95","15.663133530158849","89.883896322234","89.883896322234","fixed","1","1","50","2949","14","50","23209936","v2.0-design-v1.0","22.700000000000003","14.099999999999998","8.600000000000005","88.72443487621098","true","30.884000000000015","20.551999999999992","50","77.3","141","500","773","831","157","58","4","84","11","7850","3297","419","3767","367","88","4186","15.7","0","50","1000","1997","3.994","96","5.513652542948663","0","45.8","3.5717171717171716","10","700","157"
"106","BA","1000","2","0.1","50","0.1","0.5","1","platform","targeted","70","5","95","95","15.663133530158849","89.883896322234","89.883896322234","fixed","1","1","50","2949","16","50","23209938","v2.0-design-v1.0","23.400000000000006","14.000000000000002","9.400000000000004","88.8612493090105","true","30.406","19.99000000000001","50","76.6","140","500","766","829","157","63","6","80","8","7850","3215","403","3899","333","86","4302","15.7","0","50","1000","1997","3.994","106","5.552728770325155","0","45","3.5797979797979798","10","700","157"
"107","BA","1000","2","0.1","50","0.1","0.5","1","platform","targeted","70","5","95","95","15.663133530158849","89.883896322234","89.883896322234","fixed","1","1","50","2949","17","50","23209939","v2.0-design-v1.0","23.599999999999994","15.1","8.499999999999995","88.5918475383801","true","30.76","19.784000000000006","50","76.4","151","500","764","841","157","77","16","62","2","7850","3347","431","3720","352","78","4151","15.7","0","50","1000","1997","3.994","100","5.527251985798586","0","45","3.5797979797979798","10","700","157"
"108","BA","1000","2","0.1","50","0.1","0.5","1","platform","targeted","70","5","95","95","15.663133530158849","89.883896322234","89.883896322234","fixed","1","1","50","2949","18","50","23209940","v2.0-design-v1.0","24","13.900000000000002","10.099999999999998","89.48364422816978","true","31.331999999999997","21.324000000000005","50","76","139","500","760","828","157","68","7","71","11","7850","3310","389","3801","350","78","4190","15.7","0","50","1000","1997","3.994","68","4.811144469989548","0","39","3.6404040404040403","10","700","157"
"109","BA","1000","2","0.1","50","0.1","0.5","1","platform","targeted","70","5","95","95","15.663133530158849","89.883896322234","89.883896322234","fixed","1","1","50","2949","19","50","23209941","v2.0-design-v1.0","22.89999999999999","16","6.8999999999999915","88.81955278211129","true","30.36200000000001","18.9","50","77.10000000000001","160","500","771","845","157","74","4","73","6","7850","3416","430","3621","383","77","4051","15.7","0","50","1000","1997","3.994","87","5.531596746199286","0","47.4","3.5555555555555554","10","700","157"
"110","BA","1000","2","0.1","50","0.1","0.5","1","platform","targeted","70","5","95","95","15.663133530158849","89.883896322234","89.883896322234","fixed","1","1","50","2949","20","50","23209942","v2.0-design-v1.0","23.700000000000003","14.399999999999999","9.300000000000004","88.61571352218066","true","31.406000000000002","21.28","50","76.3","144","500","763","824","157","61","12","73","11","7850","3316","426","3765","343","85","4191","15.7","0","50","1000","1997","3.994","70","5.0702733330335885","0","43.3","3.596969696969697","10","700","157"
"111","BA","1000","2","0.1","50","0.1","0.5","1","platform","targeted","70","5","95","95","15.663133530158849","89.883896322234","89.883896322234","fixed","1","1","50","2949","21","50","23209943","v2.0-design-v1.0","22.700000000000003","14.7","8.000000000000004","88.83845126835782","true","29.806000000000004","19.055999999999997","50","77.3","147","500","773","854","157","81","3","70","3","7850","3327","418","3717","388","73","4135","15.7","0","50","1000","1997","3.994","74","5.202598488354733","0","42.4","3.606060606060606","10","700","157"
"112","BA","1000","2","0.1","50","0.1","0.5","1","platform","targeted","70","5","95","95","15.663133530158849","89.883896322234","89.883896322234","fixed","1","1","50","2949","22","50","23209944","v2.0-design-v1.0","23.700000000000003","14.899999999999999","8.800000000000004","88.4502534009069","true","30.730000000000004","19.865999999999996","50","76.3","149","500","763","833","157","70","9","75","3","7850","3316","433","3728","373","84","4161","15.7","0","50","1000","1997","3.994","101","5.438891940969729","0","45.1","3.5787878787878786","10","700","157"
"113","BA","1000","2","0.1","50","0.1","0.5","1","platform","targeted","70","5","95","95","15.663133530158849","89.883896322234","89.883896322234","fixed","1","1","50","2949","23","50","23209945","v2.0-design-v1.0","22.700000000000003","15","7.700000000000003","88.40220385674931","true","31.096000000000004","20.027999999999995","50","77.3","150","500","773","829","157","56","9","81","11","7850","3209","421","3834","386","90","4255","15.7","0","50","1000","1997","3.994","103","5.759264982020976","0","46.5","3.5646464646464646","10","700","157"
"114","BA","1000","2","0.1","50","0.1","0.5","1","platform","targeted","70","5","95","95","15.663133530158849","89.883896322234","89.883896322234","fixed","1","1","50","2949","24","50","23209946","v2.0-design-v1.0","22.099999999999994","14.499999999999998","7.599999999999996","88.58988159311087","true","29.802000000000007","19.176000000000002","50","77.9","145","500","779","854","157","75","8","64","10","7850","3292","424","3713","421","72","4137","15.7","0","50","1000","1997","3.994","113","5.784239052928344","0","48.7","3.5424242424242425","10","700","157"
"115","BA","1000","2","0.1","50","0.1","0.5","1","platform","targeted","70","5","95","95","15.663133530158849","89.883896322234","89.883896322234","fixed","1","1","50","2949","25","50","23209947","v2.0-design-v1.0","22.89999999999999","15","7.8999999999999915","88.42580302628086","true","29.566000000000017","18.838","50","77.10000000000001","150","500","771","835","157","64","11","76","6","7850","3331","436","3692","391","87","4128","15.7","0","50","1000","1997","3.994","87","5.229848498313816","0","41.2","3.618181818181818","10","700","157"
"117","BA","1000","2","0.1","50","0.1","0.5","1","platform","targeted","70","5","95","95","15.663133530158849","89.883896322234","89.883896322234","fixed","1","1","50","2949","27","50","23209949","v2.0-design-v1.0","22.200000000000003","15.7","6.5000000000000036","88.51052768390953","true","30.068","18.807999999999996","50","77.8","157","500","778","855","157","77","9","63","8","7850","3405","442","3628","375","72","4070","15.7","0","50","1000","1997","3.994","54","4.6155462588156535","0","36.9","3.6616161616161618","10","700","157"
"116","BA","1000","2","0.1","50","0.1","0.5","1","platform","targeted","70","5","95","95","15.663133530158849","89.883896322234","89.883896322234","fixed","1","1","50","2949","26","50","23209948","v2.0-design-v1.0","22.200000000000003","14.6","7.600000000000003","89.72801689992079","true","30.38","20.576","50","77.8","146","500","778","860","157","82","9","57","9","7850","3398","389","3690","373","66","4079","15.7","0","50","1000","1997","3.994","78","5.250479171612002","0","42.8","3.602020202020202","10","700","157"
"118","BA","1000","2","0.1","50","0.1","0.5","1","platform","targeted","70","5","95","95","15.663133530158849","89.883896322234","89.883896322234","fixed","1","1","50","2949","28","50","23209950","v2.0-design-v1.0","24.099999999999994","15.6","8.499999999999995","88.62096992684909","true","32.205999999999996","21.076000000000004","50","75.9","156","500","759","829","157","70","5","78","4","7850","3271","420","3778","381","83","4198","15.7","0","50","1000","1997","3.994","81","5.245329110501776","0","42.4","3.606060606060606","10","700","157"
"119","BA","1000","2","0.1","50","0.1","0.5","1","platform","targeted","70","5","95","95","15.663133530158849","89.883896322234","89.883896322234","fixed","1","1","50","2949","29","50","23209951","v2.0-design-v1.0","23.5","13.900000000000002","9.599999999999998","89.6917896917897","true","30.780000000000015","20.808000000000003","50","76.5","139","500","765","842","157","77","8","68","4","7850","3463","398","3599","390","76","3997","15.7","0","50","1000","1997","3.994","61","5.029240226640322","0","42.2","3.608080808080808","10","700","157"
"120","BA","1000","2","0.1","50","0.1","0.5","1","platform","targeted","70","5","95","95","15.663133530158849","89.883896322234","89.883896322234","fixed","1","1","50","2949","30","50","23209952","v2.0-design-v1.0","21.099999999999994","14.399999999999999","6.699999999999996","88.35852559002917","true","29.034000000000006","18.248","50","78.9","144","500","789","853","157","64","8","74","11","7850","3332","439","3698","381","82","4137","15.7","0","50","1000","1997","3.994","60","4.928108181670749","0","42.4","3.606060606060606","10","700","157"
"121","BA","1000","2","0.1","50","0.1","0.5","1","platform","targeted","70","5","95","95","31.500516783704683","61.89423976287718","61.89423976287718","fixed","1","1","50","2950","1","50","23210923","v2.0-design-v1.0","35.2","38","-2.799999999999997","52.9466791393826","true","43.056","11.186","50","64.8","380","500","648","717","315","69","78","109","59","15750","3962","3521","5872","2395","187","9393","31.5","0","50","1000","1997","3.994","70","5.132280614337471","0","42.7","3.603030303030303","10","700","315"
"122","BA","1000","2","0.1","50","0.1","0.5","1","platform","targeted","70","5","95","95","31.500516783704683","61.89423976287718","61.89423976287718","fixed","1","1","50","2950","2","50","23210924","v2.0-design-v1.0","36.7","37.1","-0.3999999999999986","51.88729399255715","true","43.798","12.197999999999995","50","63.3","371","500","633","713","315","80","78","102","55","15750","3904","3620","5925","2301","180","9545","31.5","0","50","1000","1997","3.994","75","5.263807716061786","0","45","3.5797979797979798","10","700","315"
"123","BA","1000","2","0.1","50","0.1","0.5","1","platform","targeted","70","5","95","95","31.500516783704683","61.89423976287718","61.89423976287718","fixed","1","1","50","2950","3","50","23210925","v2.0-design-v1.0","37.6","38.4","-0.7999999999999972","53.10517970401691","true","42.478","9.946000000000002","50","62.4","384","500","624","704","315","80","76","113","46","15750","4019","3549","5762","2420","189","9311","31.5","0","50","1000","1997","3.994","84","5.698634787248462","0","49.8","3.5313131313131314","10","700","315"
"124","BA","1000","2","0.1","50","0.1","0.5","1","platform","targeted","70","5","95","95","31.500516783704683","61.89423976287718","61.89423976287718","fixed","1","1","50","2950","4","50","23210926","v2.0-design-v1.0","30.5","31.7","-1.1999999999999993","51.95082843399251","true","38.718","9.632000000000001","50","69.5","317","500","695","787","315","92","73","97","53","15750","3888","3596","5853","2413","170","9449","31.5","0","50","1000","1997","3.994","44","4.498911446583957","0","35","3.680808080808081","10","700","315"
"125","BA","1000","2","0.1","50","0.1","0.5","1","platform","targeted","70","5","95","95","31.500516783704683","61.89423976287718","61.89423976287718","fixed","1","1","50","2950","5","50","23210927","v2.0-design-v1.0","29.200000000000003","31.1","-1.8999999999999986","53.17298545998097","true","38.32","10.242000000000003","50","70.8","311","500","708","796","315","88","56","114","57","15750","3913","3446","5942","2449","170","9388","31.5","0","50","1000","1997","3.994","68","5.044542735611559","0","43.1","3.598989898989899","10","700","315"
"127","BA","1000","2","0.1","50","0.1","0.5","1","platform","targeted","70","5","95","95","31.500516783704683","61.89423976287718","61.89423976287718","fixed","1","1","50","2950","7","50","23210929","v2.0-design-v1.0","35.599999999999994","41.199999999999996","-5.600000000000001","54.085551582571846","true","42.544000000000004","8.788000000000002","50","64.4","412","500","644","735","315","91","65","100","59","15750","4084","3467","5608","2591","165","9075","31.5","0","50","1000","1997","3.994","97","5.577550813132319","0","46.4","3.5656565656565657","10","700","315"
"126","BA","1000","2","0.1","50","0.1","0.5","1","platform","targeted","70","5","95","95","31.500516783704683","61.89423976287718","61.89423976287718","fixed","1","1","50","2950","6","50","23210928","v2.0-design-v1.0","34.3","34.599999999999994","-0.29999999999999716","51.9861370301253","true","41.08600000000001","10.984000000000004","50","65.7","346","500","657","735","315","78","76","112","49","15750","3900","3602","5790","2458","188","9392","31.5","0","50","1000","1997","3.994","67","4.550238308997516","0","35.2","3.6787878787878787","10","700","315"
"128","BA","1000","2","0.1","50","0.1","0.5","1","platform","targeted","70","5","95","95","31.500516783704683","61.89423976287718","61.89423976287718","fixed","1","1","50","2950","8","50","23210930","v2.0-design-v1.0","32.39999999999999","32.300000000000004","0.09999999999998721","52.699640047993604","true","40.486","11.764000000000005","50","67.60000000000001","323","500","676","764","315","88","64","121","42","15750","3953","3548","5891","2358","185","9439","31.5","0","50","1000","1997","3.994","69","4.732479303743469","0","39.9","3.6313131313131315","10","700","315"
"129","BA","1000","2","0.1","50","0.1","0.5","1","platform","targeted","70","5","95","95","31.500516783704683","61.89423976287718","61.89423976287718","fixed","1","1","50","2950","9","50","23210931","v2.0-design-v1.0","32.099999999999994","33.800000000000004","-1.70000000000001","52.831683168316836","true","39.758","10.146","50","67.9","338","500","679","753","315","74","72","115","54","15750","4002","3573","5738","2437","187","9311","31.5","0","50","1000","1997","3.994","98","5.3483239027351805","0","44.3","3.5868686868686868","10","700","315"
"130","BA","1000","2","0.1","50","0.1","0.5","1","platform","targeted","70","5","95","95","31.500516783704683","61.89423976287718","61.89423976287718","fixed","1","1","50","2950","10","50","23210932","v2.0-design-v1.0","35.900000000000006","35.8","0.10000000000000853","51.421292571735044","true","43.13799999999999","12.722000000000003","50","64.1","358","500","641","718","315","77","77","115","46","15750","3835","3623","5818","2474","192","9441","31.5","0","50","1000","1997","3.994","84","5.296793371467301","0","43.1","3.598989898989899","10","700","315"
"131","BA","1000","2","0.1","50","0.1","0.5","1","platform","targeted","70","5","95","95","31.500516783704683","61.89423976287718","61.89423976287718","fixed","1","1","50","2950","11","50","23210933","v2.0-design-v1.0","38.3","43.1","-4.800000000000004","52.54666666666667","true","44.858000000000004","9.521999999999998","50","61.7","431","500","617","703","315","86","73","104","52","15750","3941","3559","5769","2481","177","9328","31.5","0","50","1000","1997","3.994","118","5.797549100747274","0","45.8","3.5717171717171716","10","700","315"
"132","BA","1000","2","0.1","50","0.1","0.5","1","platform","targeted","70","5","95","95","31.500516783704683","61.89423976287718","61.89423976287718","fixed","1","1","50","2950","12","50","23210934","v2.0-design-v1.0","33.3","33.300000000000004","-7.105427357601002E-15","52.829431438127095","true","40.694","11.12","50","66.7","333","500","667","748","315","81","63","115","56","15750","3949","3526","5793","2482","178","9319","31.5","0","50","1000","1997","3.994","77","5.324877305470823","0","45.9","3.5707070707070705","10","700","315"
"133","BA","1000","2","0.1","50","0.1","0.5","1","platform","targeted","70","5","95","95","31.500516783704683","61.89423976287718","61.89423976287718","fixed","1","1","50","2950","13","50","23210935","v2.0-design-v1.0","32.099999999999994","33.2","-1.1000000000000085","52.761780104712045","true","39.58199999999999","10.387999999999995","50","67.9","332","500","679","761","315","82","72","117","44","15750","4031","3609","5632","2478","189","9241","31.5","0","50","1000","1997","3.994","85","5.18467403457968","0","42.6","3.604040404040404","10","700","315"
"134","BA","1000","2","0.1","50","0.1","0.5","1","platform","targeted","70","5","95","95","31.500516783704683","61.89423976287718","61.89423976287718","fixed","1","1","50","2950","14","50","23210936","v2.0-design-v1.0","32.099999999999994","32.300000000000004","-0.20000000000000995","52.7788992060288","true","38.989999999999995","10.136","50","67.9","323","500","679","771","315","92","69","116","38","15750","3922","3509","5867","2452","185","9376","31.5","0","50","1000","1997","3.994","104","5.376883379326244","0","43.9","3.590909090909091","10","700","315"
"135","BA","1000","2","0.1","50","0.1","0.5","1","platform","targeted","70","5","95","95","31.500516783704683","61.89423976287718","61.89423976287718","fixed","1","1","50","2950","15","50","23210937","v2.0-design-v1.0","38.5","39.800000000000004","-1.3000000000000043","51.68117883456128","true","45.15999999999998","12.05","50","61.5","398","500","615","711","315","96","64","117","38","15750","3858","3607","5940","2345","181","9547","31.5","0","50","1000","1997","3.994","73","5.196823161410328","0","44","3.5898989898989897","10","700","315"
"136","BA","1000","2","0.1","50","0.1","0.5","1","platform","targeted","70","5","95","95","31.500516783704683","61.89423976287718","61.89423976287718","fixed","1","1","50","2950","16","50","23210938","v2.0-design-v1.0","29.900000000000006","31","-1.0999999999999943","53.117537808437255","true","36.73799999999999","8.482000000000001","50","70.1","310","500","701","782","315","81","83","100","51","15750","4004","3534","5717","2495","183","9251","31.5","0","50","1000","1997","3.994","104","5.53611891243428","0","44.2","3.587878787878788","10","700","315"
"137","BA","1000","2","0.1","50","0.1","0.5","1","platform","targeted","70","5","95","95","31.500516783704683","61.89423976287718","61.89423976287718","fixed","1","1","50","2950","17","50","23210939","v2.0-design-v1.0","33.599999999999994","36.8","-3.200000000000003","51.87392398357833","true","42.053999999999995","10.568000000000001","50","66.4","368","500","664","739","315","75","78","99","63","15750","3917","3634","5845","2354","177","9479","31.5","0","50","1000","1997","3.994","67","5.3278842283171155","0","46","3.56969696969697","10","700","315"
"138","BA","1000","2","0.1","50","0.1","0.5","1","platform","targeted","70","5","95","95","31.500516783704683","61.89423976287718","61.89423976287718","fixed","1","1","50","2950","18","50","23210940","v2.0-design-v1.0","38","39.2","-1.2000000000000028","52.51062699256111","true","43.882000000000005","11.515999999999998","50","62","392","500","620","693","315","73","85","107","50","15750","3953","3575","5722","2500","192","9297","31.5","0","50","1000","1997","3.994","89","5.186025343059822","0","42.2","3.608080808080808","10","700","315"
"139","BA","1000","2","0.1","50","0.1","0.5","1","platform","targeted","70","5","95","95","31.500516783704683","61.89423976287718","61.89423976287718","fixed","1","1","50","2950","19","50","23210941","v2.0-design-v1.0","35.8","36.3","-0.5","51.85135497719345","true","40.907999999999994","9.682000000000002","50","64.2","363","500","642","728","315","86","60","119","50","15750","3865","3589","5800","2496","179","9389","31.5","0","50","1000","1997","3.994","96","5.695999333603216","0","46.7","3.562626262626263","10","700","315"
"140","BA","1000","2","0.1","50","0.1","0.5","1","platform","targeted","70","5","95","95","31.500516783704683","61.89423976287718","61.89423976287718","fixed","1","1","50","2950","20","50","23210942","v2.0-design-v1.0","31","32.4","-1.3999999999999986","52.708580466587584","true","38.984000000000016","9.642000000000001","50","69","324","500","690","769","315","79","62","120","54","15750","3999","3588","5608","2555","182","9196","31.5","0","50","1000","1997","3.994","84","5.264758463755164","0","43.4","3.595959595959596","10","700","315"
"141","BA","1000","2","0.1","50","0.1","0.5","1","platform","targeted","70","5","95","95","31.500516783704683","61.89423976287718","61.89423976287718","fixed","1","1","50","2950","21","50","23210943","v2.0-design-v1.0","29.10000000000001","31.4","-2.29999999999999","54.21116668919832","true","37.23999999999998","8.636000000000003","50","70.89999999999999","314","500","709","784","315","75","61","122","57","15750","4010","3387","5763","2590","183","9150","31.5","0","50","1000","1997","3.994","74","4.5246476588167965","0","35.4","3.676767676767677","10","700","315"
"142","BA","1000","2","0.1","50","0.1","0.5","1","platform","targeted","70","5","95","95","31.500516783704683","61.89423976287718","61.89423976287718","fixed","1","1","50","2950","22","50","23210944","v2.0-design-v1.0","30.30000000000001","31.7","-1.399999999999988","52.77887788778878","true","38.178","9.220000000000002","50","69.69999999999999","317","500","697","797","315","100","60","100","55","15750","3998","3577","5682","2493","160","9259","31.5","0","50","1000","1997","3.994","93","5.201636379161943","0","42.3","3.607070707070707","10","700","315"
"143","BA","1000","2","0.1","50","0.1","0.5","1","platform","targeted","70","5","95","95","31.500516783704683","61.89423976287718","61.89423976287718","fixed","1","1","50","2950","23","50","23210945","v2.0-design-v1.0","31.799999999999997","31.900000000000002","-0.10000000000000497","53.07366189719131","true","38.663999999999994","9.618000000000002","50","68.2","319","500","682","768","315","86","76","104","49","15750","4006","3542","5760","2442","180","9302","31.5","0","50","1000","1997","3.994","110","5.327696345358682","0","42.6","3.604040404040404","10","700","315"
"144","BA","1000","2","0.1","50","0.1","0.5","1","platform","targeted","70","5","95","95","31.500516783704683","61.89423976287718","61.89423976287718","fixed","1","1","50","2950","24","50","23210946","v2.0-design-v1.0","38.4","39.5","-1.1000000000000014","52.48677248677248","true","43.87800000000002","10.896","50","61.6","395","500","616","686","315","70","74","129","42","15750","3968","3592","5819","2371","203","9411","31.5","0","50","1000","1997","3.994","69","5.304913392893988","0","46","3.56969696969697","10","700","315"
"145","BA","1000","2","0.1","50","0.1","0.5","1","platform","targeted","70","5","95","95","31.500516783704683","61.89423976287718","61.89423976287718","fixed","1","1","50","2950","25","50","23210947","v2.0-design-v1.0","29.200000000000003","31.5","-2.299999999999997","51.82235421166307","true","38.358000000000004","9.607999999999999","50","70.8","315","500","708","787","315","79","69","105","62","15750","3839","3569","5947","2395","174","9516","31.5","0","50","1000","1997","3.994","103","5.594395522418951","0","48.4","3.5454545454545454","10","700","315"
"146","BA","1000","2","0.1","50","0.1","0.5","1","platform","targeted","70","5","95","95","31.500516783704683","61.89423976287718","61.89423976287718","fixed","1","1","50","2950","26","50","23210948","v2.0-design-v1.0","32.5","34.300000000000004","-1.8000000000000043","53.27165459908822","true","39.328","9.508","50","67.5","343","500","675","765","315","90","64","103","58","15750","3973","3485","5731","2561","167","9216","31.5","0","50","1000","1997","3.994","72","5.271598785354753","0","44.3","3.5868686868686868","10","700","315"
"147","BA","1000","2","0.1","50","0.1","0.5","1","platform","targeted","70","5","95","95","31.500516783704683","61.89423976287718","61.89423976287718","fixed","1","1","50","2950","27","50","23210949","v2.0-design-v1.0","39.900000000000006","41.699999999999996","-1.79999999999999","52.18532615828849","true","45.55200000000001","11.095999999999998","50","60.099999999999994","417","500","601","665","315","64","64","146","41","15750","3976","3643","5779","2352","210","9422","31.5","0","50","1000","1997","3.994","79","4.724434811094782","0","35.7","3.6737373737373735","10","700","315"
"148","BA","1000","2","0.1","50","0.1","0.5","1","platform","targeted","70","5","95","95","31.500516783704683","61.89423976287718","61.89423976287718","fixed","1","1","50","2950","28","50","23210950","v2.0-design-v1.0","35.900000000000006","37","-1.0999999999999943","53.392688520167276","true","42.474000000000004","10.957999999999997","50","64.1","370","500","641","722","315","81","63","115","56","15750","3958","3455","5910","2427","178","9365","31.5","0","50","1000","1997","3.994","83","5.626688513115288","0","47","3.5595959595959594","10","700","315"
"149","BA","1000","2","0.1","50","0.1","0.5","1","platform","targeted","70","5","95","95","31.500516783704683","61.89423976287718","61.89423976287718","fixed","1","1","50","2950","29","50","23210951","v2.0-design-v1.0","32.599999999999994","32.1","0.4999999999999929","52.47485442032822","true","39.843999999999994","10.851999999999999","50","67.4","321","500","674","753","315","79","67","121","48","15750","3965","3591","5816","2378","188","9407","31.5","0","50","1000","1997","3.994","93","5.222953498093119","0","42.8","3.602020202020202","10","700","315"
"151","BA","1000","2","0.1","50","0.1","0.5","1","platform","targeted","70","5","95","95","80.77917265304387","91.2362582285989","91.2362582285989","fixed","1","1","50","2951","1","50","23211923","v2.0-design-v1.0","100","95.19999999999999","4.800000000000011","15.058375029783178","true","99.492","26.329999999999995","50","0","952","500","0","0","808","0","76","732","0","40400","632","3565","36144","59","808","39709","80.8","0","50","1000","1997","3.994","71","5.166687397032897","0","43.7","3.592929292929293","10","700","808"
"150","BA","1000","2","0.1","50","0.1","0.5","1","platform","targeted","70","5","95","95","31.500516783704683","61.89423976287718","61.89423976287718","fixed","1","1","50","2950","30","50","23210952","v2.0-design-v1.0","34.39999999999999","34.8","-0.4000000000000057","52.48904818797292","true","41.92800000000001","11.639999999999997","50","65.60000000000001","348","500","656","731","315","75","61","128","51","15750","3954","3579","5929","2288","189","9508","31.5","0","50","1000","1997","3.994","84","5.089584252949135","0","40.1","3.6292929292929292","10","700","315"
"152","BA","1000","2","0.1","50","0.1","0.5","1","platform","targeted","70","5","95","95","80.77917265304387","91.2362582285989","91.2362582285989","fixed","1","1","50","2951","2","50","23211924","v2.0-design-v1.0","100","96.3","3.700000000000003","15.970220941402497","true","99.454","27.81200000000001","50","0","963","500","0","0","808","0","65","743","0","40400","665","3499","36167","69","808","39666","80.8","0","50","1000","1997","3.994","93","5.159319972882328","0","40","3.6303030303030304","10","700","808"
"153","BA","1000","2","0.1","50","0.1","0.5","1","platform","targeted","70","5","95","95","80.77917265304387","91.2362582285989","91.2362582285989","fixed","1","1","50","2951","3","50","23211925","v2.0-design-v1.0","100","96.8","3.200000000000003","15.096589554018603","true","99.552","26.704","50","0","968","500","0","0","808","0","55","753","0","40400","633","3560","36160","47","808","39720","80.8","0","50","1000","1997","3.994","74","4.934400907132721","0","40.4","3.6262626262626263","10","700","808"
"154","BA","1000","2","0.1","50","0.1","0.5","1","platform","targeted","70","5","95","95","80.77917265304387","91.2362582285989","91.2362582285989","fixed","1","1","50","2951","4","50","23211926","v2.0-design-v1.0","100","95.8","4.200000000000003","15.560975609756097","true","99.48200000000001","28.21399999999999","50","0","958","500","0","0","808","0","63","745","0","40400","638","3462","36241","59","808","39703","80.8","0","50","1000","1997","3.994","97","5.536842116280773","0","48.3","3.5464646464646465","10","700","808"
"155","BA","1000","2","0.1","50","0.1","0.5","1","platform","targeted","70","5","95","95","80.77917265304387","91.2362582285989","91.2362582285989","fixed","1","1","50","2951","5","50","23211927","v2.0-design-v1.0","100","96.1","3.9000000000000057","15.198828982678702","true","99.49600000000001","28.117999999999984","50","0","961","500","0","0","808","0","70","738","0","40400","623","3476","36236","65","808","39712","80.8","0","50","1000","1997","3.994","68","4.986665301665109","0","42.1","3.609090909090909","10","700","808"
"156","BA","1000","2","0.1","50","0.1","0.5","1","platform","targeted","70","5","95","95","80.77917265304387","91.2362582285989","91.2362582285989","fixed","1","1","50","2951","6","50","23211928","v2.0-design-v1.0","100","95.89999999999999","4.1000000000000085","16.282420749279538","true","99.494","28.767999999999986","50","0","959","500","0","0","808","0","76","732","0","40400","678","3486","36161","75","808","39647","80.8","0","50","1000","1997","3.994","64","5.163780458988216","0","43.7","3.592929292929293","10","700","808"
"157","BA","1000","2","0.1","50","0.1","0.5","1","platform","targeted","70","5","95","95","80.77917265304387","91.2362582285989","91.2362582285989","fixed","1","1","50","2951","7","50","23211929","v2.0-design-v1.0","100","96.1","3.9000000000000057","15.885604422013937","true","99.46","28.138000000000005","50","0","961","500","0","0","808","0","77","731","0","40400","661","3500","36176","63","808","39676","80.8","0","50","1000","1997","3.994","76","5.227551175387112","0","43.9","3.590909090909091","10","700","808"
"158","BA","1000","2","0.1","50","0.1","0.5","1","platform","targeted","70","5","95","95","80.77917265304387","91.2362582285989","91.2362582285989","fixed","1","1","50","2951","8","50","23211930","v2.0-design-v1.0","100","95.6","4.400000000000006","16.436363636363634","true","99.384","27.823999999999998","50","0","956","500","0","0","808","0","66","742","0","40400","678","3447","36194","81","808","39641","80.8","0","50","1000","1997","3.994","74","5.445513531120599","0","45.9","3.5707070707070705","10","700","808"
"159","BA","1000","2","0.1","50","0.1","0.5","1","platform","targeted","70","5","95","95","80.77917265304387","91.2362582285989","91.2362582285989","fixed","1","1","50","2951","9","50","23211931","v2.0-design-v1.0","100","96.7","3.299999999999997","15.754716981132075","true","99.476","27.176000000000002","50","0","967","500","0","0","808","0","77","731","0","40400","668","3572","36103","57","808","39675","80.8","0","50","1000","1997","3.994","67","4.865350515187527","0","40.4","3.6262626262626263","10","700","808"
"160","BA","1000","2","0.1","50","0.1","0.5","1","platform","targeted","70","5","95","95","80.77917265304387","91.2362582285989","91.2362582285989","fixed","1","1","50","2951","10","50","23211932","v2.0-design-v1.0","100","96.1","3.9000000000000057","15.433147294346034","true","99.57","27.734","50","0","961","500","0","0","808","0","82","726","0","40400","636","3485","36235","44","808","39720","80.8","0","50","1000","1997","3.994","102","5.452494263517718","0","44","3.5898989898989897","10","700","808"
"161","BA","1000","2","0.1","50","0.1","0.5","1","platform","targeted","70","5","95","95","80.77917265304387","91.2362582285989","91.2362582285989","fixed","1","1","50","2951","11","50","23211933","v2.0-design-v1.0","100","96.39999999999999","3.6000000000000085","15.882770030725595","true","99.49","26.81199999999999","50","0","964","500","0","0","808","0","71","737","0","40400","672","3559","36105","64","808","39664","80.8","0","50","1000","1997","3.994","60","4.631135002503309","0","38.1","3.6494949494949496","10","700","808"
"162","BA","1000","2","0.1","50","0.1","0.5","1","platform","targeted","70","5","95","95","80.77917265304387","91.2362582285989","91.2362582285989","fixed","1","1","50","2951","12","50","23211934","v2.0-design-v1.0","100","96.5","3.5","15.792007703418392","true","99.41","27.528000000000002","50","0","965","500","0","0","808","0","57","751","0","40400","656","3498","36169","77","808","39667","80.8","0","50","1000","1997","3.994","69","5.053662385191895","0","42.5","3.605050505050505","10","700","808"
"163","BA","1000","2","0.1","50","0.1","0.5","1","platform","targeted","70","5","95","95","80.77917265304387","91.2362582285989","91.2362582285989","fixed","1","1","50","2951","13","50","23211935","v2.0-design-v1.0","100","96.8","3.200000000000003","14.715719063545151","true","99.55799999999999","26.888000000000005","50","0","968","500","0","0","808","0","78","730","0","40400","616","3570","36169","45","808","39739","80.8","0","50","1000","1997","3.994","56","5.018480761061962","0","43.7","3.592929292929293","10","700","808"
"164","BA","1000","2","0.1","50","0.1","0.5","1","platform","targeted","70","5","95","95","80.77917265304387","91.2362582285989","91.2362582285989","fixed","1","1","50","2951","14","50","23211936","v2.0-design-v1.0","100","96.5","3.5","16.298478154148256","true","99.46600000000001","27.126000000000005","50","0","965","500","0","0","808","0","75","733","0","40400","664","3410","36263","63","808","39673","80.8","0","50","1000","1997","3.994","98","5.574139847100621","0","47.8","3.5515151515151517","10","700","808"
"165","BA","1000","2","0.1","50","0.1","0.5","1","platform","targeted","70","5","95","95","80.77917265304387","91.2362582285989","91.2362582285989","fixed","1","1","50","2951","15","50","23211937","v2.0-design-v1.0","100","96","4","15.936739659367397","true","99.514","28.723999999999997","50","0","960","500","0","0","808","0","93","715","0","40400","655","3455","36235","55","808","39690","80.8","0","50","1000","1997","3.994","113","5.798239696975594","0","43.3","3.596969696969697","10","700","808"
"166","BA","1000","2","0.1","50","0.1","0.5","1","platform","targeted","70","5","95","95","80.77917265304387","91.2362582285989","91.2362582285989","fixed","1","1","50","2951","16","50","23211938","v2.0-design-v1.0","100","96.8","3.200000000000003","15.63102119460501","true","99.49","29.227999999999994","50","0","968","500","0","0","808","0","71","737","0","40400","649","3503","36189","59","808","39692","80.8","0","50","1000","1997","3.994","86","5.4499234550281095","0","44.6","3.583838383838384","10","700","808"
"167","BA","1000","2","0.1","50","0.1","0.5","1","platform","targeted","70","5","95","95","80.77917265304387","91.2362582285989","91.2362582285989","fixed","1","1","50","2951","17","50","23211939","v2.0-design-v1.0","100","96.89999999999999","3.1000000000000085","15.467111534795041","true","99.5","27.795999999999996","50","0","969","500","0","0","808","0","68","740","0","40400","649","3547","36147","57","808","39694","80.8","0","50","1000","1997","3.994","93","5.543888409654242","0","46.4","3.5656565656565657","10","700","808"
"168","BA","1000","2","0.1","50","0.1","0.5","1","platform","targeted","70","5","95","95","80.77917265304387","91.2362582285989","91.2362582285989","fixed","1","1","50","2951","18","50","23211940","v2.0-design-v1.0","100","95.8","4.200000000000003","16.866566716641678","true","99.444","29.947999999999997","50","0","958","500","0","0","808","0","69","739","0","40400","675","3327","36337","61","808","39664","80.8","0","50","1000","1997","3.994","86","5.597615322375882","0","46.4","3.5656565656565657","10","700","808"
"169","BA","1000","2","0.1","50","0.1","0.5","1","platform","targeted","70","5","95","95","80.77917265304387","91.2362582285989","91.2362582285989","fixed","1","1","50","2951","19","50","23211941","v2.0-design-v1.0","100","96","4","15.317026834481121","true","99.54799999999999","27.956000000000003","50","0","960","500","0","0","808","0","77","731","0","40400","645","3566","36137","52","808","39703","80.8","0","50","1000","1997","3.994","93","5.14377511390441","0","41.1","3.6191919191919193","10","700","808"
"170","BA","1000","2","0.1","50","0.1","0.5","1","platform","targeted","70","5","95","95","80.77917265304387","91.2362582285989","91.2362582285989","fixed","1","1","50","2951","20","50","23211942","v2.0-design-v1.0","100","95.89999999999999","4.1000000000000085","16.65440274711798","true","99.46799999999999","29.718000000000014","50","0","959","500","0","0","808","0","77","731","0","40400","679","3398","36267","56","808","39665","80.8","0","50","1000","1997","3.994","123","5.616004229298925","0","41.3","3.617171717171717","10","700","808"
"171","BA","1000","2","0.1","50","0.1","0.5","1","platform","targeted","70","5","95","95","80.77917265304387","91.2362582285989","91.2362582285989","fixed","1","1","50","2951","21","50","23211943","v2.0-design-v1.0","100","96.2","3.799999999999997","16.056269706524375","true","99.44200000000001","28.531999999999993","50","0","962","500","0","0","808","0","75","733","0","40400","662","3461","36217","60","808","39678","80.8","0","50","1000","1997","3.994","90","5.309628626952742","0","44.1","3.588888888888889","10","700","808"
"172","BA","1000","2","0.1","50","0.1","0.5","1","platform","targeted","70","5","95","95","80.77917265304387","91.2362582285989","91.2362582285989","fixed","1","1","50","2951","22","50","23211944","v2.0-design-v1.0","100","95.3","4.700000000000003","16.062801932367147","true","99.49600000000001","27.554000000000006","50","0","953","500","0","0","808","0","68","740","0","40400","665","3475","36196","64","808","39671","80.8","0","50","1000","1997","3.994","62","4.846798474813594","0","40","3.6303030303030304","10","700","808"
"173","BA","1000","2","0.1","50","0.1","0.5","1","platform","targeted","70","5","95","95","80.77917265304387","91.2362582285989","91.2362582285989","fixed","1","1","50","2951","23","50","23211945","v2.0-design-v1.0","100","96","4","15.76402321083172","true","99.43","27.04","50","0","960","500","0","0","808","0","64","744","0","40400","652","3484","36191","73","808","39675","80.8","0","50","1000","1997","3.994","88","5.6734603331786895","0","48","3.5494949494949495","10","700","808"
"174","BA","1000","2","0.1","50","0.1","0.5","1","platform","targeted","70","5","95","95","80.77917265304387","91.2362582285989","91.2362582285989","fixed","1","1","50","2951","24","50","23211946","v2.0-design-v1.0","100","95.19999999999999","4.800000000000011","15.547533092659446","true","99.49","28.152","50","0","952","500","0","0","808","0","77","731","0","40400","646","3509","36187","58","808","39696","80.8","0","50","1000","1997","3.994","45","4.790293405513984","0","38.3","3.6474747474747473","10","700","808"
"175","BA","1000","2","0.1","50","0.1","0.5","1","platform","targeted","70","5","95","95","80.77917265304387","91.2362582285989","91.2362582285989","fixed","1","1","50","2951","25","50","23211947","v2.0-design-v1.0","100","96.5","3.5","15.667870036101084","true","99.456","26.982","50","0","965","500","0","0","808","0","78","730","0","40400","651","3504","36176","69","808","39680","80.8","0","50","1000","1997","3.994","62","4.9305450281154695","0","40.9","3.621212121212121","10","700","808"
"176","BA","1000","2","0.1","50","0.1","0.5","1","platform","targeted","70","5","95","95","80.77917265304387","91.2362582285989","91.2362582285989","fixed","1","1","50","2951","26","50","23211948","v2.0-design-v1.0","100","96","4","15.92039800995025","true","99.522","29.507999999999992","50","0","960","500","0","0","808","0","77","731","0","40400","640","3380","36326","54","808","39706","80.8","0","50","1000","1997","3.994","94","5.53521477474926","0","47.2","3.5575757575757576","10","700","808"
"177","BA","1000","2","0.1","50","0.1","0.5","1","platform","targeted","70","5","95","95","80.77917265304387","91.2362582285989","91.2362582285989","fixed","1","1","50","2951","27","50","23211949","v2.0-design-v1.0","100","95.89999999999999","4.1000000000000085","15.625","true","99.48200000000001","27.7","50","0","959","500","0","0","808","0","86","722","0","40400","640","3456","36249","55","808","39705","80.8","0","50","1000","1997","3.994","81","5.102352202464851","0","41.5","3.6151515151515152","10","700","808"
"179","BA","1000","2","0.1","50","0.1","0.5","1","platform","targeted","70","5","95","95","80.77917265304387","91.2362582285989","91.2362582285989","fixed","1","1","50","2951","29","50","23211951","v2.0-design-v1.0","100","95.19999999999999","4.800000000000011","16.16958343603648","true","99.46600000000001","28.885999999999996","50","0","952","500","0","0","808","0","78","730","0","40400","656","3401","36268","75","808","39669","80.8","0","50","1000","1997","3.994","105","5.46935808645565","0","43","3.6","10","700","808"
"178","BA","1000","2","0.1","50","0.1","0.5","1","platform","targeted","70","5","95","95","80.77917265304387","91.2362582285989","91.2362582285989","fixed","1","1","50","2951","28","50","23211950","v2.0-design-v1.0","100","95.8","4.200000000000003","16.07582471688823","true","99.492","29.036000000000005","50","0","958","500","0","0","808","0","81","727","0","40400","653","3409","36279","59","808","39688","80.8","0","50","1000","1997","3.994","58","4.89181907820535","0","39.8","3.632323232323232","10","700","808"
"180","BA","1000","2","0.1","50","0.1","0.5","1","platform","targeted","70","5","95","95","80.77917265304387","91.2362582285989","91.2362582285989","fixed","1","1","50","2951","30","50","23211952","v2.0-design-v1.0","100","95.5","4.5","15.448343079922028","true","99.492","27.438000000000006","50","0","955","500","0","0","808","0","65","743","0","40400","634","3470","36229","67","808","39699","80.8","0","50","1000","1997","3.994","80","5.329950503745067","0","45.9","3.5707070707070705","10","700","808"
"181","BA","1000","2","0.1","50","0.1","0.5","1","platform","targeted","70","5","95","95","92.70000552352501","91.4530525920669","91.4530525920669","fixed","1","1","50","2952","1","50","23212923","v2.0-design-v1.0","100","99.1","0.9000000000000057","13.566402814423922","true","99.79799999999999","22.856000000000005","50","0","991","500","0","0","927","0","78","849","0","46350","617","3931","41749","53","927","45680","92.7","0","50","1000","1997","3.994","87","5.326568908437798","0","43.9","3.590909090909091","10","700","927"
"182","BA","1000","2","0.1","50","0.1","0.5","1","platform","targeted","70","5","95","95","92.70000552352501","91.4530525920669","91.4530525920669","fixed","1","1","50","2952","2","50","23212924","v2.0-design-v1.0","100","98.4","1.5999999999999943","14.198071866783524","true","99.77","24.269999999999982","50","0","984","500","0","0","927","0","82","845","0","46350","648","3916","41719","67","927","45635","92.7","0","50","1000","1997","3.994","91","5.545332696485811","0","45.5","3.5747474747474746","10","700","927"
"183","BA","1000","2","0.1","50","0.1","0.5","1","platform","targeted","70","5","95","95","92.70000552352501","91.4530525920669","91.4530525920669","fixed","1","1","50","2952","3","50","23212925","v2.0-design-v1.0","100","98","2","13.387737097485664","true","99.81","25.52400000000001","50","0","980","500","0","0","927","0","92","835","0","46350","607","3927","41765","51","927","45692","92.7","0","50","1000","1997","3.994","84","5.185060158652816","0","44.2","3.587878787878788","10","700","927"
"184","BA","1000","2","0.1","50","0.1","0.5","1","platform","targeted","70","5","95","95","92.70000552352501","91.4530525920669","91.4530525920669","fixed","1","1","50","2952","4","50","23212926","v2.0-design-v1.0","100","98.2","1.7999999999999972","13.551504502525807","true","99.758","23.45","50","0","982","500","0","0","927","0","75","852","0","46350","617","3936","41735","62","927","45671","92.7","0","50","1000","1997","3.994","133","6.111572245774047","0","48.1","3.5484848484848484","10","700","927"
"185","BA","1000","2","0.1","50","0.1","0.5","1","platform","targeted","70","5","95","95","92.70000552352501","91.4530525920669","91.4530525920669","fixed","1","1","50","2952","5","50","23212927","v2.0-design-v1.0","100","98.2","1.7999999999999972","13.477975016436556","true","99.814","24.427999999999994","50","0","982","500","0","0","927","0","86","841","0","46350","615","3948","41742","45","927","45690","92.7","0","50","1000","1997","3.994","117","5.330889455089301","0","40","3.6303030303030304","10","700","927"
"186","BA","1000","2","0.1","50","0.1","0.5","1","platform","targeted","70","5","95","95","92.70000552352501","91.4530525920669","91.4530525920669","fixed","1","1","50","2952","6","50","23212928","v2.0-design-v1.0","100","98.3","1.7000000000000028","13.495335213712304","true","99.792","23.834000000000007","50","0","983","500","0","0","927","0","94","833","0","46350","622","3987","41691","50","927","45678","92.7","0","50","1000","1997","3.994","84","4.92729563170733","0","38.6","3.6444444444444444","10","700","927"
"187","BA","1000","2","0.1","50","0.1","0.5","1","platform","targeted","70","5","95","95","92.70000552352501","91.4530525920669","91.4530525920669","fixed","1","1","50","2952","7","50","23212929","v2.0-design-v1.0","100","97.89999999999999","2.1000000000000085","14.272685818513454","true","99.77799999999999","25.257999999999996","50","0","979","500","0","0","927","0","70","857","0","46350","626","3760","41914","50","927","45674","92.7","0","50","1000","1997","3.994","67","5.420825522865432","0","47.7","3.5525252525252524","10","700","927"
"188","BA","1000","2","0.1","50","0.1","0.5","1","platform","targeted","70","5","95","95","92.70000552352501","91.4530525920669","91.4530525920669","fixed","1","1","50","2952","8","50","23212930","v2.0-design-v1.0","100","98","2","13.56347438752784","true","99.766","25.352000000000004","50","0","980","500","0","0","927","0","56","871","0","46350","609","3881","41799","61","927","45680","92.7","0","50","1000","1997","3.994","86","5.821499278867418","0","48.5","3.5444444444444443","10","700","927"
"189","BA","1000","2","0.1","50","0.1","0.5","1","platform","targeted","70","5","95","95","92.70000552352501","91.4530525920669","91.4530525920669","fixed","1","1","50","2952","9","50","23212931","v2.0-design-v1.0","100","98.8","1.2000000000000028","13.253275109170307","true","99.816","23.390000000000004","50","0","988","500","0","0","927","0","82","845","0","46350","607","3973","41730","40","927","45703","92.7","0","50","1000","1997","3.994","86","5.2304226713833755","0","42","3.61010101010101","10","700","927"
"190","BA","1000","2","0.1","50","0.1","0.5","1","platform","targeted","70","5","95","95","92.70000552352501","91.4530525920669","91.4530525920669","fixed","1","1","50","2952","10","50","23212932","v2.0-design-v1.0","100","98.5","1.5","13.445931125246766","true","99.796","23.858000000000008","50","0","985","500","0","0","927","0","82","845","0","46350","613","3946","41744","47","927","45690","92.7","0","50","1000","1997","3.994","87","5.426362447294626","0","45.5","3.5747474747474746","10","700","927"
"191","BA","1000","2","0.1","50","0.1","0.5","1","platform","targeted","70","5","95","95","92.70000552352501","91.4530525920669","91.4530525920669","fixed","1","1","50","2952","11","50","23212933","v2.0-design-v1.0","100","98.1","1.9000000000000057","13.714028776978418","true","99.78","24.744000000000007","50","0","981","500","0","0","927","0","81","846","0","46350","610","3838","41853","49","927","45691","92.7","0","50","1000","1997","3.994","67","4.959693797258303","0","41.5","3.6151515151515152","10","700","927"
"192","BA","1000","2","0.1","50","0.1","0.5","1","platform","targeted","70","5","95","95","92.70000552352501","91.4530525920669","91.4530525920669","fixed","1","1","50","2952","12","50","23212934","v2.0-design-v1.0","100","98.8","1.2000000000000028","13.747605873590127","true","99.75399999999999","22.22199999999999","50","0","988","500","0","0","927","0","92","835","0","46350","646","4053","41583","68","927","45636","92.7","0","50","1000","1997","3.994","64","4.879525978389058","0","40.3","3.6272727272727274","10","700","927"
"193","BA","1000","2","0.1","50","0.1","0.5","1","platform","targeted","70","5","95","95","92.70000552352501","91.4530525920669","91.4530525920669","fixed","1","1","50","2952","13","50","23212935","v2.0-design-v1.0","100","98.8","1.2000000000000028","13.876121689647626","true","99.78","23.69","50","0","988","500","0","0","927","0","68","859","0","46350","634","3935","41726","55","927","45661","92.7","0","50","1000","1997","3.994","114","5.5967211193061255","0","43","3.6","10","700","927"
"194","BA","1000","2","0.1","50","0.1","0.5","1","platform","targeted","70","5","95","95","92.70000552352501","91.4530525920669","91.4530525920669","fixed","1","1","50","2952","14","50","23212936","v2.0-design-v1.0","100","98.4","1.5999999999999943","13.474707311685444","true","99.834","24.859999999999992","50","0","984","500","0","0","927","0","77","850","0","46350","610","3917","41782","41","927","45699","92.7","0","50","1000","1997","3.994","77","4.936631881590345","0","39.9","3.6313131313131315","10","700","927"
"195","BA","1000","2","0.1","50","0.1","0.5","1","platform","targeted","70","5","95","95","92.70000552352501","91.4530525920669","91.4530525920669","fixed","1","1","50","2952","15","50","23212937","v2.0-design-v1.0","100","98.4","1.5999999999999943","13.732698961937718","true","99.772","23.889999999999986","50","0","984","500","0","0","927","0","82","845","0","46350","635","3989","41657","69","927","45646","92.7","0","50","1000","1997","3.994","93","5.832836872910648","0","48.7","3.5424242424242425","10","700","927"
"196","BA","1000","2","0.1","50","0.1","0.5","1","platform","targeted","70","5","95","95","92.70000552352501","91.4530525920669","91.4530525920669","fixed","1","1","50","2952","16","50","23212938","v2.0-design-v1.0","100","98.5","1.5","13.50537634408602","true","99.802","23.401999999999997","50","0","985","500","0","0","927","0","94","833","0","46350","628","4022","41654","46","927","45676","92.7","0","50","1000","1997","3.994","66","5.078755532387598","0","43.7","3.592929292929293","10","700","927"
"197","BA","1000","2","0.1","50","0.1","0.5","1","platform","targeted","70","5","95","95","92.70000552352501","91.4530525920669","91.4530525920669","fixed","1","1","50","2952","17","50","23212939","v2.0-design-v1.0","100","98.4","1.5999999999999943","13.945119208277104","true","99.75399999999999","25.69600000000001","50","0","984","500","0","0","927","0","87","840","0","46350","620","3826","41837","67","927","45663","92.7","0","50","1000","1997","3.994","104","5.93592446036837","0","47.5","3.5545454545454547","10","700","927"
"198","BA","1000","2","0.1","50","0.1","0.5","1","platform","targeted","70","5","95","95","92.70000552352501","91.4530525920669","91.4530525920669","fixed","1","1","50","2952","18","50","23212940","v2.0-design-v1.0","100","98.6","1.4000000000000057","13.776408450704224","true","99.78","23.705999999999996","50","0","986","500","0","0","927","0","73","854","0","46350","626","3918","41746","60","927","45664","92.7","0","50","1000","1997","3.994","82","5.248572330787813","0","44.6","3.583838383838384","10","700","927"
"199","BA","1000","2","0.1","50","0.1","0.5","1","platform","targeted","70","5","95","95","92.70000552352501","91.4530525920669","91.4530525920669","fixed","1","1","50","2952","19","50","23212941","v2.0-design-v1.0","100","98.6","1.4000000000000057","13.724212812160694","true","99.786","23.632000000000012","50","0","986","500","0","0","927","0","96","831","0","46350","632","3973","41690","55","927","45663","92.7","0","50","1000","1997","3.994","97","5.413434147495394","0","44.5","3.584848484848485","10","700","927"
"200","BA","1000","2","0.1","50","0.1","0.5","1","platform","targeted","70","5","95","95","92.70000552352501","91.4530525920669","91.4530525920669","fixed","1","1","50","2952","20","50","23212942","v2.0-design-v1.0","100","98.2","1.7999999999999972","13.835220963801909","true","99.8","25.166","50","0","982","500","0","0","927","0","79","848","0","46350","623","3880","41806","41","927","45686","92.7","0","50","1000","1997","3.994","97","5.489270998602275","0","44.5","3.584848484848485","10","700","927"
"201","BA","1000","2","0.1","50","0.1","0.5","1","platform","targeted","70","5","95","95","92.70000552352501","91.4530525920669","91.4530525920669","fixed","1","1","50","2952","21","50","23212943","v2.0-design-v1.0","100","97.89999999999999","2.1000000000000085","14.785651793525808","true","99.772","25.509999999999994","50","0","979","500","0","0","927","0","76","851","0","46350","676","3896","41715","63","927","45611","92.7","0","50","1000","1997","3.994","87","5.3145280324981","0","43.6","3.5939393939393938","10","700","927"
"202","BA","1000","2","0.1","50","0.1","0.5","1","platform","targeted","70","5","95","95","92.70000552352501","91.4530525920669","91.4530525920669","fixed","1","1","50","2952","22","50","23212944","v2.0-design-v1.0","100","98.6","1.4000000000000057","13.388652164162368","true","99.78200000000001","24.756000000000018","50","0","986","500","0","0","927","0","91","836","0","46350","597","3862","41833","58","927","45695","92.7","0","50","1000","1997","3.994","66","4.796975607085666","0","39.8","3.632323232323232","10","700","927"
"203","BA","1000","2","0.1","50","0.1","0.5","1","platform","targeted","70","5","95","95","92.70000552352501","91.4530525920669","91.4530525920669","fixed","1","1","50","2952","23","50","23212945","v2.0-design-v1.0","100","98.1","1.9000000000000057","13.853191025920278","true","99.77799999999999","22.908","50","0","981","500","0","0","927","0","78","849","0","46350","636","3955","41703","56","927","45658","92.7","0","50","1000","1997","3.994","94","5.397693868597869","0","42.8","3.602020202020202","10","700","927"
"205","BA","1000","2","0.1","50","0.1","0.5","1","platform","targeted","70","5","95","95","92.70000552352501","91.4530525920669","91.4530525920669","fixed","1","1","50","2952","25","50","23212947","v2.0-design-v1.0","100","97.89999999999999","2.1000000000000085","13.518273888154997","true","99.78200000000001","24.877999999999993","50","0","979","500","0","0","927","0","77","850","0","46350","614","3928","41747","61","927","45675","92.7","0","50","1000","1997","3.994","87","5.382279529431081","0","45.6","3.573737373737374","10","700","927"
"204","BA","1000","2","0.1","50","0.1","0.5","1","platform","targeted","70","5","95","95","92.70000552352501","91.4530525920669","91.4530525920669","fixed","1","1","50","2952","24","50","23212946","v2.0-design-v1.0","100","98.2","1.7999999999999972","13.770053475935828","true","99.786","24.276","50","0","982","500","0","0","927","0","93","834","0","46350","618","3870","41813","49","927","45683","92.7","0","50","1000","1997","3.994","79","5.069088641921699","0","40.5","3.625252525252525","10","700","927"
"206","BA","1000","2","0.1","50","0.1","0.5","1","platform","targeted","70","5","95","95","92.70000552352501","91.4530525920669","91.4530525920669","fixed","1","1","50","2952","26","50","23212948","v2.0-design-v1.0","100","98.8","1.2000000000000028","14.364397444371008","true","99.736","22.775999999999986","50","0","988","500","0","0","927","0","73","854","0","46350","652","3887","41733","78","927","45620","92.7","0","50","1000","1997","3.994","76","5.207790806578637","0","45","3.5797979797979798","10","700","927"
"207","BA","1000","2","0.1","50","0.1","0.5","1","platform","targeted","70","5","95","95","92.70000552352501","91.4530525920669","91.4530525920669","fixed","1","1","50","2952","27","50","23212949","v2.0-design-v1.0","100","97.89999999999999","2.1000000000000085","14.438741352376702","true","99.804","24.171999999999997","50","0","979","500","0","0","927","0","69","858","0","46350","647","3834","41820","49","927","45654","92.7","0","50","1000","1997","3.994","82","5.449372409705501","0","45.6","3.573737373737374","10","700","927"
"209","BA","1000","2","0.1","50","0.1","0.5","1","platform","targeted","70","5","95","95","92.70000552352501","91.4530525920669","91.4530525920669","fixed","1","1","50","2952","29","50","23212951","v2.0-design-v1.0","100","98","2","13.517665130568357","true","99.82","24.395999999999994","50","0","980","500","0","0","927","0","84","843","0","46350","616","3941","41746","47","927","45687","92.7","0","50","1000","1997","3.994","79","4.986464562074894","0","39.5","3.6353535353535356","10","700","927"
"208","BA","1000","2","0.1","50","0.1","0.5","1","platform","targeted","70","5","95","95","92.70000552352501","91.4530525920669","91.4530525920669","fixed","1","1","50","2952","28","50","23212950","v2.0-design-v1.0","100","99","1","13.932233615693267","true","99.796","23.52599999999999","50","0","990","500","0","0","927","0","72","855","0","46350","625","3861","41820","44","927","45681","92.7","0","50","1000","1997","3.994","84","5.148637924002075","0","43.1","3.598989898989899","10","700","927"
"210","BA","1000","2","0.1","50","0.1","0.5","1","platform","targeted","70","5","95","95","92.70000552352501","91.4530525920669","91.4530525920669","fixed","1","1","50","2952","30","50","23212952","v2.0-design-v1.0","100","98.4","1.5999999999999943","13.48339160839161","true","99.786","24.261999999999993","50","0","984","500","0","0","927","0","83","844","0","46350","617","3959","41716","58","927","45675","92.7","0","50","1000","1997","3.994","71","5.183708598564805","0","45.1","3.5787878787878786","10","700","927"
"211","BA","1000","2","0.1","50","0.1","0.5","1","platform","targeted","70","5","95","95","42.34610959347489","85.23120315902854","85.23120315902854","fixed","1","1","50","2953","1","50","23213923","v2.0-design-v1.0","65.8","51.9","13.899999999999999","53.16076774079944","true","68.446","26.383999999999997","50","34.2","519","500","342","397","423","55","67","293","8","21150","3019","2660","14969","502","360","17629","42.3","0","50","1000","1997","3.994","90","5.174431247851171","0","43.5","3.594949494949495","10","700","423"
"212","BA","1000","2","0.1","50","0.1","0.5","1","platform","targeted","70","5","95","95","42.34610959347489","85.23120315902854","85.23120315902854","fixed","1","1","50","2953","2","50","23213924","v2.0-design-v1.0","65.5","50.9","14.600000000000001","54.391182645206435","true","67.61399999999999","26.859999999999985","50","34.5","509","500","345","408","423","63","55","297","8","21150","3109","2607","14899","535","352","17506","42.3","0","50","1000","1997","3.994","65","4.721467595595265","0","38.1","3.6494949494949496","10","700","423"
"213","BA","1000","2","0.1","50","0.1","0.5","1","platform","targeted","70","5","95","95","42.34610959347489","85.23120315902854","85.23120315902854","fixed","1","1","50","2953","3","50","23213925","v2.0-design-v1.0","62.4","49.8","12.600000000000001","56.83790350572718","true","65.73200000000003","25.984","50","37.6","498","500","376","449","423","73","49","290","11","21150","3275","2487","14821","567","339","17308","42.3","0","50","1000","1997","3.994","96","5.740288748391918","0","50.8","3.521212121212121","10","700","423"
"214","BA","1000","2","0.1","50","0.1","0.5","1","platform","targeted","70","5","95","95","42.34610959347489","85.23120315902854","85.23120315902854","fixed","1","1","50","2953","4","50","23213926","v2.0-design-v1.0","64.2","48.6","15.600000000000001","55.040636347916305","true","66.82","27.004","50","35.8","486","500","358","423","423","65","51","304","3","21150","3183","2600","14827","540","355","17427","42.3","0","50","1000","1997","3.994","100","5.731912317788775","0","47.1","3.5585858585858587","10","700","423"
"215","BA","1000","2","0.1","50","0.1","0.5","1","platform","targeted","70","5","95","95","42.34610959347489","85.23120315902854","85.23120315902854","fixed","1","1","50","2953","5","50","23213927","v2.0-design-v1.0","63.5","50.2","13.299999999999997","55.46835011090258","true","65.74999999999999","24.996","50","36.5","502","500","365","424","423","59","51","306","7","21150","3251","2610","14721","568","357","17331","42.3","0","50","1000","1997","3.994","69","5.149415547465591","0","43.2","3.597979797979798","10","700","423"
"216","BA","1000","2","0.1","50","0.1","0.5","1","platform","targeted","70","5","95","95","42.34610959347489","85.23120315902854","85.23120315902854","fixed","1","1","50","2953","6","50","23213928","v2.0-design-v1.0","59.699999999999996","48.8","10.899999999999999","57.450331125827816","true","63.596","23.56600000000001","50","40.300000000000004","488","500","403","471","423","68","50","288","17","21150","3470","2570","14515","595","338","17085","42.3","0","50","1000","1997","3.994","67","5.393055631926017","0","46.9","3.5606060606060606","10","700","423"
"217","BA","1000","2","0.1","50","0.1","0.5","1","platform","targeted","70","5","95","95","42.34610959347489","85.23120315902854","85.23120315902854","fixed","1","1","50","2953","7","50","23213929","v2.0-design-v1.0","63.800000000000004","49.3","14.500000000000007","55.43364681295716","true","67.194","26.67200000000001","50","36.199999999999996","493","500","362","412","423","50","59","306","8","21150","3183","2559","14887","521","365","17446","42.3","0","50","1000","1997","3.994","76","5.473748800038763","0","46.6","3.5636363636363635","10","700","423"
"218","BA","1000","2","0.1","50","0.1","0.5","1","platform","targeted","70","5","95","95","42.34610959347489","85.23120315902854","85.23120315902854","fixed","1","1","50","2953","8","50","23213930","v2.0-design-v1.0","62.4","50.7","11.699999999999996","56.97062319578876","true","65.252","24.811999999999998","50","37.6","507","500","376","440","423","64","46","296","17","21150","3355","2534","14668","593","342","17202","42.3","0","50","1000","1997","3.994","105","5.059601126923295","0","37.5","3.6555555555555554","10","700","423"
"219","BA","1000","2","0.1","50","0.1","0.5","1","platform","targeted","70","5","95","95","42.34610959347489","85.23120315902854","85.23120315902854","fixed","1","1","50","2953","9","50","23213931","v2.0-design-v1.0","64.30000000000001","50","14.300000000000011","55.58891047148155","true","66.872","26.48","50","35.699999999999996","500","500","357","428","423","71","43","300","9","21150","3148","2515","14929","558","343","17444","42.3","0","50","1000","1997","3.994","98","5.079937969086797","0","37.7","3.6535353535353536","10","700","423"
"220","BA","1000","2","0.1","50","0.1","0.5","1","platform","targeted","70","5","95","95","42.34610959347489","85.23120315902854","85.23120315902854","fixed","1","1","50","2953","10","50","23213932","v2.0-design-v1.0","62.5","48.199999999999996","14.300000000000004","56.297420333839156","true","64.54999999999998","24.056000000000008","50","37.5","482","500","375","442","423","67","54","295","7","21150","3339","2592","14672","547","349","17264","42.3","0","50","1000","1997","3.994","55","4.893660379706771","0","40.5","3.625252525252525","10","700","423"
"221","BA","1000","2","0.1","50","0.1","0.5","1","platform","targeted","70","5","95","95","42.34610959347489","85.23120315902854","85.23120315902854","fixed","1","1","50","2953","11","50","23213933","v2.0-design-v1.0","63.1","48.3","14.800000000000004","55.79672695951766","true","66.362","27.452000000000012","50","36.9","483","500","369","418","423","49","57","305","12","21150","3239","2566","14759","586","362","17325","42.3","0","50","1000","1997","3.994","47","4.703624994415262","0","38.6","3.6444444444444444","10","700","423"
"223","BA","1000","2","0.1","50","0.1","0.5","1","platform","targeted","70","5","95","95","42.34610959347489","85.23120315902854","85.23120315902854","fixed","1","1","50","2953","13","50","23213935","v2.0-design-v1.0","61.1","49.1","12","55.947891669523486","true","64.904","24.958","50","38.9","491","500","389","460","423","71","50","290","12","21150","3264","2570","14754","562","340","17324","42.3","0","50","1000","1997","3.994","142","6.4961653430438835","0","51.6","3.5131313131313133","10","700","423"
"222","BA","1000","2","0.1","50","0.1","0.5","1","platform","targeted","70","5","95","95","42.34610959347489","85.23120315902854","85.23120315902854","fixed","1","1","50","2953","12","50","23213934","v2.0-design-v1.0","64.5","48.9","15.600000000000001","55.30765208297019","true","67.234","27.257999999999992","50","35.5","489","500","355","408","423","53","55","305","10","21150","3173","2564","14883","530","360","17447","42.3","0","50","1000","1997","3.994","110","5.449739779444845","0","42.7","3.603030303030303","10","700","423"
"225","BA","1000","2","0.1","50","0.1","0.5","1","platform","targeted","70","5","95","95","42.34610959347489","85.23120315902854","85.23120315902854","fixed","1","1","50","2953","15","50","23213937","v2.0-design-v1.0","63.5","49.5","14","55.258529722124514","true","66.76","27.377999999999997","50","36.5","495","500","365","422","423","57","51","304","11","21150","3142","2544","14919","545","355","17463","42.3","0","50","1000","1997","3.994","82","5.127207061573791","0","42.9","3.601010101010101","10","700","423"
"224","BA","1000","2","0.1","50","0.1","0.5","1","platform","targeted","70","5","95","95","42.34610959347489","85.23120315902854","85.23120315902854","fixed","1","1","50","2953","14","50","23213936","v2.0-design-v1.0","61.9","49.6","12.299999999999997","55.547956915712085","true","65.908","25.925999999999995","50","38.1","496","500","381","442","423","61","49","302","11","21150","3249","2600","14738","563","351","17338","42.3","0","50","1000","1997","3.994","96","5.6147564051781815","0","47.6","3.5535353535353535","10","700","423"
"226","BA","1000","2","0.1","50","0.1","0.5","1","platform","targeted","70","5","95","95","42.34610959347489","85.23120315902854","85.23120315902854","fixed","1","1","50","2953","16","50","23213938","v2.0-design-v1.0","62.2","49","13.200000000000003","55.42729152308753","true","65.706","25.516000000000005","50","37.8","490","500","378","421","423","43","54","311","15","21150","3217","2587","14819","527","365","17406","42.3","0","50","1000","1997","3.994","78","5.1519420131156775","0","42.6","3.604040404040404","10","700","423"
"227","BA","1000","2","0.1","50","0.1","0.5","1","platform","targeted","70","5","95","95","42.34610959347489","85.23120315902854","85.23120315902854","fixed","1","1","50","2953","17","50","23213939","v2.0-design-v1.0","61.8","48.5","13.299999999999997","56.48291258801306","true","65.796","26.130000000000006","50","38.2","485","500","382","439","423","57","49","303","14","21150","3289","2534","14753","574","352","17287","42.3","0","50","1000","1997","3.994","93","5.27615407297794","0","43.8","3.591919191919192","10","700","423"
"228","BA","1000","2","0.1","50","0.1","0.5","1","platform","targeted","70","5","95","95","42.34610959347489","85.23120315902854","85.23120315902854","fixed","1","1","50","2953","18","50","23213940","v2.0-design-v1.0","61.9","47.9","14","56.34278002699056","true","64.99600000000002","25.730000000000008","50","38.1","479","500","381","461","423","80","50","286","7","21150","3340","2588","14664","558","336","17252","42.3","0","50","1000","1997","3.994","84","5.460749379323658","0","45.5","3.5747474747474746","10","700","423"
"229","BA","1000","2","0.1","50","0.1","0.5","1","platform","targeted","70","5","95","95","42.34610959347489","85.23120315902854","85.23120315902854","fixed","1","1","50","2953","19","50","23213941","v2.0-design-v1.0","62.4","48.5","13.899999999999999","55.888985255854294","true","65.362","26.022","50","37.6","485","500","376","446","423","70","61","277","15","21150","3222","2543","14829","556","338","17372","42.3","0","50","1000","1997","3.994","82","5.388599168708035","0","45.8","3.5717171717171716","10","700","423"
"230","BA","1000","2","0.1","50","0.1","0.5","1","platform","targeted","70","5","95","95","42.34610959347489","85.23120315902854","85.23120315902854","fixed","1","1","50","2953","20","50","23213942","v2.0-design-v1.0","65.1","52.300000000000004","12.79999999999999","54.60101274663873","true","67.83399999999997","26.055999999999997","50","34.9","523","500","349","413","423","64","48","302","9","21150","3127","2600","14890","533","350","17490","42.3","0","50","1000","1997","3.994","79","5.06652086087026","0","41.6","3.614141414141414","10","700","423"
"231","BA","1000","2","0.1","50","0.1","0.5","1","platform","targeted","70","5","95","95","42.34610959347489","85.23120315902854","85.23120315902854","fixed","1","1","50","2953","21","50","23213943","v2.0-design-v1.0","66.6","50.7","15.899999999999991","54.23180592991914","true","68.94","28.55000000000002","50","33.4","507","500","334","377","423","43","62","307","11","21150","3018","2547","15067","518","369","17614","42.3","0","50","1000","1997","3.994","71","5.0773756748682315","0","43.5","3.594949494949495","10","700","423"
"232","BA","1000","2","0.1","50","0.1","0.5","1","platform","targeted","70","5","95","95","42.34610959347489","85.23120315902854","85.23120315902854","fixed","1","1","50","2953","22","50","23213944","v2.0-design-v1.0","60.8","49.2","11.599999999999994","56.90589031821259","true","64.73199999999999","24.605999999999995","50","39.2","492","500","392","470","423","78","54","281","10","21150","3362","2546","14659","583","335","17205","42.3","0","50","1000","1997","3.994","68","5.0042988526872465","0","43.2","3.597979797979798","10","700","423"
"233","BA","1000","2","0.1","50","0.1","0.5","1","platform","targeted","70","5","95","95","42.34610959347489","85.23120315902854","85.23120315902854","fixed","1","1","50","2953","23","50","23213945","v2.0-design-v1.0","64.2","50.9","13.300000000000004","55.63031161473088","true","67.508","27.205999999999996","50","35.8","509","500","358","419","423","61","57","291","14","21150","3142","2506","14981","521","348","17487","42.3","0","50","1000","1997","3.994","74","4.9321689235355874","0","40.7","3.6232323232323234","10","700","423"
"234","BA","1000","2","0.1","50","0.1","0.5","1","platform","targeted","70","5","95","95","42.34610959347489","85.23120315902854","85.23120315902854","fixed","1","1","50","2953","24","50","23213946","v2.0-design-v1.0","62.9","48.8","14.100000000000001","55.319148936170215","true","66.244","27.358","50","37.1","488","500","371","424","423","53","48","309","13","21150","3146","2541","14945","518","357","17486","42.3","0","50","1000","1997","3.994","126","6.2721051731698205","0","48.5","3.5444444444444443","10","700","423"
"235","BA","1000","2","0.1","50","0.1","0.5","1","platform","targeted","70","5","95","95","42.34610959347489","85.23120315902854","85.23120315902854","fixed","1","1","50","2953","25","50","23213947","v2.0-design-v1.0","65.6","49.3","16.299999999999997","55.258529722124514","true","67.01","26.71800000000001","50","34.4","493","500","344","400","423","56","48","310","9","21150","3142","2544","14907","557","358","17451","42.3","0","50","1000","1997","3.994","53","4.7961408410269675","0","40.1","3.6292929292929292","10","700","423"
"236","BA","1000","2","0.1","50","0.1","0.5","1","platform","targeted","70","5","95","95","42.34610959347489","85.23120315902854","85.23120315902854","fixed","1","1","50","2953","26","50","23213948","v2.0-design-v1.0","61.8","50","11.799999999999997","57.28420334356875","true","65.90800000000002","25.15599999999999","50","38.2","500","500","382","467","423","85","38","281","19","21150","3358","2504","14705","583","319","17209","42.3","0","50","1000","1997","3.994","78","4.803648513269777","0","37.1","3.6595959595959595","10","700","423"
"237","BA","1000","2","0.1","50","0.1","0.5","1","platform","targeted","70","5","95","95","42.34610959347489","85.23120315902854","85.23120315902854","fixed","1","1","50","2953","27","50","23213949","v2.0-design-v1.0","63.1","48.6","14.5","56.08596089483883","true","66.60600000000001","27.337999999999994","50","36.9","486","500","369","453","423","84","35","295","9","21150","3184","2493","14905","568","330","17398","42.3","0","50","1000","1997","3.994","68","5.110389425482173","0","43.3","3.596969696969697","10","700","423"
"238","BA","1000","2","0.1","50","0.1","0.5","1","platform","targeted","70","5","95","95","42.34610959347489","85.23120315902854","85.23120315902854","fixed","1","1","50","2953","28","50","23213950","v2.0-design-v1.0","62.8","49.6","13.199999999999996","57.09128416709645","true","66.28399999999999","26.714000000000006","50","37.2","496","500","372","432","423","60","66","281","16","21150","3321","2496","14739","594","347","17235","42.3","0","50","1000","1997","3.994","67","5.083089788878581","0","42.5","3.605050505050505","10","700","423"
"239","BA","1000","2","0.1","50","0.1","0.5","1","platform","targeted","70","5","95","95","42.34610959347489","85.23120315902854","85.23120315902854","fixed","1","1","50","2953","29","50","23213951","v2.0-design-v1.0","64.80000000000001","50.7","14.100000000000009","55.003548616039744","true","67.36200000000001","27.155999999999995","50","35.199999999999996","507","500","352","414","423","62","49","300","12","21150","3100","2536","14966","548","349","17502","42.3","0","50","1000","1997","3.994","63","4.978830460334296","0","40.7","3.6232323232323234","10","700","423"
"241","BA","1000","2","0.1","50","0.1","0.5","1","platform","targeted","70","5","95","95","54.84621589804818","74.77505546922065","74.77505546922065","fixed","1","1","50","2954","1","50","23214923","v2.0-design-v1.0","95.1","74.9","20.19999999999999","25.891136801541425","true","86.97800000000001","28.442000000000004","50","4.9","749","500","49","63","548","14","144","388","2","27400","2150","6154","18361","735","532","24515","54.8","0","50","1000","1997","3.994","54","4.784020364803094","0","40.3","3.6272727272727274","10","700","548"
"240","BA","1000","2","0.1","50","0.1","0.5","1","platform","targeted","70","5","95","95","42.34610959347489","85.23120315902854","85.23120315902854","fixed","1","1","50","2953","30","50","23213952","v2.0-design-v1.0","63","51.1","11.899999999999999","55.9746271215498","true","66.196","25.626000000000005","50","37","511","500","370","443","423","73","56","282","12","21150","3265","2568","14736","581","338","17304","42.3","0","50","1000","1997","3.994","60","4.793009173466793","0","39","3.6404040404040403","10","700","423"
"242","BA","1000","2","0.1","50","0.1","0.5","1","platform","targeted","70","5","95","95","54.84621589804818","74.77505546922065","74.77505546922065","fixed","1","1","50","2954","2","50","23214924","v2.0-design-v1.0","98","87","11","20.205219153787688","true","92.31599999999999","26.646","50","2","870","500","20","29","548","9","132","405","2","27400","1595","6299","18988","518","537","25287","54.8","0","50","1000","1997","3.994","89","5.419532759872872","0","45.3","3.576767676767677","10","700","548"
"243","BA","1000","2","0.1","50","0.1","0.5","1","platform","targeted","70","5","95","95","54.84621589804818","74.77505546922065","74.77505546922065","fixed","1","1","50","2954","3","50","23214925","v2.0-design-v1.0","92.1","68.89999999999999","23.200000000000003","26.55773686135837","true","85.19","29.079999999999995","50","7.9","689","500","79","96","548","17","100","427","4","27400","2178","6023","18431","768","527","24454","54.8","0","50","1000","1997","3.994","75","5.362155976537477","0","44.9","3.580808080808081","10","700","548"
"244","BA","1000","2","0.1","50","0.1","0.5","1","platform","targeted","70","5","95","95","54.84621589804818","74.77505546922065","74.77505546922065","fixed","1","1","50","2954","4","50","23214926","v2.0-design-v1.0","98.9","82.6","16.30000000000001","20.682248894504106","true","91.692","28.744","50","1.0999999999999999","826","500","11","15","548","4","142","402","0","27400","1637","6278","18945","540","544","25223","54.8","0","50","1000","1997","3.994","86","5.433552013875216","0","47.8","3.5515151515151517","10","700","548"
"245","BA","1000","2","0.1","50","0.1","0.5","1","platform","targeted","70","5","95","95","54.84621589804818","74.77505546922065","74.77505546922065","fixed","1","1","50","2954","5","50","23214927","v2.0-design-v1.0","98.1","84.8","13.299999999999997","21.403552664498374","true","90.84200000000003","25.583999999999993","50","1.9","848","500","19","32","548","13","130","402","3","27400","1711","6283","18844","562","532","25127","54.8","0","50","1000","1997","3.994","78","5.087617109005722","0","41.5","3.6151515151515152","10","700","548"
"246","BA","1000","2","0.1","50","0.1","0.5","1","platform","targeted","70","5","95","95","54.84621589804818","74.77505546922065","74.77505546922065","fixed","1","1","50","2954","6","50","23214928","v2.0-design-v1.0","95.2","79.2","16","24.328899637243047","true","87.97999999999998","26.744","50","4.8","792","500","48","60","548","12","125","407","4","27400","2012","6258","18458","672","532","24716","54.8","0","50","1000","1997","3.994","76","5.473383041768758","0","45.8","3.5717171717171716","10","700","548"
"247","BA","1000","2","0.1","50","0.1","0.5","1","platform","targeted","70","5","95","95","54.84621589804818","74.77505546922065","74.77505546922065","fixed","1","1","50","2954","7","50","23214929","v2.0-design-v1.0","95.2","84.3","10.900000000000006","26.201808662541648","true","87.67200000000003","24.350000000000005","50","4.8","843","500","48","53","548","5","136","400","7","27400","2202","6202","18179","817","536","24381","54.8","0","50","1000","1997","3.994","90","5.381163528542953","0","44.7","3.5828282828282827","10","700","548"
"248","BA","1000","2","0.1","50","0.1","0.5","1","platform","targeted","70","5","95","95","54.84621589804818","74.77505546922065","74.77505546922065","fixed","1","1","50","2954","8","50","23214930","v2.0-design-v1.0","97.5","81.39999999999999","16.10000000000001","25.128330481544854","true","88.68599999999998","26.146","50","2.5","814","500","25","42","548","17","129","400","2","27400","2056","6126","18496","722","529","24622","54.8","0","50","1000","1997","3.994","67","4.752320333116071","0","36.8","3.6626262626262625","10","700","548"
"249","BA","1000","2","0.1","50","0.1","0.5","1","platform","targeted","70","5","95","95","54.84621589804818","74.77505546922065","74.77505546922065","fixed","1","1","50","2954","9","50","23214931","v2.0-design-v1.0","94.6","76.8","17.799999999999997","24.89969604863222","true","87.124","26.99999999999999","50","5.4","768","500","54","67","548","13","113","417","5","27400","2048","6177","18527","648","530","24704","54.8","0","50","1000","1997","3.994","71","4.831284022421496","0","39.1","3.639393939393939","10","700","548"
"250","BA","1000","2","0.1","50","0.1","0.5","1","platform","targeted","70","5","95","95","54.84621589804818","74.77505546922065","74.77505546922065","fixed","1","1","50","2954","10","50","23214932","v2.0-design-v1.0","95.2","76.6","18.60000000000001","24.970344009489917","true","87.38600000000001","28.186","50","4.8","766","500","48","60","548","12","123","409","4","27400","2105","6325","18247","723","532","24572","54.8","0","50","1000","1997","3.994","59","4.728882143416798","0","38.2","3.6484848484848484","10","700","548"
"251","BA","1000","2","0.1","50","0.1","0.5","1","platform","targeted","70","5","95","95","54.84621589804818","74.77505546922065","74.77505546922065","fixed","1","1","50","2954","11","50","23214933","v2.0-design-v1.0","97.6","83.2","14.399999999999991","22.118843815903734","true","89.83200000000002","25.944000000000003","50","2.4","832","500","24","27","548","3","149","394","2","27400","1783","6278","18723","616","543","25001","54.8","0","50","1000","1997","3.994","114","5.819435525016998","0","49.9","3.5303030303030303","10","700","548"
"253","BA","1000","2","0.1","50","0.1","0.5","1","platform","targeted","70","5","95","95","54.84621589804818","74.77505546922065","74.77505546922065","fixed","1","1","50","2954","13","50","23214935","v2.0-design-v1.0","98.1","83.89999999999999","14.200000000000003","20.279365079365082","true","91.55400000000002","27.593999999999998","50","1.9","839","500","19","33","548","14","132","400","2","27400","1597","6278","19015","510","532","25293","54.8","0","50","1000","1997","3.994","101","5.679984702992268","0","44.6","3.583838383838384","10","700","548"
"252","BA","1000","2","0.1","50","0.1","0.5","1","platform","targeted","70","5","95","95","54.84621589804818","74.77505546922065","74.77505546922065","fixed","1","1","50","2954","12","50","23214934","v2.0-design-v1.0","93.9","74","19.900000000000006","26.830143540669855","true","86.22399999999999","28.375999999999998","50","6.1","740","500","61","79","548","18","137","388","5","27400","2243","6117","18257","783","525","24374","54.8","0","50","1000","1997","3.994","88","5.133645714140998","0","41.5","3.6151515151515152","10","700","548"
"254","BA","1000","2","0.1","50","0.1","0.5","1","platform","targeted","70","5","95","95","54.84621589804818","74.77505546922065","74.77505546922065","fixed","1","1","50","2954","14","50","23214936","v2.0-design-v1.0","97.2","81.10000000000001","16.099999999999994","21.38092885375494","true","90.24199999999998","28.237999999999996","50","2.8000000000000003","811","500","28","38","548","10","130","404","4","27400","1731","6365","18767","537","534","25132","54.8","0","50","1000","1997","3.994","64","4.81197663326819","0","38.4","3.6464646464646466","10","700","548"
"255","BA","1000","2","0.1","50","0.1","0.5","1","platform","targeted","70","5","95","95","54.84621589804818","74.77505546922065","74.77505546922065","fixed","1","1","50","2954","15","50","23214937","v2.0-design-v1.0","88.1","66.8","21.299999999999997","29.029250670085073","true","82.28","27.077999999999996","50","11.899999999999999","668","500","119","146","548","27","141","364","16","27400","2491","6090","18015","804","505","24105","54.8","0","50","1000","1997","3.994","83","5.232336126563474","0","43.5","3.594949494949495","10","700","548"
"256","BA","1000","2","0.1","50","0.1","0.5","1","platform","targeted","70","5","95","95","54.84621589804818","74.77505546922065","74.77505546922065","fixed","1","1","50","2954","16","50","23214938","v2.0-design-v1.0","95.8","81","14.799999999999997","23.723613156602845","true","88.69400000000003","26.547999999999988","50","4.2","810","500","42","64","548","22","134","390","2","27400","1933","6215","18587","665","524","24802","54.8","0","50","1000","1997","3.994","87","5.5312348131821745","0","47.5","3.5545454545454547","10","700","548"
"257","BA","1000","2","0.1","50","0.1","0.5","1","platform","targeted","70","5","95","95","54.84621589804818","74.77505546922065","74.77505546922065","fixed","1","1","50","2954","17","50","23214939","v2.0-design-v1.0","93","71.39999999999999","21.60000000000001","27.981705171807203","true","84.35599999999998","26.991999999999994","50","7.000000000000001","714","500","70","90","548","20","131","394","3","27400","2386","6141","18103","770","525","24244","54.8","0","50","1000","1997","3.994","105","5.690197038973448","0","45.5","3.5747474747474746","10","700","548"
"258","BA","1000","2","0.1","50","0.1","0.5","1","platform","targeted","70","5","95","95","54.84621589804818","74.77505546922065","74.77505546922065","fixed","1","1","50","2954","18","50","23214940","v2.0-design-v1.0","95.8","81.3","14.5","24.840294840294842","true","88.56200000000003","26.20200000000001","50","4.2","813","500","42","58","548","16","121","404","7","27400","2022","6118","18577","683","525","24695","54.8","0","50","1000","1997","3.994","120","5.937104783748852","0","48.2","3.5474747474747477","10","700","548"
"259","BA","1000","2","0.1","50","0.1","0.5","1","platform","targeted","70","5","95","95","54.84621589804818","74.77505546922065","74.77505546922065","fixed","1","1","50","2954","19","50","23214941","v2.0-design-v1.0","96.7","81.5","15.200000000000003","23.183734192908506","true","89.402","27.445999999999998","50","3.3000000000000003","815","500","33","46","548","13","138","391","6","27400","1870","6196","18719","615","529","24915","54.8","0","50","1000","1997","3.994","90","5.547678860635379","0","46","3.56969696969697","10","700","548"
"260","BA","1000","2","0.1","50","0.1","0.5","1","platform","targeted","70","5","95","95","54.84621589804818","74.77505546922065","74.77505546922065","fixed","1","1","50","2954","20","50","23214942","v2.0-design-v1.0","93.8","73.7","20.099999999999994","25.944491991686025","true","86.16599999999998","28.37","50","6.2","737","500","62","84","548","22","127","394","5","27400","2122","6057","18536","685","521","24593","54.8","0","50","1000","1997","3.994","64","5.062765607412169","0","43.5","3.594949494949495","10","700","548"
"261","BA","1000","2","0.1","50","0.1","0.5","1","platform","targeted","70","5","95","95","54.84621589804818","74.77505546922065","74.77505546922065","fixed","1","1","50","2954","21","50","23214943","v2.0-design-v1.0","96.9","83.2","13.700000000000003","22.640814823904773","true","90.28199999999998","26.80800000000001","50","3.1","832","500","31","52","548","21","133","388","6","27400","1845","6304","18634","617","521","24938","54.8","0","50","1000","1997","3.994","84","5.044939584912324","0","40.2","3.628282828282828","10","700","548"
"262","BA","1000","2","0.1","50","0.1","0.5","1","platform","targeted","70","5","95","95","54.84621589804818","74.77505546922065","74.77505546922065","fixed","1","1","50","2954","22","50","23214944","v2.0-design-v1.0","98.2","79.9","18.299999999999997","23.800872093023255","true","88.156","27.323999999999998","50","1.7999999999999998","799","500","18","23","548","5","143","400","0","27400","1965","6291","18476","668","543","24767","54.8","0","50","1000","1997","3.994","94","5.401586909523999","0","45.1","3.5787878787878786","10","700","548"
"263","BA","1000","2","0.1","50","0.1","0.5","1","platform","targeted","70","5","95","95","54.84621589804818","74.77505546922065","74.77505546922065","fixed","1","1","50","2954","23","50","23214945","v2.0-design-v1.0","97.4","81.2","16.200000000000003","23.54190083676783","true","89.65","28.218000000000004","50","2.6","812","500","26","30","548","4","130","411","3","27400","1885","6122","18691","702","541","24813","54.8","0","50","1000","1997","3.994","67","4.953231117008209","0","39.9","3.6313131313131315","10","700","548"
"264","BA","1000","2","0.1","50","0.1","0.5","1","platform","targeted","70","5","95","95","54.84621589804818","74.77505546922065","74.77505546922065","fixed","1","1","50","2954","24","50","23214946","v2.0-design-v1.0","97.2","81.3","15.900000000000006","23.7647919970721","true","89.484","27.521999999999995","50","2.8000000000000003","813","500","28","43","548","15","122","408","3","27400","1948","6249","18565","638","530","24814","54.8","0","50","1000","1997","3.994","74","4.9201800955018005","0","40.5","3.625252525252525","10","700","548"
"265","BA","1000","2","0.1","50","0.1","0.5","1","platform","targeted","70","5","95","95","54.84621589804818","74.77505546922065","74.77505546922065","fixed","1","1","50","2954","25","50","23214947","v2.0-design-v1.0","95.7","81","14.700000000000003","23.825958338469125","true","89.85599999999997","27.869999999999987","50","4.3","810","500","43","55","548","12","124","405","7","27400","1933","6180","18626","661","529","24806","54.8","0","50","1000","1997","3.994","70","5.061183614489742","0","42.3","3.607070707070707","10","700","548"
"266","BA","1000","2","0.1","50","0.1","0.5","1","platform","targeted","70","5","95","95","54.84621589804818","74.77505546922065","74.77505546922065","fixed","1","1","50","2954","26","50","23214948","v2.0-design-v1.0","96.4","79.2","17.200000000000003","23.922148312392213","true","88.86999999999998","27.693999999999996","50","3.5999999999999996","792","500","36","50","548","14","127","399","8","27400","1942","6176","18633","649","526","24809","54.8","0","50","1000","1997","3.994","74","5.351130590688152","0","45.1","3.5787878787878786","10","700","548"
"267","BA","1000","2","0.1","50","0.1","0.5","1","platform","targeted","70","5","95","95","54.84621589804818","74.77505546922065","74.77505546922065","fixed","1","1","50","2954","27","50","23214949","v2.0-design-v1.0","94.1","78.8","15.299999999999997","25.452395032525132","true","88.28799999999997","27.501999999999995","50","5.8999999999999995","788","500","59","78","548","19","136","389","4","27400","2152","6303","18254","691","525","24557","54.8","0","50","1000","1997","3.994","96","5.582394390145421","0","46.1","3.5686868686868687","10","700","548"
"268","BA","1000","2","0.1","50","0.1","0.5","1","platform","targeted","70","5","95","95","54.84621589804818","74.77505546922065","74.77505546922065","fixed","1","1","50","2954","28","50","23214950","v2.0-design-v1.0","90.5","72.1","18.400000000000006","28.081632653061224","true","83.79000000000002","26.104","50","9.5","721","500","95","118","548","23","134","381","10","27400","2408","6167","17971","854","515","24138","54.8","0","50","1000","1997","3.994","72","5.022468435857919","0","41.2","3.618181818181818","10","700","548"
"269","BA","1000","2","0.1","50","0.1","0.5","1","platform","targeted","70","5","95","95","54.84621589804818","74.77505546922065","74.77505546922065","fixed","1","1","50","2954","29","50","23214951","v2.0-design-v1.0","96.7","83","13.700000000000003","22.878228782287824","true","89.93799999999999","24.940000000000005","50","3.3000000000000003","830","500","33","43","548","10","146","385","7","27400","1860","6270","18587","683","531","24857","54.8","0","50","1000","1997","3.994","96","5.365515143278663","0","43.3","3.596969696969697","10","700","548"
"270","BA","1000","2","0.1","50","0.1","0.5","1","platform","targeted","70","5","95","95","54.84621589804818","74.77505546922065","74.77505546922065","fixed","1","1","50","2954","30","50","23214952","v2.0-design-v1.0","89.4","67.10000000000001","22.299999999999997","27.76603241719521","true","83.71999999999998","28.37","50","10.6","671","500","106","136","548","30","125","383","10","27400","2364","6150","18083","803","508","24233","54.8","0","50","1000","1997","3.994","68","4.852165239097634","0","40.6","3.624242424242424","10","700","548"
"271","BA","1000","2","0.1","50","0.1","0.5","1","platform","targeted","70","5","95","95","83.28394923889145","84.82336965786513","84.82336965786513","fixed","1","1","50","2955","1","50","23215923","v2.0-design-v1.0","100","100","0","10.221835580687255","true","99.354","15.814000000000005","50","0","1000","500","0","0","833","0","121","712","0","41650","705","6192","34610","143","833","40802","83.3","0","50","1000","1997","3.994","93","6.393813012971614","0","56.5","3.463636363636364","10","700","833"
"272","BA","1000","2","0.1","50","0.1","0.5","1","platform","targeted","70","5","95","95","83.28394923889145","84.82336965786513","84.82336965786513","fixed","1","1","50","2955","2","50","23215924","v2.0-design-v1.0","100","99.7","0.29999999999999716","10.178756093957748","true","99.43","17.037999999999997","50","0","997","500","0","0","833","0","106","727","0","41650","689","6080","34765","116","833","40845","83.3","0","50","1000","1997","3.994","75","4.792591463178644","0","37.5","3.6555555555555554","10","700","833"
"273","BA","1000","2","0.1","50","0.1","0.5","1","platform","targeted","70","5","95","95","83.28394923889145","84.82336965786513","84.82336965786513","fixed","1","1","50","2955","3","50","23215925","v2.0-design-v1.0","100","99.7","0.29999999999999716","9.234790184405401","true","99.396","16.13","50","0","997","500","0","0","833","0","118","715","0","41650","636","6251","34646","117","833","40897","83.3","0","50","1000","1997","3.994","61","4.672022237938482","0","38","3.6505050505050507","10","700","833"
"274","BA","1000","2","0.1","50","0.1","0.5","1","platform","targeted","70","5","95","95","83.28394923889145","84.82336965786513","84.82336965786513","fixed","1","1","50","2955","4","50","23215926","v2.0-design-v1.0","100","99.9","0.09999999999999432","9.890270665691295","true","99.36","15.326000000000008","50","0","999","500","0","0","833","0","112","721","0","41650","676","6159","34690","125","833","40849","83.3","0","50","1000","1997","3.994","81","4.937848351898452","0","40.3","3.6272727272727274","10","700","833"
"275","BA","1000","2","0.1","50","0.1","0.5","1","platform","targeted","70","5","95","95","83.28394923889145","84.82336965786513","84.82336965786513","fixed","1","1","50","2955","5","50","23215927","v2.0-design-v1.0","100","99.4","0.5999999999999943","9.92588286586252","true","99.39200000000001","16.234","50","0","994","500","0","0","833","0","133","700","0","41650","683","6198","34629","140","833","40827","83.3","0","50","1000","1997","3.994","76","4.971788680412977","0","40.5","3.625252525252525","10","700","833"
"276","BA","1000","2","0.1","50","0.1","0.5","1","platform","targeted","70","5","95","95","83.28394923889145","84.82336965786513","84.82336965786513","fixed","1","1","50","2955","6","50","23215928","v2.0-design-v1.0","100","99.9","0.09999999999999432","10.304347826086957","true","99.384","15.112000000000005","50","0","999","500","0","0","833","0","120","713","0","41650","711","6189","34617","133","833","40806","83.3","0","50","1000","1997","3.994","72","5.003898780251545","0","40.6","3.624242424242424","10","700","833"
"277","BA","1000","2","0.1","50","0.1","0.5","1","platform","targeted","70","5","95","95","83.28394923889145","84.82336965786513","84.82336965786513","fixed","1","1","50","2955","7","50","23215929","v2.0-design-v1.0","100","99.5","0.5","9.93770824279299","true","99.404","15.800000000000002","50","0","995","500","0","0","833","0","122","711","0","41650","686","6217","34634","113","833","40851","83.3","0","50","1000","1997","3.994","50","4.829211662920279","0","40.2","3.628282828282828","10","700","833"
"278","BA","1000","2","0.1","50","0.1","0.5","1","platform","targeted","70","5","95","95","83.28394923889145","84.82336965786513","84.82336965786513","fixed","1","1","50","2955","8","50","23215930","v2.0-design-v1.0","100","99.8","0.20000000000000284","9.666714759774925","true","99.45200000000001","16.146","50","0","998","500","0","0","833","0","123","710","0","41650","670","6261","34618","101","833","40879","83.3","0","50","1000","1997","3.994","87","4.9766184031660075","0","39.8","3.632323232323232","10","700","833"
"279","BA","1000","2","0.1","50","0.1","0.5","1","platform","targeted","70","5","95","95","83.28394923889145","84.82336965786513","84.82336965786513","fixed","1","1","50","2955","9","50","23215931","v2.0-design-v1.0","100","99.9","0.09999999999999432","9.25925925925926","true","99.454","15.316","50","0","999","500","0","0","833","0","122","711","0","41650","645","6321","34581","103","833","40902","83.3","0","50","1000","1997","3.994","76","5.2133619808280205","0","42.9","3.601010101010101","10","700","833"
"280","BA","1000","2","0.1","50","0.1","0.5","1","platform","targeted","70","5","95","95","83.28394923889145","84.82336965786513","84.82336965786513","fixed","1","1","50","2955","10","50","23215932","v2.0-design-v1.0","100","99.4","0.5999999999999943","10.17420582637974","true","99.4","16.014000000000006","50","0","994","500","0","0","833","0","118","715","0","41650","695","6136","34679","140","833","40815","83.3","0","50","1000","1997","3.994","72","4.92871750623386","0","40.1","3.6292929292929292","10","700","833"
"281","BA","1000","2","0.1","50","0.1","0.5","1","platform","targeted","70","5","95","95","83.28394923889145","84.82336965786513","84.82336965786513","fixed","1","1","50","2955","11","50","23215933","v2.0-design-v1.0","100","99.8","0.20000000000000284","10.09348524685948","true","99.34200000000001","16.09199999999999","50","0","998","500","0","0","833","0","146","687","0","41650","691","6155","34682","122","833","40837","83.3","0","50","1000","1997","3.994","69","5.335956937273421","0","47.8","3.5515151515151517","10","700","833"
"282","BA","1000","2","0.1","50","0.1","0.5","1","platform","targeted","70","5","95","95","83.28394923889145","84.82336965786513","84.82336965786513","fixed","1","1","50","2955","12","50","23215934","v2.0-design-v1.0","100","99.8","0.20000000000000284","9.512991622887974","true","99.40799999999999","14.912","50","0","998","500","0","0","833","0","148","685","0","41650","670","6373","34497","110","833","40870","83.3","0","50","1000","1997","3.994","66","4.869258020856317","0","38.5","3.6454545454545455","10","700","833"
"283","BA","1000","2","0.1","50","0.1","0.5","1","platform","targeted","70","5","95","95","83.28394923889145","84.82336965786513","84.82336965786513","fixed","1","1","50","2955","13","50","23215935","v2.0-design-v1.0","100","99.9","0.09999999999999432","9.685442574981712","true","99.38799999999999","15.256000000000002","50","0","999","500","0","0","833","0","117","716","0","41650","662","6173","34695","120","833","40868","83.3","0","50","1000","1997","3.994","73","5.109605862693517","0","42.4","3.606060606060606","10","700","833"
"284","BA","1000","2","0.1","50","0.1","0.5","1","platform","targeted","70","5","95","95","83.28394923889145","84.82336965786513","84.82336965786513","fixed","1","1","50","2955","14","50","23215936","v2.0-design-v1.0","100","99.6","0.4000000000000057","9.89467438065569","true","99.366","15.842","50","0","996","500","0","0","833","0","124","709","0","41650","667","6074","34771","138","833","40845","83.3","0","50","1000","1997","3.994","78","5.1133267165427645","0","42.4","3.606060606060606","10","700","833"
"285","BA","1000","2","0.1","50","0.1","0.5","1","platform","targeted","70","5","95","95","83.28394923889145","84.82336965786513","84.82336965786513","fixed","1","1","50","2955","15","50","23215937","v2.0-design-v1.0","100","99.6","0.4000000000000057","9.511871405397434","true","99.41799999999999","16.156000000000002","50","0","996","500","0","0","833","0","105","728","0","41650","645","6136","34763","106","833","40899","83.3","0","50","1000","1997","3.994","77","4.939672495658415","0","40","3.6303030303030304","10","700","833"
"286","BA","1000","2","0.1","50","0.1","0.5","1","platform","targeted","70","5","95","95","83.28394923889145","84.82336965786513","84.82336965786513","fixed","1","1","50","2955","16","50","23215938","v2.0-design-v1.0","100","99.8","0.20000000000000284","10.214192044295498","true","99.384","15.538","50","0","998","500","0","0","833","0","117","716","0","41650","701","6162","34649","138","833","40811","83.3","0","50","1000","1997","3.994","65","4.790502365401025","0","39.8","3.632323232323232","10","700","833"
"287","BA","1000","2","0.1","50","0.1","0.5","1","platform","targeted","70","5","95","95","83.28394923889145","84.82336965786513","84.82336965786513","fixed","1","1","50","2955","17","50","23215939","v2.0-design-v1.0","100","99.6","0.4000000000000057","9.44653723558389","true","99.436","15.294000000000006","50","0","996","500","0","0","833","0","118","715","0","41650","652","6250","34628","120","833","40878","83.3","0","50","1000","1997","3.994","75","4.806564996654782","0","37.6","3.6545454545454548","10","700","833"
"288","BA","1000","2","0.1","50","0.1","0.5","1","platform","targeted","70","5","95","95","83.28394923889145","84.82336965786513","84.82336965786513","fixed","1","1","50","2955","18","50","23215940","v2.0-design-v1.0","100","99.7","0.29999999999999716","10.076291924571757","true","99.36","15.331999999999992","50","0","997","500","0","0","833","0","122","711","0","41650","700","6247","34574","129","833","40821","83.3","0","50","1000","1997","3.994","65","5.150387411689569","0","43.5","3.594949494949495","10","700","833"
"289","BA","1000","2","0.1","50","0.1","0.5","1","platform","targeted","70","5","95","95","83.28394923889145","84.82336965786513","84.82336965786513","fixed","1","1","50","2955","19","50","23215941","v2.0-design-v1.0","100","99.8","0.20000000000000284","9.941775836972344","true","99.344","15.232000000000003","50","0","998","500","0","0","833","0","134","699","0","41650","683","6187","34655","125","833","40842","83.3","0","50","1000","1997","3.994","103","5.487629550004076","0","45","3.5797979797979798","10","700","833"
"290","BA","1000","2","0.1","50","0.1","0.5","1","platform","targeted","70","5","95","95","83.28394923889145","84.82336965786513","84.82336965786513","fixed","1","1","50","2955","20","50","23215942","v2.0-design-v1.0","100","100","0","9.931456905352194","true","99.444","15.310000000000004","50","0","1000","500","0","0","833","0","128","705","0","41650","681","6176","34683","110","833","40859","83.3","0","50","1000","1997","3.994","78","5.3216805883371245","0","44.8","3.581818181818182","10","700","833"
"291","BA","1000","2","0.1","50","0.1","0.5","1","platform","targeted","70","5","95","95","83.28394923889145","84.82336965786513","84.82336965786513","fixed","1","1","50","2955","21","50","23215943","v2.0-design-v1.0","100","99.3","0.7000000000000028","10.421580188679245","true","99.382","15.664000000000001","50","0","993","500","0","0","833","0","115","718","0","41650","707","6077","34740","126","833","40817","83.3","0","50","1000","1997","3.994","143","6.354237982664854","0","50","3.529292929292929","10","700","833"
"292","BA","1000","2","0.1","50","0.1","0.5","1","platform","targeted","70","5","95","95","83.28394923889145","84.82336965786513","84.82336965786513","fixed","1","1","50","2955","22","50","23215944","v2.0-design-v1.0","100","99.8","0.20000000000000284","9.483500717360114","true","99.432","15.369999999999994","50","0","998","500","0","0","833","0","135","698","0","41650","661","6309","34562","118","833","40871","83.3","0","50","1000","1997","3.994","90","5.096463277405012","0","39.5","3.6353535353535356","10","700","833"
"293","BA","1000","2","0.1","50","0.1","0.5","1","platform","targeted","70","5","95","95","83.28394923889145","84.82336965786513","84.82336965786513","fixed","1","1","50","2955","23","50","23215945","v2.0-design-v1.0","100","99.6","0.4000000000000057","10.19804906887378","true","99.412","16.09","50","0","996","500","0","0","833","0","134","699","0","41650","690","6076","34758","126","833","40834","83.3","0","50","1000","1997","3.994","67","5.310948142297198","0","46.3","3.566666666666667","10","700","833"
"294","BA","1000","2","0.1","50","0.1","0.5","1","platform","targeted","70","5","95","95","83.28394923889145","84.82336965786513","84.82336965786513","fixed","1","1","50","2955","24","50","23215946","v2.0-design-v1.0","100","99.6","0.4000000000000057","10.06711409395973","true","99.404","16.006","50","0","996","500","0","0","833","0","150","683","0","41650","705","6298","34544","103","833","40842","83.3","0","50","1000","1997","3.994","86","5.011694432133806","0","40.2","3.628282828282828","10","700","833"
"295","BA","1000","2","0.1","50","0.1","0.5","1","platform","targeted","70","5","95","95","83.28394923889145","84.82336965786513","84.82336965786513","fixed","1","1","50","2955","25","50","23215947","v2.0-design-v1.0","100","99.8","0.20000000000000284","9.782608695652174","true","99.47","16.512000000000004","50","0","998","500","0","0","833","0","130","703","0","41650","666","6142","34723","119","833","40865","83.3","0","50","1000","1997","3.994","74","5.254290777219268","0","43.5","3.594949494949495","10","700","833"
"296","BA","1000","2","0.1","50","0.1","0.5","1","platform","targeted","70","5","95","95","83.28394923889145","84.82336965786513","84.82336965786513","fixed","1","1","50","2955","26","50","23215948","v2.0-design-v1.0","100","99.7","0.29999999999999716","10.923764231157227","true","99.32600000000001","15.691999999999993","50","0","997","500","0","0","833","0","135","698","0","41650","758","6181","34567","144","833","40748","83.3","0","50","1000","1997","3.994","63","5.280894985876137","0","45.8","3.5717171717171716","10","700","833"
"297","BA","1000","2","0.1","50","0.1","0.5","1","platform","targeted","70","5","95","95","83.28394923889145","84.82336965786513","84.82336965786513","fixed","1","1","50","2955","27","50","23215949","v2.0-design-v1.0","100","99.6","0.4000000000000057","9.482636428065202","true","99.404","15.536000000000003","50","0","996","500","0","0","833","0","144","689","0","41650","669","6386","34475","120","833","40861","83.3","0","50","1000","1997","3.994","54","4.628107970151869","0","35.6","3.6747474747474747","10","700","833"
"298","BA","1000","2","0.1","50","0.1","0.5","1","platform","targeted","70","5","95","95","83.28394923889145","84.82336965786513","84.82336965786513","fixed","1","1","50","2955","28","50","23215950","v2.0-design-v1.0","100","99.6","0.4000000000000057","10.178492403009294","true","99.456","15.501999999999999","50","0","996","500","0","0","833","0","123","710","0","41650","690","6089","34761","110","833","40850","83.3","0","50","1000","1997","3.994","71","5.178298830579275","0","44.2","3.587878787878788","10","700","833"
"299","BA","1000","2","0.1","50","0.1","0.5","1","platform","targeted","70","5","95","95","83.28394923889145","84.82336965786513","84.82336965786513","fixed","1","1","50","2955","29","50","23215951","v2.0-design-v1.0","100","99.7","0.29999999999999716","9.669776395675996","true","99.486","15.537999999999997","50","0","997","500","0","0","833","0","127","706","0","41650","653","6100","34791","106","833","40891","83.3","0","50","1000","1997","3.994","92","5.681218200372188","0","48.8","3.5414141414141413","10","700","833"
"300","BA","1000","2","0.1","50","0.1","0.5","1","platform","targeted","70","5","95","95","83.28394923889145","84.82336965786513","84.82336965786513","fixed","1","1","50","2955","30","50","23215952","v2.0-design-v1.0","100","100","0","10.459220628712155","true","99.396","15.373999999999997","50","0","1000","500","0","0","833","0","116","717","0","41650","722","6181","34616","131","833","40797","83.3","0","50","1000","1997","3.994","103","5.419348054271219","0","43.2","3.597979797979798","10","700","833"
"301","BA","1000","2","0.1","50","0.1","0.5","1","platform","targeted","70","5","95","95","58.50503403102706","76.17254495853271","76.17254495853271","fixed","1","1","50","2956","1","50","23216923","v2.0-design-v1.0","96.6","88.2","8.399999999999991","20.25684516598013","true","92.69599999999998","24.778000000000002","50","3.4000000000000004","882","500","34","54","585","20","139","419","7","29250","1672","6582","20484","512","558","27066","58.5","0","50","1000","1997","3.994","92","4.942508714447788","0","38.7","3.6434343434343432","10","700","585"
"302","BA","1000","2","0.1","50","0.1","0.5","1","platform","targeted","70","5","95","95","58.50503403102706","76.17254495853271","76.17254495853271","fixed","1","1","50","2956","2","50","23216924","v2.0-design-v1.0","98.9","87.4","11.5","19.259997508409118","true","93.49199999999999","26.210000000000004","50","1.0999999999999999","874","500","11","15","585","4","129","448","4","29250","1546","6481","20717","506","577","27198","58.5","0","50","1000","1997","3.994","109","5.711268036310544","0","47.5","3.5545454545454547","10","700","585"
"303","BA","1000","2","0.1","50","0.1","0.5","1","platform","targeted","70","5","95","95","58.50503403102706","76.17254495853271","76.17254495853271","fixed","1","1","50","2956","3","50","23216925","v2.0-design-v1.0","99.6","92.7","6.8999999999999915","15.075312739341332","true","95.31000000000002","22.793999999999997","50","0.4","927","500","4","4","585","0","145","440","0","29250","1181","6653","21069","347","585","27722","58.5","0","50","1000","1997","3.994","112","5.638772894855729","0","44.7","3.5828282828282827","10","700","585"
"304","BA","1000","2","0.1","50","0.1","0.5","1","platform","targeted","70","5","95","95","58.50503403102706","76.17254495853271","76.17254495853271","fixed","1","1","50","2956","4","50","23216926","v2.0-design-v1.0","99.6","90.8","8.799999999999997","19.077354402956544","true","93.83","23.578000000000007","50","0.4","908","500","4","7","585","3","148","434","0","29250","1497","6350","20934","469","582","27284","58.5","0","50","1000","1997","3.994","112","5.435393960653395","0","42.1","3.609090909090909","10","700","585"
"305","BA","1000","2","0.1","50","0.1","0.5","1","platform","targeted","70","5","95","95","58.50503403102706","76.17254495853271","76.17254495853271","fixed","1","1","50","2956","5","50","23216927","v2.0-design-v1.0","99.1","92.10000000000001","6.999999999999986","15.816326530612246","true","94.98","23.99800000000001","50","0.8999999999999999","921","500","9","12","585","3","137","441","4","29250","1240","6600","20996","414","578","27596","58.5","0","50","1000","1997","3.994","63","5.0599967952131655","0","43.6","3.5939393939393938","10","700","585"
"306","BA","1000","2","0.1","50","0.1","0.5","1","platform","targeted","70","5","95","95","58.50503403102706","76.17254495853271","76.17254495853271","fixed","1","1","50","2956","6","50","23216928","v2.0-design-v1.0","99.3","89.7","9.599999999999994","17.342799188640974","true","93.88799999999998","25.384","50","0.7000000000000001","897","500","7","7","585","0","124","460","1","29250","1368","6520","20962","400","584","27482","58.5","0","50","1000","1997","3.994","72","5.275964347851461","0","44.6","3.583838383838384","10","700","585"
"307","BA","1000","2","0.1","50","0.1","0.5","1","platform","targeted","70","5","95","95","58.50503403102706","76.17254495853271","76.17254495853271","fixed","1","1","50","2956","7","50","23216929","v2.0-design-v1.0","98.9","88.9","10","20.937188434695912","true","93.46199999999997","25.271999999999988","50","1.0999999999999999","889","500","11","15","585","4","116","465","0","29250","1680","6344","20713","513","581","27057","58.5","0","50","1000","1997","3.994","107","6.031612085035372","0","52.4","3.505050505050505","10","700","585"
"308","BA","1000","2","0.1","50","0.1","0.5","1","platform","targeted","70","5","95","95","58.50503403102706","76.17254495853271","76.17254495853271","fixed","1","1","50","2956","8","50","23216930","v2.0-design-v1.0","100","93","7","15.54905204224456","true","95.02400000000002","22.972","50","0","930","500","0","0","585","0","136","449","0","29250","1222","6637","21036","355","585","27673","58.5","0","50","1000","1997","3.994","64","5.298682858979199","0","47.6","3.5535353535353535","10","700","585"
"309","BA","1000","2","0.1","50","0.1","0.5","1","platform","targeted","70","5","95","95","58.50503403102706","76.17254495853271","76.17254495853271","fixed","1","1","50","2956","9","50","23216931","v2.0-design-v1.0","100","92.30000000000001","7.699999999999989","17.33784970518128","true","94.89","23.176000000000013","50","0","923","500","0","0","585","0","134","451","0","29250","1382","6589","20818","461","585","27407","58.5","0","50","1000","1997","3.994","114","5.699513000989503","0","46.1","3.5686868686868687","10","700","585"
"310","BA","1000","2","0.1","50","0.1","0.5","1","platform","targeted","70","5","95","95","58.50503403102706","76.17254495853271","76.17254495853271","fixed","1","1","50","2956","10","50","23216932","v2.0-design-v1.0","98.1","92","6.099999999999994","18.777567737870196","true","93.81799999999997","23.046000000000003","50","1.9","920","500","19","25","585","6","139","434","6","29250","1490","6445","20807","508","573","27252","58.5","0","50","1000","1997","3.994","115","5.689669264231117","0","45.5","3.5747474747474746","10","700","585"
"311","BA","1000","2","0.1","50","0.1","0.5","1","platform","targeted","70","5","95","95","58.50503403102706","76.17254495853271","76.17254495853271","fixed","1","1","50","2956","11","50","23216933","v2.0-design-v1.0","100","91.5","8.5","16.713554987212277","true","94.6","24.036000000000005","50","0","915","500","0","0","585","0","133","452","0","29250","1307","6513","21007","423","585","27520","58.5","0","50","1000","1997","3.994","110","5.357113277004936","0","41.1","3.6191919191919193","10","700","585"
"312","BA","1000","2","0.1","50","0.1","0.5","1","platform","targeted","70","5","95","95","58.50503403102706","76.17254495853271","76.17254495853271","fixed","1","1","50","2956","12","50","23216934","v2.0-design-v1.0","99.7","90.4","9.299999999999997","18.563922942206652","true","93.824","23.706000000000007","50","0.3","904","500","3","6","585","3","157","425","0","29250","1484","6510","20826","430","582","27336","58.5","0","50","1000","1997","3.994","88","5.393612430927436","0","44.4","3.585858585858586","10","700","585"
"313","BA","1000","2","0.1","50","0.1","0.5","1","platform","targeted","70","5","95","95","58.50503403102706","76.17254495853271","76.17254495853271","fixed","1","1","50","2956","13","50","23216935","v2.0-design-v1.0","98.9","82.5","16.400000000000006","19.493514515132798","true","91.904","27.356000000000005","50","1.0999999999999999","825","500","11","13","585","2","151","432","0","29250","1578","6517","20625","530","583","27142","58.5","0","50","1000","1997","3.994","82","5.103725307264483","0","42.8","3.602020202020202","10","700","585"
"314","BA","1000","2","0.1","50","0.1","0.5","1","platform","targeted","70","5","95","95","58.50503403102706","76.17254495853271","76.17254495853271","fixed","1","1","50","2956","14","50","23216936","v2.0-design-v1.0","99.6","89","10.599999999999994","16.93864642631246","true","93.78400000000003","25.443999999999996","50","0.4","890","500","4","4","585","0","151","434","0","29250","1339","6566","20957","388","585","27523","58.5","0","50","1000","1997","3.994","103","5.619567914310091","0","47.7","3.5525252525252524","10","700","585"
"315","BA","1000","2","0.1","50","0.1","0.5","1","platform","targeted","70","5","95","95","58.50503403102706","76.17254495853271","76.17254495853271","fixed","1","1","50","2956","15","50","23216937","v2.0-design-v1.0","99.6","89.1","10.5","17.526565100499294","true","93.57799999999999","26.319999999999997","50","0.4","891","500","4","7","585","3","150","432","0","29250","1369","6442","21025","414","582","27467","58.5","0","50","1000","1997","3.994","77","4.62962173372699","0","36.5","3.665656565656566","10","700","585"
"316","BA","1000","2","0.1","50","0.1","0.5","1","platform","targeted","70","5","95","95","58.50503403102706","76.17254495853271","76.17254495853271","fixed","1","1","50","2956","16","50","23216938","v2.0-design-v1.0","99.9","88.9","11","17.170829672398643","true","93.934","25.864000000000004","50","0.1","889","500","1","1","585","0","143","441","1","29250","1368","6599","20836","447","584","27435","58.5","0","50","1000","1997","3.994","64","4.718286365432493","0","38.3","3.6474747474747473","10","700","585"
"317","BA","1000","2","0.1","50","0.1","0.5","1","platform","targeted","70","5","95","95","58.50503403102706","76.17254495853271","76.17254495853271","fixed","1","1","50","2956","17","50","23216939","v2.0-design-v1.0","100","91.4","8.599999999999994","15.67807351077313","true","95.09200000000001","23.631999999999998","50","0","914","500","0","0","585","0","151","434","0","29250","1237","6653","20975","385","585","27628","58.5","0","50","1000","1997","3.994","68","4.936226324869051","0","40.4","3.6262626262626263","10","700","585"
"318","BA","1000","2","0.1","50","0.1","0.5","1","platform","targeted","70","5","95","95","58.50503403102706","76.17254495853271","76.17254495853271","fixed","1","1","50","2956","18","50","23216940","v2.0-design-v1.0","99.9","90.10000000000001","9.799999999999997","16.08202218209956","true","94.54399999999998","24.965999999999998","50","0.1","901","500","1","1","585","0","130","455","0","29250","1247","6507","21101","395","585","27608","58.5","0","50","1000","1997","3.994","93","5.320928140491676","0","44.5","3.584848484848485","10","700","585"
"319","BA","1000","2","0.1","50","0.1","0.5","1","platform","targeted","70","5","95","95","58.50503403102706","76.17254495853271","76.17254495853271","fixed","1","1","50","2956","19","50","23216941","v2.0-design-v1.0","99.4","89.4","10","19.31564592115051","true","92.778","24.371999999999993","50","0.6","894","500","6","7","585","1","128","456","0","29250","1558","6508","20709","475","584","27217","58.5","0","50","1000","1997","3.994","92","5.341207025803474","0","44.1","3.588888888888889","10","700","585"
"320","BA","1000","2","0.1","50","0.1","0.5","1","platform","targeted","70","5","95","95","58.50503403102706","76.17254495853271","76.17254495853271","fixed","1","1","50","2956","20","50","23216942","v2.0-design-v1.0","98.5","88.9","9.599999999999994","19.180307384730728","true","93.48","24.147999999999996","50","1.5","889","500","15","17","585","2","156","425","2","29250","1535","6468","20759","488","581","27227","58.5","0","50","1000","1997","3.994","89","5.486899859672119","0","45.4","3.5757575757575757","10","700","585"
"321","BA","1000","2","0.1","50","0.1","0.5","1","platform","targeted","70","5","95","95","58.50503403102706","76.17254495853271","76.17254495853271","fixed","1","1","50","2956","21","50","23216943","v2.0-design-v1.0","98.3","88","10.299999999999997","19.92147922998987","true","92.72400000000003","25.528","50","1.7000000000000002","880","500","17","21","585","4","140","441","0","29250","1573","6323","20862","492","581","27185","58.5","0","50","1000","1997","3.994","71","5.110389425482168","0","43","3.6","10","700","585"
"322","BA","1000","2","0.1","50","0.1","0.5","1","platform","targeted","70","5","95","95","58.50503403102706","76.17254495853271","76.17254495853271","fixed","1","1","50","2956","22","50","23216944","v2.0-design-v1.0","97.8","89.9","7.8999999999999915","19.402622632345796","true","92.83000000000001","23.4","50","2.1999999999999997","899","500","22","33","585","11","154","417","3","29250","1598","6638","20535","479","571","27173","58.5","0","50","1000","1997","3.994","76","5.423594691657854","0","47.1","3.5585858585858587","10","700","585"
"323","BA","1000","2","0.1","50","0.1","0.5","1","platform","targeted","70","5","95","95","58.50503403102706","76.17254495853271","76.17254495853271","fixed","1","1","50","2956","23","50","23216945","v2.0-design-v1.0","99.7","90.2","9.5","15.97580949981101","true","94.15999999999998","24.475999999999996","50","0.3","902","500","3","4","585","1","135","449","0","29250","1268","6669","20940","373","584","27609","58.5","0","50","1000","1997","3.994","77","5.200096634198724","0","41.8","3.6121212121212123","10","700","585"
"324","BA","1000","2","0.1","50","0.1","0.5","1","platform","targeted","70","5","95","95","58.50503403102706","76.17254495853271","76.17254495853271","fixed","1","1","50","2956","24","50","23216946","v2.0-design-v1.0","99.1","93","6.099999999999994","16.348704990524322","true","95.06600000000002","23.42400000000001","50","0.8999999999999999","930","500","9","10","585","1","155","429","0","29250","1294","6621","20955","380","584","27576","58.5","0","50","1000","1997","3.994","79","5.203368047624441","0","44.1","3.588888888888889","10","700","585"
"325","BA","1000","2","0.1","50","0.1","0.5","1","platform","targeted","70","5","95","95","58.50503403102706","76.17254495853271","76.17254495853271","fixed","1","1","50","2956","25","50","23216947","v2.0-design-v1.0","99.7","94.5","5.200000000000003","15.592088363729772","true","95.33199999999997","22.296","50","0.3","945","500","3","6","585","3","131","450","1","29250","1214","6572","21073","391","581","27645","58.5","0","50","1000","1997","3.994","66","5.20663740556926","0","44.1","3.588888888888889","10","700","585"
"326","BA","1000","2","0.1","50","0.1","0.5","1","platform","targeted","70","5","95","95","58.50503403102706","76.17254495853271","76.17254495853271","fixed","1","1","50","2956","26","50","23216948","v2.0-design-v1.0","99.3","89.5","9.799999999999997","17.63462255938316","true","93.56800000000001","24.159999999999997","50","0.7000000000000001","895","500","7","10","585","3","147","435","0","29250","1418","6623","20795","414","582","27418","58.5","0","50","1000","1997","3.994","146","6.329457008782537","0","48.5","3.5444444444444443","10","700","585"
"327","BA","1000","2","0.1","50","0.1","0.5","1","platform","targeted","70","5","95","95","58.50503403102706","76.17254495853271","76.17254495853271","fixed","1","1","50","2956","27","50","23216949","v2.0-design-v1.0","97.9","90.60000000000001","7.299999999999997","18.10844892812106","true","93.814","24.076000000000004","50","2.1","906","500","21","27","585","6","151","422","6","29250","1436","6494","20874","446","573","27368","58.5","0","50","1000","1997","3.994","86","5.476491208424961","0","45.7","3.5727272727272728","10","700","585"
"328","BA","1000","2","0.1","50","0.1","0.5","1","platform","targeted","70","5","95","95","58.50503403102706","76.17254495853271","76.17254495853271","fixed","1","1","50","2956","28","50","23216950","v2.0-design-v1.0","99.6","88.5","11.099999999999994","17.594345576170642","true","94.05199999999996","25.971999999999994","50","0.4","885","500","4","5","585","1","153","431","0","29250","1394","6529","20895","432","584","27424","58.5","0","50","1000","1997","3.994","66","5.16881811255538","0","46","3.56969696969697","10","700","585"
"329","BA","1000","2","0.1","50","0.1","0.5","1","platform","targeted","70","5","95","95","58.50503403102706","76.17254495853271","76.17254495853271","fixed","1","1","50","2956","29","50","23216951","v2.0-design-v1.0","100","90.4","9.599999999999994","16.16318099664343","true","94.608","23.945999999999998","50","0","904","500","0","0","585","0","121","464","0","29250","1252","6494","21128","376","585","27622","58.5","0","50","1000","1997","3.994","72","5.1268165803204","0","43.1","3.598989898989899","10","700","585"
"330","BA","1000","2","0.1","50","0.1","0.5","1","platform","targeted","70","5","95","95","58.50503403102706","76.17254495853271","76.17254495853271","fixed","1","1","50","2956","30","50","23216952","v2.0-design-v1.0","99.1","92.60000000000001","6.499999999999986","15.670183665494333","true","94.50800000000002","23.393999999999995","50","0.8999999999999999","926","500","9","10","585","1","143","437","4","29250","1203","6474","21151","422","580","27625","58.5","0","50","1000","1997","3.994","105","5.698986088984809","0","48.2","3.5474747474747477","10","700","585"
"331","BA","1000","2","0.1","50","0.1","0.5","1","platform","targeted","70","5","95","95","82.65634423454762","97.87841578266836","97.87841578266836","fixed","1","1","50","2957","1","50","23217923","v2.0-design-v1.0","100","59.099999999999994","40.900000000000006","41.37466307277628","true","99.69","67.21600000000002","50","0","591","500","0","0","827","0","18","809","0","41350","614","870","39857","9","827","40727","82.7","0","50","1000","1997","3.994","68","5.0118941612012335","0","41.7","3.613131313131313","10","700","827"
"332","BA","1000","2","0.1","50","0.1","0.5","1","platform","targeted","70","5","95","95","82.65634423454762","97.87841578266836","97.87841578266836","fixed","1","1","50","2957","2","50","23217924","v2.0-design-v1.0","100","57.199999999999996","42.800000000000004","42.339261285909714","true","99.66799999999999","66.796","50","0","572","500","0","0","827","0","12","815","0","41350","619","843","39870","18","827","40713","82.7","0","50","1000","1997","3.994","73","5.090960801448171","0","40.6","3.624242424242424","10","700","827"
"333","BA","1000","2","0.1","50","0.1","0.5","1","platform","targeted","70","5","95","95","82.65634423454762","97.87841578266836","97.87841578266836","fixed","1","1","50","2957","3","50","23217925","v2.0-design-v1.0","100","58.5","41.5","41.89542483660131","true","99.62799999999999","66.77199999999998","50","0","585","500","0","0","827","0","21","806","0","41350","641","889","39799","21","827","40688","82.7","0","50","1000","1997","3.994","77","4.917738113009684","0","40.1","3.6292929292929292","10","700","827"
"334","BA","1000","2","0.1","50","0.1","0.5","1","platform","targeted","70","5","95","95","82.65634423454762","97.87841578266836","97.87841578266836","fixed","1","1","50","2957","4","50","23217926","v2.0-design-v1.0","100","57.3","42.7","42.58760107816711","true","99.62799999999999","66.22000000000001","50","0","573","500","0","0","827","0","25","802","0","41350","632","852","39854","12","827","40706","82.7","0","50","1000","1997","3.994","55","4.702773658180883","0","36.9","3.6616161616161618","10","700","827"
"335","BA","1000","2","0.1","50","0.1","0.5","1","platform","targeted","70","5","95","95","82.65634423454762","97.87841578266836","97.87841578266836","fixed","1","1","50","2957","5","50","23217927","v2.0-design-v1.0","100","55.60000000000001","44.39999999999999","43.103448275862064","true","99.66799999999999","67.904","50","0","556","500","0","0","827","0","16","811","0","41350","625","825","39889","11","827","40714","82.7","0","50","1000","1997","3.994","82","4.70447617658927","0","36.7","3.6636363636363636","10","700","827"
"336","BA","1000","2","0.1","50","0.1","0.5","1","platform","targeted","70","5","95","95","82.65634423454762","97.87841578266836","97.87841578266836","fixed","1","1","50","2957","6","50","23217928","v2.0-design-v1.0","100","57.8","42.2","42.203052422030524","true","99.67","66.24","50","0","578","500","0","0","827","0","18","809","0","41350","636","871","39829","14","827","40700","82.7","0","50","1000","1997","3.994","126","6.0889275770893665","0","48.4","3.5454545454545454","10","700","827"
"337","BA","1000","2","0.1","50","0.1","0.5","1","platform","targeted","70","5","95","95","82.65634423454762","97.87841578266836","97.87841578266836","fixed","1","1","50","2957","7","50","23217929","v2.0-design-v1.0","100","56.3","43.7","43.08547602501737","true","99.694","68.52999999999999","50","0","563","500","0","0","827","0","17","810","0","41350","620","819","39897","14","827","40716","82.7","0","50","1000","1997","3.994","64","4.972996550842821","0","41.9","3.611111111111111","10","700","827"
"338","BA","1000","2","0.1","50","0.1","0.5","1","platform","targeted","70","5","95","95","82.65634423454762","97.87841578266836","97.87841578266836","fixed","1","1","50","2957","8","50","23217930","v2.0-design-v1.0","100","57.599999999999994","42.400000000000006","41.70040485829959","true","99.678","66.812","50","0","576","500","0","0","827","0","19","808","0","41350","618","864","39855","13","827","40719","82.7","0","50","1000","1997","3.994","87","5.325253263678849","0","46","3.56969696969697","10","700","827"
"339","BA","1000","2","0.1","50","0.1","0.5","1","platform","targeted","70","5","95","95","82.65634423454762","97.87841578266836","97.87841578266836","fixed","1","1","50","2957","9","50","23217931","v2.0-design-v1.0","100","57.8","42.2","41.376959781867754","true","99.708","66.31800000000003","50","0","578","500","0","0","827","0","23","804","0","41350","607","860","39876","7","827","40736","82.7","0","50","1000","1997","3.994","67","5.190462879638467","0","43.3","3.596969696969697","10","700","827"
"340","BA","1000","2","0.1","50","0.1","0.5","1","platform","targeted","70","5","95","95","82.65634423454762","97.87841578266836","97.87841578266836","fixed","1","1","50","2957","10","50","23217932","v2.0-design-v1.0","100","57.8","42.2","40.87591240875913","true","99.69","65.94800000000001","50","0","578","500","0","0","827","0","21","806","0","41350","616","891","39833","10","827","40724","82.7","0","50","1000","1997","3.994","88","5.02226912731557","0","40.4","3.6262626262626263","10","700","827"
"341","BA","1000","2","0.1","50","0.1","0.5","1","platform","targeted","70","5","95","95","82.65634423454762","97.87841578266836","97.87841578266836","fixed","1","1","50","2957","11","50","23217933","v2.0-design-v1.0","100","57.599999999999994","42.400000000000006","41.92439862542955","true","99.7","67.02000000000002","50","0","576","500","0","0","827","0","20","807","0","41350","610","845","39884","11","827","40729","82.7","0","50","1000","1997","3.994","79","5.3273205595631525","0","44.5","3.584848484848485","10","700","827"
"342","BA","1000","2","0.1","50","0.1","0.5","1","platform","targeted","70","5","95","95","82.65634423454762","97.87841578266836","97.87841578266836","fixed","1","1","50","2957","12","50","23217934","v2.0-design-v1.0","100","56.89999999999999","43.10000000000001","42.7315753887762","true","99.60799999999999","66.99000000000001","50","0","569","500","0","0","827","0","17","810","0","41350","632","847","39855","16","827","40702","82.7","0","50","1000","1997","3.994","99","5.298682858979196","0","43.1","3.598989898989899","10","700","827"
"343","BA","1000","2","0.1","50","0.1","0.5","1","platform","targeted","70","5","95","95","82.65634423454762","97.87841578266836","97.87841578266836","fixed","1","1","50","2957","13","50","23217935","v2.0-design-v1.0","100","54.6","45.4","43.83368569415081","true","99.69","67.99800000000002","50","0","546","500","0","0","827","0","14","813","0","41350","622","797","39920","11","827","40717","82.7","0","50","1000","1997","3.994","71","5.074220305791981","0","43.5","3.594949494949495","10","700","827"
"344","BA","1000","2","0.1","50","0.1","0.5","1","platform","targeted","70","5","95","95","82.65634423454762","97.87841578266836","97.87841578266836","fixed","1","1","50","2957","14","50","23217936","v2.0-design-v1.0","100","60.3","39.7","41.9078947368421","true","99.62200000000001","64.79599999999999","50","0","603","500","0","0","827","0","12","815","0","41350","637","883","39809","21","827","40692","82.7","0","50","1000","1997","3.994","94","5.203752784581812","0","40.9","3.621212121212121","10","700","827"
"345","BA","1000","2","0.1","50","0.1","0.5","1","platform","targeted","70","5","95","95","82.65634423454762","97.87841578266836","97.87841578266836","fixed","1","1","50","2957","15","50","23217937","v2.0-design-v1.0","100","58.8","41.2","41.34114583333333","true","99.682","65.59600000000002","50","0","588","500","0","0","827","0","22","805","0","41350","635","901","39798","16","827","40699","82.7","0","50","1000","1997","3.994","61","4.865350515187527","0","39.3","3.6373737373737374","10","700","827"
"346","BA","1000","2","0.1","50","0.1","0.5","1","platform","targeted","70","5","95","95","82.65634423454762","97.87841578266836","97.87841578266836","fixed","1","1","50","2957","16","50","23217938","v2.0-design-v1.0","100","57.8","42.2","41.00475220638153","true","99.68","67.50999999999998","50","0","578","500","0","0","827","0","14","813","0","41350","604","869","39864","13","827","40733","82.7","0","50","1000","1997","3.994","63","5.029837299879903","0","42.7","3.603030303030303","10","700","827"
"347","BA","1000","2","0.1","50","0.1","0.5","1","platform","targeted","70","5","95","95","82.65634423454762","97.87841578266836","97.87841578266836","fixed","1","1","50","2957","17","50","23217939","v2.0-design-v1.0","100","57.599999999999994","42.400000000000006","42.52559726962457","true","99.7","67.98199999999999","50","0","576","500","0","0","827","0","19","808","0","41350","623","842","39874","11","827","40716","82.7","0","50","1000","1997","3.994","72","5.1141097092375745","0","43.4","3.595959595959596","10","700","827"
"348","BA","1000","2","0.1","50","0.1","0.5","1","platform","targeted","70","5","95","95","82.65634423454762","97.87841578266836","97.87841578266836","fixed","1","1","50","2957","18","50","23217940","v2.0-design-v1.0","100","60","40","40.76723016905072","true","99.69200000000001","65.19600000000003","50","0","600","500","0","0","827","0","21","806","0","41350","627","911","39797","15","827","40708","82.7","0","50","1000","1997","3.994","71","5.42341012439381","0","47.7","3.5525252525252524","10","700","827"
"349","BA","1000","2","0.1","50","0.1","0.5","1","platform","targeted","70","5","95","95","82.65634423454762","97.87841578266836","97.87841578266836","fixed","1","1","50","2957","19","50","23217941","v2.0-design-v1.0","100","56.599999999999994","43.400000000000006","43.23056300268097","true","99.664","67.146","50","0","566","500","0","0","827","0","17","810","0","41350","645","847","39846","12","827","40693","82.7","0","50","1000","1997","3.994","61","4.834390896000781","0","39.7","3.6333333333333333","10","700","827"
"350","BA","1000","2","0.1","50","0.1","0.5","1","platform","targeted","70","5","95","95","82.65634423454762","97.87841578266836","97.87841578266836","fixed","1","1","50","2957","20","50","23217942","v2.0-design-v1.0","100","57.9","42.1","41.86507936507937","true","99.678","66.836","50","0","579","500","0","0","827","0","20","807","0","41350","633","879","39826","12","827","40705","82.7","0","50","1000","1997","3.994","78","4.919162750119379","0","39.4","3.6363636363636362","10","700","827"
"351","BA","1000","2","0.1","50","0.1","0.5","1","platform","targeted","70","5","95","95","82.65634423454762","97.87841578266836","97.87841578266836","fixed","1","1","50","2957","21","50","23217943","v2.0-design-v1.0","100","59.099999999999994","40.900000000000006","42.01065246338216","true","99.66799999999999","65.578","50","0","591","500","0","0","827","0","17","810","0","41350","631","871","39836","12","827","40707","82.7","0","50","1000","1997","3.994","76","4.988672253300547","0","41.4","3.6161616161616164","10","700","827"
"352","BA","1000","2","0.1","50","0.1","0.5","1","platform","targeted","70","5","95","95","82.65634423454762","97.87841578266836","97.87841578266836","fixed","1","1","50","2957","22","50","23217944","v2.0-design-v1.0","100","57.599999999999994","42.400000000000006","41.964285714285715","true","99.676","67.012","50","0","576","500","0","0","827","0","27","800","0","41350","611","845","39880","14","827","40725","82.7","0","50","1000","1997","3.994","85","5.300193964003201","0","42.3","3.607070707070707","10","700","827"
"353","BA","1000","2","0.1","50","0.1","0.5","1","platform","targeted","70","5","95","95","82.65634423454762","97.87841578266836","97.87841578266836","fixed","1","1","50","2957","23","50","23217945","v2.0-design-v1.0","100","56.99999999999999","43.00000000000001","41.32791327913279","true","99.704","65.712","50","0","570","500","0","0","827","0","19","808","0","41350","610","866","39866","8","827","40732","82.7","0","50","1000","1997","3.994","68","4.981242493271804","0","43.4","3.595959595959596","10","700","827"
"354","BA","1000","2","0.1","50","0.1","0.5","1","platform","targeted","70","5","95","95","82.65634423454762","97.87841578266836","97.87841578266836","fixed","1","1","50","2957","24","50","23217946","v2.0-design-v1.0","100","55.60000000000001","44.39999999999999","42.38227146814405","true","99.708","68.48399999999998","50","0","556","500","0","0","827","0","23","804","0","41350","612","832","39896","10","827","40728","82.7","0","50","1000","1997","3.994","80","5.509111935177415","0","46.8","3.5616161616161617","10","700","827"
"355","BA","1000","2","0.1","50","0.1","0.5","1","platform","targeted","70","5","95","95","82.65634423454762","97.87841578266836","97.87841578266836","fixed","1","1","50","2957","25","50","23217947","v2.0-design-v1.0","100","57.9","42.1","42.10526315789473","true","99.59200000000001","66.68","50","0","579","500","0","0","827","0","17","810","0","41350","624","858","39848","20","827","40706","82.7","0","50","1000","1997","3.994","89","5.215281695475619","0","44.4","3.585858585858586","10","700","827"
"356","BA","1000","2","0.1","50","0.1","0.5","1","platform","targeted","70","5","95","95","82.65634423454762","97.87841578266836","97.87841578266836","fixed","1","1","50","2957","26","50","23217948","v2.0-design-v1.0","100","58.9","41.1","42.140921409214094","true","99.678","66.51999999999997","50","0","589","500","0","0","827","0","16","811","0","41350","622","854","39850","24","827","40704","82.7","0","50","1000","1997","3.994","70","5.219694359750301","0","44","3.5898989898989897","10","700","827"
"357","BA","1000","2","0.1","50","0.1","0.5","1","platform","targeted","70","5","95","95","82.65634423454762","97.87841578266836","97.87841578266836","fixed","1","1","50","2957","27","50","23217949","v2.0-design-v1.0","100","56.8","43.2","42.582417582417584","true","99.684","67.58199999999998","50","0","568","500","0","0","827","0","20","807","0","41350","620","836","39886","8","827","40722","82.7","0","50","1000","1997","3.994","68","5.046526670040628","0","42.6","3.604040404040404","10","700","827"
"358","BA","1000","2","0.1","50","0.1","0.5","1","platform","targeted","70","5","95","95","82.65634423454762","97.87841578266836","97.87841578266836","fixed","1","1","50","2957","28","50","23217950","v2.0-design-v1.0","100","60","40","40.33832140533507","true","99.648","64.73800000000001","50","0","600","500","0","0","827","0","20","807","0","41350","620","917","39801","12","827","40718","82.7","0","50","1000","1997","3.994","90","4.97138599172088","0","39.5","3.6353535353535356","10","700","827"
"359","BA","1000","2","0.1","50","0.1","0.5","1","platform","targeted","70","5","95","95","82.65634423454762","97.87841578266836","97.87841578266836","fixed","1","1","50","2957","29","50","23217951","v2.0-design-v1.0","100","55.7","44.3","42.692828146143434","true","99.666","66.82399999999998","50","0","557","500","0","0","827","0","17","810","0","41350","631","847","39852","20","827","40699","82.7","0","50","1000","1997","3.994","68","4.913665445276879","0","39.2","3.6383838383838385","10","700","827"
"360","BA","1000","2","0.1","50","0.1","0.5","1","platform","targeted","70","5","95","95","82.65634423454762","97.87841578266836","97.87841578266836","fixed","1","1","50","2957","30","50","23217952","v2.0-design-v1.0","100","57.199999999999996","42.800000000000004","41.19241192411924","true","99.70200000000001","66.77","50","0","572","500","0","0","827","0","12","815","0","41350","608","868","39865","9","827","40733","82.7","0","50","1000","1997","3.994","75","5.046725020588436","0","41.7","3.613131313131313","10","700","827"
"361","BA","1000","2","0.1","50","0.1","0.5","1","platform","targeted","70","5","95","95","88.23137400437813","84.36983115903254","84.36983115903254","fixed","1","1","50","2958","1","50","23218923","v2.0-design-v1.0","100","100","0","9.25385023898035","true","99.56200000000001","13.655999999999999","50","0","1000","500","0","0","882","0","130","752","0","44100","697","6835","36441","127","882","43276","88.2","0","50","1000","1997","3.994","85","5.3962100666192585","0","45.5","3.5747474747474746","10","700","882"
"362","BA","1000","2","0.1","50","0.1","0.5","1","platform","targeted","70","5","95","95","88.23137400437813","84.36983115903254","84.36983115903254","fixed","1","1","50","2958","2","50","23218924","v2.0-design-v1.0","100","99.9","0.09999999999999432","9.292389853137518","true","99.458","14.106000000000003","50","0","999","500","0","0","882","0","147","735","0","44100","696","6794","36454","156","882","43248","88.2","0","50","1000","1997","3.994","105","5.885967092042636","0","48.3","3.5464646464646465","10","700","882"
"363","BA","1000","2","0.1","50","0.1","0.5","1","platform","targeted","70","5","95","95","88.23137400437813","84.36983115903254","84.36983115903254","fixed","1","1","50","2958","3","50","23218925","v2.0-design-v1.0","100","100","0","9.06500203555435","true","99.53","13.986000000000006","50","0","1000","500","0","0","882","0","139","743","0","44100","668","6701","36612","119","882","43313","88.2","0","50","1000","1997","3.994","60","5.107254453035205","0","43.9","3.590909090909091","10","700","882"
"364","BA","1000","2","0.1","50","0.1","0.5","1","platform","targeted","70","5","95","95","88.23137400437813","84.36983115903254","84.36983115903254","fixed","1","1","50","2958","4","50","23218926","v2.0-design-v1.0","100","99.9","0.09999999999999432","8.827766863130321","true","99.50399999999999","13.157999999999992","50","0","999","500","0","0","882","0","158","724","0","44100","674","6961","36336","129","882","43297","88.2","0","50","1000","1997","3.994","83","5.172496372035323","0","43.4","3.595959595959596","10","700","882"
"366","BA","1000","2","0.1","50","0.1","0.5","1","platform","targeted","70","5","95","95","88.23137400437813","84.36983115903254","84.36983115903254","fixed","1","1","50","2958","6","50","23218928","v2.0-design-v1.0","100","99.9","0.09999999999999432","8.812106602383823","true","99.52","14.734000000000004","50","0","999","500","0","0","882","0","133","749","0","44100","658","6809","36508","125","882","43317","88.2","0","50","1000","1997","3.994","79","4.966752725134655","0","40.3","3.6272727272727274","10","700","882"
"365","BA","1000","2","0.1","50","0.1","0.5","1","platform","targeted","70","5","95","95","88.23137400437813","84.36983115903254","84.36983115903254","fixed","1","1","50","2958","5","50","23218927","v2.0-design-v1.0","100","100","0","9.038794827356353","true","99.52","13.681999999999999","50","0","1000","500","0","0","882","0","135","747","0","44100","678","6823","36472","127","882","43295","88.2","0","50","1000","1997","3.994","85","5.273687113943684","0","42","3.61010101010101","10","700","882"
"367","BA","1000","2","0.1","50","0.1","0.5","1","platform","targeted","70","5","95","95","88.23137400437813","84.36983115903254","84.36983115903254","fixed","1","1","50","2958","7","50","23218929","v2.0-design-v1.0","100","99.9","0.09999999999999432","8.73721055465805","true","99.49600000000001","13.450000000000006","50","0","999","500","0","0","882","0","137","745","0","44100","649","6779","36534","138","882","43313","88.2","0","50","1000","1997","3.994","77","4.902039778907748","0","39.5","3.6353535353535356","10","700","882"
"368","BA","1000","2","0.1","50","0.1","0.5","1","platform","targeted","70","5","95","95","88.23137400437813","84.36983115903254","84.36983115903254","fixed","1","1","50","2958","8","50","23218930","v2.0-design-v1.0","100","100","0","8.911024363979001","true","99.484","13.424000000000001","50","0","1000","500","0","0","882","0","145","737","0","44100","662","6767","36529","142","882","43296","88.2","0","50","1000","1997","3.994","74","5.101959818931729","0","42.8","3.602020202020202","10","700","882"
"369","BA","1000","2","0.1","50","0.1","0.5","1","platform","targeted","70","5","95","95","88.23137400437813","84.36983115903254","84.36983115903254","fixed","1","1","50","2958","9","50","23218931","v2.0-design-v1.0","100","99.9","0.09999999999999432","8.842509954689001","true","99.566","14.578000000000007","50","0","999","500","0","0","882","0","124","758","0","44100","644","6639","36698","119","882","43337","88.2","0","50","1000","1997","3.994","120","5.607799159332588","0","43.9","3.590909090909091","10","700","882"
"370","BA","1000","2","0.1","50","0.1","0.5","1","platform","targeted","70","5","95","95","88.23137400437813","84.36983115903254","84.36983115903254","fixed","1","1","50","2958","10","50","23218932","v2.0-design-v1.0","100","99.7","0.29999999999999716","8.60936033257342","true","99.57","14.015999999999996","50","0","997","500","0","0","882","0","141","741","0","44100","642","6815","36534","109","882","43349","88.2","0","50","1000","1997","3.994","71","5.294146956025296","0","45.8","3.5717171717171716","10","700","882"
"371","BA","1000","2","0.1","50","0.1","0.5","1","platform","targeted","70","5","95","95","88.23137400437813","84.36983115903254","84.36983115903254","fixed","1","1","50","2958","11","50","23218933","v2.0-design-v1.0","100","99.9","0.09999999999999432","9.38885157824043","true","99.444","13.800000000000006","50","0","999","500","0","0","882","0","133","749","0","44100","699","6746","36500","155","882","43246","88.2","0","50","1000","1997","3.994","63","5.106666431444486","0","43.4","3.595959595959596","10","700","882"
"372","BA","1000","2","0.1","50","0.1","0.5","1","platform","targeted","70","5","95","95","88.23137400437813","84.36983115903254","84.36983115903254","fixed","1","1","50","2958","12","50","23218934","v2.0-design-v1.0","100","99.8","0.20000000000000284","8.704997313272434","true","99.52600000000001","14.426000000000009","50","0","998","500","0","0","882","0","176","706","0","44100","648","6796","36531","125","882","43327","88.2","0","50","1000","1997","3.994","86","5.215089755810641","0","42.5","3.605050505050505","10","700","882"
"373","BA","1000","2","0.1","50","0.1","0.5","1","platform","targeted","70","5","95","95","88.23137400437813","84.36983115903254","84.36983115903254","fixed","1","1","50","2958","13","50","23218935","v2.0-design-v1.0","100","99.9","0.09999999999999432","9.211407149551478","true","99.536","14.29","50","0","999","500","0","0","882","0","121","761","0","44100","688","6781","36510","121","882","43291","88.2","0","50","1000","1997","3.994","87","5.584545742596353","0","48.3","3.5464646464646465","10","700","882"
"374","BA","1000","2","0.1","50","0.1","0.5","1","platform","targeted","70","5","95","95","88.23137400437813","84.36983115903254","84.36983115903254","fixed","1","1","50","2958","14","50","23218936","v2.0-design-v1.0","100","99.9","0.09999999999999432","8.61513687600644","true","99.57600000000001","14.345999999999997","50","0","999","500","0","0","882","0","127","755","0","44100","642","6810","36533","115","882","43343","88.2","0","50","1000","1997","3.994","100","5.29263412451455","0","41.9","3.611111111111111","10","700","882"
"375","BA","1000","2","0.1","50","0.1","0.5","1","platform","targeted","70","5","95","95","88.23137400437813","84.36983115903254","84.36983115903254","fixed","1","1","50","2958","15","50","23218937","v2.0-design-v1.0","100","100","0","9.100671140939598","true","99.59","13.070000000000002","50","0","1000","500","0","0","882","0","134","748","0","44100","678","6772","36540","110","882","43312","88.2","0","50","1000","1997","3.994","70","5.053662385191892","0","42.1","3.609090909090909","10","700","882"
"376","BA","1000","2","0.1","50","0.1","0.5","1","platform","targeted","70","5","95","95","88.23137400437813","84.36983115903254","84.36983115903254","fixed","1","1","50","2958","16","50","23218938","v2.0-design-v1.0","100","99.8","0.20000000000000284","9.147496617050068","true","99.52799999999999","13.983999999999998","50","0","998","500","0","0","882","0","128","754","0","44100","676","6714","36577","133","882","43291","88.2","0","50","1000","1997","3.994","95","5.258480352308596","0","42","3.61010101010101","10","700","882"
"377","BA","1000","2","0.1","50","0.1","0.5","1","platform","targeted","70","5","95","95","88.23137400437813","84.36983115903254","84.36983115903254","fixed","1","1","50","2958","17","50","23218939","v2.0-design-v1.0","100","100","0","8.850146393398989","true","99.564","13.894","50","0","1000","500","0","0","882","0","129","753","0","44100","665","6849","36469","117","882","43318","88.2","0","50","1000","1997","3.994","73","4.9485808523709505","0","41.5","3.6151515151515152","10","700","882"
"378","BA","1000","2","0.1","50","0.1","0.5","1","platform","targeted","70","5","95","95","88.23137400437813","84.36983115903254","84.36983115903254","fixed","1","1","50","2958","18","50","23218940","v2.0-design-v1.0","100","99.9","0.09999999999999432","8.729624141182809","true","99.55","14.569999999999991","50","0","999","500","0","0","882","0","131","751","0","44100","648","6775","36550","127","882","43325","88.2","0","50","1000","1997","3.994","92","5.16145372977464","0","41.1","3.6191919191919193","10","700","882"
"379","BA","1000","2","0.1","50","0.1","0.5","1","platform","targeted","70","5","95","95","88.23137400437813","84.36983115903254","84.36983115903254","fixed","1","1","50","2958","19","50","23218941","v2.0-design-v1.0","100","99.9","0.09999999999999432","9.236569274269558","true","99.53200000000001","14.400000000000002","50","0","999","500","0","0","882","0","142","740","0","44100","686","6741","36547","126","882","43288","88.2","0","50","1000","1997","3.994","79","5.558854636061713","0","46.6","3.5636363636363635","10","700","882"
"380","BA","1000","2","0.1","50","0.1","0.5","1","platform","targeted","70","5","95","95","88.23137400437813","84.36983115903254","84.36983115903254","fixed","1","1","50","2958","20","50","23218942","v2.0-design-v1.0","100","99.8","0.20000000000000284","8.738249702105124","true","99.60600000000001","14.168000000000013","50","0","998","500","0","0","882","0","148","734","0","44100","660","6893","36437","110","882","43330","88.2","0","50","1000","1997","3.994","73","5.159513987245748","0","43.4","3.595959595959596","10","700","882"
"381","BA","1000","2","0.1","50","0.1","0.5","1","platform","targeted","70","5","95","95","88.23137400437813","84.36983115903254","84.36983115903254","fixed","1","1","50","2958","21","50","23218943","v2.0-design-v1.0","100","99.7","0.29999999999999716","9.117845117845118","true","99.53200000000001","14.447999999999993","50","0","997","500","0","0","882","0","123","759","0","44100","677","6748","36545","130","882","43293","88.2","0","50","1000","1997","3.994","53","4.645594208015318","0","37","3.6606060606060606","10","700","882"
"382","BA","1000","2","0.1","50","0.1","0.5","1","platform","targeted","70","5","95","95","88.23137400437813","84.36983115903254","84.36983115903254","fixed","1","1","50","2958","22","50","23218944","v2.0-design-v1.0","100","100","0","8.933564105977899","true","99.54","13.530000000000005","50","0","1000","500","0","0","882","0","153","729","0","44100","671","6840","36451","138","882","43291","88.2","0","50","1000","1997","3.994","94","5.558674559898499","0","44","3.5898989898989897","10","700","882"
"383","BA","1000","2","0.1","50","0.1","0.5","1","platform","targeted","70","5","95","95","88.23137400437813","84.36983115903254","84.36983115903254","fixed","1","1","50","2958","23","50","23218945","v2.0-design-v1.0","100","99.9","0.09999999999999432","9.081066450128569","true","99.574","14.13600000000001","50","0","999","500","0","0","882","0","142","740","0","44100","671","6718","36606","105","882","43324","88.2","0","50","1000","1997","3.994","98","5.358794704099102","0","43.4","3.595959595959596","10","700","882"
"384","BA","1000","2","0.1","50","0.1","0.5","1","platform","targeted","70","5","95","95","88.23137400437813","84.36983115903254","84.36983115903254","fixed","1","1","50","2958","24","50","23218946","v2.0-design-v1.0","100","100","0","9.246939861628526","true","99.584","13.888000000000003","50","0","1000","500","0","0","882","0","128","754","0","44100","695","6821","36479","105","882","43300","88.2","0","50","1000","1997","3.994","81","5.609048531206101","0","49.4","3.5353535353535355","10","700","882"
"385","BA","1000","2","0.1","50","0.1","0.5","1","platform","targeted","70","5","95","95","88.23137400437813","84.36983115903254","84.36983115903254","fixed","1","1","50","2958","25","50","23218947","v2.0-design-v1.0","100","99.7","0.29999999999999716","8.906829010058232","true","99.49","13.56399999999999","50","0","997","500","0","0","882","0","137","745","0","44100","673","6883","36412","132","882","43295","88.2","0","50","1000","1997","3.994","64","5.023265590947496","0","43.1","3.598989898989899","10","700","882"
"386","BA","1000","2","0.1","50","0.1","0.5","1","platform","targeted","70","5","95","95","88.23137400437813","84.36983115903254","84.36983115903254","fixed","1","1","50","2958","26","50","23218948","v2.0-design-v1.0","100","99.7","0.29999999999999716","8.511209558329977","true","99.49","14.084000000000001","50","0","997","500","0","0","882","0","142","740","0","44100","634","6815","36522","129","882","43337","88.2","0","50","1000","1997","3.994","97","5.339894987589022","0","44","3.5898989898989897","10","700","882"
"387","BA","1000","2","0.1","50","0.1","0.5","1","platform","targeted","70","5","95","95","88.23137400437813","84.36983115903254","84.36983115903254","fixed","1","1","50","2958","27","50","23218949","v2.0-design-v1.0","100","99.8","0.20000000000000284","8.958026015824059","true","99.52799999999999","14.055999999999992","50","0","998","500","0","0","882","0","146","736","0","44100","668","6789","36515","128","882","43304","88.2","0","50","1000","1997","3.994","58","4.676091298277841","0","39.5","3.6353535353535356","10","700","882"
"388","BA","1000","2","0.1","50","0.1","0.5","1","platform","targeted","70","5","95","95","88.23137400437813","84.36983115903254","84.36983115903254","fixed","1","1","50","2958","28","50","23218950","v2.0-design-v1.0","100","100","0","8.789320644990749","true","99.52799999999999","13.871999999999998","50","0","1000","500","0","0","882","0","139","743","0","44100","665","6901","36409","125","882","43310","88.2","0","50","1000","1997","3.994","122","5.828201431997006","0","48.3","3.5464646464646465","10","700","882"
"389","BA","1000","2","0.1","50","0.1","0.5","1","platform","targeted","70","5","95","95","88.23137400437813","84.36983115903254","84.36983115903254","fixed","1","1","50","2958","29","50","23218951","v2.0-design-v1.0","100","99.8","0.20000000000000284","8.802911836074413","true","99.54","14.206000000000012","50","0","998","500","0","0","882","0","138","744","0","44100","653","6765","36567","115","882","43332","88.2","0","50","1000","1997","3.994","76","5.140076301416571","0","42.6","3.604040404040404","10","700","882"
"390","BA","1000","2","0.1","50","0.1","0.5","1","platform","targeted","70","5","95","95","88.23137400437813","84.36983115903254","84.36983115903254","fixed","1","1","50","2958","30","50","23218952","v2.0-design-v1.0","100","99.8","0.20000000000000284","9.817105970952126","true","99.446","14.63600000000001","50","0","998","500","0","0","882","0","135","747","0","44100","730","6706","36504","160","882","43210","88.2","0","50","1000","1997","3.994","92","5.797894409143685","0","48.6","3.5434343434343436","10","700","882"
"391","BA","1000","2","0.1","50","0.1","0.5","1","platform","targeted","70","5","95","95","96.84184525473383","67.92684909160445","67.92684909160445","fixed","1","1","50","2959","1","50","23219923","v2.0-design-v1.0","100","100","0","4.8691001803370435","true","99.176","5.672000000000002","50","0","1000","500","0","0","968","0","351","617","0","48400","783","15298","31942","377","968","47240","96.8","0","50","1000","1997","3.994","81","5.220461398882008","0","42.2","3.608080808080808","10","700","968"
"392","BA","1000","2","0.1","50","0.1","0.5","1","platform","targeted","70","5","95","95","96.84184525473383","67.92684909160445","67.92684909160445","fixed","1","1","50","2959","2","50","23219924","v2.0-design-v1.0","100","100","0","5.514242500630199","true","99.04799999999999","5.796000000000001","50","0","1000","500","0","0","968","0","298","670","0","48400","875","14993","32099","433","968","47092","96.8","0","50","1000","1997","3.994","92","5.475211588782832","0","45.3","3.576767676767677","10","700","968"
"393","BA","1000","2","0.1","50","0.1","0.5","1","platform","targeted","70","5","95","95","96.84184525473383","67.92684909160445","67.92684909160445","fixed","1","1","50","2959","3","50","23219925","v2.0-design-v1.0","100","100","0","4.441648317080843","true","99.354","5.6240000000000006","50","0","1000","500","0","0","968","0","304","664","0","48400","706","15189","32209","296","968","47398","96.8","0","50","1000","1997","3.994","52","4.9226208665908935","0","41.7","3.613131313131313","10","700","968"
"394","BA","1000","2","0.1","50","0.1","0.5","1","platform","targeted","70","5","95","95","96.84184525473383","67.92684909160445","67.92684909160445","fixed","1","1","50","2959","4","50","23219926","v2.0-design-v1.0","100","100","0","4.597701149425287","true","99.37","6.064000000000008","50","0","1000","500","0","0","968","0","327","641","0","48400","732","15189","32191","288","968","47380","96.8","0","50","1000","1997","3.994","113","5.646578419525205","0","45.5","3.5747474747474746","10","700","968"
"395","BA","1000","2","0.1","50","0.1","0.5","1","platform","targeted","70","5","95","95","96.84184525473383","67.92684909160445","67.92684909160445","fixed","1","1","50","2959","5","50","23219927","v2.0-design-v1.0","100","100","0","4.455260202171472","true","99.314","5.716000000000001","50","0","1000","500","0","0","968","0","284","684","0","48400","714","15312","32063","311","968","47375","96.8","0","50","1000","1997","3.994","79","5.36290263987","0","45","3.5797979797979798","10","700","968"
"396","BA","1000","2","0.1","50","0.1","0.5","1","platform","targeted","70","5","95","95","96.84184525473383","67.92684909160445","67.92684909160445","fixed","1","1","50","2959","6","50","23219928","v2.0-design-v1.0","100","100","0","4.952608122528403","true","99.19200000000001","6.007999999999999","50","0","1000","500","0","0","968","0","312","656","0","48400","789","15142","32102","367","968","47244","96.8","0","50","1000","1997","3.994","66","5.207983015245635","0","46.9","3.5606060606060606","10","700","968"
"397","BA","1000","2","0.1","50","0.1","0.5","1","platform","targeted","70","5","95","95","96.84184525473383","67.92684909160445","67.92684909160445","fixed","1","1","50","2959","7","50","23219929","v2.0-design-v1.0","100","100","0","4.570749702995061","true","99.238","5.77","50","0","1000","500","0","0","968","0","289","679","0","48400","731","15262","32060","347","968","47322","96.8","0","50","1000","1997","3.994","94","5.315658023257338","0","43.4","3.595959595959596","10","700","968"
"398","BA","1000","2","0.1","50","0.1","0.5","1","platform","targeted","70","5","95","95","96.84184525473383","67.92684909160445","67.92684909160445","fixed","1","1","50","2959","8","50","23219930","v2.0-design-v1.0","100","100","0","5.627868955542979","true","98.97","6.0139999999999985","50","0","1000","500","0","0","968","0","314","654","0","48400","895","15008","32024","473","968","47032","96.8","0","50","1000","1997","3.994","83","5.608513120196772","0","47","3.5595959595959594","10","700","968"
"399","BA","1000","2","0.1","50","0.1","0.5","1","platform","targeted","70","5","95","95","96.84184525473383","67.92684909160445","67.92684909160445","fixed","1","1","50","2959","9","50","23219931","v2.0-design-v1.0","100","100","0","5.424705587572038","true","99.124","5.529999999999998","50","0","1000","500","0","0","968","0","320","648","0","48400","866","15098","32040","396","968","47138","96.8","0","50","1000","1997","3.994","70","4.993886552866696","0","40.3","3.6272727272727274","10","700","968"
"400","BA","1000","2","0.1","50","0.1","0.5","1","platform","targeted","70","5","95","95","96.84184525473383","67.92684909160445","67.92684909160445","fixed","1","1","50","2959","10","50","23219932","v2.0-design-v1.0","100","100","0","4.635761589403973","true","99.302","5.826000000000001","50","0","1000","500","0","0","968","0","307","661","0","48400","735","15120","32226","319","968","47346","96.8","0","50","1000","1997","3.994","92","5.842268060958528","0","50.4","3.525252525252525","10","700","968"
"401","BA","1000","2","0.1","50","0.1","0.5","1","platform","targeted","70","5","95","95","96.84184525473383","67.92684909160445","67.92684909160445","fixed","1","1","50","2959","11","50","23219933","v2.0-design-v1.0","100","100","0","4.940204119967441","true","99.074","5.883999999999999","50","0","1000","500","0","0","968","0","298","670","0","48400","789","15182","31998","431","968","47180","96.8","0","50","1000","1997","3.994","93","5.409919706541969","0","44.1","3.588888888888889","10","700","968"
"402","BA","1000","2","0.1","50","0.1","0.5","1","platform","targeted","70","5","95","95","96.84184525473383","67.92684909160445","67.92684909160445","fixed","1","1","50","2959","12","50","23219934","v2.0-design-v1.0","100","100","0","4.877743730848602","true","99.206","5.942","50","0","1000","500","0","0","968","0","300","668","0","48400","780","15211","32044","365","968","47255","96.8","0","50","1000","1997","3.994","70","5.233292591796419","0","44.2","3.587878787878788","10","700","968"
"403","BA","1000","2","0.1","50","0.1","0.5","1","platform","targeted","70","5","95","95","96.84184525473383","67.92684909160445","67.92684909160445","fixed","1","1","50","2959","13","50","23219935","v2.0-design-v1.0","100","100","0","4.845179892190046","true","99.178","5.8000000000000025","50","0","1000","500","0","0","968","0","328","640","0","48400","773","15181","32077","369","968","47258","96.8","0","50","1000","1997","3.994","80","4.989274181367144","0","41.9","3.611111111111111","10","700","968"
"404","BA","1000","2","0.1","50","0.1","0.5","1","platform","targeted","70","5","95","95","96.84184525473383","67.92684909160445","67.92684909160445","fixed","1","1","50","2959","14","50","23219936","v2.0-design-v1.0","100","100","0","4.7751741608613045","true","99.204","6.022","50","0","1000","500","0","0","968","0","287","681","0","48400","754","15036","32240","370","968","47276","96.8","0","50","1000","1997","3.994","78","5.256005097941733","0","46","3.56969696969697","10","700","968"
"405","BA","1000","2","0.1","50","0.1","0.5","1","platform","targeted","70","5","95","95","96.84184525473383","67.92684909160445","67.92684909160445","fixed","1","1","50","2959","15","50","23219937","v2.0-design-v1.0","100","100","0","4.632186793873965","true","99.262","5.838000000000002","50","0","1000","500","0","0","968","0","304","664","0","48400","738","15194","32138","330","968","47332","96.8","0","50","1000","1997","3.994","93","5.3832093534380485","0","45.2","3.577777777777778","10","700","968"
"406","BA","1000","2","0.1","50","0.1","0.5","1","platform","targeted","70","5","95","95","96.84184525473383","67.92684909160445","67.92684909160445","fixed","1","1","50","2959","16","50","23219938","v2.0-design-v1.0","100","100","0","4.7699849170437405","true","99.296","5.906000000000009","50","0","1000","500","0","0","968","0","281","687","0","48400","759","15153","32158","330","968","47311","96.8","0","50","1000","1997","3.994","69","5.338395120489149","0","47","3.5595959595959594","10","700","968"
"407","BA","1000","2","0.1","50","0.1","0.5","1","platform","targeted","70","5","95","95","96.84184525473383","67.92684909160445","67.92684909160445","fixed","1","1","50","2959","17","50","23219939","v2.0-design-v1.0","100","100","0","4.995904995904995","true","99.04","5.9060000000000015","50","0","1000","500","0","0","968","0","320","648","0","48400","793","15080","32080","447","968","47160","96.8","0","50","1000","1997","3.994","84","5.500929396404224","0","46.5","3.5646464646464646","10","700","968"
"408","BA","1000","2","0.1","50","0.1","0.5","1","platform","targeted","70","5","95","95","96.84184525473383","67.92684909160445","67.92684909160445","fixed","1","1","50","2959","18","50","23219940","v2.0-design-v1.0","100","100","0","5.681746282821892","true","99.08","5.27","50","0","1000","500","0","0","968","0","308","660","0","48400","898","14907","32172","423","968","47079","96.8","0","50","1000","1997","3.994","93","5.782508227525612","0","48.3","3.5464646464646465","10","700","968"
"409","BA","1000","2","0.1","50","0.1","0.5","1","platform","targeted","70","5","95","95","96.84184525473383","67.92684909160445","67.92684909160445","fixed","1","1","50","2959","19","50","23219941","v2.0-design-v1.0","100","100","0","4.894078611536498","true","99.25599999999999","6.012000000000003","50","0","1000","500","0","0","968","0","295","673","0","48400","767","14905","32383","345","968","47288","96.8","0","50","1000","1997","3.994","80","5.419717459179702","0","45.9","3.5707070707070705","10","700","968"
"410","BA","1000","2","0.1","50","0.1","0.5","1","platform","targeted","70","5","95","95","96.84184525473383","67.92684909160445","67.92684909160445","fixed","1","1","50","2959","20","50","23219942","v2.0-design-v1.0","100","100","0","4.758341128780792","true","99.164","5.678000000000002","50","0","1000","500","0","0","968","0","318","650","0","48400","763","15272","31982","383","968","47254","96.8","0","50","1000","1997","3.994","76","5.346826400076261","0","45.1","3.5787878787878786","10","700","968"
"411","BA","1000","2","0.1","50","0.1","0.5","1","platform","targeted","70","5","95","95","96.84184525473383","67.92684909160445","67.92684909160445","fixed","1","1","50","2959","21","50","23219943","v2.0-design-v1.0","100","100","0","4.491280893237988","true","99.314","5.874000000000006","50","0","1000","500","0","0","968","0","316","652","0","48400","716","15226","32151","307","968","47377","96.8","0","50","1000","1997","3.994","61","4.855464914870612","0","39.7","3.6333333333333333","10","700","968"
"412","BA","1000","2","0.1","50","0.1","0.5","1","platform","targeted","70","5","95","95","96.84184525473383","67.92684909160445","67.92684909160445","fixed","1","1","50","2959","22","50","23219944","v2.0-design-v1.0","100","100","0","4.765781563126253","true","99.18","5.501999999999998","50","0","1000","500","0","0","968","0","325","643","0","48400","761","15207","32058","374","968","47265","96.8","0","50","1000","1997","3.994","85","5.437603473179282","0","46.3","3.566666666666667","10","700","968"
"413","BA","1000","2","0.1","50","0.1","0.5","1","platform","targeted","70","5","95","95","96.84184525473383","67.92684909160445","67.92684909160445","fixed","1","1","50","2959","23","50","23219945","v2.0-design-v1.0","100","100","0","4.48464292443942","true","99.264","5.929999999999998","50","0","1000","500","0","0","968","0","312","656","0","48400","714","15207","32153","326","968","47360","96.8","0","50","1000","1997","3.994","78","5.114109709237574","0","42.3","3.607070707070707","10","700","968"
"414","BA","1000","2","0.1","50","0.1","0.5","1","platform","targeted","70","5","95","95","96.84184525473383","67.92684909160445","67.92684909160445","fixed","1","1","50","2959","24","50","23219946","v2.0-design-v1.0","100","100","0","4.703604222624773","true","99.12","5.782000000000003","50","0","1000","500","0","0","968","0","297","671","0","48400","753","15256","31990","401","968","47246","96.8","0","50","1000","1997","3.994","96","5.463315093586648","0","42","3.61010101010101","10","700","968"
"415","BA","1000","2","0.1","50","0.1","0.5","1","platform","targeted","70","5","95","95","96.84184525473383","67.92684909160445","67.92684909160445","fixed","1","1","50","2959","25","50","23219947","v2.0-design-v1.0","100","100","0","5.026471504204298","true","99.14","5.918000000000001","50","0","1000","500","0","0","968","0","310","658","0","48400","807","15248","31951","394","968","47199","96.8","0","50","1000","1997","3.994","88","5.247618650540592","0","43.2","3.597979797979798","10","700","968"
"416","BA","1000","2","0.1","50","0.1","0.5","1","platform","targeted","70","5","95","95","96.84184525473383","67.92684909160445","67.92684909160445","fixed","1","1","50","2959","26","50","23219948","v2.0-design-v1.0","100","100","0","4.622611963670529","true","99.266","5.943999999999999","50","0","1000","500","0","0","968","0","329","639","0","48400","738","15227","32097","338","968","47324","96.8","0","50","1000","1997","3.994","71","4.8826021549788114","0","39.7","3.6333333333333333","10","700","968"
"417","BA","1000","2","0.1","50","0.1","0.5","1","platform","targeted","70","5","95","95","96.84184525473383","67.92684909160445","67.92684909160445","fixed","1","1","50","2959","27","50","23219949","v2.0-design-v1.0","100","100","0","4.80907893911844","true","99.17399999999999","5.923999999999999","50","0","1000","500","0","0","968","0","307","661","0","48400","767","15182","32075","376","968","47257","96.8","0","50","1000","1997","3.994","91","5.770377913209948","0","49","3.5393939393939395","10","700","968"
"418","BA","1000","2","0.1","50","0.1","0.5","1","platform","targeted","70","5","95","95","96.84184525473383","67.92684909160445","67.92684909160445","fixed","1","1","50","2959","28","50","23219950","v2.0-design-v1.0","100","100","0","4.398900274931267","true","99.296","5.496000000000001","50","0","1000","500","0","0","968","0","304","664","0","48400","704","15300","32076","320","968","47376","96.8","0","50","1000","1997","3.994","115","5.449923455028111","0","40.8","3.6222222222222222","10","700","968"
"419","BA","1000","2","0.1","50","0.1","0.5","1","platform","targeted","70","5","95","95","96.84184525473383","67.92684909160445","67.92684909160445","fixed","1","1","50","2959","29","50","23219951","v2.0-design-v1.0","100","100","0","4.7154572564612325","true","99.17","5.7860000000000005","50","0","1000","500","0","0","968","0","310","658","0","48400","759","15337","31924","380","968","47261","96.8","0","50","1000","1997","3.994","156","6.9762907502936695","0","53.2","3.496969696969697","10","700","968"
"420","BA","1000","2","0.1","50","0.1","0.5","1","platform","targeted","70","5","95","95","96.84184525473383","67.92684909160445","67.92684909160445","fixed","1","1","50","2959","30","50","23219952","v2.0-design-v1.0","100","100","0","4.577064104185106","true","99.34200000000001","5.693999999999999","50","0","1000","500","0","0","968","0","316","652","0","48400","724","15094","32284","298","968","47378","96.8","0","50","1000","1997","3.994","67","5.094498789666934","0","42.1","3.609090909090909","10","700","968"
"421","BA","1000","2","0.1","50","0.1","0.5","1","platform","targeted","70","5","95","95","97.70914076157173","78.02996973707454","78.02996973707454","fixed","1","1","50","2960","1","50","23220923","v2.0-design-v1.0","100","100","0","5.760226168389434","true","99.568","8.601999999999999","50","0","1000","500","0","0","977","0","223","754","0","48850","652","10667","37330","201","977","47997","97.7","0","50","1000","1997","3.994","75","5.109214036235708","0","43.8","3.591919191919192","10","700","977"
"422","BA","1000","2","0.1","50","0.1","0.5","1","platform","targeted","70","5","95","95","97.70914076157173","78.02996973707454","78.02996973707454","fixed","1","1","50","2960","2","50","23220924","v2.0-design-v1.0","100","100","0","6.1553624227219785","true","99.568","8.86","50","0","1000","500","0","0","977","0","229","748","0","48850","687","10474","37491","198","977","47965","97.7","0","50","1000","1997","3.994","90","5.095874010602287","0","40.3","3.6272727272727274","10","700","977"
"423","BA","1000","2","0.1","50","0.1","0.5","1","platform","targeted","70","5","95","95","97.70914076157173","78.02996973707454","78.02996973707454","fixed","1","1","50","2960","3","50","23220925","v2.0-design-v1.0","100","100","0","6.7934297446884475","true","99.51","9.040000000000003","50","0","1000","500","0","0","977","0","225","752","0","48850","761","10441","37422","226","977","47863","97.7","0","50","1000","1997","3.994","59","5.014090655852266","0","43.7","3.592929292929293","10","700","977"
"424","BA","1000","2","0.1","50","0.1","0.5","1","platform","targeted","70","5","95","95","97.70914076157173","78.02996973707454","78.02996973707454","fixed","1","1","50","2960","4","50","23220926","v2.0-design-v1.0","100","100","0","6.200920660709451","true","99.584","8.971999999999998","50","0","1000","500","0","0","977","0","231","746","0","48850","687","10392","37580","191","977","47972","97.7","0","50","1000","1997","3.994","80","4.847831006281611","0","39.7","3.6333333333333333","10","700","977"
"425","BA","1000","2","0.1","50","0.1","0.5","1","platform","targeted","70","5","95","95","97.70914076157173","78.02996973707454","78.02996973707454","fixed","1","1","50","2960","5","50","23220927","v2.0-design-v1.0","100","100","0","5.913692061800746","true","99.604","8.876","50","0","1000","500","0","0","977","0","210","767","0","48850","666","10596","37406","182","977","48002","97.7","0","50","1000","1997","3.994","89","4.961308151947278","0","40.1","3.6292929292929292","10","700","977"
"426","BA","1000","2","0.1","50","0.1","0.5","1","platform","targeted","70","5","95","95","97.70914076157173","78.02996973707454","78.02996973707454","fixed","1","1","50","2960","6","50","23220928","v2.0-design-v1.0","100","100","0","5.982062780269058","true","99.554","8.532","50","0","1000","500","0","0","977","0","198","779","0","48850","667","10483","37495","205","977","47978","97.7","0","50","1000","1997","3.994","92","5.477770529145036","0","45.1","3.5787878787878786","10","700","977"
"427","BA","1000","2","0.1","50","0.1","0.5","1","platform","targeted","70","5","95","95","97.70914076157173","78.02996973707454","78.02996973707454","fixed","1","1","50","2960","7","50","23220929","v2.0-design-v1.0","100","100","0","6.090739589807334","true","99.61399999999999","8.490000000000002","50","0","1000","500","0","0","977","0","202","775","0","48850","686","10577","37408","179","977","47985","97.7","0","50","1000","1997","3.994","97","5.703551042508028","0","45.3","3.576767676767677","10","700","977"
"428","BA","1000","2","0.1","50","0.1","0.5","1","platform","targeted","70","5","95","95","97.70914076157173","78.02996973707454","78.02996973707454","fixed","1","1","50","2960","8","50","23220930","v2.0-design-v1.0","100","100","0","6.4504632929436925","true","99.53","8.693999999999999","50","0","1000","500","0","0","977","0","216","761","0","48850","724","10500","37411","215","977","47911","97.7","0","50","1000","1997","3.994","79","5.699688627499785","0","49.5","3.5343434343434343","10","700","977"
"429","BA","1000","2","0.1","50","0.1","0.5","1","platform","targeted","70","5","95","95","97.70914076157173","78.02996973707454","78.02996973707454","fixed","1","1","50","2960","9","50","23220931","v2.0-design-v1.0","100","100","0","5.963791267305645","true","99.604","8.459999999999997","50","0","1000","500","0","0","977","0","212","765","0","48850","672","10596","37397","185","977","47993","97.7","0","50","1000","1997","3.994","88","5.2476186505405895","0","41.8","3.6121212121212123","10","700","977"
"430","BA","1000","2","0.1","50","0.1","0.5","1","platform","targeted","70","5","95","95","97.70914076157173","78.02996973707454","78.02996973707454","fixed","1","1","50","2960","10","50","23220932","v2.0-design-v1.0","100","100","0","6.188867152765427","true","99.59","8.461999999999998","50","0","1000","500","0","0","977","0","234","743","0","48850","696","10550","37415","189","977","47965","97.7","0","50","1000","1997","3.994","105","5.733309239421398","0","45.5","3.5747474747474746","10","700","977"
"431","BA","1000","2","0.1","50","0.1","0.5","1","platform","targeted","70","5","95","95","97.70914076157173","78.02996973707454","78.02996973707454","fixed","1","1","50","2960","11","50","23220933","v2.0-design-v1.0","100","100","0","5.803893294881038","true","99.676","8.992","50","0","1000","500","0","0","977","0","225","752","0","48850","644","10452","37606","148","977","48058","97.7","0","50","1000","1997","3.994","80","4.970580516465915","0","40.8","3.6222222222222222","10","700","977"
"432","BA","1000","2","0.1","50","0.1","0.5","1","platform","targeted","70","5","95","95","97.70914076157173","78.02996973707454","78.02996973707454","fixed","1","1","50","2960","12","50","23220934","v2.0-design-v1.0","100","100","0","5.891691656376786","true","99.61","8.418000000000008","50","0","1000","500","0","0","977","0","211","766","0","48850","668","10670","37332","180","977","48002","97.7","0","50","1000","1997","3.994","69","5.096856084091625","0","44","3.5898989898989897","10","700","977"
"433","BA","1000","2","0.1","50","0.1","0.5","1","platform","targeted","70","5","95","95","97.70914076157173","78.02996973707454","78.02996973707454","fixed","1","1","50","2960","13","50","23220935","v2.0-design-v1.0","100","100","0","6.156767019256849","true","99.574","9.13","50","0","1000","500","0","0","977","0","212","765","0","48850","681","10380","37591","198","977","47971","97.7","0","50","1000","1997","3.994","60","5.004098820467568","0","42.1","3.609090909090909","10","700","977"
"434","BA","1000","2","0.1","50","0.1","0.5","1","platform","targeted","70","5","95","95","97.70914076157173","78.02996973707454","78.02996973707454","fixed","1","1","50","2960","14","50","23220936","v2.0-design-v1.0","100","100","0","6.6456551103106705","true","99.48200000000001","9.14","50","0","1000","500","0","0","977","0","220","757","0","48850","738","10367","37503","242","977","47870","97.7","0","50","1000","1997","3.994","75","5.2685597388396","0","44.4","3.585858585858586","10","700","977"
"435","BA","1000","2","0.1","50","0.1","0.5","1","platform","targeted","70","5","95","95","97.70914076157173","78.02996973707454","78.02996973707454","fixed","1","1","50","2960","15","50","23220937","v2.0-design-v1.0","100","100","0","5.93098490294752","true","99.61399999999999","8.890000000000004","50","0","1000","500","0","0","977","0","220","757","0","48850","660","10468","37548","174","977","48016","97.7","0","50","1000","1997","3.994","96","5.691076554778739","0","47.5","3.5545454545454547","10","700","977"
"436","BA","1000","2","0.1","50","0.1","0.5","1","platform","targeted","70","5","95","95","97.70914076157173","78.02996973707454","78.02996973707454","fixed","1","1","50","2960","16","50","23220938","v2.0-design-v1.0","100","100","0","5.900314324202963","true","99.63","9.01","50","0","1000","500","0","0","977","0","185","792","0","48850","657","10478","37546","169","977","48024","97.7","0","50","1000","1997","3.994","76","4.798018860424049","0","39.3","3.6373737373737374","10","700","977"
"437","BA","1000","2","0.1","50","0.1","0.5","1","platform","targeted","70","5","95","95","97.70914076157173","78.02996973707454","78.02996973707454","fixed","1","1","50","2960","17","50","23220939","v2.0-design-v1.0","100","100","0","5.8347978910369065","true","99.588","8.487999999999998","50","0","1000","500","0","0","977","0","212","765","0","48850","664","10716","37283","187","977","47999","97.7","0","50","1000","1997","3.994","127","5.981282449420032","0","46.8","3.5616161616161617","10","700","977"
"438","BA","1000","2","0.1","50","0.1","0.5","1","platform","targeted","70","5","95","95","97.70914076157173","78.02996973707454","78.02996973707454","fixed","1","1","50","2960","18","50","23220940","v2.0-design-v1.0","100","100","0","6.381111208636882","true","99.566","8.544","50","0","1000","500","0","0","977","0","201","776","0","48850","727","10666","37251","206","977","47917","97.7","0","50","1000","1997","3.994","76","5.330138307246283","0","44.6","3.583838383838384","10","700","977"
"439","BA","1000","2","0.1","50","0.1","0.5","1","platform","targeted","70","5","95","95","97.70914076157173","78.02996973707454","78.02996973707454","fixed","1","1","50","2960","19","50","23220941","v2.0-design-v1.0","100","100","0","6.0542986425339365","true","99.572","8.682000000000002","50","0","1000","500","0","0","977","0","210","767","0","48850","669","10381","37611","189","977","47992","97.7","0","50","1000","1997","3.994","65","5.182549837948758","0","44.8","3.581818181818182","10","700","977"
"440","BA","1000","2","0.1","50","0.1","0.5","1","platform","targeted","70","5","95","95","97.70914076157173","78.02996973707454","78.02996973707454","fixed","1","1","50","2960","20","50","23220942","v2.0-design-v1.0","100","100","0","6.174712233425537","true","99.574","8.471999999999998","50","0","1000","500","0","0","977","0","214","763","0","48850","692","10515","37453","190","977","47968","97.7","0","50","1000","1997","3.994","79","4.9782272694953065","0","40.9","3.621212121212121","10","700","977"
"441","BA","1000","2","0.1","50","0.1","0.5","1","platform","targeted","70","5","95","95","97.70914076157173","78.02996973707454","78.02996973707454","fixed","1","1","50","2960","21","50","23220943","v2.0-design-v1.0","100","100","0","6.002284910800597","true","99.66","8.202000000000004","50","0","1000","500","0","0","977","0","222","755","0","48850","683","10696","37317","154","977","48013","97.7","0","50","1000","1997","3.994","102","5.6713427094584965","0","44.3","3.5868686868686868","10","700","977"
"442","BA","1000","2","0.1","50","0.1","0.5","1","platform","targeted","70","5","95","95","97.70914076157173","78.02996973707454","78.02996973707454","fixed","1","1","50","2960","22","50","23220944","v2.0-design-v1.0","100","100","0","6.100937918713711","true","99.58200000000001","8.840000000000002","50","0","1000","500","0","0","977","0","225","752","0","48850","683","10512","37469","186","977","47981","97.7","0","50","1000","1997","3.994","68","4.654205155085618","0","36.4","3.6666666666666665","10","700","977"
"443","BA","1000","2","0.1","50","0.1","0.5","1","platform","targeted","70","5","95","95","97.70914076157173","78.02996973707454","78.02996973707454","fixed","1","1","50","2960","23","50","23220945","v2.0-design-v1.0","100","100","0","5.792845702082221","true","99.618","8.718000000000009","50","0","1000","500","0","0","977","0","202","775","0","48850","651","10587","37441","171","977","48028","97.7","0","50","1000","1997","3.994","69","5.212401858369424","0","44.7","3.5828282828282827","10","700","977"
"444","BA","1000","2","0.1","50","0.1","0.5","1","platform","targeted","70","5","95","95","97.70914076157173","78.02996973707454","78.02996973707454","fixed","1","1","50","2960","24","50","23220946","v2.0-design-v1.0","100","100","0","5.970149253731343","true","99.53","8.478","50","0","1000","500","0","0","977","0","230","747","0","48850","680","10710","37247","213","977","47957","97.7","0","50","1000","1997","3.994","88","5.350943523958784","0","45.1","3.5787878787878786","10","700","977"
"445","BA","1000","2","0.1","50","0.1","0.5","1","platform","targeted","70","5","95","95","97.70914076157173","78.02996973707454","78.02996973707454","fixed","1","1","50","2960","25","50","23220947","v2.0-design-v1.0","100","100","0","6.030682419326397","true","99.60600000000001","8.416000000000002","50","0","1000","500","0","0","977","0","202","775","0","48850","684","10658","37328","180","977","47986","97.7","0","50","1000","1997","3.994","83","5.666751809994503","0","50.6","3.5232323232323233","10","700","977"
"446","BA","1000","2","0.1","50","0.1","0.5","1","platform","targeted","70","5","95","95","97.70914076157173","78.02996973707454","78.02996973707454","fixed","1","1","50","2960","26","50","23220948","v2.0-design-v1.0","100","100","0","6.317965309607261","true","99.6","9.065999999999999","50","0","1000","500","0","0","977","0","220","757","0","48850","703","10424","37541","182","977","47965","97.7","0","50","1000","1997","3.994","104","5.820467493409951","0","47","3.5595959595959594","10","700","977"
"447","BA","1000","2","0.1","50","0.1","0.5","1","platform","targeted","70","5","95","95","97.70914076157173","78.02996973707454","78.02996973707454","fixed","1","1","50","2960","27","50","23220949","v2.0-design-v1.0","100","100","0","5.8558152124875935","true","99.536","8.373999999999997","50","0","1000","500","0","0","977","0","199","778","0","48850","649","10434","37555","212","977","47989","97.7","0","50","1000","1997","3.994","82","5.15563231277643","0","43.8","3.591919191919192","10","700","977"
"448","BA","1000","2","0.1","50","0.1","0.5","1","platform","targeted","70","5","95","95","97.70914076157173","78.02996973707454","78.02996973707454","fixed","1","1","50","2960","28","50","23220950","v2.0-design-v1.0","100","100","0","6.0482440581766586","true","99.60600000000001","8.327999999999998","50","0","1000","500","0","0","977","0","227","750","0","48850","682","10594","37393","181","977","47987","97.7","0","50","1000","1997","3.994","87","5.145526254955892","0","41.9","3.611111111111111","10","700","977"
"449","BA","1000","2","0.1","50","0.1","0.5","1","platform","targeted","70","5","95","95","97.70914076157173","78.02996973707454","78.02996973707454","fixed","1","1","50","2960","29","50","23220951","v2.0-design-v1.0","100","100","0","5.9696189037931955","true","99.55","8.49","50","0","1000","500","0","0","977","0","212","765","0","48850","672","10585","37383","210","977","47968","97.7","0","50","1000","1997","3.994","91","5.135790137879488","0","40.3","3.6272727272727274","10","700","977"
"450","BA","1000","2","0.1","50","0.1","0.5","1","platform","targeted","70","5","95","95","97.70914076157173","78.02996973707454","78.02996973707454","fixed","1","1","50","2960","30","50","23220952","v2.0-design-v1.0","100","100","0","5.997381056307289","true","99.59","8.016000000000002","50","0","1000","500","0","0","977","0","215","762","0","48850","687","10768","37209","186","977","47977","97.7","0","50","1000","1997","3.994","61","4.989675426404086","0","41.7","3.613131313131313","10","700","977"
"451","BA","1000","2","0.1","50","0.1","0.5","1","platform","targeted","70","5","95","95","32.63697705765431","82.92274088287512","82.92274088287512","fixed","1","1","50","2961","1","50","23221923","v2.0-design-v1.0","48.8","34.699999999999996","14.100000000000001","65.37334023107432","true","52.515999999999984","24.005999999999986","50","51.2","347","500","512","581","326","69","45","199","13","16300","3791","2008","9733","768","244","11741","32.6","0","50","1000","1997","3.994","73","4.990076639177477","0","40.1","3.6292929292929292","10","700","326"
"452","BA","1000","2","0.1","50","0.1","0.5","1","platform","targeted","70","5","95","95","32.63697705765431","82.92274088287512","82.92274088287512","fixed","1","1","50","2961","2","50","23221924","v2.0-design-v1.0","55.6","41.199999999999996","14.400000000000006","62.28889687387711","true","58.313999999999986","26.72","50","44.4","412","500","444","499","326","55","45","214","12","16300","3467","2099","9998","736","259","12097","32.6","0","50","1000","1997","3.994","84","5.618142711566468","0","47.7","3.5525252525252524","10","700","326"
"453","BA","1000","2","0.1","50","0.1","0.5","1","platform","targeted","70","5","95","95","32.63697705765431","82.92274088287512","82.92274088287512","fixed","1","1","50","2961","3","50","23221925","v2.0-design-v1.0","46.599999999999994","35.5","11.099999999999994","65.42822257107971","true","52.43600000000001","23.86999999999999","50","53.400000000000006","355","500","534","621","326","87","42","180","17","16300","3751","1982","9801","766","222","11783","32.6","0","50","1000","1997","3.994","88","5.263807716061784","0","45.8","3.5717171717171716","10","700","326"
"454","BA","1000","2","0.1","50","0.1","0.5","1","platform","targeted","70","5","95","95","32.63697705765431","82.92274088287512","82.92274088287512","fixed","1","1","50","2961","4","50","23221926","v2.0-design-v1.0","53.1","40.2","12.899999999999999","64.79527981405329","true","57.90599999999999","26.44","50","46.9","402","500","469","546","326","77","43","193","13","16300","3624","1969","9934","773","236","11903","32.6","0","50","1000","1997","3.994","80","5.187376299524915","0","43","3.6","10","700","326"
"455","BA","1000","2","0.1","50","0.1","0.5","1","platform","targeted","70","5","95","95","32.63697705765431","82.92274088287512","82.92274088287512","fixed","1","1","50","2961","5","50","23221927","v2.0-design-v1.0","49.7","35","14.700000000000003","63.71344523273923","true","53.03999999999999","24.711999999999993","50","50.3","350","500","503","587","326","84","41","187","14","16300","3682","2097","9747","774","228","11844","32.6","0","50","1000","1997","3.994","100","5.369804353866047","0","42.5","3.605050505050505","10","700","326"
"456","BA","1000","2","0.1","50","0.1","0.5","1","platform","targeted","70","5","95","95","32.63697705765431","82.92274088287512","82.92274088287512","fixed","1","1","50","2961","6","50","23221928","v2.0-design-v1.0","53","38.4","14.600000000000001","64.22564821303433","true","56.431999999999995","25.945999999999994","50","47","384","500","470","542","326","72","48","193","13","16300","3666","2042","9807","785","241","11849","32.6","0","50","1000","1997","3.994","139","6.000831106936297","0","46.6","3.5636363636363635","10","700","326"
"457","BA","1000","2","0.1","50","0.1","0.5","1","platform","targeted","70","5","95","95","32.63697705765431","82.92274088287512","82.92274088287512","fixed","1","1","50","2961","7","50","23221929","v2.0-design-v1.0","52.2","39.4","12.800000000000004","64.56936565239815","true","55.26599999999999","24.69599999999998","50","47.8","394","500","478","556","326","78","39","194","15","16300","3756","2061","9712","771","233","11773","32.6","0","50","1000","1997","3.994","59","5.064544758772849","0","43.7","3.592929292929293","10","700","326"
"458","BA","1000","2","0.1","50","0.1","0.5","1","platform","targeted","70","5","95","95","32.63697705765431","82.92274088287512","82.92274088287512","fixed","1","1","50","2961","8","50","23221930","v2.0-design-v1.0","53.8","41.099999999999994","12.700000000000003","63.36283185840708","true","58.474","27.23400000000001","50","46.2","411","500","462","524","326","62","43","203","18","16300","3580","2070","9877","773","246","11947","32.6","0","50","1000","1997","3.994","114","5.750219911362426","0","45","3.5797979797979798","10","700","326"
"459","BA","1000","2","0.1","50","0.1","0.5","1","platform","targeted","70","5","95","95","32.63697705765431","82.92274088287512","82.92274088287512","fixed","1","1","50","2961","9","50","23221931","v2.0-design-v1.0","54.6","38.7","15.899999999999999","64.71830985915493","true","57.532","26.990000000000006","50","45.4","387","500","454","532","326","78","36","199","13","16300","3676","2004","9869","751","235","11873","32.6","0","50","1000","1997","3.994","77","5.110389425482169","0","42.3","3.607070707070707","10","700","326"
"460","BA","1000","2","0.1","50","0.1","0.5","1","platform","targeted","70","5","95","95","32.63697705765431","82.92274088287512","82.92274088287512","fixed","1","1","50","2961","10","50","23221932","v2.0-design-v1.0","53.5","37.3","16.200000000000003","63.44827586206897","true","56.96199999999998","27.36","50","46.5","373","500","465","542","326","77","38","200","11","16300","3496","2014","10090","700","238","12104","32.6","0","50","1000","1997","3.994","75","5.036201676593903","0","42.1","3.609090909090909","10","700","326"
"461","BA","1000","2","0.1","50","0.1","0.5","1","platform","targeted","70","5","95","95","32.63697705765431","82.92274088287512","82.92274088287512","fixed","1","1","50","2961","11","50","23221933","v2.0-design-v1.0","52.800000000000004","41.4","11.400000000000006","64.47116222338386","true","55.938","23.480000000000008","50","47.199999999999996","414","500","472","544","326","72","38","205","11","16300","3700","2039","9826","735","243","11865","32.6","0","50","1000","1997","3.994","100","5.487811957427111","0","45.4","3.5757575757575757","10","700","326"
"462","BA","1000","2","0.1","50","0.1","0.5","1","platform","targeted","70","5","95","95","32.63697705765431","82.92274088287512","82.92274088287512","fixed","1","1","50","2961","12","50","23221934","v2.0-design-v1.0","51","35","16","64.42847124824684","true","54.34199999999999","25.479999999999997","50","49","350","500","490","550","326","60","40","215","11","16300","3675","2029","9842","754","255","11871","32.6","0","50","1000","1997","3.994","68","4.526417176139685","0","33.5","3.695959595959596","10","700","326"
"463","BA","1000","2","0.1","50","0.1","0.5","1","platform","targeted","70","5","95","95","32.63697705765431","82.92274088287512","82.92274088287512","fixed","1","1","50","2961","13","50","23221935","v2.0-design-v1.0","53.4","39.800000000000004","13.599999999999994","62.783523861368174","true","58.30799999999999","27.605999999999995","50","46.6","398","500","466","542","326","76","39","199","12","16300","3460","2051","10032","757","238","12083","32.6","0","50","1000","1997","3.994","60","4.963123673312654","0","41.7","3.613131313131313","10","700","326"
"464","BA","1000","2","0.1","50","0.1","0.5","1","platform","targeted","70","5","95","95","32.63697705765431","82.92274088287512","82.92274088287512","fixed","1","1","50","2961","14","50","23221936","v2.0-design-v1.0","53.8","38.3","15.5","63.335704125177806","true","56.162","26.188","50","46.2","383","500","462","539","326","77","42","197","10","16300","3562","2062","9924","752","239","11986","32.6","0","50","1000","1997","3.994","73","4.888953453027116","0","39.6","3.6343434343434344","10","700","326"
"465","BA","1000","2","0.1","50","0.1","0.5","1","platform","targeted","70","5","95","95","32.63697705765431","82.92274088287512","82.92274088287512","fixed","1","1","50","2961","15","50","23221937","v2.0-design-v1.0","51.2","37.4","13.800000000000004","64.82023051780492","true","55.21399999999998","25.716000000000005","50","48.8","374","500","488","563","326","75","34","201","16","16300","3768","2045","9672","815","235","11717","32.6","0","50","1000","1997","3.994","61","4.775014635031466","0","39.4","3.6363636363636362","10","700","326"
"466","BA","1000","2","0.1","50","0.1","0.5","1","platform","targeted","70","5","95","95","32.63697705765431","82.92274088287512","82.92274088287512","fixed","1","1","50","2961","16","50","23221938","v2.0-design-v1.0","52.900000000000006","39.6","13.300000000000004","63.76424501424501","true","57.06999999999999","26.084000000000007","50","47.099999999999994","396","500","471","559","326","88","48","179","11","16300","3581","2035","9950","734","227","11985","32.6","0","50","1000","1997","3.994","98","5.774193043647332","0","47.8","3.5515151515151517","10","700","326"
"467","BA","1000","2","0.1","50","0.1","0.5","1","platform","targeted","70","5","95","95","32.63697705765431","82.92274088287512","82.92274088287512","fixed","1","1","50","2961","17","50","23221939","v2.0-design-v1.0","52.900000000000006","41.199999999999996","11.70000000000001","63.58761459955025","true","56.72800000000002","25.22600000000001","50","47.099999999999994","412","500","471","545","326","74","31","211","10","16300","3676","2105","9823","696","242","11928","32.6","0","50","1000","1997","3.994","76","5.552007635872691","0","47.3","3.5565656565656565","10","700","326"
"468","BA","1000","2","0.1","50","0.1","0.5","1","platform","targeted","70","5","95","95","32.63697705765431","82.92274088287512","82.92274088287512","fixed","1","1","50","2961","18","50","23221940","v2.0-design-v1.0","52.800000000000004","37.1","15.700000000000003","65.29712572738494","true","55.68600000000001","26.212000000000007","50","47.199999999999996","371","500","472","567","326","95","34","186","11","16300","3703","1968","9847","782","220","11815","32.6","0","50","1000","1997","3.994","76","5.3541227694768585","0","47.6","3.5535353535353535","10","700","326"
"469","BA","1000","2","0.1","50","0.1","0.5","1","platform","targeted","70","5","95","95","32.63697705765431","82.92274088287512","82.92274088287512","fixed","1","1","50","2961","19","50","23221941","v2.0-design-v1.0","52.6","37.4","15.200000000000003","62.89040842727777","true","58.434","28.904","50","47.4","374","500","474","528","326","54","48","208","16","16300","3403","2008","10181","708","256","12189","32.6","0","50","1000","1997","3.994","80","5.206445147225789","0","45","3.5797979797979798","10","700","326"
"470","BA","1000","2","0.1","50","0.1","0.5","1","platform","targeted","70","5","95","95","32.63697705765431","82.92274088287512","82.92274088287512","fixed","1","1","50","2961","20","50","23221942","v2.0-design-v1.0","47.199999999999996","34","13.199999999999996","66.25521557719054","true","51.896000000000015","24.334","50","52.800000000000004","340","500","528","614","326","86","41","185","14","16300","3811","1941","9740","808","226","11681","32.6","0","50","1000","1997","3.994","74","4.868846852147803","0","40.7","3.6232323232323234","10","700","326"
"471","BA","1000","2","0.1","50","0.1","0.5","1","platform","targeted","70","5","95","95","32.63697705765431","82.92274088287512","82.92274088287512","fixed","1","1","50","2961","21","50","23221943","v2.0-design-v1.0","56","42.5","13.5","63.934426229508205","true","59.556000000000004","27.137999999999998","50","44","425","500","440","514","326","74","47","189","16","16300","3549","2002","10038","711","236","12040","32.6","0","50","1000","1997","3.994","102","5.715122625685867","0","46.7","3.562626262626263","10","700","326"
"472","BA","1000","2","0.1","50","0.1","0.5","1","platform","targeted","70","5","95","95","32.63697705765431","82.92274088287512","82.92274088287512","fixed","1","1","50","2961","22","50","23221944","v2.0-design-v1.0","56.4","38.3","18.1","62.30187319884726","true","58.326000000000015","28.397999999999993","50","43.6","383","500","436","499","326","63","41","213","9","16300","3459","2093","10052","696","254","12145","32.6","0","50","1000","1997","3.994","85","5.356178922763184","0","45.2","3.577777777777778","10","700","326"
"473","BA","1000","2","0.1","50","0.1","0.5","1","platform","targeted","70","5","95","95","32.63697705765431","82.92274088287512","82.92274088287512","fixed","1","1","50","2961","23","50","23221945","v2.0-design-v1.0","51.2","36.8","14.400000000000006","63.418954827280785","true","55.82","26.088","50","48.8","368","500","488","557","326","69","37","206","14","16300","3580","2065","9854","801","243","11919","32.6","0","50","1000","1997","3.994","48","4.517341073061706","0","36.6","3.6646464646464647","10","700","326"
"474","BA","1000","2","0.1","50","0.1","0.5","1","platform","targeted","70","5","95","95","32.63697705765431","82.92274088287512","82.92274088287512","fixed","1","1","50","2961","24","50","23221946","v2.0-design-v1.0","50.9","35.199999999999996","15.700000000000003","64.82320942883047","true","54.88999999999999","26.406","50","49.1","352","500","491","560","326","69","30","209","18","16300","3575","1940","10039","746","239","11979","32.6","0","50","1000","1997","3.994","71","5.131695460400804","0","43.9","3.590909090909091","10","700","326"
"475","BA","1000","2","0.1","50","0.1","0.5","1","platform","targeted","70","5","95","95","32.63697705765431","82.92274088287512","82.92274088287512","fixed","1","1","50","2961","25","50","23221947","v2.0-design-v1.0","53.3","39.300000000000004","13.999999999999993","63.5385949696444","true","56.83599999999998","26.53","50","46.7","393","500","467","525","326","58","56","193","19","16300","3663","2102","9790","745","249","11892","32.6","0","50","1000","1997","3.994","52","4.81883649703796","0","38.9","3.6414141414141414","10","700","326"
"477","BA","1000","2","0.1","50","0.1","0.5","1","platform","targeted","70","5","95","95","32.63697705765431","82.92274088287512","82.92274088287512","fixed","1","1","50","2961","27","50","23221949","v2.0-design-v1.0","54.699999999999996","39.5","15.199999999999996","63.96526772793053","true","58.64800000000001","28.16400000000001","50","45.300000000000004","395","500","453","534","326","81","34","193","18","16300","3536","1992","9992","780","227","11984","32.6","0","50","1000","1997","3.994","94","5.511836748702218","0","43.4","3.595959595959596","10","700","326"
"476","BA","1000","2","0.1","50","0.1","0.5","1","platform","targeted","70","5","95","95","32.63697705765431","82.92274088287512","82.92274088287512","fixed","1","1","50","2961","26","50","23221948","v2.0-design-v1.0","49.1","34.699999999999996","14.400000000000006","63.827903682719544","true","53.62199999999998","25.41399999999999","50","50.9","347","500","509","597","326","88","37","187","14","16300","3605","2043","9954","698","224","11997","32.6","0","50","1000","1997","3.994","77","5.287335805480853","0","44.8","3.581818181818182","10","700","326"
"478","BA","1000","2","0.1","50","0.1","0.5","1","platform","targeted","70","5","95","95","32.63697705765431","82.92274088287512","82.92274088287512","fixed","1","1","50","2961","28","50","23221950","v2.0-design-v1.0","53.599999999999994","40.6","12.999999999999993","63.84698275862068","true","57.202","26.064000000000007","50","46.400000000000006","406","500","464","533","326","69","43","197","17","16300","3555","2013","9987","745","240","12000","32.6","0","50","1000","1997","3.994","94","5.5267086505901855","0","45.4","3.5757575757575757","10","700","326"
"479","BA","1000","2","0.1","50","0.1","0.5","1","platform","targeted","70","5","95","95","32.63697705765431","82.92274088287512","82.92274088287512","fixed","1","1","50","2961","29","50","23221951","v2.0-design-v1.0","50.9","41.099999999999994","9.800000000000004","65.22815705695083","true","55.84399999999999","24.366","50","49.1","411","500","491","563","326","72","43","197","14","16300","3688","1966","9828","818","240","11794","32.6","0","50","1000","1997","3.994","90","5.357486973074837","0","43.2","3.597979797979798","10","700","326"
"481","BA","1000","2","0.1","50","0.1","0.5","1","platform","targeted","70","5","95","95","37.123157982573794","97.48228298247861","97.48228298247861","fixed","1","1","50","2962","1","50","23222923","v2.0-design-v1.0","69.4","27.1","42.300000000000004","86.74585808065021","true","69.884","53.82800000000002","50","30.599999999999998","271","500","306","355","371","49","7","311","4","18550","2775","424","15270","81","318","15694","37.1","0","50","1000","1997","3.994","65","5.10274455582502","0","42.2","3.608080808080808","10","700","371"
"480","BA","1000","2","0.1","50","0.1","0.5","1","platform","targeted","70","5","95","95","32.63697705765431","82.92274088287512","82.92274088287512","fixed","1","1","50","2961","30","50","23221952","v2.0-design-v1.0","52.1","38.6","13.5","65.50034989503149","true","55.88199999999999","26.427999999999997","50","47.9","386","500","479","559","326","80","45","184","17","16300","3744","1972","9841","743","229","11813","32.6","0","50","1000","1997","3.994","113","5.4830673922566335","0","43.4","3.595959595959596","10","700","326"
"482","BA","1000","2","0.1","50","0.1","0.5","1","platform","targeted","70","5","95","95","37.123157982573794","97.48228298247861","97.48228298247861","fixed","1","1","50","2962","2","50","23222924","v2.0-design-v1.0","68.4","25.900000000000002","42.5","88.97124221761044","true","68.52399999999999","53.373999999999995","50","31.6","259","500","316","363","371","47","7","315","2","18550","3001","372","15105","72","322","15477","37.1","0","50","1000","1997","3.994","78","4.648179167111512","0","34.6","3.684848484848485","10","700","371"
"483","BA","1000","2","0.1","50","0.1","0.5","1","platform","targeted","70","5","95","95","37.123157982573794","97.48228298247861","97.48228298247861","fixed","1","1","50","2962","3","50","23222925","v2.0-design-v1.0","67.9","23.3","44.60000000000001","89.60216998191682","true","68.34199999999998","55.32000000000002","50","32.1","233","500","321","388","371","67","8","295","1","18550","2973","345","15173","59","303","15518","37.1","0","50","1000","1997","3.994","75","4.931965965848529","0","39.9","3.6313131313131315","10","700","371"
"484","BA","1000","2","0.1","50","0.1","0.5","1","platform","targeted","70","5","95","95","37.123157982573794","97.48228298247861","97.48228298247861","fixed","1","1","50","2962","4","50","23222926","v2.0-design-v1.0","69.8","25.4","44.4","88.71065375302663","true","69.89000000000001","54.754000000000005","50","30.2","254","500","302","367","371","65","3","303","0","18550","2931","373","15182","64","306","15555","37.1","0","50","1000","1997","3.994","93","5.29528129602233","0","42.5","3.605050505050505","10","700","371"
"485","BA","1000","2","0.1","50","0.1","0.5","1","platform","targeted","70","5","95","95","37.123157982573794","97.48228298247861","97.48228298247861","fixed","1","1","50","2962","5","50","23222927","v2.0-design-v1.0","69","26.8","42.2","88.39779005524862","true","68.98400000000001","53.99999999999999","50","31","268","500","310","368","371","58","12","300","1","18550","2880","378","15209","83","312","15587","37.1","0","50","1000","1997","3.994","78","5.348511061087046","0","45.8","3.5717171717171716","10","700","371"
"487","BA","1000","2","0.1","50","0.1","0.5","1","platform","targeted","70","5","95","95","37.123157982573794","97.48228298247861","97.48228298247861","fixed","1","1","50","2962","7","50","23222929","v2.0-design-v1.0","66","27.3","38.7","88.36415362731152","true","67.504","51.621999999999986","50","34","273","500","340","399","371","59","10","302","0","18550","3106","409","14963","72","312","15372","37.1","0","50","1000","1997","3.994","86","5.143385890482879","0","42","3.61010101010101","10","700","371"
"486","BA","1000","2","0.1","50","0.1","0.5","1","platform","targeted","70","5","95","95","37.123157982573794","97.48228298247861","97.48228298247861","fixed","1","1","50","2962","6","50","23222928","v2.0-design-v1.0","66.4","24","42.400000000000006","89.30465527401297","true","66.48000000000002","53.568000000000005","50","33.6","240","500","336","391","371","55","9","306","1","18550","3031","363","15081","75","315","15444","37.1","0","50","1000","1997","3.994","94","5.21028896618134","0","42","3.61010101010101","10","700","371"
"488","BA","1000","2","0.1","50","0.1","0.5","1","platform","targeted","70","5","95","95","37.123157982573794","97.48228298247861","97.48228298247861","fixed","1","1","50","2962","8","50","23222930","v2.0-design-v1.0","69.1","27","42.099999999999994","88.04379141457794","true","68.68199999999999","53.356","50","30.9","270","500","309","370","371","61","8","300","2","18550","3056","415","15003","76","308","15418","37.1","0","50","1000","1997","3.994","74","4.876447861276036","0","39.5","3.6353535353535356","10","700","371"
"489","BA","1000","2","0.1","50","0.1","0.5","1","platform","targeted","70","5","95","95","37.123157982573794","97.48228298247861","97.48228298247861","fixed","1","1","50","2962","9","50","23222931","v2.0-design-v1.0","68.6","25.2","43.39999999999999","88.40846366145354","true","68.776","53.986000000000004","50","31.4","252","500","314","374","371","60","7","302","2","18550","2883","378","15198","91","309","15576","37.1","0","50","1000","1997","3.994","102","5.578448089126849","0","44.1","3.588888888888889","10","700","371"
"491","BA","1000","2","0.1","50","0.1","0.5","1","platform","targeted","70","5","95","95","37.123157982573794","97.48228298247861","97.48228298247861","fixed","1","1","50","2962","11","50","23222933","v2.0-design-v1.0","69.2","25.8","43.400000000000006","87.81973203410475","true","69.33799999999998","54.914000000000016","50","30.8","258","500","308","367","371","59","14","296","2","18550","2884","400","15175","91","310","15575","37.1","0","50","1000","1997","3.994","94","5.512381549779577","0","46.7","3.562626262626263","10","700","371"
"490","BA","1000","2","0.1","50","0.1","0.5","1","platform","targeted","70","5","95","95","37.123157982573794","97.48228298247861","97.48228298247861","fixed","1","1","50","2962","10","50","23222932","v2.0-design-v1.0","68.5","24","44.5","88.51557727550397","true","69.038","54.94799999999999","50","31.5","240","500","315","366","371","51","8","312","0","18550","2898","376","15199","77","320","15575","37.1","0","50","1000","1997","3.994","66","5.1094099532206245","0","44.3","3.5868686868686868","10","700","371"
"492","BA","1000","2","0.1","50","0.1","0.5","1","platform","targeted","70","5","95","95","37.123157982573794","97.48228298247861","97.48228298247861","fixed","1","1","50","2962","12","50","23222934","v2.0-design-v1.0","68.5","26.8","41.7","88.18713450292398","true","68.66600000000001","53.611999999999995","50","31.5","268","500","315","373","371","58","10","301","2","18550","3016","404","15039","91","311","15443","37.1","0","50","1000","1997","3.994","66","4.829211662920273","0","38.5","3.6454545454545455","10","700","371"
"493","BA","1000","2","0.1","50","0.1","0.5","1","platform","targeted","70","5","95","95","37.123157982573794","97.48228298247861","97.48228298247861","fixed","1","1","50","2962","13","50","23222935","v2.0-design-v1.0","70.2","26.5","43.7","87.29383017715332","true","70.31400000000002","54.55399999999999","50","29.799999999999997","265","500","298","348","371","50","5","315","1","18550","2858","416","15200","76","320","15616","37.1","0","50","1000","1997","3.994","78","4.819875018628089","0","37.1","3.6595959595959595","10","700","371"
"494","BA","1000","2","0.1","50","0.1","0.5","1","platform","targeted","70","5","95","95","37.123157982573794","97.48228298247861","97.48228298247861","fixed","1","1","50","2962","14","50","23222936","v2.0-design-v1.0","70.6","26.5","44.099999999999994","87.92999396499698","true","70.16400000000003","55.29199999999999","50","29.4","265","500","294","347","371","53","5","313","0","18550","2914","400","15155","81","318","15555","37.1","0","50","1000","1997","3.994","70","4.999495870481229","0","41.3","3.617171717171717","10","700","371"
"495","BA","1000","2","0.1","50","0.1","0.5","1","platform","targeted","70","5","95","95","37.123157982573794","97.48228298247861","97.48228298247861","fixed","1","1","50","2962","15","50","23222937","v2.0-design-v1.0","69.7","26.1","43.6","88.1371359223301","true","69.994","55.48399999999999","50","30.3","261","500","303","351","371","48","9","313","1","18550","2905","391","15183","71","322","15574","37.1","0","50","1000","1997","3.994","61","4.703199345560845","0","37.8","3.6525252525252525","10","700","371"
"497","BA","1000","2","0.1","50","0.1","0.5","1","platform","targeted","70","5","95","95","37.123157982573794","97.48228298247861","97.48228298247861","fixed","1","1","50","2962","17","50","23222939","v2.0-design-v1.0","68.7","25.6","43.1","88.58501783590962","true","68.72000000000001","53.923999999999985","50","31.3","256","500","313","370","371","57","10","304","0","18550","2980","384","15102","84","314","15486","37.1","0","50","1000","1997","3.994","64","4.851339969482593","0","39.7","3.6333333333333333","10","700","371"
"496","BA","1000","2","0.1","50","0.1","0.5","1","platform","targeted","70","5","95","95","37.123157982573794","97.48228298247861","97.48228298247861","fixed","1","1","50","2962","16","50","23222938","v2.0-design-v1.0","67.1","24.9","42.199999999999996","89.3515764425937","true","67.46999999999998","53.172000000000004","50","32.9","249","500","329","392","371","63","4","303","1","18550","3004","358","15117","71","307","15475","37.1","0","50","1000","1997","3.994","82","5.231762163490923","0","41.4","3.6161616161616164","10","700","371"
"498","BA","1000","2","0.1","50","0.1","0.5","1","platform","targeted","70","5","95","95","37.123157982573794","97.48228298247861","97.48228298247861","fixed","1","1","50","2962","18","50","23222940","v2.0-design-v1.0","67.4","25.5","41.900000000000006","88.86269888037714","true","68.178","53.156000000000006","50","32.6","255","500","326","388","371","62","7","301","1","18550","3016","378","15075","81","308","15453","37.1","0","50","1000","1997","3.994","61","4.931357042669108","0","41.7","3.613131313131313","10","700","371"
"499","BA","1000","2","0.1","50","0.1","0.5","1","platform","targeted","70","5","95","95","37.123157982573794","97.48228298247861","97.48228298247861","fixed","1","1","50","2962","19","50","23222941","v2.0-design-v1.0","69","24.3","44.7","88.96988906497623","true","70.32","56.46","50","31","243","500","310","368","371","58","4","307","2","18550","2807","348","15314","81","311","15662","37.1","0","50","1000","1997","3.994","158","6.3110849933901365","0","46.4","3.5656565656565657","10","700","371"
"500","BA","1000","2","0.1","50","0.1","0.5","1","platform","targeted","70","5","95","95","37.123157982573794","97.48228298247861","97.48228298247861","fixed","1","1","50","2962","20","50","23222942","v2.0-design-v1.0","70.2","25.5","44.7","88.40222085132635","true","70.50400000000002","55.998000000000005","50","29.799999999999997","255","500","298","350","371","52","9","310","0","18550","2866","376","15243","65","319","15619","37.1","0","50","1000","1997","3.994","78","5.18177718691326","0","44.3","3.5868686868686868","10","700","371"
"501","BA","1000","2","0.1","50","0.1","0.5","1","platform","targeted","70","5","95","95","37.123157982573794","97.48228298247861","97.48228298247861","fixed","1","1","50","2962","21","50","23222943","v2.0-design-v1.0","68.8","25.7","43.099999999999994","88.42453397474443","true","69.044","54.86800000000003","50","31.2","257","500","312","378","371","66","5","299","1","18550","2941","385","15147","77","304","15532","37.1","0","50","1000","1997","3.994","76","4.919569713518253","0","39.3","3.6373737373737374","10","700","371"
"502","BA","1000","2","0.1","50","0.1","0.5","1","platform","targeted","70","5","95","95","37.123157982573794","97.48228298247861","97.48228298247861","fixed","1","1","50","2962","22","50","23222944","v2.0-design-v1.0","70.3","23.599999999999998","46.7","89.59119496855345","true","70.116","56.714000000000006","50","29.7","236","500","297","347","371","50","3","316","2","18550","2849","331","15296","74","319","15627","37.1","0","50","1000","1997","3.994","83","5.470090116797507","0","46.2","3.5676767676767676","10","700","371"
"503","BA","1000","2","0.1","50","0.1","0.5","1","platform","targeted","70","5","95","95","37.123157982573794","97.48228298247861","97.48228298247861","fixed","1","1","50","2962","23","50","23222945","v2.0-design-v1.0","69.3","25.6","43.699999999999996","87.72782503037668","true","69.78200000000004","54.51600000000001","50","30.7","256","500","307","366","371","59","8","304","0","18550","2888","404","15185","73","312","15589","37.1","0","50","1000","1997","3.994","76","4.966954261379352","0","40.2","3.628282828282828","10","700","371"
"504","BA","1000","2","0.1","50","0.1","0.5","1","platform","targeted","70","5","95","95","37.123157982573794","97.48228298247861","97.48228298247861","fixed","1","1","50","2962","24","50","23222946","v2.0-design-v1.0","69.3","25.8","43.5","87.63693270735524","true","69.818","55.67599999999997","50","30.7","258","500","307","353","371","46","6","317","2","18550","2800","395","15279","76","323","15674","37.1","0","50","1000","1997","3.994","135","6.236253270582844","0","49.4","3.5353535353535355","10","700","371"
"505","BA","1000","2","0.1","50","0.1","0.5","1","platform","targeted","70","5","95","95","37.123157982573794","97.48228298247861","97.48228298247861","fixed","1","1","50","2962","25","50","23222947","v2.0-design-v1.0","69.9","26","43.900000000000006","87.38259236067627","true","70.366","55.959999999999994","50","30.099999999999998","260","500","301","354","371","53","6","312","0","18550","2791","403","15277","79","318","15680","37.1","0","50","1000","1997","3.994","97","5.359728602335253","0","44.2","3.587878787878788","10","700","371"
"506","BA","1000","2","0.1","50","0.1","0.5","1","platform","targeted","70","5","95","95","37.123157982573794","97.48228298247861","97.48228298247861","fixed","1","1","50","2962","26","50","23222948","v2.0-design-v1.0","69.8","23.9","45.9","88.19423368740516","true","69.27000000000002","54.636","50","30.2","239","500","302","368","371","66","5","300","0","18550","2906","389","15181","74","305","15570","37.1","0","50","1000","1997","3.994","62","4.919162750119381","0","39","3.6404040404040403","10","700","371"
"507","BA","1000","2","0.1","50","0.1","0.5","1","platform","targeted","70","5","95","95","37.123157982573794","97.48228298247861","97.48228298247861","fixed","1","1","50","2962","27","50","23222949","v2.0-design-v1.0","68.3","26.900000000000002","41.39999999999999","87.6984126984127","true","68.41400000000003","52.62","50","31.7","269","500","317","372","371","55","6","308","2","18550","2873","403","15202","72","314","15605","37.1","0","50","1000","1997","3.994","148","6.395691430085508","0","49.8","3.5313131313131314","10","700","371"
"508","BA","1000","2","0.1","50","0.1","0.5","1","platform","targeted","70","5","95","95","37.123157982573794","97.48228298247861","97.48228298247861","fixed","1","1","50","2962","28","50","23222950","v2.0-design-v1.0","69","25.900000000000002","43.099999999999994","88.2123575284943","true","69.42999999999998","54.28800000000001","50","31","259","500","310","362","371","52","5","308","6","18550","2941","393","15133","83","313","15526","37.1","0","50","1000","1997","3.994","68","4.967357309338491","0","40.7","3.6232323232323234","10","700","371"
"509","BA","1000","2","0.1","50","0.1","0.5","1","platform","targeted","70","5","95","95","37.123157982573794","97.48228298247861","97.48228298247861","fixed","1","1","50","2962","29","50","23222951","v2.0-design-v1.0","69.5","26.1","43.4","88.66626794258373","true","69.89199999999998","55.38","50","30.5","261","500","305","357","371","52","11","307","1","18550","2965","379","15133","73","318","15512","37.1","0","50","1000","1997","3.994","57","4.707241455685277","0","38.5","3.6454545454545455","10","700","371"
"511","BA","1000","2","0.1","50","0.1","0.5","1","platform","targeted","70","5","95","95","70.94480921181984","98.77510097782528","98.77510097782528","fixed","1","1","50","2963","1","50","23223923","v2.0-design-v1.0","100","32.2","67.8","62.274881516587676","true","99.146","81.95199999999997","50","0","322","500","0","0","709","0","10","699","0","35450","657","398","34388","7","709","34786","70.9","0","50","1000","1997","3.994","129","6.152545637199139","0","49.5","3.5343434343434343","10","700","709"
"510","BA","1000","2","0.1","50","0.1","0.5","1","platform","targeted","70","5","95","95","37.123157982573794","97.48228298247861","97.48228298247861","fixed","1","1","50","2962","30","50","23222952","v2.0-design-v1.0","68.7","27.200000000000003","41.5","86.9348300592454","true","69.34000000000002","53.163999999999994","50","31.3","272","500","313","379","371","66","5","299","1","18550","2788","419","15265","78","304","15684","37.1","0","50","1000","1997","3.994","83","5.193547625365233","0","42.8","3.602020202020202","10","700","371"
"512","BA","1000","2","0.1","50","0.1","0.5","1","platform","targeted","70","5","95","95","70.94480921181984","98.77510097782528","98.77510097782528","fixed","1","1","50","2963","2","50","23223924","v2.0-design-v1.0","100","32.800000000000004","67.19999999999999","62.77173913043478","true","99.15","81.01400000000001","50","0","328","500","0","0","709","0","13","696","0","35450","693","411","34340","6","709","34751","70.9","0","50","1000","1997","3.994","56","4.882192110087405","0","39.8","3.632323232323232","10","700","709"
"513","BA","1000","2","0.1","50","0.1","0.5","1","platform","targeted","70","5","95","95","70.94480921181984","98.77510097782528","98.77510097782528","fixed","1","1","50","2963","3","50","23223925","v2.0-design-v1.0","100","32.6","67.4","62.77777777777778","true","99.15800000000002","81.92599999999999","50","0","326","500","0","0","709","0","6","703","0","35450","678","402","34363","7","709","34765","70.9","0","50","1000","1997","3.994","98","5.183901700151804","0","42.1","3.609090909090909","10","700","709"
"514","BA","1000","2","0.1","50","0.1","0.5","1","platform","targeted","70","5","95","95","70.94480921181984","98.77510097782528","98.77510097782528","fixed","1","1","50","2963","4","50","23223926","v2.0-design-v1.0","100","33","67","61.13172541743971","true","99.25","82.12200000000003","50","0","330","500","0","0","709","0","7","702","0","35450","659","419","34362","10","709","34781","70.9","0","50","1000","1997","3.994","61","5.036797924607778","0","41","3.6202020202020204","10","700","709"
"515","BA","1000","2","0.1","50","0.1","0.5","1","platform","targeted","70","5","95","95","70.94480921181984","98.77510097782528","98.77510097782528","fixed","1","1","50","2963","5","50","23223927","v2.0-design-v1.0","100","32.4","67.6","62.10720887245841","true","99.19400000000002","82.192","50","0","324","500","0","0","709","0","8","701","0","35450","672","410","34360","8","709","34770","70.9","0","50","1000","1997","3.994","76","5.127987934878574","0","42.5","3.605050505050505","10","700","709"
"516","BA","1000","2","0.1","50","0.1","0.5","1","platform","targeted","70","5","95","95","70.94480921181984","98.77510097782528","98.77510097782528","fixed","1","1","50","2963","6","50","23223928","v2.0-design-v1.0","100","35.5","64.5","60.38602941176471","true","99.262","80.52","50","0","355","500","0","0","709","0","8","701","0","35450","657","431","34356","6","709","34787","70.9","0","50","1000","1997","3.994","64","4.785693979650889","0","39.7","3.6333333333333333","10","700","709"
"517","BA","1000","2","0.1","50","0.1","0.5","1","platform","targeted","70","5","95","95","70.94480921181984","98.77510097782528","98.77510097782528","fixed","1","1","50","2963","7","50","23223929","v2.0-design-v1.0","100","33.1","66.9","60.99624060150376","true","99.37799999999999","81.57199999999999","50","0","331","500","0","0","709","0","11","698","0","35450","649","415","34379","7","709","34794","70.9","0","50","1000","1997","3.994","83","5.144358893820331","0","43.1","3.598989898989899","10","700","709"
"518","BA","1000","2","0.1","50","0.1","0.5","1","platform","targeted","70","5","95","95","70.94480921181984","98.77510097782528","98.77510097782528","fixed","1","1","50","2963","8","50","23223930","v2.0-design-v1.0","100","35.099999999999994","64.9","61.66965888689408","true","99.052","81.07600000000001","50","0","351","500","0","0","709","0","4","705","0","35450","687","427","34323","13","709","34750","70.9","0","50","1000","1997","3.994","97","5.100193719455752","0","40.3","3.6272727272727274","10","700","709"
"519","BA","1000","2","0.1","50","0.1","0.5","1","platform","targeted","70","5","95","95","70.94480921181984","98.77510097782528","98.77510097782528","fixed","1","1","50","2963","9","50","23223931","v2.0-design-v1.0","100","34","66","60.60606060606061","true","99.18799999999999","80.95200000000003","50","0","340","500","0","0","709","0","10","699","0","35450","660","429","34353","8","709","34782","70.9","0","50","1000","1997","3.994","89","5.514560215862577","0","44.4","3.585858585858586","10","700","709"
"520","BA","1000","2","0.1","50","0.1","0.5","1","platform","targeted","70","5","95","95","70.94480921181984","98.77510097782528","98.77510097782528","fixed","1","1","50","2963","10","50","23223932","v2.0-design-v1.0","100","32.5","67.5","62.28310502283105","true","99.238","81.94400000000002","50","0","325","500","0","0","709","0","6","703","0","35450","682","413","34350","5","709","34763","70.9","0","50","1000","1997","3.994","53","4.595550356930383","0","36.4","3.6666666666666665","10","700","709"
"521","BA","1000","2","0.1","50","0.1","0.5","1","platform","targeted","70","5","95","95","70.94480921181984","98.77510097782528","98.77510097782528","fixed","1","1","50","2963","11","50","23223933","v2.0-design-v1.0","100","32.1","67.9","61.608775137111515","true","99.162","80.66799999999998","50","0","321","500","0","0","709","0","4","705","0","35450","674","420","34349","7","709","34769","70.9","0","50","1000","1997","3.994","106","5.4785014354272","0","43.9","3.590909090909091","10","700","709"
"522","BA","1000","2","0.1","50","0.1","0.5","1","platform","targeted","70","5","95","95","70.94480921181984","98.77510097782528","98.77510097782528","fixed","1","1","50","2963","12","50","23223934","v2.0-design-v1.0","100","33.1","66.9","61.939615736505026","true","99.226","81.91199999999998","50","0","331","500","0","0","709","0","15","694","0","35450","677","416","34349","8","709","34765","70.9","0","50","1000","1997","3.994","98","5.535938096710486","0","48.3","3.5464646464646465","10","700","709"
"523","BA","1000","2","0.1","50","0.1","0.5","1","platform","targeted","70","5","95","95","70.94480921181984","98.77510097782528","98.77510097782528","fixed","1","1","50","2963","13","50","23223935","v2.0-design-v1.0","100","34.2","65.8","60.44843049327354","true","99.24600000000001","79.90400000000004","50","0","342","500","0","0","709","0","10","699","0","35450","674","441","34330","5","709","34771","70.9","0","50","1000","1997","3.994","151","6.095007228306908","0","42.8","3.602020202020202","10","700","709"
"524","BA","1000","2","0.1","50","0.1","0.5","1","platform","targeted","70","5","95","95","70.94480921181984","98.77510097782528","98.77510097782528","fixed","1","1","50","2963","14","50","23223936","v2.0-design-v1.0","100","33.800000000000004","66.19999999999999","61.4100185528757","true","99.13","80.81799999999998","50","0","338","500","0","0","709","0","5","704","0","35450","662","416","34364","8","709","34780","70.9","0","50","1000","1997","3.994","79","5.182163526831116","0","44.2","3.587878787878788","10","700","709"
"525","BA","1000","2","0.1","50","0.1","0.5","1","platform","targeted","70","5","95","95","70.94480921181984","98.77510097782528","98.77510097782528","fixed","1","1","50","2963","15","50","23223937","v2.0-design-v1.0","100","33.7","66.3","60.53130929791271","true","99.262","81.182","50","0","337","500","0","0","709","0","8","701","0","35450","638","416","34388","8","709","34804","70.9","0","50","1000","1997","3.994","126","5.705481269491331","0","40.4","3.6262626262626263","10","700","709"
"526","BA","1000","2","0.1","50","0.1","0.5","1","platform","targeted","70","5","95","95","70.94480921181984","98.77510097782528","98.77510097782528","fixed","1","1","50","2963","16","50","23223938","v2.0-design-v1.0","100","33","67","62.116991643454035","true","99.17","82.178","50","0","330","500","0","0","709","0","7","702","0","35450","669","408","34367","6","709","34775","70.9","0","50","1000","1997","3.994","67","5.166881134752426","0","44.5","3.584848484848485","10","700","709"
"527","BA","1000","2","0.1","50","0.1","0.5","1","platform","targeted","70","5","95","95","70.94480921181984","98.77510097782528","98.77510097782528","fixed","1","1","50","2963","17","50","23223939","v2.0-design-v1.0","100","34","66","61.29893238434164","true","99.05799999999999","80.48599999999999","50","0","340","500","0","0","709","0","3","706","0","35450","689","435","34316","10","709","34751","70.9","0","50","1000","1997","3.994","77","5.187376299524917","0","44","3.5898989898989897","10","700","709"
"528","BA","1000","2","0.1","50","0.1","0.5","1","platform","targeted","70","5","95","95","70.94480921181984","98.77510097782528","98.77510097782528","fixed","1","1","50","2963","18","50","23223940","v2.0-design-v1.0","100","34.2","65.8","59.61713764813127","true","99.26400000000001","80.19","50","0","342","500","0","0","709","0","6","703","0","35450","654","443","34348","5","709","34791","70.9","0","50","1000","1997","3.994","86","5.833008485163388","0","51.5","3.514141414141414","10","700","709"
"529","BA","1000","2","0.1","50","0.1","0.5","1","platform","targeted","70","5","95","95","70.94480921181984","98.77510097782528","98.77510097782528","fixed","1","1","50","2963","19","50","23223941","v2.0-design-v1.0","100","33.7","66.3","60.43233082706767","true","99.304","81.35000000000001","50","0","337","500","0","0","709","0","10","699","0","35450","643","421","34378","8","709","34799","70.9","0","50","1000","1997","3.994","66","5.048509824834587","0","41.8","3.6121212121212123","10","700","709"
"530","BA","1000","2","0.1","50","0.1","0.5","1","platform","targeted","70","5","95","95","70.94480921181984","98.77510097782528","98.77510097782528","fixed","1","1","50","2963","20","50","23223942","v2.0-design-v1.0","100","36.1","63.9","59.74729241877257","true","99.22","79.93200000000003","50","0","361","500","0","0","709","0","10","699","0","35450","662","446","34331","11","709","34777","70.9","0","50","1000","1997","3.994","95","5.672578086033017","0","48.5","3.5444444444444443","10","700","709"
"531","BA","1000","2","0.1","50","0.1","0.5","1","platform","targeted","70","5","95","95","70.94480921181984","98.77510097782528","98.77510097782528","fixed","1","1","50","2963","21","50","23223943","v2.0-design-v1.0","100","32.1","67.9","62.62814538676608","true","99.206","82.24400000000001","50","0","321","500","0","0","709","0","10","699","0","35450","672","401","34369","8","709","34770","70.9","0","50","1000","1997","3.994","60","4.670307888755911","0","36.7","3.6636363636363636","10","700","709"
"532","BA","1000","2","0.1","50","0.1","0.5","1","platform","targeted","70","5","95","95","70.94480921181984","98.77510097782528","98.77510097782528","fixed","1","1","50","2963","22","50","23223944","v2.0-design-v1.0","100","33.7","66.3","61.4115490375802","true","99.33200000000001","81.68400000000001","50","0","337","500","0","0","709","0","7","702","0","35450","670","421","34352","7","709","34773","70.9","0","50","1000","1997","3.994","86","5.186797361268974","0","43.4","3.595959595959596","10","700","709"
"533","BA","1000","2","0.1","50","0.1","0.5","1","platform","targeted","70","5","95","95","70.94480921181984","98.77510097782528","98.77510097782528","fixed","1","1","50","2963","23","50","23223945","v2.0-design-v1.0","100","33.7","66.3","60.43360433604336","true","99.184","80.41599999999998","50","0","337","500","0","0","709","0","6","703","0","35450","669","438","34335","8","709","34773","70.9","0","50","1000","1997","3.994","97","5.316222928567437","0","42.8","3.602020202020202","10","700","709"
"534","BA","1000","2","0.1","50","0.1","0.5","1","platform","targeted","70","5","95","95","70.94480921181984","98.77510097782528","98.77510097782528","fixed","1","1","50","2963","24","50","23223946","v2.0-design-v1.0","100","33.7","66.3","61.19815668202765","true","99.154","81.708","50","0","337","500","0","0","709","0","10","699","0","35450","664","421","34353","12","709","34774","70.9","0","50","1000","1997","3.994","86","5.084861828980187","0","41.6","3.614141414141414","10","700","709"
"535","BA","1000","2","0.1","50","0.1","0.5","1","platform","targeted","70","5","95","95","70.94480921181984","98.77510097782528","98.77510097782528","fixed","1","1","50","2963","25","50","23223947","v2.0-design-v1.0","100","34.699999999999996","65.30000000000001","60.01821493624773","true","99.264","80.91399999999999","50","0","347","500","0","0","709","0","18","691","0","35450","659","439","34341","11","709","34780","70.9","0","50","1000","1997","3.994","63","4.881987074726615","0","40.2","3.628282828282828","10","700","709"
"536","BA","1000","2","0.1","50","0.1","0.5","1","platform","targeted","70","5","95","95","70.94480921181984","98.77510097782528","98.77510097782528","fixed","1","1","50","2963","26","50","23223948","v2.0-design-v1.0","100","33.300000000000004","66.69999999999999","61.652739090065","true","99.148","81.13200000000002","50","0","333","500","0","0","709","0","5","704","0","35450","664","413","34367","6","709","34780","70.9","0","50","1000","1997","3.994","89","5.285631646445086","0","42.2","3.608080808080808","10","700","709"
"537","BA","1000","2","0.1","50","0.1","0.5","1","platform","targeted","70","5","95","95","70.94480921181984","98.77510097782528","98.77510097782528","fixed","1","1","50","2963","27","50","23223949","v2.0-design-v1.0","100","35.4","64.6","60.23875114784206","true","99.314","80.39","50","0","354","500","0","0","709","0","8","701","0","35450","656","433","34353","8","709","34786","70.9","0","50","1000","1997","3.994","94","5.274066721210463","0","42.8","3.602020202020202","10","700","709"
"539","BA","1000","2","0.1","50","0.1","0.5","1","platform","targeted","70","5","95","95","70.94480921181984","98.77510097782528","98.77510097782528","fixed","1","1","50","2963","29","50","23223951","v2.0-design-v1.0","100","35.199999999999996","64.80000000000001","60.798548094373864","true","99.20400000000001","80.67399999999999","50","0","352","500","0","0","709","0","8","701","0","35450","670","432","34340","8","709","34772","70.9","0","50","1000","1997","3.994","76","4.956665465061412","0","42.9","3.601010101010101","10","700","709"
"538","BA","1000","2","0.1","50","0.1","0.5","1","platform","targeted","70","5","95","95","70.94480921181984","98.77510097782528","98.77510097782528","fixed","1","1","50","2963","28","50","23223950","v2.0-design-v1.0","100","34.1","65.9","62.06896551724138","true","99.204","81.01400000000001","50","0","341","500","0","0","709","0","7","702","0","35450","666","407","34366","11","709","34773","70.9","0","50","1000","1997","3.994","88","5.134425608218144","0","41.8","3.6121212121212123","10","700","709"
"540","BA","1000","2","0.1","50","0.1","0.5","1","platform","targeted","70","5","95","95","70.94480921181984","98.77510097782528","98.77510097782528","fixed","1","1","50","2963","30","50","23223952","v2.0-design-v1.0","100","35.099999999999994","64.9","60.746003552397866","true","99.164","80.666","50","0","351","500","0","0","709","0","8","701","0","35450","684","442","34316","8","709","34758","70.9","0","50","1000","1997","3.994","72","5.111172868147588","0","44.2","3.587878787878788","10","700","709"
"541","BA","1000","2","0.1","50","0.1","0.5","1","platform","targeted","70","5","95","95","63.614787482992355","70.0237173361841","70.0237173361841","fixed","1","1","50","2964","1","50","23224923","v2.0-design-v1.0","100","98.4","1.5999999999999943","12.705037367756963","true","95.47399999999998","15.046000000000006","50","0","984","500","0","0","636","0","206","430","0","31800","1309","8994","20909","588","636","29903","63.6","0","50","1000","1997","3.994","96","5.3911992199351095","0","43.3","3.596969696969697","10","700","636"
"542","BA","1000","2","0.1","50","0.1","0.5","1","platform","targeted","70","5","95","95","63.614787482992355","70.0237173361841","70.0237173361841","fixed","1","1","50","2964","2","50","23224924","v2.0-design-v1.0","100","99.1","0.9000000000000057","11.58350556047633","true","96.34200000000001","14.844","50","0","991","500","0","0","636","0","180","456","0","31800","1177","8984","21177","462","636","30161","63.6","0","50","1000","1997","3.994","111","5.299816228139609","0","41.1","3.6191919191919193","10","700","636"
"543","BA","1000","2","0.1","50","0.1","0.5","1","platform","targeted","70","5","95","95","63.614787482992355","70.0237173361841","70.0237173361841","fixed","1","1","50","2964","3","50","23224925","v2.0-design-v1.0","99.2","98.7","0.5","14.951400800457403","true","95.04600000000002","13.236000000000008","50","0.8","987","500","8","8","636","0","182","451","3","31800","1569","8925","20656","650","633","29581","63.6","0","50","1000","1997","3.994","103","6.252764273588232","0","53.3","3.495959595959596","10","700","636"
"544","BA","1000","2","0.1","50","0.1","0.5","1","platform","targeted","70","5","95","95","63.614787482992355","70.0237173361841","70.0237173361841","fixed","1","1","50","2964","4","50","23224926","v2.0-design-v1.0","100","97.8","2.200000000000003","10.664265706282514","true","96.04600000000002","15.070000000000004","50","0","978","500","0","0","636","0","189","447","0","31800","1066","8930","21307","497","636","30237","63.6","0","50","1000","1997","3.994","61","4.78109012912565","0","39.1","3.639393939393939","10","700","636"
"545","BA","1000","2","0.1","50","0.1","0.5","1","platform","targeted","70","5","95","95","63.614787482992355","70.0237173361841","70.0237173361841","fixed","1","1","50","2964","5","50","23224927","v2.0-design-v1.0","100","98.6","1.4000000000000057","12.092658029053789","true","96.10600000000002","14.308000000000007","50","0","986","500","0","0","636","0","205","431","0","31800","1232","8956","21109","503","636","30065","63.6","0","50","1000","1997","3.994","91","5.583470169987395","0","45.9","3.5707070707070705","10","700","636"
"546","BA","1000","2","0.1","50","0.1","0.5","1","platform","targeted","70","5","95","95","63.614787482992355","70.0237173361841","70.0237173361841","fixed","1","1","50","2964","6","50","23224928","v2.0-design-v1.0","99.9","98.8","1.1000000000000085","13.122391536445695","true","95.66199999999999","14.921999999999995","50","0.1","988","500","1","1","636","0","189","446","1","31800","1352","8951","20923","574","635","29874","63.6","0","50","1000","1997","3.994","64","4.742621264285852","0","38.8","3.6424242424242426","10","700","636"
"547","BA","1000","2","0.1","50","0.1","0.5","1","platform","targeted","70","5","95","95","63.614787482992355","70.0237173361841","70.0237173361841","fixed","1","1","50","2964","7","50","23224929","v2.0-design-v1.0","100","98.9","1.0999999999999943","11.238622872971904","true","96.3","15.238000000000001","50","0","989","500","0","0","636","0","190","446","0","31800","1136","8972","21190","502","636","30162","63.6","0","50","1000","1997","3.994","112","5.725272285467536","0","45.7","3.5727272727272728","10","700","636"
"548","BA","1000","2","0.1","50","0.1","0.5","1","platform","targeted","70","5","95","95","63.614787482992355","70.0237173361841","70.0237173361841","fixed","1","1","50","2964","8","50","23224930","v2.0-design-v1.0","98.8","99.2","-0.4000000000000057","11.453442879499217","true","96.214","13.508000000000004","50","1.2","992","500","12","27","636","15","193","424","4","31800","1171","9053","21101","475","617","30154","63.6","0","50","1000","1997","3.994","58","4.775853093717675","0","39.1","3.639393939393939","10","700","636"
"549","BA","1000","2","0.1","50","0.1","0.5","1","platform","targeted","70","5","95","95","63.614787482992355","70.0237173361841","70.0237173361841","fixed","1","1","50","2964","9","50","23224931","v2.0-design-v1.0","99","99","0","13.219945883262465","true","95.41000000000003","14.381999999999998","50","1","990","500","10","20","636","10","173","448","5","31800","1368","8980","20864","588","621","29844","63.6","0","50","1000","1997","3.994","75","5.19065572995424","0","44.4","3.585858585858586","10","700","636"
"550","BA","1000","2","0.1","50","0.1","0.5","1","platform","targeted","70","5","95","95","63.614787482992355","70.0237173361841","70.0237173361841","fixed","1","1","50","2964","10","50","23224932","v2.0-design-v1.0","100","98.7","1.2999999999999972","11.631345490389354","true","96.24400000000001","15.19","50","0","987","500","0","0","636","0","191","445","0","31800","1180","8965","21168","487","636","30133","63.6","0","50","1000","1997","3.994","69","5.355244405500327","0","47.5","3.5545454545454547","10","700","636"
"551","BA","1000","2","0.1","50","0.1","0.5","1","platform","targeted","70","5","95","95","63.614787482992355","70.0237173361841","70.0237173361841","fixed","1","1","50","2964","11","50","23224933","v2.0-design-v1.0","100","98.6","1.4000000000000057","11.032238982549542","true","96.028","14.345999999999998","50","0","986","500","0","0","636","0","180","456","0","31800","1119","9024","21191","466","636","30215","63.6","0","50","1000","1997","3.994","99","5.5911738682699825","0","46","3.56969696969697","10","700","636"
"552","BA","1000","2","0.1","50","0.1","0.5","1","platform","targeted","70","5","95","95","63.614787482992355","70.0237173361841","70.0237173361841","fixed","1","1","50","2964","12","50","23224934","v2.0-design-v1.0","99.9","98.5","1.4000000000000057","11.903134459525438","true","95.87999999999997","14.526000000000003","50","0.1","985","500","1","1","636","0","218","418","0","31800","1219","9022","21057","502","636","30079","63.6","0","50","1000","1997","3.994","76","5.18602534305982","0","42.9","3.601010101010101","10","700","636"
"553","BA","1000","2","0.1","50","0.1","0.5","1","platform","targeted","70","5","95","95","63.614787482992355","70.0237173361841","70.0237173361841","fixed","1","1","50","2964","13","50","23224935","v2.0-design-v1.0","99.8","98.1","1.7000000000000028","10.289611544924385","true","96.39","15.108000000000004","50","0.2","981","500","2","2","636","0","198","438","0","31800","1041","9076","21249","434","636","30325","63.6","0","50","1000","1997","3.994","58","4.928311298229058","0","41.8","3.6121212121212123","10","700","636"
"554","BA","1000","2","0.1","50","0.1","0.5","1","platform","targeted","70","5","95","95","63.614787482992355","70.0237173361841","70.0237173361841","fixed","1","1","50","2964","14","50","23224936","v2.0-design-v1.0","100","98.3","1.7000000000000028","12.479152359462377","true","95.87799999999999","15.509999999999998","50","0","983","500","0","0","636","0","202","434","0","31800","1272","8921","21064","543","636","29985","63.6","0","50","1000","1997","3.994","79","5.217200703747471","0","44.8","3.581818181818182","10","700","636"
"555","BA","1000","2","0.1","50","0.1","0.5","1","platform","targeted","70","5","95","95","63.614787482992355","70.0237173361841","70.0237173361841","fixed","1","1","50","2964","15","50","23224937","v2.0-design-v1.0","99.9","97.8","2.1000000000000085","13.055717336439526","true","95.152","15.636000000000006","50","0.1","978","500","1","1","636","0","189","447","0","31800","1345","8957","20897","601","636","29854","63.6","0","50","1000","1997","3.994","75","5.23080541841553","0","44.5","3.584848484848485","10","700","636"
"556","BA","1000","2","0.1","50","0.1","0.5","1","platform","targeted","70","5","95","95","63.614787482992355","70.0237173361841","70.0237173361841","fixed","1","1","50","2964","16","50","23224938","v2.0-design-v1.0","100","98.8","1.2000000000000028","10.205307961942914","true","96.634","15.015999999999998","50","0","988","500","0","0","636","0","189","447","0","31800","1019","8966","21414","401","636","30380","63.6","0","50","1000","1997","3.994","56","4.6317833949157565","0","36.9","3.6616161616161618","10","700","636"
"557","BA","1000","2","0.1","50","0.1","0.5","1","platform","targeted","70","5","95","95","63.614787482992355","70.0237173361841","70.0237173361841","fixed","1","1","50","2964","17","50","23224939","v2.0-design-v1.0","99.8","98.1","1.7000000000000028","12.152509652509652","true","95.54599999999999","14.188000000000004","50","0.2","981","500","2","2","636","0","188","448","0","31800","1259","9101","20920","520","636","30021","63.6","0","50","1000","1997","3.994","89","5.218351769974416","0","44","3.5898989898989897","10","700","636"
"558","BA","1000","2","0.1","50","0.1","0.5","1","platform","targeted","70","5","95","95","63.614787482992355","70.0237173361841","70.0237173361841","fixed","1","1","50","2964","18","50","23224940","v2.0-design-v1.0","100","98.7","1.2999999999999972","11.369024101145792","true","96.23600000000002","14.84199999999999","50","0","987","500","0","0","636","0","196","440","0","31800","1151","8973","21176","500","636","30149","63.6","0","50","1000","1997","3.994","60","4.914887599947736","0","42","3.61010101010101","10","700","636"
"559","BA","1000","2","0.1","50","0.1","0.5","1","platform","targeted","70","5","95","95","63.614787482992355","70.0237173361841","70.0237173361841","fixed","1","1","50","2964","19","50","23224941","v2.0-design-v1.0","100","99","1","10.503697781331201","true","96.52000000000004","15.252","50","0","990","500","0","0","636","0","193","443","0","31800","1051","8955","21367","427","636","30322","63.6","0","50","1000","1997","3.994","74","5.149415547465595","0","43.7","3.592929292929293","10","700","636"
"560","BA","1000","2","0.1","50","0.1","0.5","1","platform","targeted","70","5","95","95","63.614787482992355","70.0237173361841","70.0237173361841","fixed","1","1","50","2964","20","50","23224942","v2.0-design-v1.0","100","99.2","0.7999999999999972","11.139589905362776","true","96.28800000000003","13.485999999999995","50","0","992","500","0","0","636","0","191","445","0","31800","1130","9014","21204","452","636","30218","63.6","0","50","1000","1997","3.994","116","5.836096642793371","0","48.4","3.5454545454545454","10","700","636"
"561","BA","1000","2","0.1","50","0.1","0.5","1","platform","targeted","70","5","95","95","63.614787482992355","70.0237173361841","70.0237173361841","fixed","1","1","50","2964","21","50","23224943","v2.0-design-v1.0","99.9","98.7","1.2000000000000028","11.40007821666015","true","95.83599999999996","14.104000000000006","50","0.1","987","500","1","2","636","1","170","464","1","31800","1166","9062","21078","494","634","30140","63.6","0","50","1000","1997","3.994","107","5.892426044057309","0","48","3.5494949494949495","10","700","636"
"562","BA","1000","2","0.1","50","0.1","0.5","1","platform","targeted","70","5","95","95","63.614787482992355","70.0237173361841","70.0237173361841","fixed","1","1","50","2964","22","50","23224944","v2.0-design-v1.0","100","98.3","1.7000000000000028","11.05547766873623","true","95.97800000000005","16.128000000000004","50","0","983","500","0","0","636","0","197","439","0","31800","1104","8882","21363","451","636","30245","63.6","0","50","1000","1997","3.994","61","5.030434302251559","0","44.2","3.587878787878788","10","700","636"
"563","BA","1000","2","0.1","50","0.1","0.5","1","platform","targeted","70","5","95","95","63.614787482992355","70.0237173361841","70.0237173361841","fixed","1","1","50","2964","23","50","23224945","v2.0-design-v1.0","100","98.9","1.0999999999999943","11.319081863855777","true","95.92","15.1","50","0","989","500","0","0","636","0","194","442","0","31800","1149","9002","21125","524","636","30127","63.6","0","50","1000","1997","3.994","87","5.8104841214588765","0","50.7","3.522222222222222","10","700","636"
"564","BA","1000","2","0.1","50","0.1","0.5","1","platform","targeted","70","5","95","95","63.614787482992355","70.0237173361841","70.0237173361841","fixed","1","1","50","2964","24","50","23224946","v2.0-design-v1.0","100","99.2","0.7999999999999972","10.915736441766274","true","96.49600000000002","13.951999999999998","50","0","992","500","0","0","636","0","195","441","0","31800","1105","9018","21222","455","636","30240","63.6","0","50","1000","1997","3.994","90","5.5813184029505996","0","47.1","3.5585858585858587","10","700","636"
"565","BA","1000","2","0.1","50","0.1","0.5","1","platform","targeted","70","5","95","95","63.614787482992355","70.0237173361841","70.0237173361841","fixed","1","1","50","2964","25","50","23224947","v2.0-design-v1.0","100","99.2","0.7999999999999972","11.66601638704643","true","96.06400000000002","14.013999999999992","50","0","992","500","0","0","636","0","183","453","0","31800","1196","9056","21093","455","636","30149","63.6","0","50","1000","1997","3.994","75","5.408624336854717","0","47.2","3.5575757575757576","10","700","636"
"566","BA","1000","2","0.1","50","0.1","0.5","1","platform","targeted","70","5","95","95","63.614787482992355","70.0237173361841","70.0237173361841","fixed","1","1","50","2964","26","50","23224948","v2.0-design-v1.0","100","98.3","1.7000000000000028","11.257367387033398","true","96.09799999999997","15.9","50","0","983","500","0","0","636","0","190","446","0","31800","1146","9034","21136","484","636","30170","63.6","0","50","1000","1997","3.994","66","4.903060677169306","0","41.1","3.6191919191919193","10","700","636"
"567","BA","1000","2","0.1","50","0.1","0.5","1","platform","targeted","70","5","95","95","63.614787482992355","70.0237173361841","70.0237173361841","fixed","1","1","50","2964","27","50","23224949","v2.0-design-v1.0","99","99","0","12.275565964090553","true","95.59199999999997","14.006000000000002","50","1","990","500","10","11","636","1","175","460","0","31800","1258","8990","20992","560","635","29982","63.6","0","50","1000","1997","3.994","82","5.510928627221934","0","46.3","3.566666666666667","10","700","636"
"568","BA","1000","2","0.1","50","0.1","0.5","1","platform","targeted","70","5","95","95","63.614787482992355","70.0237173361841","70.0237173361841","fixed","1","1","50","2964","28","50","23224950","v2.0-design-v1.0","100","99.2","0.7999999999999972","10.565853658536586","true","96.51600000000003","14.150000000000002","50","0","992","500","0","0","636","0","192","444","0","31800","1083","9167","21098","452","636","30265","63.6","0","50","1000","1997","3.994","114","5.823218515037358","0","48.6","3.5434343434343436","10","700","636"
"569","BA","1000","2","0.1","50","0.1","0.5","1","platform","targeted","70","5","95","95","63.614787482992355","70.0237173361841","70.0237173361841","fixed","1","1","50","2964","29","50","23224951","v2.0-design-v1.0","100","99.1","0.9000000000000057","10.253075922776834","true","96.77400000000002","14.025999999999996","50","0","991","500","0","0","636","0","188","448","0","31800","1025","8972","21378","425","636","30350","63.6","0","50","1000","1997","3.994","84","5.731213729290747","0","49.1","3.5383838383838384","10","700","636"
"570","BA","1000","2","0.1","50","0.1","0.5","1","platform","targeted","70","5","95","95","63.614787482992355","70.0237173361841","70.0237173361841","fixed","1","1","50","2964","30","50","23224952","v2.0-design-v1.0","100","99","1","10.786827055807532","true","96.35600000000002","13.218000000000002","50","0","990","500","0","0","636","0","188","448","0","31800","1094","9048","21174","484","636","30222","63.6","0","50","1000","1997","3.994","61","4.896318814981092","0","38.5","3.6454545454545455","10","700","636"
"571","BA","1000","2","0.1","50","0.1","0.5","1","platform","targeted","70","5","95","95","30.14701651991054","91.09019572657087","91.09019572657087","fixed","1","1","50","2965","1","50","23225923","v2.0-design-v1.0","45.8","28.999999999999996","16.8","78.63646457916944","true","50.176","28.811999999999998","50","54.2","290","500","542","622","301","80","20","197","4","15050","3541","962","10196","351","217","11158","30.1","0","50","1000","1997","3.994","66","4.981845319034172","0","41.2","3.618181818181818","10","700","301"
"572","BA","1000","2","0.1","50","0.1","0.5","1","platform","targeted","70","5","95","95","30.14701651991054","91.09019572657087","91.09019572657087","fixed","1","1","50","2965","2","50","23225924","v2.0-design-v1.0","44.49999999999999","28.4","16.099999999999994","78.72777017783858","true","49.546000000000014","28.319999999999997","50","55.50000000000001","284","500","555","613","301","58","15","214","14","15050","3453","933","10302","362","229","11235","30.1","0","50","1000","1997","3.994","87","5.515104747906453","0","47.6","3.5535353535353535","10","700","301"
"573","BA","1000","2","0.1","50","0.1","0.5","1","platform","targeted","70","5","95","95","30.14701651991054","91.09019572657087","91.09019572657087","fixed","1","1","50","2965","3","50","23225925","v2.0-design-v1.0","48.3","30.2","18.099999999999998","77.86631252766712","true","52.25200000000001","30.81999999999999","50","51.7","302","500","517","592","301","75","18","202","6","15050","3518","1000","10210","322","220","11210","30.1","0","50","1000","1997","3.994","73","4.995690234684377","0","40.4","3.6262626262626263","10","700","301"
"574","BA","1000","2","0.1","50","0.1","0.5","1","platform","targeted","70","5","95","95","30.14701651991054","91.09019572657087","91.09019572657087","fixed","1","1","50","2965","4","50","23225926","v2.0-design-v1.0","45.699999999999996","28.299999999999997","17.4","78.25599641336024","true","50.848","29.19600000000001","50","54.300000000000004","283","500","543","621","301","78","17","200","6","15050","3491","970","10248","341","217","11218","30.1","0","50","1000","1997","3.994","66","5.069681022082707","0","41.8","3.6121212121212123","10","700","301"
"575","BA","1000","2","0.1","50","0.1","0.5","1","platform","targeted","70","5","95","95","30.14701651991054","91.09019572657087","91.09019572657087","fixed","1","1","50","2965","5","50","23225927","v2.0-design-v1.0","46.199999999999996","28.599999999999998","17.599999999999998","78.89969067609368","true","51.461999999999996","30.4","50","53.800000000000004","286","500","538","613","301","75","25","191","10","15050","3571","955","10156","368","216","11111","30.1","0","50","1000","1997","3.994","80","5.165137233669844","0","44.2","3.587878787878788","10","700","301"
"576","BA","1000","2","0.1","50","0.1","0.5","1","platform","targeted","70","5","95","95","30.14701651991054","91.09019572657087","91.09019572657087","fixed","1","1","50","2965","6","50","23225928","v2.0-design-v1.0","49.2","28.199999999999996","21.000000000000007","78.16603605608725","true","52.854","31.686000000000018","50","50.8","282","500","508","584","301","76","12","206","7","15050","3512","981","10203","354","218","11184","30.1","0","50","1000","1997","3.994","92","5.841582669798331","0","50.6","3.5232323232323233","10","700","301"
"577","BA","1000","2","0.1","50","0.1","0.5","1","platform","targeted","70","5","95","95","30.14701651991054","91.09019572657087","91.09019572657087","fixed","1","1","50","2965","7","50","23225929","v2.0-design-v1.0","49.1","29.599999999999998","19.500000000000004","77.5501013285296","true","53.55199999999999","31.516000000000005","50","50.9","296","500","509","577","301","68","19","208","6","15050","3444","997","10281","328","227","11278","30.1","0","50","1000","1997","3.994","75","5.2791887476991874","0","44.9","3.580808080808081","10","700","301"
"578","BA","1000","2","0.1","50","0.1","0.5","1","platform","targeted","70","5","95","95","30.14701651991054","91.09019572657087","91.09019572657087","fixed","1","1","50","2965","8","50","23225930","v2.0-design-v1.0","50.8","29.099999999999998","21.7","77.7979157227005","true","54.366000000000014","32.904","50","49.2","291","500","492","564","301","72","22","203","4","15050","3434","980","10306","330","225","11286","30.1","0","50","1000","1997","3.994","84","5.393426837647188","0","43.3","3.596969696969697","10","700","301"
"579","BA","1000","2","0.1","50","0.1","0.5","1","platform","targeted","70","5","95","95","30.14701651991054","91.09019572657087","91.09019572657087","fixed","1","1","50","2965","9","50","23225931","v2.0-design-v1.0","45.8","29.2","16.599999999999998","77.37338303003727","true","51.68399999999999","30.142000000000003","50","54.2","292","500","542","626","301","84","17","189","11","15050","3529","1032","10154","335","206","11186","30.1","0","50","1000","1997","3.994","87","5.238263395764225","0","42.6","3.604040404040404","10","700","301"
"580","BA","1000","2","0.1","50","0.1","0.5","1","platform","targeted","70","5","95","95","30.14701651991054","91.09019572657087","91.09019572657087","fixed","1","1","50","2965","10","50","23225932","v2.0-design-v1.0","45.599999999999994","28.999999999999996","16.599999999999998","78.73233215547704","true","51.09","29.946000000000005","50","54.400000000000006","290","500","544","622","301","78","24","194","5","15050","3565","963","10170","352","218","11133","30.1","0","50","1000","1997","3.994","67","4.955049597785721","0","41.1","3.6191919191919193","10","700","301"
"581","BA","1000","2","0.1","50","0.1","0.5","1","platform","targeted","70","5","95","95","30.14701651991054","91.09019572657087","91.09019572657087","fixed","1","1","50","2965","11","50","23225933","v2.0-design-v1.0","48","28.299999999999997","19.700000000000003","76.82280159080867","true","52.57000000000002","31.08","50","52","283","500","520","584","301","64","26","201","10","15050","3477","1049","10177","347","227","11226","30.1","0","50","1000","1997","3.994","70","5.24246577933012","0","44.6","3.583838383838384","10","700","301"
"582","BA","1000","2","0.1","50","0.1","0.5","1","platform","targeted","70","5","95","95","30.14701651991054","91.09019572657087","91.09019572657087","fixed","1","1","50","2965","12","50","23225934","v2.0-design-v1.0","55.199999999999996","31.6","23.599999999999994","75.90991810737033","true","58.656000000000006","35.436","50","44.800000000000004","316","500","448","516","301","68","14","211","8","15050","3337","1059","10362","292","225","11421","30.1","0","50","1000","1997","3.994","69","4.964333652023047","0","41.2","3.618181818181818","10","700","301"
"583","BA","1000","2","0.1","50","0.1","0.5","1","platform","targeted","70","5","95","95","30.14701651991054","91.09019572657087","91.09019572657087","fixed","1","1","50","2965","13","50","23225935","v2.0-design-v1.0","44.3","29.4","14.899999999999999","78.33847509916264","true","49.00000000000001","27.859999999999996","50","55.7","294","500","557","627","301","70","15","210","6","15050","3555","983","10155","357","225","11138","30.1","0","50","1000","1997","3.994","62","5.101567405218706","0","42.4","3.606060606060606","10","700","301"
"584","BA","1000","2","0.1","50","0.1","0.5","1","platform","targeted","70","5","95","95","30.14701651991054","91.09019572657087","91.09019572657087","fixed","1","1","50","2965","14","50","23225936","v2.0-design-v1.0","59.4","33.900000000000006","25.499999999999993","74.7878787878788","true","62.977999999999994","39.808","50","40.6","339","500","406","468","301","62","20","211","8","15050","3085","1040","10634","291","231","11674","30.1","0","50","1000","1997","3.994","99","5.685093164081322","0","47.7","3.5525252525252524","10","700","301"
"585","BA","1000","2","0.1","50","0.1","0.5","1","platform","targeted","70","5","95","95","30.14701651991054","91.09019572657087","91.09019572657087","fixed","1","1","50","2965","15","50","23225937","v2.0-design-v1.0","54.1","31.1","23","77.79516994633273","true","56.18799999999998","34.05000000000001","50","45.9","311","500","459","539","301","80","15","201","5","15050","3479","993","10263","315","216","11256","30.1","0","50","1000","1997","3.994","106","5.799275437121048","0","46.2","3.5676767676767676","10","700","301"
"586","BA","1000","2","0.1","50","0.1","0.5","1","platform","targeted","70","5","95","95","30.14701651991054","91.09019572657087","91.09019572657087","fixed","1","1","50","2965","16","50","23225938","v2.0-design-v1.0","53.8","30.2","23.599999999999998","76.39582387653199","true","57.27800000000001","35.226","50","46.2","302","500","462","525","301","63","17","216","5","15050","3366","1040","10307","337","233","11347","30.1","0","50","1000","1997","3.994","58","5.042359506162694","0","42","3.61010101010101","10","700","301"
"587","BA","1000","2","0.1","50","0.1","0.5","1","platform","targeted","70","5","95","95","30.14701651991054","91.09019572657087","91.09019572657087","fixed","1","1","50","2965","17","50","23225939","v2.0-design-v1.0","50.9","29.7","21.2","77.33571747876621","true","53.815999999999995","31.373999999999995","50","49.1","297","500","491","552","301","61","13","221","6","15050","3460","1014","10249","327","234","11263","30.1","0","50","1000","1997","3.994","61","5.201059028218669","0","44.8","3.581818181818182","10","700","301"
"588","BA","1000","2","0.1","50","0.1","0.5","1","platform","targeted","70","5","95","95","30.14701651991054","91.09019572657087","91.09019572657087","fixed","1","1","50","2965","18","50","23225940","v2.0-design-v1.0","50.8","30.099999999999998","20.7","77.02397105382181","true","54.906000000000006","32.994","50","49.2","301","500","492","556","301","64","18","211","8","15050","3406","1016","10246","382","229","11262","30.1","0","50","1000","1997","3.994","76","5.286767813505129","0","43.4","3.595959595959596","10","700","301"
"589","BA","1000","2","0.1","50","0.1","0.5","1","platform","targeted","70","5","95","95","30.14701651991054","91.09019572657087","91.09019572657087","fixed","1","1","50","2965","19","50","23225941","v2.0-design-v1.0","48.6","28.7","19.900000000000002","78.61297539149888","true","51.959999999999994","31.112","50","51.4","287","500","514","585","301","71","17","209","4","15050","3514","956","10230","350","226","11186","30.1","0","50","1000","1997","3.994","82","5.477587787335579","0","46.2","3.5676767676767676","10","700","301"
"590","BA","1000","2","0.1","50","0.1","0.5","1","platform","targeted","70","5","95","95","30.14701651991054","91.09019572657087","91.09019572657087","fixed","1","1","50","2965","20","50","23225942","v2.0-design-v1.0","44.3","28.9","15.399999999999999","78.79440258342304","true","48.878000000000014","27.317999999999994","50","55.7","289","500","557","632","301","75","21","200","5","15050","3660","985","10011","394","221","10996","30.1","0","50","1000","1997","3.994","100","5.620636579210176","0","44.8","3.581818181818182","10","700","301"
"591","BA","1000","2","0.1","50","0.1","0.5","1","platform","targeted","70","5","95","95","30.14701651991054","91.09019572657087","91.09019572657087","fixed","1","1","50","2965","21","50","23225943","v2.0-design-v1.0","53.5","30.8","22.7","76.48945921173235","true","56.57600000000002","34.431999999999995","50","46.5","308","500","465","534","301","69","17","206","9","15050","3338","1026","10365","321","223","11391","30.1","0","50","1000","1997","3.994","90","5.72894272835614","0","50.5","3.5242424242424244","10","700","301"
"592","BA","1000","2","0.1","50","0.1","0.5","1","platform","targeted","70","5","95","95","30.14701651991054","91.09019572657087","91.09019572657087","fixed","1","1","50","2965","22","50","23225944","v2.0-design-v1.0","46.9","28.999999999999996","17.900000000000002","78.93350888742594","true","51.15600000000001","29.905999999999995","50","53.1","290","500","531","598","301","67","17","210","7","15050","3597","960","10137","356","227","11097","30.1","0","50","1000","1997","3.994","65","4.831905556952787","0","39.6","3.6343434343434344","10","700","301"
"593","BA","1000","2","0.1","50","0.1","0.5","1","platform","targeted","70","5","95","95","30.14701651991054","91.09019572657087","91.09019572657087","fixed","1","1","50","2965","23","50","23225945","v2.0-design-v1.0","46.4","29.799999999999997","16.6","76.69728881917992","true","51.00199999999999","29.00999999999998","50","53.6","298","500","536","602","301","66","26","199","10","15050","3423","1040","10271","316","225","11311","30.1","0","50","1000","1997","3.994","95","5.610119199931263","0","45.5","3.5747474747474746","10","700","301"
"594","BA","1000","2","0.1","50","0.1","0.5","1","platform","targeted","70","5","95","95","30.14701651991054","91.09019572657087","91.09019572657087","fixed","1","1","50","2965","24","50","23225946","v2.0-design-v1.0","46.599999999999994","28.799999999999997","17.799999999999997","77.58770030316154","true","51.07","28.760000000000005","50","53.400000000000006","288","500","534","613","301","79","20","196","6","15050","3583","1035","10081","351","216","11116","30.1","0","50","1000","1997","3.994","77","5.026054638105831","0","42.5","3.605050505050505","10","700","301"
"595","BA","1000","2","0.1","50","0.1","0.5","1","platform","targeted","70","5","95","95","30.14701651991054","91.09019572657087","91.09019572657087","fixed","1","1","50","2965","25","50","23225947","v2.0-design-v1.0","44.599999999999994","29.099999999999998","15.499999999999996","77.12053571428571","true","50.703999999999986","28.666","50","55.400000000000006","291","500","554","632","301","78","17","198","8","15050","3455","1025","10255","315","215","11280","30.1","0","50","1000","1997","3.994","93","5.627044306527859","0","45","3.5797979797979798","10","700","301"
"596","BA","1000","2","0.1","50","0.1","0.5","1","platform","targeted","70","5","95","95","30.14701651991054","91.09019572657087","91.09019572657087","fixed","1","1","50","2965","26","50","23225948","v2.0-design-v1.0","45.8","29.9","15.899999999999999","78.64493996569468","true","50.242000000000026","28.136000000000003","50","54.2","299","500","542","614","301","72","19","205","5","15050","3668","996","10022","364","224","11018","30.1","0","50","1000","1997","3.994","65","4.784648038973899","0","39.4","3.6363636363636362","10","700","301"
"597","BA","1000","2","0.1","50","0.1","0.5","1","platform","targeted","70","5","95","95","30.14701651991054","91.09019572657087","91.09019572657087","fixed","1","1","50","2965","27","50","23225949","v2.0-design-v1.0","56.6","32.1","24.5","75.94350544107432","true","59.59999999999998","36.94800000000001","50","43.4","321","500","434","505","301","71","16","206","8","15050","3280","1039","10401","330","222","11440","30.1","0","50","1000","1997","3.994","95","5.90786483146552","0","51.4","3.515151515151515","10","700","301"
"598","BA","1000","2","0.1","50","0.1","0.5","1","platform","targeted","70","5","95","95","30.14701651991054","91.09019572657087","91.09019572657087","fixed","1","1","50","2965","28","50","23225950","v2.0-design-v1.0","43.7","28.499999999999996","15.200000000000006","78.84778911564626","true","48.459999999999994","27.406000000000002","50","56.3","285","500","563","639","301","76","23","197","5","15050","3709","995","9969","377","220","10964","30.1","0","50","1000","1997","3.994","56","4.991079530008993","0","42.1","3.609090909090909","10","700","301"
"599","BA","1000","2","0.1","50","0.1","0.5","1","platform","targeted","70","5","95","95","30.14701651991054","91.09019572657087","91.09019572657087","fixed","1","1","50","2965","29","50","23225951","v2.0-design-v1.0","50.9","28.799999999999997","22.1","79.24735915492957","true","53.79199999999999","32.514","50","49.1","288","500","491","571","301","80","14","200","7","15050","3601","943","10143","363","214","11086","30.1","0","50","1000","1997","3.994","65","5.1858323205495935","0","44","3.5898989898989897","10","700","301"
"600","BA","1000","2","0.1","50","0.1","0.5","1","platform","targeted","70","5","95","95","30.14701651991054","91.09019572657087","91.09019572657087","fixed","1","1","50","2965","30","50","23225952","v2.0-design-v1.0","54.1","30.7","23.400000000000002","76.45153828359935","true","57.62000000000001","34.797999999999995","50","45.9","307","500","459","525","301","66","23","203","9","15050","3305","1018","10398","329","226","11416","30.1","0","50","1000","1997","3.994","66","4.806564996654781","0","38.7","3.6434343434343432","10","700","301"
"601","BA","1000","2","0.1","50","0.1","0.5","1","platform","targeted","70","5","95","95","46.75281142146785","74.71261886948993","74.71261886948993","fixed","1","1","50","2966","1","50","23226923","v2.0-design-v1.0","58.1","50.1","8","43.336147629960195","true","62.38799999999999","17.58","50","41.9","501","500","419","492","468","73","88","288","19","23400","3593","4698","13923","1186","376","18621","46.8","0","50","1000","1997","3.994","63","5.243229487201125","0","46.4","3.5656565656565657","10","700","468"
"602","BA","1000","2","0.1","50","0.1","0.5","1","platform","targeted","70","5","95","95","46.75281142146785","74.71261886948993","74.71261886948993","fixed","1","1","50","2966","2","50","23226924","v2.0-design-v1.0","58.900000000000006","49.7","9.200000000000003","41.86046511627907","true","63.49800000000001","18.906000000000002","50","41.099999999999994","497","500","411","479","468","68","104","278","18","23400","3438","4775","14086","1101","382","18861","46.8","0","50","1000","1997","3.994","103","6.012330006920145","0","52.4","3.505050505050505","10","700","468"
"603","BA","1000","2","0.1","50","0.1","0.5","1","platform","targeted","70","5","95","95","46.75281142146785","74.71261886948993","74.71261886948993","fixed","1","1","50","2966","3","50","23226925","v2.0-design-v1.0","59.300000000000004","50.8","8.500000000000007","41.166525781910394","true","63.972","18.479999999999993","50","40.699999999999996","508","500","407","489","468","82","95","262","29","23400","3409","4872","13982","1137","357","18854","46.8","0","50","1000","1997","3.994","87","5.613864932422169","0","47.8","3.5515151515151517","10","700","468"
"604","BA","1000","2","0.1","50","0.1","0.5","1","platform","targeted","70","5","95","95","46.75281142146785","74.71261886948993","74.71261886948993","fixed","1","1","50","2966","4","50","23226926","v2.0-design-v1.0","55.8","48.699999999999996","7.100000000000001","44.056191712902844","true","60.49400000000001","16.486000000000004","50","44.2","487","500","442","515","468","73","98","274","23","23400","3732","4739","13692","1237","372","18431","46.8","0","50","1000","1997","3.994","75","5.114109709237575","0","42.3","3.607070707070707","10","700","468"
"605","BA","1000","2","0.1","50","0.1","0.5","1","platform","targeted","70","5","95","95","46.75281142146785","74.71261886948993","74.71261886948993","fixed","1","1","50","2966","5","50","23226927","v2.0-design-v1.0","54.8","49.8","5","44.21906693711968","true","60.703999999999986","16.081999999999997","50","45.2","498","500","452","527","468","75","93","262","38","23400","3706","4675","13712","1307","355","18387","46.8","0","50","1000","1997","3.994","123","6.4013233741892215","0","53.7","3.491919191919192","10","700","468"
"606","BA","1000","2","0.1","50","0.1","0.5","1","platform","targeted","70","5","95","95","46.75281142146785","74.71261886948993","74.71261886948993","fixed","1","1","50","2966","6","50","23226928","v2.0-design-v1.0","61.1","51.6","9.5","42.05664276163851","true","65.442","19.912","50","38.9","516","500","389","462","468","73","84","293","18","23400","3460","4767","13964","1209","377","18731","46.8","0","50","1000","1997","3.994","100","5.181004420651148","0","41.4","3.6161616161616164","10","700","468"
"607","BA","1000","2","0.1","50","0.1","0.5","1","platform","targeted","70","5","95","95","46.75281142146785","74.71261886948993","74.71261886948993","fixed","1","1","50","2966","7","50","23226929","v2.0-design-v1.0","56.6","49.7","6.899999999999999","43.6558094312105","true","62.63000000000001","18.238000000000003","50","43.4","497","500","434","501","468","67","93","272","36","23400","3592","4636","13982","1190","365","18618","46.8","0","50","1000","1997","3.994","72","5.325253263678851","0","45.7","3.5727272727272728","10","700","468"
"608","BA","1000","2","0.1","50","0.1","0.5","1","platform","targeted","70","5","95","95","46.75281142146785","74.71261886948993","74.71261886948993","fixed","1","1","50","2966","8","50","23226930","v2.0-design-v1.0","59.300000000000004","49.2","10.100000000000001","41.388143449621865","true","63.806","19.403999999999996","50","40.699999999999996","492","500","407","457","468","50","93","297","28","23400","3393","4805","14117","1085","390","18922","46.8","0","50","1000","1997","3.994","75","5.4623989054079285","0","46.9","3.5606060606060606","10","700","468"
"609","BA","1000","2","0.1","50","0.1","0.5","1","platform","targeted","70","5","95","95","46.75281142146785","74.71261886948993","74.71261886948993","fixed","1","1","50","2966","9","50","23226931","v2.0-design-v1.0","56.5","50.1","6.399999999999999","43.5663996115562","true","61.133999999999986","16.244","50","43.5","501","500","435","491","468","56","98","291","23","23400","3589","4649","13906","1256","389","18555","46.8","0","50","1000","1997","3.994","108","6.0301182680215035","0","48.9","3.54040404040404","10","700","468"
"610","BA","1000","2","0.1","50","0.1","0.5","1","platform","targeted","70","5","95","95","46.75281142146785","74.71261886948993","74.71261886948993","fixed","1","1","50","2966","10","50","23226932","v2.0-design-v1.0","59.599999999999994","50.3","9.299999999999997","42.16476247745039","true","63.03000000000003","17.700000000000003","50","40.400000000000006","503","500","404","470","468","66","81","303","18","23400","3506","4809","13881","1204","384","18690","46.8","0","50","1000","1997","3.994","61","4.90142713788422","0","40.6","3.624242424242424","10","700","468"
"611","BA","1000","2","0.1","50","0.1","0.5","1","platform","targeted","70","5","95","95","46.75281142146785","74.71261886948993","74.71261886948993","fixed","1","1","50","2966","11","50","23226933","v2.0-design-v1.0","59.1","49.2","9.899999999999999","42.70845939731333","true","62.743999999999986","18.826","50","40.9","492","500","409","481","468","72","88","291","17","23400","3529","4734","13961","1176","379","18695","46.8","0","50","1000","1997","3.994","59","4.748105781099281","0","37.3","3.6575757575757577","10","700","468"
"612","BA","1000","2","0.1","50","0.1","0.5","1","platform","targeted","70","5","95","95","46.75281142146785","74.71261886948993","74.71261886948993","fixed","1","1","50","2966","12","50","23226934","v2.0-design-v1.0","59.300000000000004","51.1","8.200000000000003","43.30111342224397","true","64.43400000000003","19.095999999999993","50","40.699999999999996","511","500","407","475","468","68","93","277","30","23400","3539","4634","14014","1213","370","18648","46.8","0","50","1000","1997","3.994","65","4.943116263896521","0","41.3","3.617171717171717","10","700","468"
"614","BA","1000","2","0.1","50","0.1","0.5","1","platform","targeted","70","5","95","95","46.75281142146785","74.71261886948993","74.71261886948993","fixed","1","1","50","2966","14","50","23226936","v2.0-design-v1.0","59.8","51.4","8.399999999999999","43.52999504214179","true","63.486","17.376000000000005","50","40.2","514","500","402","467","468","65","89","291","23","23400","3512","4556","14115","1217","380","18671","46.8","0","50","1000","1997","3.994","97","5.455247356786274","0","44.4","3.585858585858586","10","700","468"
"613","BA","1000","2","0.1","50","0.1","0.5","1","platform","targeted","70","5","95","95","46.75281142146785","74.71261886948993","74.71261886948993","fixed","1","1","50","2966","13","50","23226935","v2.0-design-v1.0","57.6","50.1","7.5","43.6751630112626","true","61.958","17.034000000000006","50","42.4","501","500","424","489","468","65","101","276","26","23400","3684","4751","13676","1289","377","18427","46.8","0","50","1000","1997","3.994","63","5.166493652048416","0","43.9","3.590909090909091","10","700","468"
"615","BA","1000","2","0.1","50","0.1","0.5","1","platform","targeted","70","5","95","95","46.75281142146785","74.71261886948993","74.71261886948993","fixed","1","1","50","2966","15","50","23226937","v2.0-design-v1.0","57.7","50.4","7.300000000000004","42.750428606416854","true","63.335999999999984","18.394000000000005","50","42.3","504","500","423","495","468","72","87","281","28","23400","3491","4675","14025","1209","368","18700","46.8","0","50","1000","1997","3.994","72","4.993886552866694","0","40.9","3.621212121212121","10","700","468"
"616","BA","1000","2","0.1","50","0.1","0.5","1","platform","targeted","70","5","95","95","46.75281142146785","74.71261886948993","74.71261886948993","fixed","1","1","50","2966","16","50","23226938","v2.0-design-v1.0","57.6","49.3","8.300000000000004","42.98795180722891","true","62.008","17.816000000000003","50","42.4","493","500","424","486","468","62","94","288","24","23400","3568","4732","13844","1256","382","18576","46.8","0","50","1000","1997","3.994","77","5.54984367029961","0","48.4","3.5454545454545454","10","700","468"
"617","BA","1000","2","0.1","50","0.1","0.5","1","platform","targeted","70","5","95","95","46.75281142146785","74.71261886948993","74.71261886948993","fixed","1","1","50","2966","17","50","23226939","v2.0-design-v1.0","58.4","50.3","8.100000000000001","43.39576745317441","true","62.45200000000002","17.442","50","41.6","503","500","416","505","468","89","106","251","22","23400","3568","4654","13990","1188","357","18644","46.8","0","50","1000","1997","3.994","83","5.356552684017643","0","45.3","3.576767676767677","10","700","468"
"618","BA","1000","2","0.1","50","0.1","0.5","1","platform","targeted","70","5","95","95","46.75281142146785","74.71261886948993","74.71261886948993","fixed","1","1","50","2966","18","50","23226940","v2.0-design-v1.0","59.699999999999996","50.8","8.899999999999999","42.4039048200122","true","63.54399999999997","18.268","50","40.300000000000004","508","500","403","465","468","62","106","277","23","23400","3475","4720","13913","1292","383","18633","46.8","0","50","1000","1997","3.994","82","5.255624186106296","0","43.1","3.598989898989899","10","700","468"
"619","BA","1000","2","0.1","50","0.1","0.5","1","platform","targeted","70","5","95","95","46.75281142146785","74.71261886948993","74.71261886948993","fixed","1","1","50","2966","19","50","23226941","v2.0-design-v1.0","57.300000000000004","49.1","8.200000000000003","43.94752534287418","true","60.018","16.196","50","42.699999999999996","491","500","427","503","468","76","88","285","19","23400","3685","4700","13772","1243","373","18472","46.8","0","50","1000","1997","3.994","102","5.518733588462151","0","45","3.5797979797979798","10","700","468"
"620","BA","1000","2","0.1","50","0.1","0.5","1","platform","targeted","70","5","95","95","46.75281142146785","74.71261886948993","74.71261886948993","fixed","1","1","50","2966","20","50","23226942","v2.0-design-v1.0","56.9","49.5","7.399999999999999","43.115124153498876","true","62.10999999999999","17.456000000000003","50","43.1","495","500","431","496","468","65","94","282","27","23400","3629","4788","13779","1204","376","18567","46.8","0","50","1000","1997","3.994","65","5.047320025462953","0","42.6","3.604040404040404","10","700","468"
"622","BA","1000","2","0.1","50","0.1","0.5","1","platform","targeted","70","5","95","95","46.75281142146785","74.71261886948993","74.71261886948993","fixed","1","1","50","2966","22","50","23226944","v2.0-design-v1.0","60.099999999999994","50.6","9.499999999999993","41.846639165251155","true","64.992","19.664000000000005","50","39.900000000000006","506","500","399","470","468","71","89","285","23","23400","3449","4793","14089","1069","374","18882","46.8","0","50","1000","1997","3.994","62","4.808647116090663","0","40.2","3.628282828282828","10","700","468"
"621","BA","1000","2","0.1","50","0.1","0.5","1","platform","targeted","70","5","95","95","46.75281142146785","74.71261886948993","74.71261886948993","fixed","1","1","50","2966","21","50","23226943","v2.0-design-v1.0","56.8","48","8.799999999999997","43.08823529411765","true","61.67400000000001","18.456000000000003","50","43.2","480","500","432","505","468","73","90","282","23","23400","3516","4644","14058","1182","372","18702","46.8","0","50","1000","1997","3.994","66","5.069088641921699","0","42.2","3.608080808080808","10","700","468"
"624","BA","1000","2","0.1","50","0.1","0.5","1","platform","targeted","70","5","95","95","46.75281142146785","74.71261886948993","74.71261886948993","fixed","1","1","50","2966","24","50","23226946","v2.0-design-v1.0","56.6","50.1","6.5","44.504462188821044","true","60.75800000000002","15.636000000000001","50","43.4","501","500","434","501","468","67","86","291","24","23400","3790","4726","13538","1346","377","18264","46.8","0","50","1000","1997","3.994","107","5.273307479350288","0","40.4","3.6262626262626263","10","700","468"
"623","BA","1000","2","0.1","50","0.1","0.5","1","platform","targeted","70","5","95","95","46.75281142146785","74.71261886948993","74.71261886948993","fixed","1","1","50","2966","23","50","23226945","v2.0-design-v1.0","57.6","49.6","8","44.41233140655106","true","61.05000000000002","16.855999999999998","50","42.4","496","500","424","491","468","67","101","279","21","23400","3688","4616","13904","1192","380","18520","46.8","0","50","1000","1997","3.994","95","5.125254357808214","0","40.1","3.6292929292929292","10","700","468"
"625","BA","1000","2","0.1","50","0.1","0.5","1","platform","targeted","70","5","95","95","46.75281142146785","74.71261886948993","74.71261886948993","fixed","1","1","50","2966","25","50","23226947","v2.0-design-v1.0","55.9","47.199999999999996","8.700000000000003","43.53026458861907","true","61.736","18.792","50","44.1","472","500","441","533","468","92","79","271","26","23400","3603","4674","13908","1215","350","18582","46.8","0","50","1000","1997","3.994","61","5.020275606694026","0","41","3.6202020202020204","10","700","468"
"626","BA","1000","2","0.1","50","0.1","0.5","1","platform","targeted","70","5","95","95","46.75281142146785","74.71261886948993","74.71261886948993","fixed","1","1","50","2966","26","50","23226948","v2.0-design-v1.0","57.7","47.099999999999994","10.600000000000009","42.80622549601996","true","60.646","18.114000000000004","50","42.3","471","500","423","496","468","73","92","290","13","23400","3603","4814","13778","1205","382","18592","46.8","0","50","1000","1997","3.994","80","5.607799159332589","0","47.5","3.5545454545454547","10","700","468"
"628","BA","1000","2","0.1","50","0.1","0.5","1","platform","targeted","70","5","95","95","46.75281142146785","74.71261886948993","74.71261886948993","fixed","1","1","50","2966","28","50","23226950","v2.0-design-v1.0","57.6","51","6.600000000000001","44.23397664998809","true","62.355999999999995","16.668000000000003","50","42.4","510","500","424","495","468","71","113","258","26","23400","3713","4681","13670","1336","371","18351","46.8","0","50","1000","1997","3.994","70","5.057028528448049","0","41.8","3.6121212121212123","10","700","468"
"627","BA","1000","2","0.1","50","0.1","0.5","1","platform","targeted","70","5","95","95","46.75281142146785","74.71261886948993","74.71261886948993","fixed","1","1","50","2966","27","50","23226949","v2.0-design-v1.0","59.699999999999996","50.5","9.199999999999996","42.423515296940614","true","63.282","17.836","50","40.300000000000004","505","500","403","479","468","76","101","268","23","23400","3536","4799","13870","1195","369","18669","46.8","0","50","1000","1997","3.994","105","5.547678860635377","0","43.4","3.595959595959596","10","700","468"
"629","BA","1000","2","0.1","50","0.1","0.5","1","platform","targeted","70","5","95","95","46.75281142146785","74.71261886948993","74.71261886948993","fixed","1","1","50","2966","29","50","23226951","v2.0-design-v1.0","59.1","51","8.100000000000001","43.20795400095832","true","61.963999999999984","16.17","50","40.9","510","500","409","466","468","57","90","297","24","23400","3607","4741","13800","1252","387","18541","46.8","0","50","1000","1997","3.994","105","5.590457692999486","0","44.7","3.5828282828282827","10","700","468"
"630","BA","1000","2","0.1","50","0.1","0.5","1","platform","targeted","70","5","95","95","46.75281142146785","74.71261886948993","74.71261886948993","fixed","1","1","50","2966","30","50","23226952","v2.0-design-v1.0","58.300000000000004","50","8.300000000000004","42.33797698364627","true","63.46800000000001","18.36","50","41.699999999999996","500","500","417","482","468","65","84","292","27","23400","3495","4760","14003","1142","376","18763","46.8","0","50","1000","1997","3.994","94","5.494556775041467","0","43.2","3.597979797979798","10","700","468"
"631","BA","1000","2","0.1","50","0.1","0.5","1","platform","targeted","70","5","95","95","49.278173507925146","86.66157807273487","86.66157807273487","fixed","1","1","50","2967","1","50","23227923","v2.0-design-v1.0","72.19999999999999","49.5","22.69999999999999","51.80621201890614","true","70.93599999999999","30.114","50","27.800000000000004","495","500","278","331","493","53","60","373","7","24650","3069","2855","18260","466","433","21115","49.3","0","50","1000","1997","3.994","71","5.1001937194557545","0","42.5","3.605050505050505","10","700","493"
"632","BA","1000","2","0.1","50","0.1","0.5","1","platform","targeted","70","5","95","95","49.278173507925146","86.66157807273487","86.66157807273487","fixed","1","1","50","2967","2","50","23227924","v2.0-design-v1.0","63.3","49.7","13.599999999999994","54.80105228543243","true","66.46800000000002","24.977999999999998","50","36.7","497","500","367","433","493","66","59","359","9","24650","3333","2749","18039","529","418","20788","49.3","0","50","1000","1997","3.994","115","5.845180076792348","0","48.2","3.5474747474747477","10","700","493"
"633","BA","1000","2","0.1","50","0.1","0.5","1","platform","targeted","70","5","95","95","49.278173507925146","86.66157807273487","86.66157807273487","fixed","1","1","50","2967","3","50","23227925","v2.0-design-v1.0","67.9","50","17.900000000000006","50.6447234475738","true","70.336","28.592000000000013","50","32.1","500","500","321","373","493","52","56","379","6","24650","2985","2909","18288","468","435","21197","49.3","0","50","1000","1997","3.994","76","4.97380163483654","0","40.9","3.621212121212121","10","700","493"
"634","BA","1000","2","0.1","50","0.1","0.5","1","platform","targeted","70","5","95","95","49.278173507925146","86.66157807273487","86.66157807273487","fixed","1","1","50","2967","4","50","23227926","v2.0-design-v1.0","63.5","49.1","14.399999999999999","53.089700996677735","true","66.61399999999998","25.774","50","36.5","491","500","365","432","493","67","55","363","8","24650","3196","2824","18140","490","418","20964","49.3","0","50","1000","1997","3.994","88","5.313021004305568","0","45.8","3.5717171717171716","10","700","493"
"635","BA","1000","2","0.1","50","0.1","0.5","1","platform","targeted","70","5","95","95","49.278173507925146","86.66157807273487","86.66157807273487","fixed","1","1","50","2967","5","50","23227927","v2.0-design-v1.0","65.6","50.6","14.999999999999993","54.30440771349863","true","68.21","27.116000000000003","50","34.4","506","500","344","400","493","56","55","373","9","24650","3154","2654","18350","492","428","21004","49.3","0","50","1000","1997","3.994","85","5.091354032660251","0","42.3","3.607070707070707","10","700","493"
"636","BA","1000","2","0.1","50","0.1","0.5","1","platform","targeted","70","5","95","95","49.278173507925146","86.66157807273487","86.66157807273487","fixed","1","1","50","2967","6","50","23227928","v2.0-design-v1.0","66.9","51","15.900000000000006","52.37371177563778","true","69.83","28.564000000000018","50","33.1","510","500","331","391","493","60","52","370","11","24650","3100","2819","18244","487","422","21063","49.3","0","50","1000","1997","3.994","68","4.862263424127233","0","39.3","3.6373737373737374","10","700","493"
"638","BA","1000","2","0.1","50","0.1","0.5","1","platform","targeted","70","5","95","95","49.278173507925146","86.66157807273487","86.66157807273487","fixed","1","1","50","2967","8","50","23227930","v2.0-design-v1.0","63.9","50.9","13","55.449522852837774","true","67.14","25.113999999999997","50","36.1","509","500","361","415","493","54","67","357","15","24650","3312","2661","18152","525","424","20813","49.3","0","50","1000","1997","3.994","79","5.402328123054823","0","46.1","3.5686868686868687","10","700","493"
"637","BA","1000","2","0.1","50","0.1","0.5","1","platform","targeted","70","5","95","95","49.278173507925146","86.66157807273487","86.66157807273487","fixed","1","1","50","2967","7","50","23227929","v2.0-design-v1.0","64","48.9","15.100000000000001","52.957840359940015","true","67.22200000000001","26.261999999999997","50","36","489","500","360","425","493","65","53","365","10","24650","3178","2823","18145","504","418","20968","49.3","0","50","1000","1997","3.994","95","5.230614048400364","0","41.1","3.6191919191919193","10","700","493"
"640","BA","1000","2","0.1","50","0.1","0.5","1","platform","targeted","70","5","95","95","49.278173507925146","86.66157807273487","86.66157807273487","fixed","1","1","50","2967","10","50","23227932","v2.0-design-v1.0","66.3","51.300000000000004","14.999999999999993","52.791447480061095","true","68.83800000000001","26.973999999999993","50","33.7","513","500","337","396","493","59","52","372","10","24650","3111","2782","18282","475","424","21064","49.3","0","50","1000","1997","3.994","87","5.668164790484836","0","49.3","3.536363636363636","10","700","493"
"639","BA","1000","2","0.1","50","0.1","0.5","1","platform","targeted","70","5","95","95","49.278173507925146","86.66157807273487","86.66157807273487","fixed","1","1","50","2967","9","50","23227931","v2.0-design-v1.0","64","50.1","13.899999999999999","53.850042122999156","true","67.43799999999999","25.250000000000004","50","36","501","500","360","421","493","61","53","365","14","24650","3196","2739","18218","497","418","20957","49.3","0","50","1000","1997","3.994","86","5.120760313291967","0","40.1","3.6292929292929292","10","700","493"
"641","BA","1000","2","0.1","50","0.1","0.5","1","platform","targeted","70","5","95","95","49.278173507925146","86.66157807273487","86.66157807273487","fixed","1","1","50","2967","11","50","23227933","v2.0-design-v1.0","65.4","50.2","15.200000000000003","53.02160702228225","true","67.55599999999998","26.254","50","34.599999999999994","502","500","346","406","493","60","47","376","10","24650","3141","2783","18273","453","423","21056","49.3","0","50","1000","1997","3.994","76","5.143191267726324","0","42.5","3.605050505050505","10","700","493"
"642","BA","1000","2","0.1","50","0.1","0.5","1","platform","targeted","70","5","95","95","49.278173507925146","86.66157807273487","86.66157807273487","fixed","1","1","50","2967","12","50","23227934","v2.0-design-v1.0","67.9","49.4","18.500000000000007","52.967731148637355","true","68.46799999999999","28.069999999999997","50","32.1","494","500","321","371","493","50","59","374","10","24650","3168","2813","18178","491","433","20991","49.3","0","50","1000","1997","3.994","118","5.509838683874715","0","41.7","3.613131313131313","10","700","493"
"643","BA","1000","2","0.1","50","0.1","0.5","1","platform","targeted","70","5","95","95","49.278173507925146","86.66157807273487","86.66157807273487","fixed","1","1","50","2967","13","50","23227935","v2.0-design-v1.0","70.8","49.8","21","50.53489556800815","true","71.686","29.827999999999992","50","29.2","498","500","292","350","493","58","48","377","10","24650","2976","2913","18276","485","425","21189","49.3","0","50","1000","1997","3.994","79","5.5725233976195145","0","48.4","3.5454545454545454","10","700","493"
"644","BA","1000","2","0.1","50","0.1","0.5","1","platform","targeted","70","5","95","95","49.278173507925146","86.66157807273487","86.66157807273487","fixed","1","1","50","2967","14","50","23227936","v2.0-design-v1.0","63.3","49.4","13.899999999999999","53.157271034366005","true","66.562","25.406000000000002","50","36.7","494","500","367","409","493","42","67","372","12","24650","3140","2767","18288","455","439","21055","49.3","0","50","1000","1997","3.994","116","5.8689358838215755","0","46.5","3.5646464646464646","10","700","493"
"645","BA","1000","2","0.1","50","0.1","0.5","1","platform","targeted","70","5","95","95","49.278173507925146","86.66157807273487","86.66157807273487","fixed","1","1","50","2967","15","50","23227937","v2.0-design-v1.0","65.4","50.8","14.600000000000009","53.47386172006745","true","67.898","25.576","50","34.599999999999994","508","500","346","405","493","59","48","376","10","24650","3171","2759","18205","515","424","20964","49.3","0","50","1000","1997","3.994","62","5.023066314035191","0","43.5","3.594949494949495","10","700","493"
"646","BA","1000","2","0.1","50","0.1","0.5","1","platform","targeted","70","5","95","95","49.278173507925146","86.66157807273487","86.66157807273487","fixed","1","1","50","2967","16","50","23227938","v2.0-design-v1.0","65.6","50.1","15.499999999999993","51.6777380344064","true","67.99","26.361999999999995","50","34.4","501","500","344","401","493","57","57","371","8","24650","3034","2837","18290","489","428","21127","49.3","0","50","1000","1997","3.994","77","5.325817151229304","0","44.6","3.583838383838384","10","700","493"
"647","BA","1000","2","0.1","50","0.1","0.5","1","platform","targeted","70","5","95","95","49.278173507925146","86.66157807273487","86.66157807273487","fixed","1","1","50","2967","17","50","23227939","v2.0-design-v1.0","64.9","49","15.900000000000006","54.4623200677392","true","68.03000000000002","27.843999999999998","50","35.099999999999994","490","500","351","417","493","66","59","356","12","24650","3216","2689","18270","475","415","20959","49.3","0","50","1000","1997","3.994","71","5.144748043629771","0","44.2","3.587878787878788","10","700","493"
"648","BA","1000","2","0.1","50","0.1","0.5","1","platform","targeted","70","5","95","95","49.278173507925146","86.66157807273487","86.66157807273487","fixed","1","1","50","2967","18","50","23227940","v2.0-design-v1.0","65.4","49.9","15.500000000000007","52.70247796441044","true","67.918","26.834","50","34.599999999999994","499","500","346","393","493","47","73","364","9","24650","3169","2844","18170","467","437","21014","49.3","0","50","1000","1997","3.994","54","4.634808026816783","0","37","3.6606060606060606","10","700","493"
"650","BA","1000","2","0.1","50","0.1","0.5","1","platform","targeted","70","5","95","95","49.278173507925146","86.66157807273487","86.66157807273487","fixed","1","1","50","2967","20","50","23227942","v2.0-design-v1.0","66.8","50","16.799999999999997","53.04511923142906","true","69.456","27.99400000000001","50","33.2","500","500","332","376","493","44","57","380","12","24650","3092","2737","18387","434","437","21124","49.3","0","50","1000","1997","3.994","98","5.36234265211751","0","43","3.6","10","700","493"
"649","BA","1000","2","0.1","50","0.1","0.5","1","platform","targeted","70","5","95","95","49.278173507925146","86.66157807273487","86.66157807273487","fixed","1","1","50","2967","19","50","23227941","v2.0-design-v1.0","65.8","50.5","15.299999999999997","52.336448598130836","true","68.30600000000001","26.236000000000004","50","34.2","505","500","342","397","493","55","44","385","9","24650","3080","2805","18242","523","429","21047","49.3","0","50","1000","1997","3.994","99","5.418239688433986","0","43.2","3.597979797979798","10","700","493"
"651","BA","1000","2","0.1","50","0.1","0.5","1","platform","targeted","70","5","95","95","49.278173507925146","86.66157807273487","86.66157807273487","fixed","1","1","50","2967","21","50","23227943","v2.0-design-v1.0","89.8","54.6","35.199999999999996","42.57180901654936","true","81.73800000000001","38.72","50","10.2","546","500","102","128","493","26","62","404","1","24650","2238","3019","19062","331","466","22081","49.3","0","50","1000","1997","3.994","72","5.634688430935079","0","48.3","3.5464646464646465","10","700","493"
"652","BA","1000","2","0.1","50","0.1","0.5","1","platform","targeted","70","5","95","95","49.278173507925146","86.66157807273487","86.66157807273487","fixed","1","1","50","2967","22","50","23227944","v2.0-design-v1.0","65","51","14","53.04303967720242","true","68.236","26.438","50","35","510","500","350","412","493","62","57","366","8","24650","3155","2793","18212","490","423","21005","49.3","0","50","1000","1997","3.994","97","5.495285448651604","0","45.8","3.5717171717171716","10","700","493"
"653","BA","1000","2","0.1","50","0.1","0.5","1","platform","targeted","70","5","95","95","49.278173507925146","86.66157807273487","86.66157807273487","fixed","1","1","50","2967","23","50","23227945","v2.0-design-v1.0","63.800000000000004","49.2","14.600000000000001","53.61680501439946","true","66.85000000000001","26.304000000000002","50","36.199999999999996","492","500","362","445","493","83","57","347","6","24650","3165","2738","18246","501","404","20984","49.3","0","50","1000","1997","3.994","107","5.7340075726181885","0","46.2","3.5676767676767676","10","700","493"
"654","BA","1000","2","0.1","50","0.1","0.5","1","platform","targeted","70","5","95","95","49.278173507925146","86.66157807273487","86.66157807273487","fixed","1","1","50","2967","24","50","23227946","v2.0-design-v1.0","64.80000000000001","49","15.800000000000011","52.13310580204779","true","67.388","26.558000000000003","50","35.199999999999996","490","500","352","406","493","54","60","371","8","24650","3055","2805","18298","492","431","21103","49.3","0","50","1000","1997","3.994","80","5.302837361647441","0","44.5","3.584848484848485","10","700","493"
"655","BA","1000","2","0.1","50","0.1","0.5","1","platform","targeted","70","5","95","95","49.278173507925146","86.66157807273487","86.66157807273487","fixed","1","1","50","2967","25","50","23227947","v2.0-design-v1.0","69.1","49.6","19.499999999999993","52.01483729556568","true","69.97400000000002","28.46800000000001","50","30.9","496","500","309","373","493","64","53","368","8","24650","3085","2846","18240","479","421","21086","49.3","0","50","1000","1997","3.994","56","4.918348722300408","0","40.7","3.6232323232323234","10","700","493"
"656","BA","1000","2","0.1","50","0.1","0.5","1","platform","targeted","70","5","95","95","49.278173507925146","86.66157807273487","86.66157807273487","fixed","1","1","50","2967","26","50","23227948","v2.0-design-v1.0","64.2","49.5","14.700000000000003","53.30447810887298","true","66.98","26.213999999999995","50","35.8","495","500","358","416","493","58","56","372","7","24650","3202","2805","18084","559","428","20889","49.3","0","50","1000","1997","3.994","115","5.768816450819285","0","44.9","3.580808080808081","10","700","493"
"657","BA","1000","2","0.1","50","0.1","0.5","1","platform","targeted","70","5","95","95","49.278173507925146","86.66157807273487","86.66157807273487","fixed","1","1","50","2967","27","50","23227949","v2.0-design-v1.0","76.3","50.8","25.5","50.31869688385269","true","73.87400000000001","32.37800000000001","50","23.7","508","500","237","302","493","65","55","368","5","24650","2842","2806","18563","439","423","21369","49.3","0","50","1000","1997","3.994","59","4.847624517582131","0","40.7","3.6232323232323234","10","700","493"
"658","BA","1000","2","0.1","50","0.1","0.5","1","platform","targeted","70","5","95","95","49.278173507925146","86.66157807273487","86.66157807273487","fixed","1","1","50","2967","28","50","23227950","v2.0-design-v1.0","63.9","50.1","13.799999999999997","52.51231527093596","true","67.02999999999999","25.548","50","36.1","501","500","361","424","493","63","62","358","10","24650","3198","2892","18045","515","420","20937","49.3","0","50","1000","1997","3.994","74","5.521997506016855","0","48","3.5494949494949495","10","700","493"
"659","BA","1000","2","0.1","50","0.1","0.5","1","platform","targeted","70","5","95","95","49.278173507925146","86.66157807273487","86.66157807273487","fixed","1","1","50","2967","29","50","23227951","v2.0-design-v1.0","64.80000000000001","49.4","15.400000000000013","53.47082494969819","true","66.902","25.822000000000003","50","35.199999999999996","494","500","352","408","493","56","71","357","9","24650","3189","2775","18170","516","428","20945","49.3","0","50","1000","1997","3.994","101","5.786834320373393","0","49","3.5393939393939395","10","700","493"
"660","BA","1000","2","0.1","50","0.1","0.5","1","platform","targeted","70","5","95","95","49.278173507925146","86.66157807273487","86.66157807273487","fixed","1","1","50","2967","30","50","23227952","v2.0-design-v1.0","66.1","49.2","16.89999999999999","53.6770921386306","true","67.622","26.644000000000002","50","33.900000000000006","492","500","339","396","493","57","57","370","9","24650","3175","2740","18213","522","427","20953","49.3","0","50","1000","1997","3.994","95","5.464414316633003","0","43","3.6","10","700","493"
"661","BA","1000","2","0.1","50","0.1","0.5","1","platform","targeted","70","5","95","95","22.279546261746127","95.49728353842795","95.49728353842795","fixed","1","1","50","2968","1","50","23228923","v2.0-design-v1.0","39.6","16.7","22.900000000000002","91.84670781893004","true","45.286","35.28399999999999","50","60.4","167","500","604","679","223","75","8","137","3","11150","3571","317","7083","179","145","7400","22.3","0","50","1000","1997","3.994","62","4.882807164511585","0","40.2","3.628282828282828","10","700","223"
"662","BA","1000","2","0.1","50","0.1","0.5","1","platform","targeted","70","5","95","95","22.279546261746127","95.49728353842795","95.49728353842795","fixed","1","1","50","2968","2","50","23228924","v2.0-design-v1.0","41.400000000000006","17.9","23.500000000000007","90.94693028095733","true","47.123999999999995","35.80600000000001","50","58.599999999999994","179","500","586","661","223","75","7","138","3","11150","3496","348","7135","171","145","7483","22.3","0","50","1000","1997","3.994","89","5.448270151859904","0","46.3","3.566666666666667","10","700","223"
"663","BA","1000","2","0.1","50","0.1","0.5","1","platform","targeted","70","5","95","95","22.279546261746127","95.49728353842795","95.49728353842795","fixed","1","1","50","2968","3","50","23228925","v2.0-design-v1.0","43.400000000000006","17.7","25.700000000000006","90.7862739800054","true","48.438","37.57800000000001","50","56.599999999999994","177","500","566","628","223","62","6","151","4","11150","3360","341","7291","158","157","7632","22.3","0","50","1000","1997","3.994","94","5.488723903612748","0","44.4","3.585858585858586","10","700","223"
"664","BA","1000","2","0.1","50","0.1","0.5","1","platform","targeted","70","5","95","95","22.279546261746127","95.49728353842795","95.49728353842795","fixed","1","1","50","2968","4","50","23228926","v2.0-design-v1.0","39","17","22","92.1994884910486","true","44.14400000000003","33.63600000000002","50","61","170","500","610","678","223","68","3","147","5","11150","3605","305","7064","176","150","7369","22.3","0","50","1000","1997","3.994","70","4.980438612087159","0","40.7","3.6232323232323234","10","700","223"
"665","BA","1000","2","0.1","50","0.1","0.5","1","platform","targeted","70","5","95","95","22.279546261746127","95.49728353842795","95.49728353842795","fixed","1","1","50","2968","5","50","23228927","v2.0-design-v1.0","40.2","16.3","23.900000000000002","91.85710533228264","true","45.146","34.61600000000001","50","59.8","163","500","598","678","223","80","5","136","2","11150","3497","310","7169","174","141","7479","22.3","0","50","1000","1997","3.994","91","5.341394433525236","0","44.2","3.587878787878788","10","700","223"
"666","BA","1000","2","0.1","50","0.1","0.5","1","platform","targeted","70","5","95","95","22.279546261746127","95.49728353842795","95.49728353842795","fixed","1","1","50","2968","6","50","23228928","v2.0-design-v1.0","39.4","17.5","21.9","91.06706489275047","true","44.364000000000004","33.394","50","60.6","175","500","606","685","223","79","4","138","2","11150","3354","329","7305","162","142","7634","22.3","0","50","1000","1997","3.994","73","5.148249068223915","0","44","3.5898989898989897","10","700","223"
"667","BA","1000","2","0.1","50","0.1","0.5","1","platform","targeted","70","5","95","95","22.279546261746127","95.49728353842795","95.49728353842795","fixed","1","1","50","2968","7","50","23228929","v2.0-design-v1.0","41.7","16.7","25.000000000000004","90.67820262349986","true","46.205999999999996","35.62","50","58.3","167","500","583","643","223","60","5","155","3","11150","3249","334","7434","133","160","7768","22.3","0","50","1000","1997","3.994","94","5.560295035416807","0","47.6","3.5535353535353535","10","700","223"
"668","BA","1000","2","0.1","50","0.1","0.5","1","platform","targeted","70","5","95","95","22.279546261746127","95.49728353842795","95.49728353842795","fixed","1","1","50","2968","8","50","23228930","v2.0-design-v1.0","43.300000000000004","19","24.300000000000004","90.67665289256198","true","47.824","35.995999999999974","50","56.699999999999996","190","500","567","646","223","79","11","126","7","11150","3511","361","7109","169","137","7470","22.3","0","50","1000","1997","3.994","73","4.901018667989737","0","40.4","3.6262626262626263","10","700","223"
"669","BA","1000","2","0.1","50","0.1","0.5","1","platform","targeted","70","5","95","95","22.279546261746127","95.49728353842795","95.49728353842795","fixed","1","1","50","2968","9","50","23228931","v2.0-design-v1.0","39.6","16.900000000000002","22.7","91.6407867494824","true","45.96999999999999","35.364000000000004","50","60.4","169","500","604","681","223","77","6","135","5","11150","3541","323","7107","179","141","7430","22.3","0","50","1000","1997","3.994","68","4.959491965973982","0","40.8","3.6222222222222222","10","700","223"
"670","BA","1000","2","0.1","50","0.1","0.5","1","platform","targeted","70","5","95","95","22.279546261746127","95.49728353842795","95.49728353842795","fixed","1","1","50","2968","10","50","23228932","v2.0-design-v1.0","39.5","17.1","22.4","91.47609147609148","true","44.77","34.318000000000005","50","60.5","171","500","605","688","223","83","5","131","4","11150","3520","328","7125","177","136","7453","22.3","0","50","1000","1997","3.994","71","4.983854211632067","0","42.6","3.604040404040404","10","700","223"
"672","BA","1000","2","0.1","50","0.1","0.5","1","platform","targeted","70","5","95","95","22.279546261746127","95.49728353842795","95.49728353842795","fixed","1","1","50","2968","12","50","23228934","v2.0-design-v1.0","39.800000000000004","17","22.800000000000004","91.10589462702139","true","45.508","34.522","50","60.199999999999996","170","500","602","673","223","71","4","145","3","11150","3493","341","7167","149","149","7508","22.3","0","50","1000","1997","3.994","98","5.461115983733335","0","44","3.5898989898989897","10","700","223"
"671","BA","1000","2","0.1","50","0.1","0.5","1","platform","targeted","70","5","95","95","22.279546261746127","95.49728353842795","95.49728353842795","fixed","1","1","50","2968","11","50","23228933","v2.0-design-v1.0","35.8","16.400000000000002","19.399999999999995","92.18064516129031","true","42.12200000000001","31.281999999999996","50","64.2","164","500","642","718","223","76","7","134","6","11150","3572","303","7125","150","141","7428","22.3","0","50","1000","1997","3.994","115","5.345328477889498","0","41.2","3.618181818181818","10","700","223"
"673","BA","1000","2","0.1","50","0.1","0.5","1","platform","targeted","70","5","95","95","22.279546261746127","95.49728353842795","95.49728353842795","fixed","1","1","50","2968","13","50","23228935","v2.0-design-v1.0","41","17.8","23.2","91.34107708553326","true","45.558","34.062","50","59","178","500","590","676","223","86","2","132","3","11150","3460","328","7224","138","134","7552","22.3","0","50","1000","1997","3.994","93","5.339707527241207","0","42.5","3.605050505050505","10","700","223"
"674","BA","1000","2","0.1","50","0.1","0.5","1","platform","targeted","70","5","95","95","22.279546261746127","95.49728353842795","95.49728353842795","fixed","1","1","50","2968","14","50","23228936","v2.0-design-v1.0","43.00000000000001","16.2","26.800000000000008","91.34667387777176","true","47.32799999999998","37.07999999999999","50","56.99999999999999","162","500","570","645","223","75","4","141","3","11150","3378","320","7299","153","145","7619","22.3","0","50","1000","1997","3.994","86","5.417870182767137","0","46","3.56969696969697","10","700","223"
"675","BA","1000","2","0.1","50","0.1","0.5","1","platform","targeted","70","5","95","95","22.279546261746127","95.49728353842795","95.49728353842795","fixed","1","1","50","2968","15","50","23228937","v2.0-design-v1.0","38.1","16.8","21.3","91.2174599000789","true","44.224","33.89599999999999","50","61.9","168","500","619","701","223","82","12","128","1","11150","3469","334","7172","175","140","7506","22.3","0","50","1000","1997","3.994","76","5.274256514598211","0","43.8","3.591919191919192","10","700","223"
"676","BA","1000","2","0.1","50","0.1","0.5","1","platform","targeted","70","5","95","95","22.279546261746127","95.49728353842795","95.49728353842795","fixed","1","1","50","2968","16","50","23228938","v2.0-design-v1.0","40.400000000000006","17","23.400000000000006","90.894901144641","true","45.94800000000002","35.394000000000005","50","59.599999999999994","170","500","596","666","223","70","8","140","5","11150","3494","350","7151","155","148","7501","22.3","0","50","1000","1997","3.994","67","5.001497673595271","0","43","3.6","10","700","223"
"677","BA","1000","2","0.1","50","0.1","0.5","1","platform","targeted","70","5","95","95","22.279546261746127","95.49728353842795","95.49728353842795","fixed","1","1","50","2968","17","50","23228939","v2.0-design-v1.0","42.50000000000001","18.4","24.10000000000001","90.91891891891892","true","48.12400000000002","36.641999999999996","50","57.49999999999999","184","500","575","639","223","64","7","144","8","11150","3364","336","7282","168","151","7618","22.3","0","50","1000","1997","3.994","70","5.279188747699193","0","44.5","3.584848484848485","10","700","223"
"678","BA","1000","2","0.1","50","0.1","0.5","1","platform","targeted","70","5","95","95","22.279546261746127","95.49728353842795","95.49728353842795","fixed","1","1","50","2968","18","50","23228940","v2.0-design-v1.0","41.1","17.5","23.6","90.93104373490743","true","47.10799999999999","36.212","50","58.9","175","500","589","665","223","76","7","138","2","11150","3389","338","7284","139","145","7622","22.3","0","50","1000","1997","3.994","70","5.602798885856537","0","49.2","3.5373737373737373","10","700","223"
"679","BA","1000","2","0.1","50","0.1","0.5","1","platform","targeted","70","5","95","95","22.279546261746127","95.49728353842795","95.49728353842795","fixed","1","1","50","2968","19","50","23228941","v2.0-design-v1.0","41.300000000000004","17","24.300000000000004","91.73856209150327","true","46.133999999999986","35.43599999999999","50","58.699999999999996","170","500","587","670","223","83","10","128","2","11150","3509","316","7158","167","138","7474","22.3","0","50","1000","1997","3.994","77","5.159319972882327","0","41.5","3.6151515151515152","10","700","223"
"680","BA","1000","2","0.1","50","0.1","0.5","1","platform","targeted","70","5","95","95","22.279546261746127","95.49728353842795","95.49728353842795","fixed","1","1","50","2968","20","50","23228942","v2.0-design-v1.0","42.00000000000001","17.9","24.10000000000001","90.73069971598244","true","46.45800000000001","35.226000000000006","50","57.99999999999999","179","500","580","647","223","67","9","143","4","11150","3514","359","7107","170","152","7466","22.3","0","50","1000","1997","3.994","111","5.4486375959180435","0","43.1","3.598989898989899","10","700","223"
"682","BA","1000","2","0.1","50","0.1","0.5","1","platform","targeted","70","5","95","95","22.279546261746127","95.49728353842795","95.49728353842795","fixed","1","1","50","2968","22","50","23228944","v2.0-design-v1.0","42.50000000000001","17.299999999999997","25.20000000000001","91.30434782608695","true","47.693999999999996","36.58599999999999","50","57.49999999999999","173","500","575","644","223","69","6","145","3","11150","3507","334","7135","174","151","7469","22.3","0","50","1000","1997","3.994","73","5.014889142654406","0","40.3","3.6272727272727274","10","700","223"
"681","BA","1000","2","0.1","50","0.1","0.5","1","platform","targeted","70","5","95","95","22.279546261746127","95.49728353842795","95.49728353842795","fixed","1","1","50","2968","21","50","23228943","v2.0-design-v1.0","41.300000000000004","18.4","22.900000000000006","91.28038085692809","true","45.78","34.046","50","58.699999999999996","184","500","587","672","223","85","7","128","3","11150","3643","348","6989","170","135","7337","22.3","0","50","1000","1997","3.994","64","5.204522173173149","0","43.7","3.592929292929293","10","700","223"
"684","BA","1000","2","0.1","50","0.1","0.5","1","platform","targeted","70","5","95","95","22.279546261746127","95.49728353842795","95.49728353842795","fixed","1","1","50","2968","24","50","23228946","v2.0-design-v1.0","41.1","17.7","23.400000000000002","90.70318672636292","true","46.472","34.784000000000006","50","58.9","177","500","589","654","223","65","11","146","1","11150","3444","353","7173","180","157","7526","22.3","0","50","1000","1997","3.994","129","5.976929620439581","0","48.5","3.5444444444444443","10","700","223"
"683","BA","1000","2","0.1","50","0.1","0.5","1","platform","targeted","70","5","95","95","22.279546261746127","95.49728353842795","95.49728353842795","fixed","1","1","50","2968","23","50","23228945","v2.0-design-v1.0","41.1","17.2","23.900000000000002","91.10366168127901","true","45.63","34.27600000000001","50","58.9","172","500","589","675","223","86","6","128","3","11150","3533","345","7098","174","134","7443","22.3","0","50","1000","1997","3.994","82","5.109018111737908","0","43.3","3.596969696969697","10","700","223"
"685","BA","1000","2","0.1","50","0.1","0.5","1","platform","targeted","70","5","95","95","22.279546261746127","95.49728353842795","95.49728353842795","fixed","1","1","50","2968","25","50","23228947","v2.0-design-v1.0","42.800000000000004","18.4","24.400000000000006","90.62918340026773","true","47.846000000000004","35.897999999999996","50","57.199999999999996","184","500","572","645","223","73","8","140","2","11150","3385","350","7246","169","148","7596","22.3","0","50","1000","1997","3.994","67","5.08151412334805","0","42.8","3.602020202020202","10","700","223"
"686","BA","1000","2","0.1","50","0.1","0.5","1","platform","targeted","70","5","95","95","22.279546261746127","95.49728353842795","95.49728353842795","fixed","1","1","50","2968","26","50","23228948","v2.0-design-v1.0","41","17.7","23.3","90.8458244111349","true","46.08400000000002","34.870000000000005","50","59","177","500","590","656","223","66","6","146","5","11150","3394","342","7251","163","152","7593","22.3","0","50","1000","1997","3.994","102","5.982453823787866","0","51.7","3.512121212121212","10","700","223"
"687","BA","1000","2","0.1","50","0.1","0.5","1","platform","targeted","70","5","95","95","22.279546261746127","95.49728353842795","95.49728353842795","fixed","1","1","50","2968","27","50","23228949","v2.0-design-v1.0","38.9","17.7","21.2","90.56850930049777","true","44.02000000000001","32.31","50","61.1","177","500","611","682","223","71","5","144","3","11150","3457","360","7162","171","149","7522","22.3","0","50","1000","1997","3.994","65","5.125449661662295","0","43.5","3.594949494949495","10","700","223"
"688","BA","1000","2","0.1","50","0.1","0.5","1","platform","targeted","70","5","95","95","22.279546261746127","95.49728353842795","95.49728353842795","fixed","1","1","50","2968","28","50","23228950","v2.0-design-v1.0","39","18","21","91.01623886851755","true","45.53","33.902","50","61","180","500","610","679","223","69","5","146","3","11150","3475","343","7179","153","151","7522","22.3","0","50","1000","1997","3.994","85","5.389899351102475","0","45.7","3.5727272727272728","10","700","223"
"689","BA","1000","2","0.1","50","0.1","0.5","1","platform","targeted","70","5","95","95","22.279546261746127","95.49728353842795","95.49728353842795","fixed","1","1","50","2968","29","50","23228951","v2.0-design-v1.0","39.900000000000006","18.4","21.500000000000007","91.41597510373444","true","44.977999999999994","33.660000000000004","50","60.099999999999994","184","500","601","670","223","69","11","140","3","11150","3525","331","7145","149","151","7476","22.3","0","50","1000","1997","3.994","66","5.077572820329183","0","42.4","3.606060606060606","10","700","223"
"690","BA","1000","2","0.1","50","0.1","0.5","1","platform","targeted","70","5","95","95","22.279546261746127","95.49728353842795","95.49728353842795","fixed","1","1","50","2968","30","50","23228952","v2.0-design-v1.0","37","17.2","19.8","91.42200663773295","true","42.65200000000001","31.572","50","63","172","500","630","705","223","75","6","141","1","11150","3581","336","7071","162","147","7407","22.3","0","50","1000","1997","3.994","55","4.822366557948401","0","39.4","3.6363636363636362","10","700","223"
"691","BA","1000","2","0.1","50","0.1","0.5","1","platform","targeted","70","5","95","95","44.356457515162965","71.82702576566341","71.82702576566341","fixed","1","1","50","2969","1","50","23229923","v2.0-design-v1.0","56.1","50","6.100000000000001","42.897327707454295","true","61.61399999999999","17.124000000000002","50","43.9","500","500","439","513","444","74","89","247","34","22200","3660","4872","12300","1368","336","17172","44.4","0","50","1000","1997","3.994","67","5.0952846756511905","0","43","3.6","10","700","444"
"692","BA","1000","2","0.1","50","0.1","0.5","1","platform","targeted","70","5","95","95","44.356457515162965","71.82702576566341","71.82702576566341","fixed","1","1","50","2969","2","50","23229924","v2.0-design-v1.0","57.9","51.1","6.799999999999997","42.167394640538305","true","62.544","16.985999999999994","50","42.1","511","500","421","484","444","63","101","252","28","22200","3572","4899","12398","1331","353","17297","44.4","0","50","1000","1997","3.994","73","5.14455347240461","0","43.4","3.595959595959596","10","700","444"
"693","BA","1000","2","0.1","50","0.1","0.5","1","platform","targeted","70","5","95","95","44.356457515162965","71.82702576566341","71.82702576566341","fixed","1","1","50","2969","3","50","23229925","v2.0-design-v1.0","53.599999999999994","49.3","4.299999999999997","44.54832301040084","true","59.23600000000001","15.281999999999998","50","46.400000000000006","493","500","464","548","444","84","85","240","35","22200","3812","4745","12133","1510","325","16878","44.4","0","50","1000","1997","3.994","67","5.449739779444848","0","45.6","3.573737373737374","10","700","444"
"694","BA","1000","2","0.1","50","0.1","0.5","1","platform","targeted","70","5","95","95","44.356457515162965","71.82702576566341","71.82702576566341","fixed","1","1","50","2969","4","50","23229926","v2.0-design-v1.0","56.3","50.9","5.399999999999999","43.79579020816374","true","59.926","14.082","50","43.7","509","500","437","513","444","76","95","241","32","22200","3766","4833","12133","1468","336","16966","44.4","0","50","1000","1997","3.994","88","5.388970681401498","0","43.4","3.595959595959596","10","700","444"
"695","BA","1000","2","0.1","50","0.1","0.5","1","platform","targeted","70","5","95","95","44.356457515162965","71.82702576566341","71.82702576566341","fixed","1","1","50","2969","5","50","23229927","v2.0-design-v1.0","56.8","50.5","6.299999999999997","44.514367133697455","true","60.232000000000006","15.355999999999995","50","43.2","505","500","432","529","444","97","78","245","24","22200","3749","4673","12258","1520","323","16931","44.4","0","50","1000","1997","3.994","127","6.0397386071288555","0","47.9","3.5505050505050506","10","700","444"
"696","BA","1000","2","0.1","50","0.1","0.5","1","platform","targeted","70","5","95","95","44.356457515162965","71.82702576566341","71.82702576566341","fixed","1","1","50","2969","6","50","23229928","v2.0-design-v1.0","55.9","50.2","5.699999999999996","42.303186504217436","true","60.38200000000003","15.085999999999999","50","44.1","502","500","441","505","444","64","92","259","29","22200","3611","4925","12266","1398","351","17191","44.4","0","50","1000","1997","3.994","71","5.100389982930509","0","42.4","3.606060606060606","10","700","444"
"697","BA","1000","2","0.1","50","0.1","0.5","1","platform","targeted","70","5","95","95","44.356457515162965","71.82702576566341","71.82702576566341","fixed","1","1","50","2969","7","50","23229929","v2.0-design-v1.0","53.9","48.4","5.5","43.519813519813525","true","59.304","15.581999999999999","50","46.1","484","500","461","550","444","89","110","214","31","22200","3734","4846","12146","1474","324","16992","44.4","0","50","1000","1997","3.994","85","5.396581055361535","0","44.1","3.588888888888889","10","700","444"
"698","BA","1000","2","0.1","50","0.1","0.5","1","platform","targeted","70","5","95","95","44.356457515162965","71.82702576566341","71.82702576566341","fixed","1","1","50","2969","8","50","23229930","v2.0-design-v1.0","55.6","50.8","4.800000000000004","43.1476883055457","true","62.22000000000002","16.91800000000001","50","44.4","508","500","444","530","444","86","93","225","40","22200","3649","4808","12318","1425","318","17126","44.4","0","50","1000","1997","3.994","76","5.0395794825919","0","41.7","3.613131313131313","10","700","444"
"699","BA","1000","2","0.1","50","0.1","0.5","1","platform","targeted","70","5","95","95","44.356457515162965","71.82702576566341","71.82702576566341","fixed","1","1","50","2969","9","50","23229931","v2.0-design-v1.0","57.4","49.3","8.100000000000001","42.58582045534977","true","61.51999999999999","17.562","50","42.6","493","500","426","498","444","72","97","253","22","22200","3610","4867","12385","1338","350","17252","44.4","0","50","1000","1997","3.994","87","5.457448831436506","0","46.5","3.5646464646464646","10","700","444"
"700","BA","1000","2","0.1","50","0.1","0.5","1","platform","targeted","70","5","95","95","44.356457515162965","71.82702576566341","71.82702576566341","fixed","1","1","50","2969","10","50","23229932","v2.0-design-v1.0","57.5","49.9","7.600000000000001","43.920918669350065","true","61.934","17.502","50","42.5","499","500","425","497","444","72","111","237","24","22200","3710","4737","12339","1414","348","17076","44.4","0","50","1000","1997","3.994","81","5.0176828458105085","0","40.9","3.621212121212121","10","700","444"
"702","BA","1000","2","0.1","50","0.1","0.5","1","platform","targeted","70","5","95","95","44.356457515162965","71.82702576566341","71.82702576566341","fixed","1","1","50","2969","12","50","23229934","v2.0-design-v1.0","58.800000000000004","52.900000000000006","5.899999999999999","43.42121102684483","true","63.644000000000005","16.724","50","41.199999999999996","529","500","412","478","444","66","86","259","33","22200","3607","4700","12404","1489","345","17104","44.4","0","50","1000","1997","3.994","56","4.4226150096434385","0","35.7","3.6737373737373735","10","700","444"
"701","BA","1000","2","0.1","50","0.1","0.5","1","platform","targeted","70","5","95","95","44.356457515162965","71.82702576566341","71.82702576566341","fixed","1","1","50","2969","11","50","23229933","v2.0-design-v1.0","55.9","49.2","6.699999999999996","42.867298578199055","true","60.584","16.456000000000003","50","44.1","492","500","441","514","444","73","103","239","29","22200","3618","4822","12210","1550","342","17032","44.4","0","50","1000","1997","3.994","75","5.044939584912324","0","41.3","3.617171717171717","10","700","444"
"704","BA","1000","2","0.1","50","0.1","0.5","1","platform","targeted","70","5","95","95","44.356457515162965","71.82702576566341","71.82702576566341","fixed","1","1","50","2969","14","50","23229936","v2.0-design-v1.0","54.8","50.6","4.199999999999996","44.98427123383432","true","59.232000000000006","13.907999999999998","50","45.2","506","500","452","509","444","57","112","247","28","22200","3861","4722","12068","1549","359","16790","44.4","0","50","1000","1997","3.994","88","5.725097443776887","0","49.7","3.5323232323232325","10","700","444"
"703","BA","1000","2","0.1","50","0.1","0.5","1","platform","targeted","70","5","95","95","44.356457515162965","71.82702576566341","71.82702576566341","fixed","1","1","50","2969","13","50","23229935","v2.0-design-v1.0","56.9","50.1","6.799999999999997","43.674804345286766","true","61.03800000000002","16.183999999999997","50","43.1","501","500","431","493","444","62","106","248","28","22200","3739","4822","12261","1378","354","17083","44.4","0","50","1000","1997","3.994","78","4.636751391164222","0","35.5","3.675757575757576","10","700","444"
"705","BA","1000","2","0.1","50","0.1","0.5","1","platform","targeted","70","5","95","95","44.356457515162965","71.82702576566341","71.82702576566341","fixed","1","1","50","2969","15","50","23229937","v2.0-design-v1.0","56.9","50.7","6.199999999999996","42.68506607414337","true","61.337999999999965","15.958","50","43.1","507","500","431","510","444","79","103","237","25","22200","3650","4901","12257","1392","340","17158","44.4","0","50","1000","1997","3.994","62","5.041366816586474","0","42.3","3.607070707070707","10","700","444"
"706","BA","1000","2","0.1","50","0.1","0.5","1","platform","targeted","70","5","95","95","44.356457515162965","71.82702576566341","71.82702576566341","fixed","1","1","50","2969","16","50","23229938","v2.0-design-v1.0","54.6","48.699999999999996","5.900000000000006","43.780044553875015","true","60.04999999999999","16.161999999999995","50","45.4","487","500","454","519","444","65","92","252","35","22200","3734","4795","12169","1502","344","16964","44.4","0","50","1000","1997","3.994","56","4.530396063092984","0","36.1","3.66969696969697","10","700","444"
"707","BA","1000","2","0.1","50","0.1","0.5","1","platform","targeted","70","5","95","95","44.356457515162965","71.82702576566341","71.82702576566341","fixed","1","1","50","2969","17","50","23229939","v2.0-design-v1.0","55.1","48.9","6.200000000000003","43.04317221961521","true","61.001999999999995","17.205999999999992","50","44.9","489","500","449","520","444","71","91","245","37","22200","3669","4855","12219","1457","336","17074","44.4","0","50","1000","1997","3.994","98","5.335956937273422","0","42.2","3.608080808080808","10","700","444"
"708","BA","1000","2","0.1","50","0.1","0.5","1","platform","targeted","70","5","95","95","44.356457515162965","71.82702576566341","71.82702576566341","fixed","1","1","50","2969","18","50","23229940","v2.0-design-v1.0","55.5","50.2","5.299999999999997","43.69560103505057","true","60.662000000000006","15.319999999999999","50","44.5","502","500","445","525","444","80","88","249","27","22200","3715","4787","12259","1439","337","17046","44.4","0","50","1000","1997","3.994","118","5.724922596746498","0","46.1","3.5686868686868687","10","700","444"
"709","BA","1000","2","0.1","50","0.1","0.5","1","platform","targeted","70","5","95","95","44.356457515162965","71.82702576566341","71.82702576566341","fixed","1","1","50","2969","19","50","23229941","v2.0-design-v1.0","57.1","49.6","7.5","42.43965925224799","true","61.763999999999996","17.165999999999997","50","42.9","496","500","429","502","444","73","100","246","25","22200","3587","4865","12370","1378","346","17235","44.4","0","50","1000","1997","3.994","77","5.26627930304666","0","43.9","3.590909090909091","10","700","444"
"710","BA","1000","2","0.1","50","0.1","0.5","1","platform","targeted","70","5","95","95","44.356457515162965","71.82702576566341","71.82702576566341","fixed","1","1","50","2969","20","50","23229942","v2.0-design-v1.0","55.9","49.5","6.399999999999999","42.964107439980985","true","61.41200000000001","17.102","50","44.1","495","500","441","525","444","84","94","235","31","22200","3615","4799","12385","1401","329","17184","44.4","0","50","1000","1997","3.994","86","5.22544440878182","0","43.8","3.591919191919192","10","700","444"
"711","BA","1000","2","0.1","50","0.1","0.5","1","platform","targeted","70","5","95","95","44.356457515162965","71.82702576566341","71.82702576566341","fixed","1","1","50","2969","21","50","23229943","v2.0-design-v1.0","54.5","48.9","5.600000000000001","43.07638646668992","true","60.01399999999999","15.926000000000004","50","45.5","489","500","455","527","444","72","90","254","28","22200","3705","4896","12195","1404","344","17091","44.4","0","50","1000","1997","3.994","73","5.241510988010742","0","44.9","3.580808080808081","10","700","444"
"712","BA","1000","2","0.1","50","0.1","0.5","1","platform","targeted","70","5","95","95","44.356457515162965","71.82702576566341","71.82702576566341","fixed","1","1","50","2969","22","50","23229944","v2.0-design-v1.0","54.5","47.8","6.700000000000003","42.977923907938","true","59.602000000000004","16.435999999999996","50","45.5","478","500","455","530","444","75","90","245","34","22200","3660","4856","12241","1443","335","17097","44.4","0","50","1000","1997","3.994","96","5.585262675931997","0","46.8","3.5616161616161617","10","700","444"
"713","BA","1000","2","0.1","50","0.1","0.5","1","platform","targeted","70","5","95","95","44.356457515162965","71.82702576566341","71.82702576566341","fixed","1","1","50","2969","23","50","23229945","v2.0-design-v1.0","55.3","49.6","5.699999999999996","44.44185504544395","true","59.93600000000001","15.926000000000004","50","44.7","496","500","447","512","444","65","114","238","27","22200","3814","4768","12077","1541","352","16845","44.4","0","50","1000","1997","3.994","71","5.161647663935089","0","44.8","3.581818181818182","10","700","444"
"714","BA","1000","2","0.1","50","0.1","0.5","1","platform","targeted","70","5","95","95","44.356457515162965","71.82702576566341","71.82702576566341","fixed","1","1","50","2969","24","50","23229946","v2.0-design-v1.0","56.6","50.8","5.800000000000004","42.87555659714084","true","61.675999999999995","16.043999999999997","50","43.4","508","500","434","505","444","71","92","248","33","22200","3659","4875","12254","1412","340","17129","44.4","0","50","1000","1997","3.994","79","5.080726107337192","0","43.2","3.597979797979798","10","700","444"
"715","BA","1000","2","0.1","50","0.1","0.5","1","platform","targeted","70","5","95","95","44.356457515162965","71.82702576566341","71.82702576566341","fixed","1","1","50","2969","25","50","23229947","v2.0-design-v1.0","55.199999999999996","49.7","5.499999999999993","44.8932487016734","true","58.969999999999985","14.294000000000004","50","44.800000000000004","497","500","448","530","444","82","98","239","25","22200","3890","4775","11890","1645","337","16665","44.4","0","50","1000","1997","3.994","82","5.319799269170236","0","44.1","3.588888888888889","10","700","444"
"716","BA","1000","2","0.1","50","0.1","0.5","1","platform","targeted","70","5","95","95","44.356457515162965","71.82702576566341","71.82702576566341","fixed","1","1","50","2969","26","50","23229948","v2.0-design-v1.0","55.1","49.8","5.300000000000004","44.021865550127934","true","60.28800000000001","15.464000000000006","50","44.9","498","500","449","539","444","90","106","213","35","22200","3785","4813","12078","1524","319","16891","44.4","0","50","1000","1997","3.994","74","5.552548495492381","0","49.3","3.536363636363636","10","700","444"
"717","BA","1000","2","0.1","50","0.1","0.5","1","platform","targeted","70","5","95","95","44.356457515162965","71.82702576566341","71.82702576566341","fixed","1","1","50","2969","27","50","23229949","v2.0-design-v1.0","56.2","50.8","5.400000000000006","44.19290178045042","true","60.49800000000001","15.031999999999996","50","43.8","508","500","438","513","444","75","102","242","25","22200","3748","4733","12246","1473","344","16979","44.4","0","50","1000","1997","3.994","86","5.444962039501422","0","47.1","3.5585858585858587","10","700","444"
"718","BA","1000","2","0.1","50","0.1","0.5","1","platform","targeted","70","5","95","95","44.356457515162965","71.82702576566341","71.82702576566341","fixed","1","1","50","2969","28","50","23229950","v2.0-design-v1.0","54.3","49.1","5.199999999999996","43.50603264726757","true","59.30199999999999","15.452000000000004","50","45.7","491","500","457","533","444","76","98","239","31","22200","3678","4776","12275","1471","337","17051","44.4","0","50","1000","1997","3.994","87","5.263427368898291","0","42.7","3.603030303030303","10","700","444"
"719","BA","1000","2","0.1","50","0.1","0.5","1","platform","targeted","70","5","95","95","44.356457515162965","71.82702576566341","71.82702576566341","fixed","1","1","50","2969","29","50","23229951","v2.0-design-v1.0","57.6","51.7","5.899999999999999","42.29994072317724","true","62.691999999999986","16.97","50","42.4","517","500","424","486","444","62","101","249","32","22200","3568","4867","12365","1400","350","17232","44.4","0","50","1000","1997","3.994","74","5.2742565145982105","0","45.7","3.5727272727272728","10","700","444"
"720","BA","1000","2","0.1","50","0.1","0.5","1","platform","targeted","70","5","95","95","44.356457515162965","71.82702576566341","71.82702576566341","fixed","1","1","50","2969","30","50","23229952","v2.0-design-v1.0","53.9","49.9","4","44.827586206896555","true","59.88000000000002","15.192","50","46.1","499","500","461","529","444","68","93","252","31","22200","3848","4736","12112","1504","345","16848","44.4","0","50","1000","1997","3.994","92","5.6455146652750585","0","46.7","3.562626262626263","10","700","444"
"721","BA","1000","2","0.1","50","0.1","0.5","1","platform","targeted","70","5","95","95","51.59048539032185","77.09676499973898","77.09676499973898","fixed","1","1","50","2970","1","50","23230923","v2.0-design-v1.0","77.7","57.4","20.300000000000004","36.02253809706749","true","75.90199999999999","26.93999999999999","50","22.3","574","500","223","264","516","41","103","351","21","25800","2813","4996","17162","829","454","22158","51.6","0","50","1000","1997","3.994","65","4.971385991720882","0","40.6","3.624242424242424","10","700","516"
"722","BA","1000","2","0.1","50","0.1","0.5","1","platform","targeted","70","5","95","95","51.59048539032185","77.09676499973898","77.09676499973898","fixed","1","1","50","2970","2","50","23230924","v2.0-design-v1.0","66.69999999999999","52.400000000000006","14.299999999999983","38.89095645701526","true","68.97399999999998","22.22599999999999","50","33.300000000000004","524","500","333","391","516","58","96","349","13","25800","3135","4926","16852","887","445","21778","51.6","0","50","1000","1997","3.994","94","5.457815657545763","0","44.8","3.581818181818182","10","700","516"
"723","BA","1000","2","0.1","50","0.1","0.5","1","platform","targeted","70","5","95","95","51.59048539032185","77.09676499973898","77.09676499973898","fixed","1","1","50","2970","3","50","23230925","v2.0-design-v1.0","81.5","57.3","24.200000000000003","36.009639776763066","true","77.392","28.538","50","18.5","573","500","185","226","516","41","117","344","14","25800","2839","5045","17053","863","461","22098","51.6","0","50","1000","1997","3.994","91","5.057622321164702","0","40.8","3.6222222222222222","10","700","516"
"724","BA","1000","2","0.1","50","0.1","0.5","1","platform","targeted","70","5","95","95","51.59048539032185","77.09676499973898","77.09676499973898","fixed","1","1","50","2970","4","50","23230926","v2.0-design-v1.0","77.7","54.50000000000001","23.199999999999996","36.039205830610705","true","74.68999999999998","27.212000000000007","50","22.3","545","500","223","268","516","45","117","341","13","25800","2868","5090","17045","797","458","22135","51.6","0","50","1000","1997","3.994","79","5.327320559563156","0","45.5","3.5747474747474746","10","700","516"
"725","BA","1000","2","0.1","50","0.1","0.5","1","platform","targeted","70","5","95","95","51.59048539032185","77.09676499973898","77.09676499973898","fixed","1","1","50","2970","5","50","23230927","v2.0-design-v1.0","62.1","52","10.100000000000001","41.51585084416373","true","65.54199999999997","18.754","50","37.9","520","500","379","443","516","64","84","348","20","25800","3418","4815","16539","1028","432","21354","51.6","0","50","1000","1997","3.994","55","4.537240411367948","0","37","3.6606060606060606","10","700","516"
"726","BA","1000","2","0.1","50","0.1","0.5","1","platform","targeted","70","5","95","95","51.59048539032185","77.09676499973898","77.09676499973898","fixed","1","1","50","2970","6","50","23230928","v2.0-design-v1.0","83.4","58.9","24.500000000000007","34.275755228505034","true","78.53400000000003","29.74","50","16.6","589","500","166","209","516","43","108","358","7","25800","2655","5091","17282","772","466","22373","51.6","0","50","1000","1997","3.994","89","5.338582626921152","0","44.5","3.584848484848485","10","700","516"
"727","BA","1000","2","0.1","50","0.1","0.5","1","platform","targeted","70","5","95","95","51.59048539032185","77.09676499973898","77.09676499973898","fixed","1","1","50","2970","7","50","23230929","v2.0-design-v1.0","80.4","57.599999999999994","22.80000000000001","35.15267175572519","true","76.17599999999999","27.06","50","19.6","576","500","196","237","516","41","104","360","11","25800","2763","5097","17128","812","464","22225","51.6","0","50","1000","1997","3.994","76","5.210865294470491","0","45.1","3.5787878787878786","10","700","516"
"728","BA","1000","2","0.1","50","0.1","0.5","1","platform","targeted","70","5","95","95","51.59048539032185","77.09676499973898","77.09676499973898","fixed","1","1","50","2970","8","50","23230930","v2.0-design-v1.0","83.6","63.6","19.999999999999993","32.7015415718979","true","80.172","28.56600000000001","50","16.400000000000002","636","500","164","201","516","37","112","354","13","25800","2588","5326","17110","776","466","22436","51.6","0","50","1000","1997","3.994","57","4.767041922270938","0","40.1","3.6292929292929292","10","700","516"
"730","BA","1000","2","0.1","50","0.1","0.5","1","platform","targeted","70","5","95","95","51.59048539032185","77.09676499973898","77.09676499973898","fixed","1","1","50","2970","10","50","23230932","v2.0-design-v1.0","72.19999999999999","53.400000000000006","18.799999999999983","39.51890034364261","true","70.62799999999999","23.658000000000005","50","27.800000000000004","534","500","278","342","516","64","104","336","12","25800","3220","4928","16704","948","440","21632","51.6","0","50","1000","1997","3.994","63","5.26399787933787","0","46.5","3.5646464646464646","10","700","516"
"729","BA","1000","2","0.1","50","0.1","0.5","1","platform","targeted","70","5","95","95","51.59048539032185","77.09676499973898","77.09676499973898","fixed","1","1","50","2970","9","50","23230931","v2.0-design-v1.0","61.199999999999996","51.4","9.799999999999997","41.279342723004696","true","64.32599999999998","17.943999999999996","50","38.800000000000004","514","500","388","446","516","58","97","346","15","25800","3517","5003","16290","990","443","21293","51.6","0","50","1000","1997","3.994","62","4.725494079384104","0","38.4","3.6464646464646466","10","700","516"
"732","BA","1000","2","0.1","50","0.1","0.5","1","platform","targeted","70","5","95","95","51.59048539032185","77.09676499973898","77.09676499973898","fixed","1","1","50","2970","12","50","23230934","v2.0-design-v1.0","95.8","72.7","23.099999999999994","26.952650748684743","true","87.566","31.881999999999994","50","4.2","727","500","42","57","516","15","106","392","3","25800","1998","5415","17787","600","498","23202","51.6","0","50","1000","1997","3.994","87","5.6410801967163815","0","48","3.5494949494949495","10","700","516"
"731","BA","1000","2","0.1","50","0.1","0.5","1","platform","targeted","70","5","95","95","51.59048539032185","77.09676499973898","77.09676499973898","fixed","1","1","50","2970","11","50","23230933","v2.0-design-v1.0","81.6","57.8","23.799999999999997","35.35700649102711","true","76.57600000000001","28.198","50","18.4","578","500","184","226","516","42","87","379","8","25800","2778","5079","17131","812","466","22210","51.6","0","50","1000","1997","3.994","100","5.431525150955797","0","44.4","3.585858585858586","10","700","516"
"733","BA","1000","2","0.1","50","0.1","0.5","1","platform","targeted","70","5","95","95","51.59048539032185","77.09676499973898","77.09676499973898","fixed","1","1","50","2970","13","50","23230935","v2.0-design-v1.0","81.8","57.699999999999996","24.1","37.44482280237104","true","75.51800000000003","27.09800000000001","50","18.2","577","500","182","232","516","50","117","338","11","25800","2969","4960","16988","883","455","21948","51.6","0","50","1000","1997","3.994","106","5.376138657704687","0","41.1","3.6191919191919193","10","700","516"
"734","BA","1000","2","0.1","50","0.1","0.5","1","platform","targeted","70","5","95","95","51.59048539032185","77.09676499973898","77.09676499973898","fixed","1","1","50","2970","14","50","23230936","v2.0-design-v1.0","62.7","51.9","10.800000000000004","41.80014343772412","true","65.11","18.772000000000002","50","37.3","519","500","373","437","516","64","108","324","20","25800","3497","4869","16396","1038","432","21265","51.6","0","50","1000","1997","3.994","82","5.3316404971069","0","45.2","3.577777777777778","10","700","516"
"735","BA","1000","2","0.1","50","0.1","0.5","1","platform","targeted","70","5","95","95","51.59048539032185","77.09676499973898","77.09676499973898","fixed","1","1","50","2970","15","50","23230937","v2.0-design-v1.0","82.4","58.9","23.500000000000007","36.044880785413746","true","77.542","28.107999999999993","50","17.599999999999998","589","500","176","222","516","46","103","351","16","25800","2827","5016","17110","847","454","22126","51.6","0","50","1000","1997","3.994","84","5.1256449580746555","0","40.1","3.6292929292929292","10","700","516"
"736","BA","1000","2","0.1","50","0.1","0.5","1","platform","targeted","70","5","95","95","51.59048539032185","77.09676499973898","77.09676499973898","fixed","1","1","50","2970","16","50","23230938","v2.0-design-v1.0","81.4","57.4","24.000000000000007","35.97530241935484","true","76.64599999999999","28.40000000000001","50","18.6","574","500","186","220","516","34","112","360","10","25800","2855","5081","17050","814","472","22131","51.6","0","50","1000","1997","3.994","103","5.825452763511171","0","46.7","3.562626262626263","10","700","516"
"737","BA","1000","2","0.1","50","0.1","0.5","1","platform","targeted","70","5","95","95","51.59048539032185","77.09676499973898","77.09676499973898","fixed","1","1","50","2970","17","50","23230939","v2.0-design-v1.0","61","51.800000000000004","9.199999999999996","42.52789907811742","true","64.462","18.240000000000006","50","39","518","500","390","474","516","84","99","319","14","25800","3506","4738","16484","1072","418","21222","51.6","0","50","1000","1997","3.994","80","5.154855627128315","0","43.2","3.597979797979798","10","700","516"
"738","BA","1000","2","0.1","50","0.1","0.5","1","platform","targeted","70","5","95","95","51.59048539032185","77.09676499973898","77.09676499973898","fixed","1","1","50","2970","18","50","23230940","v2.0-design-v1.0","86.4","63.5","22.900000000000006","34.150453955901426","true","78.92200000000001","27.672000000000004","50","13.600000000000001","635","500","136","160","516","24","119","364","9","25800","2633","5077","17291","799","483","22368","51.6","0","50","1000","1997","3.994","68","5.227742657523723","0","45.1","3.5787878787878786","10","700","516"
"739","BA","1000","2","0.1","50","0.1","0.5","1","platform","targeted","70","5","95","95","51.59048539032185","77.09676499973898","77.09676499973898","fixed","1","1","50","2970","19","50","23230941","v2.0-design-v1.0","85.2","63.2","22","34.29376360609553","true","80.654","28.886","50","14.799999999999999","632","500","148","189","516","41","107","355","13","25800","2678","5131","17243","748","462","22374","51.6","0","50","1000","1997","3.994","94","5.890727006462351","0","49.1","3.5383838383838384","10","700","516"
"740","BA","1000","2","0.1","50","0.1","0.5","1","platform","targeted","70","5","95","95","51.59048539032185","77.09676499973898","77.09676499973898","fixed","1","1","50","2970","20","50","23230942","v2.0-design-v1.0","62.3","52.5","9.799999999999997","39.23832923832924","true","66.678","19.591999999999995","50","37.7","525","500","377","440","516","63","110","315","28","25800","3194","4946","16683","977","425","21629","51.6","0","50","1000","1997","3.994","74","5.1651372336698405","0","44.5","3.584848484848485","10","700","516"
"741","BA","1000","2","0.1","50","0.1","0.5","1","platform","targeted","70","5","95","95","51.59048539032185","77.09676499973898","77.09676499973898","fixed","1","1","50","2970","21","50","23230943","v2.0-design-v1.0","82.2","57.99999999999999","24.20000000000001","35.328209651001636","true","77.38999999999999","28.508000000000006","50","17.8","580","500","178","211","516","33","106","366","11","25800","2804","5133","17052","811","472","22185","51.6","0","50","1000","1997","3.994","58","5.048906362318019","0","43.2","3.597979797979798","10","700","516"
"743","BA","1000","2","0.1","50","0.1","0.5","1","platform","targeted","70","5","95","95","51.59048539032185","77.09676499973898","77.09676499973898","fixed","1","1","50","2970","23","50","23230945","v2.0-design-v1.0","68.6","52.6","15.999999999999993","40.5559601845108","true","68.726","22.364","50","31.4","526","500","314","377","516","63","98","343","12","25800","3341","4897","16533","1029","441","21430","51.6","0","50","1000","1997","3.994","71","5.135010451044111","0","42.7","3.603030303030303","10","700","516"
"742","BA","1000","2","0.1","50","0.1","0.5","1","platform","targeted","70","5","95","95","51.59048539032185","77.09676499973898","77.09676499973898","fixed","1","1","50","2970","22","50","23230944","v2.0-design-v1.0","86","61.4","24.6","34.4451739986868","true","79.794","29.893999999999995","50","14.000000000000002","614","500","140","175","516","35","95","375","11","25800","2623","4992","17442","743","470","22434","51.6","0","50","1000","1997","3.994","66","5.004898901377823","0","41.1","3.6191919191919193","10","700","516"
"744","BA","1000","2","0.1","50","0.1","0.5","1","platform","targeted","70","5","95","95","51.59048539032185","77.09676499973898","77.09676499973898","fixed","1","1","50","2970","24","50","23230946","v2.0-design-v1.0","88","62.5","25.5","32.69483075308318","true","80.93800000000002","31.212000000000003","50","12","625","500","120","170","516","50","90","369","7","25800","2492","5130","17361","817","459","22491","51.6","0","50","1000","1997","3.994","65","4.991480629921225","0","42.1","3.609090909090909","10","700","516"
"745","BA","1000","2","0.1","50","0.1","0.5","1","platform","targeted","70","5","95","95","51.59048539032185","77.09676499973898","77.09676499973898","fixed","1","1","50","2970","25","50","23230947","v2.0-design-v1.0","82.2","56.8","25.400000000000006","36.01115053218449","true","76.97399999999999","28.236000000000004","50","17.8","568","500","178","220","516","42","107","354","13","25800","2842","5050","17096","812","461","22146","51.6","0","50","1000","1997","3.994","66","4.999896295220817","0","40.9","3.621212121212121","10","700","516"
"746","BA","1000","2","0.1","50","0.1","0.5","1","platform","targeted","70","5","95","95","51.59048539032185","77.09676499973898","77.09676499973898","fixed","1","1","50","2970","26","50","23230948","v2.0-design-v1.0","81.7","59.4","22.300000000000004","35.49810844892812","true","77.432","27.511999999999997","50","18.3","594","500","183","230","516","47","105","351","13","25800","2815","5115","17011","859","456","22126","51.6","0","50","1000","1997","3.994","76","5.166687397032899","0","41.3","3.617171717171717","10","700","516"
"747","BA","1000","2","0.1","50","0.1","0.5","1","platform","targeted","70","5","95","95","51.59048539032185","77.09676499973898","77.09676499973898","fixed","1","1","50","2970","27","50","23230949","v2.0-design-v1.0","80.1","57.699999999999996","22.4","35.95675132009052","true","76.57600000000001","27.512000000000004","50","19.900000000000002","577","500","199","241","516","42","114","349","11","25800","2860","5094","16997","849","463","22091","51.6","0","50","1000","1997","3.994","88","5.356178922763178","0","46.3","3.566666666666667","10","700","516"
"748","BA","1000","2","0.1","50","0.1","0.5","1","platform","targeted","70","5","95","95","51.59048539032185","77.09676499973898","77.09676499973898","fixed","1","1","50","2970","28","50","23230950","v2.0-design-v1.0","68.4","53.400000000000006","15","39.19591886311187","true","68.73399999999998","22.000000000000004","50","31.6","534","500","316","379","516","63","89","354","10","25800","3227","5006","16590","977","443","21596","51.6","0","50","1000","1997","3.994","71","5.239218778922417","0","45.5","3.5747474747474746","10","700","516"
"749","BA","1000","2","0.1","50","0.1","0.5","1","platform","targeted","70","5","95","95","51.59048539032185","77.09676499973898","77.09676499973898","fixed","1","1","50","2970","29","50","23230951","v2.0-design-v1.0","76","55.400000000000006","20.599999999999994","37.40617694106066","true","74.06599999999999","25.82199999999999","50","24","554","500","240","298","516","58","95","343","20","25800","3040","5087","16758","915","438","21845","51.6","0","50","1000","1997","3.994","64","4.673093386805116","0","37.5","3.6555555555555554","10","700","516"
"750","BA","1000","2","0.1","50","0.1","0.5","1","platform","targeted","70","5","95","95","51.59048539032185","77.09676499973898","77.09676499973898","fixed","1","1","50","2970","30","50","23230952","v2.0-design-v1.0","90.4","66","24.400000000000006","30.775347912524854","true","82.97","30.432000000000006","50","9.6","660","500","96","121","516","25","106","375","10","25800","2322","5223","17618","637","481","22841","51.6","0","50","1000","1997","3.994","105","5.5143786932321115","0","41.8","3.6121212121212123","10","700","516"
"751","BA","1000","2","0.1","50","0.1","0.5","1","platform","targeted","70","5","95","95","10.61102048582109","83.1689882357807","83.1689882357807","fixed","1","1","50","2971","1","50","23231923","v2.0-design-v1.0","12.700000000000003","10.299999999999999","2.400000000000004","89.093387866394","true","21.478","13.674000000000001","50","87.3","103","500","873","935","106","62","4","35","5","5300","2614","320","1829","537","39","2149","10.6","0","50","1000","1997","3.994","120","5.843467302048515","0","45.4","3.5757575757575757","10","700","106"
"752","BA","1000","2","0.1","50","0.1","0.5","1","platform","targeted","70","5","95","95","10.61102048582109","83.1689882357807","83.1689882357807","fixed","1","1","50","2971","2","50","23231924","v2.0-design-v1.0","12.200000000000003","10.2","2.0000000000000036","89.84272608125819","true","20.796","13.435999999999996","50","87.8","102","500","878","926","106","48","5","44","9","5300","2742","310","1694","554","49","2004","10.6","0","50","1000","1997","3.994","78","5.170754364761546","0","42.4","3.606060606060606","10","700","106"
"753","BA","1000","2","0.1","50","0.1","0.5","1","platform","targeted","70","5","95","95","10.61102048582109","83.1689882357807","83.1689882357807","fixed","1","1","50","2971","3","50","23231925","v2.0-design-v1.0","13","9.8","3.1999999999999993","88.03701255783211","true","20.448","12.982000000000003","50","87","98","500","870","927","106","57","9","28","12","5300","2664","362","1761","513","37","2123","10.6","0","50","1000","1997","3.994","65","5.087223588937659","0","44.1","3.588888888888889","10","700","106"
"754","BA","1000","2","0.1","50","0.1","0.5","1","platform","targeted","70","5","95","95","10.61102048582109","83.1689882357807","83.1689882357807","fixed","1","1","50","2971","4","50","23231926","v2.0-design-v1.0","12.5","9.6","2.9000000000000004","88.22937625754527","true","20.318000000000005","12.934000000000001","50","87.5","96","500","875","929","106","54","5","34","13","5300","2631","351","1803","515","39","2154","10.6","0","50","1000","1997","3.994","74","5.413064313793542","0","46.9","3.5606060606060606","10","700","106"
"755","BA","1000","2","0.1","50","0.1","0.5","1","platform","targeted","70","5","95","95","10.61102048582109","83.1689882357807","83.1689882357807","fixed","1","1","50","2971","5","50","23231927","v2.0-design-v1.0","13.400000000000006","10","3.4000000000000057","88.19028609447771","true","19.972","12.33","50","86.6","100","500","866","924","106","58","8","31","9","5300","2651","355","1779","515","39","2134","10.6","0","50","1000","1997","3.994","97","5.547859293704436","0","44.5","3.584848484848485","10","700","106"
"756","BA","1000","2","0.1","50","0.1","0.5","1","platform","targeted","70","5","95","95","10.61102048582109","83.1689882357807","83.1689882357807","fixed","1","1","50","2971","6","50","23231928","v2.0-design-v1.0","12.299999999999997","9.3","2.9999999999999964","88.53609625668449","true","19.984","12.644","50","87.7","93","500","877","932","106","55","7","30","14","5300","2649","343","1776","532","37","2119","10.6","0","50","1000","1997","3.994","79","5.359541835706538","0","44.3","3.5868686868686868","10","700","106"
"757","BA","1000","2","0.1","50","0.1","0.5","1","platform","targeted","70","5","95","95","10.61102048582109","83.1689882357807","83.1689882357807","fixed","1","1","50","2971","7","50","23231929","v2.0-design-v1.0","12","10.299999999999999","1.700000000000001","88.56763044200731","true","19.23","11.23","50","88","103","500","880","929","106","49","10","35","12","5300","2665","344","1744","547","45","2088","10.6","0","50","1000","1997","3.994","109","5.972908808917145","0","47.2","3.5575757575757576","10","700","106"
"758","BA","1000","2","0.1","50","0.1","0.5","1","platform","targeted","70","5","95","95","10.61102048582109","83.1689882357807","83.1689882357807","fixed","1","1","50","2971","8","50","23231930","v2.0-design-v1.0","12.799999999999997","9.3","3.4999999999999964","87.43527787366241","true","19.54","12.582","50","87.2","93","500","872","927","106","55","6","36","9","5300","2533","364","1930","473","42","2294","10.6","0","50","1000","1997","3.994","83","5.677516904263528","0","48.1","3.5484848484848484","10","700","106"
"759","BA","1000","2","0.1","50","0.1","0.5","1","platform","targeted","70","5","95","95","10.61102048582109","83.1689882357807","83.1689882357807","fixed","1","1","50","2971","9","50","23231931","v2.0-design-v1.0","12.5","9.5","3","88.4009386523634","true","20.658000000000012","13.330000000000009","50","87.5","95","500","875","930","106","55","7","36","8","5300","2637","346","1792","525","43","2138","10.6","0","50","1000","1997","3.994","65","4.880346481734847","0","39.5","3.6353535353535356","10","700","106"
"760","BA","1000","2","0.1","50","0.1","0.5","1","platform","targeted","70","5","95","95","10.61102048582109","83.1689882357807","83.1689882357807","fixed","1","1","50","2971","10","50","23231932","v2.0-design-v1.0","13.299999999999997","9.700000000000001","3.599999999999996","87.68809849521205","true","22.068000000000012","14.778000000000002","50","86.7","97","500","867","921","106","54","6","31","15","5300","2564","360","1817","559","37","2177","10.6","0","50","1000","1997","3.994","70","5.327884228317113","0","45.2","3.577777777777778","10","700","106"
"761","BA","1000","2","0.1","50","0.1","0.5","1","platform","targeted","70","5","95","95","10.61102048582109","83.1689882357807","83.1689882357807","fixed","1","1","50","2971","11","50","23231933","v2.0-design-v1.0","11.900000000000006","10","1.9000000000000057","88.20261437908496","true","19.846","12.284","50","88.1","100","500","881","938","106","57","14","24","11","5300","2699","361","1681","559","38","2042","10.6","0","50","1000","1997","3.994","76","4.927701923437146","0","39.3","3.6373737373737374","10","700","106"
"762","BA","1000","2","0.1","50","0.1","0.5","1","platform","targeted","70","5","95","95","10.61102048582109","83.1689882357807","83.1689882357807","fixed","1","1","50","2971","12","50","23231934","v2.0-design-v1.0","11.599999999999994","10.5","1.0999999999999943","88.2786336235767","true","20.621999999999993","12.841999999999992","50","88.4","105","500","884","935","106","51","7","35","13","5300","2636","350","1771","543","42","2121","10.6","0","50","1000","1997","3.994","101","5.707235454800897","0","48.4","3.5454545454545454","10","700","106"
"763","BA","1000","2","0.1","50","0.1","0.5","1","platform","targeted","70","5","95","95","10.61102048582109","83.1689882357807","83.1689882357807","fixed","1","1","50","2971","13","50","23231935","v2.0-design-v1.0","12.099999999999994","10.2","1.899999999999995","88.60257680872151","true","19.92","12.009999999999996","50","87.9","102","500","879","936","106","57","13","25","11","5300","2682","345","1757","516","38","2102","10.6","0","50","1000","1997","3.994","116","5.4335520138752145","0","40.5","3.625252525252525","10","700","106"
"764","BA","1000","2","0.1","50","0.1","0.5","1","platform","targeted","70","5","95","95","10.61102048582109","83.1689882357807","83.1689882357807","fixed","1","1","50","2971","14","50","23231936","v2.0-design-v1.0","12.099999999999994","10.100000000000001","1.999999999999993","89.01639344262296","true","20.27","12.762000000000006","50","87.9","101","500","879","936","106","57","5","31","13","5300","2715","335","1683","567","36","2018","10.6","0","50","1000","1997","3.994","74","5.052275674336211","0","42.3","3.607070707070707","10","700","106"
"765","BA","1000","2","0.1","50","0.1","0.5","1","platform","targeted","70","5","95","95","10.61102048582109","83.1689882357807","83.1689882357807","fixed","1","1","50","2971","15","50","23231937","v2.0-design-v1.0","13.299999999999997","9.9","3.399999999999997","89.5024077046549","true","20.452","13.103999999999996","50","86.7","99","500","867","933","106","66","8","26","6","5300","2788","327","1630","555","34","1957","10.6","0","50","1000","1997","3.994","111","5.55489161197775","0","42.9","3.601010101010101","10","700","106"
"766","BA","1000","2","0.1","50","0.1","0.5","1","platform","targeted","70","5","95","95","10.61102048582109","83.1689882357807","83.1689882357807","fixed","1","1","50","2971","16","50","23231938","v2.0-design-v1.0","11.200000000000003","9.8","1.4000000000000021","88.78597419781674","true","18.648000000000007","11.275999999999996","50","88.8","98","500","888","944","106","56","3","34","13","5300","2684","339","1692","585","37","2031","10.6","0","50","1000","1997","3.994","82","5.037592812181354","0","41.4","3.6161616161616164","10","700","106"
"767","BA","1000","2","0.1","50","0.1","0.5","1","platform","targeted","70","5","95","95","10.61102048582109","83.1689882357807","83.1689882357807","fixed","1","1","50","2971","17","50","23231939","v2.0-design-v1.0","11.5","9.2","2.3000000000000007","88.16010763538513","true","19.03","11.73","50","88.5","92","500","885","946","106","61","8","24","13","5300","2621","352","1782","545","32","2134","10.6","0","50","1000","1997","3.994","75","5.383581238074417","0","45.6","3.573737373737374","10","700","106"
"768","BA","1000","2","0.1","50","0.1","0.5","1","platform","targeted","70","5","95","95","10.61102048582109","83.1689882357807","83.1689882357807","fixed","1","1","50","2971","18","50","23231940","v2.0-design-v1.0","11.799999999999997","9.700000000000001","2.099999999999996","87.5","true","18.953999999999994","11.322000000000003","50","88.2","97","500","882","933","106","51","7","39","9","5300","2625","375","1788","512","46","2163","10.6","0","50","1000","1997","3.994","111","5.837297151767941","0","46.5","3.5646464646464646","10","700","106"
"769","BA","1000","2","0.1","50","0.1","0.5","1","platform","targeted","70","5","95","95","10.61102048582109","83.1689882357807","83.1689882357807","fixed","1","1","50","2971","19","50","23231941","v2.0-design-v1.0","12.200000000000003","9.4","2.8000000000000025","87.52949106841928","true","18.878000000000004","11.841999999999999","50","87.8","94","500","878","938","106","60","7","30","9","5300","2597","370","1794","539","37","2164","10.6","0","50","1000","1997","3.994","91","5.512563138173771","0","44.3","3.5868686868686868","10","700","106"
"770","BA","1000","2","0.1","50","0.1","0.5","1","platform","targeted","70","5","95","95","10.61102048582109","83.1689882357807","83.1689882357807","fixed","1","1","50","2971","20","50","23231942","v2.0-design-v1.0","11.900000000000006","10","1.9000000000000057","88.6681862585477","true","18.763999999999992","11.319999999999999","50","88.1","100","500","881","944","106","63","6","27","10","5300","2723","348","1692","537","33","2040","10.6","0","50","1000","1997","3.994","67","4.879320830993973","0","40.7","3.6232323232323234","10","700","106"
"771","BA","1000","2","0.1","50","0.1","0.5","1","platform","targeted","70","5","95","95","10.61102048582109","83.1689882357807","83.1689882357807","fixed","1","1","50","2971","21","50","23231943","v2.0-design-v1.0","12.299999999999997","9.4","2.899999999999997","87.72044415414761","true","20.241999999999997","13.218","50","87.7","94","500","877","936","106","59","11","26","10","5300","2686","376","1730","508","37","2106","10.6","0","50","1000","1997","3.994","56","5.167462304329522","0","43.8","3.591919191919192","10","700","106"
"772","BA","1000","2","0.1","50","0.1","0.5","1","platform","targeted","70","5","95","95","10.61102048582109","83.1689882357807","83.1689882357807","fixed","1","1","50","2971","22","50","23231944","v2.0-design-v1.0","11.700000000000003","10.100000000000001","1.6000000000000014","87.9349593495935","true","19.89","12.054","50","88.3","101","500","883","940","106","57","10","29","10","5300","2704","371","1684","541","39","2055","10.6","0","50","1000","1997","3.994","95","5.057424398005522","0","40.3","3.6272727272727274","10","700","106"
"773","BA","1000","2","0.1","50","0.1","0.5","1","platform","targeted","70","5","95","95","10.61102048582109","83.1689882357807","83.1689882357807","fixed","1","1","50","2971","23","50","23231945","v2.0-design-v1.0","12.700000000000003","9.2","3.5000000000000036","88.72812920592193","true","20.162000000000006","13.085999999999997","50","87.3","92","500","873","933","106","60","4","34","8","5300","2637","335","1815","513","38","2150","10.6","0","50","1000","1997","3.994","99","5.341956617242446","0","42.2","3.608080808080808","10","700","106"
"774","BA","1000","2","0.1","50","0.1","0.5","1","platform","targeted","70","5","95","95","10.61102048582109","83.1689882357807","83.1689882357807","fixed","1","1","50","2971","24","50","23231946","v2.0-design-v1.0","11.5","9.6","1.9000000000000004","89.51163552933464","true","19.066000000000003","11.78","50","88.5","96","500","885","946","106","61","3","28","14","5300","2731","320","1666","583","31","1986","10.6","0","50","1000","1997","3.994","54","4.6931854842942125","0","36.5","3.665656565656566","10","700","106"
"775","BA","1000","2","0.1","50","0.1","0.5","1","platform","targeted","70","5","95","95","10.61102048582109","83.1689882357807","83.1689882357807","fixed","1","1","50","2971","25","50","23231947","v2.0-design-v1.0","11.599999999999994","9.8","1.7999999999999936","89.65297675899396","true","19.218","12.121999999999996","50","88.4","98","500","884","941","106","57","3","35","11","5300","2816","325","1566","593","38","1891","10.6","0","50","1000","1997","3.994","53","4.570213436027991","0","37.9","3.6515151515151514","10","700","106"
"776","BA","1000","2","0.1","50","0.1","0.5","1","platform","targeted","70","5","95","95","10.61102048582109","83.1689882357807","83.1689882357807","fixed","1","1","50","2971","26","50","23231948","v2.0-design-v1.0","12.200000000000003","9.5","2.700000000000003","88.10470510271703","true","19.933999999999997","12.472000000000001","50","87.8","95","500","878","932","106","54","9","30","13","5300","2659","359","1771","511","39","2130","10.6","0","50","1000","1997","3.994","70","4.975612597532147","0","39.3","3.6373737373737374","10","700","106"
"777","BA","1000","2","0.1","50","0.1","0.5","1","platform","targeted","70","5","95","95","10.61102048582109","83.1689882357807","83.1689882357807","fixed","1","1","50","2971","27","50","23231949","v2.0-design-v1.0","13.5","9.5","4","87.12837837837839","true","19.818","12.456","50","86.5","95","500","865","936","106","71","2","28","5","5300","2579","381","1832","508","30","2213","10.6","0","50","1000","1997","3.994","99","5.604763811025161","0","46.4","3.5656565656565657","10","700","106"
"778","BA","1000","2","0.1","50","0.1","0.5","1","platform","targeted","70","5","95","95","10.61102048582109","83.1689882357807","83.1689882357807","fixed","1","1","50","2971","28","50","23231950","v2.0-design-v1.0","11.400000000000006","9.8","1.600000000000005","87.35244519392917","true","19.530000000000005","11.940000000000005","50","88.6","98","500","886","938","106","52","10","31","13","5300","2590","375","1792","543","41","2167","10.6","0","50","1000","1997","3.994","82","5.217008834684977","0","42.2","3.608080808080808","10","700","106"
"779","BA","1000","2","0.1","50","0.1","0.5","1","platform","targeted","70","5","95","95","10.61102048582109","83.1689882357807","83.1689882357807","fixed","1","1","50","2971","29","50","23231951","v2.0-design-v1.0","13.200000000000003","10.100000000000001","3.1000000000000014","87.75167785234899","true","20.37600000000001","12.491999999999996","50","86.8","101","500","868","926","106","58","5","38","5","5300","2615","365","1801","519","43","2166","10.6","0","50","1000","1997","3.994","66","5.178105520050426","0","43.8","3.591919191919192","10","700","106"
"780","BA","1000","2","0.1","50","0.1","0.5","1","platform","targeted","70","5","95","95","10.61102048582109","83.1689882357807","83.1689882357807","fixed","1","1","50","2971","30","50","23231952","v2.0-design-v1.0","12.599999999999994","9.5","3.0999999999999943","87.9287155346335","true","19.116","11.782","50","87.4","95","500","874","936","106","62","4","32","8","5300","2615","359","1780","546","36","2139","10.6","0","50","1000","1997","3.994","70","4.969976324356548","0","41.6","3.614141414141414","10","700","106"
"781","BA","1000","2","0.1","50","0.1","0.5","1","platform","targeted","70","5","95","95","9.507042784536136","79.74220472867901","79.74220472867901","fixed","1","1","50","2972","1","50","23232923","v2.0-design-v1.0","11","9.6","1.4000000000000004","88.52691218130312","true","17.584000000000007","10.634","50","89","96","500","890","949","95","59","6","19","11","4750","2500","324","1308","618","25","1632","9.5","0","50","1000","1997","3.994","84","5.1256449580746555","0","40.9","3.621212121212121","10","700","95"
"782","BA","1000","2","0.1","50","0.1","0.5","1","platform","targeted","70","5","95","95","9.507042784536136","79.74220472867901","79.74220472867901","fixed","1","1","50","2972","2","50","23232924","v2.0-design-v1.0","9","8.7","0.3000000000000007","87.4908558888076","true","17.179999999999996","10.325999999999997","50","91","87","500","910","962","95","52","3","24","16","4750","2392","342","1408","608","27","1750","9.5","0","50","1000","1997","3.994","83","5.481971909451553","0","46","3.56969696969697","10","700","95"
"784","BA","1000","2","0.1","50","0.1","0.5","1","platform","targeted","70","5","95","95","9.507042784536136","79.74220472867901","79.74220472867901","fixed","1","1","50","2972","4","50","23232926","v2.0-design-v1.0","9.099999999999994","9.2","-0.10000000000000497","89.03043170559094","true","16.752000000000002","9.803999999999995","50","90.9","92","500","909","957","95","48","3","28","16","4750","2516","310","1326","598","31","1636","9.5","0","50","1000","1997","3.994","85","4.908773783752921","0","39.9","3.6313131313131315","10","700","95"
"783","BA","1000","2","0.1","50","0.1","0.5","1","platform","targeted","70","5","95","95","9.507042784536136","79.74220472867901","79.74220472867901","fixed","1","1","50","2972","3","50","23232925","v2.0-design-v1.0","10.299999999999997","9.5","0.7999999999999972","87.12871287128714","true","17.479999999999997","10.004","50","89.7","95","500","897","952","95","55","8","24","8","4750","2464","364","1316","606","32","1680","9.5","0","50","1000","1997","3.994","72","5.253528677333309","0","44.8","3.581818181818182","10","700","95"
"786","BA","1000","2","0.1","50","0.1","0.5","1","platform","targeted","70","5","95","95","9.507042784536136","79.74220472867901","79.74220472867901","fixed","1","1","50","2972","6","50","23232928","v2.0-design-v1.0","10.700000000000003","9.6","1.1000000000000032","87.80231335436383","true","18.142000000000003","10.762","50","89.3","96","500","893","949","95","56","4","24","11","4750","2505","348","1294","603","28","1642","9.5","0","50","1000","1997","3.994","83","5.013691364763192","0","39.7","3.6333333333333333","10","700","95"
"785","BA","1000","2","0.1","50","0.1","0.5","1","platform","targeted","70","5","95","95","9.507042784536136","79.74220472867901","79.74220472867901","fixed","1","1","50","2972","5","50","23232927","v2.0-design-v1.0","10","8.9","1.0999999999999996","88.39759462327555","true","17.98399999999999","10.734000000000002","50","90","89","500","900","959","95","59","4","19","13","4750","2499","328","1321","602","23","1649","9.5","0","50","1000","1997","3.994","86","5.2580996197877","0","40.8","3.6222222222222222","10","700","95"
"788","BA","1000","2","0.1","50","0.1","0.5","1","platform","targeted","70","5","95","95","9.507042784536136","79.74220472867901","79.74220472867901","fixed","1","1","50","2972","8","50","23232930","v2.0-design-v1.0","10.5","9.2","1.3000000000000007","87.97716732072779","true","18.269999999999996","11.325999999999999","50","89.5","92","500","895","940","95","45","4","30","16","4750","2466","337","1373","574","34","1710","9.5","0","50","1000","1997","3.994","96","5.551106086067772","0","46.1","3.5686868686868687","10","700","95"
"787","BA","1000","2","0.1","50","0.1","0.5","1","platform","targeted","70","5","95","95","9.507042784536136","79.74220472867901","79.74220472867901","fixed","1","1","50","2972","7","50","23232929","v2.0-design-v1.0","9.700000000000003","8.9","0.8000000000000025","88.54855551688131","true","17.128","10.647999999999998","50","90.3","89","500","903","959","95","56","7","20","12","4750","2544","329","1269","608","27","1598","9.5","0","50","1000","1997","3.994","76","5.025656297561655","0","42.2","3.608080808080808","10","700","95"
"790","BA","1000","2","0.1","50","0.1","0.5","1","platform","targeted","70","5","95","95","9.507042784536136","79.74220472867901","79.74220472867901","fixed","1","1","50","2972","10","50","23232932","v2.0-design-v1.0","9.299999999999997","9.3","-3.552713678800501E-15","88.52173913043478","true","17.284000000000002","10.04","50","90.7","93","500","907","960","95","53","4","21","17","4750","2545","330","1218","657","25","1548","9.5","0","50","1000","1997","3.994","76","5.098623339682967","0","42.2","3.608080808080808","10","700","95"
"789","BA","1000","2","0.1","50","0.1","0.5","1","platform","targeted","70","5","95","95","9.507042784536136","79.74220472867901","79.74220472867901","fixed","1","1","50","2972","9","50","23232931","v2.0-design-v1.0","10.099999999999994","8.5","1.5999999999999943","88.54278553526675","true","17.506000000000004","10.906","50","89.9","85","500","899","946","95","47","7","26","15","4750","2473","320","1312","645","33","1632","9.5","0","50","1000","1997","3.994","101","5.194511232728915","0","41.2","3.618181818181818","10","700","95"
"792","BA","1000","2","0.1","50","0.1","0.5","1","platform","targeted","70","5","95","95","9.507042784536136","79.74220472867901","79.74220472867901","fixed","1","1","50","2972","12","50","23232934","v2.0-design-v1.0","9.599999999999994","10","-0.4000000000000057","87.32091690544412","true","17.226000000000003","9.776000000000002","50","90.4","100","500","904","949","95","45","8","24","18","4750","2438","354","1293","665","32","1647","9.5","0","50","1000","1997","3.994","103","5.328072104650256","0","43.1","3.598989898989899","10","700","95"
"791","BA","1000","2","0.1","50","0.1","0.5","1","platform","targeted","70","5","95","95","9.507042784536136","79.74220472867901","79.74220472867901","fixed","1","1","50","2972","11","50","23232933","v2.0-design-v1.0","10.099999999999994","9.4","0.699999999999994","88.57651245551601","true","17.168000000000006","9.988000000000001","50","89.9","94","500","899","951","95","52","4","30","9","4750","2489","321","1287","653","34","1608","9.5","0","50","1000","1997","3.994","70","4.977020668505875","0","40.7","3.6232323232323234","10","700","95"
"793","BA","1000","2","0.1","50","0.1","0.5","1","platform","targeted","70","5","95","95","9.507042784536136","79.74220472867901","79.74220472867901","fixed","1","1","50","2972","13","50","23232935","v2.0-design-v1.0","9.299999999999997","9.5","-0.20000000000000284","88.68587491215742","true","16.715999999999998","9.428","50","90.7","95","500","907","958","95","51","3","23","18","4750","2524","322","1257","647","26","1579","9.5","0","50","1000","1997","3.994","75","5.393241237980274","0","46.5","3.5646464646464646","10","700","95"
"794","BA","1000","2","0.1","50","0.1","0.5","1","platform","targeted","70","5","95","95","9.507042784536136","79.74220472867901","79.74220472867901","fixed","1","1","50","2972","14","50","23232936","v2.0-design-v1.0","9.799999999999997","9.5","0.29999999999999716","88.34033613445378","true","17.701999999999995","10.534000000000002","50","90.2","95","500","902","961","95","59","10","17","9","4750","2523","333","1281","613","27","1614","9.5","0","50","1000","1997","3.994","88","5.601548120059423","0","46.1","3.5686868686868687","10","700","95"
"795","BA","1000","2","0.1","50","0.1","0.5","1","platform","targeted","70","5","95","95","9.507042784536136","79.74220472867901","79.74220472867901","fixed","1","1","50","2972","15","50","23232937","v2.0-design-v1.0","10.799999999999997","9.3","1.4999999999999964","89.16256157635468","true","17.863999999999994","10.756000000000006","50","89.2","93","500","892","949","95","57","6","26","6","4750","2534","308","1266","642","32","1574","9.5","0","50","1000","1997","3.994","95","5.581139051583734","0","46.3","3.566666666666667","10","700","95"
"796","BA","1000","2","0.1","50","0.1","0.5","1","platform","targeted","70","5","95","95","9.507042784536136","79.74220472867901","79.74220472867901","fixed","1","1","50","2972","16","50","23232938","v2.0-design-v1.0","10.099999999999994","9.4","0.699999999999994","89.68891995805663","true","17.948","11.248000000000001","50","89.9","94","500","899","955","95","56","7","20","12","4750","2566","295","1265","624","27","1560","9.5","0","50","1000","1997","3.994","91","5.243038570662373","0","43.1","3.598989898989899","10","700","95"
"797","BA","1000","2","0.1","50","0.1","0.5","1","platform","targeted","70","5","95","95","9.507042784536136","79.74220472867901","79.74220472867901","fixed","1","1","50","2972","17","50","23232939","v2.0-design-v1.0","9.799999999999997","9.1","0.6999999999999975","87.3083778966132","true","17.448","10.671999999999999","50","90.2","91","500","902","945","95","43","14","25","13","4750","2449","356","1328","617","39","1684","9.5","0","50","1000","1997","3.994","81","5.200289127251196","0","43.3","3.596969696969697","10","700","95"
"798","BA","1000","2","0.1","50","0.1","0.5","1","platform","targeted","70","5","95","95","9.507042784536136","79.74220472867901","79.74220472867901","fixed","1","1","50","2972","18","50","23232940","v2.0-design-v1.0","8.700000000000003","8.799999999999999","-0.09999999999999609","88.30014224751068","true","16.563999999999997","9.817999999999998","50","91.3","88","500","913","961","95","48","5","23","19","4750","2483","329","1279","659","28","1608","9.5","0","50","1000","1997","3.994","64","4.812600661297903","0","40.1","3.6292929292929292","10","700","95"
"799","BA","1000","2","0.1","50","0.1","0.5","1","platform","targeted","70","5","95","95","9.507042784536136","79.74220472867901","79.74220472867901","fixed","1","1","50","2972","19","50","23232941","v2.0-design-v1.0","9.599999999999994","8.4","1.199999999999994","86.40951694304255","true","16.413999999999994","9.840000000000003","50","90.4","84","500","904","951","95","47","10","28","10","4750","2397","377","1373","603","38","1750","9.5","0","50","1000","1997","3.994","64","4.805106976234032","0","40.3","3.6272727272727274","10","700","95"
"800","BA","1000","2","0.1","50","0.1","0.5","1","platform","targeted","70","5","95","95","9.507042784536136","79.74220472867901","79.74220472867901","fixed","1","1","50","2972","20","50","23232942","v2.0-design-v1.0","10.099999999999994","9.4","0.699999999999994","88.39160839160839","true","17.901999999999997","10.724","50","89.9","94","500","899","956","95","57","4","23","11","4750","2528","332","1275","615","27","1607","9.5","0","50","1000","1997","3.994","88","5.237690082221103","0","42.8","3.602020202020202","10","700","95"
"801","BA","1000","2","0.1","50","0.1","0.5","1","platform","targeted","70","5","95","95","9.507042784536136","79.74220472867901","79.74220472867901","fixed","1","1","50","2972","21","50","23232943","v2.0-design-v1.0","10.099999999999994","9.6","0.49999999999999467","87.54473872584109","true","18.898000000000003","11.477999999999998","50","89.9","96","500","899","945","95","46","9","26","14","4750","2446","348","1345","611","35","1693","9.5","0","50","1000","1997","3.994","97","5.184674034579681","0","41.5","3.6151515151515152","10","700","95"
"802","BA","1000","2","0.1","50","0.1","0.5","1","platform","targeted","70","5","95","95","9.507042784536136","79.74220472867901","79.74220472867901","fixed","1","1","50","2972","22","50","23232944","v2.0-design-v1.0","10.200000000000003","9.5","0.7000000000000028","87.94096472282217","true","17.866","10.780000000000006","50","89.8","95","500","898","945","95","47","6","30","12","4750","2443","335","1317","655","36","1652","9.5","0","50","1000","1997","3.994","102","5.743252471287402","0","48.2","3.5474747474747477","10","700","95"
"804","BA","1000","2","0.1","50","0.1","0.5","1","platform","targeted","70","5","95","95","9.507042784536136","79.74220472867901","79.74220472867901","fixed","1","1","50","2972","24","50","23232946","v2.0-design-v1.0","9.799999999999997","8.5","1.2999999999999972","88.56140350877193","true","17.226000000000003","10.69","50","90.2","85","500","902","951","95","49","4","30","12","4750","2524","326","1286","614","34","1612","9.5","0","50","1000","1997","3.994","82","4.903468976959875","0","40.4","3.6262626262626263","10","700","95"
"803","BA","1000","2","0.1","50","0.1","0.5","1","platform","targeted","70","5","95","95","9.507042784536136","79.74220472867901","79.74220472867901","fixed","1","1","50","2972","23","50","23232945","v2.0-design-v1.0","10","9.6","0.40000000000000036","88.28541001064963","true","17.644000000000002","10.193999999999999","50","90","96","500","900","951","95","51","6","25","13","4750","2487","330","1311","622","31","1641","9.5","0","50","1000","1997","3.994","89","5.530148872005749","0","45","3.5797979797979798","10","700","95"
"806","BA","1000","2","0.1","50","0.1","0.5","1","platform","targeted","70","5","95","95","9.507042784536136","79.74220472867901","79.74220472867901","fixed","1","1","50","2972","26","50","23232948","v2.0-design-v1.0","9.599999999999994","9.2","0.399999999999995","88.74643874643876","true","16.689999999999998","9.546000000000003","50","90.4","92","500","904","957","95","53","3","21","18","4750","2492","316","1277","665","24","1593","9.5","0","50","1000","1997","3.994","81","5.1900771575094","0","44.8","3.581818181818182","10","700","95"
"805","BA","1000","2","0.1","50","0.1","0.5","1","platform","targeted","70","5","95","95","9.507042784536136","79.74220472867901","79.74220472867901","fixed","1","1","50","2972","25","50","23232947","v2.0-design-v1.0","9.299999999999997","8.9","0.3999999999999968","86.5482233502538","true","16.15","9.064000000000002","50","90.7","89","500","907","951","95","44","5","31","15","4750","2387","371","1405","587","36","1776","9.5","0","50","1000","1997","3.994","141","6.014494005162736","0","45.6","3.573737373737374","10","700","95"
"807","BA","1000","2","0.1","50","0.1","0.5","1","platform","targeted","70","5","95","95","9.507042784536136","79.74220472867901","79.74220472867901","fixed","1","1","50","2972","27","50","23232949","v2.0-design-v1.0","9.5","9.2","0.3000000000000007","87.98993167925207","true","17.198","10.432","50","90.5","92","500","905","955","95","50","7","25","13","4750","2447","334","1333","636","32","1667","9.5","0","50","1000","1997","3.994","81","5.3149047227784","0","43.8","3.591919191919192","10","700","95"
"808","BA","1000","2","0.1","50","0.1","0.5","1","platform","targeted","70","5","95","95","9.507042784536136","79.74220472867901","79.74220472867901","fixed","1","1","50","2972","28","50","23232950","v2.0-design-v1.0","9.700000000000003","8.7","1.0000000000000036","88.48463440480396","true","16.892","9.817999999999998","50","90.3","87","500","903","955","95","52","6","25","12","4750","2505","326","1292","627","31","1618","9.5","0","50","1000","1997","3.994","69","4.919366236027162","0","39.7","3.6333333333333333","10","700","95"
"810","BA","1000","2","0.1","50","0.1","0.5","1","platform","targeted","70","5","95","95","9.507042784536136","79.74220472867901","79.74220472867901","fixed","1","1","50","2972","30","50","23232952","v2.0-design-v1.0","10","8.799999999999999","1.200000000000001","88.32167832167832","true","16.592","10.1","50","90","88","500","900","958","95","58","6","21","10","4750","2526","334","1248","642","27","1582","9.5","0","50","1000","1997","3.994","55","4.576998242616314","0","35.4","3.676767676767677","10","700","95"
"809","BA","1000","2","0.1","50","0.1","0.5","1","platform","targeted","70","5","95","95","9.507042784536136","79.74220472867901","79.74220472867901","fixed","1","1","50","2972","29","50","23232951","v2.0-design-v1.0","9.399999999999991","9.2","0.19999999999999218","87.73352132534367","true","16.729999999999997","9.83","50","90.60000000000001","92","500","906","958","95","52","9","20","14","4750","2489","348","1251","662","29","1599","9.5","0","50","1000","1997","3.994","76","5.2108652944704925","0","44","3.5898989898989897","10","700","95"
"811","BA","1000","2","0.1","50","0.1","0.5","1","platform","targeted","70","5","95","95","87.83426642095237","96.40309715261895","96.40309715261895","fixed","1","1","50","2973","1","50","23233923","v2.0-design-v1.0","100","81.5","18.5","28.305315765561108","true","99.822","48.34399999999999","50","0","815","500","0","0","878","0","38","840","0","43900","623","1578","41683","16","878","43261","87.8","0","50","1000","1997","3.994","66","4.886905549102189","0","40.7","3.6232323232323234","10","700","878"
"812","BA","1000","2","0.1","50","0.1","0.5","1","platform","targeted","70","5","95","95","87.83426642095237","96.40309715261895","96.40309715261895","fixed","1","1","50","2973","2","50","23233924","v2.0-design-v1.0","100","77.4","22.599999999999994","28.604436229205177","true","99.786","50.57","50","0","774","500","0","0","878","0","33","845","0","43900","619","1545","41711","25","878","43256","87.8","0","50","1000","1997","3.994","71","4.891000499477155","0","38","3.6505050505050507","10","700","878"
"813","BA","1000","2","0.1","50","0.1","0.5","1","platform","targeted","70","5","95","95","87.83426642095237","96.40309715261895","96.40309715261895","fixed","1","1","50","2973","3","50","23233925","v2.0-design-v1.0","100","79.80000000000001","20.19999999999999","26.65764546684709","true","99.788","50.54199999999999","50","0","798","500","0","0","878","0","29","849","0","43900","591","1626","41670","13","878","43296","87.8","0","50","1000","1997","3.994","84","5.210481082694092","0","43.2","3.597979797979798","10","700","878"
"814","BA","1000","2","0.1","50","0.1","0.5","1","platform","targeted","70","5","95","95","87.83426642095237","96.40309715261895","96.40309715261895","fixed","1","1","50","2973","4","50","23233926","v2.0-design-v1.0","100","78.2","21.799999999999997","30.17281644091546","true","99.786","50.412000000000006","50","0","782","500","0","0","878","0","20","858","0","43900","646","1495","41741","18","878","43236","87.8","0","50","1000","1997","3.994","108","5.572703026271803","0","46.6","3.5636363636363635","10","700","878"
"815","BA","1000","2","0.1","50","0.1","0.5","1","platform","targeted","70","5","95","95","87.83426642095237","96.40309715261895","96.40309715261895","fixed","1","1","50","2973","5","50","23233927","v2.0-design-v1.0","100","77.3","22.700000000000003","28.47836202885063","true","99.76799999999999","51.35200000000003","50","0","773","500","0","0","878","0","23","855","0","43900","612","1537","41725","26","878","43262","87.8","0","50","1000","1997","3.994","121","5.629178594755326","0","43.4","3.595959595959596","10","700","878"
"816","BA","1000","2","0.1","50","0.1","0.5","1","platform","targeted","70","5","95","95","87.83426642095237","96.40309715261895","96.40309715261895","fixed","1","1","50","2973","6","50","23233928","v2.0-design-v1.0","100","77.9","22.099999999999994","28.769017980636235","true","99.75","50.58000000000001","50","0","779","500","0","0","878","0","32","846","0","43900","624","1545","41703","28","878","43248","87.8","0","50","1000","1997","3.994","77","4.909385507990378","0","39.4","3.6363636363636362","10","700","878"
"817","BA","1000","2","0.1","50","0.1","0.5","1","platform","targeted","70","5","95","95","87.83426642095237","96.40309715261895","96.40309715261895","fixed","1","1","50","2973","7","50","23233929","v2.0-design-v1.0","100","79.9","20.099999999999994","27.215474583895638","true","99.75","50.91000000000001","50","0","799","500","0","0","878","0","37","841","0","43900","605","1618","41649","28","878","43267","87.8","0","50","1000","1997","3.994","71","4.840598660847154","0","38.6","3.6444444444444444","10","700","878"
"818","BA","1000","2","0.1","50","0.1","0.5","1","platform","targeted","70","5","95","95","87.83426642095237","96.40309715261895","96.40309715261895","fixed","1","1","50","2973","8","50","23233930","v2.0-design-v1.0","100","77.2","22.799999999999997","28.372739916550767","true","99.772","52.257999999999996","50","0","772","500","0","0","878","0","34","844","0","43900","612","1545","41721","22","878","43266","87.8","0","50","1000","1997","3.994","78","4.935820734824782","0","39","3.6404040404040403","10","700","878"
"819","BA","1000","2","0.1","50","0.1","0.5","1","platform","targeted","70","5","95","95","87.83426642095237","96.40309715261895","96.40309715261895","fixed","1","1","50","2973","9","50","23233931","v2.0-design-v1.0","100","77.5","22.5","28.916232844297205","true","99.786","52.36599999999999","50","0","775","500","0","0","878","0","38","840","0","43900","611","1502","41765","22","878","43267","87.8","0","50","1000","1997","3.994","83","5.088404057841296","0","39.2","3.6383838383838385","10","700","878"
"820","BA","1000","2","0.1","50","0.1","0.5","1","platform","targeted","70","5","95","95","87.83426642095237","96.40309715261895","96.40309715261895","fixed","1","1","50","2973","10","50","23233932","v2.0-design-v1.0","100","76.5","23.5","29.18017600741084","true","99.74600000000001","51.852000000000025","50","0","765","500","0","0","878","0","27","851","0","43900","630","1529","41715","26","878","43244","87.8","0","50","1000","1997","3.994","75","5.2822216789780585","0","45.2","3.577777777777778","10","700","878"
"821","BA","1000","2","0.1","50","0.1","0.5","1","platform","targeted","70","5","95","95","87.83426642095237","96.40309715261895","96.40309715261895","fixed","1","1","50","2973","11","50","23233933","v2.0-design-v1.0","100","79.2","20.799999999999997","28.484565014031805","true","99.774","51.007999999999996","50","0","792","500","0","0","878","0","26","852","0","43900","609","1529","41740","22","878","43269","87.8","0","50","1000","1997","3.994","83","5.2619057053173774","0","41.6","3.614141414141414","10","700","878"
"822","BA","1000","2","0.1","50","0.1","0.5","1","platform","targeted","70","5","95","95","87.83426642095237","96.40309715261895","96.40309715261895","fixed","1","1","50","2973","12","50","23233934","v2.0-design-v1.0","100","81.6","18.400000000000006","27.374551971326166","true","99.774","48.74400000000002","50","0","816","500","0","0","878","0","35","843","0","43900","611","1621","41649","19","878","43270","87.8","0","50","1000","1997","3.994","89","5.745517816087155","0","51.7","3.512121212121212","10","700","878"
"823","BA","1000","2","0.1","50","0.1","0.5","1","platform","targeted","70","5","95","95","87.83426642095237","96.40309715261895","96.40309715261895","fixed","1","1","50","2973","13","50","23233935","v2.0-design-v1.0","100","76.8","23.200000000000003","28.28424497428705","true","99.78399999999999","51.446","50","0","768","500","0","0","878","0","29","849","0","43900","605","1534","41741","20","878","43275","87.8","0","50","1000","1997","3.994","85","5.307931625232003","0","43.2","3.597979797979798","10","700","878"
"824","BA","1000","2","0.1","50","0.1","0.5","1","platform","targeted","70","5","95","95","87.83426642095237","96.40309715261895","96.40309715261895","fixed","1","1","50","2973","14","50","23233936","v2.0-design-v1.0","100","77.10000000000001","22.89999999999999","29.039923954372625","true","99.788","52.04799999999998","50","0","771","500","0","0","878","0","25","853","0","43900","611","1493","41774","22","878","43267","87.8","0","50","1000","1997","3.994","68","5.2104810826940895","0","44.8","3.581818181818182","10","700","878"
"825","BA","1000","2","0.1","50","0.1","0.5","1","platform","targeted","70","5","95","95","87.83426642095237","96.40309715261895","96.40309715261895","fixed","1","1","50","2973","15","50","23233937","v2.0-design-v1.0","100","79","21","28.6571296723581","true","99.74799999999999","50.678000000000004","50","0","790","500","0","0","878","0","41","837","0","43900","621","1546","41706","27","878","43252","87.8","0","50","1000","1997","3.994","63","5.049699343868246","0","43","3.6","10","700","878"
"826","BA","1000","2","0.1","50","0.1","0.5","1","platform","targeted","70","5","95","95","87.83426642095237","96.40309715261895","96.40309715261895","fixed","1","1","50","2973","16","50","23233938","v2.0-design-v1.0","100","79.60000000000001","20.39999999999999","28.20401046207498","true","99.73200000000001","48.192000000000014","50","0","796","500","0","0","878","0","42","836","0","43900","647","1647","41573","33","878","43220","87.8","0","50","1000","1997","3.994","82","5.27444630115652","0","44.4","3.585858585858586","10","700","878"
"827","BA","1000","2","0.1","50","0.1","0.5","1","platform","targeted","70","5","95","95","87.83426642095237","96.40309715261895","96.40309715261895","fixed","1","1","50","2973","17","50","23233939","v2.0-design-v1.0","100","80.2","19.799999999999997","28.712406015037594","true","99.76","49.984000000000016","50","0","802","500","0","0","878","0","23","855","0","43900","611","1517","41741","31","878","43258","87.8","0","50","1000","1997","3.994","61","4.771869102850017","0","37.7","3.6535353535353536","10","700","878"
"828","BA","1000","2","0.1","50","0.1","0.5","1","platform","targeted","70","5","95","95","87.83426642095237","96.40309715261895","96.40309715261895","fixed","1","1","50","2973","18","50","23233940","v2.0-design-v1.0","100","79.10000000000001","20.89999999999999","28.197017623136016","true","99.78","48.68600000000002","50","0","791","500","0","0","878","0","40","838","0","43900","624","1589","41664","23","878","43253","87.8","0","50","1000","1997","3.994","84","5.213361980828019","0","41.7","3.613131313131313","10","700","878"
"829","BA","1000","2","0.1","50","0.1","0.5","1","platform","targeted","70","5","95","95","87.83426642095237","96.40309715261895","96.40309715261895","fixed","1","1","50","2973","19","50","23233941","v2.0-design-v1.0","100","79.7","20.299999999999997","27.465105808194508","true","99.76","49.32200000000001","50","0","797","500","0","0","878","0","27","851","0","43900","610","1611","41660","19","878","43271","87.8","0","50","1000","1997","3.994","84","5.654727220648209","0","46.9","3.5606060606060606","10","700","878"
"830","BA","1000","2","0.1","50","0.1","0.5","1","platform","targeted","70","5","95","95","87.83426642095237","96.40309715261895","96.40309715261895","fixed","1","1","50","2973","20","50","23233942","v2.0-design-v1.0","100","80.5","19.5","28.678187762727696","true","99.75200000000001","49.99999999999999","50","0","805","500","0","0","878","0","31","847","0","43900","614","1527","41737","22","878","43264","87.8","0","50","1000","1997","3.994","96","5.335581733272607","0","42.9","3.601010101010101","10","700","878"
"831","BA","1000","2","0.1","50","0.1","0.5","1","platform","targeted","70","5","95","95","87.83426642095237","96.40309715261895","96.40309715261895","fixed","1","1","50","2973","21","50","23233943","v2.0-design-v1.0","100","79","21","28.03442028985507","true","99.766","50.308000000000014","50","0","790","500","0","0","878","0","18","860","0","43900","619","1589","41670","22","878","43259","87.8","0","50","1000","1997","3.994","118","5.691604199024938","0","44.8","3.581818181818182","10","700","878"
"832","BA","1000","2","0.1","50","0.1","0.5","1","platform","targeted","70","5","95","95","87.83426642095237","96.40309715261895","96.40309715261895","fixed","1","1","50","2973","22","50","23233944","v2.0-design-v1.0","100","80.60000000000001","19.39999999999999","28.57142857142857","true","99.76","50.00200000000001","50","0","806","500","0","0","878","0","22","856","0","43900","624","1560","41697","19","878","43257","87.8","0","50","1000","1997","3.994","86","5.158543842459276","0","40.7","3.6232323232323234","10","700","878"
"833","BA","1000","2","0.1","50","0.1","0.5","1","platform","targeted","70","5","95","95","87.83426642095237","96.40309715261895","96.40309715261895","fixed","1","1","50","2973","23","50","23233945","v2.0-design-v1.0","100","78.5","21.5","29.703429101019463","true","99.738","51.315999999999995","50","0","785","500","0","0","878","0","39","839","0","43900","641","1517","41705","37","878","43222","87.8","0","50","1000","1997","3.994","111","5.746911430585206","0","46.8","3.5616161616161617","10","700","878"
"834","BA","1000","2","0.1","50","0.1","0.5","1","platform","targeted","70","5","95","95","87.83426642095237","96.40309715261895","96.40309715261895","fixed","1","1","50","2973","24","50","23233946","v2.0-design-v1.0","100","77.8","22.200000000000003","27.629733520336607","true","99.816","50.446000000000005","50","0","778","500","0","0","878","0","37","841","0","43900","591","1548","41739","22","878","43287","87.8","0","50","1000","1997","3.994","50","4.858144251210071","0","41.8","3.6121212121212123","10","700","878"
"835","BA","1000","2","0.1","50","0.1","0.5","1","platform","targeted","70","5","95","95","87.83426642095237","96.40309715261895","96.40309715261895","fixed","1","1","50","2973","25","50","23233947","v2.0-design-v1.0","100","78.8","21.200000000000003","27.99097065462754","true","99.82600000000001","50.24799999999999","50","0","788","500","0","0","878","0","29","849","0","43900","620","1595","41667","18","878","43262","87.8","0","50","1000","1997","3.994","100","5.715648050101805","0","45.2","3.577777777777778","10","700","878"
"836","BA","1000","2","0.1","50","0.1","0.5","1","platform","targeted","70","5","95","95","87.83426642095237","96.40309715261895","96.40309715261895","fixed","1","1","50","2973","26","50","23233948","v2.0-design-v1.0","100","78.3","21.700000000000003","28.75816993464052","true","99.728","50.27599999999998","50","0","783","500","0","0","878","0","29","849","0","43900","616","1526","41729","29","878","43255","87.8","0","50","1000","1997","3.994","96","5.737149020103868","0","46.6","3.5636363636363635","10","700","878"
"837","BA","1000","2","0.1","50","0.1","0.5","1","platform","targeted","70","5","95","95","87.83426642095237","96.40309715261895","96.40309715261895","fixed","1","1","50","2973","27","50","23233949","v2.0-design-v1.0","100","81.39999999999999","18.60000000000001","27.91741472172352","true","99.738","49.181999999999995","50","0","814","500","0","0","878","0","42","836","0","43900","622","1606","41642","30","878","43248","87.8","0","50","1000","1997","3.994","78","5.389527902424377","0","46.8","3.5616161616161617","10","700","878"
"838","BA","1000","2","0.1","50","0.1","0.5","1","platform","targeted","70","5","95","95","87.83426642095237","96.40309715261895","96.40309715261895","fixed","1","1","50","2973","28","50","23233950","v2.0-design-v1.0","100","78.4","21.599999999999994","28.768382352941174","true","99.72","50.68999999999999","50","0","784","500","0","0","878","0","31","847","0","43900","626","1550","41692","32","878","43242","87.8","0","50","1000","1997","3.994","81","5.200674091981817","0","43.2","3.597979797979798","10","700","878"
"839","BA","1000","2","0.1","50","0.1","0.5","1","platform","targeted","70","5","95","95","87.83426642095237","96.40309715261895","96.40309715261895","fixed","1","1","50","2973","29","50","23233951","v2.0-design-v1.0","100","78.7","21.299999999999997","27.598896044158234","true","99.78399999999999","49.866000000000014","50","0","787","500","0","0","878","0","34","844","0","43900","600","1574","41708","18","878","43282","87.8","0","50","1000","1997","3.994","103","5.804796263406637","0","46.4","3.5656565656565657","10","700","878"
"840","BA","1000","2","0.1","50","0.1","0.5","1","platform","targeted","70","5","95","95","87.83426642095237","96.40309715261895","96.40309715261895","fixed","1","1","50","2973","30","50","23233952","v2.0-design-v1.0","100","78.4","21.599999999999994","27.708621484555096","true","99.744","49.13799999999999","50","0","784","500","0","0","878","0","25","853","0","43900","601","1568","41703","28","878","43271","87.8","0","50","1000","1997","3.994","73","5.17636540042902","0","43.5","3.594949494949495","10","700","878"
"841","BA","1000","2","0.1","50","0.1","0.5","1","platform","targeted","70","5","95","95","51.90776385895215","90.8745942483004","90.8745942483004","fixed","1","1","50","2974","1","50","23234923","v2.0-design-v1.0","96.6","59.199999999999996","37.4","43.45298281092012","true","89.184","46.096000000000004","50","3.4000000000000004","592","500","34","40","519","6","47","466","0","25950","1719","2237","21834","160","513","24071","51.9","0","50","1000","1997","3.994","83","5.4084392587155","0","46.3","3.566666666666667","10","700","519"
"842","BA","1000","2","0.1","50","0.1","0.5","1","platform","targeted","70","5","95","95","51.90776385895215","90.8745942483004","90.8745942483004","fixed","1","1","50","2974","2","50","23234924","v2.0-design-v1.0","85.1","52.800000000000004","32.29999999999999","53.08697611536728","true","80.15599999999999","39.872","50","14.899999999999999","528","500","149","186","519","37","38","439","5","25950","2356","2082","21285","227","477","23367","51.9","0","50","1000","1997","3.994","113","6.057115869178412","0","46","3.56969696969697","10","700","519"
"843","BA","1000","2","0.1","50","0.1","0.5","1","platform","targeted","70","5","95","95","51.90776385895215","90.8745942483004","90.8745942483004","fixed","1","1","50","2974","3","50","23234925","v2.0-design-v1.0","93.2","55.00000000000001","38.199999999999996","49.086870681145115","true","85.31999999999998","45.56","50","6.800000000000001","550","500","68","81","519","13","43","463","0","25950","1989","2063","21691","207","506","23754","51.9","0","50","1000","1997","3.994","83","5.361035786553252","0","44.4","3.585858585858586","10","700","519"
"844","BA","1000","2","0.1","50","0.1","0.5","1","platform","targeted","70","5","95","95","51.90776385895215","90.8745942483004","90.8745942483004","fixed","1","1","50","2974","4","50","23234926","v2.0-design-v1.0","87.5","53","34.5","53.32316408803661","true","81.04999999999998","41.096000000000004","50","12.5","530","500","125","157","519","32","42","440","5","25950","2447","2142","21110","251","482","23252","51.9","0","50","1000","1997","3.994","81","5.159513987245748","0","41.7","3.613131313131313","10","700","519"
"845","BA","1000","2","0.1","50","0.1","0.5","1","platform","targeted","70","5","95","95","51.90776385895215","90.8745942483004","90.8745942483004","fixed","1","1","50","2974","5","50","23234927","v2.0-design-v1.0","88.2","53.800000000000004","34.4","50.11927480916031","true","82.48600000000002","41.47400000000002","50","11.799999999999999","538","500","118","142","519","24","47","446","2","25950","2101","2091","21552","206","493","23643","51.9","0","50","1000","1997","3.994","78","5.482154505120951","0","46.3","3.566666666666667","10","700","519"
"846","BA","1000","2","0.1","50","0.1","0.5","1","platform","targeted","70","5","95","95","51.90776385895215","90.8745942483004","90.8745942483004","fixed","1","1","50","2974","6","50","23234928","v2.0-design-v1.0","90.1","54.2","35.89999999999999","49.34797529169526","true","83.098","42.87799999999999","50","9.9","542","500","99","113","519","14","55","447","3","25950","2157","2214","21366","213","502","23580","51.9","0","50","1000","1997","3.994","74","4.931357042669105","0","41.3","3.617171717171717","10","700","519"
"847","BA","1000","2","0.1","50","0.1","0.5","1","platform","targeted","70","5","95","95","51.90776385895215","90.8745942483004","90.8745942483004","fixed","1","1","50","2974","7","50","23234929","v2.0-design-v1.0","86.5","52.300000000000004","34.199999999999996","52.20407249944059","true","80.02999999999999","40.367999999999995","50","13.5","523","500","135","162","519","27","44","444","4","25950","2333","2136","21248","233","488","23384","51.9","0","50","1000","1997","3.994","55","4.651408345823819","0","37.1","3.6595959595959595","10","700","519"
"848","BA","1000","2","0.1","50","0.1","0.5","1","platform","targeted","70","5","95","95","51.90776385895215","90.8745942483004","90.8745942483004","fixed","1","1","50","2974","8","50","23234930","v2.0-design-v1.0","98.9","58.3","40.60000000000001","39.972375690607734","true","91.24799999999998","49.071999999999996","50","1.0999999999999999","583","500","11","14","519","3","40","476","0","25950","1447","2173","22173","157","516","24346","51.9","0","50","1000","1997","3.994","102","5.803071569405256","0","46.8","3.5616161616161617","10","700","519"
"849","BA","1000","2","0.1","50","0.1","0.5","1","platform","targeted","70","5","95","95","51.90776385895215","90.8745942483004","90.8745942483004","fixed","1","1","50","2974","9","50","23234931","v2.0-design-v1.0","93.2","53.6","39.6","47.6145264657014","true","85.20199999999998","44.702","50","6.800000000000001","536","500","68","88","519","20","49","450","0","25950","2006","2207","21552","185","499","23759","51.9","0","50","1000","1997","3.994","68","5.128183134625964","0","43.4","3.595959595959596","10","700","519"
"850","BA","1000","2","0.1","50","0.1","0.5","1","platform","targeted","70","5","95","95","51.90776385895215","90.8745942483004","90.8745942483004","fixed","1","1","50","2974","10","50","23234932","v2.0-design-v1.0","89.7","53.900000000000006","35.8","50.70776255707763","true","82.06399999999998","41.343999999999994","50","10.299999999999999","539","500","103","123","519","20","45","454","0","25950","2221","2159","21343","227","499","23502","51.9","0","50","1000","1997","3.994","81","5.2518135482464965","0","44.4","3.585858585858586","10","700","519"
"851","BA","1000","2","0.1","50","0.1","0.5","1","platform","targeted","70","5","95","95","51.90776385895215","90.8745942483004","90.8745942483004","fixed","1","1","50","2974","11","50","23234933","v2.0-design-v1.0","86","53.5","32.5","51.216154199173936","true","80.696","40.174","50","14.000000000000002","535","500","140","170","519","30","40","447","2","25950","2232","2126","21361","231","487","23487","51.9","0","50","1000","1997","3.994","74","5.5221787782050615","0","47.9","3.5505050505050506","10","700","519"
"852","BA","1000","2","0.1","50","0.1","0.5","1","platform","targeted","70","5","95","95","51.90776385895215","90.8745942483004","90.8745942483004","fixed","1","1","50","2974","12","50","23234934","v2.0-design-v1.0","92.1","54.1","37.99999999999999","47.59719874426467","true","85.13","44.724","50","7.9","541","500","79","101","519","22","51","444","2","25950","1971","2170","21607","202","495","23777","51.9","0","50","1000","1997","3.994","82","5.393798017821669","0","46","3.56969696969697","10","700","519"
"854","BA","1000","2","0.1","50","0.1","0.5","1","platform","targeted","70","5","95","95","51.90776385895215","90.8745942483004","90.8745942483004","fixed","1","1","50","2974","14","50","23234936","v2.0-design-v1.0","98.1","59.5","38.599999999999994","40.87355082232408","true","90.97400000000003","47.924","50","1.9","595","500","19","26","519","7","42","470","0","25950","1516","2193","22082","159","512","24275","51.9","0","50","1000","1997","3.994","87","5.8891974535285225","0","49.9","3.5303030303030303","10","700","519"
"853","BA","1000","2","0.1","50","0.1","0.5","1","platform","targeted","70","5","95","95","51.90776385895215","90.8745942483004","90.8745942483004","fixed","1","1","50","2974","13","50","23234935","v2.0-design-v1.0","91.5","54.800000000000004","36.699999999999996","48.89411764705882","true","83.58","42.026","50","8.5","548","500","85","107","519","22","53","443","1","25950","2078","2172","21492","208","496","23664","51.9","0","50","1000","1997","3.994","65","5.140855219940772","0","45.3","3.576767676767677","10","700","519"
"856","BA","1000","2","0.1","50","0.1","0.5","1","platform","targeted","70","5","95","95","51.90776385895215","90.8745942483004","90.8745942483004","fixed","1","1","50","2974","16","50","23234938","v2.0-design-v1.0","93.5","55.400000000000006","38.099999999999994","45.245026686074716","true","86.39400000000002","45.07200000000002","50","6.5","554","500","65","79","519","14","52","452","1","25950","1865","2257","21622","206","504","23879","51.9","0","50","1000","1997","3.994","94","5.273307479350286","0","43.1","3.598989898989899","10","700","519"
"855","BA","1000","2","0.1","50","0.1","0.5","1","platform","targeted","70","5","95","95","51.90776385895215","90.8745942483004","90.8745942483004","fixed","1","1","50","2974","15","50","23234937","v2.0-design-v1.0","88.5","52.7","35.8","49.78295636280558","true","82.91800000000003","42.38","50","11.5","527","500","115","144","519","29","43","442","5","25950","2179","2198","21365","208","485","23563","51.9","0","50","1000","1997","3.994","101","5.957470558505159","0","49.8","3.5313131313131314","10","700","519"
"857","BA","1000","2","0.1","50","0.1","0.5","1","platform","targeted","70","5","95","95","51.90776385895215","90.8745942483004","90.8745942483004","fixed","1","1","50","2974","17","50","23234939","v2.0-design-v1.0","96","57.9","38.1","42.70676691729323","true","88.04199999999999","46.098","50","4","579","500","40","55","519","15","52","451","1","25950","1704","2286","21802","158","503","24088","51.9","0","50","1000","1997","3.994","115","5.3677534198933445","0","39.7","3.6333333333333333","10","700","519"
"858","BA","1000","2","0.1","50","0.1","0.5","1","platform","targeted","70","5","95","95","51.90776385895215","90.8745942483004","90.8745942483004","fixed","1","1","50","2974","18","50","23234940","v2.0-design-v1.0","86.1","51.300000000000004","34.79999999999999","53.037946918183806","true","79.61199999999998","40.492000000000004","50","13.900000000000002","513","500","139","160","519","21","48","448","2","25950","2418","2141","21140","251","496","23281","51.9","0","50","1000","1997","3.994","89","5.417500651897812","0","46","3.56969696969697","10","700","519"
"859","BA","1000","2","0.1","50","0.1","0.5","1","platform","targeted","70","5","95","95","51.90776385895215","90.8745942483004","90.8745942483004","fixed","1","1","50","2974","19","50","23234941","v2.0-design-v1.0","94.9","57.8","37.10000000000001","46.313131313131315","true","87.08000000000001","46.136","50","5.1","578","500","51","63","519","12","38","468","1","25950","1834","2126","21778","212","506","23904","51.9","0","50","1000","1997","3.994","63","5.23807229822206","0","45.8","3.5717171717171716","10","700","519"
"860","BA","1000","2","0.1","50","0.1","0.5","1","platform","targeted","70","5","95","95","51.90776385895215","90.8745942483004","90.8745942483004","fixed","1","1","50","2974","20","50","23234942","v2.0-design-v1.0","99.1","60.5","38.599999999999994","39.86772486772487","true","91.43200000000003","49.922000000000004","50","0.8999999999999999","605","500","9","11","519","2","52","465","0","25950","1507","2273","22028","142","517","24301","51.9","0","50","1000","1997","3.994","55","5.3563658066504924","0","47.3","3.5565656565656565","10","700","519"
"861","BA","1000","2","0.1","50","0.1","0.5","1","platform","targeted","70","5","95","95","51.90776385895215","90.8745942483004","90.8745942483004","fixed","1","1","50","2974","21","50","23234943","v2.0-design-v1.0","92.6","54.2","38.39999999999999","48.09086515224747","true","85.61200000000001","44.65","50","7.3999999999999995","542","500","74","87","519","13","36","469","1","25950","1990","2148","21632","180","505","23780","51.9","0","50","1000","1997","3.994","57","5.025257925441953","0","42.3","3.607070707070707","10","700","519"
"862","BA","1000","2","0.1","50","0.1","0.5","1","platform","targeted","70","5","95","95","51.90776385895215","90.8745942483004","90.8745942483004","fixed","1","1","50","2974","22","50","23234944","v2.0-design-v1.0","86.1","52.7","33.39999999999999","52.57080610021786","true","79.532","39.211999999999996","50","13.900000000000002","527","500","139","173","519","34","35","447","3","25950","2413","2177","21135","225","482","23312","51.9","0","50","1000","1997","3.994","60","4.8912051570024975","0","42.6","3.604040404040404","10","700","519"
"863","BA","1000","2","0.1","50","0.1","0.5","1","platform","targeted","70","5","95","95","51.90776385895215","90.8745942483004","90.8745942483004","fixed","1","1","50","2974","23","50","23234945","v2.0-design-v1.0","89.9","53.7","36.2","49.63452016033954","true","83.66","43.47600000000001","50","10.100000000000001","537","500","101","122","519","21","48","449","1","25950","2105","2136","21472","237","497","23608","51.9","0","50","1000","1997","3.994","91","5.434657256856168","0","43.7","3.592929292929293","10","700","519"
"864","BA","1000","2","0.1","50","0.1","0.5","1","platform","targeted","70","5","95","95","51.90776385895215","90.8745942483004","90.8745942483004","fixed","1","1","50","2974","24","50","23234946","v2.0-design-v1.0","92.3","54.2","38.099999999999994","49.40814393939394","true","84.32799999999999","43.40800000000001","50","7.7","542","500","77","94","519","17","33","465","4","25950","2087","2137","21506","220","498","23643","51.9","0","50","1000","1997","3.994","74","5.170560772169555","0","42.9","3.601010101010101","10","700","519"
"865","BA","1000","2","0.1","50","0.1","0.5","1","platform","targeted","70","5","95","95","51.90776385895215","90.8745942483004","90.8745942483004","fixed","1","1","50","2974","25","50","23234947","v2.0-design-v1.0","98","59.8","38.2","42.93180036582179","true","89.756","47.97199999999999","50","2","598","500","20","27","519","7","36","476","0","25950","1643","2184","21957","166","512","24141","51.9","0","50","1000","1997","3.994","67","5.328635693904985","0","46.1","3.5686868686868687","10","700","519"
"866","BA","1000","2","0.1","50","0.1","0.5","1","platform","targeted","70","5","95","95","51.90776385895215","90.8745942483004","90.8745942483004","fixed","1","1","50","2974","26","50","23234948","v2.0-design-v1.0","82.5","52.2","30.299999999999997","54.45694504543488","true","78.23","38.147999999999996","50","17.5","522","500","175","207","519","32","47","436","4","25950","2517","2105","21082","246","483","23187","51.9","0","50","1000","1997","3.994","99","5.764476836035781","0","49","3.5393939393939395","10","700","519"
"867","BA","1000","2","0.1","50","0.1","0.5","1","platform","targeted","70","5","95","95","51.90776385895215","90.8745942483004","90.8745942483004","fixed","1","1","50","2974","27","50","23234949","v2.0-design-v1.0","86.2","54.7","31.5","50.58584948174853","true","80.54999999999997","39.309999999999995","50","13.8","547","500","138","167","519","29","47","440","3","25950","2245","2193","21292","220","487","23485","51.9","0","50","1000","1997","3.994","64","4.960501040275112","0","41.2","3.618181818181818","10","700","519"
"868","BA","1000","2","0.1","50","0.1","0.5","1","platform","targeted","70","5","95","95","51.90776385895215","90.8745942483004","90.8745942483004","fixed","1","1","50","2974","28","50","23234950","v2.0-design-v1.0","90.2","56.10000000000001","34.099999999999994","49.244712990936556","true","84.262","40.99400000000001","50","9.8","561","500","98","113","519","15","43","460","1","25950","2119","2184","21432","215","503","23616","51.9","0","50","1000","1997","3.994","125","5.778178895755239","0","44.9","3.580808080808081","10","700","519"
"869","BA","1000","2","0.1","50","0.1","0.5","1","platform","targeted","70","5","95","95","51.90776385895215","90.8745942483004","90.8745942483004","fixed","1","1","50","2974","29","50","23234951","v2.0-design-v1.0","74.1","50.8","23.299999999999997","58.51564097321611","true","73.60600000000001","35.086","50","25.900000000000002","508","500","259","313","519","54","41","417","7","25950","2862","2029","20766","293","458","22795","51.9","0","50","1000","1997","3.994","62","4.825271727814627","0","40.3","3.6272727272727274","10","700","519"
"870","BA","1000","2","0.1","50","0.1","0.5","1","platform","targeted","70","5","95","95","51.90776385895215","90.8745942483004","90.8745942483004","fixed","1","1","50","2974","30","50","23234952","v2.0-design-v1.0","75","50.5","24.5","58.0960130187144","true","73.10999999999999","34.38399999999999","50","25","505","500","250","307","519","57","45","412","5","25950","2856","2060","20730","304","457","22790","51.9","0","50","1000","1997","3.994","72","5.316034633467331","0","45.8","3.5717171717171716","10","700","519"
"871","BA","1000","2","0.1","50","0.1","0.5","1","platform","targeted","70","5","95","95","87.33328777485504","93.43485901274573","93.43485901274573","fixed","1","1","50","2975","1","50","23235923","v2.0-design-v1.0","100","93.30000000000001","6.699999999999989","18.65044888502751","true","99.686","32.614000000000004","50","0","933","500","0","0","873","0","61","812","0","43650","644","2809","40151","46","873","42960","87.3","0","50","1000","1997","3.994","67","5.055840733797441","0","42.2","3.608080808080808","10","700","873"
"872","BA","1000","2","0.1","50","0.1","0.5","1","platform","targeted","70","5","95","95","87.33328777485504","93.43485901274573","93.43485901274573","fixed","1","1","50","2975","2","50","23235924","v2.0-design-v1.0","100","94.8","5.200000000000003","18.16557474687314","true","99.734","34.61600000000001","50","0","948","500","0","0","873","0","59","814","0","43650","610","2748","40249","43","873","42997","87.3","0","50","1000","1997","3.994","50","4.915294917309034","0","40.5","3.625252525252525","10","700","873"
"873","BA","1000","2","0.1","50","0.1","0.5","1","platform","targeted","70","5","95","95","87.33328777485504","93.43485901274573","93.43485901274573","fixed","1","1","50","2975","3","50","23235925","v2.0-design-v1.0","100","93.89999999999999","6.1000000000000085","18.255578093306287","true","99.71600000000001","34.31799999999999","50","0","939","500","0","0","873","0","58","815","0","43650","630","2821","40148","51","873","42969","87.3","0","50","1000","1997","3.994","58","4.805315291950667","0","40.6","3.624242424242424","10","700","873"
"874","BA","1000","2","0.1","50","0.1","0.5","1","platform","targeted","70","5","95","95","87.33328777485504","93.43485901274573","93.43485901274573","fixed","1","1","50","2975","4","50","23235926","v2.0-design-v1.0","100","92.5","7.5","18.059614260666276","true","99.72","32.656000000000006","50","0","925","500","0","0","873","0","52","821","0","43650","618","2804","40176","52","873","42980","87.3","0","50","1000","1997","3.994","77","5.051681253155569","0","43.3","3.596969696969697","10","700","873"
"875","BA","1000","2","0.1","50","0.1","0.5","1","platform","targeted","70","5","95","95","87.33328777485504","93.43485901274573","93.43485901274573","fixed","1","1","50","2975","5","50","23235927","v2.0-design-v1.0","100","94.8","5.200000000000003","17.97461050201962","true","99.75","32.30199999999999","50","0","948","500","0","0","873","0","60","813","0","43650","623","2843","40145","39","873","42988","87.3","0","50","1000","1997","3.994","77","4.94574811574794","0","39.1","3.639393939393939","10","700","873"
"876","BA","1000","2","0.1","50","0.1","0.5","1","platform","targeted","70","5","95","95","87.33328777485504","93.43485901274573","93.43485901274573","fixed","1","1","50","2975","6","50","23235928","v2.0-design-v1.0","100","94.3","5.700000000000003","17.67115272088941","true","99.75399999999999","33.995999999999995","50","0","943","500","0","0","873","0","52","821","0","43650","604","2814","40193","39","873","43007","87.3","0","50","1000","1997","3.994","64","5.127792727700497","0","42.7","3.603030303030303","10","700","873"
"877","BA","1000","2","0.1","50","0.1","0.5","1","platform","targeted","70","5","95","95","87.33328777485504","93.43485901274573","93.43485901274573","fixed","1","1","50","2975","7","50","23235929","v2.0-design-v1.0","100","94.3","5.700000000000003","17.757278754684346","true","99.77","31.492000000000015","50","0","943","500","0","0","873","0","55","818","0","43650","616","2853","40138","43","873","42991","87.3","0","50","1000","1997","3.994","71","5.0667184286908595","0","44.1","3.588888888888889","10","700","873"
"878","BA","1000","2","0.1","50","0.1","0.5","1","platform","targeted","70","5","95","95","87.33328777485504","93.43485901274573","93.43485901274573","fixed","1","1","50","2975","8","50","23235930","v2.0-design-v1.0","100","93.5","6.5","18.37916063675832","true","99.652","32.94399999999998","50","0","935","500","0","0","873","0","52","821","0","43650","635","2820","40142","53","873","42962","87.3","0","50","1000","1997","3.994","83","5.273687113943685","0","44","3.5898989898989897","10","700","873"
"879","BA","1000","2","0.1","50","0.1","0.5","1","platform","targeted","70","5","95","95","87.33328777485504","93.43485901274573","93.43485901274573","fixed","1","1","50","2975","9","50","23235931","v2.0-design-v1.0","100","92.7","7.299999999999997","18.271748617980794","true","99.686","33.3","50","0","927","500","0","0","873","0","62","811","0","43650","628","2809","40157","56","873","42966","87.3","0","50","1000","1997","3.994","87","5.152913400836117","0","43.9","3.590909090909091","10","700","873"
"880","BA","1000","2","0.1","50","0.1","0.5","1","platform","targeted","70","5","95","95","87.33328777485504","93.43485901274573","93.43485901274573","fixed","1","1","50","2975","10","50","23235932","v2.0-design-v1.0","100","93.10000000000001","6.8999999999999915","17.846693973083674","true","99.71799999999999","33.17199999999999","50","0","931","500","0","0","873","0","55","818","0","43650","610","2808","40190","42","873","42998","87.3","0","50","1000","1997","3.994","59","4.698514663171754","0","39.8","3.632323232323232","10","700","873"
"881","BA","1000","2","0.1","50","0.1","0.5","1","platform","targeted","70","5","95","95","87.33328777485504","93.43485901274573","93.43485901274573","fixed","1","1","50","2975","11","50","23235933","v2.0-design-v1.0","100","94.89999999999999","5.1000000000000085","17.793904208998548","true","99.744","33.174","50","0","949","500","0","0","873","0","65","808","0","43650","613","2832","40164","41","873","42996","87.3","0","50","1000","1997","3.994","98","5.756831168716436","0","47.8","3.5515151515151517","10","700","873"
"882","BA","1000","2","0.1","50","0.1","0.5","1","platform","targeted","70","5","95","95","87.33328777485504","93.43485901274573","93.43485901274573","fixed","1","1","50","2975","12","50","23235934","v2.0-design-v1.0","100","95.5","4.5","18.26355717898286","true","99.70200000000001","31.88199999999999","50","0","955","500","0","0","873","0","65","808","0","43650","650","2909","40050","41","873","42959","87.3","0","50","1000","1997","3.994","82","5.329199223557351","0","46.1","3.5686868686868687","10","700","873"
"883","BA","1000","2","0.1","50","0.1","0.5","1","platform","targeted","70","5","95","95","87.33328777485504","93.43485901274573","93.43485901274573","fixed","1","1","50","2975","13","50","23235935","v2.0-design-v1.0","100","94.3","5.700000000000003","18.748154709182167","true","99.74","33.25399999999999","50","0","943","500","0","0","873","0","55","818","0","43650","635","2752","40229","34","873","42981","87.3","0","50","1000","1997","3.994","111","5.868765322144564","0","46.7","3.562626262626263","10","700","873"
"884","BA","1000","2","0.1","50","0.1","0.5","1","platform","targeted","70","5","95","95","87.33328777485504","93.43485901274573","93.43485901274573","fixed","1","1","50","2975","14","50","23235936","v2.0-design-v1.0","100","94.6","5.400000000000006","18.06378775049393","true","99.704","32.00400000000001","50","0","946","500","0","0","873","0","48","825","0","43650","640","2903","40060","47","873","42963","87.3","0","50","1000","1997","3.994","90","5.562454935089795","0","45.3","3.576767676767677","10","700","873"
"885","BA","1000","2","0.1","50","0.1","0.5","1","platform","targeted","70","5","95","95","87.33328777485504","93.43485901274573","93.43485901274573","fixed","1","1","50","2975","15","50","23235937","v2.0-design-v1.0","100","93.2","6.799999999999997","18.287711124053583","true","99.696","33.58800000000001","50","0","932","500","0","0","873","0","57","816","0","43650","628","2806","40160","56","873","42966","87.3","0","50","1000","1997","3.994","75","5.511836748702218","0","48.4","3.5454545454545454","10","700","873"
"886","BA","1000","2","0.1","50","0.1","0.5","1","platform","targeted","70","5","95","95","87.33328777485504","93.43485901274573","93.43485901274573","fixed","1","1","50","2975","16","50","23235938","v2.0-design-v1.0","100","94.1","5.900000000000006","18.00346220427005","true","99.68799999999999","32.77","50","0","941","500","0","0","873","0","58","815","0","43650","624","2842","40143","41","873","42985","87.3","0","50","1000","1997","3.994","97","5.352439874731201","0","44.1","3.588888888888889","10","700","873"
"887","BA","1000","2","0.1","50","0.1","0.5","1","platform","targeted","70","5","95","95","87.33328777485504","93.43485901274573","93.43485901274573","fixed","1","1","50","2975","17","50","23235939","v2.0-design-v1.0","100","95","5","17.67719897523484","true","99.72200000000001","31.143999999999995","50","0","950","500","0","0","873","0","53","820","0","43650","621","2892","40097","40","873","42989","87.3","0","50","1000","1997","3.994","68","5.162423327722606","0","42.8","3.602020202020202","10","700","873"
"888","BA","1000","2","0.1","50","0.1","0.5","1","platform","targeted","70","5","95","95","87.33328777485504","93.43485901274573","93.43485901274573","fixed","1","1","50","2975","18","50","23235940","v2.0-design-v1.0","100","94.1","5.900000000000006","18.06952025280092","true","99.72200000000001","32.93200000000001","50","0","941","500","0","0","873","0","58","815","0","43650","629","2852","40126","43","873","42978","87.3","0","50","1000","1997","3.994","83","5.212593897008959","0","42.9","3.601010101010101","10","700","873"
"889","BA","1000","2","0.1","50","0.1","0.5","1","platform","targeted","70","5","95","95","87.33328777485504","93.43485901274573","93.43485901274573","fixed","1","1","50","2975","19","50","23235941","v2.0-design-v1.0","100","94.3","5.700000000000003","18.201694452036072","true","99.664","31.350000000000005","50","0","943","500","0","0","873","0","60","813","0","43650","666","2993","39943","48","873","42936","87.3","0","50","1000","1997","3.994","96","5.444410492018902","0","45.1","3.5787878787878786","10","700","873"
"890","BA","1000","2","0.1","50","0.1","0.5","1","platform","targeted","70","5","95","95","87.33328777485504","93.43485901274573","93.43485901274573","fixed","1","1","50","2975","20","50","23235942","v2.0-design-v1.0","100","94.39999999999999","5.6000000000000085","17.590711175616836","true","99.756","32.65200000000001","50","0","944","500","0","0","873","0","63","810","0","43650","606","2839","40179","26","873","43018","87.3","0","50","1000","1997","3.994","74","4.927905056740457","0","38.6","3.6444444444444444","10","700","873"
"891","BA","1000","2","0.1","50","0.1","0.5","1","platform","targeted","70","5","95","95","87.33328777485504","93.43485901274573","93.43485901274573","fixed","1","1","50","2975","21","50","23235943","v2.0-design-v1.0","100","93.5","6.5","18.8","true","99.69200000000001","33.312","50","0","935","500","0","0","873","0","53","820","0","43650","658","2842","40098","52","873","42940","87.3","0","50","1000","1997","3.994","97","5.403069234903165","0","42.4","3.606060606060606","10","700","873"
"892","BA","1000","2","0.1","50","0.1","0.5","1","platform","targeted","70","5","95","95","87.33328777485504","93.43485901274573","93.43485901274573","fixed","1","1","50","2975","22","50","23235944","v2.0-design-v1.0","100","94.69999999999999","5.300000000000011","18.112766579024246","true","99.69","31.977999999999987","50","0","947","500","0","0","873","0","53","820","0","43650","620","2803","40182","45","873","42985","87.3","0","50","1000","1997","3.994","61","4.900814420275666","0","40.4","3.6262626262626263","10","700","873"
"893","BA","1000","2","0.1","50","0.1","0.5","1","platform","targeted","70","5","95","95","87.33328777485504","93.43485901274573","93.43485901274573","fixed","1","1","50","2975","23","50","23235945","v2.0-design-v1.0","100","94.39999999999999","5.6000000000000085","18.513244090002846","true","99.686","32.386","50","0","944","500","0","0","873","0","56","817","0","43650","650","2861","40088","51","873","42949","87.3","0","50","1000","1997","3.994","88","5.444042762653644","0","46.5","3.5646464646464646","10","700","873"
"894","BA","1000","2","0.1","50","0.1","0.5","1","platform","targeted","70","5","95","95","87.33328777485504","93.43485901274573","93.43485901274573","fixed","1","1","50","2975","24","50","23235946","v2.0-design-v1.0","100","94.89999999999999","5.1000000000000085","17.696393625943525","true","99.72200000000001","30.82399999999999","50","0","949","500","0","0","873","0","60","813","0","43650","633","2944","40032","41","873","42976","87.3","0","50","1000","1997","3.994","90","5.516738021548451","0","46.9","3.5606060606060606","10","700","873"
"895","BA","1000","2","0.1","50","0.1","0.5","1","platform","targeted","70","5","95","95","87.33328777485504","93.43485901274573","93.43485901274573","fixed","1","1","50","2975","25","50","23235947","v2.0-design-v1.0","100","93.4","6.599999999999994","18.87844979448033","true","99.66799999999999","33.104","50","0","934","500","0","0","873","0","51","822","0","43650","643","2763","40201","43","873","42964","87.3","0","50","1000","1997","3.994","79","4.830247953810981","0","39.1","3.639393939393939","10","700","873"
"896","BA","1000","2","0.1","50","0.1","0.5","1","platform","targeted","70","5","95","95","87.33328777485504","93.43485901274573","93.43485901274573","fixed","1","1","50","2975","26","50","23235948","v2.0-design-v1.0","100","93.8","6.200000000000003","18.85441527446301","true","99.71600000000001","33.104000000000006","50","0","938","500","0","0","873","0","57","816","0","43650","632","2720","40248","50","873","42968","87.3","0","50","1000","1997","3.994","64","5.132670679900301","0","44.5","3.584848484848485","10","700","873"
"897","BA","1000","2","0.1","50","0.1","0.5","1","platform","targeted","70","5","95","95","87.33328777485504","93.43485901274573","93.43485901274573","fixed","1","1","50","2975","27","50","23235949","v2.0-design-v1.0","100","94.1","5.900000000000006","18.3584686774942","true","99.682","33.97600000000001","50","0","941","500","0","0","873","0","55","818","0","43650","633","2815","40154","48","873","42969","87.3","0","50","1000","1997","3.994","54","4.555514978212298","0","37.8","3.6525252525252525","10","700","873"
"898","BA","1000","2","0.1","50","0.1","0.5","1","platform","targeted","70","5","95","95","87.33328777485504","93.43485901274573","93.43485901274573","fixed","1","1","50","2975","28","50","23235950","v2.0-design-v1.0","100","94","6","18.1922525107604","true","99.734","32.098","50","0","940","500","0","0","873","0","61","812","0","43650","634","2851","40128","37","873","42979","87.3","0","50","1000","1997","3.994","71","4.934400907132724","0","40.7","3.6232323232323234","10","700","873"
"899","BA","1000","2","0.1","50","0.1","0.5","1","platform","targeted","70","5","95","95","87.33328777485504","93.43485901274573","93.43485901274573","fixed","1","1","50","2975","29","50","23235951","v2.0-design-v1.0","100","93.4","6.599999999999994","18.902802623732857","true","99.698","33.897999999999996","50","0","934","500","0","0","873","0","52","821","0","43650","634","2720","40246","50","873","42966","87.3","0","50","1000","1997","3.994","60","4.85690781810335","0","40","3.6303030303030304","10","700","873"
"900","BA","1000","2","0.1","50","0.1","0.5","1","platform","targeted","70","5","95","95","87.33328777485504","93.43485901274573","93.43485901274573","fixed","1","1","50","2975","30","50","23235952","v2.0-design-v1.0","100","94","6","18.38718901915928","true","99.712","32.38","50","0","940","500","0","0","873","0","62","811","0","43650","643","2854","40107","46","873","42961","87.3","0","50","1000","1997","3.994","55","4.781927522540543","0","40","3.6303030303030304","10","700","873"
"901","BA","1000","2","0.1","50","0.1","0.5","1","platform","targeted","70","5","95","95","84.21211590381664","88.45352775385943","88.45352775385943","fixed","1","1","50","2976","1","50","23236923","v2.0-design-v1.0","100","98.7","1.2999999999999972","12.48407643312102","true","99.49","19.605999999999995","50","0","987","500","0","0","842","0","96","746","0","42100","686","4809","36513","92","842","41322","84.2","0","50","1000","1997","3.994","65","5.208559598688775","0","46.3","3.566666666666667","10","700","842"
"902","BA","1000","2","0.1","50","0.1","0.5","1","platform","targeted","70","5","95","95","84.21211590381664","88.45352775385943","88.45352775385943","fixed","1","1","50","2976","2","50","23236924","v2.0-design-v1.0","100","98.8","1.2000000000000028","11.807185412529337","true","99.554","20.550000000000004","50","0","988","500","0","0","842","0","92","750","0","42100","654","4885","36478","83","842","41363","84.2","0","50","1000","1997","3.994","79","5.534672221242784","0","47.9","3.5505050505050506","10","700","842"
"903","BA","1000","2","0.1","50","0.1","0.5","1","platform","targeted","70","5","95","95","84.21211590381664","88.45352775385943","88.45352775385943","fixed","1","1","50","2976","3","50","23236925","v2.0-design-v1.0","100","98.6","1.4000000000000057","12.22037345165465","true","99.506","20.886000000000003","50","0","986","500","0","0","842","0","114","728","0","42100","661","4748","36605","86","842","41353","84.2","0","50","1000","1997","3.994","76","5.194318525557021","0","43.1","3.598989898989899","10","700","842"
"904","BA","1000","2","0.1","50","0.1","0.5","1","platform","targeted","70","5","95","95","84.21211590381664","88.45352775385943","88.45352775385943","fixed","1","1","50","2976","4","50","23236926","v2.0-design-v1.0","100","99.1","0.9000000000000057","11.95553125569528","true","99.57600000000001","19.530000000000005","50","0","991","500","0","0","842","0","92","750","0","42100","656","4831","36528","85","842","41359","84.2","0","50","1000","1997","3.994","78","4.776062685389999","0","37.1","3.6595959595959595","10","700","842"
"905","BA","1000","2","0.1","50","0.1","0.5","1","platform","targeted","70","5","95","95","84.21211590381664","88.45352775385943","88.45352775385943","fixed","1","1","50","2976","5","50","23236927","v2.0-design-v1.0","100","98.4","1.5999999999999943","12.176984569622606","true","99.516","20.91","50","0","984","500","0","0","842","0","108","734","0","42100","655","4724","36641","80","842","41365","84.2","0","50","1000","1997","3.994","78","4.9623168569317","0","40.6","3.624242424242424","10","700","842"
"906","BA","1000","2","0.1","50","0.1","0.5","1","platform","targeted","70","5","95","95","84.21211590381664","88.45352775385943","88.45352775385943","fixed","1","1","50","2976","6","50","23236928","v2.0-design-v1.0","100","98.7","1.2999999999999972","11.385864550655102","true","99.56200000000001","20.266000000000002","50","0","987","500","0","0","842","0","94","748","0","42100","617","4802","36606","75","842","41408","84.2","0","50","1000","1997","3.994","80","5.030235309333665","0","41.7","3.613131313131313","10","700","842"
"907","BA","1000","2","0.1","50","0.1","0.5","1","platform","targeted","70","5","95","95","84.21211590381664","88.45352775385943","88.45352775385943","fixed","1","1","50","2976","7","50","23236929","v2.0-design-v1.0","100","99","1","12.095853936858122","true","99.556","19.598000000000003","50","0","990","500","0","0","842","0","92","750","0","42100","636","4622","36771","71","842","41393","84.2","0","50","1000","1997","3.994","84","5.193162132355664","0","42.3","3.607070707070707","10","700","842"
"908","BA","1000","2","0.1","50","0.1","0.5","1","platform","targeted","70","5","95","95","84.21211590381664","88.45352775385943","88.45352775385943","fixed","1","1","50","2976","8","50","23236930","v2.0-design-v1.0","100","99","1","11.534951633509765","true","99.52","19.642","50","0","990","500","0","0","842","0","97","745","0","42100","632","4847","36545","76","842","41392","84.2","0","50","1000","1997","3.994","83","5.558674559898502","0","48.5","3.5444444444444443","10","700","842"
"909","BA","1000","2","0.1","50","0.1","0.5","1","platform","targeted","70","5","95","95","84.21211590381664","88.45352775385943","88.45352775385943","fixed","1","1","50","2976","9","50","23236931","v2.0-design-v1.0","100","99.3","0.7000000000000028","11.738891936368622","true","99.56400000000002","21.15999999999999","50","0","993","500","0","0","842","0","85","757","0","42100","642","4827","36540","91","842","41367","84.2","0","50","1000","1997","3.994","82","4.933183586721683","0","38.2","3.6484848484848484","10","700","842"
"910","BA","1000","2","0.1","50","0.1","0.5","1","platform","targeted","70","5","95","95","84.21211590381664","88.45352775385943","88.45352775385943","fixed","1","1","50","2976","10","50","23236932","v2.0-design-v1.0","100","98.4","1.5999999999999943","11.840175953079179","true","99.55799999999999","20.006000000000007","50","0","984","500","0","0","842","0","97","745","0","42100","646","4810","36556","88","842","41366","84.2","0","50","1000","1997","3.994","89","5.5067493395185725","0","44.5","3.584848484848485","10","700","842"
"911","BA","1000","2","0.1","50","0.1","0.5","1","platform","targeted","70","5","95","95","84.21211590381664","88.45352775385943","88.45352775385943","fixed","1","1","50","2976","11","50","23236933","v2.0-design-v1.0","100","98.8","1.2000000000000028","12.18801238841319","true","99.512","20.822","50","0","988","500","0","0","842","0","106","736","0","42100","669","4820","36518","93","842","41338","84.2","0","50","1000","1997","3.994","115","5.3535618633415005","0","40.4","3.6262626262626263","10","700","842"
"912","BA","1000","2","0.1","50","0.1","0.5","1","platform","targeted","70","5","95","95","84.21211590381664","88.45352775385943","88.45352775385943","fixed","1","1","50","2976","12","50","23236934","v2.0-design-v1.0","100","99.3","0.7000000000000028","11.645616641901931","true","99.58","20.980000000000004","50","0","993","500","0","0","842","0","90","752","0","42100","627","4757","36642","74","842","41399","84.2","0","50","1000","1997","3.994","86","5.625265114428607","0","46.8","3.5616161616161617","10","700","842"
"913","BA","1000","2","0.1","50","0.1","0.5","1","platform","targeted","70","5","95","95","84.21211590381664","88.45352775385943","88.45352775385943","fixed","1","1","50","2976","13","50","23236935","v2.0-design-v1.0","100","99.3","0.7000000000000028","11.900334696913351","true","99.546","20.536000000000005","50","0","993","500","0","0","842","0","98","744","0","42100","640","4738","36644","78","842","41382","84.2","0","50","1000","1997","3.994","56","4.675020836297919","0","37.2","3.6585858585858584","10","700","842"
"914","BA","1000","2","0.1","50","0.1","0.5","1","platform","targeted","70","5","95","95","84.21211590381664","88.45352775385943","88.45352775385943","fixed","1","1","50","2976","14","50","23236936","v2.0-design-v1.0","100","99.1","0.9000000000000057","12.5302550735431","true","99.512","19.883999999999993","50","0","991","500","0","0","842","0","112","730","0","42100","673","4698","36635","94","842","41333","84.2","0","50","1000","1997","3.994","87","5.05702852844805","0","40.2","3.628282828282828","10","700","842"
"915","BA","1000","2","0.1","50","0.1","0.5","1","platform","targeted","70","5","95","95","84.21211590381664","88.45352775385943","88.45352775385943","fixed","1","1","50","2976","15","50","23236937","v2.0-design-v1.0","100","98.3","1.7000000000000028","12.034489084571637","true","99.564","21.031999999999996","50","0","983","500","0","0","842","0","102","740","0","42100","656","4795","36574","75","842","41369","84.2","0","50","1000","1997","3.994","69","4.977825101662634","0","41.1","3.6191919191919193","10","700","842"
"916","BA","1000","2","0.1","50","0.1","0.5","1","platform","targeted","70","5","95","95","84.21211590381664","88.45352775385943","88.45352775385943","fixed","1","1","50","2976","16","50","23236938","v2.0-design-v1.0","100","99.3","0.7000000000000028","11.879895561357703","true","99.54799999999999","20.475999999999996","50","0","993","500","0","0","842","0","105","737","0","42100","637","4725","36646","92","842","41371","84.2","0","50","1000","1997","3.994","92","5.322809060664884","0","43.4","3.595959595959596","10","700","842"
"917","BA","1000","2","0.1","50","0.1","0.5","1","platform","targeted","70","5","95","95","84.21211590381664","88.45352775385943","88.45352775385943","fixed","1","1","50","2976","17","50","23236939","v2.0-design-v1.0","100","98.6","1.4000000000000057","12.483841181902124","true","99.49799999999999","20.375999999999998","50","0","986","500","0","0","842","0","96","746","0","42100","676","4739","36591","94","842","41330","84.2","0","50","1000","1997","3.994","59","4.981242493271805","0","41.8","3.6121212121212123","10","700","842"
"918","BA","1000","2","0.1","50","0.1","0.5","1","platform","targeted","70","5","95","95","84.21211590381664","88.45352775385943","88.45352775385943","fixed","1","1","50","2976","18","50","23236940","v2.0-design-v1.0","100","99.1","0.9000000000000057","11.851578364408343","true","99.556","21.048000000000005","50","0","991","500","0","0","842","0","106","736","0","42100","642","4775","36599","84","842","41374","84.2","0","50","1000","1997","3.994","74","5.298871770673638","0","46","3.56969696969697","10","700","842"
"919","BA","1000","2","0.1","50","0.1","0.5","1","platform","targeted","70","5","95","95","84.21211590381664","88.45352775385943","88.45352775385943","fixed","1","1","50","2976","19","50","23236941","v2.0-design-v1.0","100","98.8","1.2000000000000028","12.003676470588236","true","99.53200000000001","19.326","50","0","988","500","0","0","842","0","91","751","0","42100","653","4787","36583","77","842","41370","84.2","0","50","1000","1997","3.994","86","5.148637924002072","0","40.4","3.6262626262626263","10","700","842"
"920","BA","1000","2","0.1","50","0.1","0.5","1","platform","targeted","70","5","95","95","84.21211590381664","88.45352775385943","88.45352775385943","fixed","1","1","50","2976","20","50","23236942","v2.0-design-v1.0","100","99.1","0.9000000000000057","12.262196270484084","true","99.54","20.936000000000003","50","0","991","500","0","0","842","0","92","750","0","42100","651","4658","36700","91","842","41358","84.2","0","50","1000","1997","3.994","78","5.356739554865308","0","45.1","3.5787878787878786","10","700","842"
"921","BA","1000","2","0.1","50","0.1","0.5","1","platform","targeted","70","5","95","95","84.21211590381664","88.45352775385943","88.45352775385943","fixed","1","1","50","2976","21","50","23236943","v2.0-design-v1.0","100","98.4","1.5999999999999943","13.145191236539175","true","99.48","20.969999999999995","50","0","984","500","0","0","842","0","99","743","0","42100","708","4678","36616","98","842","41294","84.2","0","50","1000","1997","3.994","82","5.053068127137949","0","41.8","3.6121212121212123","10","700","842"
"922","BA","1000","2","0.1","50","0.1","0.5","1","platform","targeted","70","5","95","95","84.21211590381664","88.45352775385943","88.45352775385943","fixed","1","1","50","2976","22","50","23236944","v2.0-design-v1.0","100","99.2","0.7999999999999972","11.459087617668356","true","99.556","20.31","50","0","992","500","0","0","842","0","111","731","0","42100","633","4891","36496","80","842","41387","84.2","0","50","1000","1997","3.994","82","4.903060677169308","0","38.6","3.6444444444444444","10","700","842"
"923","BA","1000","2","0.1","50","0.1","0.5","1","platform","targeted","70","5","95","95","84.21211590381664","88.45352775385943","88.45352775385943","fixed","1","1","50","2976","23","50","23236945","v2.0-design-v1.0","100","99","1","11.828540423223007","true","99.53200000000001","20.889999999999997","50","0","990","500","0","0","842","0","105","737","0","42100","654","4875","36485","86","842","41360","84.2","0","50","1000","1997","3.994","118","5.659858478619221","0","44.3","3.5868686868686868","10","700","842"
"924","BA","1000","2","0.1","50","0.1","0.5","1","platform","targeted","70","5","95","95","84.21211590381664","88.45352775385943","88.45352775385943","fixed","1","1","50","2976","24","50","23236946","v2.0-design-v1.0","100","99.3","0.7000000000000028","12.005252297880324","true","99.57600000000001","20.684","50","0","993","500","0","0","842","0","89","753","0","42100","640","4691","36690","79","842","41381","84.2","0","50","1000","1997","3.994","59","4.934806613872141","0","40.8","3.6222222222222222","10","700","842"
"925","BA","1000","2","0.1","50","0.1","0.5","1","platform","targeted","70","5","95","95","84.21211590381664","88.45352775385943","88.45352775385943","fixed","1","1","50","2976","25","50","23236947","v2.0-design-v1.0","100","99.4","0.5999999999999943","12.888970723623641","true","99.44","20.290000000000006","50","0","994","500","0","0","842","0","112","730","0","42100","700","4731","36570","99","842","41301","84.2","0","50","1000","1997","3.994","96","5.150581762528615","0","41.5","3.6151515151515152","10","700","842"
"926","BA","1000","2","0.1","50","0.1","0.5","1","platform","targeted","70","5","95","95","84.21211590381664","88.45352775385943","88.45352775385943","fixed","1","1","50","2976","26","50","23236948","v2.0-design-v1.0","100","98.6","1.4000000000000057","11.860637509266123","true","99.552","21.325999999999993","50","0","986","500","0","0","842","0","105","737","0","42100","640","4756","36627","77","842","41383","84.2","0","50","1000","1997","3.994","60","4.744309483209586","0","38.7","3.6434343434343432","10","700","842"
"927","BA","1000","2","0.1","50","0.1","0.5","1","platform","targeted","70","5","95","95","84.21211590381664","88.45352775385943","88.45352775385943","fixed","1","1","50","2976","27","50","23236949","v2.0-design-v1.0","100","99.2","0.7999999999999972","12.463503649635037","true","99.484","20.429999999999996","50","0","992","500","0","0","842","0","105","737","0","42100","683","4797","36526","94","842","41323","84.2","0","50","1000","1997","3.994","85","5.149026750413756","0","41.1","3.6191919191919193","10","700","842"
"928","BA","1000","2","0.1","50","0.1","0.5","1","platform","targeted","70","5","95","95","84.21211590381664","88.45352775385943","88.45352775385943","fixed","1","1","50","2976","28","50","23236950","v2.0-design-v1.0","100","98.9","1.0999999999999943","12.571428571428573","true","99.464","20.238000000000003","50","0","989","500","0","0","842","0","90","752","0","42100","682","4743","36569","106","842","41312","84.2","0","50","1000","1997","3.994","66","5.108430293158553","0","44.1","3.588888888888889","10","700","842"
"929","BA","1000","2","0.1","50","0.1","0.5","1","platform","targeted","70","5","95","95","84.21211590381664","88.45352775385943","88.45352775385943","fixed","1","1","50","2976","29","50","23236951","v2.0-design-v1.0","100","98.5","1.5","12.222429557753312","true","99.52799999999999","21.502","50","0","985","500","0","0","842","0","94","748","0","42100","655","4704","36655","86","842","41359","84.2","0","50","1000","1997","3.994","85","5.240556022735311","0","44","3.5898989898989897","10","700","842"
"930","BA","1000","2","0.1","50","0.1","0.5","1","platform","targeted","70","5","95","95","84.21211590381664","88.45352775385943","88.45352775385943","fixed","1","1","50","2976","30","50","23236952","v2.0-design-v1.0","100","98.9","1.0999999999999943","11.711545555145703","true","99.56","20.855999999999995","50","0","989","500","0","0","842","0","94","748","0","42100","635","4787","36603","75","842","41390","84.2","0","50","1000","1997","3.994","94","5.07855843283856","0","40.1","3.6292929292929292","10","700","842"
"931","BA","1000","2","0.1","50","0.1","0.5","1","platform","targeted","70","5","95","95","4.986365681907783","88.25436379632418","88.25436379632418","fixed","1","1","50","2977","1","50","23237923","v2.0-design-v1.0","5.900000000000006","4","1.9000000000000057","95.23809523809523","true","12.093999999999996","9.335999999999997","50","94.1","40","500","941","975","50","34","2","8","6","2500","1680","84","508","228","10","592","5","0","50","1000","1997","3.994","59","4.779205457479804","0","39.6","3.6343434343434344","10","700","50"
"932","BA","1000","2","0.1","50","0.1","0.5","1","platform","targeted","70","5","95","95","4.986365681907783","88.25436379632418","88.25436379632418","fixed","1","1","50","2977","2","50","23237924","v2.0-design-v1.0","5.800000000000011","3.9","1.9000000000000115","95.25462962962963","true","12.386","9.666000000000002","50","94.19999999999999","39","500","942","975","50","33","3","11","3","2500","1646","82","546","226","14","628","5","0","50","1000","1997","3.994","81","5.2879037364465935","0","43.5","3.594949494949495","10","700","50"
"933","BA","1000","2","0.1","50","0.1","0.5","1","platform","targeted","70","5","95","95","4.986365681907783","88.25436379632418","88.25436379632418","fixed","1","1","50","2977","3","50","23237925","v2.0-design-v1.0","6","3.5999999999999996","2.4000000000000004","95.60752994865945","true","13.276","10.765999999999998","50","94","36","500","940","976","50","36","2","7","5","2500","1676","77","525","222","9","602","5","0","50","1000","1997","3.994","109","5.886477266975119","0","48.4","3.5454545454545454","10","700","50"
"934","BA","1000","2","0.1","50","0.1","0.5","1","platform","targeted","70","5","95","95","4.986365681907783","88.25436379632418","88.25436379632418","fixed","1","1","50","2977","4","50","23237926","v2.0-design-v1.0","5.900000000000006","3.5000000000000004","2.4000000000000052","95.91719378953421","true","12.372000000000003","9.85","50","94.1","35","500","941","973","50","32","2","14","2","2500","1668","71","535","226","16","606","5","0","50","1000","1997","3.994","76","5.451943478034929","0","47.2","3.5575757575757576","10","700","50"
"935","BA","1000","2","0.1","50","0.1","0.5","1","platform","targeted","70","5","95","95","4.986365681907783","88.25436379632418","88.25436379632418","fixed","1","1","50","2977","5","50","23237927","v2.0-design-v1.0","6.1000000000000085","3.6999999999999997","2.400000000000009","96.20958751393533","true","12.124","9.600000000000001","50","93.89999999999999","37","500","939","975","50","36","0","12","2","2500","1726","68","482","224","12","550","5","0","50","1000","1997","3.994","66","5.126426069323946","0","43.3","3.596969696969697","10","700","50"
"936","BA","1000","2","0.1","50","0.1","0.5","1","platform","targeted","70","5","95","95","4.986365681907783","88.25436379632418","88.25436379632418","fixed","1","1","50","2977","6","50","23237928","v2.0-design-v1.0","6.200000000000003","3.1","3.1000000000000028","96.15608619685499","true","13.374","11.313999999999997","50","93.8","31","500","938","967","50","29","1","13","7","2500","1651","66","565","218","14","631","5","0","50","1000","1997","3.994","92","5.7959949583792385","0","48.2","3.5474747474747477","10","700","50"
"937","BA","1000","2","0.1","50","0.1","0.5","1","platform","targeted","70","5","95","95","4.986365681907783","88.25436379632418","88.25436379632418","fixed","1","1","50","2977","7","50","23237929","v2.0-design-v1.0","5.800000000000011","3.4000000000000004","2.400000000000011","96.25638116846285","true","12.246000000000004","10.011999999999999","50","94.19999999999999","34","500","942","976","50","34","2","8","6","2500","1697","66","516","221","10","582","5","0","50","1000","1997","3.994","90","5.549663301747477","0","46.1","3.5686868686868687","10","700","50"
"938","BA","1000","2","0.1","50","0.1","0.5","1","platform","targeted","70","5","95","95","4.986365681907783","88.25436379632418","88.25436379632418","fixed","1","1","50","2977","8","50","23237930","v2.0-design-v1.0","5.6000000000000085","3.4000000000000004","2.200000000000008","95.60251284980012","true","12.149999999999995","9.921999999999999","50","94.39999999999999","34","500","944","983","50","39","1","7","3","2500","1674","77","527","222","8","604","5","0","50","1000","1997","3.994","69","5.23482257267305","0","45.8","3.5717171717171716","10","700","50"
"939","BA","1000","2","0.1","50","0.1","0.5","1","platform","targeted","70","5","95","95","4.986365681907783","88.25436379632418","88.25436379632418","fixed","1","1","50","2977","9","50","23237931","v2.0-design-v1.0","5.400000000000006","3","2.4000000000000057","96.08745684695052","true","12.462","10.340000000000002","50","94.6","30","500","946","977","50","31","4","10","5","2500","1670","68","531","231","14","599","5","0","50","1000","1997","3.994","77","5.385254401136954","0","45.6","3.573737373737374","10","700","50"
"940","BA","1000","2","0.1","50","0.1","0.5","1","platform","targeted","70","5","95","95","4.986365681907783","88.25436379632418","88.25436379632418","fixed","1","1","50","2977","10","50","23237932","v2.0-design-v1.0","5.200000000000003","3","2.200000000000003","96.87325516471245","true","12.050000000000002","10.333999999999998","50","94.8","30","500","948","977","50","29","5","8","8","2500","1735","56","473","236","13","529","5","0","50","1000","1997","3.994","66","4.902243975568325","0","41.7","3.613131313131313","10","700","50"
"942","BA","1000","2","0.1","50","0.1","0.5","1","platform","targeted","70","5","95","95","4.986365681907783","88.25436379632418","88.25436379632418","fixed","1","1","50","2977","12","50","23237934","v2.0-design-v1.0","6.1000000000000085","3.4000000000000004","2.700000000000008","96.37722829212191","true","13.287999999999995","11.098000000000003","50","93.89999999999999","34","500","939","976","50","37","2","5","6","2500","1676","63","543","218","7","606","5","0","50","1000","1997","3.994","70","5.228125600757621","0","44.5","3.584848484848485","10","700","50"
"941","BA","1000","2","0.1","50","0.1","0.5","1","platform","targeted","70","5","95","95","4.986365681907783","88.25436379632418","88.25436379632418","fixed","1","1","50","2977","11","50","23237933","v2.0-design-v1.0","5.800000000000011","3.9","1.9000000000000115","95.32871972318338","true","12.227999999999998","9.600000000000001","50","94.19999999999999","39","500","942","976","50","34","2","10","4","2500","1653","81","546","220","12","627","5","0","50","1000","1997","3.994","108","5.745169359642142","0","44","3.5898989898989897","10","700","50"
"944","BA","1000","2","0.1","50","0.1","0.5","1","platform","targeted","70","5","95","95","4.986365681907783","88.25436379632418","88.25436379632418","fixed","1","1","50","2977","14","50","23237936","v2.0-design-v1.0","5.6000000000000085","3.4000000000000004","2.200000000000008","95.90643274853801","true","12.935999999999996","10.473999999999997","50","94.39999999999999","34","500","944","977","50","33","0","10","7","2500","1640","70","535","255","10","605","5","0","50","1000","1997","3.994","88","5.631667575388272","0","48.1","3.5484848484848484","10","700","50"
"943","BA","1000","2","0.1","50","0.1","0.5","1","platform","targeted","70","5","95","95","4.986365681907783","88.25436379632418","88.25436379632418","fixed","1","1","50","2977","13","50","23237935","v2.0-design-v1.0","6.1000000000000085","3.4000000000000004","2.700000000000008","95.8573072497123","true","12.381999999999998","10.081999999999997","50","93.89999999999999","34","500","939","976","50","37","1","9","3","2500","1666","72","547","215","10","619","5","0","50","1000","1997","3.994","79","5.387856066469567","0","45.4","3.5757575757575757","10","700","50"
"945","BA","1000","2","0.1","50","0.1","0.5","1","platform","targeted","70","5","95","95","4.986365681907783","88.25436379632418","88.25436379632418","fixed","1","1","50","2977","15","50","23237937","v2.0-design-v1.0","6","3.5999999999999996","2.4000000000000004","96.05797101449275","true","12.509999999999993","10.271999999999997","50","94","36","500","940","971","50","31","0","14","5","2500","1657","68","574","201","14","642","5","0","50","1000","1997","3.994","73","4.941901090307885","0","41.1","3.6191919191919193","10","700","50"
"946","BA","1000","2","0.1","50","0.1","0.5","1","platform","targeted","70","5","95","95","4.986365681907783","88.25436379632418","88.25436379632418","fixed","1","1","50","2977","16","50","23237938","v2.0-design-v1.0","5.800000000000011","3.4000000000000004","2.400000000000011","95.80663948747817","true","12.925999999999998","10.425999999999993","50","94.19999999999999","34","500","942","975","50","33","2","12","3","2500","1645","72","557","226","14","629","5","0","50","1000","1997","3.994","111","5.5458742070768805","0","45.1","3.5787878787878786","10","700","50"
"948","BA","1000","2","0.1","50","0.1","0.5","1","platform","targeted","70","5","95","95","4.986365681907783","88.25436379632418","88.25436379632418","fixed","1","1","50","2977","18","50","23237940","v2.0-design-v1.0","6.1000000000000085","3.4000000000000004","2.700000000000008","96.28975265017668","true","13.797999999999996","11.549999999999997","50","93.89999999999999","34","500","939","975","50","36","0","10","4","2500","1635","63","571","231","10","634","5","0","50","1000","1997","3.994","79","5.177718877340937","0","44.1","3.588888888888889","10","700","50"
"947","BA","1000","2","0.1","50","0.1","0.5","1","platform","targeted","70","5","95","95","4.986365681907783","88.25436379632418","88.25436379632418","fixed","1","1","50","2977","17","50","23237939","v2.0-design-v1.0","5.800000000000011","3.4000000000000004","2.400000000000011","96.15608619685499","true","11.93400000000001","9.754","50","94.19999999999999","34","500","942","973","50","31","2","14","3","2500","1651","66","573","210","16","639","5","0","50","1000","1997","3.994","58","4.9796346011289465","0","42.1","3.609090909090909","10","700","50"
"950","BA","1000","2","0.1","50","0.1","0.5","1","platform","targeted","70","5","95","95","4.986365681907783","88.25436379632418","88.25436379632418","fixed","1","1","50","2977","20","50","23237942","v2.0-design-v1.0","5.800000000000011","3.3000000000000003","2.500000000000011","95.4874651810585","true","11.969999999999995","9.505999999999998","50","94.19999999999999","33","500","942","982","50","40","2","6","2","2500","1714","81","488","217","8","569","5","0","50","1000","1997","3.994","68","5.105882297314928","0","43.2","3.597979797979798","10","700","50"
"949","BA","1000","2","0.1","50","0.1","0.5","1","platform","targeted","70","5","95","95","4.986365681907783","88.25436379632418","88.25436379632418","fixed","1","1","50","2977","19","50","23237941","v2.0-design-v1.0","5.300000000000011","3.2","2.100000000000011","96.04790419161677","true","12.660000000000004","10.436000000000003","50","94.69999999999999","32","500","947","983","50","36","1","8","5","2500","1604","66","608","222","9","674","5","0","50","1000","1997","3.994","85","5.329387053533105","0","44.2","3.587878787878788","10","700","50"
"951","BA","1000","2","0.1","50","0.1","0.5","1","platform","targeted","70","5","95","95","4.986365681907783","88.25436379632418","88.25436379632418","fixed","1","1","50","2977","21","50","23237943","v2.0-design-v1.0","5.300000000000011","3.3000000000000003","2.000000000000011","96.08644859813083","true","12.108000000000002","9.863999999999999","50","94.69999999999999","33","500","947","980","50","33","1","9","7","2500","1645","67","569","219","10","636","5","0","50","1000","1997","3.994","104","5.499655462864027","0","44.2","3.587878787878788","10","700","50"
"952","BA","1000","2","0.1","50","0.1","0.5","1","platform","targeted","70","5","95","95","4.986365681907783","88.25436379632418","88.25436379632418","fixed","1","1","50","2977","22","50","23237944","v2.0-design-v1.0","5.1000000000000085","3.5000000000000004","1.600000000000008","95.04084014002333","true","11.936000000000003","9.310000000000008","50","94.89999999999999","35","500","949","982","50","33","2","10","5","2500","1629","85","546","240","12","631","5","0","50","1000","1997","3.994","57","4.7810901291256505","0","41","3.6202020202020204","10","700","50"
"953","BA","1000","2","0.1","50","0.1","0.5","1","platform","targeted","70","5","95","95","4.986365681907783","88.25436379632418","88.25436379632418","fixed","1","1","50","2977","23","50","23237945","v2.0-design-v1.0","5.300000000000011","3.2","2.100000000000011","96.0897067280046","true","11.78","9.501999999999999","50","94.69999999999999","32","500","947","975","50","28","3","12","7","2500","1671","68","531","230","15","599","5","0","50","1000","1997","3.994","99","5.817715170907719","0","50.2","3.5272727272727273","10","700","50"
"954","BA","1000","2","0.1","50","0.1","0.5","1","platform","targeted","70","5","95","95","4.986365681907783","88.25436379632418","88.25436379632418","fixed","1","1","50","2977","24","50","23237946","v2.0-design-v1.0","6.299999999999997","3.5000000000000004","2.7999999999999967","95.48829240434038","true","13.594","11.146","50","93.7","35","500","937","971","50","34","0","10","6","2500","1672","79","553","196","10","632","5","0","50","1000","1997","3.994","74","5.355057482477713","0","45.9","3.5707070707070705","10","700","50"
"955","BA","1000","2","0.1","50","0.1","0.5","1","platform","targeted","70","5","95","95","4.986365681907783","88.25436379632418","88.25436379632418","fixed","1","1","50","2977","25","50","23237947","v2.0-design-v1.0","5.5","3.2","2.3","96.42045454545455","true","12.03","9.681999999999999","50","94.5","32","500","945","979","50","34","0","8","8","2500","1697","63","532","208","8","595","5","0","50","1000","1997","3.994","77","5.214705855286287","0","44.9","3.580808080808081","10","700","50"
"956","BA","1000","2","0.1","50","0.1","0.5","1","platform","targeted","70","5","95","95","4.986365681907783","88.25436379632418","88.25436379632418","fixed","1","1","50","2977","26","50","23237948","v2.0-design-v1.0","5.900000000000006","3.5999999999999996","2.300000000000006","96.23059866962306","true","12.771999999999997","10.347999999999995","50","94.1","36","500","941","977","50","36","0","10","4","2500","1736","68","503","193","10","571","5","0","50","1000","1997","3.994","103","5.455981280368514","0","44.2","3.587878787878788","10","700","50"
"958","BA","1000","2","0.1","50","0.1","0.5","1","platform","targeted","70","5","95","95","4.986365681907783","88.25436379632418","88.25436379632418","fixed","1","1","50","2977","28","50","23237950","v2.0-design-v1.0","5.6000000000000085","3.3000000000000003","2.3000000000000083","96.47058823529412","true","13.660000000000004","11.457999999999995","50","94.39999999999999","33","500","944","972","50","28","2","12","8","2500","1722","63","510","205","14","573","5","0","50","1000","1997","3.994","118","5.951082202371237","0","47.3","3.5565656565656565","10","700","50"
"957","BA","1000","2","0.1","50","0.1","0.5","1","platform","targeted","70","5","95","95","4.986365681907783","88.25436379632418","88.25436379632418","fixed","1","1","50","2977","27","50","23237949","v2.0-design-v1.0","6.200000000000003","3.3000000000000003","2.9000000000000026","96.24413145539906","true","12.924000000000001","10.686","50","93.8","33","500","938","973","50","35","0","11","4","2500","1640","64","567","229","11","631","5","0","50","1000","1997","3.994","94","5.230039896340873","0","43.5","3.594949494949495","10","700","50"
"960","BA","1000","2","0.1","50","0.1","0.5","1","platform","targeted","70","5","95","95","4.986365681907783","88.25436379632418","88.25436379632418","fixed","1","1","50","2977","30","50","23237952","v2.0-design-v1.0","5.300000000000011","3.3000000000000003","2.000000000000011","95.90210586226523","true","13.075999999999999","10.799999999999994","50","94.69999999999999","33","500","947","978","50","31","0","12","7","2500","1685","72","510","233","12","582","5","0","50","1000","1997","3.994","84","5.176172017693835","0","41.3","3.617171717171717","10","700","50"
"959","BA","1000","2","0.1","50","0.1","0.5","1","platform","targeted","70","5","95","95","4.986365681907783","88.25436379632418","88.25436379632418","fixed","1","1","50","2977","29","50","23237951","v2.0-design-v1.0","6.299999999999997","3.5999999999999996","2.6999999999999975","96.31123919308358","true","12.317999999999998","10.043999999999999","50","93.7","36","500","937","977","50","40","1","9","0","2500","1671","64","554","211","10","618","5","0","50","1000","1997","3.994","81","4.990076639177477","0","40.6","3.624242424242424","10","700","50"
"962","BA","1000","2","0.1","50","0.1","0.5","1","platform","targeted","70","5","95","95","63.80026109016458","96.14428100651952","96.14428100651952","fixed","1","1","50","2978","2","50","23238924","v2.0-design-v1.0","100","64.9","35.099999999999994","38.24130879345603","true","98.338","59.58199999999997","50","0","649","500","0","0","638","0","24","614","0","31900","748","1208","29921","23","638","31129","63.8","0","50","1000","1997","3.994","60","4.8294189388877005","0","41","3.6202020202020204","10","700","638"
"961","BA","1000","2","0.1","50","0.1","0.5","1","platform","targeted","70","5","95","95","63.80026109016458","96.14428100651952","96.14428100651952","fixed","1","1","50","2978","1","50","23238923","v2.0-design-v1.0","100","63.9","36.1","39.48065712771595","true","98.406","58.52800000000001","50","0","639","500","0","0","638","0","22","616","0","31900","745","1142","29975","38","638","31117","63.8","0","50","1000","1997","3.994","89","5.067903673872221","0","39.6","3.6343434343434344","10","700","638"
"963","BA","1000","2","0.1","50","0.1","0.5","1","platform","targeted","70","5","95","95","63.80026109016458","96.14428100651952","96.14428100651952","fixed","1","1","50","2978","3","50","23238925","v2.0-design-v1.0","100","60.6","39.4","39.20659453889748","true","98.14399999999999","60.368","50","0","606","500","0","0","638","0","31","607","0","31900","761","1180","29926","33","638","31106","63.8","0","50","1000","1997","3.994","66","4.654420224649633","0","37.1","3.6595959595959595","10","700","638"
"964","BA","1000","2","0.1","50","0.1","0.5","1","platform","targeted","70","5","95","95","63.80026109016458","96.14428100651952","96.14428100651952","fixed","1","1","50","2978","4","50","23238926","v2.0-design-v1.0","100","62.6","37.4","38.53018372703412","true","98.41","60.034000000000006","50","0","626","500","0","0","638","0","28","610","0","31900","734","1171","29962","33","638","31133","63.8","0","50","1000","1997","3.994","63","5.331264989323482","0","46","3.56969696969697","10","700","638"
"965","BA","1000","2","0.1","50","0.1","0.5","1","platform","targeted","70","5","95","95","63.80026109016458","96.14428100651952","96.14428100651952","fixed","1","1","50","2978","5","50","23238927","v2.0-design-v1.0","100","65.2","34.8","36.852491366551554","true","98.35600000000001","58.55","50","0","652","500","0","0","638","0","24","614","0","31900","747","1280","29841","32","638","31121","63.8","0","50","1000","1997","3.994","76","5.215857472091152","0","43.1","3.598989898989899","10","700","638"
"966","BA","1000","2","0.1","50","0.1","0.5","1","platform","targeted","70","5","95","95","63.80026109016458","96.14428100651952","96.14428100651952","fixed","1","1","50","2978","6","50","23238928","v2.0-design-v1.0","100","65.5","34.5","37.164556962025316","true","98.626","58.546000000000014","50","0","655","500","0","0","638","0","39","599","0","31900","734","1241","29895","30","638","31136","63.8","0","50","1000","1997","3.994","88","5.353000898432445","0","43.9","3.590909090909091","10","700","638"
"967","BA","1000","2","0.1","50","0.1","0.5","1","platform","targeted","70","5","95","95","63.80026109016458","96.14428100651952","96.14428100651952","fixed","1","1","50","2978","7","50","23238929","v2.0-design-v1.0","100","63.7","36.3","37.184661957618566","true","98.396","59.51999999999999","50","0","637","500","0","0","638","0","18","620","0","31900","737","1245","29887","31","638","31132","63.8","0","50","1000","1997","3.994","72","5.476308423925184","0","46.2","3.5676767676767676","10","700","638"
"968","BA","1000","2","0.1","50","0.1","0.5","1","platform","targeted","70","5","95","95","63.80026109016458","96.14428100651952","96.14428100651952","fixed","1","1","50","2978","8","50","23238930","v2.0-design-v1.0","100","61.3","38.7","38.28365878725591","true","98.522","60.447999999999986","50","0","613","500","0","0","638","0","30","608","0","31900","745","1201","29925","29","638","31126","63.8","0","50","1000","1997","3.994","87","5.26285679661356","0","42.6","3.604040404040404","10","700","638"
"969","BA","1000","2","0.1","50","0.1","0.5","1","platform","targeted","70","5","95","95","63.80026109016458","96.14428100651952","96.14428100651952","fixed","1","1","50","2978","9","50","23238931","v2.0-design-v1.0","100","60.699999999999996","39.300000000000004","38.41126194067371","true","98.28599999999999","60.838","50","0","607","500","0","0","638","0","33","605","0","31900","764","1225","29883","28","638","31108","63.8","0","50","1000","1997","3.994","97","5.216625075388981","0","42.1","3.609090909090909","10","700","638"
"970","BA","1000","2","0.1","50","0.1","0.5","1","platform","targeted","70","5","95","95","63.80026109016458","96.14428100651952","96.14428100651952","fixed","1","1","50","2978","10","50","23238932","v2.0-design-v1.0","100","60.4","39.6","38.89173935351462","true","98.28399999999999","61.37999999999998","50","0","604","500","0","0","638","0","38","600","0","31900","758","1191","29917","34","638","31108","63.8","0","50","1000","1997","3.994","67","4.681439936587863","0","36.9","3.6616161616161618","10","700","638"
"971","BA","1000","2","0.1","50","0.1","0.5","1","platform","targeted","70","5","95","95","63.80026109016458","96.14428100651952","96.14428100651952","fixed","1","1","50","2978","11","50","23238933","v2.0-design-v1.0","100","63.4","36.6","37.2508942258559","true","98.39","59.99599999999999","50","0","634","500","0","0","638","0","32","606","0","31900","729","1228","29919","24","638","31147","63.8","0","50","1000","1997","3.994","98","5.686149514064524","0","47","3.5595959595959594","10","700","638"
"972","BA","1000","2","0.1","50","0.1","0.5","1","platform","targeted","70","5","95","95","63.80026109016458","96.14428100651952","96.14428100651952","fixed","1","1","50","2978","12","50","23238934","v2.0-design-v1.0","100","62.4","37.6","38.83349950149551","true","98.30799999999999","58.30200000000001","50","0","624","500","0","0","638","0","24","614","0","31900","779","1227","29854","40","638","31081","63.8","0","50","1000","1997","3.994","90","5.401772222441729","0","44.3","3.5868686868686868","10","700","638"
"973","BA","1000","2","0.1","50","0.1","0.5","1","platform","targeted","70","5","95","95","63.80026109016458","96.14428100651952","96.14428100651952","fixed","1","1","50","2978","13","50","23238935","v2.0-design-v1.0","100","61","39","38.57216230097586","true","98.272","61.034000000000006","50","0","610","500","0","0","638","0","22","616","0","31900","751","1196","29933","20","638","31129","63.8","0","50","1000","1997","3.994","82","5.131890519126475","0","42.5","3.605050505050505","10","700","638"
"974","BA","1000","2","0.1","50","0.1","0.5","1","platform","targeted","70","5","95","95","63.80026109016458","96.14428100651952","96.14428100651952","fixed","1","1","50","2978","14","50","23238936","v2.0-design-v1.0","100","61.7","38.3","38.32335329341318","true","98.19400000000002","60.135999999999996","50","0","617","500","0","0","638","0","14","624","0","31900","768","1236","29859","37","638","31095","63.8","0","50","1000","1997","3.994","66","5.132865701565765","0","44.3","3.5868686868686868","10","700","638"
"975","BA","1000","2","0.1","50","0.1","0.5","1","platform","targeted","70","5","95","95","63.80026109016458","96.14428100651952","96.14428100651952","fixed","1","1","50","2978","15","50","23238937","v2.0-design-v1.0","100","64","36","37.49360613810742","true","98.31599999999999","58.512000000000015","50","0","640","500","0","0","638","0","15","623","0","31900","733","1222","29925","20","638","31147","63.8","0","50","1000","1997","3.994","88","6.086296657821353","0","53.1","3.497979797979798","10","700","638"
"976","BA","1000","2","0.1","50","0.1","0.5","1","platform","targeted","70","5","95","95","63.80026109016458","96.14428100651952","96.14428100651952","fixed","1","1","50","2978","16","50","23238938","v2.0-design-v1.0","100","63","37","38.429964084145716","true","98.38400000000001","60.50999999999999","50","0","630","500","0","0","638","0","27","611","0","31900","749","1200","29916","35","638","31116","63.8","0","50","1000","1997","3.994","66","4.868230033971646","0","41.8","3.6121212121212123","10","700","638"
"977","BA","1000","2","0.1","50","0.1","0.5","1","platform","targeted","70","5","95","95","63.80026109016458","96.14428100651952","96.14428100651952","fixed","1","1","50","2978","17","50","23238939","v2.0-design-v1.0","100","61.199999999999996","38.800000000000004","39.033078880407125","true","98.33200000000005","60.26000000000001","50","0","612","500","0","0","638","0","19","619","0","31900","767","1198","29910","25","638","31108","63.8","0","50","1000","1997","3.994","95","5.8806926927486","0","48.8","3.5414141414141413","10","700","638"
"978","BA","1000","2","0.1","50","0.1","0.5","1","platform","targeted","70","5","95","95","63.80026109016458","96.14428100651952","96.14428100651952","fixed","1","1","50","2978","18","50","23238940","v2.0-design-v1.0","100","63.1","36.9","38.46153846153847","true","98.61800000000002","60.89799999999998","50","0","631","500","0","0","638","0","24","614","0","31900","715","1144","30011","30","638","31155","63.8","0","50","1000","1997","3.994","109","5.992484782948906","0","52.4","3.505050505050505","10","700","638"
"979","BA","1000","2","0.1","50","0.1","0.5","1","platform","targeted","70","5","95","95","63.80026109016458","96.14428100651952","96.14428100651952","fixed","1","1","50","2978","19","50","23238941","v2.0-design-v1.0","100","64","36","37.247983870967744","true","98.50399999999999","58.826","50","0","640","500","0","0","638","0","33","605","0","31900","739","1245","29888","28","638","31133","63.8","0","50","1000","1997","3.994","67","4.785693979650892","0","39.3","3.6373737373737374","10","700","638"
"980","BA","1000","2","0.1","50","0.1","0.5","1","platform","targeted","70","5","95","95","63.80026109016458","96.14428100651952","96.14428100651952","fixed","1","1","50","2978","20","50","23238942","v2.0-design-v1.0","100","61","39","38.27800829875518","true","98.60400000000001","61.87200000000001","50","0","610","500","0","0","638","0","28","610","0","31900","738","1190","29940","32","638","31130","63.8","0","50","1000","1997","3.994","108","5.812378837253106","0","45.9","3.5707070707070705","10","700","638"
"981","BA","1000","2","0.1","50","0.1","0.5","1","platform","targeted","70","5","95","95","63.80026109016458","96.14428100651952","96.14428100651952","fixed","1","1","50","2978","21","50","23238943","v2.0-design-v1.0","100","64","36","37.63600395647874","true","98.37200000000001","58.88400000000001","50","0","640","500","0","0","638","0","30","608","0","31900","761","1261","29847","31","638","31108","63.8","0","50","1000","1997","3.994","114","5.54713752621428","0","43.1","3.598989898989899","10","700","638"
"982","BA","1000","2","0.1","50","0.1","0.5","1","platform","targeted","70","5","95","95","63.80026109016458","96.14428100651952","96.14428100651952","fixed","1","1","50","2978","22","50","23238944","v2.0-design-v1.0","100","63.4","36.6","37.185929648241206","true","98.522","59.98599999999997","50","0","634","500","0","0","638","0","27","611","0","31900","740","1250","29875","35","638","31125","63.8","0","50","1000","1997","3.994","115","5.929175247799598","0","48.1","3.5484848484848484","10","700","638"
"983","BA","1000","2","0.1","50","0.1","0.5","1","platform","targeted","70","5","95","95","63.80026109016458","96.14428100651952","96.14428100651952","fixed","1","1","50","2978","23","50","23238945","v2.0-design-v1.0","100","61.4","38.6","39.40329218106996","true","98.34600000000002","60.75800000000001","50","0","614","500","0","0","638","0","19","619","0","31900","766","1178","29933","23","638","31111","63.8","0","50","1000","1997","3.994","98","5.427838006557064","0","43.5","3.594949494949495","10","700","638"
"984","BA","1000","2","0.1","50","0.1","0.5","1","platform","targeted","70","5","95","95","63.80026109016458","96.14428100651952","96.14428100651952","fixed","1","1","50","2978","24","50","23238946","v2.0-design-v1.0","100","64.4","35.599999999999994","38.4460141271443","true","98.546","60.138000000000005","50","0","644","500","0","0","638","0","34","604","0","31900","762","1220","29887","31","638","31107","63.8","0","50","1000","1997","3.994","69","4.95605957657154","0","40.9","3.621212121212121","10","700","638"
"985","BA","1000","2","0.1","50","0.1","0.5","1","platform","targeted","70","5","95","95","63.80026109016458","96.14428100651952","96.14428100651952","fixed","1","1","50","2978","25","50","23238947","v2.0-design-v1.0","100","62.3","37.7","37.32789393166752","true","98.572","60.61399999999999","50","0","623","500","0","0","638","0","34","604","0","31900","732","1229","29904","35","638","31133","63.8","0","50","1000","1997","3.994","85","5.159901994087537","0","42.1","3.609090909090909","10","700","638"
"986","BA","1000","2","0.1","50","0.1","0.5","1","platform","targeted","70","5","95","95","63.80026109016458","96.14428100651952","96.14428100651952","fixed","1","1","50","2978","26","50","23238948","v2.0-design-v1.0","100","64.5","35.5","37.710781808891156","true","98.32000000000004","59.264","50","0","645","500","0","0","638","0","36","602","0","31900","738","1219","29917","26","638","31136","63.8","0","50","1000","1997","3.994","128","6.567426824494923","0","50.2","3.5272727272727273","10","700","638"
"987","BA","1000","2","0.1","50","0.1","0.5","1","platform","targeted","70","5","95","95","63.80026109016458","96.14428100651952","96.14428100651952","fixed","1","1","50","2978","27","50","23238949","v2.0-design-v1.0","100","62","38","39.00262467191601","true","98.42200000000001","59.98400000000001","50","0","620","500","0","0","638","0","17","621","0","31900","743","1162","29957","38","638","31119","63.8","0","50","1000","1997","3.994","91","4.999896295220816","0","40","3.6303030303030304","10","700","638"
"988","BA","1000","2","0.1","50","0.1","0.5","1","platform","targeted","70","5","95","95","63.80026109016458","96.14428100651952","96.14428100651952","fixed","1","1","50","2978","28","50","23238950","v2.0-design-v1.0","100","62.6","37.4","38.71635610766045","true","98.28400000000002","60.382","50","0","626","500","0","0","638","0","20","618","0","31900","748","1184","29942","26","638","31126","63.8","0","50","1000","1997","3.994","74","5.138323303020773","0","43.7","3.592929292929293","10","700","638"
"989","BA","1000","2","0.1","50","0.1","0.5","1","platform","targeted","70","5","95","95","63.80026109016458","96.14428100651952","96.14428100651952","fixed","1","1","50","2978","29","50","23238951","v2.0-design-v1.0","100","62.9","37.1","39.591633466135455","true","98.17200000000001","60.56600000000001","50","0","629","500","0","0","638","0","21","617","0","31900","795","1213","29858","34","638","31071","63.8","0","50","1000","1997","3.994","92","5.4753944098981435","0","44.6","3.583838383838384","10","700","638"
"990","BA","1000","2","0.1","50","0.1","0.5","1","platform","targeted","70","5","95","95","63.80026109016458","96.14428100651952","96.14428100651952","fixed","1","1","50","2978","30","50","23238952","v2.0-design-v1.0","100","63.9","36.1","37.369207772795214","true","98.57000000000002","59.891999999999996","50","0","639","500","0","0","638","0","20","618","0","31900","750","1257","29868","25","638","31125","63.8","0","50","1000","1997","3.994","86","5.414358621229222","0","45","3.5797979797979798","10","700","638"
"991","BA","1000","2","0.1","50","0.1","0.5","1","platform","targeted","70","5","95","95","93.27804789391472","79.25071157604192","79.25071157604192","fixed","1","1","50","2979","1","50","23239923","v2.0-design-v1.0","100","100","0","6.415972087613879","true","99.514","9.708000000000002","50","0","1000","500","0","0","933","0","216","717","0","46650","662","9656","36145","187","933","45801","93.3","0","50","1000","1997","3.994","74","5.1989415262140515","0","44.1","3.588888888888889","10","700","933"
"992","BA","1000","2","0.1","50","0.1","0.5","1","platform","targeted","70","5","95","95","93.27804789391472","79.25071157604192","79.25071157604192","fixed","1","1","50","2979","2","50","23239924","v2.0-design-v1.0","100","100","0","6.983157687383039","true","99.488","10.034000000000002","50","0","1000","500","0","0","933","0","204","729","0","46650","709","9444","36306","191","933","45750","93.3","0","50","1000","1997","3.994","100","5.694944810654119","0","46.9","3.5606060606060606","10","700","933"
"993","BA","1000","2","0.1","50","0.1","0.5","1","platform","targeted","70","5","95","95","93.27804789391472","79.25071157604192","79.25071157604192","fixed","1","1","50","2979","3","50","23239925","v2.0-design-v1.0","100","100","0","7.005993907831384","true","99.52600000000001","8.978","50","0","1000","500","0","0","933","0","206","727","0","46650","713","9464","36292","181","933","45756","93.3","0","50","1000","1997","3.994","57","4.824856810646626","0","39.6","3.6343434343434344","10","700","933"
"994","BA","1000","2","0.1","50","0.1","0.5","1","platform","targeted","70","5","95","95","93.27804789391472","79.25071157604192","79.25071157604192","fixed","1","1","50","2979","4","50","23239926","v2.0-design-v1.0","100","100","0","6.086617245415528","true","99.574","9.706000000000003","50","0","1000","500","0","0","933","0","204","729","0","46650","624","9628","36235","163","933","45863","93.3","0","50","1000","1997","3.994","97","5.8228747084124945","0","48.3","3.5464646464646465","10","700","933"
"995","BA","1000","2","0.1","50","0.1","0.5","1","platform","targeted","70","5","95","95","93.27804789391472","79.25071157604192","79.25071157604192","fixed","1","1","50","2979","5","50","23239927","v2.0-design-v1.0","100","100","0","6.4839375184202765","true","99.55799999999999","9.542000000000003","50","0","1000","500","0","0","933","0","195","738","0","46650","660","9519","36309","162","933","45828","93.3","0","50","1000","1997","3.994","60","4.573716528479087","0","36.2","3.6686868686868688","10","700","933"
"996","BA","1000","2","0.1","50","0.1","0.5","1","platform","targeted","70","5","95","95","93.27804789391472","79.25071157604192","79.25071157604192","fixed","1","1","50","2979","6","50","23239928","v2.0-design-v1.0","100","100","0","6.379865378987416","true","99.49799999999999","10.274000000000001","50","0","1000","500","0","0","933","0","195","738","0","46650","654","9597","36215","184","933","45812","93.3","0","50","1000","1997","3.994","72","5.401586909524","0","45.7","3.5727272727272728","10","700","933"
"997","BA","1000","2","0.1","50","0.1","0.5","1","platform","targeted","70","5","95","95","93.27804789391472","79.25071157604192","79.25071157604192","fixed","1","1","50","2979","7","50","23239929","v2.0-design-v1.0","100","100","0","6.831381041441087","true","99.494","9.920000000000002","50","0","1000","500","0","0","933","0","190","743","0","46650","694","9465","36304","187","933","45769","93.3","0","50","1000","1997","3.994","73","4.876653129529068","0","41","3.6202020202020204","10","700","933"
"998","BA","1000","2","0.1","50","0.1","0.5","1","platform","targeted","70","5","95","95","93.27804789391472","79.25071157604192","79.25071157604192","fixed","1","1","50","2979","8","50","23239930","v2.0-design-v1.0","100","100","0","6.609765780071457","true","99.566","9.503999999999996","50","0","1000","500","0","0","933","0","160","773","0","46650","666","9410","36420","154","933","45830","93.3","0","50","1000","1997","3.994","87","5.517826602060849","0","46.6","3.5636363636363635","10","700","933"
"999","BA","1000","2","0.1","50","0.1","0.5","1","platform","targeted","70","5","95","95","93.27804789391472","79.25071157604192","79.25071157604192","fixed","1","1","50","2979","9","50","23239931","v2.0-design-v1.0","100","100","0","6.795061728395062","true","99.51","9.801999999999998","50","0","1000","500","0","0","933","0","187","746","0","46650","688","9437","36337","188","933","45774","93.3","0","50","1000","1997","3.994","85","5.19566732566269","0","41.6","3.614141414141414","10","700","933"
"1000","BA","1000","2","0.1","50","0.1","0.5","1","platform","targeted","70","5","95","95","93.27804789391472","79.25071157604192","79.25071157604192","fixed","1","1","50","2979","10","50","23239932","v2.0-design-v1.0","100","100","0","6.676456191874694","true","99.524","9.99","50","0","1000","500","0","0","933","0","196","737","0","46650","682","9533","36260","175","933","45793","93.3","0","50","1000","1997","3.994","78","5.157961668001076","0","43.4","3.595959595959596","10","700","933"
"1001","BA","1000","2","0.1","50","0.1","0.5","1","platform","targeted","70","5","95","95","93.27804789391472","79.25071157604192","79.25071157604192","fixed","1","1","50","2979","11","50","23239933","v2.0-design-v1.0","100","100","0","6.865410759370752","true","99.536","9.759999999999996","50","0","1000","500","0","0","933","0","182","751","0","46650","707","9591","36180","172","933","45771","93.3","0","50","1000","1997","3.994","94","5.52109105580105","0","46.9","3.5606060606060606","10","700","933"
"1002","BA","1000","2","0.1","50","0.1","0.5","1","platform","targeted","70","5","95","95","93.27804789391472","79.25071157604192","79.25071157604192","fixed","1","1","50","2979","12","50","23239934","v2.0-design-v1.0","100","99.9","0.09999999999999432","6.903096903096903","true","99.57799999999999","9.956","50","0","999","500","0","0","933","0","211","722","0","46650","691","9319","36483","157","933","45802","93.3","0","50","1000","1997","3.994","83","5.4091795332770305","0","45.9","3.5707070707070705","10","700","933"
"1003","BA","1000","2","0.1","50","0.1","0.5","1","platform","targeted","70","5","95","95","93.27804789391472","79.25071157604192","79.25071157604192","fixed","1","1","50","2979","13","50","23239935","v2.0-design-v1.0","100","100","0","6.951183285473809","true","99.47399999999999","9.728","50","0","1000","500","0","0","933","0","174","759","0","46650","702","9397","36356","195","933","45753","93.3","0","50","1000","1997","3.994","56","4.577654303125","0","37.5","3.6555555555555554","10","700","933"
"1004","BA","1000","2","0.1","50","0.1","0.5","1","platform","targeted","70","5","95","95","93.27804789391472","79.25071157604192","79.25071157604192","fixed","1","1","50","2979","14","50","23239936","v2.0-design-v1.0","100","100","0","6.721295483367476","true","99.52","9.62","50","0","1000","500","0","0","933","0","186","747","0","46650","689","9562","36215","184","933","45777","93.3","0","50","1000","1997","3.994","62","4.987869569549984","0","41.6","3.614141414141414","10","700","933"
"1005","BA","1000","2","0.1","50","0.1","0.5","1","platform","targeted","70","5","95","95","93.27804789391472","79.25071157604192","79.25071157604192","fixed","1","1","50","2979","15","50","23239937","v2.0-design-v1.0","100","100","0","6.666005356611447","true","99.486","9.808","50","0","1000","500","0","0","933","0","207","726","0","46650","672","9409","36376","193","933","45785","93.3","0","50","1000","1997","3.994","78","5.200674091981821","0","43.7","3.592929292929293","10","700","933"
"1006","BA","1000","2","0.1","50","0.1","0.5","1","platform","targeted","70","5","95","95","93.27804789391472","79.25071157604192","79.25071157604192","fixed","1","1","50","2979","16","50","23239938","v2.0-design-v1.0","100","100","0","7.038238474393001","true","99.494","9.698000000000004","50","0","1000","500","0","0","933","0","193","740","0","46650","716","9457","36281","196","933","45738","93.3","0","50","1000","1997","3.994","67","4.879115674973254","0","40.1","3.6292929292929292","10","700","933"
"1007","BA","1000","2","0.1","50","0.1","0.5","1","platform","targeted","70","5","95","95","93.27804789391472","79.25071157604192","79.25071157604192","fixed","1","1","50","2979","17","50","23239939","v2.0-design-v1.0","100","100","0","6.6431855982780545","true","99.56","9.118","50","0","1000","500","0","0","933","0","198","735","0","46650","679","9542","36271","158","933","45813","93.3","0","50","1000","1997","3.994","71","4.654635284276263","0","35.9","3.6717171717171717","10","700","933"
"1008","BA","1000","2","0.1","50","0.1","0.5","1","platform","targeted","70","5","95","95","93.27804789391472","79.25071157604192","79.25071157604192","fixed","1","1","50","2979","18","50","23239940","v2.0-design-v1.0","100","100","0","6.648883619837977","true","99.524","9.774000000000003","50","0","1000","500","0","0","933","0","184","749","0","46650","673","9449","36359","169","933","45808","93.3","0","50","1000","1997","3.994","78","5.119587305064161","0","42","3.61010101010101","10","700","933"
"1009","BA","1000","2","0.1","50","0.1","0.5","1","platform","targeted","70","5","95","95","93.27804789391472","79.25071157604192","79.25071157604192","fixed","1","1","50","2979","19","50","23239941","v2.0-design-v1.0","100","100","0","7.041979156520892","true","99.47599999999998","10.222000000000005","50","0","1000","500","0","0","933","0","180","753","0","46650","723","9544","36179","204","933","45723","93.3","0","50","1000","1997","3.994","61","4.828589781631814","0","41.3","3.617171717171717","10","700","933"
"1010","BA","1000","2","0.1","50","0.1","0.5","1","platform","targeted","70","5","95","95","93.27804789391472","79.25071157604192","79.25071157604192","fixed","1","1","50","2979","20","50","23239942","v2.0-design-v1.0","100","100","0","6.620553359683795","true","99.544","9.852000000000002","50","0","1000","500","0","0","933","0","171","762","0","46650","670","9450","36360","170","933","45810","93.3","0","50","1000","1997","3.994","109","5.420086838911463","0","43","3.6","10","700","933"
"1011","BA","1000","2","0.1","50","0.1","0.5","1","platform","targeted","70","5","95","95","93.27804789391472","79.25071157604192","79.25071157604192","fixed","1","1","50","2979","21","50","23239943","v2.0-design-v1.0","100","100","0","7.080684596577017","true","99.444","9.980000000000002","50","0","1000","500","0","0","933","0","215","718","0","46650","724","9501","36209","216","933","45710","93.3","0","50","1000","1997","3.994","101","5.792885422785564","0","48.9","3.54040404040404","10","700","933"
"1012","BA","1000","2","0.1","50","0.1","0.5","1","platform","targeted","70","5","95","95","93.27804789391472","79.25071157604192","79.25071157604192","fixed","1","1","50","2979","22","50","23239944","v2.0-design-v1.0","100","100","0","6.795639791809879","true","99.51","9.762","50","0","1000","500","0","0","933","0","192","741","0","46650","692","9491","36285","182","933","45776","93.3","0","50","1000","1997","3.994","82","5.371295450337351","0","43.9","3.590909090909091","10","700","933"
"1013","BA","1000","2","0.1","50","0.1","0.5","1","platform","targeted","70","5","95","95","93.27804789391472","79.25071157604192","79.25071157604192","fixed","1","1","50","2979","23","50","23239945","v2.0-design-v1.0","100","100","0","7.093391373169766","true","99.454","10.347999999999995","50","0","1000","500","0","0","933","0","187","746","0","46650","717","9391","36336","206","933","45727","93.3","0","50","1000","1997","3.994","56","4.8113525243026025","0","40.6","3.624242424242424","10","700","933"
"1014","BA","1000","2","0.1","50","0.1","0.5","1","platform","targeted","70","5","95","95","93.27804789391472","79.25071157604192","79.25071157604192","fixed","1","1","50","2979","24","50","23239946","v2.0-design-v1.0","100","100","0","6.577786491520439","true","99.49799999999999","9.383999999999999","50","0","1000","500","0","0","933","0","204","729","0","46650","671","9530","36264","185","933","45794","93.3","0","50","1000","1997","3.994","67","5.044741164164252","0","42.1","3.609090909090909","10","700","933"
"1015","BA","1000","2","0.1","50","0.1","0.5","1","platform","targeted","70","5","95","95","93.27804789391472","79.25071157604192","79.25071157604192","fixed","1","1","50","2979","25","50","23239947","v2.0-design-v1.0","100","100","0","6.829172012237245","true","99.538","10.110000000000003","50","0","1000","500","0","0","933","0","191","742","0","46650","692","9441","36341","176","933","45782","93.3","0","50","1000","1997","3.994","94","5.154273036086703","0","40.5","3.625252525252525","10","700","933"
"1016","BA","1000","2","0.1","50","0.1","0.5","1","platform","targeted","70","5","95","95","93.27804789391472","79.25071157604192","79.25071157604192","fixed","1","1","50","2979","26","50","23239948","v2.0-design-v1.0","100","100","0","6.664076160870409","true","99.55","9.364","50","0","1000","500","0","0","933","0","203","730","0","46650","686","9608","36198","158","933","45806","93.3","0","50","1000","1997","3.994","80","5.196437911393426","0","40.5","3.625252525252525","10","700","933"
"1017","BA","1000","2","0.1","50","0.1","0.5","1","platform","targeted","70","5","95","95","93.27804789391472","79.25071157604192","79.25071157604192","fixed","1","1","50","2979","27","50","23239949","v2.0-design-v1.0","100","100","0","6.435692429177771","true","99.552","9.770000000000003","50","0","1000","500","0","0","933","0","194","739","0","46650","652","9479","36350","169","933","45829","93.3","0","50","1000","1997","3.994","98","5.618142711566469","0","48.9","3.54040404040404","10","700","933"
"1018","BA","1000","2","0.1","50","0.1","0.5","1","platform","targeted","70","5","95","95","93.27804789391472","79.25071157604192","79.25071157604192","fixed","1","1","50","2979","28","50","23239950","v2.0-design-v1.0","100","100","0","7.060546875","true","99.434","9.894000000000007","50","0","1000","500","0","0","933","0","194","739","0","46650","723","9517","36193","217","933","45710","93.3","0","50","1000","1997","3.994","64","4.891409805964922","0","40.3","3.6272727272727274","10","700","933"
"1020","BA","1000","2","0.1","50","0.1","0.5","1","platform","targeted","70","5","95","95","93.27804789391472","79.25071157604192","79.25071157604192","fixed","1","1","50","2979","30","50","23239952","v2.0-design-v1.0","100","100","0","6.503825779870512","true","99.57799999999999","9.394000000000004","50","0","1000","500","0","0","933","0","188","745","0","46650","663","9531","36301","155","933","45832","93.3","0","50","1000","1997","3.994","63","4.933792284471066","0","41.3","3.617171717171717","10","700","933"
"1019","BA","1000","2","0.1","50","0.1","0.5","1","platform","targeted","70","5","95","95","93.27804789391472","79.25071157604192","79.25071157604192","fixed","1","1","50","2979","29","50","23239951","v2.0-design-v1.0","100","100","0","6.529277717229763","true","99.588","10.140000000000002","50","0","1000","500","0","0","933","0","209","724","0","46650","659","9434","36402","155","933","45836","93.3","0","50","1000","1997","3.994","98","5.676282602565177","0","46.1","3.5686868686868687","10","700","933"
"1021","BA","1000","2","0.1","50","0.1","0.5","1","platform","targeted","70","5","95","95","44.810226799330806","83.50404147570404","83.50404147570404","fixed","1","1","50","2980","1","50","23240923","v2.0-design-v1.0","60.199999999999996","49.7","10.499999999999993","53.038235760748854","true","63.81599999999999","22.392","50","39.800000000000004","497","500","398","471","448","73","46","318","11","22400","3343","2960","15448","649","364","18408","44.8","0","50","1000","1997","3.994","62","5.013891014282521","0","40.8","3.6222222222222222","10","700","448"
"1022","BA","1000","2","0.1","50","0.1","0.5","1","platform","targeted","70","5","95","95","44.810226799330806","83.50404147570404","83.50404147570404","fixed","1","1","50","2980","2","50","23240924","v2.0-design-v1.0","60.8","47.9","12.899999999999999","52.24143451809158","true","65.71000000000001","24.638000000000005","50","39.2","479","500","392","462","448","70","66","297","15","22400","3263","2983","15454","700","363","18437","44.8","0","50","1000","1997","3.994","72","5.116066666701878","0","42.7","3.603030303030303","10","700","448"
"1023","BA","1000","2","0.1","50","0.1","0.5","1","platform","targeted","70","5","95","95","44.810226799330806","83.50404147570404","83.50404147570404","fixed","1","1","50","2980","3","50","23240925","v2.0-design-v1.0","61.7","48.699999999999996","13.000000000000007","51.46620668025717","true","65.41799999999999","24.389999999999997","50","38.3","487","500","383","447","448","64","59","316","9","22400","3282","3095","15374","649","375","18469","44.8","0","50","1000","1997","3.994","56","4.902448163723703","0","40.2","3.628282828282828","10","700","448"
"1024","BA","1000","2","0.1","50","0.1","0.5","1","platform","targeted","70","5","95","95","44.810226799330806","83.50404147570404","83.50404147570404","fixed","1","1","50","2980","4","50","23240926","v2.0-design-v1.0","64.30000000000001","49.9","14.400000000000013","50.75296379365588","true","66.792","24.603999999999996","50","35.699999999999996","499","500","357","419","448","62","62","315","9","22400","3168","3074","15558","600","377","18632","44.8","0","50","1000","1997","3.994","80","4.880346481734845","0","40","3.6303030303030304","10","700","448"
"1025","BA","1000","2","0.1","50","0.1","0.5","1","platform","targeted","70","5","95","95","44.810226799330806","83.50404147570404","83.50404147570404","fixed","1","1","50","2980","5","50","23240927","v2.0-design-v1.0","63.6","51","12.600000000000001","50.13571770716909","true","67.152","24.875999999999998","50","36.4","510","500","364","414","448","50","78","307","13","22400","3140","3123","15538","599","385","18661","44.8","0","50","1000","1997","3.994","102","5.328447837443497","0","41.8","3.6121212121212123","10","700","448"
"1026","BA","1000","2","0.1","50","0.1","0.5","1","platform","targeted","70","5","95","95","44.810226799330806","83.50404147570404","83.50404147570404","fixed","1","1","50","2980","6","50","23240928","v2.0-design-v1.0","62.9","50.2","12.699999999999996","51.96900205598608","true","65.63399999999997","23.524000000000004","50","37.1","502","500","371","441","448","70","62","310","6","22400","3286","3037","15411","666","372","18448","44.8","0","50","1000","1997","3.994","71","5.3359569372734175","0","45.7","3.5727272727272728","10","700","448"
"1027","BA","1000","2","0.1","50","0.1","0.5","1","platform","targeted","70","5","95","95","44.810226799330806","83.50404147570404","83.50404147570404","fixed","1","1","50","2980","7","50","23240929","v2.0-design-v1.0","63","52.1","10.899999999999999","51.6093229744728","true","66.59199999999998","23.178","50","37","521","500","370","431","448","61","56","315","16","22400","3255","3052","15418","675","371","18470","44.8","0","50","1000","1997","3.994","72","4.933589393565724","0","41.7","3.613131313131313","10","700","448"
"1028","BA","1000","2","0.1","50","0.1","0.5","1","platform","targeted","70","5","95","95","44.810226799330806","83.50404147570404","83.50404147570404","fixed","1","1","50","2980","8","50","23240930","v2.0-design-v1.0","62.5","50","12.5","52.25510365564171","true","65.83800000000002","23.720000000000006","50","37.5","500","500","375","439","448","64","66","306","12","22400","3302","3017","15464","617","372","18481","44.8","0","50","1000","1997","3.994","64","4.925670129660134","0","40.3","3.6272727272727274","10","700","448"
"1029","BA","1000","2","0.1","50","0.1","0.5","1","platform","targeted","70","5","95","95","44.810226799330806","83.50404147570404","83.50404147570404","fixed","1","1","50","2980","9","50","23240931","v2.0-design-v1.0","62.1","49.6","12.5","52.87356321839081","true","65.242","23.636","50","37.9","496","500","379","446","448","67","65","304","12","22400","3404","3034","15236","726","369","18270","44.8","0","50","1000","1997","3.994","52","4.781718187935034","0","39.4","3.6363636363636362","10","700","448"
"1030","BA","1000","2","0.1","50","0.1","0.5","1","platform","targeted","70","5","95","95","44.810226799330806","83.50404147570404","83.50404147570404","fixed","1","1","50","2980","10","50","23240932","v2.0-design-v1.0","63.2","50.3","12.900000000000006","50.428027901077996","true","66.96800000000002","24.511999999999997","50","36.8","503","500","368","434","448","66","54","315","13","22400","3181","3127","15443","649","369","18570","44.8","0","50","1000","1997","3.994","68","4.891000499477158","0","40.5","3.625252525252525","10","700","448"
"1031","BA","1000","2","0.1","50","0.1","0.5","1","platform","targeted","70","5","95","95","44.810226799330806","83.50404147570404","83.50404147570404","fixed","1","1","50","2980","11","50","23240933","v2.0-design-v1.0","64.2","49.7","14.5","51.599554353016075","true","67.27199999999998","25.541999999999994","50","35.8","497","500","358","419","448","61","64","307","16","22400","3242","3041","15458","659","371","18499","44.8","0","50","1000","1997","3.994","70","5.210481082694094","0","43.7","3.592929292929293","10","700","448"
"1032","BA","1000","2","0.1","50","0.1","0.5","1","platform","targeted","70","5","95","95","44.810226799330806","83.50404147570404","83.50404147570404","fixed","1","1","50","2980","12","50","23240934","v2.0-design-v1.0","63.800000000000004","49.6","14.200000000000003","50.75757575757576","true","67.204","25.769999999999996","50","36.199999999999996","496","500","362","424","448","62","69","303","14","22400","3149","3055","15571","625","372","18626","44.8","0","50","1000","1997","3.994","75","4.9727952594785725","0","39.6","3.6343434343434344","10","700","448"
"1034","BA","1000","2","0.1","50","0.1","0.5","1","platform","targeted","70","5","95","95","44.810226799330806","83.50404147570404","83.50404147570404","fixed","1","1","50","2980","14","50","23240936","v2.0-design-v1.0","61.199999999999996","50","11.199999999999996","52.724409448818896","true","65.652","23.148000000000003","50","38.800000000000004","500","500","388","458","448","70","48","312","18","22400","3348","3002","15387","663","360","18389","44.8","0","50","1000","1997","3.994","79","5.026851224497614","0","41.7","3.613131313131313","10","700","448"
"1033","BA","1000","2","0.1","50","0.1","0.5","1","platform","targeted","70","5","95","95","44.810226799330806","83.50404147570404","83.50404147570404","fixed","1","1","50","2980","13","50","23240935","v2.0-design-v1.0","62.8","50.3","12.5","50.85092971950835","true","66.348","23.644000000000002","50","37.2","503","500","372","425","448","53","68","311","16","22400","3227","3119","15449","605","379","18568","44.8","0","50","1000","1997","3.994","131","5.81082866119194","0","45.1","3.5787878787878786","10","700","448"
"1035","BA","1000","2","0.1","50","0.1","0.5","1","platform","targeted","70","5","95","95","44.810226799330806","83.50404147570404","83.50404147570404","fixed","1","1","50","2980","15","50","23240937","v2.0-design-v1.0","63.5","50.7","12.799999999999997","51.45631067961165","true","66.12400000000001","23.348","50","36.5","507","500","365","422","448","57","68","310","13","22400","3233","3050","15476","641","378","18526","44.8","0","50","1000","1997","3.994","75","5.041366816586477","0","40.6","3.624242424242424","10","700","448"
"1036","BA","1000","2","0.1","50","0.1","0.5","1","platform","targeted","70","5","95","95","44.810226799330806","83.50404147570404","83.50404147570404","fixed","1","1","50","2980","16","50","23240938","v2.0-design-v1.0","63.4","49.6","13.799999999999997","51.432710882163555","true","66.66","25.554000000000002","50","36.6","496","500","366","433","448","67","55","313","13","22400","3195","3017","15549","639","368","18566","44.8","0","50","1000","1997","3.994","69","5.178105520050427","0","44.4","3.585858585858586","10","700","448"
"1037","BA","1000","2","0.1","50","0.1","0.5","1","platform","targeted","70","5","95","95","44.810226799330806","83.50404147570404","83.50404147570404","fixed","1","1","50","2980","17","50","23240939","v2.0-design-v1.0","59.9","48.9","11","51.87509806998274","true","64.102","22.633999999999997","50","40.1","489","500","401","469","448","68","53","312","15","22400","3306","3067","15367","660","365","18434","44.8","0","50","1000","1997","3.994","86","5.1815840061522405","0","42.1","3.609090909090909","10","700","448"
"1038","BA","1000","2","0.1","50","0.1","0.5","1","platform","targeted","70","5","95","95","44.810226799330806","83.50404147570404","83.50404147570404","fixed","1","1","50","2980","18","50","23240940","v2.0-design-v1.0","62.4","49.3","13.100000000000001","52.142633719111664","true","65.534","24.115999999999996","50","37.6","493","500","376","447","448","71","62","298","17","22400","3334","3060","15328","678","360","18388","44.8","0","50","1000","1997","3.994","78","5.133840698767372","0","42.7","3.603030303030303","10","700","448"
"1039","BA","1000","2","0.1","50","0.1","0.5","1","platform","targeted","70","5","95","95","44.810226799330806","83.50404147570404","83.50404147570404","fixed","1","1","50","2980","19","50","23240941","v2.0-design-v1.0","59.1","47.199999999999996","11.900000000000006","52.94670846394985","true","63.99400000000002","23.237999999999996","50","40.9","472","500","409","476","448","67","61","300","20","22400","3378","3002","15326","694","361","18328","44.8","0","50","1000","1997","3.994","72","4.9667527251346595","0","40.2","3.628282828282828","10","700","448"
"1040","BA","1000","2","0.1","50","0.1","0.5","1","platform","targeted","70","5","95","95","44.810226799330806","83.50404147570404","83.50404147570404","fixed","1","1","50","2980","20","50","23240942","v2.0-design-v1.0","63.3","49.3","14","52.23303971565446","true","65.85","24.170000000000005","50","36.7","493","500","367","424","448","57","70","313","8","22400","3380","3091","15283","646","383","18374","44.8","0","50","1000","1997","3.994","66","4.951614128996967","0","41.2","3.618181818181818","10","700","448"
"1041","BA","1000","2","0.1","50","0.1","0.5","1","platform","targeted","70","5","95","95","44.810226799330806","83.50404147570404","83.50404147570404","fixed","1","1","50","2980","21","50","23240943","v2.0-design-v1.0","62.8","50.9","11.899999999999999","50.215551652562674","true","66.63999999999999","24.282000000000004","50","37.2","509","500","372","431","448","59","69","304","16","22400","3145","3118","15499","638","373","18617","44.8","0","50","1000","1997","3.994","65","4.954241466512142","0","40.7","3.6232323232323234","10","700","448"
"1042","BA","1000","2","0.1","50","0.1","0.5","1","platform","targeted","70","5","95","95","44.810226799330806","83.50404147570404","83.50404147570404","fixed","1","1","50","2980","22","50","23240944","v2.0-design-v1.0","64.5","50.8","13.700000000000003","51.95575504969542","true","66.83999999999999","24.942000000000004","50","35.5","508","500","355","426","448","71","65","298","14","22400","3241","2997","15516","646","363","18513","44.8","0","50","1000","1997","3.994","79","4.960097435188796","0","40.5","3.625252525252525","10","700","448"
"1043","BA","1000","2","0.1","50","0.1","0.5","1","platform","targeted","70","5","95","95","44.810226799330806","83.50404147570404","83.50404147570404","fixed","1","1","50","2980","23","50","23240945","v2.0-design-v1.0","61.7","49.1","12.600000000000001","51.96589294173377","true","65.96600000000001","24.61200000000001","50","38.3","491","500","383","434","448","51","65","311","21","22400","3291","3042","15382","685","376","18424","44.8","0","50","1000","1997","3.994","95","5.454880357965667","0","44.9","3.580808080808081","10","700","448"
"1044","BA","1000","2","0.1","50","0.1","0.5","1","platform","targeted","70","5","95","95","44.810226799330806","83.50404147570404","83.50404147570404","fixed","1","1","50","2980","24","50","23240946","v2.0-design-v1.0","61.3","50.5","10.799999999999997","53.220021830656485","true","64.622","22.787999999999997","50","38.7","505","500","387","459","448","72","60","303","13","22400","3413","3000","15330","657","363","18330","44.8","0","50","1000","1997","3.994","88","5.115479658070399","0","41.3","3.617171717171717","10","700","448"
"1045","BA","1000","2","0.1","50","0.1","0.5","1","platform","targeted","70","5","95","95","44.810226799330806","83.50404147570404","83.50404147570404","fixed","1","1","50","2980","25","50","23240947","v2.0-design-v1.0","65.30000000000001","50.9","14.400000000000013","50.74579498571882","true","66.77200000000005","24.228","50","34.699999999999996","509","500","347","400","448","53","50","341","4","22400","3198","3104","15494","604","391","18598","44.8","0","50","1000","1997","3.994","65","5.174237792828686","0","44.4","3.585858585858586","10","700","448"
"1046","BA","1000","2","0.1","50","0.1","0.5","1","platform","targeted","70","5","95","95","44.810226799330806","83.50404147570404","83.50404147570404","fixed","1","1","50","2980","26","50","23240948","v2.0-design-v1.0","62.2","50.5","11.700000000000003","51.211932877563704","true","65.344","22.525999999999996","50","37.8","505","500","378","440","448","62","56","316","14","22400","3296","3140","15292","672","372","18432","44.8","0","50","1000","1997","3.994","89","5.293390594315131","0","44.8","3.581818181818182","10","700","448"
"1047","BA","1000","2","0.1","50","0.1","0.5","1","platform","targeted","70","5","95","95","44.810226799330806","83.50404147570404","83.50404147570404","fixed","1","1","50","2980","27","50","23240949","v2.0-design-v1.0","62.5","48.8","13.700000000000003","53.1898420563642","true","65.956","24.49400000000001","50","37.5","488","500","375","443","448","68","68","293","19","22400","3435","3023","15239","703","361","18262","44.8","0","50","1000","1997","3.994","79","5.436867068774388","0","47.8","3.5515151515151517","10","700","448"
"1048","BA","1000","2","0.1","50","0.1","0.5","1","platform","targeted","70","5","95","95","44.810226799330806","83.50404147570404","83.50404147570404","fixed","1","1","50","2980","28","50","23240950","v2.0-design-v1.0","64.4","50.4","14.000000000000007","51.58112188145558","true","66.94800000000002","24.897999999999996","50","35.6","504","500","356","425","448","69","61","304","14","22400","3246","3047","15518","589","365","18565","44.8","0","50","1000","1997","3.994","65","5.031827032329626","0","43.3","3.596969696969697","10","700","448"
"1049","BA","1000","2","0.1","50","0.1","0.5","1","platform","targeted","70","5","95","95","44.810226799330806","83.50404147570404","83.50404147570404","fixed","1","1","50","2980","29","50","23240951","v2.0-design-v1.0","61.8","49.5","12.299999999999997","51.36921624173749","true","65.98200000000001","24.391999999999985","50","38.2","495","500","382","452","448","70","67","297","14","22400","3264","3090","15405","641","364","18495","44.8","0","50","1000","1997","3.994","79","5.4023281230548195","0","45.5","3.5747474747474746","10","700","448"
"1050","BA","1000","2","0.1","50","0.1","0.5","1","platform","targeted","70","5","95","95","44.810226799330806","83.50404147570404","83.50404147570404","fixed","1","1","50","2980","30","50","23240952","v2.0-design-v1.0","62.7","49.5","13.200000000000003","51.76045268783401","true","65.666","23.986000000000008","50","37.3","495","500","373","439","448","66","63","308","11","22400","3293","3069","15382","656","371","18451","44.8","0","50","1000","1997","3.994","94","5.394911405117696","0","40.6","3.624242424242424","10","700","448"
"1051","BA","1000","2","0.1","50","0.1","0.5","1","platform","targeted","70","5","95","95","46.47779170528537","72.49726449432399","72.49726449432399","fixed","1","1","50","2981","1","50","23241923","v2.0-design-v1.0","55.199999999999996","50.2","4.999999999999993","43.250057300022924","true","60.34999999999998","14.934000000000003","50","44.800000000000004","502","500","448","534","465","86","95","252","32","23250","3774","4952","13050","1474","347","18002","46.5","0","50","1000","1997","3.994","65","5.166106140281341","0","46.2","3.5676767676767676","10","700","465"
"1052","BA","1000","2","0.1","50","0.1","0.5","1","platform","targeted","70","5","95","95","46.47779170528537","72.49726449432399","72.49726449432399","fixed","1","1","50","2981","2","50","23241924","v2.0-design-v1.0","55.7","49.9","5.800000000000004","42.685324389961835","true","60.29","15.022","50","44.3","499","500","443","523","465","80","107","252","26","23250","3691","4956","13183","1420","359","18139","46.5","0","50","1000","1997","3.994","91","5.4825196782156596","0","46.3","3.566666666666667","10","700","465"
"1053","BA","1000","2","0.1","50","0.1","0.5","1","platform","targeted","70","5","95","95","46.47779170528537","72.49726449432399","72.49726449432399","fixed","1","1","50","2981","3","50","23241925","v2.0-design-v1.0","55.8","48.8","7","43.11706144867834","true","60.608000000000004","16.327999999999996","50","44.2","488","500","442","536","465","94","85","260","26","23250","3768","4971","13056","1455","345","18027","46.5","0","50","1000","1997","3.994","74","4.990076639177482","0","40.3","3.6272727272727274","10","700","465"
"1054","BA","1000","2","0.1","50","0.1","0.5","1","platform","targeted","70","5","95","95","46.47779170528537","72.49726449432399","72.49726449432399","fixed","1","1","50","2981","4","50","23241926","v2.0-design-v1.0","57.300000000000004","50.2","7.100000000000001","42.66342141863699","true","61.382","16.244","50","42.699999999999996","502","500","427","510","465","83","119","235","28","23250","3681","4947","13235","1387","354","18182","46.5","0","50","1000","1997","3.994","107","6.0635575968841176","0","46.9","3.5606060606060606","10","700","465"
"1055","BA","1000","2","0.1","50","0.1","0.5","1","platform","targeted","70","5","95","95","46.47779170528537","72.49726449432399","72.49726449432399","fixed","1","1","50","2981","5","50","23241927","v2.0-design-v1.0","58","50.2","7.799999999999997","41.19815668202765","true","63.17599999999997","17.765999999999995","50","42","502","500","420","488","465","68","95","273","29","23250","3576","5104","13234","1336","368","18338","46.5","0","50","1000","1997","3.994","60","4.7674618711314976","0","38.3","3.6474747474747473","10","700","465"
"1056","BA","1000","2","0.1","50","0.1","0.5","1","platform","targeted","70","5","95","95","46.47779170528537","72.49726449432399","72.49726449432399","fixed","1","1","50","2981","6","50","23241928","v2.0-design-v1.0","57.9","50.3","7.600000000000001","42.65895953757226","true","61.432000000000016","16.632000000000005","50","42.1","503","500","421","485","465","64","91","279","31","23250","3690","4960","13253","1347","370","18213","46.5","0","50","1000","1997","3.994","86","4.835633086509697","0","38.4","3.6464646464646466","10","700","465"
"1058","BA","1000","2","0.1","50","0.1","0.5","1","platform","targeted","70","5","95","95","46.47779170528537","72.49726449432399","72.49726449432399","fixed","1","1","50","2981","8","50","23241930","v2.0-design-v1.0","55","48.8","6.200000000000003","42.162663882120896","true","60.51600000000001","16.420000000000005","50","45","488","500","450","522","465","72","95","264","34","23250","3634","4985","13260","1371","359","18245","46.5","0","50","1000","1997","3.994","89","5.579524629849302","0","47.1","3.5585858585858587","10","700","465"
"1057","BA","1000","2","0.1","50","0.1","0.5","1","platform","targeted","70","5","95","95","46.47779170528537","72.49726449432399","72.49726449432399","fixed","1","1","50","2981","7","50","23241929","v2.0-design-v1.0","55.9","49.9","6","42.327615977898006","true","60.08999999999998","15.086000000000004","50","44.1","499","500","441","520","465","79","115","248","23","23250","3677","5010","13154","1409","363","18164","46.5","0","50","1000","1997","3.994","83","5.7901199892134745","0","50.9","3.5202020202020203","10","700","465"
"1060","BA","1000","2","0.1","50","0.1","0.5","1","platform","targeted","70","5","95","95","46.47779170528537","72.49726449432399","72.49726449432399","fixed","1","1","50","2981","10","50","23241932","v2.0-design-v1.0","55.9","49.4","6.5","41.44071691176471","true","61.22800000000001","16.828000000000003","50","44.1","494","500","441","523","465","82","97","253","33","23250","3607","5097","13223","1323","350","18320","46.5","0","50","1000","1997","3.994","83","5.316787773856705","0","44.3","3.5868686868686868","10","700","465"
"1059","BA","1000","2","0.1","50","0.1","0.5","1","platform","targeted","70","5","95","95","46.47779170528537","72.49726449432399","72.49726449432399","fixed","1","1","50","2981","9","50","23241931","v2.0-design-v1.0","57.5","49.8","7.700000000000003","40.27616616384312","true","62.89399999999998","17.677999999999997","50","42.5","498","500","425","493","465","68","101","271","25","23250","3471","5147","13415","1217","372","18562","46.5","0","50","1000","1997","3.994","80","5.263997879337867","0","44.6","3.583838383838384","10","700","465"
"1061","BA","1000","2","0.1","50","0.1","0.5","1","platform","targeted","70","5","95","95","46.47779170528537","72.49726449432399","72.49726449432399","fixed","1","1","50","2981","11","50","23241933","v2.0-design-v1.0","56.2","50.7","5.5","43.0064308681672","true","61.64199999999999","15.979999999999995","50","43.8","507","500","438","515","465","77","98","258","32","23250","3745","4963","13067","1475","356","18030","46.5","0","50","1000","1997","3.994","134","5.843295996961663","0","43.4","3.595959595959596","10","700","465"
"1062","BA","1000","2","0.1","50","0.1","0.5","1","platform","targeted","70","5","95","95","46.47779170528537","72.49726449432399","72.49726449432399","fixed","1","1","50","2981","12","50","23241934","v2.0-design-v1.0","53.1","49.7","3.3999999999999986","44.26527367703838","true","59.402","14.583999999999998","50","46.9","497","500","469","562","465","93","101","233","38","23250","3898","4908","12995","1449","334","17903","46.5","0","50","1000","1997","3.994","69","5.218159943236041","0","43.9","3.590909090909091","10","700","465"
"1063","BA","1000","2","0.1","50","0.1","0.5","1","platform","targeted","70","5","95","95","46.47779170528537","72.49726449432399","72.49726449432399","fixed","1","1","50","2981","13","50","23241935","v2.0-design-v1.0","55.8","49.7","6.099999999999994","42.92116754769019","true","60.66999999999999","15.861999999999997","50","44.2","497","500","442","500","465","58","101","269","37","23250","3735","4967","13153","1395","370","18120","46.5","0","50","1000","1997","3.994","83","5.368312843229488","0","45","3.5797979797979798","10","700","465"
"1064","BA","1000","2","0.1","50","0.1","0.5","1","platform","targeted","70","5","95","95","46.47779170528537","72.49726449432399","72.49726449432399","fixed","1","1","50","2981","14","50","23241936","v2.0-design-v1.0","55.5","48.5","7","42.58175559380379","true","60.715999999999994","16.547999999999995","50","44.5","485","500","445","519","465","74","83","275","33","23250","3711","5004","13157","1378","358","18161","46.5","0","50","1000","1997","3.994","65","5.083483628950302","0","42.4","3.606060606060606","10","700","465"
"1065","BA","1000","2","0.1","50","0.1","0.5","1","platform","targeted","70","5","95","95","46.47779170528537","72.49726449432399","72.49726449432399","fixed","1","1","50","2981","15","50","23241937","v2.0-design-v1.0","57.4","50.9","6.5","42.247575584711925","true","61.59800000000001","15.466000000000001","50","42.6","509","500","426","500","465","74","98","264","29","23250","3703","5062","13044","1441","362","18106","46.5","0","50","1000","1997","3.994","53","4.929935929428307","0","42.5","3.605050505050505","10","700","465"
"1066","BA","1000","2","0.1","50","0.1","0.5","1","platform","targeted","70","5","95","95","46.47779170528537","72.49726449432399","72.49726449432399","fixed","1","1","50","2981","16","50","23241938","v2.0-design-v1.0","59.699999999999996","52.1","7.599999999999994","40.62938699110903","true","64.15400000000001","17.28600000000001","50","40.300000000000004","521","500","403","463","465","60","114","268","23","23250","3473","5075","13377","1325","382","18452","46.5","0","50","1000","1997","3.994","58","4.673950129153038","0","37.7","3.6535353535353536","10","700","465"
"1067","BA","1000","2","0.1","50","0.1","0.5","1","platform","targeted","70","5","95","95","46.47779170528537","72.49726449432399","72.49726449432399","fixed","1","1","50","2981","17","50","23241939","v2.0-design-v1.0","60.8","51.9","8.899999999999999","41.66765367760274","true","64.502","18.253999999999998","50","39.2","519","500","392","458","465","66","95","281","23","23250","3518","4925","13456","1351","376","18381","46.5","0","50","1000","1997","3.994","87","4.94777166454196","0","38.6","3.6444444444444444","10","700","465"
"1068","BA","1000","2","0.1","50","0.1","0.5","1","platform","targeted","70","5","95","95","46.47779170528537","72.49726449432399","72.49726449432399","fixed","1","1","50","2981","18","50","23241940","v2.0-design-v1.0","55","49.9","5.100000000000001","43.58386801099908","true","59.83999999999999","14.884","50","45","499","500","450","537","465","87","102","243","33","23250","3804","4924","13007","1515","345","17931","46.5","0","50","1000","1997","3.994","85","5.381535554553627","0","46.1","3.5686868686868687","10","700","465"
"1069","BA","1000","2","0.1","50","0.1","0.5","1","platform","targeted","70","5","95","95","46.47779170528537","72.49726449432399","72.49726449432399","fixed","1","1","50","2981","19","50","23241941","v2.0-design-v1.0","56","49.4","6.600000000000001","43.36221837088388","true","61.048","16.474000000000004","50","44","494","500","440","515","465","75","96","257","37","23250","3753","4902","13143","1452","353","18045","46.5","0","50","1000","1997","3.994","50","4.47526446056453","0","36.3","3.6676767676767676","10","700","465"
"1070","BA","1000","2","0.1","50","0.1","0.5","1","platform","targeted","70","5","95","95","46.47779170528537","72.49726449432399","72.49726449432399","fixed","1","1","50","2981","20","50","23241942","v2.0-design-v1.0","57.2","51.9","5.300000000000004","42.758699896634894","true","61.91399999999999","15.359999999999996","50","42.8","519","500","428","505","465","77","91","264","33","23250","3723","4984","13034","1509","355","18018","46.5","0","50","1000","1997","3.994","67","4.941293391449274","0","41.4","3.6161616161616164","10","700","465"
"1072","BA","1000","2","0.1","50","0.1","0.5","1","platform","targeted","70","5","95","95","46.47779170528537","72.49726449432399","72.49726449432399","fixed","1","1","50","2981","22","50","23241944","v2.0-design-v1.0","58","51.2","6.799999999999997","41.159453830131916","true","62.68000000000002","16.928","50","42","512","500","420","511","465","91","110","234","30","23250","3557","5085","13297","1311","344","18382","46.5","0","50","1000","1997","3.994","53","4.739031802216814","0","39.3","3.6373737373737374","10","700","465"
"1071","BA","1000","2","0.1","50","0.1","0.5","1","platform","targeted","70","5","95","95","46.47779170528537","72.49726449432399","72.49726449432399","fixed","1","1","50","2981","21","50","23241943","v2.0-design-v1.0","56.6","50.9","5.700000000000003","41.90067300997911","true","61.558","15.818","50","43.4","509","500","434","512","465","78","96","259","32","23250","3611","5007","13237","1395","355","18244","46.5","0","50","1000","1997","3.994","73","4.940888217352857","0","42.2","3.608080808080808","10","700","465"
"1074","BA","1000","2","0.1","50","0.1","0.5","1","platform","targeted","70","5","95","95","46.47779170528537","72.49726449432399","72.49726449432399","fixed","1","1","50","2981","24","50","23241946","v2.0-design-v1.0","56.9","48.1","8.799999999999997","41.70544439274081","true","61.23000000000001","17.587999999999994","50","43.1","481","500","431","505","465","74","105","267","19","23250","3585","5011","13321","1333","372","18332","46.5","0","50","1000","1997","3.994","91","5.227742657523725","0","42.4","3.606060606060606","10","700","465"
"1073","BA","1000","2","0.1","50","0.1","0.5","1","platform","targeted","70","5","95","95","46.47779170528537","72.49726449432399","72.49726449432399","fixed","1","1","50","2981","23","50","23241945","v2.0-design-v1.0","56.2","49.1","7.100000000000001","41.292166952544314","true","59.625999999999976","15.062000000000006","50","43.8","491","500","438","509","465","71","97","273","24","23250","3611","5134","13162","1343","370","18296","46.5","0","50","1000","1997","3.994","114","5.840383041725449","0","47.9","3.5505050505050506","10","700","465"
"1076","BA","1000","2","0.1","50","0.1","0.5","1","platform","targeted","70","5","95","95","46.47779170528537","72.49726449432399","72.49726449432399","fixed","1","1","50","2981","26","50","23241948","v2.0-design-v1.0","56.7","50.1","6.600000000000001","42.33931673422119","true","61.937999999999995","16.482","50","43.3","501","500","433","524","465","91","95","244","35","23250","3656","4979","13182","1433","339","18161","46.5","0","50","1000","1997","3.994","82","5.437235283443913","0","46.6","3.5636363636363635","10","700","465"
"1075","BA","1000","2","0.1","50","0.1","0.5","1","platform","targeted","70","5","95","95","46.47779170528537","72.49726449432399","72.49726449432399","fixed","1","1","50","2981","25","50","23241947","v2.0-design-v1.0","56.8","49.6","7.199999999999996","42.775295061304","true","60.156000000000006","15.370000000000006","50","43.2","496","500","432","505","465","73","93","275","24","23250","3733","4994","13094","1429","368","18088","46.5","0","50","1000","1997","3.994","97","5.717574193191949","0","49.4","3.5353535353535355","10","700","465"
"1077","BA","1000","2","0.1","50","0.1","0.5","1","platform","targeted","70","5","95","95","46.47779170528537","72.49726449432399","72.49726449432399","fixed","1","1","50","2981","27","50","23241949","v2.0-design-v1.0","59.5","51.9","7.600000000000001","41.47259468360386","true","64.28000000000002","17.87","50","40.5","519","500","405","473","465","68","93","277","27","23250","3526","4976","13311","1437","370","18287","46.5","0","50","1000","1997","3.994","68","4.772708114136316","0","39.1","3.639393939393939","10","700","465"
"1078","BA","1000","2","0.1","50","0.1","0.5","1","platform","targeted","70","5","95","95","46.47779170528537","72.49726449432399","72.49726449432399","fixed","1","1","50","2981","28","50","23241950","v2.0-design-v1.0","56.1","48.3","7.800000000000004","41.895319345169476","true","60.89","17.02799999999999","50","43.9","483","500","439","513","465","74","98","268","25","23250","3634","5040","13232","1344","366","18272","46.5","0","50","1000","1997","3.994","106","5.644628050263873","0","45.8","3.5717171717171716","10","700","465"
"1080","BA","1000","2","0.1","50","0.1","0.5","1","platform","targeted","70","5","95","95","46.47779170528537","72.49726449432399","72.49726449432399","fixed","1","1","50","2981","30","50","23241952","v2.0-design-v1.0","54.8","48.9","5.899999999999999","42.56469235192639","true","60.552","16.789999999999992","50","45.2","489","500","452","534","465","82","103","250","30","23250","3701","4994","13105","1450","353","18099","46.5","0","50","1000","1997","3.994","106","5.59475336947619","0","46.3","3.566666666666667","10","700","465"
"1079","BA","1000","2","0.1","50","0.1","0.5","1","platform","targeted","70","5","95","95","46.47779170528537","72.49726449432399","72.49726449432399","fixed","1","1","50","2981","29","50","23241951","v2.0-design-v1.0","58","49.3","8.700000000000003","40.453556293666246","true","62.68600000000001","18.081999999999997","50","42","493","500","420","495","465","75","109","247","34","23250","3532","5199","13179","1340","356","18378","46.5","0","50","1000","1997","3.994","111","5.530872856480653","0","43.6","3.5939393939393938","10","700","465"
"1081","BA","1000","2","0.1","50","0.1","0.5","1","platform","targeted","70","5","95","95","10.986634740400024","80.04873855828379","80.04873855828379","fixed","1","1","50","2982","1","50","23242923","v2.0-design-v1.0","11.900000000000006","10.5","1.4000000000000057","86.58420551855376","true","19.813999999999997","12.111999999999998","50","88.1","105","500","881","942","110","61","4","31","14","5500","2730","423","1638","709","35","2061","11","0","50","1000","1997","3.994","71","5.2668495045618675","0","43.3","3.596969696969697","10","700","110"
"1082","BA","1000","2","0.1","50","0.1","0.5","1","platform","targeted","70","5","95","95","10.986634740400024","80.04873855828379","80.04873855828379","fixed","1","1","50","2982","2","50","23242924","v2.0-design-v1.0","12","11","1","86.21334996880849","true","20.311999999999998","12.043999999999999","50","88","110","500","880","941","110","61","8","19","22","5500","2764","442","1646","648","27","2088","11","0","50","1000","1997","3.994","76","5.752656521734717","0","49.3","3.536363636363636","10","700","110"
"1083","BA","1000","2","0.1","50","0.1","0.5","1","platform","targeted","70","5","95","95","10.986634740400024","80.04873855828379","80.04873855828379","fixed","1","1","50","2982","3","50","23242925","v2.0-design-v1.0","12","9.8","2.1999999999999993","86.02044180679196","true","18.644000000000002","10.902000000000003","50","88","98","500","880","938","110","58","14","28","10","5500","2609","424","1817","650","42","2241","11","0","50","1000","1997","3.994","77","5.1268165803204","0","44.1","3.588888888888889","10","700","110"
"1084","BA","1000","2","0.1","50","0.1","0.5","1","platform","targeted","70","5","95","95","10.986634740400024","80.04873855828379","80.04873855828379","fixed","1","1","50","2982","4","50","23242926","v2.0-design-v1.0","11.900000000000006","10","1.9000000000000057","86.78513731825525","true","20.875999999999998","12.872000000000003","50","88.1","100","500","881","938","110","57","7","30","16","5500","2686","409","1767","638","37","2176","11","0","50","1000","1997","3.994","98","5.3921275058216995","0","43.9","3.590909090909091","10","700","110"
"1085","BA","1000","2","0.1","50","0.1","0.5","1","platform","targeted","70","5","95","95","10.986634740400024","80.04873855828379","80.04873855828379","fixed","1","1","50","2982","5","50","23242927","v2.0-design-v1.0","12.400000000000006","10.7","1.7000000000000064","84.77206595538313","true","20.345999999999997","11.564","50","87.6","107","500","876","932","110","56","8","30","16","5500","2622","471","1757","650","38","2228","11","0","50","1000","1997","3.994","67","5.009097229546955","0","41.1","3.6191919191919193","10","700","110"
"1086","BA","1000","2","0.1","50","0.1","0.5","1","platform","targeted","70","5","95","95","10.986634740400024","80.04873855828379","80.04873855828379","fixed","1","1","50","2982","6","50","23242928","v2.0-design-v1.0","11.200000000000003","10.100000000000001","1.1000000000000014","85.54649265905383","true","19.24","11.102","50","88.8","101","500","888","938","110","50","11","33","16","5500","2622","443","1778","657","44","2221","11","0","50","1000","1997","3.994","76","5.118609592864463","0","43.2","3.597979797979798","10","700","110"
"1087","BA","1000","2","0.1","50","0.1","0.5","1","platform","targeted","70","5","95","95","10.986634740400024","80.04873855828379","80.04873855828379","fixed","1","1","50","2982","7","50","23242929","v2.0-design-v1.0","12.299999999999997","10.7","1.5999999999999979","87.5595049190733","true","18.982","10.288000000000002","50","87.7","107","500","877","933","110","56","7","30","17","5500","2759","392","1672","677","37","2064","11","0","50","1000","1997","3.994","102","5.521816227877777","0","44.6","3.583838383838384","10","700","110"
"1088","BA","1000","2","0.1","50","0.1","0.5","1","platform","targeted","70","5","95","95","10.986634740400024","80.04873855828379","80.04873855828379","fixed","1","1","50","2982","8","50","23242930","v2.0-design-v1.0","12.400000000000006","10.8","1.600000000000005","87.10812539987204","true","20.368000000000002","11.942000000000002","50","87.6","108","500","876","936","110","60","4","34","12","5500","2723","403","1694","680","38","2097","11","0","50","1000","1997","3.994","73","4.968767719732182","0","40.8","3.6222222222222222","10","700","110"
"1089","BA","1000","2","0.1","50","0.1","0.5","1","platform","targeted","70","5","95","95","10.986634740400024","80.04873855828379","80.04873855828379","fixed","1","1","50","2982","9","50","23242931","v2.0-design-v1.0","11.400000000000006","10.9","0.5000000000000053","87.53229974160207","true","19.572000000000006","11.215999999999994","50","88.6","109","500","886","948","110","62","8","25","15","5500","2710","386","1701","703","33","2087","11","0","50","1000","1997","3.994","85","5.174237792828684","0","40.8","3.6222222222222222","10","700","110"
"1090","BA","1000","2","0.1","50","0.1","0.5","1","platform","targeted","70","5","95","95","10.986634740400024","80.04873855828379","80.04873855828379","fixed","1","1","50","2982","10","50","23242932","v2.0-design-v1.0","10.5","10.4","0.09999999999999964","87.04361873990307","true","18.65","10.54","50","89.5","104","500","895","957","110","62","4","28","16","5500","2694","401","1707","698","32","2108","11","0","50","1000","1997","3.994","45","4.287230381533544","0","31.9","3.712121212121212","10","700","110"
"1091","BA","1000","2","0.1","50","0.1","0.5","1","platform","targeted","70","5","95","95","10.986634740400024","80.04873855828379","80.04873855828379","fixed","1","1","50","2982","11","50","23242933","v2.0-design-v1.0","12.400000000000006","11.600000000000001","0.8000000000000043","86.86200378071834","true","19.669999999999998","11.128000000000002","50","87.6","116","500","876","934","110","58","8","30","14","5500","2757","417","1615","711","38","2032","11","0","50","1000","1997","3.994","66","4.940280393901775","0","39.6","3.6343434343434344","10","700","110"
"1092","BA","1000","2","0.1","50","0.1","0.5","1","platform","targeted","70","5","95","95","10.986634740400024","80.04873855828379","80.04873855828379","fixed","1","1","50","2982","12","50","23242934","v2.0-design-v1.0","11.700000000000003","10.4","1.3000000000000025","86.72225785760102","true","18.854","10.822000000000005","50","88.3","104","500","883","938","110","55","9","33","13","5500","2704","414","1677","705","42","2091","11","0","50","1000","1997","3.994","63","4.915294917309032","0","41.2","3.618181818181818","10","700","110"
"1093","BA","1000","2","0.1","50","0.1","0.5","1","platform","targeted","70","5","95","95","10.986634740400024","80.04873855828379","80.04873855828379","fixed","1","1","50","2982","13","50","23242935","v2.0-design-v1.0","11.599999999999994","10.9","0.699999999999994","85.6186224489796","true","19.988","11.300000000000002","50","88.4","109","500","884","940","110","56","3","36","15","5500","2685","451","1701","663","39","2152","11","0","50","1000","1997","3.994","123","5.845008821903374","0","46.7","3.562626262626263","10","700","110"
"1094","BA","1000","2","0.1","50","0.1","0.5","1","platform","targeted","70","5","95","95","10.986634740400024","80.04873855828379","80.04873855828379","fixed","1","1","50","2982","14","50","23242936","v2.0-design-v1.0","12.400000000000006","10.299999999999999","2.1000000000000068","85.97005208333334","true","19.72","11.454","50","87.6","103","500","876","925","110","49","9","38","14","5500","2641","431","1803","625","47","2234","11","0","50","1000","1997","3.994","95","5.268369740225116","0","40.6","3.624242424242424","10","700","110"
"1095","BA","1000","2","0.1","50","0.1","0.5","1","platform","targeted","70","5","95","95","10.986634740400024","80.04873855828379","80.04873855828379","fixed","1","1","50","2982","15","50","23242937","v2.0-design-v1.0","13.299999999999997","10.299999999999999","2.9999999999999982","85.98400000000001","true","21.32","12.957999999999995","50","86.7","103","500","867","927","110","60","10","30","10","5500","2687","438","1717","658","40","2155","11","0","50","1000","1997","3.994","75","5.106078342136548","0","41","3.6202020202020204","10","700","110"
"1096","BA","1000","2","0.1","50","0.1","0.5","1","platform","targeted","70","5","95","95","10.986634740400024","80.04873855828379","80.04873855828379","fixed","1","1","50","2982","16","50","23242938","v2.0-design-v1.0","10.799999999999997","10.7","0.09999999999999787","85.14981890023049","true","19.593999999999998","11.172","50","89.2","107","500","892","953","110","61","7","23","19","5500","2586","451","1822","641","30","2273","11","0","50","1000","1997","3.994","115","5.795649536812377","0","48","3.5494949494949495","10","700","110"
"1097","BA","1000","2","0.1","50","0.1","0.5","1","platform","targeted","70","5","95","95","10.986634740400024","80.04873855828379","80.04873855828379","fixed","1","1","50","2982","17","50","23242939","v2.0-design-v1.0","11.5","10.4","1.0999999999999996","86.31713554987212","true","19.477999999999998","11.178000000000004","50","88.5","104","500","885","945","110","60","9","28","13","5500","2700","428","1699","673","37","2127","11","0","50","1000","1997","3.994","87","5.0799379690867985","0","42.1","3.609090909090909","10","700","110"
"1098","BA","1000","2","0.1","50","0.1","0.5","1","platform","targeted","70","5","95","95","10.986634740400024","80.04873855828379","80.04873855828379","fixed","1","1","50","2982","18","50","23242940","v2.0-design-v1.0","11.900000000000006","11.3","0.600000000000005","86.5814696485623","true","19.962","11.323999999999996","50","88.1","113","500","881","939","110","58","6","30","16","5500","2710","420","1687","683","36","2107","11","0","50","1000","1997","3.994","109","5.415837450966856","0","42.5","3.605050505050505","10","700","110"
"1100","BA","1000","2","0.1","50","0.1","0.5","1","platform","targeted","70","5","95","95","10.986634740400024","80.04873855828379","80.04873855828379","fixed","1","1","50","2982","20","50","23242942","v2.0-design-v1.0","12.900000000000006","10","2.9000000000000057","86.30181347150258","true","20.043999999999997","12.14","50","87.1","100","500","871","926","110","55","5","39","11","5500","2665","423","1729","683","44","2152","11","0","50","1000","1997","3.994","83","5.667281718962103","0","50.6","3.5232323232323233","10","700","110"
"1099","BA","1000","2","0.1","50","0.1","0.5","1","platform","targeted","70","5","95","95","10.986634740400024","80.04873855828379","80.04873855828379","fixed","1","1","50","2982","19","50","23242941","v2.0-design-v1.0","10.700000000000003","10.100000000000001","0.6000000000000014","86.00260416666666","true","18.154","10.182","50","89.3","101","500","893","948","110","55","7","34","14","5500","2642","430","1740","688","41","2170","11","0","50","1000","1997","3.994","54","4.678017512563174","0","38.4","3.6464646464646466","10","700","110"
"1102","BA","1000","2","0.1","50","0.1","0.5","1","platform","targeted","70","5","95","95","10.986634740400024","80.04873855828379","80.04873855828379","fixed","1","1","50","2982","22","50","23242944","v2.0-design-v1.0","11.599999999999994","10.299999999999999","1.2999999999999954","85.74162679425838","true","19.445999999999998","11.293999999999999","50","88.4","103","500","884","933","110","49","6","36","19","5500","2688","447","1681","684","42","2128","11","0","50","1000","1997","3.994","76","5.288093033214131","0","44.2","3.587878787878788","10","700","110"
"1101","BA","1000","2","0.1","50","0.1","0.5","1","platform","targeted","70","5","95","95","10.986634740400024","80.04873855828379","80.04873855828379","fixed","1","1","50","2982","21","50","23242943","v2.0-design-v1.0","11.5","10.6","0.9000000000000004","87.41914618369987","true","18.779999999999994","10.708000000000002","50","88.5","106","500","885","946","110","61","10","29","10","5500","2703","389","1713","695","39","2102","11","0","50","1000","1997","3.994","81","5.175591826134537","0","41.7","3.613131313131313","10","700","110"
"1103","BA","1000","2","0.1","50","0.1","0.5","1","platform","targeted","70","5","95","95","10.986634740400024","80.04873855828379","80.04873855828379","fixed","1","1","50","2982","23","50","23242945","v2.0-design-v1.0","10.700000000000003","10.2","0.5000000000000036","86.42633228840126","true","19.291999999999998","11.042","50","89.3","102","500","893","940","110","47","5","36","22","5500","2757","433","1624","686","41","2057","11","0","50","1000","1997","3.994","89","5.188726904249903","0","42","3.61010101010101","10","700","110"
"1104","BA","1000","2","0.1","50","0.1","0.5","1","platform","targeted","70","5","95","95","10.986634740400024","80.04873855828379","80.04873855828379","fixed","1","1","50","2982","24","50","23242946","v2.0-design-v1.0","11.700000000000003","10.100000000000001","1.6000000000000014","85.261070720423","true","19.542","11.376000000000001","50","88.3","101","500","883","949","110","66","6","26","12","5500","2580","446","1803","671","32","2249","11","0","50","1000","1997","3.994","89","5.347949566381913","0","45.1","3.5787878787878786","10","700","110"
"1106","BA","1000","2","0.1","50","0.1","0.5","1","platform","targeted","70","5","95","95","10.986634740400024","80.04873855828379","80.04873855828379","fixed","1","1","50","2982","26","50","23242948","v2.0-design-v1.0","12.099999999999994","11.5","0.5999999999999943","86.62986813860779","true","19.874000000000006","10.64","50","87.9","115","500","879","939","110","60","6","32","12","5500","2825","436","1598","641","38","2034","11","0","50","1000","1997","3.994","52","4.793218014960188","0","40.5","3.625252525252525","10","700","110"
"1105","BA","1000","2","0.1","50","0.1","0.5","1","platform","targeted","70","5","95","95","10.986634740400024","80.04873855828379","80.04873855828379","fixed","1","1","50","2982","25","50","23242947","v2.0-design-v1.0","11.400000000000006","10.4","1.0000000000000053","86.27062706270627","true","19.478000000000005","11.021999999999998","50","88.6","104","500","886","944","110","58","8","27","17","5500","2614","416","1805","665","35","2221","11","0","50","1000","1997","3.994","58","4.816135292862842","0","39.9","3.6313131313131315","10","700","110"
"1107","BA","1000","2","0.1","50","0.1","0.5","1","platform","targeted","70","5","95","95","10.986634740400024","80.04873855828379","80.04873855828379","fixed","1","1","50","2982","27","50","23242949","v2.0-design-v1.0","10.900000000000006","9.700000000000001","1.2000000000000046","85.3829043533524","true","17.814","10.045999999999998","50","89.1","97","500","891","944","110","53","10","31","16","5500","2687","460","1677","676","41","2137","11","0","50","1000","1997","3.994","63","5.049302868660129","0","42.6","3.604040404040404","10","700","110"
"1108","BA","1000","2","0.1","50","0.1","0.5","1","platform","targeted","70","5","95","95","10.986634740400024","80.04873855828379","80.04873855828379","fixed","1","1","50","2982","28","50","23242950","v2.0-design-v1.0","11.400000000000006","10.2","1.2000000000000064","85.65878925218517","true","19.986","11.798000000000002","50","88.6","102","500","886","944","110","58","9","29","14","5500","2646","443","1717","694","38","2160","11","0","50","1000","1997","3.994","101","5.550024032990009","0","45.4","3.5757575757575757","10","700","110"
"1109","BA","1000","2","0.1","50","0.1","0.5","1","platform","targeted","70","5","95","95","10.986634740400024","80.04873855828379","80.04873855828379","fixed","1","1","50","2982","29","50","23242951","v2.0-design-v1.0","12.5","10.4","2.0999999999999996","86.22812702527544","true","20.430000000000003","12.274000000000001","50","87.5","104","500","875","926","110","51","8","39","12","5500","2661","425","1780","634","47","2205","11","0","50","1000","1997","3.994","97","5.5863379034185785","0","45.8","3.5717171717171716","10","700","110"
"1110","BA","1000","2","0.1","50","0.1","0.5","1","platform","targeted","70","5","95","95","10.986634740400024","80.04873855828379","80.04873855828379","fixed","1","1","50","2982","30","50","23242952","v2.0-design-v1.0","11.200000000000003","10.299999999999999","0.9000000000000039","85.14981890023049","true","19.360000000000003","11.38","50","88.8","103","500","888","940","110","52","9","33","16","5500","2586","451","1835","628","42","2286","11","0","50","1000","1997","3.994","80","5.3117020038946166","0","42.1","3.609090909090909","10","700","110"
"1111","BA","1000","2","0.1","50","0.1","0.5","1","platform","targeted","70","5","95","95","43.00553559869964","89.02341281593488","89.02341281593488","fixed","1","1","50","2983","1","50","23243923","v2.0-design-v1.0","65.5","50.2","15.299999999999997","60.726072607260726","true","67.75399999999998","29.332000000000008","50","34.5","502","500","345","409","430","64","42","322","2","21500","3128","2023","15949","400","364","17972","43","0","50","1000","1997","3.994","86","5.433367784853642","0","46.3","3.566666666666667","10","700","430"
"1112","BA","1000","2","0.1","50","0.1","0.5","1","platform","targeted","70","5","95","95","43.00553559869964","89.02341281593488","89.02341281593488","fixed","1","1","50","2983","2","50","23243924","v2.0-design-v1.0","65.30000000000001","49.1","16.20000000000001","61.62426614481409","true","67.362","28.976000000000003","50","34.699999999999996","491","500","347","413","430","66","41","319","4","21500","3149","1961","16010","380","360","17971","43","0","50","1000","1997","3.994","81","5.148054629320319","0","41.9","3.611111111111111","10","700","430"
"1113","BA","1000","2","0.1","50","0.1","0.5","1","platform","targeted","70","5","95","95","43.00553559869964","89.02341281593488","89.02341281593488","fixed","1","1","50","2983","3","50","23243925","v2.0-design-v1.0","64.30000000000001","47.4","16.900000000000013","63.16193399846508","true","66.52800000000003","30.008000000000017","50","35.699999999999996","474","500","357","431","430","74","36","313","7","21500","3292","1920","15920","368","349","17840","43","0","50","1000","1997","3.994","87","5.087420352776617","0","40.3","3.6272727272727274","10","700","430"
"1114","BA","1000","2","0.1","50","0.1","0.5","1","platform","targeted","70","5","95","95","43.00553559869964","89.02341281593488","89.02341281593488","fixed","1","1","50","2983","4","50","23243926","v2.0-design-v1.0","64.6","49.4","15.199999999999996","60.73429951690821","true","67.16399999999997","28.989999999999995","50","35.4","494","500","354","416","430","62","44","316","8","21500","3143","2032","15878","447","360","17910","43","0","50","1000","1997","3.994","70","5.069681022082705","0","42.5","3.605050505050505","10","700","430"
"1115","BA","1000","2","0.1","50","0.1","0.5","1","platform","targeted","70","5","95","95","43.00553559869964","89.02341281593488","89.02341281593488","fixed","1","1","50","2983","5","50","23243927","v2.0-design-v1.0","65","48.6","16.4","60.5005005005005","true","66.95599999999997","29.86","50","35","486","500","350","403","430","53","35","333","9","21500","3022","1973","16112","393","368","18085","43","0","50","1000","1997","3.994","103","5.938116302770227","0","48.5","3.5444444444444443","10","700","430"
"1116","BA","1000","2","0.1","50","0.1","0.5","1","platform","targeted","70","5","95","95","43.00553559869964","89.02341281593488","89.02341281593488","fixed","1","1","50","2983","6","50","23243928","v2.0-design-v1.0","62.7","48.4","14.300000000000004","62.04026325977545","true","65.09599999999999","27.850000000000005","50","37.3","484","500","373","433","430","60","39","318","13","21500","3205","1961","15947","387","357","17908","43","0","50","1000","1997","3.994","125","6.065868343342045","0","47.4","3.5555555555555554","10","700","430"
"1117","BA","1000","2","0.1","50","0.1","0.5","1","platform","targeted","70","5","95","95","43.00553559869964","89.02341281593488","89.02341281593488","fixed","1","1","50","2983","7","50","23243929","v2.0-design-v1.0","65.2","48.9","16.300000000000004","60.71287128712871","true","67.602","29.786000000000005","50","34.8","489","500","348","402","430","54","36","330","10","21500","3066","1984","16068","382","366","18052","43","0","50","1000","1997","3.994","74","4.882192110087404","0","39","3.6404040404040403","10","700","430"
"1118","BA","1000","2","0.1","50","0.1","0.5","1","platform","targeted","70","5","95","95","43.00553559869964","89.02341281593488","89.02341281593488","fixed","1","1","50","2983","8","50","23243930","v2.0-design-v1.0","64.4","46.6","17.800000000000004","62.62927605409706","true","67.92200000000001","32.221999999999994","50","35.6","466","500","356","415","430","59","34","320","17","21500","3149","1879","16079","393","354","17958","43","0","50","1000","1997","3.994","78","5.304535993100817","0","44","3.5898989898989897","10","700","430"
"1119","BA","1000","2","0.1","50","0.1","0.5","1","platform","targeted","70","5","95","95","43.00553559869964","89.02341281593488","89.02341281593488","fixed","1","1","50","2983","9","50","23243931","v2.0-design-v1.0","66.69999999999999","49.8","16.89999999999999","60.24458700882117","true","69.196","31.502000000000002","50","33.300000000000004","498","500","333","392","430","59","41","322","8","21500","3005","1983","16127","385","363","18110","43","0","50","1000","1997","3.994","79","4.826723657022551","0","39.2","3.6383838383838385","10","700","430"
"1120","BA","1000","2","0.1","50","0.1","0.5","1","platform","targeted","70","5","95","95","43.00553559869964","89.02341281593488","89.02341281593488","fixed","1","1","50","2983","10","50","23243932","v2.0-design-v1.0","64.7","48.6","16.1","61.5460074553659","true","66.78399999999999","29.916","50","35.3","486","500","353","409","430","56","30","340","4","21500","3137","1960","16046","357","370","18006","43","0","50","1000","1997","3.994","96","5.102352202464849","0","39.5","3.6353535353535356","10","700","430"
"1121","BA","1000","2","0.1","50","0.1","0.5","1","platform","targeted","70","5","95","95","43.00553559869964","89.02341281593488","89.02341281593488","fixed","1","1","50","2983","11","50","23243933","v2.0-design-v1.0","62.8","48.6","14.199999999999996","61.80769230769231","true","66.472","28.662","50","37.2","486","500","372","437","430","65","32","317","16","21500","3214","1986","15901","399","349","17887","43","0","50","1000","1997","3.994","97","5.388784928256358","0","43.8","3.591919191919192","10","700","430"
"1122","BA","1000","2","0.1","50","0.1","0.5","1","platform","targeted","70","5","95","95","43.00553559869964","89.02341281593488","89.02341281593488","fixed","1","1","50","2983","12","50","23243934","v2.0-design-v1.0","65.69999999999999","47.8","17.89999999999999","61.32767271323814","true","68.10199999999998","30.27","50","34.300000000000004","478","500","343","398","430","55","43","324","8","21500","3178","2004","15908","410","367","17912","43","0","50","1000","1997","3.994","68","5.277481957886332","0","47","3.5595959595959594","10","700","430"
"1123","BA","1000","2","0.1","50","0.1","0.5","1","platform","targeted","70","5","95","95","43.00553559869964","89.02341281593488","89.02341281593488","fixed","1","1","50","2983","13","50","23243935","v2.0-design-v1.0","67.19999999999999","49.5","17.69999999999999","60.05285627159992","true","69.50200000000001","31.514","50","32.800000000000004","495","500","328","381","430","53","41","326","10","21500","2954","1965","16221","360","367","18186","43","0","50","1000","1997","3.994","85","5.276343791282341","0","43.7","3.592929292929293","10","700","430"
"1124","BA","1000","2","0.1","50","0.1","0.5","1","platform","targeted","70","5","95","95","43.00553559869964","89.02341281593488","89.02341281593488","fixed","1","1","50","2983","14","50","23243936","v2.0-design-v1.0","65.9","49","16.900000000000006","60.66913051935421","true","67.556","29.926","50","34.1","490","500","341","409","430","68","37","318","7","21500","3119","2022","15992","367","355","18014","43","0","50","1000","1997","3.994","49","4.804481974890421","0","38.5","3.6454545454545455","10","700","430"
"1125","BA","1000","2","0.1","50","0.1","0.5","1","platform","targeted","70","5","95","95","43.00553559869964","89.02341281593488","89.02341281593488","fixed","1","1","50","2983","15","50","23243937","v2.0-design-v1.0","68.2","50.1","18.1","59.52045133991537","true","69.94999999999997","31.343999999999998","50","31.8","501","500","318","372","430","54","43","323","10","21500","2954","2009","16204","333","366","18213","43","0","50","1000","1997","3.994","84","5.1835154897842","0","41.6","3.614141414141414","10","700","430"
"1126","BA","1000","2","0.1","50","0.1","0.5","1","platform","targeted","70","5","95","95","43.00553559869964","89.02341281593488","89.02341281593488","fixed","1","1","50","2983","16","50","23243938","v2.0-design-v1.0","63","48.3","14.700000000000003","61.78010471204188","true","66.08600000000001","28.84","50","37","483","500","370","449","430","79","43","297","11","21500","3186","1971","15948","395","340","17919","43","0","50","1000","1997","3.994","73","5.584366494880957","0","49.7","3.5323232323232325","10","700","430"
"1127","BA","1000","2","0.1","50","0.1","0.5","1","platform","targeted","70","5","95","95","43.00553559869964","89.02341281593488","89.02341281593488","fixed","1","1","50","2983","17","50","23243939","v2.0-design-v1.0","65.30000000000001","48.199999999999996","17.100000000000016","62.29862475442043","true","67.272","30.465999999999994","50","34.699999999999996","482","500","347","410","430","63","31","331","5","21500","3171","1919","16016","394","362","17935","43","0","50","1000","1997","3.994","57","4.821536187898118","0","40.3","3.6272727272727274","10","700","430"
"1128","BA","1000","2","0.1","50","0.1","0.5","1","platform","targeted","70","5","95","95","43.00553559869964","89.02341281593488","89.02341281593488","fixed","1","1","50","2983","18","50","23243940","v2.0-design-v1.0","66","49.4","16.6","60.9375","true","67.89599999999999","29.982","50","34","494","500","340","401","430","61","48","319","2","21500","3120","2000","16008","372","367","18008","43","0","50","1000","1997","3.994","90","5.539372586191377","0","48.6","3.5434343434343436","10","700","430"
"1129","BA","1000","2","0.1","50","0.1","0.5","1","platform","targeted","70","5","95","95","43.00553559869964","89.02341281593488","89.02341281593488","fixed","1","1","50","2983","19","50","23243941","v2.0-design-v1.0","66.9","48.699999999999996","18.20000000000001","60.51867621443778","true","68.12599999999999","31.402000000000008","50","33.1","487","500","331","383","430","52","37","332","9","21500","3127","2040","15922","411","369","17962","43","0","50","1000","1997","3.994","86","5.071260364217321","0","40.3","3.6272727272727274","10","700","430"
"1130","BA","1000","2","0.1","50","0.1","0.5","1","platform","targeted","70","5","95","95","43.00553559869964","89.02341281593488","89.02341281593488","fixed","1","1","50","2983","20","50","23243942","v2.0-design-v1.0","64","48.4","15.600000000000001","61.080976365749706","true","66.634","29.314000000000007","50","36","484","500","360","422","430","62","35","326","7","21500","3153","2009","15912","426","361","17921","43","0","50","1000","1997","3.994","95","6.038081021518577","0","52.1","3.508080808080808","10","700","430"
"1131","BA","1000","2","0.1","50","0.1","0.5","1","platform","targeted","70","5","95","95","43.00553559869964","89.02341281593488","89.02341281593488","fixed","1","1","50","2983","21","50","23243943","v2.0-design-v1.0","66.6","47.9","18.699999999999996","60.46694133804199","true","68.45399999999998","30.89400000000001","50","33.4","479","500","334","391","430","57","42","326","5","21500","3082","2015","15993","410","368","18008","43","0","50","1000","1997","3.994","63","4.785484809803993","0","39.3","3.6373737373737374","10","700","430"
"1132","BA","1000","2","0.1","50","0.1","0.5","1","platform","targeted","70","5","95","95","43.00553559869964","89.02341281593488","89.02341281593488","fixed","1","1","50","2983","22","50","23243944","v2.0-design-v1.0","64.1","47.5","16.599999999999994","61.9038195131605","true","67.96599999999998","31.713999999999995","50","35.9","475","500","359","430","430","71","38","312","9","21500","3128","1925","16063","384","350","17988","43","0","50","1000","1997","3.994","86","5.416946308327898","0","45.2","3.577777777777778","10","700","430"
"1133","BA","1000","2","0.1","50","0.1","0.5","1","platform","targeted","70","5","95","95","43.00553559869964","89.02341281593488","89.02341281593488","fixed","1","1","50","2983","23","50","23243945","v2.0-design-v1.0","64.6","47.3","17.299999999999997","61.66245872985046","true","66.56600000000002","30.108000000000008","50","35.4","473","500","354","409","430","55","28","339","8","21500","3175","1974","15984","367","367","17958","43","0","50","1000","1997","3.994","73","5.360288863176741","0","45.1","3.5787878787878786","10","700","430"
"1134","BA","1000","2","0.1","50","0.1","0.5","1","platform","targeted","70","5","95","95","43.00553559869964","89.02341281593488","89.02341281593488","fixed","1","1","50","2983","24","50","23243946","v2.0-design-v1.0","64.9","48.6","16.300000000000004","59.12746280659429","true","68.05600000000001","30.703999999999986","50","35.099999999999994","486","500","351","406","430","55","37","331","7","21500","2941","2033","16144","382","368","18177","43","0","50","1000","1997","3.994","107","5.931032046882015","0","50.4","3.525252525252525","10","700","430"
"1135","BA","1000","2","0.1","50","0.1","0.5","1","platform","targeted","70","5","95","95","43.00553559869964","89.02341281593488","89.02341281593488","fixed","1","1","50","2983","25","50","23243947","v2.0-design-v1.0","63.9","48.1","15.799999999999997","61.891625615763544","true","66.78000000000002","30.380000000000006","50","36.1","481","500","361","410","430","49","48","327","6","21500","3141","1934","15984","441","375","17918","43","0","50","1000","1997","3.994","68","5.051879401320405","0","42.9","3.601010101010101","10","700","430"
"1136","BA","1000","2","0.1","50","0.1","0.5","1","platform","targeted","70","5","95","95","43.00553559869964","89.02341281593488","89.02341281593488","fixed","1","1","50","2983","26","50","23243948","v2.0-design-v1.0","65","48.4","16.6","61.776738749269434","true","67.36999999999999","30.231999999999992","50","35","484","500","350","405","430","55","43","328","4","21500","3171","1962","15984","383","371","17946","43","0","50","1000","1997","3.994","77","5.112347807035434","0","41.9","3.611111111111111","10","700","430"
"1137","BA","1000","2","0.1","50","0.1","0.5","1","platform","targeted","70","5","95","95","43.00553559869964","89.02341281593488","89.02341281593488","fixed","1","1","50","2983","27","50","23243949","v2.0-design-v1.0","67.19999999999999","50.2","16.999999999999986","61.001754044045995","true","68.626","30.106000000000005","50","32.800000000000004","502","500","328","389","430","61","39","325","5","21500","3130","2001","15982","387","364","17983","43","0","50","1000","1997","3.994","69","4.89631881498109","0","40.1","3.6292929292929292","10","700","430"
"1138","BA","1000","2","0.1","50","0.1","0.5","1","platform","targeted","70","5","95","95","43.00553559869964","89.02341281593488","89.02341281593488","fixed","1","1","50","2983","28","50","23243950","v2.0-design-v1.0","65.9","47.699999999999996","18.20000000000001","60.49606775559588","true","68.04400000000001","31.157999999999998","50","34.1","477","500","341","386","430","45","30","348","7","21500","3000","1959","16196","345","378","18155","43","0","50","1000","1997","3.994","86","5.351317650878203","0","43.6","3.5939393939393938","10","700","430"
"1139","BA","1000","2","0.1","50","0.1","0.5","1","platform","targeted","70","5","95","95","43.00553559869964","89.02341281593488","89.02341281593488","fixed","1","1","50","2983","29","50","23243951","v2.0-design-v1.0","64.7","48.6","16.1","62.06364513018322","true","67.62599999999999","30.677999999999987","50","35.3","486","500","353","409","430","56","47","319","8","21500","3218","1967","15902","413","366","17869","43","0","50","1000","1997","3.994","72","4.87603729884623","0","40.3","3.6272727272727274","10","700","430"
"1140","BA","1000","2","0.1","50","0.1","0.5","1","platform","targeted","70","5","95","95","43.00553559869964","89.02341281593488","89.02341281593488","fixed","1","1","50","2983","30","50","23243952","v2.0-design-v1.0","64.9","49.4","15.500000000000007","59.980039920159676","true","68.69","30.27799999999999","50","35.099999999999994","494","500","351","414","430","63","36","318","13","21500","3005","2005","16102","388","354","18107","43","0","50","1000","1997","3.994","64","5.270079481159427","0","45.1","3.5787878787878786","10","700","430"
"1141","BA","1000","2","0.1","50","0.1","0.5","1","platform","targeted","70","5","95","95","92.37038999188367","83.03104292943408","83.03104292943408","fixed","1","1","50","2984","1","50","23244923","v2.0-design-v1.0","100","100","0","8.324452338661931","true","99.586","12.754000000000008","50","0","1000","500","0","0","924","0","162","762","0","46200","703","7742","37608","147","924","45350","92.4","0","50","1000","1997","3.994","74","5.282032171793713","0","44.9","3.580808080808081","10","700","924"
"1142","BA","1000","2","0.1","50","0.1","0.5","1","platform","targeted","70","5","95","95","92.37038999188367","83.03104292943408","83.03104292943408","fixed","1","1","50","2984","2","50","23244924","v2.0-design-v1.0","100","100","0","7.780703854440986","true","99.574","12.170000000000005","50","0","1000","500","0","0","924","0","143","781","0","46200","650","7704","37711","135","924","45415","92.4","0","50","1000","1997","3.994","107","5.435946422980402","0","42.2","3.608080808080808","10","700","924"
"1143","BA","1000","2","0.1","50","0.1","0.5","1","platform","targeted","70","5","95","95","92.37038999188367","83.03104292943408","83.03104292943408","fixed","1","1","50","2984","3","50","23244925","v2.0-design-v1.0","100","100","0","7.97502650488868","true","99.594","12.39","50","0","1000","500","0","0","924","0","141","783","0","46200","677","7812","37572","139","924","45384","92.4","0","50","1000","1997","3.994","69","5.231570828473345","0","44.9","3.580808080808081","10","700","924"
"1144","BA","1000","2","0.1","50","0.1","0.5","1","platform","targeted","70","5","95","95","92.37038999188367","83.03104292943408","83.03104292943408","fixed","1","1","50","2984","4","50","23244926","v2.0-design-v1.0","100","100","0","8.202233697610184","true","99.61399999999999","12.930000000000001","50","0","1000","500","0","0","924","0","158","766","0","46200","683","7644","37732","141","924","45376","92.4","0","50","1000","1997","3.994","78","5.282032171793714","0","44.3","3.5868686868686868","10","700","924"
"1145","BA","1000","2","0.1","50","0.1","0.5","1","platform","targeted","70","5","95","95","92.37038999188367","83.03104292943408","83.03104292943408","fixed","1","1","50","2984","5","50","23244927","v2.0-design-v1.0","100","99.9","0.09999999999999432","7.887223411848679","true","99.584","12.040000000000006","50","0","999","500","0","0","924","0","155","769","0","46200","663","7743","37655","139","924","45398","92.4","0","50","1000","1997","3.994","97","5.457632247573087","0","44.4","3.585858585858586","10","700","924"
"1146","BA","1000","2","0.1","50","0.1","0.5","1","platform","targeted","70","5","95","95","92.37038999188367","83.03104292943408","83.03104292943408","fixed","1","1","50","2984","6","50","23244928","v2.0-design-v1.0","100","100","0","7.628543969245555","true","99.65","11.768000000000006","50","0","1000","500","0","0","924","0","168","756","0","46200","635","7689","37761","115","924","45450","92.4","0","50","1000","1997","3.994","71","4.910608727854218","0","38.6","3.6444444444444444","10","700","924"
"1147","BA","1000","2","0.1","50","0.1","0.5","1","platform","targeted","70","5","95","95","92.37038999188367","83.03104292943408","83.03104292943408","fixed","1","1","50","2984","7","50","23244929","v2.0-design-v1.0","100","99.9","0.09999999999999432","7.864903164855928","true","99.604","11.860000000000007","50","0","999","500","0","0","924","0","154","770","0","46200","666","7802","37594","138","924","45396","92.4","0","50","1000","1997","3.994","96","5.725447121818932","0","46.4","3.5656565656565657","10","700","924"
"1148","BA","1000","2","0.1","50","0.1","0.5","1","platform","targeted","70","5","95","95","92.37038999188367","83.03104292943408","83.03104292943408","fixed","1","1","50","2984","8","50","23244930","v2.0-design-v1.0","100","100","0","7.794322940902745","true","99.646","11.636000000000001","50","0","1000","500","0","0","924","0","145","779","0","46200","670","7926","37485","119","924","45411","92.4","0","50","1000","1997","3.994","89","5.334080653347523","0","45.9","3.5707070707070705","10","700","924"
"1149","BA","1000","2","0.1","50","0.1","0.5","1","platform","targeted","70","5","95","95","92.37038999188367","83.03104292943408","83.03104292943408","fixed","1","1","50","2984","9","50","23244931","v2.0-design-v1.0","100","100","0","8.14150714804943","true","99.588","12.576000000000004","50","0","1000","500","0","0","924","0","141","783","0","46200","672","7582","37807","139","924","45389","92.4","0","50","1000","1997","3.994","80","5.257528469310037","0","44","3.5898989898989897","10","700","924"
"1150","BA","1000","2","0.1","50","0.1","0.5","1","platform","targeted","70","5","95","95","92.37038999188367","83.03104292943408","83.03104292943408","fixed","1","1","50","2984","10","50","23244932","v2.0-design-v1.0","100","99.9","0.09999999999999432","8.192457737321195","true","99.54799999999999","11.760000000000007","50","0","999","500","0","0","924","0","155","769","0","46200","693","7766","37588","153","924","45354","92.4","0","50","1000","1997","3.994","72","4.9562615476312875","0","39.6","3.6343434343434344","10","700","924"
"1151","BA","1000","2","0.1","50","0.1","0.5","1","platform","targeted","70","5","95","95","92.37038999188367","83.03104292943408","83.03104292943408","fixed","1","1","50","2984","11","50","23244933","v2.0-design-v1.0","100","100","0","7.998061076102762","true","99.604","12.152000000000005","50","0","1000","500","0","0","924","0","161","763","0","46200","660","7592","37827","121","924","45419","92.4","0","50","1000","1997","3.994","49","4.519777914056429","0","35.6","3.6747474747474747","10","700","924"
"1152","BA","1000","2","0.1","50","0.1","0.5","1","platform","targeted","70","5","95","95","92.37038999188367","83.03104292943408","83.03104292943408","fixed","1","1","50","2984","12","50","23244934","v2.0-design-v1.0","100","100","0","8.211391945821745","true","99.6","12.021999999999997","50","0","1000","500","0","0","924","0","145","779","0","46200","679","7590","37781","150","924","45371","92.4","0","50","1000","1997","3.994","75","5.346826400076257","0","45.5","3.5747474747474746","10","700","924"
"1153","BA","1000","2","0.1","50","0.1","0.5","1","platform","targeted","70","5","95","95","92.37038999188367","83.03104292943408","83.03104292943408","fixed","1","1","50","2984","13","50","23244935","v2.0-design-v1.0","100","99.9","0.09999999999999432","7.99810695693327","true","99.57799999999999","11.312000000000012","50","0","999","500","0","0","924","0","171","753","0","46200","676","7776","37597","151","924","45373","92.4","0","50","1000","1997","3.994","120","5.5047494281089815","0","41.1","3.6191919191919193","10","700","924"
"1154","BA","1000","2","0.1","50","0.1","0.5","1","platform","targeted","70","5","95","95","92.37038999188367","83.03104292943408","83.03104292943408","fixed","1","1","50","2984","14","50","23244936","v2.0-design-v1.0","100","99.7","0.29999999999999716","8.176100628930817","true","99.626","12.847999999999992","50","0","997","500","0","0","924","0","151","773","0","46200","676","7592","37806","126","924","45398","92.4","0","50","1000","1997","3.994","67","5.042160983882537","0","42.8","3.602020202020202","10","700","924"
"1155","BA","1000","2","0.1","50","0.1","0.5","1","platform","targeted","70","5","95","95","92.37038999188367","83.03104292943408","83.03104292943408","fixed","1","1","50","2984","15","50","23244937","v2.0-design-v1.0","100","100","0","7.708779443254818","true","99.604","12.08","50","0","1000","500","0","0","924","0","145","779","0","46200","648","7758","37663","131","924","45421","92.4","0","50","1000","1997","3.994","81","5.0542565733755005","0","41.6","3.614141414141414","10","700","924"
"1156","BA","1000","2","0.1","50","0.1","0.5","1","platform","targeted","70","5","95","95","92.37038999188367","83.03104292943408","83.03104292943408","fixed","1","1","50","2984","16","50","23244938","v2.0-design-v1.0","100","100","0","7.578798252862708","true","99.664","12.11800000000001","50","0","1000","500","0","0","924","0","181","743","0","46200","642","7829","37606","123","924","45435","92.4","0","50","1000","1997","3.994","73","5.081908085531425","0","43.1","3.598989898989899","10","700","924"
"1157","BA","1000","2","0.1","50","0.1","0.5","1","platform","targeted","70","5","95","95","92.37038999188367","83.03104292943408","83.03104292943408","fixed","1","1","50","2984","17","50","23244939","v2.0-design-v1.0","100","99.8","0.20000000000000284","7.754171167927019","true","99.64","12.168000000000005","50","0","998","500","0","0","924","0","149","775","0","46200","646","7685","37742","127","924","45427","92.4","0","50","1000","1997","3.994","84","5.746388864755405","0","49","3.5393939393939395","10","700","924"
"1158","BA","1000","2","0.1","50","0.1","0.5","1","platform","targeted","70","5","95","95","92.37038999188367","83.03104292943408","83.03104292943408","fixed","1","1","50","2984","18","50","23244940","v2.0-design-v1.0","100","100","0","8.492722242271142","true","99.554","11.908","50","0","1000","500","0","0","924","0","160","764","0","46200","706","7607","37735","152","924","45342","92.4","0","50","1000","1997","3.994","94","5.638950413132013","0","46.9","3.5606060606060606","10","700","924"
"1159","BA","1000","2","0.1","50","0.1","0.5","1","platform","targeted","70","5","95","95","92.37038999188367","83.03104292943408","83.03104292943408","fixed","1","1","50","2984","19","50","23244941","v2.0-design-v1.0","100","100","0","7.836354961832061","true","99.594","12.228000000000007","50","0","1000","500","0","0","924","0","163","761","0","46200","657","7727","37691","125","924","45418","92.4","0","50","1000","1997","3.994","131","5.701444595053994","0","42.7","3.603030303030303","10","700","924"
"1160","BA","1000","2","0.1","50","0.1","0.5","1","platform","targeted","70","5","95","95","92.37038999188367","83.03104292943408","83.03104292943408","fixed","1","1","50","2984","20","50","23244942","v2.0-design-v1.0","100","100","0","7.927992370052456","true","99.602","11.998000000000006","50","0","1000","500","0","0","924","0","168","756","0","46200","665","7723","37683","129","924","45406","92.4","0","50","1000","1997","3.994","60","4.848863317879296","0","40.2","3.628282828282828","10","700","924"
"1161","BA","1000","2","0.1","50","0.1","0.5","1","platform","targeted","70","5","95","95","92.37038999188367","83.03104292943408","83.03104292943408","fixed","1","1","50","2984","21","50","23244943","v2.0-design-v1.0","100","99.9","0.09999999999999432","8.462555595624474","true","99.508","11.922000000000011","50","0","999","500","0","0","924","0","147","777","0","46200","704","7615","37719","162","924","45334","92.4","0","50","1000","1997","3.994","105","5.611724820004575","0","44.7","3.5828282828282827","10","700","924"
"1162","BA","1000","2","0.1","50","0.1","0.5","1","platform","targeted","70","5","95","95","92.37038999188367","83.03104292943408","83.03104292943408","fixed","1","1","50","2984","22","50","23244944","v2.0-design-v1.0","100","100","0","7.628326996197719","true","99.648","13.018000000000004","50","0","1000","500","0","0","924","0","181","743","0","46200","642","7774","37674","110","924","45448","92.4","0","50","1000","1997","3.994","105","5.541540640712886","0","45.1","3.5787878787878786","10","700","924"
"1163","BA","1000","2","0.1","50","0.1","0.5","1","platform","targeted","70","5","95","95","92.37038999188367","83.03104292943408","83.03104292943408","fixed","1","1","50","2984","23","50","23244945","v2.0-design-v1.0","100","99.9","0.09999999999999432","7.679345209436687","true","99.64200000000001","12.133999999999993","50","0","999","500","0","0","924","0","167","757","0","46200","638","7670","37767","125","924","45437","92.4","0","50","1000","1997","3.994","97","5.518008011267503","0","44.6","3.583838383838384","10","700","924"
"1164","BA","1000","2","0.1","50","0.1","0.5","1","platform","targeted","70","5","95","95","92.37038999188367","83.03104292943408","83.03104292943408","fixed","1","1","50","2984","24","50","23244946","v2.0-design-v1.0","100","100","0","7.763601348098219","true","99.656","12.374000000000006","50","0","1000","500","0","0","924","0","146","778","0","46200","645","7663","37781","111","924","45444","92.4","0","50","1000","1997","3.994","59","4.888953453027122","0","40","3.6303030303030304","10","700","924"
"1165","BA","1000","2","0.1","50","0.1","0.5","1","platform","targeted","70","5","95","95","92.37038999188367","83.03104292943408","83.03104292943408","fixed","1","1","50","2984","25","50","23244947","v2.0-design-v1.0","100","100","0","7.954409118176365","true","99.61200000000001","11.872000000000005","50","0","1000","500","0","0","924","0","160","764","0","46200","663","7672","37733","132","924","45405","92.4","0","50","1000","1997","3.994","70","5.335018877794751","0","47.5","3.5545454545454547","10","700","924"
"1166","BA","1000","2","0.1","50","0.1","0.5","1","platform","targeted","70","5","95","95","92.37038999188367","83.03104292943408","83.03104292943408","fixed","1","1","50","2984","26","50","23244948","v2.0-design-v1.0","100","100","0","7.836174242424243","true","99.588","11.660000000000002","50","0","1000","500","0","0","924","0","185","739","0","46200","662","7786","37615","137","924","45401","92.4","0","50","1000","1997","3.994","115","5.664454964959112","0","45.7","3.5727272727272728","10","700","924"
"1167","BA","1000","2","0.1","50","0.1","0.5","1","platform","targeted","70","5","95","95","92.37038999188367","83.03104292943408","83.03104292943408","fixed","1","1","50","2984","27","50","23244949","v2.0-design-v1.0","100","100","0","7.808471454880294","true","99.626","12.096000000000005","50","0","1000","500","0","0","924","0","163","761","0","46200","636","7509","37928","127","924","45437","92.4","0","50","1000","1997","3.994","111","5.26969958666845","0","39.8","3.632323232323232","10","700","924"
"1168","BA","1000","2","0.1","50","0.1","0.5","1","platform","targeted","70","5","95","95","92.37038999188367","83.03104292943408","83.03104292943408","fixed","1","1","50","2984","28","50","23244950","v2.0-design-v1.0","100","100","0","8.034861509073544","true","99.62799999999999","11.957999999999997","50","0","1000","500","0","0","924","0","169","755","0","46200","673","7703","37698","126","924","45401","92.4","0","50","1000","1997","3.994","51","4.876858389142304","0","40.6","3.624242424242424","10","700","924"
"1169","BA","1000","2","0.1","50","0.1","0.5","1","platform","targeted","70","5","95","95","92.37038999188367","83.03104292943408","83.03104292943408","fixed","1","1","50","2984","29","50","23244951","v2.0-design-v1.0","100","100","0","8.160823261936102","true","99.55799999999999","12.327999999999996","50","0","1000","500","0","0","924","0","172","752","0","46200","682","7675","37685","158","924","45360","92.4","0","50","1000","1997","3.994","59","5.054454620580881","0","42.7","3.603030303030303","10","700","924"
"1170","BA","1000","2","0.1","50","0.1","0.5","1","platform","targeted","70","5","95","95","92.37038999188367","83.03104292943408","83.03104292943408","fixed","1","1","50","2984","30","50","23244952","v2.0-design-v1.0","100","100","0","8.140090843891944","true","99.62200000000001","12.466000000000001","50","0","1000","500","0","0","924","0","153","771","0","46200","681","7685","37712","122","924","45397","92.4","0","50","1000","1997","3.994","71","4.95323111700821","0","40.6","3.624242424242424","10","700","924"
"1171","BA","1000","2","0.1","50","0.1","0.5","1","platform","targeted","70","5","95","95","55.05078057204908","86.17877194705946","86.17877194705946","fixed","1","1","50","2985","1","50","23245923","v2.0-design-v1.0","98.4","70.7","27.700000000000003","29.30417495029821","true","92.10199999999998","39.124","50","1.6","707","500","16","19","551","3","72","476","0","27550","1474","3556","22300","220","548","25856","55.1","0","50","1000","1997","3.994","72","5.005698854407933","0","40.7","3.6232323232323234","10","700","551"
"1172","BA","1000","2","0.1","50","0.1","0.5","1","platform","targeted","70","5","95","95","55.05078057204908","86.17877194705946","86.17877194705946","fixed","1","1","50","2985","2","50","23245924","v2.0-design-v1.0","99.7","75","24.700000000000003","27.125919869174165","true","93.69799999999998","39.302000000000014","50","0.3","750","500","3","4","551","1","68","482","0","27550","1327","3565","22424","234","550","25989","55.1","0","50","1000","1997","3.994","82","5.540637387761679","0","46.3","3.566666666666667","10","700","551"
"1173","BA","1000","2","0.1","50","0.1","0.5","1","platform","targeted","70","5","95","95","55.05078057204908","86.17877194705946","86.17877194705946","fixed","1","1","50","2985","3","50","23245925","v2.0-design-v1.0","97.2","68.8","28.400000000000006","31.493001555209954","true","90.86599999999994","39.24599999999999","50","2.8000000000000003","688","500","28","38","551","10","68","472","1","27550","1620","3524","22140","266","540","25664","55.1","0","50","1000","1997","3.994","86","5.2331013127350445","0","43.8","3.591919191919192","10","700","551"
"1174","BA","1000","2","0.1","50","0.1","0.5","1","platform","targeted","70","5","95","95","55.05078057204908","86.17877194705946","86.17877194705946","fixed","1","1","50","2985","4","50","23245926","v2.0-design-v1.0","98","71.89999999999999","26.10000000000001","30.62191510365252","true","92.43","38.81999999999999","50","2","719","500","20","30","551","10","64","477","0","27550","1551","3514","22243","242","541","25757","55.1","0","50","1000","1997","3.994","92","5.439075982880498","0","46.2","3.5676767676767676","10","700","551"
"1175","BA","1000","2","0.1","50","0.1","0.5","1","platform","targeted","70","5","95","95","55.05078057204908","86.17877194705946","86.17877194705946","fixed","1","1","50","2985","5","50","23245927","v2.0-design-v1.0","99.7","72","27.700000000000003","27.269076305220885","true","92.79","37.848","50","0.3","720","500","3","5","551","2","76","473","0","27550","1358","3622","22341","229","549","25963","55.1","0","50","1000","1997","3.994","71","4.802398049623429","0","38.7","3.6434343434343432","10","700","551"
"1176","BA","1000","2","0.1","50","0.1","0.5","1","platform","targeted","70","5","95","95","55.05078057204908","86.17877194705946","86.17877194705946","fixed","1","1","50","2985","6","50","23245928","v2.0-design-v1.0","99.6","75.3","24.299999999999997","24.44814660558101","true","94.63400000000003","39.897999999999996","50","0.4","753","500","4","6","551","2","92","457","0","27550","1174","3628","22593","155","549","26221","55.1","0","50","1000","1997","3.994","85","5.415282937140882","0","44.6","3.583838383838384","10","700","551"
"1177","BA","1000","2","0.1","50","0.1","0.5","1","platform","targeted","70","5","95","95","55.05078057204908","86.17877194705946","86.17877194705946","fixed","1","1","50","2985","7","50","23245929","v2.0-design-v1.0","100","72.1","27.900000000000006","26.331719128329294","true","93.166","38.605999999999995","50","0","721","500","0","0","551","0","80","471","0","27550","1305","3651","22382","212","551","26033","55.1","0","50","1000","1997","3.994","72","5.1724963720353285","0","43.5","3.594949494949495","10","700","551"
"1178","BA","1000","2","0.1","50","0.1","0.5","1","platform","targeted","70","5","95","95","55.05078057204908","86.17877194705946","86.17877194705946","fixed","1","1","50","2985","8","50","23245930","v2.0-design-v1.0","99.4","75.2","24.200000000000003","25.43352601156069","true","94.45","38.76399999999999","50","0.6","752","500","6","9","551","3","65","483","0","27550","1232","3612","22511","195","548","26123","55.1","0","50","1000","1997","3.994","66","4.84886331787929","0","39.1","3.639393939393939","10","700","551"
"1179","BA","1000","2","0.1","50","0.1","0.5","1","platform","targeted","70","5","95","95","55.05078057204908","86.17877194705946","86.17877194705946","fixed","1","1","50","2985","9","50","23245931","v2.0-design-v1.0","97","69.3","27.700000000000003","30.30186502595655","true","91.472","39.334","50","3","693","500","30","38","551","8","79","463","1","27550","1576","3625","22079","270","542","25704","55.1","0","50","1000","1997","3.994","102","5.449372409705505","0","44","3.5898989898989897","10","700","551"
"1180","BA","1000","2","0.1","50","0.1","0.5","1","platform","targeted","70","5","95","95","55.05078057204908","86.17877194705946","86.17877194705946","fixed","1","1","50","2985","10","50","23245932","v2.0-design-v1.0","99.1","71.3","27.799999999999997","26.756812128662162","true","92.98399999999998","39.894","50","0.8999999999999999","713","500","9","12","551","3","82","466","0","27550","1306","3575","22488","181","548","26063","55.1","0","50","1000","1997","3.994","50","4.463618250689436","0","34.9","3.6818181818181817","10","700","551"
"1181","BA","1000","2","0.1","50","0.1","0.5","1","platform","targeted","70","5","95","95","55.05078057204908","86.17877194705946","86.17877194705946","fixed","1","1","50","2985","11","50","23245933","v2.0-design-v1.0","99.8","75.5","24.299999999999997","25.581395348837212","true","93.81","38.373999999999995","50","0.2","755","500","2","3","551","1","88","461","1","27550","1221","3552","22573","204","549","26125","55.1","0","50","1000","1997","3.994","71","5.200674091981821","0","44.1","3.588888888888889","10","700","551"
"1182","BA","1000","2","0.1","50","0.1","0.5","1","platform","targeted","70","5","95","95","55.05078057204908","86.17877194705946","86.17877194705946","fixed","1","1","50","2985","12","50","23245934","v2.0-design-v1.0","99.2","76.7","22.5","24.75597092419522","true","94.876","37.790000000000006","50","0.8","767","500","8","11","551","3","76","472","0","27550","1192","3623","22569","166","548","26192","55.1","0","50","1000","1997","3.994","106","5.456715105238651","0","43.6","3.5939393939393938","10","700","551"
"1183","BA","1000","2","0.1","50","0.1","0.5","1","platform","targeted","70","5","95","95","55.05078057204908","86.17877194705946","86.17877194705946","fixed","1","1","50","2985","13","50","23245935","v2.0-design-v1.0","98.7","70.1","28.60000000000001","30.32183016673129","true","91.554","38.66000000000001","50","1.3","701","500","13","17","551","4","76","470","1","27550","1564","3594","22115","277","546","25709","55.1","0","50","1000","1997","3.994","90","5.493281363642326","0","43.9","3.590909090909091","10","700","551"
"1184","BA","1000","2","0.1","50","0.1","0.5","1","platform","targeted","70","5","95","95","55.05078057204908","86.17877194705946","86.17877194705946","fixed","1","1","50","2985","14","50","23245936","v2.0-design-v1.0","98","67.60000000000001","30.39999999999999","31.161417322834644","true","90.49799999999999","39.80400000000001","50","2","676","500","20","27","551","7","71","472","1","27550","1583","3497","22228","242","543","25725","55.1","0","50","1000","1997","3.994","90","4.939672495658418","0","38.6","3.6444444444444444","10","700","551"
"1185","BA","1000","2","0.1","50","0.1","0.5","1","platform","targeted","70","5","95","95","55.05078057204908","86.17877194705946","86.17877194705946","fixed","1","1","50","2985","15","50","23245937","v2.0-design-v1.0","99.2","73.6","25.60000000000001","29.00079617834395","true","92.83999999999997","39.194","50","0.8","736","500","8","10","551","2","84","463","2","27550","1457","3567","22290","236","547","25857","55.1","0","50","1000","1997","3.994","110","5.8381545070379985","0","49.4","3.5353535353535355","10","700","551"
"1186","BA","1000","2","0.1","50","0.1","0.5","1","platform","targeted","70","5","95","95","55.05078057204908","86.17877194705946","86.17877194705946","fixed","1","1","50","2985","16","50","23245938","v2.0-design-v1.0","98.9","70.7","28.200000000000003","27.171903881700555","true","93.35799999999998","40.282000000000004","50","1.0999999999999999","707","500","11","11","551","0","66","485","0","27550","1323","3546","22507","174","551","26053","55.1","0","50","1000","1997","3.994","121","5.825968237632771","0","45.5","3.5747474747474746","10","700","551"
"1187","BA","1000","2","0.1","50","0.1","0.5","1","platform","targeted","70","5","95","95","55.05078057204908","86.17877194705946","86.17877194705946","fixed","1","1","50","2985","17","50","23245939","v2.0-design-v1.0","99.1","76","23.099999999999994","26.591143151390316","true","93.82999999999998","38.866","50","0.8999999999999999","760","500","9","13","551","4","83","464","0","27550","1291","3564","22476","219","547","26040","55.1","0","50","1000","1997","3.994","90","5.434657256856166","0","45.8","3.5717171717171716","10","700","551"
"1188","BA","1000","2","0.1","50","0.1","0.5","1","platform","targeted","70","5","95","95","55.05078057204908","86.17877194705946","86.17877194705946","fixed","1","1","50","2985","18","50","23245940","v2.0-design-v1.0","97.9","67.80000000000001","30.099999999999994","30.838610631356744","true","90.652","37.88999999999999","50","2.1","678","500","21","29","551","8","61","479","3","27550","1607","3604","22061","278","540","25665","55.1","0","50","1000","1997","3.994","90","5.229082836148918","0","44.1","3.588888888888889","10","700","551"
"1189","BA","1000","2","0.1","50","0.1","0.5","1","platform","targeted","70","5","95","95","55.05078057204908","86.17877194705946","86.17877194705946","fixed","1","1","50","2985","19","50","23245941","v2.0-design-v1.0","99.6","69.6","30","28.97271268057785","true","92.44800000000001","39.73599999999999","50","0.4","696","500","4","6","551","2","72","477","0","27550","1444","3540","22337","229","549","25877","55.1","0","50","1000","1997","3.994","93","5.155049809510906","0","41.6","3.614141414141414","10","700","551"
"1190","BA","1000","2","0.1","50","0.1","0.5","1","platform","targeted","70","5","95","95","55.05078057204908","86.17877194705946","86.17877194705946","fixed","1","1","50","2985","20","50","23245942","v2.0-design-v1.0","98.2","71.2","27","28.614038576257705","true","92.26399999999998","38.932","50","1.7999999999999998","712","500","18","26","551","8","79","461","3","27550","1439","3590","22284","237","540","25874","55.1","0","50","1000","1997","3.994","53","4.834390896000782","0","40.6","3.624242424242424","10","700","551"
"1191","BA","1000","2","0.1","50","0.1","0.5","1","platform","targeted","70","5","95","95","55.05078057204908","86.17877194705946","86.17877194705946","fixed","1","1","50","2985","21","50","23245943","v2.0-design-v1.0","99.6","78","21.599999999999994","25.184124386252044","true","94.71400000000001","37.994","50","0.4","780","500","4","5","551","1","70","480","0","27550","1231","3657","22449","213","550","26106","55.1","0","50","1000","1997","3.994","156","6.310133261808504","0","44.2","3.587878787878788","10","700","551"
"1192","BA","1000","2","0.1","50","0.1","0.5","1","platform","targeted","70","5","95","95","55.05078057204908","86.17877194705946","86.17877194705946","fixed","1","1","50","2985","22","50","23245944","v2.0-design-v1.0","99.6","69.5","30.099999999999994","28.02686154453881","true","92.222","39.269999999999996","50","0.4","695","500","4","5","551","1","78","472","0","27550","1419","3644","22270","217","550","25914","55.1","0","50","1000","1997","3.994","91","5.502021104670186","0","44.4","3.585858585858586","10","700","551"
"1193","BA","1000","2","0.1","50","0.1","0.5","1","platform","targeted","70","5","95","95","55.05078057204908","86.17877194705946","86.17877194705946","fixed","1","1","50","2985","23","50","23245945","v2.0-design-v1.0","98.4","70.7","27.700000000000003","26.506740681998416","true","92.464","38.948","50","1.6","707","500","16","17","551","1","81","468","1","27550","1337","3707","22307","199","549","26014","55.1","0","50","1000","1997","3.994","72","4.722739487656308","0","37.9","3.6515151515151514","10","700","551"
"1194","BA","1000","2","0.1","50","0.1","0.5","1","platform","targeted","70","5","95","95","55.05078057204908","86.17877194705946","86.17877194705946","fixed","1","1","50","2985","24","50","23245946","v2.0-design-v1.0","98.8","69.3","29.5","26.845637583892618","true","92.48","39.986000000000004","50","1.2","693","500","12","14","551","2","90","459","0","27550","1320","3597","22425","208","549","26022","55.1","0","50","1000","1997","3.994","90","5.163198874982689","0","40.5","3.625252525252525","10","700","551"
"1195","BA","1000","2","0.1","50","0.1","0.5","1","platform","targeted","70","5","95","95","55.05078057204908","86.17877194705946","86.17877194705946","fixed","1","1","50","2985","25","50","23245947","v2.0-design-v1.0","98.4","69.89999999999999","28.500000000000014","31.40527950310559","true","90.96","38.672","50","1.6","699","500","16","19","551","3","78","470","0","27550","1618","3534","22133","265","548","25667","55.1","0","50","1000","1997","3.994","97","5.352065826258915","0","43.5","3.594949494949495","10","700","551"
"1196","BA","1000","2","0.1","50","0.1","0.5","1","platform","targeted","70","5","95","95","55.05078057204908","86.17877194705946","86.17877194705946","fixed","1","1","50","2985","26","50","23245948","v2.0-design-v1.0","99.7","75.4","24.299999999999997","25.248344370860927","true","94.26199999999999","38.996","50","0.3","754","500","3","3","551","0","72","479","0","27550","1220","3612","22519","199","551","26131","55.1","0","50","1000","1997","3.994","97","5.564254211026384","0","46","3.56969696969697","10","700","551"
"1197","BA","1000","2","0.1","50","0.1","0.5","1","platform","targeted","70","5","95","95","55.05078057204908","86.17877194705946","86.17877194705946","fixed","1","1","50","2985","27","50","23245949","v2.0-design-v1.0","98.9","73.2","25.700000000000003","28.024072216649948","true","93.05399999999997","38.402","50","1.0999999999999999","732","500","11","15","551","4","81","464","2","27550","1397","3588","22336","229","545","25924","55.1","0","50","1000","1997","3.994","89","5.735578511437251","0","48.3","3.5464646464646465","10","700","551"
"1198","BA","1000","2","0.1","50","0.1","0.5","1","platform","targeted","70","5","95","95","55.05078057204908","86.17877194705946","86.17877194705946","fixed","1","1","50","2985","28","50","23245950","v2.0-design-v1.0","93.5","62.7","30.799999999999997","37.504469074007865","true","85.84999999999998","36.506","50","6.5","627","500","65","78","551","13","84","453","1","27550","2098","3496","21591","365","537","25087","55.1","0","50","1000","1997","3.994","95","5.541721273636431","0","44.1","3.588888888888889","10","700","551"
"1199","BA","1000","2","0.1","50","0.1","0.5","1","platform","targeted","70","5","95","95","55.05078057204908","86.17877194705946","86.17877194705946","fixed","1","1","50","2985","29","50","23245951","v2.0-design-v1.0","97.4","65.9","31.5","33.23771275578504","true","89.71599999999997","39.654","50","2.6","659","500","26","34","551","8","65","478","0","27550","1738","3491","22025","296","543","25516","55.1","0","50","1000","1997","3.994","105","5.775926360794884","0","48.9","3.54040404040404","10","700","551"
"1200","BA","1000","2","0.1","50","0.1","0.5","1","platform","targeted","70","5","95","95","55.05078057204908","86.17877194705946","86.17877194705946","fixed","1","1","50","2985","30","50","23245952","v2.0-design-v1.0","99.6","74.1","25.5","24.736297828335058","true","93.88800000000003","38.418","50","0.4","741","500","4","6","551","2","80","469","0","27550","1196","3639","22526","189","549","26165","55.1","0","50","1000","1997","3.994","78","5.212209812654421","0","43.6","3.5939393939393938","10","700","551"
"1201","BA","1000","2","0.1","50","0.1","0.5","1","platform","targeted","70","5","95","95","29.326556828830157","89.84145311750206","89.84145311750206","fixed","1","1","50","2986","1","50","23246923","v2.0-design-v1.0","42.6","29.799999999999997","12.800000000000004","78.53556485355648","true","48.16800000000001","26.438000000000002","50","57.4","298","500","574","656","293","82","17","186","8","14650","3754","1026","9427","443","203","10453","29.3","0","50","1000","1997","3.994","84","5.321116262428232","0","46.3","3.566666666666667","10","700","293"
"1202","BA","1000","2","0.1","50","0.1","0.5","1","platform","targeted","70","5","95","95","29.326556828830157","89.84145311750206","89.84145311750206","fixed","1","1","50","2986","2","50","23246924","v2.0-design-v1.0","42.300000000000004","28.4","13.900000000000006","77.46326707000864","true","48.042","26.783999999999995","50","57.699999999999996","284","500","577","642","293","65","16","207","5","14650","3585","1043","9570","452","223","10613","29.3","0","50","1000","1997","3.994","72","5.1753984144941585","0","44.9","3.580808080808081","10","700","293"
"1203","BA","1000","2","0.1","50","0.1","0.5","1","platform","targeted","70","5","95","95","29.326556828830157","89.84145311750206","89.84145311750206","fixed","1","1","50","2986","3","50","23246925","v2.0-design-v1.0","45.49999999999999","29.7","15.799999999999994","75.90701716271997","true","50.846","28.26400000000002","50","54.50000000000001","297","500","545","630","293","85","21","182","5","14650","3494","1109","9637","410","203","10746","29.3","0","50","1000","1997","3.994","75","4.901427137884225","0","40.4","3.6262626262626263","10","700","293"
"1204","BA","1000","2","0.1","50","0.1","0.5","1","platform","targeted","70","5","95","95","29.326556828830157","89.84145311750206","89.84145311750206","fixed","1","1","50","2986","4","50","23246926","v2.0-design-v1.0","40.6","28.799999999999997","11.800000000000004","76.49444918872759","true","46.65200000000001","24.988000000000007","50","59.4","288","500","594","668","293","74","14","191","14","14650","3583","1101","9552","414","205","10653","29.3","0","50","1000","1997","3.994","96","5.587054606783351","0","44.7","3.5828282828282827","10","700","293"
"1205","BA","1000","2","0.1","50","0.1","0.5","1","platform","targeted","70","5","95","95","29.326556828830157","89.84145311750206","89.84145311750206","fixed","1","1","50","2986","5","50","23246927","v2.0-design-v1.0","42.7","28.299999999999997","14.400000000000006","76.64759482941301","true","48.51200000000001","26.960000000000008","50","57.3","283","500","573","642","293","69","30","188","6","14650","3617","1102","9513","418","218","10615","29.3","0","50","1000","1997","3.994","75","5.341581834671861","0","45.6","3.573737373737374","10","700","293"
"1206","BA","1000","2","0.1","50","0.1","0.5","1","platform","targeted","70","5","95","95","29.326556828830157","89.84145311750206","89.84145311750206","fixed","1","1","50","2986","6","50","23246928","v2.0-design-v1.0","44.39999999999999","28.999999999999996","15.399999999999995","77.04388984509465","true","50.12200000000001","28.665999999999993","50","55.60000000000001","290","500","556","632","293","76","20","191","6","14650","3581","1067","9606","396","211","10673","29.3","0","50","1000","1997","3.994","134","5.742903877390327","0","42.2","3.608080808080808","10","700","293"
"1207","BA","1000","2","0.1","50","0.1","0.5","1","platform","targeted","70","5","95","95","29.326556828830157","89.84145311750206","89.84145311750206","fixed","1","1","50","2986","7","50","23246929","v2.0-design-v1.0","44.599999999999994","28.799999999999997","15.799999999999997","76.08791208791209","true","50.459999999999994","28.468000000000004","50","55.400000000000006","288","500","554","631","293","77","17","189","10","14650","3462","1088","9678","422","206","10766","29.3","0","50","1000","1997","3.994","110","6.026299053339507","0","50.3","3.526262626262626","10","700","293"
"1208","BA","1000","2","0.1","50","0.1","0.5","1","platform","targeted","70","5","95","95","29.326556828830157","89.84145311750206","89.84145311750206","fixed","1","1","50","2986","8","50","23246930","v2.0-design-v1.0","44.099999999999994","29.299999999999997","14.799999999999997","77.29396771452846","true","50.17799999999999","28.153999999999996","50","55.900000000000006","293","500","559","623","293","64","11","209","9","14650","3639","1069","9519","423","220","10588","29.3","0","50","1000","1997","3.994","83","5.343642813523229","0","43.9","3.590909090909091","10","700","293"
"1209","BA","1000","2","0.1","50","0.1","0.5","1","platform","targeted","70","5","95","95","29.326556828830157","89.84145311750206","89.84145311750206","fixed","1","1","50","2986","9","50","23246931","v2.0-design-v1.0","41.800000000000004","27.900000000000002","13.900000000000002","78.1521289789169","true","46.882000000000026","25.394000000000005","50","58.199999999999996","279","500","582","647","293","65","20","198","10","14650","3781","1057","9411","401","218","10468","29.3","0","50","1000","1997","3.994","49","4.638478142610933","0","35.4","3.676767676767677","10","700","293"
"1210","BA","1000","2","0.1","50","0.1","0.5","1","platform","targeted","70","5","95","95","29.326556828830157","89.84145311750206","89.84145311750206","fixed","1","1","50","2986","10","50","23246932","v2.0-design-v1.0","46.3","28.199999999999996","18.1","76.15199825289365","true","50.93","29.827999999999992","50","53.7","282","500","537","620","293","83","24","181","5","14650","3487","1092","9712","359","205","10804","29.3","0","50","1000","1997","3.994","88","5.711443301354265","0","48.6","3.5434343434343436","10","700","293"
"1211","BA","1000","2","0.1","50","0.1","0.5","1","platform","targeted","70","5","95","95","29.326556828830157","89.84145311750206","89.84145311750206","fixed","1","1","50","2986","11","50","23246933","v2.0-design-v1.0","43.300000000000004","28.599999999999998","14.700000000000006","77.99413735343383","true","48.40599999999999","26.97000000000001","50","56.699999999999996","286","500","567","647","293","80","29","179","5","14650","3725","1051","9416","458","208","10467","29.3","0","50","1000","1997","3.994","93","5.457265409135394","0","41.9","3.611111111111111","10","700","293"
"1212","BA","1000","2","0.1","50","0.1","0.5","1","platform","targeted","70","5","95","95","29.326556828830157","89.84145311750206","89.84145311750206","fixed","1","1","50","2986","12","50","23246934","v2.0-design-v1.0","45.3","28.199999999999996","17.1","77.37683664649957","true","50.76600000000001","29.866","50","54.7","282","500","547","615","293","68","25","196","4","14650","3581","1047","9622","400","221","10669","29.3","0","50","1000","1997","3.994","85","5.406588128866029","0","45.5","3.5747474747474746","10","700","293"
"1213","BA","1000","2","0.1","50","0.1","0.5","1","platform","targeted","70","5","95","95","29.326556828830157","89.84145311750206","89.84145311750206","fixed","1","1","50","2986","13","50","23246935","v2.0-design-v1.0","43.7","28.599999999999998","15.100000000000005","76.62619254119689","true","49.40199999999999","27.290000000000006","50","56.3","286","500","563","642","293","79","15","188","11","14650","3534","1078","9632","406","203","10710","29.3","0","50","1000","1997","3.994","78","5.387112861727044","0","44.6","3.583838383838384","10","700","293"
"1214","BA","1000","2","0.1","50","0.1","0.5","1","platform","targeted","70","5","95","95","29.326556828830157","89.84145311750206","89.84145311750206","fixed","1","1","50","2986","14","50","23246936","v2.0-design-v1.0","42.300000000000004","27.900000000000002","14.400000000000002","77.12060618817091","true","48.472","27.790000000000006","50","57.699999999999996","279","500","577","660","293","83","25","170","15","14650","3664","1087","9475","424","195","10562","29.3","0","50","1000","1997","3.994","85","5.41435862122922","0","44.5","3.584848484848485","10","700","293"
"1215","BA","1000","2","0.1","50","0.1","0.5","1","platform","targeted","70","5","95","95","29.326556828830157","89.84145311750206","89.84145311750206","fixed","1","1","50","2986","15","50","23246937","v2.0-design-v1.0","41.5","28.9","12.600000000000001","77.41726151849448","true","47.854000000000006","26.298000000000002","50","58.5","289","500","585","653","293","68","17","200","8","14650","3579","1044","9582","445","217","10626","29.3","0","50","1000","1997","3.994","120","5.822702797487428","0","45.4","3.5757575757575757","10","700","293"
"1216","BA","1000","2","0.1","50","0.1","0.5","1","platform","targeted","70","5","95","95","29.326556828830157","89.84145311750206","89.84145311750206","fixed","1","1","50","2986","16","50","23246938","v2.0-design-v1.0","43.99999999999999","28.9","15.099999999999994","76.97887774695967","true","49.255999999999986","27.242000000000008","50","56.00000000000001","289","500","560","634","293","74","16","196","7","14650","3608","1079","9541","422","212","10620","29.3","0","50","1000","1997","3.994","79","5.322620998558345","0","44.8","3.581818181818182","10","700","293"
"1217","BA","1000","2","0.1","50","0.1","0.5","1","platform","targeted","70","5","95","95","29.326556828830157","89.84145311750206","89.84145311750206","fixed","1","1","50","2986","17","50","23246939","v2.0-design-v1.0","45.199999999999996","27.6","17.599999999999994","76.45133129637712","true","49.92","28.035999999999998","50","54.800000000000004","276","500","548","618","293","70","34","181","8","14650","3503","1079","9716","352","215","10795","29.3","0","50","1000","1997","3.994","64","5.5089302330227605","0","49.2","3.5373737373737373","10","700","293"
"1218","BA","1000","2","0.1","50","0.1","0.5","1","platform","targeted","70","5","95","95","29.326556828830157","89.84145311750206","89.84145311750206","fixed","1","1","50","2986","18","50","23246940","v2.0-design-v1.0","42.300000000000004","28.4","13.900000000000006","77.77777777777779","true","46.464","24.42800000000001","50","57.699999999999996","284","500","577","661","293","84","13","189","7","14650","3689","1054","9496","411","202","10550","29.3","0","50","1000","1997","3.994","108","5.40399548178633","0","39.8","3.632323232323232","10","700","293"
"1219","BA","1000","2","0.1","50","0.1","0.5","1","platform","targeted","70","5","95","95","29.326556828830157","89.84145311750206","89.84145311750206","fixed","1","1","50","2986","19","50","23246941","v2.0-design-v1.0","44.099999999999994","28.4","15.699999999999996","78.08688208859405","true","48.336000000000006","27.210000000000008","50","55.900000000000006","284","500","559","640","293","81","20","187","5","14650","3649","1024","9587","390","207","10611","29.3","0","50","1000","1997","3.994","66","5.185253209906993","0","43.9","3.590909090909091","10","700","293"
"1220","BA","1000","2","0.1","50","0.1","0.5","1","platform","targeted","70","5","95","95","29.326556828830157","89.84145311750206","89.84145311750206","fixed","1","1","50","2986","20","50","23246942","v2.0-design-v1.0","41.5","28.199999999999996","13.300000000000004","78.07394668959587","true","47.303999999999995","25.818000000000005","50","58.5","282","500","585","660","293","75","26","184","8","14650","3632","1020","9582","416","210","10602","29.3","0","50","1000","1997","3.994","92","5.274066721210462","0","42.7","3.603030303030303","10","700","293"
"1221","BA","1000","2","0.1","50","0.1","0.5","1","platform","targeted","70","5","95","95","29.326556828830157","89.84145311750206","89.84145311750206","fixed","1","1","50","2986","21","50","23246943","v2.0-design-v1.0","40.800000000000004","28.299999999999997","12.500000000000007","76.87044802471861","true","46.394","25.19","50","59.199999999999996","283","500","592","663","293","71","19","198","5","14650","3483","1048","9739","380","217","10787","29.3","0","50","1000","1997","3.994","111","5.92765561593295","0","49.2","3.5373737373737373","10","700","293"
"1222","BA","1000","2","0.1","50","0.1","0.5","1","platform","targeted","70","5","95","95","29.326556828830157","89.84145311750206","89.84145311750206","fixed","1","1","50","2986","22","50","23246944","v2.0-design-v1.0","44.3","28.1","16.199999999999996","77.86935915928291","true","48.94200000000001","27.502000000000006","50","55.7","281","500","557","616","293","59","28","198","8","14650","3779","1074","9368","429","226","10442","29.3","0","50","1000","1997","3.994","93","5.4874471365176705","0","45.4","3.5757575757575757","10","700","293"
"1223","BA","1000","2","0.1","50","0.1","0.5","1","platform","targeted","70","5","95","95","29.326556828830157","89.84145311750206","89.84145311750206","fixed","1","1","50","2986","23","50","23246945","v2.0-design-v1.0","43.50000000000001","29.5","14.000000000000007","76.53594771241829","true","49.12","26.630000000000017","50","56.49999999999999","295","500","565","628","293","63","25","196","9","14650","3513","1077","9671","389","221","10748","29.3","0","50","1000","1997","3.994","110","5.950241118590885","0","47.4","3.5555555555555554","10","700","293"
"1224","BA","1000","2","0.1","50","0.1","0.5","1","platform","targeted","70","5","95","95","29.326556828830157","89.84145311750206","89.84145311750206","fixed","1","1","50","2986","24","50","23246946","v2.0-design-v1.0","43.99999999999999","28.199999999999996","15.799999999999997","76.47567567567567","true","49.082","27.121999999999986","50","56.00000000000001","282","500","560","645","293","85","19","183","6","14650","3537","1088","9657","368","202","10745","29.3","0","50","1000","1997","3.994","94","5.2778612922110515","0","41.1","3.6191919191919193","10","700","293"
"1225","BA","1000","2","0.1","50","0.1","0.5","1","platform","targeted","70","5","95","95","29.326556828830157","89.84145311750206","89.84145311750206","fixed","1","1","50","2986","25","50","23246947","v2.0-design-v1.0","40.7","29.099999999999998","11.600000000000005","77.05231816248404","true","47.475999999999985","25.828000000000003","50","59.3","291","500","593","692","293","99","20","165","9","14650","3623","1079","9524","424","185","10603","29.3","0","50","1000","1997","3.994","108","5.574678559436497","0","45.1","3.5787878787878786","10","700","293"
"1226","BA","1000","2","0.1","50","0.1","0.5","1","platform","targeted","70","5","95","95","29.326556828830157","89.84145311750206","89.84145311750206","fixed","1","1","50","2986","26","50","23246948","v2.0-design-v1.0","42.50000000000001","28.199999999999996","14.300000000000011","78.17324185248714","true","49.07599999999999","28.067999999999994","50","57.49999999999999","282","500","575","649","293","74","21","187","11","14650","3646","1018","9534","452","208","10552","29.3","0","50","1000","1997","3.994","87","5.247618650540585","0","43.4","3.595959595959596","10","700","293"
"1227","BA","1000","2","0.1","50","0.1","0.5","1","platform","targeted","70","5","95","95","29.326556828830157","89.84145311750206","89.84145311750206","fixed","1","1","50","2986","27","50","23246949","v2.0-design-v1.0","42.1","27.900000000000002","14.2","77.46092099704268","true","48.705999999999996","27.33600000000001","50","57.9","279","500","579","640","293","61","22","194","16","14650","3667","1067","9490","426","216","10557","29.3","0","50","1000","1997","3.994","58","4.704688948070638","0","38.2","3.6484848484848484","10","700","293"
"1228","BA","1000","2","0.1","50","0.1","0.5","1","platform","targeted","70","5","95","95","29.326556828830157","89.84145311750206","89.84145311750206","fixed","1","1","50","2986","28","50","23246950","v2.0-design-v1.0","43.8","29.5","14.299999999999997","76.93933629253857","true","50.12200000000001","27.646000000000008","50","56.2","295","500","562","643","293","81","15","183","14","14650","3640","1091","9532","387","198","10623","29.3","0","50","1000","1997","3.994","91","5.14805462932032","0","41.9","3.611111111111111","10","700","293"
"1229","BA","1000","2","0.1","50","0.1","0.5","1","platform","targeted","70","5","95","95","29.326556828830157","89.84145311750206","89.84145311750206","fixed","1","1","50","2986","29","50","23246951","v2.0-design-v1.0","44.699999999999996","29.7","14.999999999999996","75.97374179431073","true","49.196","26.653999999999996","50","55.300000000000004","297","500","553","630","293","77","27","183","6","14650","3472","1098","9710","370","210","10808","29.3","0","50","1000","1997","3.994","68","5.095677573191795","0","44.2","3.587878787878788","10","700","293"
"1230","BA","1000","2","0.1","50","0.1","0.5","1","platform","targeted","70","5","95","95","29.326556828830157","89.84145311750206","89.84145311750206","fixed","1","1","50","2986","30","50","23246952","v2.0-design-v1.0","43.10000000000001","29.7","13.40000000000001","75.69217353390016","true","49.37599999999998","26.370000000000005","50","56.89999999999999","297","500","569","639","293","70","23","188","12","14650","3472","1115","9672","391","211","10787","29.3","0","50","1000","1997","3.994","57","5.028643082507564","0","43","3.6","10","700","293"
"1231","BA","1000","2","0.1","50","0.1","0.5","1","platform","targeted","70","5","95","95","94.38463008124741","76.49101123898507","76.49101123898507","fixed","1","1","50","2987","1","50","23247923","v2.0-design-v1.0","100","100","0","6.460986240492265","true","99.38799999999999","8.467999999999996","50","0","1000","500","0","0","944","0","237","707","0","47200","756","10945","35255","244","944","46200","94.4","0","50","1000","1997","3.994","75","4.902243975568322","0","38.8","3.6424242424242426","10","700","944"
"1232","BA","1000","2","0.1","50","0.1","0.5","1","platform","targeted","70","5","95","95","94.38463008124741","76.49101123898507","76.49101123898507","fixed","1","1","50","2987","2","50","23247924","v2.0-design-v1.0","100","100","0","6.0771564802774165","true","99.478","8.544","50","0","1000","500","0","0","944","0","212","732","0","47200","701","10834","35453","212","944","46287","94.4","0","50","1000","1997","3.994","94","5.427284718846001","0","45.8","3.5717171717171716","10","700","944"
"1233","BA","1000","2","0.1","50","0.1","0.5","1","platform","targeted","70","5","95","95","94.38463008124741","76.49101123898507","76.49101123898507","fixed","1","1","50","2987","3","50","23247925","v2.0-design-v1.0","100","100","0","5.643769416637901","true","99.49600000000001","8.488","50","0","1000","500","0","0","944","0","204","740","0","47200","654","10934","35406","206","944","46340","94.4","0","50","1000","1997","3.994","87","5.317917284449254","0","43","3.6","10","700","944"
"1234","BA","1000","2","0.1","50","0.1","0.5","1","platform","targeted","70","5","95","95","94.38463008124741","76.49101123898507","76.49101123898507","fixed","1","1","50","2987","4","50","23247926","v2.0-design-v1.0","100","100","0","6.166082271444454","true","99.426","8.282","50","0","1000","500","0","0","944","0","237","707","0","47200","721","10972","35267","240","944","46239","94.4","0","50","1000","1997","3.994","86","5.160483949649926","0","42.4","3.606060606060606","10","700","944"
"1235","BA","1000","2","0.1","50","0.1","0.5","1","platform","targeted","70","5","95","95","94.38463008124741","76.49101123898507","76.49101123898507","fixed","1","1","50","2987","5","50","23247927","v2.0-design-v1.0","100","100","0","5.748513315521848","true","99.54799999999999","8.524","50","0","1000","500","0","0","944","0","217","727","0","47200","667","10936","35429","168","944","46365","94.4","0","50","1000","1997","3.994","80","5.440548094040108","0","47.4","3.5555555555555554","10","700","944"
"1236","BA","1000","2","0.1","50","0.1","0.5","1","platform","targeted","70","5","95","95","94.38463008124741","76.49101123898507","76.49101123898507","fixed","1","1","50","2987","6","50","23247928","v2.0-design-v1.0","100","100","0","5.693026475168715","true","99.568","8.804000000000004","50","0","1000","500","0","0","944","0","210","734","0","47200","658","10900","35468","174","944","46368","94.4","0","50","1000","1997","3.994","78","5.16125978832712","0","42.9","3.601010101010101","10","700","944"
"1237","BA","1000","2","0.1","50","0.1","0.5","1","platform","targeted","70","5","95","95","94.38463008124741","76.49101123898507","76.49101123898507","fixed","1","1","50","2987","7","50","23247929","v2.0-design-v1.0","100","100","0","5.539760489359869","true","99.61","8.618000000000002","50","0","1000","500","0","0","944","0","211","733","0","47200","643","10964","35438","155","944","46402","94.4","0","50","1000","1997","3.994","65","5.103921434937445","0","43.7","3.592929292929293","10","700","944"
"1238","BA","1000","2","0.1","50","0.1","0.5","1","platform","targeted","70","5","95","95","94.38463008124741","76.49101123898507","76.49101123898507","fixed","1","1","50","2987","8","50","23247930","v2.0-design-v1.0","100","100","0","6.20488140254383","true","99.462","8.170000000000002","50","0","1000","500","0","0","944","0","216","728","0","47200","722","10914","35343","221","944","46257","94.4","0","50","1000","1997","3.994","59","5.244565708375617","0","47.4","3.5555555555555554","10","700","944"
"1239","BA","1000","2","0.1","50","0.1","0.5","1","platform","targeted","70","5","95","95","94.38463008124741","76.49101123898507","76.49101123898507","fixed","1","1","50","2987","9","50","23247931","v2.0-design-v1.0","100","100","0","6.0302375809935205","true","99.454","8.240000000000002","50","0","1000","500","0","0","944","0","223","721","0","47200","698","10877","35403","222","944","46280","94.4","0","50","1000","1997","3.994","74","4.865556251615798","0","39.6","3.6343434343434344","10","700","944"
"1240","BA","1000","2","0.1","50","0.1","0.5","1","platform","targeted","70","5","95","95","94.38463008124741","76.49101123898507","76.49101123898507","fixed","1","1","50","2987","10","50","23247932","v2.0-design-v1.0","100","100","0","5.963460875560152","true","99.47200000000001","8.248000000000001","50","0","1000","500","0","0","944","0","203","741","0","47200","692","10912","35379","217","944","46291","94.4","0","50","1000","1997","3.994","64","4.629621733726991","0","37.7","3.6535353535353536","10","700","944"
"1241","BA","1000","2","0.1","50","0.1","0.5","1","platform","targeted","70","5","95","95","94.38463008124741","76.49101123898507","76.49101123898507","fixed","1","1","50","2987","11","50","23247933","v2.0-design-v1.0","100","100","0","6.195151620470936","true","99.436","8.232000000000001","50","0","1000","500","0","0","944","0","207","737","0","47200","713","10796","35460","231","944","46256","94.4","0","50","1000","1997","3.994","96","5.345515741117823","0","43.3","3.596969696969697","10","700","944"
"1242","BA","1000","2","0.1","50","0.1","0.5","1","platform","targeted","70","5","95","95","94.38463008124741","76.49101123898507","76.49101123898507","fixed","1","1","50","2987","12","50","23247934","v2.0-design-v1.0","100","100","0","5.9795036842551035","true","99.454","8.386000000000001","50","0","1000","500","0","0","944","0","223","721","0","47200","706","11101","35171","222","944","46272","94.4","0","50","1000","1997","3.994","85","5.521634943787246","0","46.6","3.5636363636363635","10","700","944"
"1243","BA","1000","2","0.1","50","0.1","0.5","1","platform","targeted","70","5","95","95","94.38463008124741","76.49101123898507","76.49101123898507","fixed","1","1","50","2987","13","50","23247935","v2.0-design-v1.0","100","100","0","5.917108349986966","true","99.488","8.632","50","0","1000","500","0","0","944","0","232","712","0","47200","681","10828","35491","200","944","46319","94.4","0","50","1000","1997","3.994","60","4.881782030754311","0","40.5","3.625252525252525","10","700","944"
"1244","BA","1000","2","0.1","50","0.1","0.5","1","platform","targeted","70","5","95","95","94.38463008124741","76.49101123898507","76.49101123898507","fixed","1","1","50","2987","14","50","23247936","v2.0-design-v1.0","100","100","0","6.149176062445793","true","99.478","8.45","50","0","1000","500","0","0","944","0","240","704","0","47200","709","10821","35458","212","944","46279","94.4","0","50","1000","1997","3.994","99","5.493099137839955","0","46.2","3.5676767676767676","10","700","944"
"1245","BA","1000","2","0.1","50","0.1","0.5","1","platform","targeted","70","5","95","95","94.38463008124741","76.49101123898507","76.49101123898507","fixed","1","1","50","2987","15","50","23247937","v2.0-design-v1.0","100","100","0","5.9266872216512505","true","99.464","8.181999999999999","50","0","1000","500","0","0","944","0","246","698","0","47200","692","10984","35302","222","944","46286","94.4","0","50","1000","1997","3.994","68","5.2210366042791865","0","44.8","3.581818181818182","10","700","944"
"1246","BA","1000","2","0.1","50","0.1","0.5","1","platform","targeted","70","5","95","95","94.38463008124741","76.49101123898507","76.49101123898507","fixed","1","1","50","2987","16","50","23247938","v2.0-design-v1.0","100","100","0","5.912220309810672","true","99.456","8.248","50","0","1000","500","0","0","944","0","222","722","0","47200","687","10933","35359","221","944","46292","94.4","0","50","1000","1997","3.994","61","4.853609123273259","0","40.6","3.624242424242424","10","700","944"
"1247","BA","1000","2","0.1","50","0.1","0.5","1","platform","targeted","70","5","95","95","94.38463008124741","76.49101123898507","76.49101123898507","fixed","1","1","50","2987","17","50","23247939","v2.0-design-v1.0","100","100","0","6.003091721058055","true","99.446","8.222000000000005","50","0","1000","500","0","0","944","0","224","720","0","47200","699","10945","35340","216","944","46285","94.4","0","50","1000","1997","3.994","57","4.888748701238772","0","40.1","3.6292929292929292","10","700","944"
"1248","BA","1000","2","0.1","50","0.1","0.5","1","platform","targeted","70","5","95","95","94.38463008124741","76.49101123898507","76.49101123898507","fixed","1","1","50","2987","18","50","23247940","v2.0-design-v1.0","100","100","0","5.945148411734074","true","99.52600000000001","8.376000000000003","50","0","1000","500","0","0","944","0","212","732","0","47200","685","10837","35487","191","944","46324","94.4","0","50","1000","1997","3.994","76","4.89897580765244","0","40.6","3.624242424242424","10","700","944"
"1249","BA","1000","2","0.1","50","0.1","0.5","1","platform","targeted","70","5","95","95","94.38463008124741","76.49101123898507","76.49101123898507","fixed","1","1","50","2987","19","50","23247941","v2.0-design-v1.0","100","100","0","6.210581639803784","true","99.43799999999999","8.732000000000003","50","0","1000","500","0","0","944","0","214","730","0","47200","709","10707","35552","232","944","46259","94.4","0","50","1000","1997","3.994","67","5.3578606430804605","0","46.3","3.566666666666667","10","700","944"
"1250","BA","1000","2","0.1","50","0.1","0.5","1","platform","targeted","70","5","95","95","94.38463008124741","76.49101123898507","76.49101123898507","fixed","1","1","50","2987","20","50","23247942","v2.0-design-v1.0","100","100","0","6.133333333333333","true","99.41799999999999","8.218000000000009","50","0","1000","500","0","0","944","0","213","731","0","47200","713","10912","35324","251","944","46236","94.4","0","50","1000","1997","3.994","65","5.196052632812997","0","44.5","3.584848484848485","10","700","944"
"1251","BA","1000","2","0.1","50","0.1","0.5","1","platform","targeted","70","5","95","95","94.38463008124741","76.49101123898507","76.49101123898507","fixed","1","1","50","2987","21","50","23247943","v2.0-design-v1.0","100","100","0","5.720647426565042","true","99.53","8.123999999999999","50","0","1000","500","0","0","944","0","242","702","0","47200","668","11009","35335","188","944","46344","94.4","0","50","1000","1997","3.994","81","5.056038718950579","0","40.7","3.6232323232323234","10","700","944"
"1252","BA","1000","2","0.1","50","0.1","0.5","1","platform","targeted","70","5","95","95","94.38463008124741","76.49101123898507","76.49101123898507","fixed","1","1","50","2987","22","50","23247944","v2.0-design-v1.0","100","100","0","5.7953252210452595","true","99.5","8.688000000000004","50","0","1000","500","0","0","944","0","208","736","0","47200","662","10761","35575","202","944","46336","94.4","0","50","1000","1997","3.994","44","4.7350168304224916","0","38.9","3.6414141414141414","10","700","944"
"1253","BA","1000","2","0.1","50","0.1","0.5","1","platform","targeted","70","5","95","95","94.38463008124741","76.49101123898507","76.49101123898507","fixed","1","1","50","2987","23","50","23247945","v2.0-design-v1.0","100","100","0","6.112702960840497","true","99.406","8.408000000000005","50","0","1000","500","0","0","944","0","228","716","0","47200","704","10813","35442","241","944","46255","94.4","0","50","1000","1997","3.994","63","4.894069463740356","0","40.7","3.6232323232323234","10","700","944"
"1254","BA","1000","2","0.1","50","0.1","0.5","1","platform","targeted","70","5","95","95","94.38463008124741","76.49101123898507","76.49101123898507","fixed","1","1","50","2987","24","50","23247946","v2.0-design-v1.0","100","100","0","6.411245392988772","true","99.376","8.308000000000002","50","0","1000","500","0","0","944","0","233","711","0","47200","748","10919","35279","254","944","46198","94.4","0","50","1000","1997","3.994","85","5.23482257267305","0","43.6","3.5939393939393938","10","700","944"
"1255","BA","1000","2","0.1","50","0.1","0.5","1","platform","targeted","70","5","95","95","94.38463008124741","76.49101123898507","76.49101123898507","fixed","1","1","50","2987","25","50","23247947","v2.0-design-v1.0","100","100","0","6.223286031800308","true","99.412","8.071999999999997","50","0","1000","500","0","0","944","0","223","721","0","47200","728","10970","35262","240","944","46232","94.4","0","50","1000","1997","3.994","85","5.312644180461184","0","44.9","3.580808080808081","10","700","944"
"1256","BA","1000","2","0.1","50","0.1","0.5","1","platform","targeted","70","5","95","95","94.38463008124741","76.49101123898507","76.49101123898507","fixed","1","1","50","2987","26","50","23247948","v2.0-design-v1.0","100","100","0","6.080319195073294","true","99.456","8.592","50","0","1000","500","0","0","944","0","226","718","0","47200","701","10828","35445","226","944","46273","94.4","0","50","1000","1997","3.994","76","5.530148872005746","0","47.6","3.5535353535353535","10","700","944"
"1257","BA","1000","2","0.1","50","0.1","0.5","1","platform","targeted","70","5","95","95","94.38463008124741","76.49101123898507","76.49101123898507","fixed","1","1","50","2987","27","50","23247949","v2.0-design-v1.0","100","100","0","6.066254342116411","true","99.432","8.533999999999999","50","0","1000","500","0","0","944","0","227","717","0","47200","716","11087","35165","232","944","46252","94.4","0","50","1000","1997","3.994","66","4.973801634836538","0","42.3","3.607070707070707","10","700","944"
"1258","BA","1000","2","0.1","50","0.1","0.5","1","platform","targeted","70","5","95","95","94.38463008124741","76.49101123898507","76.49101123898507","fixed","1","1","50","2987","28","50","23247950","v2.0-design-v1.0","100","100","0","6.098834174351836","true","99.506","8.362000000000002","50","0","1000","500","0","0","944","0","205","739","0","47200","701","10793","35505","201","944","46298","94.4","0","50","1000","1997","3.994","114","5.80151890642628","0","44.4","3.585858585858586","10","700","944"
"1259","BA","1000","2","0.1","50","0.1","0.5","1","platform","targeted","70","5","95","95","94.38463008124741","76.49101123898507","76.49101123898507","fixed","1","1","50","2987","29","50","23247951","v2.0-design-v1.0","100","100","0","5.85124826629681","true","99.50599999999999","8.73","50","0","1000","500","0","0","944","0","224","720","0","47200","675","10861","35471","193","944","46332","94.4","0","50","1000","1997","3.994","83","5.065532906183074","0","40.9","3.621212121212121","10","700","944"
"1260","BA","1000","2","0.1","50","0.1","0.5","1","platform","targeted","70","5","95","95","94.38463008124741","76.49101123898507","76.49101123898507","fixed","1","1","50","2987","30","50","23247952","v2.0-design-v1.0","100","100","0","5.924108316536675","true","99.5","8.724000000000006","50","0","1000","500","0","0","944","0","236","708","0","47200","676","10735","35589","200","944","46324","94.4","0","50","1000","1997","3.994","87","5.405291960771506","0","44.5","3.584848484848485","10","700","944"
"1261","BA","1000","2","0.1","50","0.1","0.5","1","platform","targeted","70","5","95","95","94.09843509976521","71.8685154396231","71.8685154396231","fixed","1","1","50","2988","1","50","23248923","v2.0-design-v1.0","100","100","0","5.349854227405248","true","99.36200000000001","7.004000000000003","50","0","1000","500","0","0","941","0","266","675","0","47050","734","12986","33072","258","941","46058","94.1","0","50","1000","1997","3.994","97","5.65791268719975","0","45.6","3.573737373737374","10","700","941"
"1262","BA","1000","2","0.1","50","0.1","0.5","1","platform","targeted","70","5","95","95","94.09843509976521","71.8685154396231","71.8685154396231","fixed","1","1","50","2988","2","50","23248924","v2.0-design-v1.0","100","100","0","5.200496676648894","true","99.384","6.516","50","0","1000","500","0","0","941","0","257","684","0","47050","712","12979","33097","262","941","46076","94.1","0","50","1000","1997","3.994","79","5.023066314035192","0","41.8","3.6121212121212123","10","700","941"
"1263","BA","1000","2","0.1","50","0.1","0.5","1","platform","targeted","70","5","95","95","94.09843509976521","71.8685154396231","71.8685154396231","fixed","1","1","50","2988","3","50","23248925","v2.0-design-v1.0","100","100","0","5.407969639468691","true","99.226","6.978","50","0","1000","500","0","0","941","0","275","666","0","47050","741","12961","33038","310","941","45999","94.1","0","50","1000","1997","3.994","87","5.079543854103995","0","42.2","3.608080808080808","10","700","941"
"1264","BA","1000","2","0.1","50","0.1","0.5","1","platform","targeted","70","5","95","95","94.09843509976521","71.8685154396231","71.8685154396231","fixed","1","1","50","2988","4","50","23248926","v2.0-design-v1.0","100","100","0","5.11913357400722","true","99.302","7.03","50","0","1000","500","0","0","941","0","276","665","0","47050","709","13141","32909","291","941","46050","94.1","0","50","1000","1997","3.994","56","4.863292672214528","0","39.8","3.632323232323232","10","700","941"
"1265","BA","1000","2","0.1","50","0.1","0.5","1","platform","targeted","70","5","95","95","94.09843509976521","71.8685154396231","71.8685154396231","fixed","1","1","50","2988","5","50","23248927","v2.0-design-v1.0","100","100","0","4.836477529317503","true","99.374","6.732","50","0","1000","500","0","0","941","0","275","666","0","47050","664","13065","33065","256","941","46130","94.1","0","50","1000","1997","3.994","71","5.191619874077538","0","43","3.6","10","700","941"
"1266","BA","1000","2","0.1","50","0.1","0.5","1","platform","targeted","70","5","95","95","94.09843509976521","71.8685154396231","71.8685154396231","fixed","1","1","50","2988","6","50","23248928","v2.0-design-v1.0","100","100","0","5.827997671711292","true","99.228","7.067999999999997","50","0","1000","500","0","0","941","0","261","680","0","47050","801","12943","32976","330","941","45919","94.1","0","50","1000","1997","3.994","69","5.259812699101515","0","46.3","3.566666666666667","10","700","941"
"1267","BA","1000","2","0.1","50","0.1","0.5","1","platform","targeted","70","5","95","95","94.09843509976521","71.8685154396231","71.8685154396231","fixed","1","1","50","2988","7","50","23248929","v2.0-design-v1.0","100","100","0","5.154937735302635","true","99.374","6.994000000000005","50","0","1000","500","0","0","941","0","281","660","0","47050","712","13100","32989","249","941","46089","94.1","0","50","1000","1997","3.994","79","4.771659326977635","0","38.1","3.6494949494949496","10","700","941"
"1268","BA","1000","2","0.1","50","0.1","0.5","1","platform","targeted","70","5","95","95","94.09843509976521","71.8685154396231","71.8685154396231","fixed","1","1","50","2988","8","50","23248930","v2.0-design-v1.0","100","100","0","4.7446871310507674","true","99.37200000000001","6.914000000000001","50","0","1000","500","0","0","941","0","235","706","0","47050","643","12909","33237","261","941","46146","94.1","0","50","1000","1997","3.994","117","5.3945403015516495","0","38.1","3.6494949494949496","10","700","941"
"1269","BA","1000","2","0.1","50","0.1","0.5","1","platform","targeted","70","5","95","95","94.09843509976521","71.8685154396231","71.8685154396231","fixed","1","1","50","2988","9","50","23248931","v2.0-design-v1.0","100","100","0","5.817782656421515","true","99.236","7.24","50","0","1000","500","0","0","941","0","254","687","0","47050","795","12870","33071","314","941","45941","94.1","0","50","1000","1997","3.994","104","5.443123330551268","0","42.2","3.608080808080808","10","700","941"
"1270","BA","1000","2","0.1","50","0.1","0.5","1","platform","targeted","70","5","95","95","94.09843509976521","71.8685154396231","71.8685154396231","fixed","1","1","50","2988","10","50","23248932","v2.0-design-v1.0","100","100","0","5.764338155121029","true","99.262","7.284000000000005","50","0","1000","500","0","0","941","0","262","679","0","47050","793","12964","32974","319","941","45938","94.1","0","50","1000","1997","3.994","78","5.256766838808577","0","44.4","3.585858585858586","10","700","941"
"1271","BA","1000","2","0.1","50","0.1","0.5","1","platform","targeted","70","5","95","95","94.09843509976521","71.8685154396231","71.8685154396231","fixed","1","1","50","2988","11","50","23248933","v2.0-design-v1.0","100","100","0","5.346884666372072","true","99.346","6.984000000000001","50","0","1000","500","0","0","941","0","226","715","0","47050","726","12852","33206","266","941","46058","94.1","0","50","1000","1997","3.994","79","5.446800127747625","0","46.7","3.562626262626263","10","700","941"
"1272","BA","1000","2","0.1","50","0.1","0.5","1","platform","targeted","70","5","95","95","94.09843509976521","71.8685154396231","71.8685154396231","fixed","1","1","50","2988","12","50","23248934","v2.0-design-v1.0","100","100","0","5.546600234466589","true","99.22200000000001","6.672000000000001","50","0","1000","500","0","0","941","0","251","690","0","47050","757","12891","33081","321","941","45972","94.1","0","50","1000","1997","3.994","83","5.102156014470345","0","42.8","3.602020202020202","10","700","941"
"1273","BA","1000","2","0.1","50","0.1","0.5","1","platform","targeted","70","5","95","95","94.09843509976521","71.8685154396231","71.8685154396231","fixed","1","1","50","2988","13","50","23248935","v2.0-design-v1.0","100","100","0","5.590925722649104","true","99.19","6.914000000000001","50","0","1000","500","0","0","941","0","255","686","0","47050","764","12901","33041","344","941","45942","94.1","0","50","1000","1997","3.994","92","5.827514386419312","0","48.9","3.54040404040404","10","700","941"
"1274","BA","1000","2","0.1","50","0.1","0.5","1","platform","targeted","70","5","95","95","94.09843509976521","71.8685154396231","71.8685154396231","fixed","1","1","50","2988","14","50","23248936","v2.0-design-v1.0","100","100","0","5.283402278830104","true","99.26799999999999","6.49","50","0","1000","500","0","0","941","0","294","647","0","47050","728","13051","32974","297","941","46025","94.1","0","50","1000","1997","3.994","64","5.299627350111514","0","46.8","3.5616161616161617","10","700","941"
"1276","BA","1000","2","0.1","50","0.1","0.5","1","platform","targeted","70","5","95","95","94.09843509976521","71.8685154396231","71.8685154396231","fixed","1","1","50","2988","16","50","23248938","v2.0-design-v1.0","100","100","0","5.158584148943999","true","99.38","6.883999999999999","50","0","1000","500","0","0","941","0","278","663","0","47050","701","12888","33205","256","941","46093","94.1","0","50","1000","1997","3.994","87","5.461299276709682","0","44.6","3.583838383838384","10","700","941"
"1275","BA","1000","2","0.1","50","0.1","0.5","1","platform","targeted","70","5","95","95","94.09843509976521","71.8685154396231","71.8685154396231","fixed","1","1","50","2988","15","50","23248937","v2.0-design-v1.0","100","100","0","5.224698575082207","true","99.314","6.941999999999998","50","0","1000","500","0","0","941","0","270","671","0","47050","715","12970","33086","279","941","46056","94.1","0","50","1000","1997","3.994","107","5.382279529431082","0","43.6","3.5939393939393938","10","700","941"
"1277","BA","1000","2","0.1","50","0.1","0.5","1","platform","targeted","70","5","95","95","94.09843509976521","71.8685154396231","71.8685154396231","fixed","1","1","50","2988","17","50","23248939","v2.0-design-v1.0","100","100","0","5.208712755882567","true","99.306","6.914000000000003","50","0","1000","500","0","0","941","0","262","679","0","47050","715","13012","33036","287","941","46048","94.1","0","50","1000","1997","3.994","57","4.682081362587138","0","38.1","3.6494949494949496","10","700","941"
"1278","BA","1000","2","0.1","50","0.1","0.5","1","platform","targeted","70","5","95","95","94.09843509976521","71.8685154396231","71.8685154396231","fixed","1","1","50","2988","18","50","23248940","v2.0-design-v1.0","100","100","0","5.429173631804637","true","99.27","6.458000000000004","50","0","1000","500","0","0","941","0","234","707","0","47050","747","13012","32986","305","941","45998","94.1","0","50","1000","1997","3.994","67","4.976417258302263","0","43.2","3.597979797979798","10","700","941"
"1279","BA","1000","2","0.1","50","0.1","0.5","1","platform","targeted","70","5","95","95","94.09843509976521","71.8685154396231","71.8685154396231","fixed","1","1","50","2988","19","50","23248941","v2.0-design-v1.0","100","100","0","5.163422695556371","true","99.38600000000001","7.068000000000004","50","0","1000","500","0","0","941","0","267","674","0","47050","703","12912","33190","245","941","46102","94.1","0","50","1000","1997","3.994","83","4.956463510460906","0","40.4","3.6262626262626263","10","700","941"
"1280","BA","1000","2","0.1","50","0.1","0.5","1","platform","targeted","70","5","95","95","94.09843509976521","71.8685154396231","71.8685154396231","fixed","1","1","50","2988","20","50","23248942","v2.0-design-v1.0","100","100","0","5.242929659173314","true","99.296","7.04","50","0","1000","500","0","0","941","0","291","650","0","47050","723","13067","32984","276","941","46051","94.1","0","50","1000","1997","3.994","70","5.1459153164859215","0","43.3","3.596969696969697","10","700","941"
"1281","BA","1000","2","0.1","50","0.1","0.5","1","platform","targeted","70","5","95","95","94.09843509976521","71.8685154396231","71.8685154396231","fixed","1","1","50","2988","21","50","23248943","v2.0-design-v1.0","100","100","0","5.381957209028748","true","99.29799999999999","7.172000000000001","50","0","1000","500","0","0","941","0","251","690","0","47050","732","12869","33153","296","941","46022","94.1","0","50","1000","1997","3.994","80","5.400474898481524","0","45","3.5797979797979798","10","700","941"
"1282","BA","1000","2","0.1","50","0.1","0.5","1","platform","targeted","70","5","95","95","94.09843509976521","71.8685154396231","71.8685154396231","fixed","1","1","50","2988","22","50","23248944","v2.0-design-v1.0","100","100","0","5.468577728776185","true","99.29799999999999","7.034000000000001","50","0","1000","500","0","0","941","0","261","680","0","47050","744","12861","33155","290","941","46016","94.1","0","50","1000","1997","3.994","85","5.4150980865804454","0","43.2","3.597979797979798","10","700","941"
"1283","BA","1000","2","0.1","50","0.1","0.5","1","platform","targeted","70","5","95","95","94.09843509976521","71.8685154396231","71.8685154396231","fixed","1","1","50","2988","23","50","23248945","v2.0-design-v1.0","100","100","0","4.994192799070848","true","99.432","6.837999999999999","50","0","1000","500","0","0","941","0","285","656","0","47050","688","13088","33045","229","941","46133","94.1","0","50","1000","1997","3.994","54","4.578747528410894","0","36.3","3.6676767676767676","10","700","941"
"1284","BA","1000","2","0.1","50","0.1","0.5","1","platform","targeted","70","5","95","95","94.09843509976521","71.8685154396231","71.8685154396231","fixed","1","1","50","2988","24","50","23248946","v2.0-design-v1.0","100","100","0","6.272740503565712","true","99.052","7.286000000000001","50","0","1000","500","0","0","941","0","252","689","0","47050","862","12880","32926","382","941","45806","94.1","0","50","1000","1997","3.994","94","5.865523707936792","0","50","3.529292929292929","10","700","941"
"1285","BA","1000","2","0.1","50","0.1","0.5","1","platform","targeted","70","5","95","95","94.09843509976521","71.8685154396231","71.8685154396231","fixed","1","1","50","2988","25","50","23248947","v2.0-design-v1.0","100","100","0","6.204567148836185","true","99.14","6.8059999999999965","50","0","1000","500","0","0","941","0","242","699","0","47050","845","12774","33073","358","941","45847","94.1","0","50","1000","1997","3.994","76","5.157573515187589","0","42.9","3.601010101010101","10","700","941"
"1286","BA","1000","2","0.1","50","0.1","0.5","1","platform","targeted","70","5","95","95","94.09843509976521","71.8685154396231","71.8685154396231","fixed","1","1","50","2988","26","50","23248948","v2.0-design-v1.0","100","100","0","5.490311215502055","true","99.25","7.1599999999999975","50","0","1000","500","0","0","941","0","270","671","0","47050","748","12876","33107","319","941","45983","94.1","0","50","1000","1997","3.994","76","5.276723207427855","0","44.9","3.580808080808081","10","700","941"
"1287","BA","1000","2","0.1","50","0.1","0.5","1","platform","targeted","70","5","95","95","94.09843509976521","71.8685154396231","71.8685154396231","fixed","1","1","50","2988","27","50","23248949","v2.0-design-v1.0","100","100","0","5.279638799883484","true","99.36","7.094000000000003","50","0","1000","500","0","0","941","0","288","653","0","47050","725","13007","33047","271","941","46054","94.1","0","50","1000","1997","3.994","102","5.429681891735959","0","44.6","3.583838383838384","10","700","941"
"1288","BA","1000","2","0.1","50","0.1","0.5","1","platform","targeted","70","5","95","95","94.09843509976521","71.8685154396231","71.8685154396231","fixed","1","1","50","2988","28","50","23248950","v2.0-design-v1.0","100","100","0","5.811120135863545","true","99.176","6.795999999999999","50","0","1000","500","0","0","941","0","282","659","0","47050","787","12756","33157","350","941","45913","94.1","0","50","1000","1997","3.994","89","5.688261625516206","0","47.4","3.5555555555555554","10","700","941"
"1289","BA","1000","2","0.1","50","0.1","0.5","1","platform","targeted","70","5","95","95","94.09843509976521","71.8685154396231","71.8685154396231","fixed","1","1","50","2988","29","50","23248951","v2.0-design-v1.0","100","100","0","5.381561535068372","true","99.37200000000001","7.019999999999998","50","0","1000","500","0","0","941","0","281","660","0","47050","732","12870","33187","261","941","46057","94.1","0","50","1000","1997","3.994","75","5.469907118396415","0","46.6","3.5636363636363635","10","700","941"
"1290","BA","1000","2","0.1","50","0.1","0.5","1","platform","targeted","70","5","95","95","94.09843509976521","71.8685154396231","71.8685154396231","fixed","1","1","50","2988","30","50","23248952","v2.0-design-v1.0","100","100","0","5.564063297600817","true","99.304","6.7","50","0","1000","500","0","0","941","0","275","666","0","47050","763","12950","33049","288","941","45999","94.1","0","50","1000","1997","3.994","97","5.808588787623351","0","48.2","3.5474747474747477","10","700","941"
"1291","BA","1000","2","0.1","50","0.1","0.5","1","platform","targeted","70","5","95","95","73.63468048804073","87.48707288158644","87.48707288158644","fixed","1","1","50","2989","1","50","23249923","v2.0-design-v1.0","100","97.3","2.700000000000003","13.123209169054443","true","99.13600000000001","22.064","50","0","973","500","0","0","736","0","103","633","0","36800","687","4548","31486","79","736","36034","73.6","0","50","1000","1997","3.994","84","5.220461398882011","0","43.2","3.597979797979798","10","700","736"
"1292","BA","1000","2","0.1","50","0.1","0.5","1","platform","targeted","70","5","95","95","73.63468048804073","87.48707288158644","87.48707288158644","fixed","1","1","50","2989","2","50","23249924","v2.0-design-v1.0","100","96.7","3.299999999999997","14.206128133704734","true","99.046","24.404","50","0","967","500","0","0","736","0","99","637","0","36800","714","4312","31662","112","736","35974","73.6","0","50","1000","1997","3.994","100","5.39695201860189","0","41.7","3.613131313131313","10","700","736"
"1293","BA","1000","2","0.1","50","0.1","0.5","1","platform","targeted","70","5","95","95","73.63468048804073","87.48707288158644","87.48707288158644","fixed","1","1","50","2989","3","50","23249925","v2.0-design-v1.0","100","97.8","2.200000000000003","13.448476615563749","true","99.11200000000001","23.416","50","0","978","500","0","0","736","0","97","639","0","36800","693","4460","31551","96","736","36011","73.6","0","50","1000","1997","3.994","61","4.814888072130758","0","39.8","3.632323232323232","10","700","736"
"1294","BA","1000","2","0.1","50","0.1","0.5","1","platform","targeted","70","5","95","95","73.63468048804073","87.48707288158644","87.48707288158644","fixed","1","1","50","2989","4","50","23249926","v2.0-design-v1.0","100","98.1","1.9000000000000057","13.231064237775648","true","99.088","22.445999999999998","50","0","981","500","0","0","736","0","99","637","0","36800","690","4525","31487","98","736","36012","73.6","0","50","1000","1997","3.994","85","5.234822572673049","0","42.5","3.605050505050505","10","700","736"
"1295","BA","1000","2","0.1","50","0.1","0.5","1","platform","targeted","70","5","95","95","73.63468048804073","87.48707288158644","87.48707288158644","fixed","1","1","50","2989","5","50","23249927","v2.0-design-v1.0","100","96.7","3.299999999999997","13.378509196515004","true","98.992","24.057999999999996","50","0","967","500","0","0","736","0","86","650","0","36800","691","4474","31532","103","736","36006","73.6","0","50","1000","1997","3.994","62","4.846798474813592","0","39.4","3.6363636363636362","10","700","736"
"1296","BA","1000","2","0.1","50","0.1","0.5","1","platform","targeted","70","5","95","95","73.63468048804073","87.48707288158644","87.48707288158644","fixed","1","1","50","2989","6","50","23249928","v2.0-design-v1.0","100","98.3","1.7000000000000028","13.757816941444002","true","99.006","23.337999999999997","50","0","983","500","0","0","736","0","98","638","0","36800","726","4551","31432","91","736","35983","73.6","0","50","1000","1997","3.994","56","4.829833464136335","0","39.3","3.6373737373737374","10","700","736"
"1297","BA","1000","2","0.1","50","0.1","0.5","1","platform","targeted","70","5","95","95","73.63468048804073","87.48707288158644","87.48707288158644","fixed","1","1","50","2989","7","50","23249929","v2.0-design-v1.0","100","97.39999999999999","2.6000000000000085","14.622729825875306","true","98.97200000000001","23.186000000000003","50","0","974","500","0","0","736","0","98","638","0","36800","781","4560","31343","116","736","35903","73.6","0","50","1000","1997","3.994","70","4.8895676569479845","0","39.7","3.6333333333333333","10","700","736"
"1298","BA","1000","2","0.1","50","0.1","0.5","1","platform","targeted","70","5","95","95","73.63468048804073","87.48707288158644","87.48707288158644","fixed","1","1","50","2989","8","50","23249930","v2.0-design-v1.0","100","97.89999999999999","2.1000000000000085","13.504208110175975","true","99.01","22.838000000000008","50","0","979","500","0","0","736","0","94","642","0","36800","706","4522","31465","107","736","35987","73.6","0","50","1000","1997","3.994","91","5.028444018704909","0","39.3","3.6373737373737374","10","700","736"
"1299","BA","1000","2","0.1","50","0.1","0.5","1","platform","targeted","70","5","95","95","73.63468048804073","87.48707288158644","87.48707288158644","fixed","1","1","50","2989","9","50","23249931","v2.0-design-v1.0","100","96.7","3.299999999999997","13.580963435867673","true","98.95200000000001","23.298","50","0","967","500","0","0","736","0","102","634","0","36800","702","4467","31518","113","736","35985","73.6","0","50","1000","1997","3.994","96","5.377441852859108","0","42.5","3.605050505050505","10","700","736"
"1300","BA","1000","2","0.1","50","0.1","0.5","1","platform","targeted","70","5","95","95","73.63468048804073","87.48707288158644","87.48707288158644","fixed","1","1","50","2989","10","50","23249932","v2.0-design-v1.0","100","97.2","2.799999999999997","13.922859830667921","true","98.916","21.820000000000004","50","0","972","500","0","0","736","0","100","636","0","36800","740","4575","31367","118","736","35942","73.6","0","50","1000","1997","3.994","69","4.9040813629072195","0","41.2","3.618181818181818","10","700","736"
"1302","BA","1000","2","0.1","50","0.1","0.5","1","platform","targeted","70","5","95","95","73.63468048804073","87.48707288158644","87.48707288158644","fixed","1","1","50","2989","12","50","23249934","v2.0-design-v1.0","100","97.8","2.200000000000003","13.186180422264876","true","99.03399999999999","23.731999999999992","50","0","978","500","0","0","736","0","90","646","0","36800","687","4523","31496","94","736","36019","73.6","0","50","1000","1997","3.994","76","5.322809060664883","0","44.9","3.580808080808081","10","700","736"
"1301","BA","1000","2","0.1","50","0.1","0.5","1","platform","targeted","70","5","95","95","73.63468048804073","87.48707288158644","87.48707288158644","fixed","1","1","50","2989","11","50","23249933","v2.0-design-v1.0","100","97.5","2.5","13.717317165593027","true","98.944","23.99","50","0","975","500","0","0","736","0","92","644","0","36800","724","4554","31409","113","736","35963","73.6","0","50","1000","1997","3.994","133","5.891406680299107","0","43.9","3.590909090909091","10","700","736"
"1303","BA","1000","2","0.1","50","0.1","0.5","1","platform","targeted","70","5","95","95","73.63468048804073","87.48707288158644","87.48707288158644","fixed","1","1","50","2989","13","50","23249935","v2.0-design-v1.0","100","97.3","2.700000000000003","13.822525597269625","true","99.072","23.069999999999997","50","0","973","500","0","0","736","0","96","640","0","36800","729","4545","31425","101","736","35970","73.6","0","50","1000","1997","3.994","81","5.327884228317117","0","46.5","3.5646464646464646","10","700","736"
"1304","BA","1000","2","0.1","50","0.1","0.5","1","platform","targeted","70","5","95","95","73.63468048804073","87.48707288158644","87.48707288158644","fixed","1","1","50","2989","14","50","23249936","v2.0-design-v1.0","100","96.6","3.4000000000000057","13.904761904761905","true","99.02","23.790000000000006","50","0","966","500","0","0","736","0","90","646","0","36800","730","4520","31443","107","736","35963","73.6","0","50","1000","1997","3.994","92","5.458732614972241","0","44.4","3.585858585858586","10","700","736"
"1305","BA","1000","2","0.1","50","0.1","0.5","1","platform","targeted","70","5","95","95","73.63468048804073","87.48707288158644","87.48707288158644","fixed","1","1","50","2989","15","50","23249937","v2.0-design-v1.0","100","97.5","2.5","14.122573277502855","true","98.9","23.310000000000006","50","0","975","500","0","0","736","0","82","654","0","36800","742","4512","31417","129","736","35929","73.6","0","50","1000","1997","3.994","102","5.442755514221405","0","45","3.5797979797979798","10","700","736"
"1307","BA","1000","2","0.1","50","0.1","0.5","1","platform","targeted","70","5","95","95","73.63468048804073","87.48707288158644","87.48707288158644","fixed","1","1","50","2989","17","50","23249939","v2.0-design-v1.0","100","97.6","2.4000000000000057","13.216957605985039","true","99.068","23.679999999999996","50","0","976","500","0","0","736","0","86","650","0","36800","689","4524","31484","103","736","36008","73.6","0","50","1000","1997","3.994","93","4.834597949916546","0","37","3.6606060606060606","10","700","736"
"1306","BA","1000","2","0.1","50","0.1","0.5","1","platform","targeted","70","5","95","95","73.63468048804073","87.48707288158644","87.48707288158644","fixed","1","1","50","2989","16","50","23249938","v2.0-design-v1.0","100","97.39999999999999","2.6000000000000085","12.962604146483239","true","99.184","22.385999999999996","50","0","974","500","0","0","736","0","80","656","0","36800","669","4492","31534","105","736","36026","73.6","0","50","1000","1997","3.994","88","5.602262877565571","0","48.2","3.5474747474747477","10","700","736"
"1308","BA","1000","2","0.1","50","0.1","0.5","1","platform","targeted","70","5","95","95","73.63468048804073","87.48707288158644","87.48707288158644","fixed","1","1","50","2989","18","50","23249940","v2.0-design-v1.0","100","97","3","13.57976653696498","true","99.024","23.111999999999995","50","0","970","500","0","0","736","0","92","644","0","36800","698","4442","31548","112","736","35990","73.6","0","50","1000","1997","3.994","96","5.324877305470825","0","44.1","3.588888888888889","10","700","736"
"1309","BA","1000","2","0.1","50","0.1","0.5","1","platform","targeted","70","5","95","95","73.63468048804073","87.48707288158644","87.48707288158644","fixed","1","1","50","2989","19","50","23249941","v2.0-design-v1.0","100","97.6","2.4000000000000057","13.436544342507645","true","98.976","24.344","50","0","976","500","0","0","736","0","105","631","0","36800","703","4529","31442","126","736","35971","73.6","0","50","1000","1997","3.994","81","5.176172017693834","0","42.3","3.607070707070707","10","700","736"
"1310","BA","1000","2","0.1","50","0.1","0.5","1","platform","targeted","70","5","95","95","73.63468048804073","87.48707288158644","87.48707288158644","fixed","1","1","50","2989","20","50","23249942","v2.0-design-v1.0","100","98","2","13.324229418650019","true","99.09","23.05999999999999","50","0","980","500","0","0","736","0","95","641","0","36800","683","4443","31581","93","736","36024","73.6","0","50","1000","1997","3.994","87","5.404736365002004","0","46.1","3.5686868686868687","10","700","736"
"1311","BA","1000","2","0.1","50","0.1","0.5","1","platform","targeted","70","5","95","95","73.63468048804073","87.48707288158644","87.48707288158644","fixed","1","1","50","2989","21","50","23249943","v2.0-design-v1.0","100","97.5","2.5","13.243907047043265","true","99.12","22.926000000000016","50","0","975","500","0","0","736","0","96","640","0","36800","701","4592","31411","96","736","36003","73.6","0","50","1000","1997","3.994","61","5.005898822691382","0","42.3","3.607070707070707","10","700","736"
"1312","BA","1000","2","0.1","50","0.1","0.5","1","platform","targeted","70","5","95","95","73.63468048804073","87.48707288158644","87.48707288158644","fixed","1","1","50","2989","22","50","23249944","v2.0-design-v1.0","100","97","3","13.487738419618529","true","99.03400000000002","24.429999999999993","50","0","970","500","0","0","736","0","90","646","0","36800","693","4445","31573","89","736","36018","73.6","0","50","1000","1997","3.994","72","5.307743035993361","0","45.8","3.5717171717171716","10","700","736"
"1313","BA","1000","2","0.1","50","0.1","0.5","1","platform","targeted","70","5","95","95","73.63468048804073","87.48707288158644","87.48707288158644","fixed","1","1","50","2989","23","50","23249945","v2.0-design-v1.0","100","97.3","2.700000000000003","13.211933359163114","true","99.17399999999999","23.514","50","0","973","500","0","0","736","0","87","649","0","36800","682","4480","31558","80","736","36038","73.6","0","50","1000","1997","3.994","63","5.060590239643345","0","41.2","3.618181818181818","10","700","736"
"1314","BA","1000","2","0.1","50","0.1","0.5","1","platform","targeted","70","5","95","95","73.63468048804073","87.48707288158644","87.48707288158644","fixed","1","1","50","2989","24","50","23249946","v2.0-design-v1.0","100","96.6","3.4000000000000057","14.846649736276616","true","98.948","25.995999999999995","50","0","966","500","0","0","736","0","98","638","0","36800","760","4359","31539","142","736","35898","73.6","0","50","1000","1997","3.994","88","5.137154305094821","0","41.4","3.6161616161616164","10","700","736"
"1315","BA","1000","2","0.1","50","0.1","0.5","1","platform","targeted","70","5","95","95","73.63468048804073","87.48707288158644","87.48707288158644","fixed","1","1","50","2989","25","50","23249947","v2.0-design-v1.0","100","96.39999999999999","3.6000000000000085","13.653555219364598","true","99.074","22.548","50","0","964","500","0","0","736","0","95","641","0","36800","722","4566","31407","105","736","35973","73.6","0","50","1000","1997","3.994","107","6.297747662905043","0","52.5","3.504040404040404","10","700","736"
"1316","BA","1000","2","0.1","50","0.1","0.5","1","platform","targeted","70","5","95","95","73.63468048804073","87.48707288158644","87.48707288158644","fixed","1","1","50","2989","26","50","23249948","v2.0-design-v1.0","100","97.39999999999999","2.6000000000000085","14.802065404475043","true","98.86000000000001","23.500000000000004","50","0","974","500","0","0","736","0","86","650","0","36800","774","4455","31448","123","736","35903","73.6","0","50","1000","1997","3.994","151","6.541770307704109","0","49.6","3.533333333333333","10","700","736"
"1317","BA","1000","2","0.1","50","0.1","0.5","1","platform","targeted","70","5","95","95","73.63468048804073","87.48707288158644","87.48707288158644","fixed","1","1","50","2989","27","50","23249949","v2.0-design-v1.0","100","97.7","2.299999999999997","13.147937949300037","true","99.07600000000001","23.132","50","0","977","500","0","0","736","0","83","653","0","36800","695","4591","31412","102","736","36003","73.6","0","50","1000","1997","3.994","104","5.808244115023036","0","48.2","3.5474747474747477","10","700","736"
"1318","BA","1000","2","0.1","50","0.1","0.5","1","platform","targeted","70","5","95","95","73.63468048804073","87.48707288158644","87.48707288158644","fixed","1","1","50","2989","28","50","23249950","v2.0-design-v1.0","100","97.2","2.799999999999997","13.18364997121474","true","99.13","23.314","50","0","972","500","0","0","736","0","100","636","0","36800","687","4524","31496","93","736","36020","73.6","0","50","1000","1997","3.994","56","4.662370824130317","0","37.7","3.6535353535353536","10","700","736"
"1319","BA","1000","2","0.1","50","0.1","0.5","1","platform","targeted","70","5","95","95","73.63468048804073","87.48707288158644","87.48707288158644","fixed","1","1","50","2989","29","50","23249951","v2.0-design-v1.0","100","96.2","3.799999999999997","13.068731848983543","true","99.12799999999999","24.09399999999999","50","0","962","500","0","0","736","0","79","657","0","36800","675","4490","31555","80","736","36045","73.6","0","50","1000","1997","3.994","60","4.9352122872598105","0","41.7","3.613131313131313","10","700","736"
"1320","BA","1000","2","0.1","50","0.1","0.5","1","platform","targeted","70","5","95","95","73.63468048804073","87.48707288158644","87.48707288158644","fixed","1","1","50","2989","30","50","23249952","v2.0-design-v1.0","100","97.39999999999999","2.6000000000000085","13.465952563121652","true","99.05799999999999","23.353999999999992","50","0","974","500","0","0","736","0","98","638","0","36800","704","4524","31465","107","736","35989","73.6","0","50","1000","1997","3.994","66","5.356739554865309","0","46.6","3.5636363636363635","10","700","736"
"1321","BA","1000","2","0.1","50","0.1","0.5","1","platform","targeted","70","5","95","95","77.19523111737523","72.22807223981816","72.22807223981816","fixed","1","1","50","2990","1","50","23250923","v2.0-design-v1.0","100","100","0","7.275953859804791","true","98.61800000000001","9.674000000000003","50","0","1000","500","0","0","772","0","228","544","0","38600","820","10450","27030","300","772","37480","77.2","0","50","1000","1997","3.994","76","4.944736030812393","0","41.8","3.6121212121212123","10","700","772"
"1322","BA","1000","2","0.1","50","0.1","0.5","1","platform","targeted","70","5","95","95","77.19523111737523","72.22807223981816","72.22807223981816","fixed","1","1","50","2990","2","50","23250924","v2.0-design-v1.0","100","100","0","7.865366025134018","true","98.55400000000002","9.766000000000004","50","0","1000","500","0","0","772","0","208","564","0","38600","895","10484","26887","334","772","37371","77.2","0","50","1000","1997","3.994","108","5.901422776821798","0","47.7","3.5525252525252524","10","700","772"
"1323","BA","1000","2","0.1","50","0.1","0.5","1","platform","targeted","70","5","95","95","77.19523111737523","72.22807223981816","72.22807223981816","fixed","1","1","50","2990","3","50","23250925","v2.0-design-v1.0","100","100","0","7.250834944629987","true","98.50399999999999","9.274","50","0","1000","500","0","0","772","0","202","570","0","38600","825","10553","26865","357","772","37418","77.2","0","50","1000","1997","3.994","95","5.338395120489151","0","44.5","3.584848484848485","10","700","772"
"1324","BA","1000","2","0.1","50","0.1","0.5","1","platform","targeted","70","5","95","95","77.19523111737523","72.22807223981816","72.22807223981816","fixed","1","1","50","2990","4","50","23250926","v2.0-design-v1.0","100","100","0","7.238678310975061","true","98.604","9.734000000000002","50","0","1000","500","0","0","772","0","199","573","0","38600","804","10303","27181","312","772","37484","77.2","0","50","1000","1997","3.994","57","4.850514559455667","0","39.8","3.632323232323232","10","700","772"
"1325","BA","1000","2","0.1","50","0.1","0.5","1","platform","targeted","70","5","95","95","77.19523111737523","72.22807223981816","72.22807223981816","fixed","1","1","50","2990","5","50","23250927","v2.0-design-v1.0","100","100","0","7.265032622112503","true","98.676","9.42","50","0","1000","500","0","0","772","0","219","553","0","38600","824","10518","26971","287","772","37489","77.2","0","50","1000","1997","3.994","110","5.925290969486095","0","49.4","3.5353535353535355","10","700","772"
"1326","BA","1000","2","0.1","50","0.1","0.5","1","platform","targeted","70","5","95","95","77.19523111737523","72.22807223981816","72.22807223981816","fixed","1","1","50","2990","6","50","23250928","v2.0-design-v1.0","100","99.9","0.09999999999999432","6.8080157452138135","true","98.748","9.720000000000004","50","0","999","500","0","0","772","0","228","544","0","38600","761","10417","27145","277","772","37562","77.2","0","50","1000","1997","3.994","80","5.017084326093697","0","40.5","3.625252525252525","10","700","772"
"1327","BA","1000","2","0.1","50","0.1","0.5","1","platform","targeted","70","5","95","95","77.19523111737523","72.22807223981816","72.22807223981816","fixed","1","1","50","2990","7","50","23250929","v2.0-design-v1.0","100","100","0","6.730942512164353","true","98.79400000000001","9.676000000000002","50","0","1000","500","0","0","772","0","207","565","0","38600","747","10351","27247","255","772","37598","77.2","0","50","1000","1997","3.994","65","4.710855140646554","0","37.6","3.6545454545454548","10","700","772"
"1328","BA","1000","2","0.1","50","0.1","0.5","1","platform","targeted","70","5","95","95","77.19523111737523","72.22807223981816","72.22807223981816","fixed","1","1","50","2990","8","50","23250930","v2.0-design-v1.0","100","99.9","0.09999999999999432","7.170078879730568","true","98.64800000000001","9.362","50","0","999","500","0","0","772","0","203","569","0","38600","809","10474","26981","336","772","37455","77.2","0","50","1000","1997","3.994","91","5.21220981265442","0","41.2","3.618181818181818","10","700","772"
"1329","BA","1000","2","0.1","50","0.1","0.5","1","platform","targeted","70","5","95","95","77.19523111737523","72.22807223981816","72.22807223981816","fixed","1","1","50","2990","9","50","23250931","v2.0-design-v1.0","100","99.9","0.09999999999999432","7.4249463902787705","true","98.594","9.648000000000007","50","0","999","500","0","0","772","0","224","548","0","38600","831","10361","27101","307","772","37462","77.2","0","50","1000","1997","3.994","63","4.908569858732581","0","40.2","3.628282828282828","10","700","772"
"1330","BA","1000","2","0.1","50","0.1","0.5","1","platform","targeted","70","5","95","95","77.19523111737523","72.22807223981816","72.22807223981816","fixed","1","1","50","2990","10","50","23250932","v2.0-design-v1.0","100","100","0","9.007352941176471","true","98.25800000000001","9.604000000000003","50","0","1000","500","0","0","772","0","212","560","0","38600","1029","10395","26765","411","772","37160","77.2","0","50","1000","1997","3.994","113","6.527064161364357","0","54.5","3.4838383838383837","10","700","772"
"1331","BA","1000","2","0.1","50","0.1","0.5","1","platform","targeted","70","5","95","95","77.19523111737523","72.22807223981816","72.22807223981816","fixed","1","1","50","2990","11","50","23250933","v2.0-design-v1.0","100","99.9","0.09999999999999432","7.400818359722469","true","98.486","10.420000000000009","50","0","999","500","0","0","772","0","229","543","0","38600","832","10410","26999","359","772","37409","77.2","0","50","1000","1997","3.994","99","5.4622156493312986","0","44.8","3.581818181818182","10","700","772"
"1332","BA","1000","2","0.1","50","0.1","0.5","1","platform","targeted","70","5","95","95","77.19523111737523","72.22807223981816","72.22807223981816","fixed","1","1","50","2990","12","50","23250934","v2.0-design-v1.0","100","100","0","7.581487484242752","true","98.554","9.900000000000002","50","0","1000","500","0","0","772","0","199","573","0","38600","842","10264","27158","336","772","37422","77.2","0","50","1000","1997","3.994","67","5.035008968742284","0","42.4","3.606060606060606","10","700","772"
"1333","BA","1000","2","0.1","50","0.1","0.5","1","platform","targeted","70","5","95","95","77.19523111737523","72.22807223981816","72.22807223981816","fixed","1","1","50","2990","13","50","23250935","v2.0-design-v1.0","100","100","0","6.573900633306574","true","98.804","9.448000000000002","50","0","1000","500","0","0","772","0","222","550","0","38600","737","10474","27100","289","772","37574","77.2","0","50","1000","1997","3.994","66","4.956665465061406","0","40.7","3.6232323232323234","10","700","772"
"1334","BA","1000","2","0.1","50","0.1","0.5","1","platform","targeted","70","5","95","95","77.19523111737523","72.22807223981816","72.22807223981816","fixed","1","1","50","2990","14","50","23250936","v2.0-design-v1.0","100","100","0","6.8610024884464975","true","98.70200000000001","10.058000000000002","50","0","1000","500","0","0","772","0","233","539","0","38600","772","10480","27060","288","772","37540","77.2","0","50","1000","1997","3.994","86","5.151553406740767","0","40.8","3.6222222222222222","10","700","772"
"1335","BA","1000","2","0.1","50","0.1","0.5","1","platform","targeted","70","5","95","95","77.19523111737523","72.22807223981816","72.22807223981816","fixed","1","1","50","2990","15","50","23250937","v2.0-design-v1.0","100","100","0","6.87288286682118","true","98.778","9.612000000000002","50","0","1000","500","0","0","772","0","206","566","0","38600","771","10447","27131","251","772","37578","77.2","0","50","1000","1997","3.994","64","4.966551180711877","0","40.6","3.624242424242424","10","700","772"
"1336","BA","1000","2","0.1","50","0.1","0.5","1","platform","targeted","70","5","95","95","77.19523111737523","72.22807223981816","72.22807223981816","fixed","1","1","50","2990","16","50","23250938","v2.0-design-v1.0","100","99.9","0.09999999999999432","7.423773751657093","true","98.50600000000003","9.270000000000007","50","0","999","500","0","0","772","0","202","570","0","38600","840","10475","26956","329","772","37431","77.2","0","50","1000","1997","3.994","56","4.423293968246903","0","35","3.680808080808081","10","700","772"
"1337","BA","1000","2","0.1","50","0.1","0.5","1","platform","targeted","70","5","95","95","77.19523111737523","72.22807223981816","72.22807223981816","fixed","1","1","50","2990","17","50","23250939","v2.0-design-v1.0","100","100","0","6.821480406386067","true","98.78399999999999","9.698000000000002","50","0","1000","500","0","0","772","0","222","550","0","38600","752","10272","27292","284","772","37564","77.2","0","50","1000","1997","3.994","75","5.142023376493368","0","42","3.61010101010101","10","700","772"
"1338","BA","1000","2","0.1","50","0.1","0.5","1","platform","targeted","70","5","95","95","77.19523111737523","72.22807223981816","72.22807223981816","fixed","1","1","50","2990","18","50","23250940","v2.0-design-v1.0","100","100","0","7.467962881131242","true","98.522","10.116000000000007","50","0","1000","500","0","0","772","0","200","572","0","38600","845","10470","26932","353","772","37402","77.2","0","50","1000","1997","3.994","72","4.813432572825037","0","36.1","3.66969696969697","10","700","772"
"1339","BA","1000","2","0.1","50","0.1","0.5","1","platform","targeted","70","5","95","95","77.19523111737523","72.22807223981816","72.22807223981816","fixed","1","1","50","2990","19","50","23250941","v2.0-design-v1.0","100","100","0","7.117946883662703","true","98.694","10.023999999999996","50","0","1000","500","0","0","772","0","207","565","0","38600","796","10387","27105","312","772","37492","77.2","0","50","1000","1997","3.994","88","5.295470329064827","0","42.6","3.604040404040404","10","700","772"
"1340","BA","1000","2","0.1","50","0.1","0.5","1","platform","targeted","70","5","95","95","77.19523111737523","72.22807223981816","72.22807223981816","fixed","1","1","50","2990","20","50","23250942","v2.0-design-v1.0","100","100","0","6.975725177460346","true","98.75400000000002","9.000000000000002","50","0","1000","500","0","0","772","0","198","574","0","38600","796","10615","26881","308","772","37496","77.2","0","50","1000","1997","3.994","82","5.380419399351026","0","45.8","3.5717171717171716","10","700","772"
"1341","BA","1000","2","0.1","50","0.1","0.5","1","platform","targeted","70","5","95","95","77.19523111737523","72.22807223981816","72.22807223981816","fixed","1","1","50","2990","21","50","23250943","v2.0-design-v1.0","100","100","0","6.919702801897771","true","98.71600000000001","9.394","50","0","1000","500","0","0","772","0","218","554","0","38600","773","10398","27157","272","772","37555","77.2","0","50","1000","1997","3.994","120","5.879330789344207","0","47.8","3.5515151515151517","10","700","772"
"1342","BA","1000","2","0.1","50","0.1","0.5","1","platform","targeted","70","5","95","95","77.19523111737523","72.22807223981816","72.22807223981816","fixed","1","1","50","2990","22","50","23250944","v2.0-design-v1.0","100","100","0","8.057040998217468","true","98.47","9.566","50","0","1000","500","0","0","772","0","248","524","0","38600","904","10316","27017","363","772","37333","77.2","0","50","1000","1997","3.994","90","5.215089755810636","0","43.2","3.597979797979798","10","700","772"
"1343","BA","1000","2","0.1","50","0.1","0.5","1","platform","targeted","70","5","95","95","77.19523111737523","72.22807223981816","72.22807223981816","fixed","1","1","50","2990","23","50","23250945","v2.0-design-v1.0","100","100","0","6.745257932990604","true","98.64800000000001","9.344000000000005","50","0","1000","500","0","0","772","0","219","553","0","38600","761","10521","27044","274","772","37565","77.2","0","50","1000","1997","3.994","96","5.254481284919898","0","40.5","3.625252525252525","10","700","772"
"1344","BA","1000","2","0.1","50","0.1","0.5","1","platform","targeted","70","5","95","95","77.19523111737523","72.22807223981816","72.22807223981816","fixed","1","1","50","2990","24","50","23250946","v2.0-design-v1.0","100","100","0","6.523864545373745","true","98.802","9.376","50","0","1000","500","0","0","772","0","217","555","0","38600","734","10517","27079","270","772","37596","77.2","0","50","1000","1997","3.994","83","5.230805418415527","0","42.3","3.607070707070707","10","700","772"
"1345","BA","1000","2","0.1","50","0.1","0.5","1","platform","targeted","70","5","95","95","77.19523111737523","72.22807223981816","72.22807223981816","fixed","1","1","50","2990","25","50","23250947","v2.0-design-v1.0","100","100","0","7.184241019698725","true","98.736","9.851999999999999","50","0","1000","500","0","0","772","0","233","539","0","38600","806","10413","27097","284","772","37510","77.2","0","50","1000","1997","3.994","120","5.913961357579133","0","47.1","3.5585858585858587","10","700","772"
"1346","BA","1000","2","0.1","50","0.1","0.5","1","platform","targeted","70","5","95","95","77.19523111737523","72.22807223981816","72.22807223981816","fixed","1","1","50","2990","26","50","23250948","v2.0-design-v1.0","100","99.9","0.09999999999999432","6.928508384819064","true","98.624","8.973999999999998","50","0","999","500","0","0","772","0","229","543","0","38600","785","10545","26956","314","772","37501","77.2","0","50","1000","1997","3.994","82","5.057424398005511","0","40.4","3.6262626262626263","10","700","772"
"1347","BA","1000","2","0.1","50","0.1","0.5","1","platform","targeted","70","5","95","95","77.19523111737523","72.22807223981816","72.22807223981816","fixed","1","1","50","2990","27","50","23250949","v2.0-design-v1.0","100","100","0","7.367859049652963","true","98.51199999999999","9.532","50","0","1000","500","0","0","772","0","222","550","0","38600","828","10410","27008","354","772","37418","77.2","0","50","1000","1997","3.994","64","4.9055099661531605","0","40.2","3.628282828282828","10","700","772"
"1348","BA","1000","2","0.1","50","0.1","0.5","1","platform","targeted","70","5","95","95","77.19523111737523","72.22807223981816","72.22807223981816","fixed","1","1","50","2990","28","50","23250950","v2.0-design-v1.0","100","100","0","7.926938995861075","true","98.566","10.066","50","0","1000","500","0","0","772","0","215","557","0","38600","881","10233","27161","325","772","37394","77.2","0","50","1000","1997","3.994","84","5.222761840371541","0","42.6","3.604040404040404","10","700","772"
"1349","BA","1000","2","0.1","50","0.1","0.5","1","platform","targeted","70","5","95","95","77.19523111737523","72.22807223981816","72.22807223981816","fixed","1","1","50","2990","29","50","23250951","v2.0-design-v1.0","100","100","0","6.871035940803383","true","98.67400000000002","8.604000000000003","50","0","1000","500","0","0","772","0","219","553","0","38600","780","10572","26944","304","772","37516","77.2","0","50","1000","1997","3.994","74","5.43097223887762","0","46.2","3.5676767676767676","10","700","772"
"1350","BA","1000","2","0.1","50","0.1","0.5","1","platform","targeted","70","5","95","95","77.19523111737523","72.22807223981816","72.22807223981816","fixed","1","1","50","2990","30","50","23250952","v2.0-design-v1.0","100","100","0","7.162583518930958","true","98.556","9.558000000000002","50","0","1000","500","0","0","772","0","199","573","0","38600","804","10421","27037","338","772","37458","77.2","0","50","1000","1997","3.994","78","5.339145106706726","0","45.2","3.577777777777778","10","700","772"
"1351","BA","1000","2","0.1","50","0.1","0.5","1","platform","targeted","70","5","95","95","2.434862587203559","74.62704872357982","74.62704872357982","fixed","1","1","50","2991","1","50","23251923","v2.0-design-v1.0","2.200000000000003","1.2","1.0000000000000029","97.42086752637749","true","7.488000000000004","6.674000000000002","50","97.8","12","500","978","997","24","19","0","2","3","1200","831","22","73","274","2","95","2.4","0","50","1000","1997","3.994","103","5.495831890457353","0","44.7","3.5828282828282827","10","700","24"
"1352","BA","1000","2","0.1","50","0.1","0.5","1","platform","targeted","70","5","95","95","2.434862587203559","74.62704872357982","74.62704872357982","fixed","1","1","50","2991","2","50","23251924","v2.0-design-v1.0","2.1000000000000085","1.0999999999999999","1.0000000000000087","98.20143884892086","true","7.564000000000002","6.783999999999997","50","97.89999999999999","11","500","979","999","24","20","0","1","3","1200","819","15","78","288","1","93","2.4","0","50","1000","1997","3.994","80","5.200096634198726","0","42.7","3.603030303030303","10","700","24"
"1353","BA","1000","2","0.1","50","0.1","0.5","1","platform","targeted","70","5","95","95","2.434862587203559","74.62704872357982","74.62704872357982","fixed","1","1","50","2991","3","50","23251925","v2.0-design-v1.0","2.299999999999997","1.5","0.7999999999999972","96.34864546525324","true","7.282000000000002","6.232000000000002","50","97.7","15","500","977","996","24","19","0","2","3","1200","818","31","95","256","2","126","2.4","0","50","1000","1997","3.994","82","4.897340905833272","0","39.9","3.6313131313131315","10","700","24"
"1354","BA","1000","2","0.1","50","0.1","0.5","1","platform","targeted","70","5","95","95","2.434862587203559","74.62704872357982","74.62704872357982","fixed","1","1","50","2991","4","50","23251926","v2.0-design-v1.0","1.5999999999999943","1.7999999999999998","-0.2000000000000055","95.94594594594594","true","7.212000000000002","6.0560000000000045","50","98.4","18","500","984","997","24","13","0","3","8","1200","781","33","98","288","3","131","2.4","0","50","1000","1997","3.994","87","5.763087469158967","0","47.9","3.5505050505050506","10","700","24"
"1355","BA","1000","2","0.1","50","0.1","0.5","1","platform","targeted","70","5","95","95","2.434862587203559","74.62704872357982","74.62704872357982","fixed","1","1","50","2991","5","50","23251927","v2.0-design-v1.0","2.200000000000003","1.6","0.6000000000000028","95.70765661252901","true","7.448000000000003","6.2379999999999995","50","97.8","16","500","978","996","24","18","1","1","4","1200","825","37","89","249","2","126","2.4","0","50","1000","1997","3.994","60","5.1531076564068075","0","45.4","3.5757575757575757","10","700","24"
"1356","BA","1000","2","0.1","50","0.1","0.5","1","platform","targeted","70","5","95","95","2.434862587203559","74.62704872357982","74.62704872357982","fixed","1","1","50","2991","6","50","23251928","v2.0-design-v1.0","2.299999999999997","1.0999999999999999","1.1999999999999973","97.88235294117648","true","7.810000000000005","7.004","50","97.7","11","500","977","996","24","19","0","0","5","1200","832","18","80","270","0","98","2.4","0","50","1000","1997","3.994","99","5.321868683675522","0","43.3","3.596969696969697","10","700","24"
"1357","BA","1000","2","0.1","50","0.1","0.5","1","platform","targeted","70","5","95","95","2.434862587203559","74.62704872357982","74.62704872357982","fixed","1","1","50","2991","7","50","23251929","v2.0-design-v1.0","2.200000000000003","1","1.2000000000000028","97.30722154222767","true","6.8300000000000045","6.092000000000002","50","97.8","10","500","978","998","24","20","0","1","3","1200","795","22","74","309","1","96","2.4","0","50","1000","1997","3.994","95","5.1635866049313615","0","39","3.6404040404040403","10","700","24"
"1358","BA","1000","2","0.1","50","0.1","0.5","1","platform","targeted","70","5","95","95","2.434862587203559","74.62704872357982","74.62704872357982","fixed","1","1","50","2991","8","50","23251930","v2.0-design-v1.0","1.5999999999999943","1.6","-5.773159728050814E-15","96.52694610778443","true","7.418000000000002","6.500000000000001","50","98.4","16","500","984","1000","24","16","0","0","8","1200","806","29","95","270","0","124","2.4","0","50","1000","1997","3.994","81","5.335018877794749","0","44.5","3.584848484848485","10","700","24"
"1359","BA","1000","2","0.1","50","0.1","0.5","1","platform","targeted","70","5","95","95","2.434862587203559","74.62704872357982","74.62704872357982","fixed","1","1","50","2991","9","50","23251931","v2.0-design-v1.0","1.7999999999999972","1.2","0.5999999999999972","97.07317073170731","true","7.396000000000003","6.5699999999999985","50","98.2","12","500","982","996","24","14","0","2","8","1200","796","24","73","307","2","97","2.4","0","50","1000","1997","3.994","73","4.859998311067968","0","39.8","3.632323232323232","10","700","24"
"1360","BA","1000","2","0.1","50","0.1","0.5","1","platform","targeted","70","5","95","95","2.434862587203559","74.62704872357982","74.62704872357982","fixed","1","1","50","2991","10","50","23251932","v2.0-design-v1.0","2.200000000000003","1.5","0.7000000000000028","96.19952494061758","true","7.706000000000002","6.588000000000005","50","97.8","15","500","978","994","24","16","1","3","4","1200","810","32","73","285","4","105","2.4","0","50","1000","1997","3.994","100","5.362529321199153","0","45","3.5797979797979798","10","700","24"
"1361","BA","1000","2","0.1","50","0.1","0.5","1","platform","targeted","70","5","95","95","2.434862587203559","74.62704872357982","74.62704872357982","fixed","1","1","50","2991","11","50","23251933","v2.0-design-v1.0","1.7999999999999972","1.7000000000000002","0.09999999999999698","95.82836710369487","true","7.0840000000000005","5.662000000000003","50","98.2","17","500","982","999","24","17","0","1","6","1200","804","35","104","257","1","139","2.4","0","50","1000","1997","3.994","69","4.984255892990119","0","40.5","3.625252525252525","10","700","24"
"1362","BA","1000","2","0.1","50","0.1","0.5","1","platform","targeted","70","5","95","95","2.434862587203559","74.62704872357982","74.62704872357982","fixed","1","1","50","2991","12","50","23251934","v2.0-design-v1.0","1.9000000000000057","1.6","0.3000000000000056","96.58952496954933","true","7.638000000000002","6.468000000000002","50","98.1","16","500","981","997","24","16","0","0","8","1200","793","28","94","285","0","122","2.4","0","50","1000","1997","3.994","104","5.247809400454957","0","41","3.6202020202020204","10","700","24"
"1363","BA","1000","2","0.1","50","0.1","0.5","1","platform","targeted","70","5","95","95","2.434862587203559","74.62704872357982","74.62704872357982","fixed","1","1","50","2991","13","50","23251935","v2.0-design-v1.0","1.7999999999999972","1.4000000000000001","0.399999999999997","96.21951219512195","true","7.614","6.622000000000001","50","98.2","14","500","982","998","24","16","0","2","6","1200","789","31","122","258","2","153","2.4","0","50","1000","1997","3.994","81","5.531777703827633","0","46.1","3.5686868686868687","10","700","24"
"1364","BA","1000","2","0.1","50","0.1","0.5","1","platform","targeted","70","5","95","95","2.434862587203559","74.62704872357982","74.62704872357982","fixed","1","1","50","2991","14","50","23251936","v2.0-design-v1.0","2.1000000000000085","1.2","0.9000000000000086","96.93181818181819","true","7.346000000000001","6.502000000000005","50","97.89999999999999","12","500","979","998","24","19","0","2","3","1200","853","27","82","238","2","109","2.4","0","50","1000","1997","3.994","56","4.959491965973978","0","41.1","3.6191919191919193","10","700","24"
"1365","BA","1000","2","0.1","50","0.1","0.5","1","platform","targeted","70","5","95","95","2.434862587203559","74.62704872357982","74.62704872357982","fixed","1","1","50","2991","15","50","23251937","v2.0-design-v1.0","1.2999999999999972","1.3","-2.886579864025407E-15","97.06601466992664","true","7.048000000000001","6.110000000000005","50","98.7","13","500","987","998","24","11","0","2","11","1200","794","24","66","316","2","90","2.4","0","50","1000","1997","3.994","74","5.299438465351579","0","45.4","3.5757575757575757","10","700","24"
"1366","BA","1000","2","0.1","50","0.1","0.5","1","platform","targeted","70","5","95","95","2.434862587203559","74.62704872357982","74.62704872357982","fixed","1","1","50","2991","16","50","23251938","v2.0-design-v1.0","1.7999999999999972","1.0999999999999999","0.6999999999999973","97.07943925233646","true","7.550000000000003","6.734000000000002","50","98.2","11","500","982","997","24","15","0","0","9","1200","831","25","59","285","0","84","2.4","0","50","1000","1997","3.994","90","5.392127505821699","0","44.2","3.587878787878788","10","700","24"
"1367","BA","1000","2","0.1","50","0.1","0.5","1","platform","targeted","70","5","95","95","2.434862587203559","74.62704872357982","74.62704872357982","fixed","1","1","50","2991","17","50","23251939","v2.0-design-v1.0","2","1.2","0.8","97.26190476190476","true","7.3540000000000045","6.496000000000005","50","98","12","500","980","997","24","17","0","1","6","1200","817","23","82","278","1","105","2.4","0","50","1000","1997","3.994","68","4.814264340596703","0","39.6","3.6343434343434344","10","700","24"
"1368","BA","1000","2","0.1","50","0.1","0.5","1","platform","targeted","70","5","95","95","2.434862587203559","74.62704872357982","74.62704872357982","fixed","1","1","50","2991","18","50","23251940","v2.0-design-v1.0","1.9000000000000057","1.6","0.3000000000000056","95.63164108618653","true","7.370000000000002","6.342000000000001","50","98.1","16","500","981","997","24","16","1","2","5","1200","810","37","73","280","3","110","2.4","0","50","1000","1997","3.994","86","5.133060715821727","0","42.3","3.607070707070707","10","700","24"
"1369","BA","1000","2","0.1","50","0.1","0.5","1","platform","targeted","70","5","95","95","2.434862587203559","74.62704872357982","74.62704872357982","fixed","1","1","50","2991","19","50","23251941","v2.0-design-v1.0","2","1.5","0.5","96.49334945586457","true","7.692000000000003","6.644000000000003","50","98","15","500","980","996","24","16","1","1","6","1200","798","29","78","295","2","107","2.4","0","50","1000","1997","3.994","65","4.848450419615669","0","40.6","3.624242424242424","10","700","24"
"1370","BA","1000","2","0.1","50","0.1","0.5","1","platform","targeted","70","5","95","95","2.434862587203559","74.62704872357982","74.62704872357982","fixed","1","1","50","2991","20","50","23251942","v2.0-design-v1.0","1.5999999999999943","1.7999999999999998","-0.2000000000000055","96.04790419161677","true","7.3720000000000026","6.242000000000002","50","98.4","18","500","984","995","24","11","1","1","11","1200","802","33","91","274","2","124","2.4","0","50","1000","1997","3.994","61","4.948378567818992","0","42.1","3.609090909090909","10","700","24"
"1371","BA","1000","2","0.1","50","0.1","0.5","1","platform","targeted","70","5","95","95","2.434862587203559","74.62704872357982","74.62704872357982","fixed","1","1","50","2991","21","50","23251943","v2.0-design-v1.0","2","1.4000000000000001","0.5999999999999999","96.875","true","6.786000000000002","5.658000000000002","50","98","14","500","980","998","24","18","0","1","5","1200","806","26","85","283","1","111","2.4","0","50","1000","1997","3.994","54","4.774176029092","0","40.2","3.628282828282828","10","700","24"
"1372","BA","1000","2","0.1","50","0.1","0.5","1","platform","targeted","70","5","95","95","2.434862587203559","74.62704872357982","74.62704872357982","fixed","1","1","50","2991","22","50","23251944","v2.0-design-v1.0","2.4000000000000057","1.2","1.2000000000000057","96.3785046728972","true","7.214000000000003","6.436000000000002","50","97.6","12","500","976","996","24","20","0","1","3","1200","825","31","81","263","1","112","2.4","0","50","1000","1997","3.994","100","5.5779097408506875","0","47.1","3.5585858585858587","10","700","24"
"1373","BA","1000","2","0.1","50","0.1","0.5","1","platform","targeted","70","5","95","95","2.434862587203559","74.62704872357982","74.62704872357982","fixed","1","1","50","2991","23","50","23251945","v2.0-design-v1.0","2","1.2","0.8","97.72182254196643","true","7.1259999999999994","6.250000000000003","50","98","12","500","980","1000","24","20","0","0","4","1200","815","19","86","280","0","105","2.4","0","50","1000","1997","3.994","76","5.075206569364604","0","42.8","3.602020202020202","10","700","24"
"1374","BA","1000","2","0.1","50","0.1","0.5","1","platform","targeted","70","5","95","95","2.434862587203559","74.62704872357982","74.62704872357982","fixed","1","1","50","2991","24","50","23251946","v2.0-design-v1.0","1.7999999999999972","1.4000000000000001","0.399999999999997","97.04797047970479","true","7.388000000000004","6.5500000000000025","50","98.2","14","500","982","995","24","13","0","4","7","1200","789","24","87","300","4","111","2.4","0","50","1000","1997","3.994","67","4.920383539336552","0","41","3.6202020202020204","10","700","24"
"1375","BA","1000","2","0.1","50","0.1","0.5","1","platform","targeted","70","5","95","95","2.434862587203559","74.62704872357982","74.62704872357982","fixed","1","1","50","2991","25","50","23251947","v2.0-design-v1.0","1.7999999999999972","1.2","0.5999999999999972","97.56944444444444","true","7.678000000000006","7.052000000000004","50","98.2","12","500","982","997","24","15","1","2","6","1200","843","21","70","266","3","91","2.4","0","50","1000","1997","3.994","79","5.52036578846351","0","47.6","3.5535353535353535","10","700","24"
"1376","BA","1000","2","0.1","50","0.1","0.5","1","platform","targeted","70","5","95","95","2.434862587203559","74.62704872357982","74.62704872357982","fixed","1","1","50","2991","26","50","23251948","v2.0-design-v1.0","1.5999999999999943","1.4000000000000001","0.19999999999999418","96.55172413793103","true","7.318000000000004","6.411999999999999","50","98.4","14","500","984","998","24","14","0","2","8","1200","784","28","89","299","2","117","2.4","0","50","1000","1997","3.994","73","5.461665844208497","0","48.9","3.54040404040404","10","700","24"
"1377","BA","1000","2","0.1","50","0.1","0.5","1","platform","targeted","70","5","95","95","2.434862587203559","74.62704872357982","74.62704872357982","fixed","1","1","50","2991","27","50","23251949","v2.0-design-v1.0","2","1.2","0.8","97.33333333333334","true","7.298000000000005","6.492000000000006","50","98","12","500","980","995","24","15","0","5","4","1200","803","22","88","287","5","110","2.4","0","50","1000","1997","3.994","92","5.777659157941501","0","50.1","3.5282828282828285","10","700","24"
"1378","BA","1000","2","0.1","50","0.1","0.5","1","platform","targeted","70","5","95","95","2.434862587203559","74.62704872357982","74.62704872357982","fixed","1","1","50","2991","28","50","23251950","v2.0-design-v1.0","1.9000000000000057","1.6","0.3000000000000056","95.9378733572282","true","7.672000000000005","6.55","50","98.1","16","500","981","997","24","16","0","2","6","1200","803","34","81","282","2","115","2.4","0","50","1000","1997","3.994","95","5.3928700194837775","0","44.7","3.5828282828282827","10","700","24"
"1379","BA","1000","2","0.1","50","0.1","0.5","1","platform","targeted","70","5","95","95","2.434862587203559","74.62704872357982","74.62704872357982","fixed","1","1","50","2991","29","50","23251951","v2.0-design-v1.0","1.7999999999999972","1","0.7999999999999972","97.90897908979089","true","7.096000000000004","6.500000000000003","50","98.2","10","500","982","997","24","15","0","2","7","1200","796","17","72","315","2","89","2.4","0","50","1000","1997","3.994","78","5.15524398457924","0","44","3.5898989898989897","10","700","24"
"1380","BA","1000","2","0.1","50","0.1","0.5","1","platform","targeted","70","5","95","95","2.434862587203559","74.62704872357982","74.62704872357982","fixed","1","1","50","2991","30","50","23251952","v2.0-design-v1.0","1.7999999999999972","1.7000000000000002","0.09999999999999698","96.15384615384616","true","7.524","6.5100000000000025","50","98.2","17","500","982","998","24","16","1","1","6","1200","800","32","79","289","2","111","2.4","0","50","1000","1997","3.994","73","5.087813857625861","0","41.1","3.6191919191919193","10","700","24"
"1381","BA","1000","2","0.1","50","0.1","0.5","1","platform","targeted","70","5","95","95","29.77952171938107","91.04369175614981","91.04369175614981","fixed","1","1","50","2992","1","50","23252923","v2.0-design-v1.0","47.9","28.999999999999996","18.900000000000002","77.98657718120805","true","52.934","31.55","50","52.1","290","500","521","582","298","61","15","208","14","14900","3486","984","10095","335","223","11079","29.8","0","50","1000","1997","3.994","99","5.747085608636162","0","48.3","3.5464646464646465","10","700","298"
"1382","BA","1000","2","0.1","50","0.1","0.5","1","platform","targeted","70","5","95","95","29.77952171938107","91.04369175614981","91.04369175614981","fixed","1","1","50","2992","2","50","23252924","v2.0-design-v1.0","44.99999999999999","28.4","16.599999999999994","77.21575649059982","true","50.25800000000001","28.761999999999993","50","55.00000000000001","284","500","550","619","298","69","20","202","7","14900","3450","1018","10109","323","222","11127","29.8","0","50","1000","1997","3.994","51","4.843699559781278","0","39.5","3.6353535353535356","10","700","298"
"1383","BA","1000","2","0.1","50","0.1","0.5","1","platform","targeted","70","5","95","95","29.77952171938107","91.04369175614981","91.04369175614981","fixed","1","1","50","2992","3","50","23252925","v2.0-design-v1.0","50.4","28.499999999999996","21.900000000000002","77.84065187867813","true","53.61","32.19800000000001","50","49.6","285","500","496","569","298","73","19","202","4","14900","3439","979","10137","345","221","11116","29.8","0","50","1000","1997","3.994","89","5.384882632050665","0","40.2","3.628282828282828","10","700","298"
"1384","BA","1000","2","0.1","50","0.1","0.5","1","platform","targeted","70","5","95","95","29.77952171938107","91.04369175614981","91.04369175614981","fixed","1","1","50","2992","4","50","23252926","v2.0-design-v1.0","43.8","29.099999999999998","14.7","78.35604199240564","true","49.65200000000002","28.464000000000006","50","56.2","291","500","562","627","298","65","25","200","8","14900","3508","969","10047","376","225","11016","29.8","0","50","1000","1997","3.994","83","5.215281695475622","0","44.3","3.5868686868686868","10","700","298"
"1385","BA","1000","2","0.1","50","0.1","0.5","1","platform","targeted","70","5","95","95","29.77952171938107","91.04369175614981","91.04369175614981","fixed","1","1","50","2992","5","50","23252927","v2.0-design-v1.0","47.5","28.999999999999996","18.500000000000004","78.07381524350295","true","52.46199999999998","31.387999999999984","50","52.5","290","500","525","602","298","77","24","190","7","14900","3575","1004","9941","380","214","10945","29.8","0","50","1000","1997","3.994","77","5.386741220903495","0","46.3","3.566666666666667","10","700","298"
"1386","BA","1000","2","0.1","50","0.1","0.5","1","platform","targeted","70","5","95","95","29.77952171938107","91.04369175614981","91.04369175614981","fixed","1","1","50","2992","6","50","23252928","v2.0-design-v1.0","45.099999999999994","29.9","15.199999999999996","78.47513812154696","true","50.257999999999996","28.428","50","54.900000000000006","299","500","549","622","298","73","13","205","7","14900","3551","974","10030","345","218","11004","29.8","0","50","1000","1997","3.994","74","5.288282323205699","0","45.8","3.5717171717171716","10","700","298"
"1387","BA","1000","2","0.1","50","0.1","0.5","1","platform","targeted","70","5","95","95","29.77952171938107","91.04369175614981","91.04369175614981","fixed","1","1","50","2992","7","50","23252929","v2.0-design-v1.0","44.39999999999999","28.199999999999996","16.199999999999996","78.15459149966968","true","49.81399999999999","28.380000000000006","50","55.60000000000001","282","500","556","626","298","70","25","196","7","14900","3549","992","10012","347","221","11004","29.8","0","50","1000","1997","3.994","66","5.014090655852266","0","42.7","3.603030303030303","10","700","298"
"1388","BA","1000","2","0.1","50","0.1","0.5","1","platform","targeted","70","5","95","95","29.77952171938107","91.04369175614981","91.04369175614981","fixed","1","1","50","2992","8","50","23252930","v2.0-design-v1.0","46.9","30.2","16.7","77.38413547237076","true","51.61199999999999","29.378","50","53.1","302","500","531","607","298","76","24","192","6","14900","3473","1015","10084","328","216","11099","29.8","0","50","1000","1997","3.994","71","4.935617927303959","0","41.7","3.613131313131313","10","700","298"
"1389","BA","1000","2","0.1","50","0.1","0.5","1","platform","targeted","70","5","95","95","29.77952171938107","91.04369175614981","91.04369175614981","fixed","1","1","50","2992","9","50","23252931","v2.0-design-v1.0","46.3","29.099999999999998","17.2","78.6617262423714","true","50.31","29.186000000000007","50","53.7","291","500","537","606","298","69","23","197","9","14900","3609","979","9988","324","220","10967","29.8","0","50","1000","1997","3.994","51","4.597074841363469","0","37.8","3.6525252525252525","10","700","298"
"1390","BA","1000","2","0.1","50","0.1","0.5","1","platform","targeted","70","5","95","95","29.77952171938107","91.04369175614981","91.04369175614981","fixed","1","1","50","2992","10","50","23252932","v2.0-design-v1.0","47.9","28.199999999999996","19.700000000000003","77.04770477047704","true","51.97599999999999","30.27999999999999","50","52.1","282","500","521","595","298","74","10","212","2","14900","3424","1020","10145","311","222","11165","29.8","0","50","1000","1997","3.994","87","5.366634398276513","0","44","3.5898989898989897","10","700","298"
"1391","BA","1000","2","0.1","50","0.1","0.5","1","platform","targeted","70","5","95","95","29.77952171938107","91.04369175614981","91.04369175614981","fixed","1","1","50","2992","11","50","23252933","v2.0-design-v1.0","44.699999999999996","28.599999999999998","16.099999999999998","79.01448022476767","true","50.26800000000001","28.844000000000005","50","55.300000000000004","286","500","553","637","298","84","16","188","10","14900","3656","971","9899","374","204","10870","29.8","0","50","1000","1997","3.994","49","4.474593387782388","0","34.8","3.682828282828283","10","700","298"
"1392","BA","1000","2","0.1","50","0.1","0.5","1","platform","targeted","70","5","95","95","29.77952171938107","91.04369175614981","91.04369175614981","fixed","1","1","50","2992","12","50","23252934","v2.0-design-v1.0","48.3","28.4","19.9","77.19259093952243","true","51.83600000000001","31.046000000000006","50","51.7","284","500","517","584","298","67","22","205","4","14900","3459","1022","10072","347","227","11094","29.8","0","50","1000","1997","3.994","88","5.564074309615467","0","47.4","3.5555555555555554","10","700","298"
"1393","BA","1000","2","0.1","50","0.1","0.5","1","platform","targeted","70","5","95","95","29.77952171938107","91.04369175614981","91.04369175614981","fixed","1","1","50","2992","13","50","23252935","v2.0-design-v1.0","43.99999999999999","28.999999999999996","14.999999999999996","76.77304964539007","true","49.54199999999999","27.136000000000003","50","56.00000000000001","290","500","560","642","298","82","25","183","8","14900","3464","1048","10007","381","208","11055","29.8","0","50","1000","1997","3.994","110","5.638772894855731","0","44.1","3.588888888888889","10","700","298"
"1394","BA","1000","2","0.1","50","0.1","0.5","1","platform","targeted","70","5","95","95","29.77952171938107","91.04369175614981","91.04369175614981","fixed","1","1","50","2992","14","50","23252936","v2.0-design-v1.0","50.2","29.5","20.700000000000003","77.12177121771218","true","55.12","33.322","50","49.8","295","500","498","565","298","67","22","203","6","14900","3344","992","10224","340","225","11216","29.8","0","50","1000","1997","3.994","106","6.233523948844763","0","53.1","3.497979797979798","10","700","298"
"1395","BA","1000","2","0.1","50","0.1","0.5","1","platform","targeted","70","5","95","95","29.77952171938107","91.04369175614981","91.04369175614981","fixed","1","1","50","2992","15","50","23252937","v2.0-design-v1.0","43.7","28.499999999999996","15.200000000000006","77.96875","true","49.10199999999999","27.630000000000006","50","56.3","285","500","563","641","298","78","23","193","4","14900","3493","987","10089","331","216","11076","29.8","0","50","1000","1997","3.994","74","5.081711108257501","0","42.6","3.604040404040404","10","700","298"
"1396","BA","1000","2","0.1","50","0.1","0.5","1","platform","targeted","70","5","95","95","29.77952171938107","91.04369175614981","91.04369175614981","fixed","1","1","50","2992","16","50","23252938","v2.0-design-v1.0","44.3","29.4","14.899999999999999","79.0078773685331","true","49.191999999999986","27.018","50","55.7","294","500","557","640","298","83","14","199","2","14900","3711","986","9885","318","213","10871","29.8","0","50","1000","1997","3.994","89","5.036002911568385","0","40.7","3.6232323232323234","10","700","298"
"1397","BA","1000","2","0.1","50","0.1","0.5","1","platform","targeted","70","5","95","95","29.77952171938107","91.04369175614981","91.04369175614981","fixed","1","1","50","2992","17","50","23252939","v2.0-design-v1.0","43.300000000000004","27.500000000000004","15.8","78.38559039359573","true","49.608000000000004","28.901999999999997","50","56.699999999999996","275","500","567","653","298","86","18","186","8","14900","3525","972","10059","344","204","11031","29.8","0","50","1000","1997","3.994","78","5.240747029711445","0","44","3.5898989898989897","10","700","298"
"1398","BA","1000","2","0.1","50","0.1","0.5","1","platform","targeted","70","5","95","95","29.77952171938107","91.04369175614981","91.04369175614981","fixed","1","1","50","2992","18","50","23252940","v2.0-design-v1.0","45.699999999999996","29.5","16.199999999999996","78.42533538596878","true","50.798","28.858","50","54.300000000000004","295","500","543","619","298","76","11","205","6","14900","3566","981","10002","351","216","10983","29.8","0","50","1000","1997","3.994","78","4.946152891735993","0","39.4","3.6363636363636362","10","700","298"
"1399","BA","1000","2","0.1","50","0.1","0.5","1","platform","targeted","70","5","95","95","29.77952171938107","91.04369175614981","91.04369175614981","fixed","1","1","50","2992","19","50","23252941","v2.0-design-v1.0","44.39999999999999","28.7","15.699999999999992","78.26747720364742","true","49.58","27.438000000000002","50","55.60000000000001","287","500","556","629","298","73","12","204","9","14900","3605","1001","9965","329","216","10966","29.8","0","50","1000","1997","3.994","81","5.319799269170233","0","45","3.5797979797979798","10","700","298"
"1400","BA","1000","2","0.1","50","0.1","0.5","1","platform","targeted","70","5","95","95","29.77952171938107","91.04369175614981","91.04369175614981","fixed","1","1","50","2992","20","50","23252942","v2.0-design-v1.0","43.8","30.3","13.499999999999996","78.35640518567348","true","50.042000000000016","27.717999999999996","50","56.2","303","500","562","639","298","77","21","187","13","14900","3566","985","9989","360","208","10974","29.8","0","50","1000","1997","3.994","71","5.148249068223914","0","42.9","3.601010101010101","10","700","298"
"1401","BA","1000","2","0.1","50","0.1","0.5","1","platform","targeted","70","5","95","95","29.77952171938107","91.04369175614981","91.04369175614981","fixed","1","1","50","2992","21","50","23252943","v2.0-design-v1.0","44.3","28.7","15.599999999999998","77.55555555555556","true","49.604","27.84000000000001","50","55.7","287","500","557","628","298","71","25","196","6","14900","3490","1010","10037","363","221","11047","29.8","0","50","1000","1997","3.994","83","5.061776919776834","0","40.3","3.6272727272727274","10","700","298"
"1402","BA","1000","2","0.1","50","0.1","0.5","1","platform","targeted","70","5","95","95","29.77952171938107","91.04369175614981","91.04369175614981","fixed","1","1","50","2992","22","50","23252944","v2.0-design-v1.0","43.10000000000001","28.7","14.40000000000001","78.23261858349578","true","49.19399999999999","27.948","50","56.89999999999999","287","500","569","643","298","74","26","190","8","14900","3612","1005","9928","355","216","10933","29.8","0","50","1000","1997","3.994","103","5.436130564612611","0","45.1","3.5787878787878786","10","700","298"
"1403","BA","1000","2","0.1","50","0.1","0.5","1","platform","targeted","70","5","95","95","29.77952171938107","91.04369175614981","91.04369175614981","fixed","1","1","50","2992","23","50","23252945","v2.0-design-v1.0","44.49999999999999","28.799999999999997","15.699999999999996","78.40859272249013","true","48.86799999999998","27.662000000000003","50","55.50000000000001","288","500","555","639","298","84","22","190","2","14900","3577","985","9976","362","212","10961","29.8","0","50","1000","1997","3.994","60","4.840185057556301","0","40.5","3.625252525252525","10","700","298"
"1404","BA","1000","2","0.1","50","0.1","0.5","1","platform","targeted","70","5","95","95","29.77952171938107","91.04369175614981","91.04369175614981","fixed","1","1","50","2992","24","50","23252946","v2.0-design-v1.0","45.49999999999999","29.4","16.099999999999994","77.88944723618091","true","49.88000000000002","27.399999999999995","50","54.50000000000001","294","500","545","610","298","65","16","210","7","14900","3565","1012","9995","328","226","11007","29.8","0","50","1000","1997","3.994","64","4.958482686321537","0","39","3.6404040404040403","10","700","298"
"1405","BA","1000","2","0.1","50","0.1","0.5","1","platform","targeted","70","5","95","95","29.77952171938107","91.04369175614981","91.04369175614981","fixed","1","1","50","2992","25","50","23252947","v2.0-design-v1.0","44.8","28.299999999999997","16.5","78.35372636262514","true","50.258","29.333999999999996","50","55.2","283","500","552","626","298","74","21","195","8","14900","3522","973","10039","366","216","11012","29.8","0","50","1000","1997","3.994","65","4.894069463740351","0","39.9","3.6313131313131315","10","700","298"
"1406","BA","1000","2","0.1","50","0.1","0.5","1","platform","targeted","70","5","95","95","29.77952171938107","91.04369175614981","91.04369175614981","fixed","1","1","50","2992","26","50","23252948","v2.0-design-v1.0","52.300000000000004","29.9","22.400000000000006","78.13339301700985","true","55.14799999999998","33.402000000000015","50","47.699999999999996","299","500","477","541","298","64","20","212","2","14900","3491","977","10104","328","232","11081","29.8","0","50","1000","1997","3.994","73","4.785275630814042","0","37.9","3.6515151515151514","10","700","298"
"1407","BA","1000","2","0.1","50","0.1","0.5","1","platform","targeted","70","5","95","95","29.77952171938107","91.04369175614981","91.04369175614981","fixed","1","1","50","2992","27","50","23252949","v2.0-design-v1.0","45.4","27.800000000000004","17.599999999999994","78.00679501698754","true","50.79799999999997","29.75199999999999","50","54.6","278","500","546","616","298","70","15","206","7","14900","3444","971","10127","358","221","11098","29.8","0","50","1000","1997","3.994","81","5.406588128866034","0","45.1","3.5787878787878786","10","700","298"
"1408","BA","1000","2","0.1","50","0.1","0.5","1","platform","targeted","70","5","95","95","29.77952171938107","91.04369175614981","91.04369175614981","fixed","1","1","50","2992","28","50","23252950","v2.0-design-v1.0","44.99999999999999","29.9","15.099999999999994","78.14814814814814","true","50.28999999999999","27.645999999999994","50","55.00000000000001","299","500","550","626","298","76","17","196","9","14900","3587","1003","9989","321","213","10992","29.8","0","50","1000","1997","3.994","95","5.139492035053494","0","42.3","3.607070707070707","10","700","298"
"1409","BA","1000","2","0.1","50","0.1","0.5","1","platform","targeted","70","5","95","95","29.77952171938107","91.04369175614981","91.04369175614981","fixed","1","1","50","2992","29","50","23252951","v2.0-design-v1.0","44.099999999999994","28.799999999999997","15.299999999999997","79.41499890037387","true","49.43800000000001","27.706","50","55.900000000000006","288","500","559","641","298","82","21","191","4","14900","3611","936","10010","343","212","10946","29.8","0","50","1000","1997","3.994","76","5.293390594315132","0","45.5","3.5747474747474746","10","700","298"
"1411","BA","1000","2","0.1","50","0.1","0.5","1","platform","targeted","70","5","95","95","65.77725043115501","85.39922356153279","85.39922356153279","fixed","1","1","50","2993","1","50","23253923","v2.0-design-v1.0","100","94.5","5.5","13.927927927927927","true","98.33400000000002","25.86","50","0","945","500","0","0","658","0","113","545","0","32900","773","4777","27224","126","658","32001","65.8","0","50","1000","1997","3.994","79","5.545152181204104","0","47.8","3.5515151515151517","10","700","658"
"1410","BA","1000","2","0.1","50","0.1","0.5","1","platform","targeted","70","5","95","95","29.77952171938107","91.04369175614981","91.04369175614981","fixed","1","1","50","2992","30","50","23252952","v2.0-design-v1.0","46.599999999999994","28.9","17.699999999999996","77.94582392776523","true","50.98199999999999","29.827999999999996","50","53.400000000000006","289","500","534","589","298","55","21","219","3","14900","3453","977","10128","342","240","11105","29.8","0","50","1000","1997","3.994","104","6.064548024605217","0","51.3","3.5161616161616163","10","700","298"
"1412","BA","1000","2","0.1","50","0.1","0.5","1","platform","targeted","70","5","95","95","65.77725043115501","85.39922356153279","85.39922356153279","fixed","1","1","50","2993","2","50","23253924","v2.0-design-v1.0","100","94","6","15.586854460093896","true","98.148","25.928000000000008","50","0","940","500","0","0","658","0","83","575","0","32900","830","4495","27413","162","658","31908","65.8","0","50","1000","1997","3.994","90","5.538468979658417","0","46.4","3.5656565656565657","10","700","658"
"1413","BA","1000","2","0.1","50","0.1","0.5","1","platform","targeted","70","5","95","95","65.77725043115501","85.39922356153279","85.39922356153279","fixed","1","1","50","2993","3","50","23253925","v2.0-design-v1.0","100","94.19999999999999","5.800000000000011","14.195112852079836","true","98.416","26.124000000000002","50","0","942","500","0","0","658","0","104","554","0","32900","761","4600","27409","130","658","32009","65.8","0","50","1000","1997","3.994","107","5.6135083036792075","0","44.3","3.5868686868686868","10","700","658"
"1414","BA","1000","2","0.1","50","0.1","0.5","1","platform","targeted","70","5","95","95","65.77725043115501","85.39922356153279","85.39922356153279","fixed","1","1","50","2993","4","50","23253926","v2.0-design-v1.0","100","94.89999999999999","5.1000000000000085","15.04899242004067","true","98.13599999999998","25.998","50","0","949","500","0","0","658","0","107","551","0","32900","814","4595","27358","133","658","31953","65.8","0","50","1000","1997","3.994","86","5.208367411299915","0","41.9","3.611111111111111","10","700","658"
"1415","BA","1000","2","0.1","50","0.1","0.5","1","platform","targeted","70","5","95","95","65.77725043115501","85.39922356153279","85.39922356153279","fixed","1","1","50","2993","5","50","23253927","v2.0-design-v1.0","100","93.4","6.599999999999994","14.267257290513106","true","98.24","27.269999999999992","50","0","934","500","0","0","658","0","87","571","0","32900","773","4645","27360","122","658","32005","65.8","0","50","1000","1997","3.994","83","5.04394740311646","0","41.3","3.617171717171717","10","700","658"
"1416","BA","1000","2","0.1","50","0.1","0.5","1","platform","targeted","70","5","95","95","65.77725043115501","85.39922356153279","85.39922356153279","fixed","1","1","50","2993","6","50","23253928","v2.0-design-v1.0","100","94.5","5.5","16.08176555716353","true","97.80600000000003","25.923999999999996","50","0","945","500","0","0","658","0","123","535","0","32900","889","4639","27193","179","658","31832","65.8","0","50","1000","1997","3.994","85","5.31189045257713","0","45.5","3.5747474747474746","10","700","658"
"1417","BA","1000","2","0.1","50","0.1","0.5","1","platform","targeted","70","5","95","95","65.77725043115501","85.39922356153279","85.39922356153279","fixed","1","1","50","2993","7","50","23253929","v2.0-design-v1.0","100","96.8","3.200000000000003","14.701101679609895","true","98.23","24.737999999999996","50","0","968","500","0","0","658","0","102","556","0","32900","814","4723","27227","136","658","31950","65.8","0","50","1000","1997","3.994","79","5.054058518409477","0","40.9","3.621212121212121","10","700","658"
"1418","BA","1000","2","0.1","50","0.1","0.5","1","platform","targeted","70","5","95","95","65.77725043115501","85.39922356153279","85.39922356153279","fixed","1","1","50","2993","8","50","23253930","v2.0-design-v1.0","100","93.7","6.299999999999997","15.09433962264151","true","98.00400000000002","26.379999999999992","50","0","937","500","0","0","658","0","89","569","0","32900","816","4590","27349","145","658","31939","65.8","0","50","1000","1997","3.994","129","5.936430341982085","0","47.3","3.5565656565656565","10","700","658"
"1419","BA","1000","2","0.1","50","0.1","0.5","1","platform","targeted","70","5","95","95","65.77725043115501","85.39922356153279","85.39922356153279","fixed","1","1","50","2993","9","50","23253931","v2.0-design-v1.0","100","96.6","3.4000000000000057","14.675892206846322","true","98.208","24.54","50","0","966","500","0","0","658","0","113","545","0","32900","806","4686","27264","144","658","31950","65.8","0","50","1000","1997","3.994","63","5.106862446164373","0","43.7","3.592929292929293","10","700","658"
"1420","BA","1000","2","0.1","50","0.1","0.5","1","platform","targeted","70","5","95","95","65.77725043115501","85.39922356153279","85.39922356153279","fixed","1","1","50","2993","10","50","23253932","v2.0-design-v1.0","100","94.6","5.400000000000006","14.065934065934066","true","98.29799999999999","25.737999999999992","50","0","946","500","0","0","658","0","99","559","0","32900","768","4692","27312","128","658","32004","65.8","0","50","1000","1997","3.994","71","5.1765587759399265","0","42.8","3.602020202020202","10","700","658"
"1421","BA","1000","2","0.1","50","0.1","0.5","1","platform","targeted","70","5","95","95","65.77725043115501","85.39922356153279","85.39922356153279","fixed","1","1","50","2993","11","50","23253933","v2.0-design-v1.0","100","95.3","4.700000000000003","14.296214626975376","true","98.42400000000002","25.268000000000008","50","0","953","500","0","0","658","0","98","560","0","32900","778","4664","27340","118","658","32004","65.8","0","50","1000","1997","3.994","120","5.67328389472535","0","44.8","3.581818181818182","10","700","658"
"1422","BA","1000","2","0.1","50","0.1","0.5","1","platform","targeted","70","5","95","95","65.77725043115501","85.39922356153279","85.39922356153279","fixed","1","1","50","2993","12","50","23253934","v2.0-design-v1.0","100","95.39999999999999","4.6000000000000085","15.142484634010058","true","98.24799999999999","25.257999999999996","50","0","954","500","0","0","658","0","105","553","0","32900","813","4556","27395","136","658","31951","65.8","0","50","1000","1997","3.994","75","5.313397801425758","0","44.1","3.588888888888889","10","700","658"
"1423","BA","1000","2","0.1","50","0.1","0.5","1","platform","targeted","70","5","95","95","65.77725043115501","85.39922356153279","85.39922356153279","fixed","1","1","50","2993","13","50","23253935","v2.0-design-v1.0","100","95.8","4.200000000000003","13.718345782474039","true","98.20200000000001","25.119999999999994","50","0","958","500","0","0","658","0","108","550","0","32900","753","4736","27265","146","658","32001","65.8","0","50","1000","1997","3.994","77","5.25524324666152","0","43.3","3.596969696969697","10","700","658"
"1424","BA","1000","2","0.1","50","0.1","0.5","1","platform","targeted","70","5","95","95","65.77725043115501","85.39922356153279","85.39922356153279","fixed","1","1","50","2993","14","50","23253936","v2.0-design-v1.0","100","94","6","14.827712609970675","true","98.22400000000002","26.54","50","0","940","500","0","0","658","0","98","560","0","32900","809","4647","27301","143","658","31948","65.8","0","50","1000","1997","3.994","77","5.212593897008958","0","44.8","3.581818181818182","10","700","658"
"1425","BA","1000","2","0.1","50","0.1","0.5","1","platform","targeted","70","5","95","95","65.77725043115501","85.39922356153279","85.39922356153279","fixed","1","1","50","2993","15","50","23253937","v2.0-design-v1.0","100","94.5","5.5","15.33382245047689","true","98.25200000000001","24.730000000000008","50","0","945","500","0","0","658","0","90","568","0","32900","836","4616","27306","142","658","31922","65.8","0","50","1000","1997","3.994","115","5.963012788978553","0","48.9","3.54040404040404","10","700","658"
"1426","BA","1000","2","0.1","50","0.1","0.5","1","platform","targeted","70","5","95","95","65.77725043115501","85.39922356153279","85.39922356153279","fixed","1","1","50","2993","16","50","23253938","v2.0-design-v1.0","100","95.1","4.900000000000006","14.184782608695654","true","98.42800000000001","25.00000000000001","50","0","951","500","0","0","658","0","82","576","0","32900","783","4737","27255","125","658","31992","65.8","0","50","1000","1997","3.994","62","4.9611063863392895","0","40.8","3.6222222222222222","10","700","658"
"1427","BA","1000","2","0.1","50","0.1","0.5","1","platform","targeted","70","5","95","95","65.77725043115501","85.39922356153279","85.39922356153279","fixed","1","1","50","2993","17","50","23253939","v2.0-design-v1.0","100","95","5","14.562410329985653","true","98.206","25.315999999999995","50","0","950","500","0","0","658","0","93","565","0","32900","812","4764","27170","154","658","31934","65.8","0","50","1000","1997","3.994","105","5.43097223887762","0","43","3.6","10","700","658"
"1428","BA","1000","2","0.1","50","0.1","0.5","1","platform","targeted","70","5","95","95","65.77725043115501","85.39922356153279","85.39922356153279","fixed","1","1","50","2993","18","50","23253940","v2.0-design-v1.0","100","95.39999999999999","4.6000000000000085","13.950953678474114","true","98.40400000000001","26.016","50","0","954","500","0","0","658","0","92","566","0","32900","768","4737","27252","143","658","31989","65.8","0","50","1000","1997","3.994","80","5.393241237980274","0","46.2","3.5676767676767676","10","700","658"
"1429","BA","1000","2","0.1","50","0.1","0.5","1","platform","targeted","70","5","95","95","65.77725043115501","85.39922356153279","85.39922356153279","fixed","1","1","50","2993","19","50","23253941","v2.0-design-v1.0","100","94.5","5.5","14.779411764705882","true","98.384","25.923999999999996","50","0","945","500","0","0","658","0","96","562","0","32900","804","4636","27327","133","658","31963","65.8","0","50","1000","1997","3.994","85","4.876037298846233","0","37.7","3.6535353535353536","10","700","658"
"1430","BA","1000","2","0.1","50","0.1","0.5","1","platform","targeted","70","5","95","95","65.77725043115501","85.39922356153279","85.39922356153279","fixed","1","1","50","2993","20","50","23253942","v2.0-design-v1.0","100","94.1","5.900000000000006","14.877554778125576","true","98.11","26.278000000000006","50","0","941","500","0","0","658","0","101","557","0","32900","808","4623","27327","142","658","31950","65.8","0","50","1000","1997","3.994","73","5.158543842459275","0","44.4","3.585858585858586","10","700","658"
"1431","BA","1000","2","0.1","50","0.1","0.5","1","platform","targeted","70","5","95","95","65.77725043115501","85.39922356153279","85.39922356153279","fixed","1","1","50","2993","21","50","23253943","v2.0-design-v1.0","100","92.9","7.099999999999994","15.359885693873906","true","98.02799999999999","27.326","50","0","929","500","0","0","658","0","104","554","0","32900","860","4739","27136","165","658","31875","65.8","0","50","1000","1997","3.994","67","5.099212288772246","0","42.7","3.603030303030303","10","700","658"
"1432","BA","1000","2","0.1","50","0.1","0.5","1","platform","targeted","70","5","95","95","65.77725043115501","85.39922356153279","85.39922356153279","fixed","1","1","50","2993","22","50","23253944","v2.0-design-v1.0","100","92.30000000000001","7.699999999999989","15.67726520860136","true","97.94400000000002","28.555999999999994","50","0","923","500","0","0","658","0","102","556","0","32900","853","4588","27305","154","658","31893","65.8","0","50","1000","1997","3.994","59","4.858968365154628","0","40.6","3.624242424242424","10","700","658"
"1433","BA","1000","2","0.1","50","0.1","0.5","1","platform","targeted","70","5","95","95","65.77725043115501","85.39922356153279","85.39922356153279","fixed","1","1","50","2993","23","50","23253945","v2.0-design-v1.0","100","93.89999999999999","6.1000000000000085","15.498087780003642","true","98.016","26.035999999999998","50","0","939","500","0","0","658","0","89","569","0","32900","851","4640","27270","139","658","31910","65.8","0","50","1000","1997","3.994","68","5.269889537337156","0","46.3","3.566666666666667","10","700","658"
"1434","BA","1000","2","0.1","50","0.1","0.5","1","platform","targeted","70","5","95","95","65.77725043115501","85.39922356153279","85.39922356153279","fixed","1","1","50","2993","24","50","23253946","v2.0-design-v1.0","100","93.7","6.299999999999997","14.018864434991677","true","98.428","25.939999999999994","50","0","937","500","0","0","658","0","87","571","0","32900","758","4649","27388","105","658","32037","65.8","0","50","1000","1997","3.994","74","5.040572524165415","0","41.9","3.611111111111111","10","700","658"
"1435","BA","1000","2","0.1","50","0.1","0.5","1","platform","targeted","70","5","95","95","65.77725043115501","85.39922356153279","85.39922356153279","fixed","1","1","50","2993","25","50","23253947","v2.0-design-v1.0","100","93.30000000000001","6.699999999999989","15.605037415586786","true","98.088","26.95","50","0","933","500","0","0","658","0","83","575","0","32900","855","4624","27290","131","658","31914","65.8","0","50","1000","1997","3.994","88","5.231953491511298","0","43","3.6","10","700","658"
"1436","BA","1000","2","0.1","50","0.1","0.5","1","platform","targeted","70","5","95","95","65.77725043115501","85.39922356153279","85.39922356153279","fixed","1","1","50","2993","26","50","23253948","v2.0-design-v1.0","100","95.39999999999999","4.6000000000000085","14.1615356754799","true","98.39400000000002","24.666000000000004","50","0","954","500","0","0","658","0","84","574","0","32900","782","4740","27250","128","658","31990","65.8","0","50","1000","1997","3.994","66","5.378744732267446","0","46.3","3.566666666666667","10","700","658"
"1437","BA","1000","2","0.1","50","0.1","0.5","1","platform","targeted","70","5","95","95","65.77725043115501","85.39922356153279","85.39922356153279","fixed","1","1","50","2993","27","50","23253949","v2.0-design-v1.0","100","94.6","5.400000000000006","14.404783475267259","true","98.26799999999999","26.546000000000006","50","0","946","500","0","0","658","0","90","568","0","32900","795","4724","27262","119","658","31986","65.8","0","50","1000","1997","3.994","69","5.1375440006250335","0","43.8","3.591919191919192","10","700","658"
"1438","BA","1000","2","0.1","50","0.1","0.5","1","platform","targeted","70","5","95","95","65.77725043115501","85.39922356153279","85.39922356153279","fixed","1","1","50","2993","28","50","23253950","v2.0-design-v1.0","100","94.3","5.700000000000003","14.864125478752507","true","98.1","25.827999999999996","50","0","943","500","0","0","658","0","98","560","0","32900","815","4668","27276","141","658","31944","65.8","0","50","1000","1997","3.994","60","4.699366770964781","0","36.9","3.6616161616161618","10","700","658"
"1439","BA","1000","2","0.1","50","0.1","0.5","1","platform","targeted","70","5","95","95","65.77725043115501","85.39922356153279","85.39922356153279","fixed","1","1","50","2993","29","50","23253951","v2.0-design-v1.0","100","95.8","4.200000000000003","15.073135925793792","true","98.152","24.15999999999999","50","0","958","500","0","0","658","0","112","546","0","32900","845","4761","27150","144","658","31911","65.8","0","50","1000","1997","3.994","99","5.785969360568842","0","47.3","3.5565656565656565","10","700","658"
"1440","BA","1000","2","0.1","50","0.1","0.5","1","platform","targeted","70","5","95","95","65.77725043115501","85.39922356153279","85.39922356153279","fixed","1","1","50","2993","30","50","23253952","v2.0-design-v1.0","100","95","5","14.714184897671137","true","98.26799999999999","25.668000000000003","50","0","950","500","0","0","658","0","119","539","0","32900","834","4834","27086","146","658","31920","65.8","0","50","1000","1997","3.994","64","5.042756527276856","0","42.8","3.602020202020202","10","700","658"
"1441","BA","1000","2","0.1","50","0.1","0.5","1","platform","targeted","70","5","95","95","33.995188964568136","62.40794475805115","62.40794475805115","fixed","1","1","50","2994","1","50","23254923","v2.0-design-v1.0","42.1","46.400000000000006","-4.300000000000004","50.11852776044916","true","48.732","10.040000000000003","50","57.9","464","500","579","668","340","89","68","137","46","17000","4017","3998","6608","2377","205","10606","34","0","50","1000","1997","3.994","61","4.810728334369654","0","39","3.6404040404040403","10","700","340"
"1442","BA","1000","2","0.1","50","0.1","0.5","1","platform","targeted","70","5","95","95","33.995188964568136","62.40794475805115","62.40794475805115","fixed","1","1","50","2994","2","50","23254924","v2.0-design-v1.0","42.300000000000004","47","-4.699999999999996","49.770214880139115","true","48.79599999999999","10.076000000000006","50","57.699999999999996","470","500","577","663","340","86","87","120","47","17000","4007","4044","6623","2326","207","10667","34","0","50","1000","1997","3.994","68","5.351317650878191","0","47.9","3.5505050505050506","10","700","340"
"1443","BA","1000","2","0.1","50","0.1","0.5","1","platform","targeted","70","5","95","95","33.995188964568136","62.40794475805115","62.40794475805115","fixed","1","1","50","2994","3","50","23254925","v2.0-design-v1.0","36.6","40.2","-3.6000000000000014","51.66092519685039","true","43.574","9.528000000000002","50","63.4","402","500","634","727","340","93","76","116","55","17000","4199","3929","6330","2542","192","10259","34","0","50","1000","1997","3.994","82","5.102352202464857","0","42","3.61010101010101","10","700","340"
"1444","BA","1000","2","0.1","50","0.1","0.5","1","platform","targeted","70","5","95","95","33.995188964568136","62.40794475805115","62.40794475805115","fixed","1","1","50","2994","4","50","23254926","v2.0-design-v1.0","41.7","45.4","-3.6999999999999957","50.34752938202958","true","47.18599999999999","9.870000000000003","50","58.3","454","500","583","673","340","90","76","130","44","17000","3984","3929","6583","2504","206","10512","34","0","50","1000","1997","3.994","64","4.877474116154146","0","40.5","3.625252525252525","10","700","340"
"1445","BA","1000","2","0.1","50","0.1","0.5","1","platform","targeted","70","5","95","95","33.995188964568136","62.40794475805115","62.40794475805115","fixed","1","1","50","2994","5","50","23254927","v2.0-design-v1.0","43.50000000000001","44.800000000000004","-1.2999999999999972","49.45816532258064","true","49.238","11.793999999999999","50","56.49999999999999","448","500","565","641","340","76","83","137","44","17000","3925","4011","6743","2321","220","10754","34","0","50","1000","1997","3.994","81","4.981644385218668","0","39","3.6404040404040403","10","700","340"
"1446","BA","1000","2","0.1","50","0.1","0.5","1","platform","targeted","70","5","95","95","33.995188964568136","62.40794475805115","62.40794475805115","fixed","1","1","50","2994","6","50","23254928","v2.0-design-v1.0","39.5","43.2","-3.700000000000003","50.92742437445538","true","46.614","10.523999999999996","50","60.5","432","500","605","693","340","88","78","114","60","17000","4091","3942","6517","2450","192","10459","34","0","50","1000","1997","3.994","80","5.500565445499229","0","47.5","3.5545454545454547","10","700","340"
"1447","BA","1000","2","0.1","50","0.1","0.5","1","platform","targeted","70","5","95","95","33.995188964568136","62.40794475805115","62.40794475805115","fixed","1","1","50","2994","7","50","23254929","v2.0-design-v1.0","41.2","46.400000000000006","-5.200000000000003","50.92078708375378","true","48.80799999999999","10.607999999999999","50","58.8","464","500","588","683","340","95","73","122","50","17000","4037","3891","6572","2500","195","10463","34","0","50","1000","1997","3.994","88","5.398991860811889","0","43.1","3.598989898989899","10","700","340"
"1448","BA","1000","2","0.1","50","0.1","0.5","1","platform","targeted","70","5","95","95","33.995188964568136","62.40794475805115","62.40794475805115","fixed","1","1","50","2994","8","50","23254930","v2.0-design-v1.0","38.800000000000004","43.4","-4.599999999999994","50.05608874485853","true","47.706","11.564000000000005","50","61.199999999999996","434","500","612","702","340","90","77","120","53","17000","4016","4007","6509","2468","197","10516","34","0","50","1000","1997","3.994","75","5.217584420705346","0","43.5","3.594949494949495","10","700","340"
"1449","BA","1000","2","0.1","50","0.1","0.5","1","platform","targeted","70","5","95","95","33.995188964568136","62.40794475805115","62.40794475805115","fixed","1","1","50","2994","9","50","23254931","v2.0-design-v1.0","42.900000000000006","47","-4.099999999999994","49.23096161060398","true","49.184","10.970000000000004","50","57.099999999999994","470","500","571","648","340","77","82","136","45","17000","3937","4060","6724","2279","218","10784","34","0","50","1000","1997","3.994","70","4.889158196240716","0","39.8","3.632323232323232","10","700","340"
"1450","BA","1000","2","0.1","50","0.1","0.5","1","platform","targeted","70","5","95","95","33.995188964568136","62.40794475805115","62.40794475805115","fixed","1","1","50","2994","10","50","23254932","v2.0-design-v1.0","42.400000000000006","46.9","-4.499999999999993","48.95925318531601","true","49.58800000000002","10.724","50","57.599999999999994","469","500","576","652","340","76","68","147","49","17000","3881","4046","6731","2342","215","10777","34","0","50","1000","1997","3.994","59","5.093516261671085","0","44.5","3.584848484848485","10","700","340"
"1451","BA","1000","2","0.1","50","0.1","0.5","1","platform","targeted","70","5","95","95","33.995188964568136","62.40794475805115","62.40794475805115","fixed","1","1","50","2994","11","50","23254933","v2.0-design-v1.0","42.1","46.2","-4.100000000000001","50.57742456227493","true","47.706","9.113999999999999","50","57.9","462","500","579","658","340","79","77","129","55","17000","4073","3980","6439","2508","206","10419","34","0","50","1000","1997","3.994","64","5.001897938081393","0","41.5","3.6151515151515152","10","700","340"
"1452","BA","1000","2","0.1","50","0.1","0.5","1","platform","targeted","70","5","95","95","33.995188964568136","62.40794475805115","62.40794475805115","fixed","1","1","50","2994","12","50","23254934","v2.0-design-v1.0","38.9","42.8","-3.8999999999999986","49.62776025236593","true","45.608000000000004","9.606","50","61.1","428","500","611","709","340","98","66","126","50","17000","3933","3992","6588","2487","192","10580","34","0","50","1000","1997","3.994","106","5.868424183918757","0","48.6","3.5434343434343436","10","700","340"
"1453","BA","1000","2","0.1","50","0.1","0.5","1","platform","targeted","70","5","95","95","33.995188964568136","62.40794475805115","62.40794475805115","fixed","1","1","50","2994","13","50","23254935","v2.0-design-v1.0","40.5","45.5","-5","48.81474978050922","true","49.846","12.506000000000006","50","59.5","455","500","595","677","340","82","74","122","62","17000","3892","4081","6676","2351","196","10757","34","0","50","1000","1997","3.994","75","5.058413936359047","0","40.8","3.6222222222222222","10","700","340"
"1454","BA","1000","2","0.1","50","0.1","0.5","1","platform","targeted","70","5","95","95","33.995188964568136","62.40794475805115","62.40794475805115","fixed","1","1","50","2994","14","50","23254936","v2.0-design-v1.0","40","43.2","-3.200000000000003","51.45716072545341","true","45.04199999999999","9.421999999999997","50","60","432","500","600","682","340","82","80","129","49","17000","4114","3881","6440","2565","209","10321","34","0","50","1000","1997","3.994","94","5.3245013207167355","0","44.2","3.587878787878788","10","700","340"
"1455","BA","1000","2","0.1","50","0.1","0.5","1","platform","targeted","70","5","95","95","33.995188964568136","62.40794475805115","62.40794475805115","fixed","1","1","50","2994","15","50","23254937","v2.0-design-v1.0","40.6","45","-4.399999999999999","50.06268806419257","true","48.573999999999984","10.644000000000005","50","59.4","450","500","594","674","340","80","81","131","48","17000","3993","3983","6715","2309","212","10698","34","0","50","1000","1997","3.994","80","5.194511232728916","0","43.7","3.592929292929293","10","700","340"
"1456","BA","1000","2","0.1","50","0.1","0.5","1","platform","targeted","70","5","95","95","33.995188964568136","62.40794475805115","62.40794475805115","fixed","1","1","50","2994","16","50","23254938","v2.0-design-v1.0","40.400000000000006","44.2","-3.799999999999997","49.36058174523571","true","47.23199999999999","10.833999999999998","50","59.599999999999994","442","500","596","682","340","86","77","127","50","17000","3937","4039","6685","2339","204","10724","34","0","50","1000","1997","3.994","120","6.04437742852801","0","49.8","3.5313131313131314","10","700","340"
"1457","BA","1000","2","0.1","50","0.1","0.5","1","platform","targeted","70","5","95","95","33.995188964568136","62.40794475805115","62.40794475805115","fixed","1","1","50","2994","17","50","23254939","v2.0-design-v1.0","40.400000000000006","44.2","-3.799999999999997","51.411366202484","true","45.628000000000014","9.775999999999998","50","59.599999999999994","442","500","596","688","340","92","77","128","43","17000","4098","3873","6490","2539","205","10363","34","0","50","1000","1997","3.994","59","4.693612041274169","0","38.4","3.6464646464646466","10","700","340"
"1458","BA","1000","2","0.1","50","0.1","0.5","1","platform","targeted","70","5","95","95","33.995188964568136","62.40794475805115","62.40794475805115","fixed","1","1","50","2994","18","50","23254940","v2.0-design-v1.0","34","37.9","-3.8999999999999986","51.185547610086566","true","42.18600000000001","9.138000000000003","50","66","379","500","660","749","340","89","75","109","67","17000","4080","3891","6496","2533","184","10387","34","0","50","1000","1997","3.994","78","5.125449661662302","0","43","3.6","10","700","340"
"1459","BA","1000","2","0.1","50","0.1","0.5","1","platform","targeted","70","5","95","95","33.995188964568136","62.40794475805115","62.40794475805115","fixed","1","1","50","2994","19","50","23254941","v2.0-design-v1.0","40.900000000000006","48.4","-7.499999999999993","49.396530047774704","true","50.431999999999995","10.192000000000007","50","59.099999999999994","484","500","591","673","340","82","71","125","62","17000","3929","4025","6621","2425","196","10646","34","0","50","1000","1997","3.994","65","5.184867100210641","0","43.5","3.594949494949495","10","700","340"
"1460","BA","1000","2","0.1","50","0.1","0.5","1","platform","targeted","70","5","95","95","33.995188964568136","62.40794475805115","62.40794475805115","fixed","1","1","50","2994","20","50","23254942","v2.0-design-v1.0","43.300000000000004","45.800000000000004","-2.5","50.06901744259004","true","49.084","12.155999999999997","50","56.699999999999996","458","500","567","653","340","86","88","127","39","17000","3990","3979","6762","2269","215","10741","34","0","50","1000","1997","3.994","75","5.456164745838751","0","46.7","3.562626262626263","10","700","340"
"1461","BA","1000","2","0.1","50","0.1","0.5","1","platform","targeted","70","5","95","95","33.995188964568136","62.40794475805115","62.40794475805115","fixed","1","1","50","2994","21","50","23254943","v2.0-design-v1.0","41.300000000000004","45.4","-4.099999999999994","51.02860010035123","true","45.89200000000001","8.22","50","58.699999999999996","454","500","587","671","340","84","85","124","47","17000","4068","3904","6533","2495","209","10437","34","0","50","1000","1997","3.994","62","5.034213673187425","0","40.7","3.6232323232323234","10","700","340"
"1462","BA","1000","2","0.1","50","0.1","0.5","1","platform","targeted","70","5","95","95","33.995188964568136","62.40794475805115","62.40794475805115","fixed","1","1","50","2994","22","50","23254944","v2.0-design-v1.0","39.300000000000004","41.6","-2.299999999999997","51.17324013979031","true","44.75800000000002","10.208","50","60.699999999999996","416","500","607","688","340","81","70","136","53","17000","4100","3912","6551","2437","206","10463","34","0","50","1000","1997","3.994","90","4.950401041377394","0","38.4","3.6464646464646466","10","700","340"
"1463","BA","1000","2","0.1","50","0.1","0.5","1","platform","targeted","70","5","95","95","33.995188964568136","62.40794475805115","62.40794475805115","fixed","1","1","50","2994","23","50","23254945","v2.0-design-v1.0","42.800000000000004","41.4","1.4000000000000057","48.57250660294303","true","48.254","13.835999999999995","50","57.199999999999996","414","500","572","642","340","70","86","135","49","17000","3862","4089","6762","2287","221","10851","34","0","50","1000","1997","3.994","71","5.192969375119678","0","43.3","3.596969696969697","10","700","340"
"1464","BA","1000","2","0.1","50","0.1","0.5","1","platform","targeted","70","5","95","95","33.995188964568136","62.40794475805115","62.40794475805115","fixed","1","1","50","2994","24","50","23254946","v2.0-design-v1.0","41.5","45.1","-3.6000000000000014","50.956997265722094","true","47.083999999999996","10.152000000000001","50","58.5","451","500","585","668","340","83","71","145","41","17000","4100","3946","6395","2559","216","10341","34","0","50","1000","1997","3.994","92","5.214321926497545","0","43.6","3.5939393939393938","10","700","340"
"1465","BA","1000","2","0.1","50","0.1","0.5","1","platform","targeted","70","5","95","95","33.995188964568136","62.40794475805115","62.40794475805115","fixed","1","1","50","2994","25","50","23254947","v2.0-design-v1.0","43.10000000000001","47","-3.8999999999999915","49.54128440366973","true","49.25199999999999","11.011999999999999","50","56.89999999999999","470","500","569","645","340","76","87","130","47","17000","3942","4015","6719","2324","217","10734","34","0","50","1000","1997","3.994","73","4.861851663882957","0","39.2","3.6383838383838385","10","700","340"
"1466","BA","1000","2","0.1","50","0.1","0.5","1","platform","targeted","70","5","95","95","33.995188964568136","62.40794475805115","62.40794475805115","fixed","1","1","50","2994","26","50","23254948","v2.0-design-v1.0","40.2","44.800000000000004","-4.600000000000001","49.59839357429719","true","47.808","10.824000000000002","50","59.8","448","500","598","680","340","82","80","129","49","17000","3952","4016","6746","2286","209","10762","34","0","50","1000","1997","3.994","66","4.834183833216652","0","38.9","3.6414141414141414","10","700","340"
"1467","BA","1000","2","0.1","50","0.1","0.5","1","platform","targeted","70","5","95","95","33.995188964568136","62.40794475805115","62.40794475805115","fixed","1","1","50","2994","27","50","23254949","v2.0-design-v1.0","40.400000000000006","46.9","-6.499999999999993","51.15635997988939","true","47.16999999999999","9.15","50","59.599999999999994","469","500","596","680","340","84","86","117","53","17000","4070","3886","6537","2507","203","10423","34","0","50","1000","1997","3.994","78","5.203175668477566","0","43","3.6","10","700","340"
"1468","BA","1000","2","0.1","50","0.1","0.5","1","platform","targeted","70","5","95","95","33.995188964568136","62.40794475805115","62.40794475805115","fixed","1","1","50","2994","28","50","23254950","v2.0-design-v1.0","40.5","45.300000000000004","-4.800000000000004","50.911605683389915","true","48.602000000000004","11.616000000000003","50","59.5","453","500","595","676","340","81","78","122","59","17000","4049","3904","6597","2450","200","10501","34","0","50","1000","1997","3.994","104","5.752134477830902","0","48.3","3.5464646464646465","10","700","340"
"1470","BA","1000","2","0.1","50","0.1","0.5","1","platform","targeted","70","5","95","95","33.995188964568136","62.40794475805115","62.40794475805115","fixed","1","1","50","2994","30","50","23254952","v2.0-design-v1.0","44.3","48.5","-4.200000000000003","50.7703777335984","true","47.85000000000001","8.12","50","55.7","485","500","557","650","340","93","62","147","38","17000","4086","3962","6495","2457","209","10457","34","0","50","1000","1997","3.994","80","5.2653288299675625","0","42.7","3.603030303030303","10","700","340"
"1469","BA","1000","2","0.1","50","0.1","0.5","1","platform","targeted","70","5","95","95","33.995188964568136","62.40794475805115","62.40794475805115","fixed","1","1","50","2994","29","50","23254951","v2.0-design-v1.0","42.400000000000006","44","-1.5999999999999943","49.84481688392302","true","47.554000000000016","10.922","50","57.599999999999994","440","500","576","660","340","84","76","132","48","17000","4015","4040","6614","2331","208","10654","34","0","50","1000","1997","3.994","109","5.291499217042736","0","41","3.6202020202020204","10","700","340"
"1471","BA","1000","2","0.1","50","0.1","0.5","1","platform","targeted","70","5","95","95","18.9071656544364","83.82366595613622","83.82366595613622","fixed","1","1","50","2995","1","50","23255923","v2.0-design-v1.0","23.799999999999997","19.7","4.099999999999998","80.79379562043796","true","31.601999999999997","15.658","50","76.2","197","500","762","829","189","67","9","92","21","9450","3542","842","4354","712","101","5196","18.9","0","50","1000","1997","3.994","69","5.174431247851174","0","43.3","3.596969696969697","10","700","189"
"1473","BA","1000","2","0.1","50","0.1","0.5","1","platform","targeted","70","5","95","95","18.9071656544364","83.82366595613622","83.82366595613622","fixed","1","1","50","2995","3","50","23255925","v2.0-design-v1.0","22.89999999999999","18.2","4.699999999999992","78.78859297666745","true","31.998000000000005","16.914","50","77.10000000000001","182","500","771","846","189","75","11","79","24","9450","3343","900","4534","673","90","5434","18.9","0","50","1000","1997","3.994","83","5.524353580508984","0","48","3.5494949494949495","10","700","189"
"1472","BA","1000","2","0.1","50","0.1","0.5","1","platform","targeted","70","5","95","95","18.9071656544364","83.82366595613622","83.82366595613622","fixed","1","1","50","2995","2","50","23255924","v2.0-design-v1.0","22.799999999999997","19","3.799999999999997","81.13636363636364","true","31.318","15.854","50","77.2","190","500","772","849","189","77","7","91","14","9450","3570","830","4342","708","98","5172","18.9","0","50","1000","1997","3.994","79","5.390085065842366","0","46.4","3.5656565656565657","10","700","189"
"1474","BA","1000","2","0.1","50","0.1","0.5","1","platform","targeted","70","5","95","95","18.9071656544364","83.82366595613622","83.82366595613622","fixed","1","1","50","2995","4","50","23255926","v2.0-design-v1.0","23.5","18.4","5.100000000000001","79.35185185185185","true","31.814000000000007","16.668","50","76.5","184","500","765","840","189","75","23","82","9","9450","3428","892","4483","647","105","5375","18.9","0","50","1000","1997","3.994","70","5.205099139983501","0","44.2","3.587878787878788","10","700","189"
"1475","BA","1000","2","0.1","50","0.1","0.5","1","platform","targeted","70","5","95","95","18.9071656544364","83.82366595613622","83.82366595613622","fixed","1","1","50","2995","5","50","23255927","v2.0-design-v1.0","22.5","19","3.5","80.93376264949403","true","30.664","15.458","50","77.5","190","500","775","854","189","79","22","71","17","9450","3519","829","4425","677","93","5254","18.9","0","50","1000","1997","3.994","108","5.8144450957741265","0","48.4","3.5454545454545454","10","700","189"
"1477","BA","1000","2","0.1","50","0.1","0.5","1","platform","targeted","70","5","95","95","18.9071656544364","83.82366595613622","83.82366595613622","fixed","1","1","50","2995","7","50","23255929","v2.0-design-v1.0","24","18.2","5.800000000000001","78.91904539073468","true","32.44799999999999","17.667999999999996","50","76","182","500","760","822","189","62","18","89","20","9450","3373","901","4526","650","107","5427","18.9","0","50","1000","1997","3.994","112","5.6088700665484605","0","45.4","3.5757575757575757","10","700","189"
"1476","BA","1000","2","0.1","50","0.1","0.5","1","platform","targeted","70","5","95","95","18.9071656544364","83.82366595613622","83.82366595613622","fixed","1","1","50","2995","6","50","23255928","v2.0-design-v1.0","22.200000000000003","19.900000000000002","2.3000000000000007","81.25283704039946","true","31.428","15.890000000000002","50","77.8","199","500","778","852","189","74","18","80","17","9450","3580","826","4314","730","98","5140","18.9","0","50","1000","1997","3.994","88","5.49164111374023","0","46.1","3.5686868686868687","10","700","189"
"1479","BA","1000","2","0.1","50","0.1","0.5","1","platform","targeted","70","5","95","95","18.9071656544364","83.82366595613622","83.82366595613622","fixed","1","1","50","2995","9","50","23255931","v2.0-design-v1.0","23.799999999999997","19.900000000000002","3.899999999999995","79.84618864510293","true","32.35200000000001","16.674","50","76.2","199","500","762","847","189","85","21","65","18","9450","3530","891","4324","705","86","5215","18.9","0","50","1000","1997","3.994","54","4.607514860875989","0","36.6","3.6646464646464647","10","700","189"
"1478","BA","1000","2","0.1","50","0.1","0.5","1","platform","targeted","70","5","95","95","18.9071656544364","83.82366595613622","83.82366595613622","fixed","1","1","50","2995","8","50","23255930","v2.0-design-v1.0","24.299999999999997","20.7","3.599999999999998","80.57259713701431","true","32.407999999999994","15.835999999999999","50","75.7","207","500","757","827","189","70","16","91","12","9450","3546","855","4357","692","107","5212","18.9","0","50","1000","1997","3.994","85","5.3466391827530755","0","45.6","3.573737373737374","10","700","189"
"1481","BA","1000","2","0.1","50","0.1","0.5","1","platform","targeted","70","5","95","95","18.9071656544364","83.82366595613622","83.82366595613622","fixed","1","1","50","2995","11","50","23255933","v2.0-design-v1.0","24.299999999999997","19.2","5.099999999999998","80.82479030754894","true","32.56199999999999","17.121999999999996","50","75.7","192","500","757","830","189","73","12","89","15","9450","3469","823","4510","648","101","5333","18.9","0","50","1000","1997","3.994","77","4.954039413095785","0","42.4","3.606060606060606","10","700","189"
"1480","BA","1000","2","0.1","50","0.1","0.5","1","platform","targeted","70","5","95","95","18.9071656544364","83.82366595613622","83.82366595613622","fixed","1","1","50","2995","10","50","23255932","v2.0-design-v1.0","23.400000000000006","18.7","4.700000000000006","81.45512967638282","true","31.750000000000004","16.824","50","76.6","187","500","766","844","189","78","14","85","12","9450","3549","808","4372","721","99","5180","18.9","0","50","1000","1997","3.994","94","5.384324930291156","0","43.2","3.597979797979798","10","700","189"
"1483","BA","1000","2","0.1","50","0.1","0.5","1","platform","targeted","70","5","95","95","18.9071656544364","83.82366595613622","83.82366595613622","fixed","1","1","50","2995","13","50","23255935","v2.0-design-v1.0","23.599999999999994","19.1","4.499999999999993","80.92795523432036","true","30.87800000000001","15.239999999999998","50","76.4","191","500","764","845","189","81","18","76","14","9450","3471","818","4479","682","94","5297","18.9","0","50","1000","1997","3.994","81","5.2691296935763186","0","44","3.5898989898989897","10","700","189"
"1482","BA","1000","2","0.1","50","0.1","0.5","1","platform","targeted","70","5","95","95","18.9071656544364","83.82366595613622","83.82366595613622","fixed","1","1","50","2995","12","50","23255934","v2.0-design-v1.0","23.5","20.3","3.1999999999999993","80.92075125973432","true","32.166","16.242000000000004","50","76.5","203","500","765","837","189","72","10","88","19","9450","3533","833","4384","700","98","5217","18.9","0","50","1000","1997","3.994","77","5.129159021932558","0","43.9","3.590909090909091","10","700","189"
"1484","BA","1000","2","0.1","50","0.1","0.5","1","platform","targeted","70","5","95","95","18.9071656544364","83.82366595613622","83.82366595613622","fixed","1","1","50","2995","14","50","23255936","v2.0-design-v1.0","23.599999999999994","19.7","3.899999999999995","81.099976695409","true","32.367999999999995","16.768","50","76.4","197","500","764","833","189","69","15","84","21","9450","3480","811","4444","715","99","5255","18.9","0","50","1000","1997","3.994","64","5.217008834684975","0","44.5","3.584848484848485","10","700","189"
"1485","BA","1000","2","0.1","50","0.1","0.5","1","platform","targeted","70","5","95","95","18.9071656544364","83.82366595613622","83.82366595613622","fixed","1","1","50","2995","15","50","23255937","v2.0-design-v1.0","24.200000000000003","18.4","5.800000000000004","78.53080568720378","true","32.43400000000001","17.2","50","75.8","184","500","758","836","189","78","14","80","17","9450","3314","906","4596","634","94","5502","18.9","0","50","1000","1997","3.994","71","5.27918874769919","0","45.4","3.5757575757575757","10","700","189"
"1487","BA","1000","2","0.1","50","0.1","0.5","1","platform","targeted","70","5","95","95","18.9071656544364","83.82366595613622","83.82366595613622","fixed","1","1","50","2995","17","50","23255939","v2.0-design-v1.0","24.700000000000003","18.4","6.300000000000004","80.64666201442195","true","32.559999999999995","18.268000000000008","50","75.3","184","500","753","833","189","80","11","87","11","9450","3467","832","4476","675","98","5308","18.9","0","50","1000","1997","3.994","54","4.831905556952783","0","39.9","3.6313131313131315","10","700","189"
"1486","BA","1000","2","0.1","50","0.1","0.5","1","platform","targeted","70","5","95","95","18.9071656544364","83.82366595613622","83.82366595613622","fixed","1","1","50","2995","16","50","23255938","v2.0-design-v1.0","25.5","19.6","5.899999999999999","79.20745920745921","true","31.943999999999996","16.400000000000006","50","74.5","196","500","745","814","189","69","21","87","12","9450","3398","892","4529","631","108","5421","18.9","0","50","1000","1997","3.994","60","4.964736912728863","0","43.7","3.592929292929293","10","700","189"
"1489","BA","1000","2","0.1","50","0.1","0.5","1","platform","targeted","70","5","95","95","18.9071656544364","83.82366595613622","83.82366595613622","fixed","1","1","50","2995","19","50","23255941","v2.0-design-v1.0","24.599999999999994","18.8","5.799999999999994","79.46910970166783","true","32.348","16.98599999999999","50","75.4","188","500","754","837","189","83","16","81","9","9450","3383","874","4540","653","97","5414","18.9","0","50","1000","1997","3.994","67","4.825686609307651","0","38.4","3.6464646464646466","10","700","189"
"1488","BA","1000","2","0.1","50","0.1","0.5","1","platform","targeted","70","5","95","95","18.9071656544364","83.82366595613622","83.82366595613622","fixed","1","1","50","2995","18","50","23255940","v2.0-design-v1.0","27.10000000000001","19.900000000000002","7.200000000000006","80.84526244035446","true","36.663999999999994","21.086000000000002","50","72.89999999999999","199","500","729","810","189","81","19","74","15","9450","3558","843","4413","636","93","5256","18.9","0","50","1000","1997","3.994","76","5.378558625960378","0","45.8","3.5717171717171716","10","700","189"
"1490","BA","1000","2","0.1","50","0.1","0.5","1","platform","targeted","70","5","95","95","18.9071656544364","83.82366595613622","83.82366595613622","fixed","1","1","50","2995","20","50","23255942","v2.0-design-v1.0","23.5","18.3","5.199999999999999","79.83758700696055","true","30.848000000000003","16.188000000000002","50","76.5","183","500","765","831","189","66","24","90","9","9450","3441","869","4490","650","114","5359","18.9","0","50","1000","1997","3.994","82","5.69828346385421","0","49.1","3.5383838383838384","10","700","189"
"1491","BA","1000","2","0.1","50","0.1","0.5","1","platform","targeted","70","5","95","95","18.9071656544364","83.82366595613622","83.82366595613622","fixed","1","1","50","2995","21","50","23255943","v2.0-design-v1.0","23.099999999999994","18.9","4.199999999999996","80.80304110239962","true","31.470000000000006","16.630000000000003","50","76.9","189","500","769","831","189","62","17","95","15","9450","3401","808","4592","649","112","5400","18.9","0","50","1000","1997","3.994","116","6.023640780146878","0","49.1","3.5383838383838384","10","700","189"
"1492","BA","1000","2","0.1","50","0.1","0.5","1","platform","targeted","70","5","95","95","18.9071656544364","83.82366595613622","83.82366595613622","fixed","1","1","50","2995","22","50","23255944","v2.0-design-v1.0","22.5","19.1","3.3999999999999986","81.33860097606322","true","32.385999999999996","17.003999999999998","50","77.5","191","500","775","844","189","69","13","85","22","9450","3500","803","4462","685","98","5265","18.9","0","50","1000","1997","3.994","93","5.292634124514544","0","42.5","3.605050505050505","10","700","189"
"1493","BA","1000","2","0.1","50","0.1","0.5","1","platform","targeted","70","5","95","95","18.9071656544364","83.82366595613622","83.82366595613622","fixed","1","1","50","2995","23","50","23255945","v2.0-design-v1.0","25.400000000000006","18.8","6.600000000000005","80.3521779425394","true","33.642","18.506000000000004","50","74.6","188","500","746","823","189","77","19","83","10","9450","3468","848","4487","647","102","5335","18.9","0","50","1000","1997","3.994","75","5.184480961759118","0","41.1","3.6191919191919193","10","700","189"
"1494","BA","1000","2","0.1","50","0.1","0.5","1","platform","targeted","70","5","95","95","18.9071656544364","83.82366595613622","83.82366595613622","fixed","1","1","50","2995","24","50","23255946","v2.0-design-v1.0","23","19.2","3.8000000000000007","78.82245549977179","true","32.23999999999999","16.917999999999996","50","77","192","500","770","836","189","66","17","87","19","9450","3454","928","4395","673","104","5323","18.9","0","50","1000","1997","3.994","82","5.258670708232029","0","41.7","3.613131313131313","10","700","189"
"1495","BA","1000","2","0.1","50","0.1","0.5","1","platform","targeted","70","5","95","95","18.9071656544364","83.82366595613622","83.82366595613622","fixed","1","1","50","2995","25","50","23255947","v2.0-design-v1.0","25.5","19.1","6.399999999999999","78.69780608634112","true","33.464","17.777999999999995","50","74.5","191","500","745","817","189","72","21","87","9","9450","3336","903","4566","645","108","5469","18.9","0","50","1000","1997","3.994","103","5.76933698523922","0","48.7","3.5424242424242425","10","700","189"
"1496","BA","1000","2","0.1","50","0.1","0.5","1","platform","targeted","70","5","95","95","18.9071656544364","83.82366595613622","83.82366595613622","fixed","1","1","50","2995","26","50","23255948","v2.0-design-v1.0","25.400000000000006","18.7","6.700000000000006","80.98173515981735","true","32.86600000000001","17.927999999999994","50","74.6","187","500","746","820","189","74","21","81","13","9450","3547","833","4411","659","102","5244","18.9","0","50","1000","1997","3.994","75","5.152719137942064","0","42.9","3.601010101010101","10","700","189"
"1497","BA","1000","2","0.1","50","0.1","0.5","1","platform","targeted","70","5","95","95","18.9071656544364","83.82366595613622","83.82366595613622","fixed","1","1","50","2995","27","50","23255949","v2.0-design-v1.0","24.400000000000006","19.6","4.800000000000004","80.23523985239852","true","32.912","17.593999999999998","50","75.6","196","500","756","830","189","74","13","88","14","9450","3479","857","4464","650","101","5321","18.9","0","50","1000","1997","3.994","110","5.391941861429602","0","41.5","3.6151515151515152","10","700","189"
"1498","BA","1000","2","0.1","50","0.1","0.5","1","platform","targeted","70","5","95","95","18.9071656544364","83.82366595613622","83.82366595613622","fixed","1","1","50","2995","28","50","23255950","v2.0-design-v1.0","23.599999999999994","19.5","4.099999999999994","80.67950169875425","true","31.922000000000008","16.335999999999995","50","76.4","195","500","764","842","189","78","15","82","14","9450","3562","853","4332","703","97","5185","18.9","0","50","1000","1997","3.994","75","5.017084326093697","0","39.3","3.6373737373737374","10","700","189"
"1499","BA","1000","2","0.1","50","0.1","0.5","1","platform","targeted","70","5","95","95","18.9071656544364","83.82366595613622","83.82366595613622","fixed","1","1","50","2995","29","50","23255951","v2.0-design-v1.0","24.200000000000003","19.7","4.5000000000000036","80.26556776556777","true","32.81399999999999","17.221999999999994","50","75.8","197","500","758","843","189","85","16","75","13","9450","3506","862","4394","688","91","5256","18.9","0","50","1000","1997","3.994","107","5.64001540545535","0","45.2","3.577777777777778","10","700","189"
"1500","BA","1000","2","0.1","50","0.1","0.5","1","platform","targeted","70","5","95","95","18.9071656544364","83.82366595613622","83.82366595613622","fixed","1","1","50","2995","30","50","23255952","v2.0-design-v1.0","24.099999999999994","20.200000000000003","3.8999999999999915","81.61648177496038","true","31.826000000000004","16.414","50","75.9","202","500","759","842","189","83","18","76","12","9450","3605","812","4372","661","94","5184","18.9","0","50","1000","1997","3.994","72","5.26703955801602","0","45.6","3.573737373737374","10","700","189"
