"BehaviorSpace results (NetLogo 6.4.0)","Table version 2.0"
"/Users/linjingyu/Downloads/ABM_revision_v2.0/model/ABM_revision_v2.0.nlogo"
"p4_012_20260922T093527159039Z"
"09/22/2026 17:35:43:979 +0800"
"min-pxcor","max-pxcor","min-pycor","max-pycor"
"-16","16","-16","16"
"[run number]","network-type","num-nodes","ba-m","ws-rewire-prob","p0","beta0","amplification","super-ratio","treatment","targeting-mode","legal-strength","legal-response-time","legal-tpr","legal-tnr","platform-speed","platform-tpr","platform-tnr","platform-workload-mode","demand-kappa","lambda-weight","max-ticks","condition-id","replicate-id","[step]","run-seed","model-version","effectiveness","over-removal-rate","net-effectiveness","removal-precision","precision-defined?","mean-effectiveness","mean-net-effectiveness","observation-count","current-pollution-rate","count-wrongly-removed","initial-polluted-count","pollution-count","polluted-pre-review","step-reviews","step-tp","step-fp","step-tn","step-fn","cumulative-reviews","cumulative-tp","cumulative-fp","cumulative-tn","cumulative-fn","step-clean-reviews","cumulative-clean-reviews","actual-review-coverage","legal-action-opportunities","active-review-steps","network-node-count","network-edge-count","mean-degree","max-degree","degree-sd","count-isolates","mean-super-degree","mean-ordinary-degree","count-super-spreaders","legal-load","audit-load"
"1","BA","1000","2","0.1","30","0.1","0.5","1","legal","targeted","94.24514703357342","13","81.94735845481914","81.94735845481914","75","80","80","fixed","1","1","50","746","1","50","21006923","v2.0-design-v1.0","15.100000000000009","14.899999999999999","0.20000000000000995","93.86169386169387","true","43.006","30.056000000000004","50","84.89999999999999","149","300","849","849","0","0","0","0","0","3768","2416","158","663","531","0","821","0","4","4","1000","1997","3.994","53","4.458008281490486","0","37.1","3.6595959595959595","10","942","750"
"2","BA","1000","2","0.1","30","0.1","0.5","1","legal","targeted","94.24514703357342","13","81.94735845481914","81.94735845481914","75","80","80","fixed","1","1","50","746","2","50","21006924","v2.0-design-v1.0","11.700000000000003","15","-3.299999999999997","94.01642549863121","true","41.346","28.270000000000014","50","88.3","150","300","883","883","0","0","0","0","0","3768","2404","153","648","563","0","801","0","4","4","1000","1997","3.994","121","6.006333327417023","0","48.1","3.5484848484848484","10","942","750"
"3","BA","1000","2","0.1","30","0.1","0.5","1","legal","targeted","94.24514703357342","13","81.94735845481914","81.94735845481914","75","80","80","fixed","1","1","50","746","3","50","21006925","v2.0-design-v1.0","14.099999999999994","15.299999999999999","-1.2000000000000046","93.75","true","44.289999999999985","30.784000000000006","50","85.9","153","300","859","859","0","0","0","0","0","3768","2385","159","723","501","0","882","0","4","4","1000","1997","3.994","73","5.136959446243688","0","43","3.6","10","942","750"
"4","BA","1000","2","0.1","30","0.1","0.5","1","legal","targeted","94.24514703357342","13","81.94735845481914","81.94735845481914","75","80","80","fixed","1","1","50","746","4","50","21006926","v2.0-design-v1.0","12.5","17","-4.5","92.990099009901","true","42.18000000000001","27.39","50","87.5","170","300","875","875","0","0","0","0","0","3768","2348","177","693","550","0","870","0","4","4","1000","1997","3.994","102","5.516375113640687","0","45.1","3.5787878787878786","10","942","750"
"5","BA","1000","2","0.1","30","0.1","0.5","1","legal","targeted","94.24514703357342","13","81.94735845481914","81.94735845481914","75","80","80","fixed","1","1","50","746","5","50","21006927","v2.0-design-v1.0","13.700000000000003","15.6","-1.8999999999999968","93.42001576044129","true","43.428000000000004","29.752","50","86.3","156","300","863","863","0","0","0","0","0","3768","2371","167","703","527","0","870","0","4","4","1000","1997","3.994","84","5.338957620029244","0","47.3","3.5565656565656565","10","942","750"
"6","BA","1000","2","0.1","30","0.1","0.5","1","legal","targeted","94.24514703357342","13","81.94735845481914","81.94735845481914","75","80","80","fixed","1","1","50","746","6","50","21006928","v2.0-design-v1.0","13.200000000000003","16.7","-3.4999999999999964","93.4190031152648","true","42.41","27.53000000000001","50","86.8","167","300","868","868","0","0","0","0","0","3768","2399","169","671","529","0","840","0","4","4","1000","1997","3.994","108","5.680160933303579","0","45.5","3.5747474747474746","10","942","750"
"7","BA","1000","2","0.1","30","0.1","0.5","1","legal","targeted","94.24514703357342","13","81.94735845481914","81.94735845481914","75","80","80","fixed","1","1","50","746","7","50","21006929","v2.0-design-v1.0","16.299999999999997","13.100000000000001","3.1999999999999957","94.61054287962234","true","43.482","31.941999999999993","50","83.7","131","300","837","837","0","0","0","0","0","3768","2405","137","706","520","0","843","0","4","4","1000","1997","3.994","52","4.589883553101422","0","37.8","3.6525252525252525","10","942","750"
"8","BA","1000","2","0.1","30","0.1","0.5","1","legal","targeted","94.24514703357342","13","81.94735845481914","81.94735845481914","75","80","80","fixed","1","1","50","746","8","50","21006930","v2.0-design-v1.0","14.600000000000009","13","1.6000000000000085","94.74723538704582","true","42.58200000000001","31.194000000000006","50","85.39999999999999","130","300","854","854","0","0","0","0","0","3768","2399","133","713","523","0","846","0","4","4","1000","1997","3.994","84","5.349633873694765","0","44.1","3.588888888888889","10","942","750"
"9","BA","1000","2","0.1","30","0.1","0.5","1","legal","targeted","94.24514703357342","13","81.94735845481914","81.94735845481914","75","80","80","fixed","1","1","50","746","9","50","21006931","v2.0-design-v1.0","12.799999999999997","15.2","-2.400000000000002","93.86454183266932","true","43.01599999999999","30.38999999999999","50","87.2","152","300","872","872","0","0","0","0","0","3768","2356","154","728","530","0","882","0","4","4","1000","1997","3.994","73","4.9368346474574425","0","40","3.6303030303030304","10","942","750"
"10","BA","1000","2","0.1","30","0.1","0.5","1","legal","targeted","94.24514703357342","13","81.94735845481914","81.94735845481914","75","80","80","fixed","1","1","50","746","10","50","21006932","v2.0-design-v1.0","14.299999999999997","15.299999999999999","-1.0000000000000018","93.7402799377916","true","46.353999999999985","33.212","50","85.7","153","300","857","857","0","0","0","0","0","3768","2411","161","722","474","0","883","0","4","4","1000","1997","3.994","84","4.871107850550182","0","37.4","3.6565656565656566","10","942","750"
"12","BA","1000","2","0.1","30","0.1","0.5","1","legal","targeted","94.24514703357342","13","81.94735845481914","81.94735845481914","75","80","80","fixed","1","1","50","746","12","50","21006934","v2.0-design-v1.0","12.099999999999994","13.700000000000001","-1.6000000000000068","94.30154333201425","true","41.767999999999994","29.550000000000015","50","87.9","137","300","879","879","0","0","0","0","0","3768","2383","144","671","570","0","815","0","4","4","1000","1997","3.994","83","5.2897963992904184","0","44.3","3.5868686868686868","10","942","750"
"11","BA","1000","2","0.1","30","0.1","0.5","1","legal","targeted","94.24514703357342","13","81.94735845481914","81.94735845481914","75","80","80","fixed","1","1","50","746","11","50","21006933","v2.0-design-v1.0","14.799999999999997","14.6","0.1999999999999975","93.90581717451524","true","41.75000000000001","29.438000000000002","50","85.2","146","300","852","852","0","0","0","0","0","3768","2373","154","697","544","0","851","0","4","4","1000","1997","3.994","92","5.485440187811182","0","46.7","3.562626262626263","10","942","750"
"13","BA","1000","2","0.1","30","0.1","0.5","1","legal","targeted","94.24514703357342","13","81.94735845481914","81.94735845481914","75","80","80","fixed","1","1","50","746","13","50","21006935","v2.0-design-v1.0","14","14.899999999999999","-0.8999999999999986","93.87995292271479","true","43.81399999999999","31.123999999999995","50","86","149","300","860","860","0","0","0","0","0","3768","2393","156","686","533","0","842","0","4","4","1000","1997","3.994","85","5.239409834648871","0","42.1","3.609090909090909","10","942","750"
"14","BA","1000","2","0.1","30","0.1","0.5","1","legal","targeted","94.24514703357342","13","81.94735845481914","81.94735845481914","75","80","80","fixed","1","1","50","746","14","50","21006936","v2.0-design-v1.0","13.799999999999997","16.3","-2.5000000000000036","93.36163643380934","true","42.12799999999999","27.77800000000001","50","86.2","163","300","862","862","0","0","0","0","0","3768","2419","172","634","543","0","806","0","4","4","1000","1997","3.994","100","5.700917861578466","0","46.1","3.5686868686868687","10","942","750"
"15","BA","1000","2","0.1","30","0.1","0.5","1","legal","targeted","94.24514703357342","13","81.94735845481914","81.94735845481914","75","80","80","fixed","1","1","50","746","15","50","21006937","v2.0-design-v1.0","14.5","14.499999999999998","1.7763568394002505E-15","94.01775376302585","true","43.36800000000001","30.350000000000005","50","85.5","145","300","855","855","0","0","0","0","0","3768","2436","155","665","512","0","820","0","4","4","1000","1997","3.994","82","5.507112881745953","0","48.6","3.5434343434343436","10","942","750"
"16","BA","1000","2","0.1","30","0.1","0.5","1","legal","targeted","94.24514703357342","13","81.94735845481914","81.94735845481914","75","80","80","fixed","1","1","50","746","16","50","21006938","v2.0-design-v1.0","15.799999999999997","14.799999999999999","0.9999999999999982","94.03508771929825","true","43.959999999999994","31.317999999999998","50","84.2","148","300","842","842","0","0","0","0","0","3768","2412","153","699","504","0","852","0","4","4","1000","1997","3.994","61","5.014889142654404","0","42.7","3.603030303030303","10","942","750"
"17","BA","1000","2","0.1","30","0.1","0.5","1","legal","targeted","94.24514703357342","13","81.94735845481914","81.94735845481914","75","80","80","fixed","1","1","50","746","17","50","21006939","v2.0-design-v1.0","11.900000000000006","16.6","-4.699999999999996","93.21766561514195","true","42.31199999999999","27.921999999999993","50","88.1","166","300","881","881","0","0","0","0","0","3768","2364","172","678","554","0","850","0","4","4","1000","1997","3.994","93","5.388413402755851","0","45","3.5797979797979798","10","942","750"
"18","BA","1000","2","0.1","30","0.1","0.5","1","legal","targeted","94.24514703357342","13","81.94735845481914","81.94735845481914","75","80","80","fixed","1","1","50","746","18","50","21006940","v2.0-design-v1.0","20","13.900000000000002","6.099999999999998","94.22396856581531","true","46.27200000000002","33.93200000000001","50","80","139","300","800","800","0","0","0","0","0","3768","2398","147","736","487","0","883","0","4","4","1000","1997","3.994","106","5.184480961759121","0","40.1","3.6292929292929292","10","942","750"
"19","BA","1000","2","0.1","30","0.1","0.5","1","legal","targeted","94.24514703357342","13","81.94735845481914","81.94735845481914","75","80","80","fixed","1","1","50","746","19","50","21006941","v2.0-design-v1.0","14.600000000000009","14.399999999999999","0.20000000000000995","94.0991345397325","true","42.79","30.261999999999997","50","85.39999999999999","144","300","854","854","0","0","0","0","0","3768","2392","150","709","517","0","859","0","4","4","1000","1997","3.994","55","4.7988532997991165","0","39.4","3.6363636363636362","10","942","750"
"20","BA","1000","2","0.1","30","0.1","0.5","1","legal","targeted","94.24514703357342","13","81.94735845481914","81.94735845481914","75","80","80","fixed","1","1","50","746","20","50","21006942","v2.0-design-v1.0","13.599999999999994","13.8","-0.2000000000000064","94.44015444015444","true","40.23","28.068","50","86.4","138","300","864","864","0","0","0","0","0","3768","2446","144","641","537","0","785","0","4","4","1000","1997","3.994","81","5.271978542991017","0","44.2","3.587878787878788","10","942","750"
"21","BA","1000","2","0.1","30","0.1","0.5","1","legal","targeted","94.24514703357342","13","81.94735845481914","81.94735845481914","75","80","80","fixed","1","1","50","746","21","50","21006943","v2.0-design-v1.0","14.200000000000003","17","-2.799999999999997","93.34107626790554","true","42.157999999999994","27.498000000000005","50","85.8","170","300","858","858","0","0","0","0","0","3768","2411","172","659","526","0","831","0","4","4","1000","1997","3.994","98","5.122519321994223","0","38.9","3.6414141414141414","10","942","750"
"22","BA","1000","2","0.1","30","0.1","0.5","1","legal","targeted","94.24514703357342","13","81.94735845481914","81.94735845481914","75","80","80","fixed","1","1","50","746","22","50","21006944","v2.0-design-v1.0","14.600000000000009","14.399999999999999","0.20000000000000995","94.2051683633516","true","42.48999999999999","29.728000000000005","50","85.39999999999999","144","300","854","854","0","0","0","0","0","3768","2406","148","668","546","0","816","0","4","4","1000","1997","3.994","77","5.255433719835453","0","44.3","3.5868686868686868","10","942","750"
"23","BA","1000","2","0.1","30","0.1","0.5","1","legal","targeted","94.24514703357342","13","81.94735845481914","81.94735845481914","75","80","80","fixed","1","1","50","746","23","50","21006945","v2.0-design-v1.0","15.100000000000009","13.8","1.3000000000000078","94.29672447013488","true","43.64","31.50399999999999","50","84.89999999999999","138","300","849","849","0","0","0","0","0","3768","2447","148","658","515","0","806","0","4","4","1000","1997","3.994","77","5.052870025588964","0","41.8","3.6121212121212123","10","942","750"
"24","BA","1000","2","0.1","30","0.1","0.5","1","legal","targeted","94.24514703357342","13","81.94735845481914","81.94735845481914","75","80","80","fixed","1","1","50","746","24","50","21006946","v2.0-design-v1.0","16","14.899999999999999","1.1000000000000014","93.89342668222481","true","44.313999999999986","30.973999999999993","50","84","149","300","840","840","0","0","0","0","0","3768","2414","157","697","500","0","854","0","4","4","1000","1997","3.994","100","5.33389298865419","0","45","3.5797979797979798","10","942","750"
"25","BA","1000","2","0.1","30","0.1","0.5","1","legal","targeted","94.24514703357342","13","81.94735845481914","81.94735845481914","75","80","80","fixed","1","1","50","746","25","50","21006947","v2.0-design-v1.0","13.5","14.499999999999998","-0.9999999999999982","94.13375048885413","true","42.38399999999999","29.704","50","86.5","145","300","865","865","0","0","0","0","0","3768","2407","150","679","532","0","829","0","4","4","1000","1997","3.994","79","5.187376299524914","0","45","3.5797979797979798","10","942","750"
"26","BA","1000","2","0.1","30","0.1","0.5","1","legal","targeted","94.24514703357342","13","81.94735845481914","81.94735845481914","75","80","80","fixed","1","1","50","746","26","50","21006948","v2.0-design-v1.0","15.100000000000009","15.6","-0.4999999999999911","93.84732244587923","true","42.72399999999999","28.892000000000003","50","84.89999999999999","156","300","849","849","0","0","0","0","0","3768","2471","162","648","487","0","810","0","4","4","1000","1997","3.994","98","5.468625958124194","0","45.9","3.5707070707070705","10","942","750"
"27","BA","1000","2","0.1","30","0.1","0.5","1","legal","targeted","94.24514703357342","13","81.94735845481914","81.94735845481914","75","80","80","fixed","1","1","50","746","27","50","21006949","v2.0-design-v1.0","15.400000000000006","14.000000000000002","1.400000000000004","94.42277691107644","true","42.777999999999984","30.598000000000006","50","84.6","140","300","846","846","0","0","0","0","0","3768","2421","143","684","520","0","827","0","4","4","1000","1997","3.994","98","5.271978542991015","0","43.2","3.597979797979798","10","942","750"
"28","BA","1000","2","0.1","30","0.1","0.5","1","legal","targeted","94.24514703357342","13","81.94735845481914","81.94735845481914","75","80","80","fixed","1","1","50","746","28","50","21006950","v2.0-design-v1.0","14.200000000000003","14.499999999999998","-0.2999999999999954","94.05553382870552","true","42.49799999999998","30.234","50","85.8","145","300","858","858","0","0","0","0","0","3768","2405","152","680","531","0","832","0","4","4","1000","1997","3.994","83","5.086830038426656","0","41","3.6202020202020204","10","942","750"
"29","BA","1000","2","0.1","30","0.1","0.5","1","legal","targeted","94.24514703357342","13","81.94735845481914","81.94735845481914","75","80","80","fixed","1","1","50","746","29","50","21006951","v2.0-design-v1.0","13.700000000000003","13.3","0.40000000000000213","94.38334642576591","true","44.97399999999999","33.88400000000001","50","86.3","133","300","863","863","0","0","0","0","0","3768","2403","143","728","494","0","871","0","4","4","1000","1997","3.994","79","5.003898780251548","0","38.8","3.6424242424242426","10","942","750"
"30","BA","1000","2","0.1","30","0.1","0.5","1","legal","targeted","94.24514703357342","13","81.94735845481914","81.94735845481914","75","80","80","fixed","1","1","50","746","30","50","21006952","v2.0-design-v1.0","12.799999999999997","12.2","0.5999999999999979","94.97386409328509","true","42.37799999999999","31.738000000000007","50","87.2","122","300","872","872","0","0","0","0","0","3768","2362","125","712","569","0","837","0","4","4","1000","1997","3.994","99","5.5326824031905595","0","46.8","3.5616161616161617","10","942","750"
"31","BA","1000","2","0.1","30","0.1","0.5","1","legal","targeted","89.52437962664703","15","92.45813175239067","92.45813175239067","75","80","80","fixed","1","1","50","747","1","50","21007923","v2.0-design-v1.0","56.8","5.2","51.599999999999994","98.05024371953506","true","45.928000000000004","41.59799999999999","50","43.2","52","300","432","432","0","0","0","0","0","3580","2615","52","687","226","0","739","0","4","4","1000","1997","3.994","81","4.970580516465915","0","40.4","3.6262626262626263","10","895","750"
"32","BA","1000","2","0.1","30","0.1","0.5","1","legal","targeted","89.52437962664703","15","92.45813175239067","92.45813175239067","75","80","80","fixed","1","1","50","747","2","50","21007924","v2.0-design-v1.0","58.6","5.4","53.2","97.94392523364486","true","45.993999999999986","41.284000000000006","50","41.4","54","300","414","414","0","0","0","0","0","3580","2620","55","689","216","0","744","0","4","4","1000","1997","3.994","113","5.534853078320916","0","43.5","3.594949494949495","10","895","750"
"33","BA","1000","2","0.1","30","0.1","0.5","1","legal","targeted","89.52437962664703","15","92.45813175239067","92.45813175239067","75","80","80","fixed","1","1","50","747","3","50","21007925","v2.0-design-v1.0","53.699999999999996","5","48.699999999999996","98.08414725770098","true","45.058","40.867999999999995","50","46.300000000000004","50","300","463","463","0","0","0","0","0","3580","2611","51","676","242","0","727","0","4","4","1000","1997","3.994","103","5.750916191098333","0","46","3.56969696969697","10","895","750"
"34","BA","1000","2","0.1","30","0.1","0.5","1","legal","targeted","89.52437962664703","15","92.45813175239067","92.45813175239067","75","80","80","fixed","1","1","50","747","4","50","21007926","v2.0-design-v1.0","57.300000000000004","4.7","52.6","98.19887429643526","true","46.837999999999994","42.88799999999999","50","42.699999999999996","47","300","427","427","0","0","0","0","0","3580","2617","48","698","217","0","746","0","4","4","1000","1997","3.994","107","5.529424792737346","0","44.5","3.584848484848485","10","895","750"
"36","BA","1000","2","0.1","30","0.1","0.5","1","legal","targeted","89.52437962664703","15","92.45813175239067","92.45813175239067","75","80","80","fixed","1","1","50","747","6","50","21007928","v2.0-design-v1.0","52.900000000000006","7.000000000000001","45.900000000000006","97.39098024599329","true","47.554","41.394000000000005","50","47.099999999999994","70","300","471","471","0","0","0","0","0","3580","2613","70","680","217","0","750","0","4","4","1000","1997","3.994","87","4.831076826474946","0","38.3","3.6474747474747473","10","895","750"
"37","BA","1000","2","0.1","30","0.1","0.5","1","legal","targeted","89.52437962664703","15","92.45813175239067","92.45813175239067","75","80","80","fixed","1","1","50","747","7","50","21007929","v2.0-design-v1.0","56.5","6","50.5","97.70200148257969","true","46.19600000000001","40.64600000000001","50","43.5","60","300","435","435","0","0","0","0","0","3580","2636","62","672","210","0","734","0","4","4","1000","1997","3.994","102","5.972070799113983","0","49.1","3.5383838383838384","10","895","750"
"35","BA","1000","2","0.1","30","0.1","0.5","1","legal","targeted","89.52437962664703","15","92.45813175239067","92.45813175239067","75","80","80","fixed","1","1","50","747","5","50","21007927","v2.0-design-v1.0","53.699999999999996","5.3","48.4","97.96447076239822","true","47.15800000000001","42.36800000000001","50","46.300000000000004","53","300","463","463","0","0","0","0","0","3580","2647","55","677","201","0","732","0","4","4","1000","1997","3.994","78","4.895500988655791","0","39.5","3.6353535353535356","10","895","750"
"38","BA","1000","2","0.1","30","0.1","0.5","1","legal","targeted","89.52437962664703","15","92.45813175239067","92.45813175239067","75","80","80","fixed","1","1","50","747","8","50","21007930","v2.0-design-v1.0","53.1","4.3","48.800000000000004","98.38406614054867","true","46.76400000000002","43.004","50","46.9","43","300","469","469","0","0","0","0","0","3580","2618","43","734","185","0","777","0","4","4","1000","1997","3.994","95","5.965362482661872","0","49.5","3.5343434343434343","10","895","750"
"39","BA","1000","2","0.1","30","0.1","0.5","1","legal","targeted","89.52437962664703","15","92.45813175239067","92.45813175239067","75","80","80","fixed","1","1","50","747","9","50","21007931","v2.0-design-v1.0","57.7","5.6000000000000005","52.1","97.84824462061155","true","49.19799999999999","44.55799999999999","50","42.3","56","300","423","423","0","0","0","0","0","3580","2592","57","712","219","0","769","0","4","4","1000","1997","3.994","83","4.8809617687283415","0","38.4","3.6464646464646466","10","895","750"
"41","BA","1000","2","0.1","30","0.1","0.5","1","legal","targeted","89.52437962664703","15","92.45813175239067","92.45813175239067","75","80","80","fixed","1","1","50","747","11","50","21007933","v2.0-design-v1.0","58.7","5.800000000000001","52.900000000000006","97.82445611402851","true","46.621999999999986","41.602","50","41.3","58","300","413","413","0","0","0","0","0","3580","2608","58","682","232","0","740","0","4","4","1000","1997","3.994","63","4.881166847157524","0","40.9","3.621212121212121","10","895","750"
"40","BA","1000","2","0.1","30","0.1","0.5","1","legal","targeted","89.52437962664703","15","92.45813175239067","92.45813175239067","75","80","80","fixed","1","1","50","747","10","50","21007932","v2.0-design-v1.0","55.8","5.1","50.699999999999996","98.11111111111111","true","46.03000000000001","41.53000000000001","50","44.2","51","300","442","442","0","0","0","0","0","3580","2649","51","675","205","0","726","0","4","4","1000","1997","3.994","57","5.013691364763194","0","41.2","3.618181818181818","10","895","750"
"42","BA","1000","2","0.1","30","0.1","0.5","1","legal","targeted","89.52437962664703","15","92.45813175239067","92.45813175239067","75","80","80","fixed","1","1","50","747","12","50","21007934","v2.0-design-v1.0","58.900000000000006","5.3","53.60000000000001","97.90575916230367","true","46.88400000000001","42.093999999999994","50","41.099999999999994","53","300","411","411","0","0","0","0","0","3580","2618","56","696","210","0","752","0","4","4","1000","1997","3.994","62","4.849689008945152","0","41.9","3.611111111111111","10","895","750"
"44","BA","1000","2","0.1","30","0.1","0.5","1","legal","targeted","89.52437962664703","15","92.45813175239067","92.45813175239067","75","80","80","fixed","1","1","50","747","14","50","21007936","v2.0-design-v1.0","55.199999999999996","5.8999999999999995","49.3","97.8054133138259","true","44.71","39.59","50","44.800000000000004","59","300","448","448","0","0","0","0","0","3580","2674","60","634","212","0","694","0","4","4","1000","1997","3.994","82","5.456531658273193","0","46.5","3.5646464646464646","10","895","750"
"43","BA","1000","2","0.1","30","0.1","0.5","1","legal","targeted","89.52437962664703","15","92.45813175239067","92.45813175239067","75","80","80","fixed","1","1","50","747","13","50","21007935","v2.0-design-v1.0","59.300000000000004","5.6000000000000005","53.7","97.92592592592592","true","47.69","42.81","50","40.699999999999996","56","300","407","407","0","0","0","0","0","3580","2644","56","692","188","0","748","0","4","4","1000","1997","3.994","104","5.52471596432671","0","44.9","3.580808080808081","10","895","750"
"46","BA","1000","2","0.1","30","0.1","0.5","1","legal","targeted","89.52437962664703","15","92.45813175239067","92.45813175239067","75","80","80","fixed","1","1","50","747","16","50","21007938","v2.0-design-v1.0","53.4","4.7","48.699999999999996","98.2176715965112","true","47.767999999999994","43.608000000000004","50","46.6","47","300","466","466","0","0","0","0","0","3580","2590","47","705","238","0","752","0","4","4","1000","1997","3.994","81","4.948580852370944","0","39.9","3.6313131313131315","10","895","750"
"45","BA","1000","2","0.1","30","0.1","0.5","1","legal","targeted","89.52437962664703","15","92.45813175239067","92.45813175239067","75","80","80","fixed","1","1","50","747","15","50","21007937","v2.0-design-v1.0","55.4","4.3999999999999995","51","98.35759611795446","true","46.15399999999999","42.144000000000005","50","44.6","44","300","446","446","0","0","0","0","0","3580","2635","44","694","207","0","738","0","4","4","1000","1997","3.994","82","5.329011386961214","0","42.6","3.604040404040404","10","895","750"
"47","BA","1000","2","0.1","30","0.1","0.5","1","legal","targeted","89.52437962664703","15","92.45813175239067","92.45813175239067","75","80","80","fixed","1","1","50","747","17","50","21007939","v2.0-design-v1.0","56.1","4.5","51.6","98.28230022404779","true","46.174","42.544000000000004","50","43.9","45","300","439","439","0","0","0","0","0","3580","2632","46","698","204","0","744","0","4","4","1000","1997","3.994","73","5.258480352308595","0","44.7","3.5828282828282827","10","895","750"
"48","BA","1000","2","0.1","30","0.1","0.5","1","legal","targeted","89.52437962664703","15","92.45813175239067","92.45813175239067","75","80","80","fixed","1","1","50","747","18","50","21007940","v2.0-design-v1.0","58.300000000000004","4.7","53.6","98.14674735249622","true","46.69799999999999","42.44799999999999","50","41.699999999999996","47","300","417","417","0","0","0","0","0","3580","2595","49","711","225","0","760","0","4","4","1000","1997","3.994","106","5.210673192123549","0","40.9","3.621212121212121","10","895","750"
"50","BA","1000","2","0.1","30","0.1","0.5","1","legal","targeted","89.52437962664703","15","92.45813175239067","92.45813175239067","75","80","80","fixed","1","1","50","747","20","50","21007942","v2.0-design-v1.0","60.8","4.8","56","98.16616766467065","true","46.513999999999996","42.104","50","39.2","48","300","392","392","0","0","0","0","0","3580","2623","49","699","209","0","748","0","4","4","1000","1997","3.994","78","4.921807410716927","0","41.2","3.618181818181818","10","895","750"
"49","BA","1000","2","0.1","30","0.1","0.5","1","legal","targeted","89.52437962664703","15","92.45813175239067","92.45813175239067","75","80","80","fixed","1","1","50","747","19","50","21007941","v2.0-design-v1.0","54.9","6.3","48.6","97.50744047619048","true","46.09000000000002","40.42","50","45.1","63","300","451","451","0","0","0","0","0","3580","2621","67","669","223","0","736","0","4","4","1000","1997","3.994","62","4.865144770059115","0","41.4","3.6161616161616164","10","895","750"
"51","BA","1000","2","0.1","30","0.1","0.5","1","legal","targeted","89.52437962664703","15","92.45813175239067","92.45813175239067","75","80","80","fixed","1","1","50","747","21","50","21007943","v2.0-design-v1.0","62.9","5.8999999999999995","57","97.79573842762674","true","47.942","42.67199999999999","50","37.1","59","300","371","371","0","0","0","0","0","3580","2662","60","664","194","0","724","0","4","4","1000","1997","3.994","75","5.0098965122109","0","40.6","3.624242424242424","10","895","750"
"52","BA","1000","2","0.1","30","0.1","0.5","1","legal","targeted","89.52437962664703","15","92.45813175239067","92.45813175239067","75","80","80","fixed","1","1","50","747","22","50","21007944","v2.0-design-v1.0","57.1","5.800000000000001","51.3","97.78611632270169","true","48.118","42.97800000000001","50","42.9","58","300","429","429","0","0","0","0","0","3580","2606","59","705","210","0","764","0","4","4","1000","1997","3.994","54","5.0048989013778185","0","42.6","3.604040404040404","10","895","750"
"53","BA","1000","2","0.1","30","0.1","0.5","1","legal","targeted","89.52437962664703","15","92.45813175239067","92.45813175239067","75","80","80","fixed","1","1","50","747","23","50","21007945","v2.0-design-v1.0","55.4","5.1","50.3","98.00826756858324","true","46.04400000000001","41.42400000000001","50","44.6","51","300","446","446","0","0","0","0","0","3580","2608","53","707","212","0","760","0","4","4","1000","1997","3.994","90","5.3034036325825715","0","43.4","3.595959595959596","10","895","750"
"54","BA","1000","2","0.1","30","0.1","0.5","1","legal","targeted","89.52437962664703","15","92.45813175239067","92.45813175239067","75","80","80","fixed","1","1","50","747","24","50","21007946","v2.0-design-v1.0","54.5","5.5","49","97.97645327446652","true","44.84999999999998","40.03999999999999","50","45.5","55","300","455","455","0","0","0","0","0","3580","2663","55","658","204","0","713","0","4","4","1000","1997","3.994","84","5.4150980865804454","0","43.4","3.595959595959596","10","895","750"
"55","BA","1000","2","0.1","30","0.1","0.5","1","legal","targeted","89.52437962664703","15","92.45813175239067","92.45813175239067","75","80","80","fixed","1","1","50","747","25","50","21007947","v2.0-design-v1.0","54.6","5.7","48.9","97.82934131736528","true","48.31199999999999","43.662","50","45.4","57","300","454","454","0","0","0","0","0","3580","2614","58","721","187","0","779","0","4","4","1000","1997","3.994","104","5.382465507082679","0","44","3.5898989898989897","10","895","750"
"56","BA","1000","2","0.1","30","0.1","0.5","1","legal","targeted","89.52437962664703","15","92.45813175239067","92.45813175239067","75","80","80","fixed","1","1","50","747","26","50","21007948","v2.0-design-v1.0","55.3","6","49.3","97.70331325301204","true","46.63400000000001","41.534000000000006","50","44.7","60","300","447","447","0","0","0","0","0","3580","2595","61","701","223","0","762","0","4","4","1000","1997","3.994","108","5.546415664798904","0","44.3","3.5868686868686868","10","895","750"
"57","BA","1000","2","0.1","30","0.1","0.5","1","legal","targeted","89.52437962664703","15","92.45813175239067","92.45813175239067","75","80","80","fixed","1","1","50","747","27","50","21007949","v2.0-design-v1.0","57.800000000000004","5.1","52.7","98.01349325337331","true","47.86800000000001","43.75800000000001","50","42.199999999999996","51","300","422","422","0","0","0","0","0","3580","2615","53","707","205","0","760","0","4","4","1000","1997","3.994","82","5.149221152609237","0","42.3","3.607070707070707","10","895","750"
"58","BA","1000","2","0.1","30","0.1","0.5","1","legal","targeted","89.52437962664703","15","92.45813175239067","92.45813175239067","75","80","80","fixed","1","1","50","747","28","50","21007950","v2.0-design-v1.0","57.6","5.4","52.2","97.98732761833769","true","46.30799999999999","41.77800000000001","50","42.4","54","300","424","424","0","0","0","0","0","3580","2629","54","690","207","0","744","0","4","4","1000","1997","3.994","78","5.070865574798606","0","41.4","3.6161616161616164","10","895","750"
"59","BA","1000","2","0.1","30","0.1","0.5","1","legal","targeted","89.52437962664703","15","92.45813175239067","92.45813175239067","75","80","80","fixed","1","1","50","747","29","50","21007951","v2.0-design-v1.0","55.6","5.7","49.9","97.84706755753525","true","45.6","40.83000000000001","50","44.4","57","300","444","444","0","0","0","0","0","3580","2636","58","670","216","0","728","0","4","4","1000","1997","3.994","80","5.407328656851098","0","45.2","3.577777777777778","10","895","750"
"60","BA","1000","2","0.1","30","0.1","0.5","1","legal","targeted","89.52437962664703","15","92.45813175239067","92.45813175239067","75","80","80","fixed","1","1","50","747","30","50","21007952","v2.0-design-v1.0","60.199999999999996","5.1","55.099999999999994","98.09345794392523","true","48.09399999999998","43.714000000000006","50","39.800000000000004","51","300","398","398","0","0","0","0","0","3580","2624","51","708","197","0","759","0","4","4","1000","1997","3.994","69","5.067706152259182","0","42.4","3.606060606060606","10","895","750"
"61","BA","1000","2","0.1","30","0.1","0.5","1","legal","targeted","23.918825487359804","8","82.40293071714173","82.40293071714173","75","80","80","fixed","1","1","50","748","1","50","21008923","v2.0-design-v1.0","11.099999999999994","2.8000000000000003","8.299999999999994","97.81420765027322","true","14.529999999999998","11.874","50","88.9","28","300","889","889","0","0","0","0","0","1673","1253","28","123","269","0","151","0","7","7","1000","1997","3.994","71","4.969573488807722","0","39.8","3.632323232323232","10","239","750"
"63","BA","1000","2","0.1","30","0.1","0.5","1","legal","targeted","23.918825487359804","8","82.40293071714173","82.40293071714173","75","80","80","fixed","1","1","50","748","3","50","21008925","v2.0-design-v1.0","11.700000000000003","2.4","9.300000000000002","98.0544747081712","true","14.815999999999992","12.592000000000006","50","88.3","24","300","883","883","0","0","0","0","0","1673","1260","25","137","251","0","162","0","7","7","1000","1997","3.994","119","5.9625091627196465","0","45.4","3.5757575757575757","10","239","750"
"62","BA","1000","2","0.1","30","0.1","0.5","1","legal","targeted","23.918825487359804","8","82.40293071714173","82.40293071714173","75","80","80","fixed","1","1","50","748","2","50","21008924","v2.0-design-v1.0","11.5","2.8000000000000003","8.7","97.78830963665087","true","14.461999999999994","11.902000000000005","50","88.5","28","300","885","885","0","0","0","0","0","1673","1238","28","135","272","0","163","0","7","7","1000","1997","3.994","115","6.310291893706989","0","50.2","3.5272727272727273","10","239","750"
"64","BA","1000","2","0.1","30","0.1","0.5","1","legal","targeted","23.918825487359804","8","82.40293071714173","82.40293071714173","75","80","80","fixed","1","1","50","748","4","50","21008926","v2.0-design-v1.0","11.900000000000006","2.9000000000000004","9.000000000000005","97.73082942097027","true","14.111999999999998","11.452000000000004","50","88.1","29","300","881","881","0","0","0","0","0","1673","1249","29","128","267","0","157","0","7","7","1000","1997","3.994","114","5.376883379326242","0","41.7","3.613131313131313","10","239","750"
"65","BA","1000","2","0.1","30","0.1","0.5","1","legal","targeted","23.918825487359804","8","82.40293071714173","82.40293071714173","75","80","80","fixed","1","1","50","748","5","50","21008927","v2.0-design-v1.0","11","2.4","8.6","98.09220985691573","true","14.795999999999998","12.588000000000005","50","89","24","300","890","890","0","0","0","0","0","1673","1234","24","128","287","0","152","0","7","7","1000","1997","3.994","57","4.775433882776384","0","38.2","3.6484848484848484","10","239","750"
"67","BA","1000","2","0.1","30","0.1","0.5","1","legal","targeted","23.918825487359804","8","82.40293071714173","82.40293071714173","75","80","80","fixed","1","1","50","748","7","50","21008929","v2.0-design-v1.0","11.900000000000006","3.3000000000000003","8.600000000000005","97.36434108527132","true","15","11.988000000000007","50","88.1","33","300","881","881","0","0","0","0","0","1673","1256","34","120","263","0","154","0","7","7","1000","1997","3.994","96","5.324877305470823","0","41.6","3.614141414141414","10","239","750"
"66","BA","1000","2","0.1","30","0.1","0.5","1","legal","targeted","23.918825487359804","8","82.40293071714173","82.40293071714173","75","80","80","fixed","1","1","50","748","6","50","21008928","v2.0-design-v1.0","11.299999999999997","4","7.299999999999997","96.64324746291959","true","15.697999999999995","11.873999999999999","50","88.7","40","300","887","887","0","0","0","0","0","1673","1238","43","127","265","0","170","0","7","7","1000","1997","3.994","106","5.695999333603221","0","45.8","3.5717171717171716","10","239","750"
"68","BA","1000","2","0.1","30","0.1","0.5","1","legal","targeted","23.918825487359804","8","82.40293071714173","82.40293071714173","75","80","80","fixed","1","1","50","748","8","50","21008930","v2.0-design-v1.0","12.700000000000003","2.5","10.200000000000003","98.02683504340963","true","15.199999999999998","12.971999999999996","50","87.3","25","300","873","873","0","0","0","0","0","1673","1242","25","136","270","0","161","0","7","7","1000","1997","3.994","101","5.676987950682308","0","45.1","3.5787878787878786","10","239","750"
"69","BA","1000","2","0.1","30","0.1","0.5","1","legal","targeted","23.918825487359804","8","82.40293071714173","82.40293071714173","75","80","80","fixed","1","1","50","748","9","50","21008931","v2.0-design-v1.0","12.299999999999997","3.2","9.099999999999998","97.5","true","14.824000000000002","11.720000000000004","50","87.7","32","300","877","877","0","0","0","0","0","1673","1248","32","140","253","0","172","0","7","7","1000","1997","3.994","92","5.063556418526754","0","39.3","3.6373737373737374","10","239","750"
"70","BA","1000","2","0.1","30","0.1","0.5","1","legal","targeted","23.918825487359804","8","82.40293071714173","82.40293071714173","75","80","80","fixed","1","1","50","748","10","50","21008932","v2.0-design-v1.0","11","2.9000000000000004","8.1","97.63779527559055","true","13.797999999999996","11.153999999999998","50","89","29","300","890","890","0","0","0","0","0","1673","1240","30","126","277","0","156","0","7","7","1000","1997","3.994","91","5.65879722078693","0","46.5","3.5646464646464646","10","239","750"
"71","BA","1000","2","0.1","30","0.1","0.5","1","legal","targeted","23.918825487359804","8","82.40293071714173","82.40293071714173","75","80","80","fixed","1","1","50","748","11","50","21008933","v2.0-design-v1.0","11.900000000000006","3","8.900000000000006","97.62845849802372","true","14.788","11.835999999999997","50","88.1","30","300","881","881","0","0","0","0","0","1673","1235","30","132","276","0","162","0","7","7","1000","1997","3.994","86","5.408624336854716","0","45.7","3.5727272727272728","10","239","750"
"72","BA","1000","2","0.1","30","0.1","0.5","1","legal","targeted","23.918825487359804","8","82.40293071714173","82.40293071714173","75","80","80","fixed","1","1","50","748","12","50","21008934","v2.0-design-v1.0","12.299999999999997","3.1","9.199999999999998","97.49412685982773","true","14.777999999999999","12.061999999999996","50","87.7","31","300","877","877","0","0","0","0","0","1673","1245","32","138","258","0","170","0","7","7","1000","1997","3.994","75","4.911831643093029","0","38.8","3.6424242424242426","10","239","750"
"73","BA","1000","2","0.1","30","0.1","0.5","1","legal","targeted","23.918825487359804","8","82.40293071714173","82.40293071714173","75","80","80","fixed","1","1","50","748","13","50","21008935","v2.0-design-v1.0","12.599999999999994","2.6","9.999999999999995","97.96875","true","14.809999999999993","12.290000000000003","50","87.4","26","300","874","874","0","0","0","0","0","1673","1254","26","134","259","0","160","0","7","7","1000","1997","3.994","111","5.403995481786333","0","42.7","3.603030303030303","10","239","750"
"75","BA","1000","2","0.1","30","0.1","0.5","1","legal","targeted","23.918825487359804","8","82.40293071714173","82.40293071714173","75","80","80","fixed","1","1","50","748","15","50","21008937","v2.0-design-v1.0","11.099999999999994","2.7","8.399999999999995","97.87234042553192","true","14.951999999999996","12.38","50","88.9","27","300","889","889","0","0","0","0","0","1673","1242","27","142","262","0","169","0","7","7","1000","1997","3.994","80","5.4477189393030905","0","46.3","3.566666666666667","10","239","750"
"74","BA","1000","2","0.1","30","0.1","0.5","1","legal","targeted","23.918825487359804","8","82.40293071714173","82.40293071714173","75","80","80","fixed","1","1","50","748","14","50","21008936","v2.0-design-v1.0","10.5","2.3","8.2","98.19324430479183","true","15.597999999999997","13.554000000000007","50","89.5","23","300","895","895","0","0","0","0","0","1673","1250","23","135","265","0","158","0","7","7","1000","1997","3.994","107","5.642677006865063","0","45.7","3.5727272727272728","10","239","750"
"76","BA","1000","2","0.1","30","0.1","0.5","1","legal","targeted","23.918825487359804","8","82.40293071714173","82.40293071714173","75","80","80","fixed","1","1","50","748","16","50","21008938","v2.0-design-v1.0","13.599999999999994","2.7","10.899999999999995","97.90535298681148","true","14.240000000000004","11.796000000000001","50","86.4","27","300","864","864","0","0","0","0","0","1673","1262","27","113","271","0","140","0","7","7","1000","1997","3.994","68","4.863086840023892","0","39.1","3.639393939393939","10","239","750"
"77","BA","1000","2","0.1","30","0.1","0.5","1","legal","targeted","23.918825487359804","8","82.40293071714173","82.40293071714173","75","80","80","fixed","1","1","50","748","17","50","21008939","v2.0-design-v1.0","10.900000000000006","2.5","8.400000000000006","98.0544747081712","true","14.245999999999995","11.921999999999993","50","89.1","25","300","891","891","0","0","0","0","0","1673","1260","25","110","278","0","135","0","7","7","1000","1997","3.994","81","5.3923131438225065","0","44.7","3.5828282828282827","10","239","750"
"78","BA","1000","2","0.1","30","0.1","0.5","1","legal","targeted","23.918825487359804","8","82.40293071714173","82.40293071714173","75","80","80","fixed","1","1","50","748","18","50","21008940","v2.0-design-v1.0","11.299999999999997","3.1","8.199999999999998","97.5686274509804","true","15.925999999999998","12.906000000000006","50","88.7","31","300","887","887","0","0","0","0","0","1673","1244","31","121","277","0","152","0","7","7","1000","1997","3.994","106","5.327320559563155","0","40.8","3.6222222222222222","10","239","750"
"79","BA","1000","2","0.1","30","0.1","0.5","1","legal","targeted","23.918825487359804","8","82.40293071714173","82.40293071714173","75","80","80","fixed","1","1","50","748","19","50","21008941","v2.0-design-v1.0","11.099999999999994","2.4","8.699999999999994","98.12059514487079","true","14.964000000000004","12.740000000000004","50","88.9","24","300","889","889","0","0","0","0","0","1673","1253","24","143","253","0","167","0","7","7","1000","1997","3.994","87","5.430050593636246","0","43","3.6","10","239","750"
"80","BA","1000","2","0.1","30","0.1","0.5","1","legal","targeted","23.918825487359804","8","82.40293071714173","82.40293071714173","75","80","80","fixed","1","1","50","748","20","50","21008942","v2.0-design-v1.0","12.200000000000003","3.3000000000000003","8.900000000000002","97.41379310344827","true","14.390000000000004","11.17","50","87.8","33","300","878","878","0","0","0","0","0","1673","1243","33","117","280","0","150","0","7","7","1000","1997","3.994","88","5.000096495565351","0","40","3.6303030303030304","10","239","750"
"81","BA","1000","2","0.1","30","0.1","0.5","1","legal","targeted","23.918825487359804","8","82.40293071714173","82.40293071714173","75","80","80","fixed","1","1","50","748","21","50","21008943","v2.0-design-v1.0","11.700000000000003","3.4000000000000004","8.300000000000002","97.33124018838305","true","13.956000000000003","10.667999999999997","50","88.3","34","300","883","883","0","0","0","0","0","1673","1240","34","125","274","0","159","0","7","7","1000","1997","3.994","69","5.002898459192723","0","42.9","3.601010101010101","10","239","750"
"82","BA","1000","2","0.1","30","0.1","0.5","1","legal","targeted","23.918825487359804","8","82.40293071714173","82.40293071714173","75","80","80","fixed","1","1","50","748","22","50","21008944","v2.0-design-v1.0","11.299999999999997","3","8.299999999999997","97.53968253968253","true","15.123999999999999","12.204","50","88.7","30","300","887","887","0","0","0","0","0","1673","1229","31","127","286","0","158","0","7","7","1000","1997","3.994","98","5.317540807576385","0","43.4","3.595959595959596","10","239","750"
"83","BA","1000","2","0.1","30","0.1","0.5","1","legal","targeted","23.918825487359804","8","82.40293071714173","82.40293071714173","75","80","80","fixed","1","1","50","748","23","50","21008945","v2.0-design-v1.0","11.200000000000003","2.8000000000000003","8.400000000000002","97.77601270849881","true","14.257999999999997","11.617999999999993","50","88.8","28","300","888","888","0","0","0","0","0","1673","1231","28","125","289","0","153","0","7","7","1000","1997","3.994","96","5.466245863830473","0","46.4","3.5656565656565657","10","239","750"
"84","BA","1000","2","0.1","30","0.1","0.5","1","legal","targeted","23.918825487359804","8","82.40293071714173","82.40293071714173","75","80","80","fixed","1","1","50","748","24","50","21008946","v2.0-design-v1.0","12.299999999999997","3.2","9.099999999999998","97.35202492211839","true","15.928000000000003","13.032000000000005","50","87.7","32","300","877","877","0","0","0","0","0","1673","1250","34","138","251","0","172","0","7","7","1000","1997","3.994","72","4.962720281518241","0","40.3","3.6272727272727274","10","239","750"
"85","BA","1000","2","0.1","30","0.1","0.5","1","legal","targeted","23.918825487359804","8","82.40293071714173","82.40293071714173","75","80","80","fixed","1","1","50","748","25","50","21008947","v2.0-design-v1.0","12.799999999999997","2.1","10.699999999999998","98.3159582999198","true","14.739999999999998","12.751999999999999","50","87.2","21","300","872","872","0","0","0","0","0","1673","1226","21","131","295","0","152","0","7","7","1000","1997","3.994","98","5.205099139983502","0","40.8","3.6222222222222222","10","239","750"
"86","BA","1000","2","0.1","30","0.1","0.5","1","legal","targeted","23.918825487359804","8","82.40293071714173","82.40293071714173","75","80","80","fixed","1","1","50","748","26","50","21008948","v2.0-design-v1.0","13.200000000000003","2","11.200000000000003","98.4214680347277","true","14.096000000000002","12.112","50","86.8","20","300","868","868","0","0","0","0","0","1673","1247","20","131","275","0","151","0","7","7","1000","1997","3.994","122","5.9458655650222685","0","48.7","3.5424242424242425","10","239","750"
"87","BA","1000","2","0.1","30","0.1","0.5","1","legal","targeted","23.918825487359804","8","82.40293071714173","82.40293071714173","75","80","80","fixed","1","1","50","748","27","50","21008949","v2.0-design-v1.0","9.799999999999997","1.7999999999999998","7.999999999999997","98.48242811501598","true","15.503999999999992","13.784000000000008","50","90.2","18","300","902","902","0","0","0","0","0","1673","1233","19","140","281","0","159","0","7","7","1000","1997","3.994","76","5.374276402163061","0","44","3.5898989898989897","10","239","750"
"89","BA","1000","2","0.1","30","0.1","0.5","1","legal","targeted","23.918825487359804","8","82.40293071714173","82.40293071714173","75","80","80","fixed","1","1","50","748","29","50","21008951","v2.0-design-v1.0","12","3.9","8.1","96.90230341540905","true","14.569999999999995","10.893999999999997","50","88","39","300","880","880","0","0","0","0","0","1673","1220","39","118","296","0","157","0","7","7","1000","1997","3.994","83","5.062765607412169","0","40.8","3.6222222222222222","10","239","750"
"88","BA","1000","2","0.1","30","0.1","0.5","1","legal","targeted","23.918825487359804","8","82.40293071714173","82.40293071714173","75","80","80","fixed","1","1","50","748","28","50","21008950","v2.0-design-v1.0","11.5","4","7.5","96.71104150352389","true","15.352000000000002","11.591999999999999","50","88.5","40","300","885","885","0","0","0","0","0","1673","1235","42","120","276","0","162","0","7","7","1000","1997","3.994","92","5.49674250608286","0","45.5","3.5747474747474746","10","239","750"
"90","BA","1000","2","0.1","30","0.1","0.5","1","legal","targeted","23.918825487359804","8","82.40293071714173","82.40293071714173","75","80","80","fixed","1","1","50","748","30","50","21008952","v2.0-design-v1.0","11.5","2.1999999999999997","9.3","98.2170542635659","true","13.796","11.66","50","88.5","22","300","885","885","0","0","0","0","0","1673","1267","23","124","259","0","147","0","7","7","1000","1997","3.994","75","5.3229971161271745","0","45.4","3.5757575757575757","10","239","750"
"91","BA","1000","2","0.1","30","0.1","0.5","1","legal","targeted","67.10749175265556","14","95.53802918320568","95.53802918320568","75","80","80","fixed","1","1","50","749","1","50","21009923","v2.0-design-v1.0","19.299999999999997","2.1999999999999997","17.099999999999998","98.97003745318352","true","35.620000000000005","33.84","50","80.7","22","300","807","807","0","0","0","0","0","2684","2114","22","467","81","0","489","0","4","4","1000","1997","3.994","81","5.202598488354735","0","43.5","3.594949494949495","10","671","750"
"92","BA","1000","2","0.1","30","0.1","0.5","1","legal","targeted","67.10749175265556","14","95.53802918320568","95.53802918320568","75","80","80","fixed","1","1","50","749","2","50","21009924","v2.0-design-v1.0","17.80000000000001","2.9000000000000004","14.900000000000011","98.62298195631529","true","36.79600000000001","34.4","50","82.19999999999999","29","300","822","822","0","0","0","0","0","2684","2077","29","489","89","0","518","0","4","4","1000","1997","3.994","57","4.689131257701346","0","39.2","3.6383838383838385","10","671","750"
"93","BA","1000","2","0.1","30","0.1","0.5","1","legal","targeted","67.10749175265556","14","95.53802918320568","95.53802918320568","75","80","80","fixed","1","1","50","749","3","50","21009925","v2.0-design-v1.0","17.5","2.4","15.1","98.85222381635582","true","35.25000000000001","33.24199999999999","50","82.5","24","300","825","825","0","0","0","0","0","2684","2067","24","475","118","0","499","0","4","4","1000","1997","3.994","86","5.271219000359374","0","44.4","3.585858585858586","10","671","750"
"94","BA","1000","2","0.1","30","0.1","0.5","1","legal","targeted","67.10749175265556","14","95.53802918320568","95.53802918320568","75","80","80","fixed","1","1","50","749","4","50","21009926","v2.0-design-v1.0","18.89999999999999","2.3","16.59999999999999","98.90632429862102","true","34.78600000000001","32.709999999999994","50","81.10000000000001","23","300","811","811","0","0","0","0","0","2684","2080","23","484","97","0","507","0","4","4","1000","1997","3.994","92","5.108038376525372","0","40.1","3.6292929292929292","10","671","750"
"95","BA","1000","2","0.1","30","0.1","0.5","1","legal","targeted","67.10749175265556","14","95.53802918320568","95.53802918320568","75","80","80","fixed","1","1","50","749","5","50","21009927","v2.0-design-v1.0","18.700000000000003","2.5","16.200000000000003","98.80952380952381","true","34.58599999999999","32.198","50","81.3","25","300","813","813","0","0","0","0","0","2684","2075","25","486","98","0","511","0","4","4","1000","1997","3.994","113","5.931538345753777","0","49","3.5393939393939395","10","671","750"
"96","BA","1000","2","0.1","30","0.1","0.5","1","legal","targeted","67.10749175265556","14","95.53802918320568","95.53802918320568","75","80","80","fixed","1","1","50","749","6","50","21009928","v2.0-design-v1.0","18.400000000000006","1.7000000000000002","16.700000000000006","99.19507575757575","true","34.742","33.154","50","81.6","17","300","816","816","0","0","0","0","0","2684","2095","17","465","107","0","482","0","4","4","1000","1997","3.994","76","5.386369554438027","0","44.9","3.580808080808081","10","671","750"
"97","BA","1000","2","0.1","30","0.1","0.5","1","legal","targeted","67.10749175265556","14","95.53802918320568","95.53802918320568","75","80","80","fixed","1","1","50","749","7","50","21009929","v2.0-design-v1.0","17.400000000000006","2.1999999999999997","15.200000000000006","98.97388059701493","true","34.506","32.39000000000001","50","82.6","22","300","826","826","0","0","0","0","0","2684","2122","22","446","94","0","468","0","4","4","1000","1997","3.994","80","5.342706103512377","0","44.2","3.587878787878788","10","671","750"
"98","BA","1000","2","0.1","30","0.1","0.5","1","legal","targeted","67.10749175265556","14","95.53802918320568","95.53802918320568","75","80","80","fixed","1","1","50","749","8","50","21009930","v2.0-design-v1.0","20.5","2.6","17.9","98.73831775700934","true","36.36800000000001","34.076","50","79.5","26","300","795","795","0","0","0","0","0","2684","2113","27","444","100","0","471","0","4","4","1000","1997","3.994","64","4.912239213850843","0","41.5","3.6151515151515152","10","671","750"
"99","BA","1000","2","0.1","30","0.1","0.5","1","legal","targeted","67.10749175265556","14","95.53802918320568","95.53802918320568","75","80","80","fixed","1","1","50","749","9","50","21009931","v2.0-design-v1.0","16.799999999999997","3.1","13.699999999999998","98.52028639618139","true","35.83800000000001","33.01800000000001","50","83.2","31","300","832","832","0","0","0","0","0","2684","2064","31","496","93","0","527","0","4","4","1000","1997","3.994","72","5.017682845810508","0","42.8","3.602020202020202","10","671","750"
"100","BA","1000","2","0.1","30","0.1","0.5","1","legal","targeted","67.10749175265556","14","95.53802918320568","95.53802918320568","75","80","80","fixed","1","1","50","749","10","50","21009932","v2.0-design-v1.0","15.600000000000009","2.4","13.200000000000008","98.80782069623272","true","34.843999999999994","32.556","50","84.39999999999999","24","300","844","844","0","0","0","0","0","2684","2072","25","479","108","0","504","0","4","4","1000","1997","3.994","140","5.7488270988970385","0","39.2","3.6383838383838385","10","671","750"
"101","BA","1000","2","0.1","30","0.1","0.5","1","legal","targeted","67.10749175265556","14","95.53802918320568","95.53802918320568","75","80","80","fixed","1","1","50","749","11","50","21009933","v2.0-design-v1.0","17.200000000000003","1.7000000000000002","15.500000000000004","99.19583727530747","true","33.452000000000005","31.752000000000002","50","82.8","17","300","828","828","0","0","0","0","0","2684","2097","17","466","104","0","483","0","4","4","1000","1997","3.994","73","5.584724984558599","0","48.4","3.5454545454545454","10","671","750"
"102","BA","1000","2","0.1","30","0.1","0.5","1","legal","targeted","67.10749175265556","14","95.53802918320568","95.53802918320568","75","80","80","fixed","1","1","50","749","12","50","21009934","v2.0-design-v1.0","15.5","2.1","13.4","99.00473933649289","true","34.957999999999984","33.194","50","84.5","21","300","845","845","0","0","0","0","0","2684","2089","21","479","95","0","500","0","4","4","1000","1997","3.994","97","5.749175333647157","0","46.8","3.5616161616161617","10","671","750"
"103","BA","1000","2","0.1","30","0.1","0.5","1","legal","targeted","67.10749175265556","14","95.53802918320568","95.53802918320568","75","80","80","fixed","1","1","50","749","13","50","21009935","v2.0-design-v1.0","17.700000000000003","2.6","15.100000000000003","98.76367094626724","true","35.63800000000001","33.17799999999999","50","82.3","26","300","823","823","0","0","0","0","0","2684","2077","26","489","92","0","515","0","4","4","1000","1997","3.994","78","4.986263814403199","0","40.6","3.624242424242424","10","671","750"
"104","BA","1000","2","0.1","30","0.1","0.5","1","legal","targeted","67.10749175265556","14","95.53802918320568","95.53802918320568","75","80","80","fixed","1","1","50","749","14","50","21009936","v2.0-design-v1.0","17.700000000000003","1.9","15.800000000000002","99.10377358490567","true","34.61800000000001","32.858","50","82.3","19","300","823","823","0","0","0","0","0","2684","2101","19","462","102","0","481","0","4","4","1000","1997","3.994","84","5.236160939216947","0","45.7","3.5727272727272728","10","671","750"
"105","BA","1000","2","0.1","30","0.1","0.5","1","legal","targeted","67.10749175265556","14","95.53802918320568","95.53802918320568","75","80","80","fixed","1","1","50","749","15","50","21009937","v2.0-design-v1.0","16.200000000000003","2.3","13.900000000000002","98.93023255813954","true","35.05800000000001","32.92599999999999","50","83.8","23","300","838","838","0","0","0","0","0","2684","2127","23","454","80","0","477","0","4","4","1000","1997","3.994","84","5.321304377714193","0","44.7","3.5828282828282827","10","671","750"
"106","BA","1000","2","0.1","30","0.1","0.5","1","legal","targeted","67.10749175265556","14","95.53802918320568","95.53802918320568","75","80","80","fixed","1","1","50","749","16","50","21009938","v2.0-design-v1.0","18.400000000000006","2.5","15.900000000000006","98.80668257756562","true","36.51200000000002","34.18000000000001","50","81.6","25","300","816","816","0","0","0","0","0","2684","2070","25","496","93","0","521","0","4","4","1000","1997","3.994","57","4.86308684002389","0","39.3","3.6373737373737374","10","671","750"
"107","BA","1000","2","0.1","30","0.1","0.5","1","legal","targeted","67.10749175265556","14","95.53802918320568","95.53802918320568","75","80","80","fixed","1","1","50","749","17","50","21009939","v2.0-design-v1.0","15.5","2.6","12.9","98.76013352408202","true","35.178000000000004","32.83","50","84.5","26","300","845","845","0","0","0","0","0","2684","2071","26","482","105","0","508","0","4","4","1000","1997","3.994","98","5.24437484048074","0","40.7","3.6232323232323234","10","671","750"
"108","BA","1000","2","0.1","30","0.1","0.5","1","legal","targeted","67.10749175265556","14","95.53802918320568","95.53802918320568","75","80","80","fixed","1","1","50","749","18","50","21009940","v2.0-design-v1.0","16.900000000000006","2.7","14.200000000000006","98.71733966745843","true","36.84","34.364000000000004","50","83.1","27","300","831","831","0","0","0","0","0","2684","2078","27","493","86","0","520","0","4","4","1000","1997","3.994","87","5.417500651897816","0","43.9","3.590909090909091","10","671","750"
"109","BA","1000","2","0.1","30","0.1","0.5","1","legal","targeted","67.10749175265556","14","95.53802918320568","95.53802918320568","75","80","80","fixed","1","1","50","749","19","50","21009941","v2.0-design-v1.0","17.400000000000006","1.9","15.500000000000005","99.11380597014924","true","33.262000000000015","31.61399999999999","50","82.6","19","300","826","826","0","0","0","0","0","2684","2125","19","451","89","0","470","0","4","4","1000","1997","3.994","93","5.479049551152451","0","45.2","3.577777777777778","10","671","750"
"110","BA","1000","2","0.1","30","0.1","0.5","1","legal","targeted","67.10749175265556","14","95.53802918320568","95.53802918320568","75","80","80","fixed","1","1","50","749","20","50","21009942","v2.0-design-v1.0","18.200000000000003","1.2","17.000000000000004","99.43235572374645","true","34.54400000000001","33.59600000000001","50","81.8","12","300","818","818","0","0","0","0","0","2684","2102","12","465","105","0","477","0","4","4","1000","1997","3.994","123","5.959150566605597","0","49.2","3.5373737373737373","10","671","750"
"111","BA","1000","2","0.1","30","0.1","0.5","1","legal","targeted","67.10749175265556","14","95.53802918320568","95.53802918320568","75","80","80","fixed","1","1","50","749","21","50","21009943","v2.0-design-v1.0","15.700000000000003","2.7","13.000000000000004","98.73477038425492","true","34.352","31.792000000000012","50","84.3","27","300","843","843","0","0","0","0","0","2684","2107","27","457","93","0","484","0","4","4","1000","1997","3.994","65","5.435946422980405","0","49.5","3.5343434343434343","10","671","750"
"112","BA","1000","2","0.1","30","0.1","0.5","1","legal","targeted","67.10749175265556","14","95.53802918320568","95.53802918320568","75","80","80","fixed","1","1","50","749","22","50","21009944","v2.0-design-v1.0","18.10000000000001","2.1","16.000000000000007","99.00709219858156","true","35.26600000000002","33.27799999999999","50","81.89999999999999","21","300","819","819","0","0","0","0","0","2684","2094","21","473","96","0","494","0","4","4","1000","1997","3.994","73","5.2983050153833116","0","44.9","3.580808080808081","10","671","750"
"113","BA","1000","2","0.1","30","0.1","0.5","1","legal","targeted","67.10749175265556","14","95.53802918320568","95.53802918320568","75","80","80","fixed","1","1","50","749","23","50","21009945","v2.0-design-v1.0","18.60000000000001","1.6","17.000000000000007","99.25268566090611","true","34.13999999999999","32.623999999999995","50","81.39999999999999","16","300","814","814","0","0","0","0","0","2684","2125","16","453","90","0","469","0","4","4","1000","1997","3.994","78","5.1711415282029005","0","42.8","3.602020202020202","10","671","750"
"114","BA","1000","2","0.1","30","0.1","0.5","1","legal","targeted","67.10749175265556","14","95.53802918320568","95.53802918320568","75","80","80","fixed","1","1","50","749","24","50","21009946","v2.0-design-v1.0","16.5","1.7000000000000002","14.8","99.19469445760302","true","33.01599999999999","31.679999999999993","50","83.5","17","300","835","835","0","0","0","0","0","2684","2094","17","467","106","0","484","0","4","4","1000","1997","3.994","70","5.507294643860471","0","49.1","3.5383838383838384","10","671","750"
"115","BA","1000","2","0.1","30","0.1","0.5","1","legal","targeted","67.10749175265556","14","95.53802918320568","95.53802918320568","75","80","80","fixed","1","1","50","749","25","50","21009947","v2.0-design-v1.0","17.5","2.1999999999999997","15.3","98.9695550351288","true","32.84400000000001","30.699999999999992","50","82.5","22","300","825","825","0","0","0","0","0","2684","2113","22","449","100","0","471","0","4","4","1000","1997","3.994","114","5.787353234204513","0","45.4","3.5757575757575757","10","671","750"
"117","BA","1000","2","0.1","30","0.1","0.5","1","legal","targeted","67.10749175265556","14","95.53802918320568","95.53802918320568","75","80","80","fixed","1","1","50","749","27","50","21009949","v2.0-design-v1.0","14.799999999999997","2.4","12.399999999999997","98.85877318116975","true","34.312000000000005","32.05199999999999","50","85.2","24","300","852","852","0","0","0","0","0","2684","2079","24","472","109","0","496","0","4","4","1000","1997","3.994","67","5.149609934983657","0","42.6","3.604040404040404","10","671","750"
"116","BA","1000","2","0.1","30","0.1","0.5","1","legal","targeted","67.10749175265556","14","95.53802918320568","95.53802918320568","75","80","80","fixed","1","1","50","749","26","50","21009948","v2.0-design-v1.0","16.5","2.4","14.1","98.86309805779251","true","34.52","32.17600000000001","50","83.5","24","300","835","835","0","0","0","0","0","2684","2087","24","484","89","0","508","0","4","4","1000","1997","3.994","86","5.428944412815194","0","46.8","3.5616161616161617","10","671","750"
"118","BA","1000","2","0.1","30","0.1","0.5","1","legal","targeted","67.10749175265556","14","95.53802918320568","95.53802918320568","75","80","80","fixed","1","1","50","749","28","50","21009950","v2.0-design-v1.0","16.200000000000003","1.6","14.600000000000003","99.23554706163402","true","35.77","34.17","50","83.8","16","300","838","838","0","0","0","0","0","2684","2077","16","491","100","0","507","0","4","4","1000","1997","3.994","81","5.125840247046152","0","42.5","3.605050505050505","10","671","750"
"119","BA","1000","2","0.1","30","0.1","0.5","1","legal","targeted","67.10749175265556","14","95.53802918320568","95.53802918320568","75","80","80","fixed","1","1","50","749","29","50","21009951","v2.0-design-v1.0","18.60000000000001","2.9000000000000004","15.700000000000008","98.65053513261982","true","33.88199999999999","31.23400000000001","50","81.39999999999999","29","300","814","814","0","0","0","0","0","2684","2120","29","437","98","0","466","0","4","4","1000","1997","3.994","74","4.97440536232308","0","40.3","3.6272727272727274","10","671","750"
"120","BA","1000","2","0.1","30","0.1","0.5","1","legal","targeted","67.10749175265556","14","95.53802918320568","95.53802918320568","75","80","80","fixed","1","1","50","749","30","50","21009952","v2.0-design-v1.0","16.900000000000006","1.7999999999999998","15.100000000000005","99.14285714285714","true","36.21","34.63399999999998","50","83.1","18","300","831","831","0","0","0","0","0","2684","2082","18","484","100","0","502","0","4","4","1000","1997","3.994","74","5.073628455622816","0","42.6","3.604040404040404","10","671","750"
"121","BA","1000","2","0.1","30","0.1","0.5","1","legal","targeted","34.39412761514234","12","90.37932988819712","90.37932988819712","75","80","80","fixed","1","1","50","750","1","50","21010923","v2.0-design-v1.0","23.599999999999994","1.7000000000000002","21.899999999999995","98.76363636363637","true","17.401999999999997","15.726000000000008","50","76.4","17","300","764","764","0","0","0","0","0","1720","1358","17","188","157","0","205","0","5","5","1000","1997","3.994","60","4.8420459941443434","0","39","3.6404040404040403","10","344","750"
"122","BA","1000","2","0.1","30","0.1","0.5","1","legal","targeted","34.39412761514234","12","90.37932988819712","90.37932988819712","75","80","80","fixed","1","1","50","750","2","50","21010924","v2.0-design-v1.0","22.599999999999994","1.5","21.099999999999994","98.91540130151843","true","16.904000000000003","15.404000000000003","50","77.4","15","300","774","774","0","0","0","0","0","1720","1368","15","185","152","0","200","0","5","5","1000","1997","3.994","68","4.867818778432449","0","40.7","3.6232323232323234","10","344","750"
"123","BA","1000","2","0.1","30","0.1","0.5","1","legal","targeted","34.39412761514234","12","90.37932988819712","90.37932988819712","75","80","80","fixed","1","1","50","750","3","50","21010925","v2.0-design-v1.0","21.299999999999997","2.3","18.999999999999996","98.33935018050542","true","16.378000000000007","14.077999999999998","50","78.7","23","300","787","787","0","0","0","0","0","1720","1362","23","175","160","0","198","0","5","5","1000","1997","3.994","68","5.1109770187397645","0","42.2","3.608080808080808","10","344","750"
"124","BA","1000","2","0.1","30","0.1","0.5","1","legal","targeted","34.39412761514234","12","90.37932988819712","90.37932988819712","75","80","80","fixed","1","1","50","750","4","50","21010926","v2.0-design-v1.0","20.39999999999999","1.9","18.499999999999993","98.64285714285714","true","16.995999999999995","15.264000000000003","50","79.60000000000001","19","300","796","796","0","0","0","0","0","1720","1381","19","190","130","0","209","0","5","5","1000","1997","3.994","107","5.511655136376208","0","44.4","3.585858585858586","10","344","750"
"125","BA","1000","2","0.1","30","0.1","0.5","1","legal","targeted","34.39412761514234","12","90.37932988819712","90.37932988819712","75","80","80","fixed","1","1","50","750","5","50","21010927","v2.0-design-v1.0","23.5","2.1999999999999997","21.3","98.4126984126984","true","17.63","15.429999999999996","50","76.5","22","300","765","765","0","0","0","0","0","1720","1364","22","189","145","0","211","0","5","5","1000","1997","3.994","59","4.876858389142302","0","41.3","3.617171717171717","10","344","750"
"126","BA","1000","2","0.1","30","0.1","0.5","1","legal","targeted","34.39412761514234","12","90.37932988819712","90.37932988819712","75","80","80","fixed","1","1","50","750","6","50","21010928","v2.0-design-v1.0","22.700000000000003","2.1999999999999997","20.500000000000004","98.4034833091437","true","16.284000000000002","14.203999999999999","50","77.3","22","300","773","773","0","0","0","0","0","1720","1356","22","186","156","0","208","0","5","5","1000","1997","3.994","54","4.523983911380579","0","35.9","3.6717171717171717","10","344","750"
"127","BA","1000","2","0.1","30","0.1","0.5","1","legal","targeted","34.39412761514234","12","90.37932988819712","90.37932988819712","75","80","80","fixed","1","1","50","750","7","50","21010929","v2.0-design-v1.0","22.39999999999999","2.1","20.29999999999999","98.46153846153847","true","17.31","15.258000000000003","50","77.60000000000001","21","300","776","776","0","0","0","0","0","1720","1344","21","189","166","0","210","0","5","5","1000","1997","3.994","79","5.352439874731198","0","43.1","3.598989898989899","10","344","750"
"128","BA","1000","2","0.1","30","0.1","0.5","1","legal","targeted","34.39412761514234","12","90.37932988819712","90.37932988819712","75","80","80","fixed","1","1","50","750","8","50","21010930","v2.0-design-v1.0","23.099999999999994","1.5","21.599999999999994","98.9090909090909","true","17.246000000000002","15.77","50","76.9","15","300","769","769","0","0","0","0","0","1720","1360","15","198","147","0","213","0","5","5","1000","1997","3.994","112","5.7601339518402686","0","47.6","3.5535353535353535","10","344","750"
"129","BA","1000","2","0.1","30","0.1","0.5","1","legal","targeted","34.39412761514234","12","90.37932988819712","90.37932988819712","75","80","80","fixed","1","1","50","750","9","50","21010931","v2.0-design-v1.0","23.099999999999994","2.3","20.799999999999994","98.2646420824295","true","17.322000000000006","15.141999999999998","50","76.9","23","300","769","769","0","0","0","0","0","1720","1359","24","194","143","0","218","0","5","5","1000","1997","3.994","52","4.773966354589722","0","38.4","3.6464646464646466","10","344","750"
"130","BA","1000","2","0.1","30","0.1","0.5","1","legal","targeted","34.39412761514234","12","90.37932988819712","90.37932988819712","75","80","80","fixed","1","1","50","750","10","50","21010932","v2.0-design-v1.0","22.700000000000003","1.0999999999999999","21.6","99.21146953405018","true","17.712","16.636","50","77.3","11","300","773","773","0","0","0","0","0","1720","1384","11","185","140","0","196","0","5","5","1000","1997","3.994","59","4.806148464525721","0","39.8","3.632323232323232","10","344","750"
"131","BA","1000","2","0.1","30","0.1","0.5","1","legal","targeted","34.39412761514234","12","90.37932988819712","90.37932988819712","75","80","80","fixed","1","1","50","750","11","50","21010933","v2.0-design-v1.0","22.099999999999994","1.7999999999999998","20.299999999999994","98.68421052631578","true","16.746000000000002","14.946","50","77.9","18","300","779","779","0","0","0","0","0","1720","1350","18","199","153","0","217","0","5","5","1000","1997","3.994","128","5.732785433698761","0","44.3","3.5868686868686868","10","344","750"
"132","BA","1000","2","0.1","30","0.1","0.5","1","legal","targeted","34.39412761514234","12","90.37932988819712","90.37932988819712","75","80","80","fixed","1","1","50","750","12","50","21010934","v2.0-design-v1.0","22.39999999999999","2.1","20.29999999999999","98.49462365591398","true","16.97","14.894","50","77.60000000000001","21","300","776","776","0","0","0","0","0","1720","1374","21","180","145","0","201","0","5","5","1000","1997","3.994","75","5.217200703747475","0","44.4","3.585858585858586","10","344","750"
"133","BA","1000","2","0.1","30","0.1","0.5","1","legal","targeted","34.39412761514234","12","90.37932988819712","90.37932988819712","75","80","80","fixed","1","1","50","750","13","50","21010935","v2.0-design-v1.0","21.89999999999999","1.9","19.999999999999993","98.60805860805861","true","16.614000000000004","14.713999999999997","50","78.10000000000001","19","300","781","781","0","0","0","0","0","1720","1346","19","192","163","0","211","0","5","5","1000","1997","3.994","79","5.082498971548907","0","41.7","3.613131313131313","10","344","750"
"135","BA","1000","2","0.1","30","0.1","0.5","1","legal","targeted","34.39412761514234","12","90.37932988819712","90.37932988819712","75","80","80","fixed","1","1","50","750","15","50","21010937","v2.0-design-v1.0","21.799999999999997","2.3","19.499999999999996","98.33574529667149","true","16.79","14.730000000000002","50","78.2","23","300","782","782","0","0","0","0","0","1720","1359","23","189","149","0","212","0","5","5","1000","1997","3.994","89","5.320175586225342","0","43.8","3.591919191919192","10","344","750"
"134","BA","1000","2","0.1","30","0.1","0.5","1","legal","targeted","34.39412761514234","12","90.37932988819712","90.37932988819712","75","80","80","fixed","1","1","50","750","14","50","21010936","v2.0-design-v1.0","21.200000000000003","2.8000000000000003","18.400000000000002","97.98850574712644","true","16.888","14.088000000000001","50","78.8","28","300","788","788","0","0","0","0","0","1720","1364","28","176","152","0","204","0","5","5","1000","1997","3.994","115","5.69635079787159","0","46.3","3.566666666666667","10","344","750"
"137","BA","1000","2","0.1","30","0.1","0.5","1","legal","targeted","34.39412761514234","12","90.37932988819712","90.37932988819712","75","80","80","fixed","1","1","50","750","17","50","21010939","v2.0-design-v1.0","22.299999999999997","2.7","19.599999999999998","98.0392156862745","true","17.290000000000006","14.590000000000002","50","77.7","27","300","777","777","0","0","0","0","0","1720","1350","27","197","146","0","224","0","5","5","1000","1997","3.994","98","5.656851064325799","0","47.7","3.5525252525252524","10","344","750"
"138","BA","1000","2","0.1","30","0.1","0.5","1","legal","targeted","34.39412761514234","12","90.37932988819712","90.37932988819712","75","80","80","fixed","1","1","50","750","18","50","21010940","v2.0-design-v1.0","21.200000000000003","2.4","18.800000000000004","98.24689554419284","true","17.627999999999997","15.323999999999991","50","78.8","24","300","788","788","0","0","0","0","0","1720","1345","24","189","162","0","213","0","5","5","1000","1997","3.994","54","4.730363658360769","0","39.7","3.6333333333333333","10","344","750"
"136","BA","1000","2","0.1","30","0.1","0.5","1","legal","targeted","34.39412761514234","12","90.37932988819712","90.37932988819712","75","80","80","fixed","1","1","50","750","16","50","21010938","v2.0-design-v1.0","21.099999999999994","2.3","18.799999999999994","98.32727272727273","true","17.639999999999997","15.484000000000007","50","78.9","23","300","789","789","0","0","0","0","0","1720","1352","23","196","149","0","219","0","5","5","1000","1997","3.994","75","5.170754364761543","0","44.3","3.5868686868686868","10","344","750"
"139","BA","1000","2","0.1","30","0.1","0.5","1","legal","targeted","34.39412761514234","12","90.37932988819712","90.37932988819712","75","80","80","fixed","1","1","50","750","19","50","21010941","v2.0-design-v1.0","20.299999999999997","1.7999999999999998","18.499999999999996","98.67452135493373","true","17.166","15.366","50","79.7","18","300","797","797","0","0","0","0","0","1720","1340","18","192","170","0","210","0","5","5","1000","1997","3.994","79","5.067508622947137","0","41.5","3.6151515151515152","10","344","750"
"140","BA","1000","2","0.1","30","0.1","0.5","1","legal","targeted","34.39412761514234","12","90.37932988819712","90.37932988819712","75","80","80","fixed","1","1","50","750","20","50","21010942","v2.0-design-v1.0","23.200000000000003","1.9","21.300000000000004","98.61313868613138","true","16.636000000000003","14.880000000000006","50","76.8","19","300","768","768","0","0","0","0","0","1720","1351","19","195","155","0","214","0","5","5","1000","1997","3.994","57","4.683150210691068","0","37.3","3.6575757575757577","10","344","750"
"141","BA","1000","2","0.1","30","0.1","0.5","1","legal","targeted","34.39412761514234","12","90.37932988819712","90.37932988819712","75","80","80","fixed","1","1","50","750","21","50","21010943","v2.0-design-v1.0","22.200000000000003","2.4","19.800000000000004","98.26212889210717","true","17.438000000000006","15.11","50","77.8","24","300","778","778","0","0","0","0","0","1720","1357","24","195","144","0","219","0","5","5","1000","1997","3.994","81","5.277292280498945","0","44.8","3.581818181818182","10","344","750"
"142","BA","1000","2","0.1","30","0.1","0.5","1","legal","targeted","34.39412761514234","12","90.37932988819712","90.37932988819712","75","80","80","fixed","1","1","50","750","22","50","21010944","v2.0-design-v1.0","21.599999999999994","1.9","19.699999999999996","98.6019131714496","true","16.929999999999996","15.078000000000001","50","78.4","19","300","784","784","0","0","0","0","0","1720","1340","19","191","170","0","210","0","5","5","1000","1997","3.994","61","5.20240608075042","0","45.9","3.5707070707070705","10","344","750"
"143","BA","1000","2","0.1","30","0.1","0.5","1","legal","targeted","34.39412761514234","12","90.37932988819712","90.37932988819712","75","80","80","fixed","1","1","50","750","23","50","21010945","v2.0-design-v1.0","22.5","2.6","19.9","98.12274368231047","true","16.389999999999993","13.838000000000005","50","77.5","26","300","775","775","0","0","0","0","0","1720","1359","26","175","160","0","201","0","5","5","1000","1997","3.994","78","5.598330581995422","0","49","3.5393939393939395","10","344","750"
"144","BA","1000","2","0.1","30","0.1","0.5","1","legal","targeted","34.39412761514234","12","90.37932988819712","90.37932988819712","75","80","80","fixed","1","1","50","750","24","50","21010946","v2.0-design-v1.0","20.799999999999997","2.5","18.299999999999997","98.18971759594497","true","17.308","14.928000000000003","50","79.2","25","300","792","792","0","0","0","0","0","1720","1356","25","186","153","0","211","0","5","5","1000","1997","3.994","83","5.306045431215041","0","43.8","3.591919191919192","10","344","750"
"145","BA","1000","2","0.1","30","0.1","0.5","1","legal","targeted","34.39412761514234","12","90.37932988819712","90.37932988819712","75","80","80","fixed","1","1","50","750","25","50","21010947","v2.0-design-v1.0","21.799999999999997","1.6","20.199999999999996","98.84057971014492","true","18.366","16.790000000000006","50","78.2","16","300","782","782","0","0","0","0","0","1720","1364","16","180","160","0","196","0","5","5","1000","1997","3.994","106","5.467527581810425","0","42.9","3.601010101010101","10","344","750"
"146","BA","1000","2","0.1","30","0.1","0.5","1","legal","targeted","34.39412761514234","12","90.37932988819712","90.37932988819712","75","80","80","fixed","1","1","50","750","26","50","21010948","v2.0-design-v1.0","21.799999999999997","2.6","19.199999999999996","98.13486370157818","true","17.414","14.910000000000002","50","78.2","26","300","782","782","0","0","0","0","0","1720","1368","26","179","147","0","205","0","5","5","1000","1997","3.994","67","4.844112862994563","0","38.7","3.6434343434343432","10","344","750"
"147","BA","1000","2","0.1","30","0.1","0.5","1","legal","targeted","34.39412761514234","12","90.37932988819712","90.37932988819712","75","80","80","fixed","1","1","50","750","27","50","21010949","v2.0-design-v1.0","20.599999999999994","2.3","18.299999999999994","98.32727272727273","true","17.69","15.509999999999993","50","79.4","23","300","794","794","0","0","0","0","0","1720","1352","23","179","166","0","202","0","5","5","1000","1997","3.994","97","5.119782825098741","0","39.9","3.6313131313131315","10","344","750"
"148","BA","1000","2","0.1","30","0.1","0.5","1","legal","targeted","34.39412761514234","12","90.37932988819712","90.37932988819712","75","80","80","fixed","1","1","50","750","28","50","21010950","v2.0-design-v1.0","22.39999999999999","2.3","20.09999999999999","98.33454018826937","true","17.263999999999996","14.964000000000006","50","77.60000000000001","23","300","776","776","0","0","0","0","0","1720","1358","23","188","151","0","211","0","5","5","1000","1997","3.994","67","4.859586358897169","0","38.9","3.6414141414141414","10","344","750"
"149","BA","1000","2","0.1","30","0.1","0.5","1","legal","targeted","34.39412761514234","12","90.37932988819712","90.37932988819712","75","80","80","fixed","1","1","50","750","29","50","21010951","v2.0-design-v1.0","22.39999999999999","1.3","21.09999999999999","99.0559186637618","true","16.83399999999999","15.558000000000003","50","77.60000000000001","13","300","776","776","0","0","0","0","0","1720","1364","13","194","149","0","207","0","5","5","1000","1997","3.994","78","5.14688784164318","0","41.6","3.614141414141414","10","344","750"
"150","BA","1000","2","0.1","30","0.1","0.5","1","legal","targeted","34.39412761514234","12","90.37932988819712","90.37932988819712","75","80","80","fixed","1","1","50","750","30","50","21010952","v2.0-design-v1.0","21.700000000000003","2.1","19.6","98.46938775510205","true","17.043999999999997","14.992","50","78.3","21","300","783","783","0","0","0","0","0","1720","1351","21","196","152","0","217","0","5","5","1000","1997","3.994","79","5.160483949649928","0","40.8","3.6222222222222222","10","344","750"
"151","BA","1000","2","0.1","30","0.1","0.5","1","legal","targeted","32.33751615464468","10","99.75295479999218","99.75295479999218","75","80","80","fixed","1","1","50","751","1","50","21011923","v2.0-design-v1.0","1.2000000000000028","0.1","1.1000000000000028","99.92872416250891","true","18.665999999999997","18.566","50","98.8","1","300","988","988","0","0","0","0","0","1615","1402","1","211","1","0","212","0","5","5","1000","1997","3.994","55","4.993285180810006","0","43","3.6","10","323","750"
"152","BA","1000","2","0.1","30","0.1","0.5","1","legal","targeted","32.33751615464468","10","99.75295479999218","99.75295479999218","75","80","80","fixed","1","1","50","751","2","50","21011924","v2.0-design-v1.0","0.7999999999999972","0","0.7999999999999972","100","true","18.993999999999993","18.993999999999993","50","99.2","0","300","992","992","0","0","0","0","0","1615","1406","0","204","5","0","204","0","5","5","1000","1997","3.994","107","5.642854402322085","0","43.4","3.595959595959596","10","323","750"
"153","BA","1000","2","0.1","30","0.1","0.5","1","legal","targeted","32.33751615464468","10","99.75295479999218","99.75295479999218","75","80","80","fixed","1","1","50","751","3","50","21011925","v2.0-design-v1.0","1.5","0","1.5","100","true","18.904","18.904","50","98.5","0","300","985","985","0","0","0","0","0","1615","1384","0","228","3","0","228","0","5","5","1000","1997","3.994","78","5.012692997889555","0","39.9","3.6313131313131315","10","323","750"
"154","BA","1000","2","0.1","30","0.1","0.5","1","legal","targeted","32.33751615464468","10","99.75295479999218","99.75295479999218","75","80","80","fixed","1","1","50","751","4","50","21011926","v2.0-design-v1.0","0.7999999999999972","0","0.7999999999999972","100","true","19.206000000000007","19.206000000000007","50","99.2","0","300","992","992","0","0","0","0","0","1615","1384","0","224","7","0","224","0","5","5","1000","1997","3.994","56","4.906734152166789","0","40.3","3.6272727272727274","10","323","750"
"155","BA","1000","2","0.1","30","0.1","0.5","1","legal","targeted","32.33751615464468","10","99.75295479999218","99.75295479999218","75","80","80","fixed","1","1","50","751","5","50","21011927","v2.0-design-v1.0","0.5999999999999943","0","0.5999999999999943","100","true","18.684","18.684","50","99.4","0","300","994","994","0","0","0","0","0","1615","1410","0","203","2","0","203","0","5","5","1000","1997","3.994","102","5.252385320171351","0","39.9","3.6313131313131315","10","323","750"
"156","BA","1000","2","0.1","30","0.1","0.5","1","legal","targeted","32.33751615464468","10","99.75295479999218","99.75295479999218","75","80","80","fixed","1","1","50","751","6","50","21011928","v2.0-design-v1.0","0.5999999999999943","0","0.5999999999999943","100","true","17.543999999999997","17.543999999999997","50","99.4","0","300","994","994","0","0","0","0","0","1615","1386","0","225","4","0","225","0","5","5","1000","1997","3.994","65","4.956665465061408","0","41.1","3.6191919191919193","10","323","750"
"157","BA","1000","2","0.1","30","0.1","0.5","1","legal","targeted","32.33751615464468","10","99.75295479999218","99.75295479999218","75","80","80","fixed","1","1","50","751","7","50","21011929","v2.0-design-v1.0","0.9000000000000057","0.2","0.7000000000000057","99.85744832501781","true","19.418000000000006","19.217999999999996","50","99.1","2","300","991","991","0","0","0","0","0","1615","1401","2","210","2","0","212","0","5","5","1000","1997","3.994","83","5.021870486500332","0","41.8","3.6121212121212123","10","323","750"
"158","BA","1000","2","0.1","30","0.1","0.5","1","legal","targeted","32.33751615464468","10","99.75295479999218","99.75295479999218","75","80","80","fixed","1","1","50","751","8","50","21011930","v2.0-design-v1.0","0.5999999999999943","0.1","0.49999999999999434","99.92831541218638","true","19.11200000000001","19.011999999999997","50","99.4","1","300","994","994","0","0","0","0","0","1615","1394","1","215","5","0","216","0","5","5","1000","1997","3.994","87","5.365515143278665","0","44.7","3.5828282828282827","10","323","750"
"159","BA","1000","2","0.1","30","0.1","0.5","1","legal","targeted","32.33751615464468","10","99.75295479999218","99.75295479999218","75","80","80","fixed","1","1","50","751","9","50","21011931","v2.0-design-v1.0","0.5","0.1","0.4","99.92764109985528","true","19.35","19.25","50","99.5","1","300","995","995","0","0","0","0","0","1615","1381","1","232","1","0","233","0","5","5","1000","1997","3.994","114","5.9889758583444115","0","49.5","3.5343434343434343","10","323","750"
"160","BA","1000","2","0.1","30","0.1","0.5","1","legal","targeted","32.33751615464468","10","99.75295479999218","99.75295479999218","75","80","80","fixed","1","1","50","751","10","50","21011932","v2.0-design-v1.0","1.0999999999999943","0.1","0.9999999999999943","99.92887624466572","true","18.624000000000002","18.524","50","98.9","1","300","989","989","0","0","0","0","0","1615","1405","1","206","3","0","207","0","5","5","1000","1997","3.994","112","5.732436203293039","0","45.6","3.573737373737374","10","323","750"
"161","BA","1000","2","0.1","30","0.1","0.5","1","legal","targeted","32.33751615464468","10","99.75295479999218","99.75295479999218","75","80","80","fixed","1","1","50","751","11","50","21011933","v2.0-design-v1.0","0.5999999999999943","0","0.5999999999999943","100","true","17.805999999999994","17.805999999999994","50","99.4","0","300","994","994","0","0","0","0","0","1615","1402","0","207","6","0","207","0","5","5","1000","1997","3.994","100","5.097641606659873","0","39.8","3.632323232323232","10","323","750"
"162","BA","1000","2","0.1","30","0.1","0.5","1","legal","targeted","32.33751615464468","10","99.75295479999218","99.75295479999218","75","80","80","fixed","1","1","50","751","12","50","21011934","v2.0-design-v1.0","0.4000000000000057","0","0.4000000000000057","100","true","18.88200000000001","18.88200000000001","50","99.6","0","300","996","996","0","0","0","0","0","1615","1394","0","217","4","0","217","0","5","5","1000","1997","3.994","58","4.956665465061406","0","42.2","3.608080808080808","10","323","750"
"163","BA","1000","2","0.1","30","0.1","0.5","1","legal","targeted","32.33751615464468","10","99.75295479999218","99.75295479999218","75","80","80","fixed","1","1","50","751","13","50","21011935","v2.0-design-v1.0","0.7999999999999972","0.3","0.49999999999999717","99.78213507625271","true","18.842000000000006","18.542","50","99.2","3","300","992","992","0","0","0","0","0","1615","1374","3","235","3","0","238","0","5","5","1000","1997","3.994","145","6.222916413442259","0","46.6","3.5636363636363635","10","323","750"
"165","BA","1000","2","0.1","30","0.1","0.5","1","legal","targeted","32.33751615464468","10","99.75295479999218","99.75295479999218","75","80","80","fixed","1","1","50","751","15","50","21011937","v2.0-design-v1.0","0.7000000000000028","0.1","0.6000000000000029","99.9271137026239","true","18.862000000000002","18.762","50","99.3","1","300","993","993","0","0","0","0","0","1615","1371","1","239","4","0","240","0","5","5","1000","1997","3.994","95","5.231379486457777","0","41.8","3.6121212121212123","10","323","750"
"166","BA","1000","2","0.1","30","0.1","0.5","1","legal","targeted","32.33751615464468","10","99.75295479999218","99.75295479999218","75","80","80","fixed","1","1","50","751","16","50","21011938","v2.0-design-v1.0","0.7000000000000028","0.1","0.6000000000000029","99.92872416250891","true","19.162000000000003","19.062","50","99.3","1","300","993","993","0","0","0","0","0","1615","1402","1","207","5","0","208","0","5","5","1000","1997","3.994","60","4.731844709450458","0","38.5","3.6454545454545455","10","323","750"
"164","BA","1000","2","0.1","30","0.1","0.5","1","legal","targeted","32.33751615464468","10","99.75295479999218","99.75295479999218","75","80","80","fixed","1","1","50","751","14","50","21011936","v2.0-design-v1.0","0.5999999999999943","0","0.5999999999999943","100","true","18.243999999999993","18.243999999999993","50","99.4","0","300","994","994","0","0","0","0","0","1615","1390","0","220","5","0","220","0","5","5","1000","1997","3.994","66","4.956867411433801","0","42.4","3.606060606060606","10","323","750"
"167","BA","1000","2","0.1","30","0.1","0.5","1","legal","targeted","32.33751615464468","10","99.75295479999218","99.75295479999218","75","80","80","fixed","1","1","50","751","17","50","21011939","v2.0-design-v1.0","0.5","0","0.5","100","true","17.982","17.982","50","99.5","0","300","995","995","0","0","0","0","0","1615","1391","0","223","1","0","223","0","5","5","1000","1997","3.994","72","4.638693941346141","0","36.6","3.6646464646464647","10","323","750"
"168","BA","1000","2","0.1","30","0.1","0.5","1","legal","targeted","32.33751615464468","10","99.75295479999218","99.75295479999218","75","80","80","fixed","1","1","50","751","18","50","21011940","v2.0-design-v1.0","1","0","1","100","true","19.728000000000005","19.728000000000005","50","99","0","300","990","990","0","0","0","0","0","1615","1387","0","225","3","0","225","0","5","5","1000","1997","3.994","100","5.377814136327581","0","42.4","3.606060606060606","10","323","750"
"169","BA","1000","2","0.1","30","0.1","0.5","1","legal","targeted","32.33751615464468","10","99.75295479999218","99.75295479999218","75","80","80","fixed","1","1","50","751","19","50","21011941","v2.0-design-v1.0","1","0.1","0.9","99.9275887038378","true","19.622","19.521999999999995","50","99","1","300","990","990","0","0","0","0","0","1615","1380","1","230","4","0","231","0","5","5","1000","1997","3.994","73","5.080332053495488","0","42.6","3.604040404040404","10","323","750"
"170","BA","1000","2","0.1","30","0.1","0.5","1","legal","targeted","32.33751615464468","10","99.75295479999218","99.75295479999218","75","80","80","fixed","1","1","50","751","20","50","21011942","v2.0-design-v1.0","0.7000000000000028","0","0.7000000000000028","100","true","19.000000000000007","19.000000000000007","50","99.3","0","300","993","993","0","0","0","0","0","1615","1372","0","238","5","0","238","0","5","5","1000","1997","3.994","69","5.001497673595269","0","40.8","3.6222222222222222","10","323","750"
"171","BA","1000","2","0.1","30","0.1","0.5","1","legal","targeted","32.33751615464468","10","99.75295479999218","99.75295479999218","75","80","80","fixed","1","1","50","751","21","50","21011943","v2.0-design-v1.0","0.5999999999999943","0.1","0.49999999999999434","99.92795389048992","true","19.182000000000002","19.082000000000004","50","99.4","1","300","994","994","0","0","0","0","0","1615","1387","1","225","2","0","226","0","5","5","1000","1997","3.994","63","5.0775728203291814","0","43.9","3.590909090909091","10","323","750"
"172","BA","1000","2","0.1","30","0.1","0.5","1","legal","targeted","32.33751615464468","10","99.75295479999218","99.75295479999218","75","80","80","fixed","1","1","50","751","22","50","21011944","v2.0-design-v1.0","0.7999999999999972","0","0.7999999999999972","100","true","19.108000000000004","19.108000000000004","50","99.2","0","300","992","992","0","0","0","0","0","1615","1395","0","217","3","0","217","0","5","5","1000","1997","3.994","100","5.811689921162326","0","48.4","3.5454545454545454","10","323","750"
"173","BA","1000","2","0.1","30","0.1","0.5","1","legal","targeted","32.33751615464468","10","99.75295479999218","99.75295479999218","75","80","80","fixed","1","1","50","751","23","50","21011945","v2.0-design-v1.0","1.0999999999999943","0","1.0999999999999943","100","true","18.366000000000003","18.366000000000003","50","98.9","0","300","989","989","0","0","0","0","0","1615","1401","0","207","7","0","207","0","5","5","1000","1997","3.994","82","4.966148067328093","0","38.5","3.6454545454545455","10","323","750"
"174","BA","1000","2","0.1","30","0.1","0.5","1","legal","targeted","32.33751615464468","10","99.75295479999218","99.75295479999218","75","80","80","fixed","1","1","50","751","24","50","21011946","v2.0-design-v1.0","1","0","1","100","true","19.684000000000005","19.684000000000005","50","99","0","300","990","990","0","0","0","0","0","1615","1387","0","223","5","0","223","0","5","5","1000","1997","3.994","79","5.189884285694508","0","43","3.6","10","323","750"
"175","BA","1000","2","0.1","30","0.1","0.5","1","legal","targeted","32.33751615464468","10","99.75295479999218","99.75295479999218","75","80","80","fixed","1","1","50","751","25","50","21011947","v2.0-design-v1.0","0.4000000000000057","0","0.4000000000000057","100","true","19.788000000000004","19.788000000000004","50","99.6","0","300","996","996","0","0","0","0","0","1615","1380","0","232","3","0","232","0","5","5","1000","1997","3.994","89","5.2384544863351925","0","39.9","3.6313131313131315","10","323","750"
"176","BA","1000","2","0.1","30","0.1","0.5","1","legal","targeted","32.33751615464468","10","99.75295479999218","99.75295479999218","75","80","80","fixed","1","1","50","751","26","50","21011948","v2.0-design-v1.0","1","0","1","100","true","19.04","19.04","50","99","0","300","990","990","0","0","0","0","0","1615","1378","0","233","4","0","233","0","5","5","1000","1997","3.994","108","6.007166557541948","0","49.3","3.536363636363636","10","323","750"
"177","BA","1000","2","0.1","30","0.1","0.5","1","legal","targeted","32.33751615464468","10","99.75295479999218","99.75295479999218","75","80","80","fixed","1","1","50","751","27","50","21011949","v2.0-design-v1.0","1.0999999999999943","0.1","0.9999999999999943","99.92841803865426","true","18.726000000000003","18.625999999999998","50","98.9","1","300","989","989","0","0","0","0","0","1615","1396","1","213","5","0","214","0","5","5","1000","1997","3.994","64","5.269889537337157","0","47.8","3.5515151515151517","10","323","750"
"178","BA","1000","2","0.1","30","0.1","0.5","1","legal","targeted","32.33751615464468","10","99.75295479999218","99.75295479999218","75","80","80","fixed","1","1","50","751","28","50","21011950","v2.0-design-v1.0","0.29999999999999716","0","0.29999999999999716","100","true","18.90599999999999","18.90599999999999","50","99.7","0","300","997","997","0","0","0","0","0","1615","1394","0","217","4","0","217","0","5","5","1000","1997","3.994","82","5.6552582563439","0","48.4","3.5454545454545454","10","323","750"
"179","BA","1000","2","0.1","30","0.1","0.5","1","legal","targeted","32.33751615464468","10","99.75295479999218","99.75295479999218","75","80","80","fixed","1","1","50","751","29","50","21011951","v2.0-design-v1.0","0.7999999999999972","0","0.7999999999999972","100","true","18.826","18.826","50","99.2","0","300","992","992","0","0","0","0","0","1615","1393","0","216","6","0","216","0","5","5","1000","1997","3.994","86","5.564613996399826","0","44.7","3.5828282828282827","10","323","750"
"180","BA","1000","2","0.1","30","0.1","0.5","1","legal","targeted","32.33751615464468","10","99.75295479999218","99.75295479999218","75","80","80","fixed","1","1","50","751","30","50","21011952","v2.0-design-v1.0","1.2999999999999972","0.1","1.199999999999997","99.92826398852223","true","19.461999999999996","19.362000000000005","50","98.7","1","300","987","987","0","0","0","0","0","1615","1393","1","220","1","0","221","0","5","5","1000","1997","3.994","65","4.800521743415908","0","39.4","3.6363636363636362","10","323","750"
"181","BA","1000","2","0.1","30","0.1","0.5","1","legal","targeted","19.386761085633296","12","92.18372052649843","92.18372052649843","75","80","80","fixed","1","1","50","752","1","50","21012923","v2.0-design-v1.0","10","1.0999999999999999","8.9","98.6469864698647","true","11.805999999999994","10.705999999999994","50","90","11","300","900","900","0","0","0","0","0","970","802","11","98","59","0","109","0","5","5","1000","1997","3.994","69","5.0698784667551555","0","41.8","3.6121212121212123","10","194","750"
"182","BA","1000","2","0.1","30","0.1","0.5","1","legal","targeted","19.386761085633296","12","92.18372052649843","92.18372052649843","75","80","80","fixed","1","1","50","752","2","50","21012924","v2.0-design-v1.0","9.700000000000003","0.8999999999999999","8.800000000000002","98.89705882352942","true","11.978000000000014","11.077999999999996","50","90.3","9","300","903","903","0","0","0","0","0","970","807","9","99","55","0","108","0","5","5","1000","1997","3.994","76","4.959088278762181","0","40.8","3.6222222222222222","10","194","750"
"183","BA","1000","2","0.1","30","0.1","0.5","1","legal","targeted","19.386761085633296","12","92.18372052649843","92.18372052649843","75","80","80","fixed","1","1","50","752","3","50","21012925","v2.0-design-v1.0","11","1.0999999999999999","9.9","98.6469864698647","true","12.236000000000004","11.135999999999997","50","89","11","300","890","890","0","0","0","0","0","970","802","11","97","60","0","108","0","5","5","1000","1997","3.994","64","4.98284986657161","0","41","3.6202020202020204","10","194","750"
"184","BA","1000","2","0.1","30","0.1","0.5","1","legal","targeted","19.386761085633296","12","92.18372052649843","92.18372052649843","75","80","80","fixed","1","1","50","752","4","50","21012926","v2.0-design-v1.0","10","0.6","9.4","99.26017262638717","true","12.654000000000005","12.054000000000004","50","90","6","300","900","900","0","0","0","0","0","970","805","6","92","67","0","98","0","5","5","1000","1997","3.994","102","5.970562085064683","0","49.6","3.533333333333333","10","194","750"
"185","BA","1000","2","0.1","30","0.1","0.5","1","legal","targeted","19.386761085633296","12","92.18372052649843","92.18372052649843","75","80","80","fixed","1","1","50","752","5","50","21012927","v2.0-design-v1.0","9.5","0.8","8.7","99.02080783353733","true","12.293999999999997","11.494000000000007","50","90.5","8","300","905","905","0","0","0","0","0","970","809","8","97","56","0","105","0","5","5","1000","1997","3.994","71","5.388784928256359","0","46.3","3.566666666666667","10","194","750"
"186","BA","1000","2","0.1","30","0.1","0.5","1","legal","targeted","19.386761085633296","12","92.18372052649843","92.18372052649843","75","80","80","fixed","1","1","50","752","6","50","21012928","v2.0-design-v1.0","9.799999999999997","0.5","9.299999999999997","99.37578027465668","true","11.694","11.193999999999999","50","90.2","5","300","902","902","0","0","0","0","0","970","796","5","101","68","0","106","0","5","5","1000","1997","3.994","113","5.788563852241024","0","45","3.5797979797979798","10","194","750"
"187","BA","1000","2","0.1","30","0.1","0.5","1","legal","targeted","19.386761085633296","12","92.18372052649843","92.18372052649843","75","80","80","fixed","1","1","50","752","7","50","21012929","v2.0-design-v1.0","10.599999999999994","0.8","9.799999999999994","99.02676399026764","true","12.564000000000007","11.763999999999992","50","89.4","8","300","894","894","0","0","0","0","0","970","814","8","104","44","0","112","0","5","5","1000","1997","3.994","63","5.1947039327519775","0","44","3.5898989898989897","10","194","750"
"188","BA","1000","2","0.1","30","0.1","0.5","1","legal","targeted","19.386761085633296","12","92.18372052649843","92.18372052649843","75","80","80","fixed","1","1","50","752","8","50","21012930","v2.0-design-v1.0","9.799999999999997","1.3","8.499999999999996","98.42615012106538","true","11.468000000000004","10.167999999999994","50","90.2","13","300","902","902","0","0","0","0","0","970","813","13","87","57","0","100","0","5","5","1000","1997","3.994","90","5.231379486457775","0","43.3","3.596969696969697","10","194","750"
"189","BA","1000","2","0.1","30","0.1","0.5","1","legal","targeted","19.386761085633296","12","92.18372052649843","92.18372052649843","75","80","80","fixed","1","1","50","752","9","50","21012931","v2.0-design-v1.0","9.200000000000003","0.5","8.700000000000003","99.39172749391727","true","12.61","12.11","50","90.8","5","300","908","908","0","0","0","0","0","970","817","5","83","65","0","88","0","5","5","1000","1997","3.994","78","5.4607493793236594","0","46.5","3.5646464646464646","10","194","750"
"190","BA","1000","2","0.1","30","0.1","0.5","1","legal","targeted","19.386761085633296","12","92.18372052649843","92.18372052649843","75","80","80","fixed","1","1","50","752","10","50","21012932","v2.0-design-v1.0","9.5","0.8","8.7","99.00249376558602","true","10.916000000000002","10.116","50","90.5","8","300","905","905","0","0","0","0","0","970","794","8","98","70","0","106","0","5","5","1000","1997","3.994","69","5.377069543615442","0","47.6","3.5535353535353535","10","194","750"
"191","BA","1000","2","0.1","30","0.1","0.5","1","legal","targeted","19.386761085633296","12","92.18372052649843","92.18372052649843","75","80","80","fixed","1","1","50","752","11","50","21012933","v2.0-design-v1.0","9.799999999999997","0.2","9.599999999999998","99.75339087546239","true","12.200000000000005","12","50","90.2","2","300","902","902","0","0","0","0","0","970","809","2","91","68","0","93","0","5","5","1000","1997","3.994","91","5.09783796838933","0","39.8","3.632323232323232","10","194","750"
"192","BA","1000","2","0.1","30","0.1","0.5","1","legal","targeted","19.386761085633296","12","92.18372052649843","92.18372052649843","75","80","80","fixed","1","1","50","752","12","50","21012934","v2.0-design-v1.0","10.200000000000003","0.7000000000000001","9.500000000000004","99.12390488110138","true","12.490000000000009","11.79","50","89.8","7","300","898","898","0","0","0","0","0","970","792","7","103","68","0","110","0","5","5","1000","1997","3.994","87","5.3731587390318865","0","46.2","3.5676767676767676","10","194","750"
"193","BA","1000","2","0.1","30","0.1","0.5","1","legal","targeted","19.386761085633296","12","92.18372052649843","92.18372052649843","75","80","80","fixed","1","1","50","752","13","50","21012935","v2.0-design-v1.0","10.799999999999997","0.6","10.199999999999998","99.25742574257426","true","11.765999999999998","11.165999999999999","50","89.2","6","300","892","892","0","0","0","0","0","970","802","6","95","67","0","101","0","5","5","1000","1997","3.994","127","6.11386484503409","0","50","3.529292929292929","10","194","750"
"194","BA","1000","2","0.1","30","0.1","0.5","1","legal","targeted","19.386761085633296","12","92.18372052649843","92.18372052649843","75","80","80","fixed","1","1","50","752","14","50","21012936","v2.0-design-v1.0","9.599999999999994","0.8","8.799999999999994","99.01477832512316","true","12.405999999999999","11.605999999999996","50","90.4","8","300","904","904","0","0","0","0","0","970","804","8","97","61","0","105","0","5","5","1000","1997","3.994","60","4.705965374937435","0","38.5","3.6454545454545455","10","194","750"
"195","BA","1000","2","0.1","30","0.1","0.5","1","legal","targeted","19.386761085633296","12","92.18372052649843","92.18372052649843","75","80","80","fixed","1","1","50","752","15","50","21012937","v2.0-design-v1.0","9.5","1","8.5","98.73257287705957","true","12.012000000000002","11.036000000000003","50","90.5","10","300","905","905","0","0","0","0","0","970","779","10","94","87","0","104","0","5","5","1000","1997","3.994","92","5.5200031190602","0","44.7","3.5828282828282827","10","194","750"
"196","BA","1000","2","0.1","30","0.1","0.5","1","legal","targeted","19.386761085633296","12","92.18372052649843","92.18372052649843","75","80","80","fixed","1","1","50","752","16","50","21012938","v2.0-design-v1.0","10.099999999999994","0.8","9.299999999999994","98.98605830164765","true","11.430000000000001","10.629999999999997","50","89.9","8","300","899","899","0","0","0","0","0","970","781","8","102","79","0","110","0","5","5","1000","1997","3.994","106","5.329574876889176","0","42.6","3.604040404040404","10","194","750"
"197","BA","1000","2","0.1","30","0.1","0.5","1","legal","targeted","19.386761085633296","12","92.18372052649843","92.18372052649843","75","80","80","fixed","1","1","50","752","17","50","21012939","v2.0-design-v1.0","9.5","1","8.5","98.77450980392157","true","11.716000000000003","10.716","50","90.5","10","300","905","905","0","0","0","0","0","970","806","10","90","64","0","100","0","5","5","1000","1997","3.994","69","4.886086147197749","0","39.3","3.6373737373737374","10","194","750"
"199","BA","1000","2","0.1","30","0.1","0.5","1","legal","targeted","19.386761085633296","12","92.18372052649843","92.18372052649843","75","80","80","fixed","1","1","50","752","19","50","21012941","v2.0-design-v1.0","10.5","0.6","9.9","99.25742574257426","true","11.898000000000007","11.297999999999996","50","89.5","6","300","895","895","0","0","0","0","0","970","802","6","95","67","0","101","0","5","5","1000","1997","3.994","101","5.704603974554798","0","47.2","3.5575757575757576","10","194","750"
"198","BA","1000","2","0.1","30","0.1","0.5","1","legal","targeted","19.386761085633296","12","92.18372052649843","92.18372052649843","75","80","80","fixed","1","1","50","752","18","50","21012940","v2.0-design-v1.0","10.399999999999991","0.7000000000000001","9.699999999999992","99.14004914004913","true","12.286000000000003","11.610000000000005","50","89.60000000000001","7","300","896","896","0","0","0","0","0","970","807","7","90","66","0","97","0","5","5","1000","1997","3.994","81","5.111172868147586","0","40.4","3.6262626262626263","10","194","750"
"200","BA","1000","2","0.1","30","0.1","0.5","1","legal","targeted","19.386761085633296","12","92.18372052649843","92.18372052649843","75","80","80","fixed","1","1","50","752","20","50","21012942","v2.0-design-v1.0","9.5","1.0999999999999999","8.4","98.60406091370558","true","11.855999999999996","10.756000000000002","50","90.5","11","300","905","905","0","0","0","0","0","970","777","11","101","81","0","112","0","5","5","1000","1997","3.994","77","5.399177262798012","0","46.1","3.5686868686868687","10","194","750"
"201","BA","1000","2","0.1","30","0.1","0.5","1","legal","targeted","19.386761085633296","12","92.18372052649843","92.18372052649843","75","80","80","fixed","1","1","50","752","21","50","21012943","v2.0-design-v1.0","11","0.6","10.4","99.26108374384236","true","11.754000000000001","11.153999999999996","50","89","6","300","890","890","0","0","0","0","0","970","806","6","97","61","0","103","0","5","5","1000","1997","3.994","68","4.625078956661745","0","36.5","3.665656565656566","10","194","750"
"202","BA","1000","2","0.1","30","0.1","0.5","1","legal","targeted","19.386761085633296","12","92.18372052649843","92.18372052649843","75","80","80","fixed","1","1","50","752","22","50","21012944","v2.0-design-v1.0","9.200000000000003","0.8","8.400000000000002","98.9795918367347","true","11.760000000000002","10.959999999999997","50","90.8","8","300","908","908","0","0","0","0","0","970","776","8","108","78","0","116","0","5","5","1000","1997","3.994","95","5.766213073865132","0","47.7","3.5525252525252524","10","194","750"
"203","BA","1000","2","0.1","30","0.1","0.5","1","legal","targeted","19.386761085633296","12","92.18372052649843","92.18372052649843","75","80","80","fixed","1","1","50","752","23","50","21012945","v2.0-design-v1.0","9.200000000000003","0.8999999999999999","8.300000000000002","98.8957055214724","true","12.272","11.372","50","90.8","9","300","908","908","0","0","0","0","0","970","806","9","93","62","0","102","0","5","5","1000","1997","3.994","76","5.048311544412582","0","41","3.6202020202020204","10","194","750"
"204","BA","1000","2","0.1","30","0.1","0.5","1","legal","targeted","19.386761085633296","12","92.18372052649843","92.18372052649843","75","80","80","fixed","1","1","50","752","24","50","21012946","v2.0-design-v1.0","9.599999999999994","1.2","8.399999999999995","98.51301115241635","true","12.056000000000004","10.856000000000002","50","90.4","12","300","904","904","0","0","0","0","0","970","795","12","93","70","0","105","0","5","5","1000","1997","3.994","66","5.246283206946359","0","46.5","3.5646464646464646","10","194","750"
"205","BA","1000","2","0.1","30","0.1","0.5","1","legal","targeted","19.386761085633296","12","92.18372052649843","92.18372052649843","75","80","80","fixed","1","1","50","752","25","50","21012947","v2.0-design-v1.0","9.599999999999994","0.8999999999999999","8.699999999999994","98.87920298879203","true","12.010000000000007","11.134000000000006","50","90.4","9","300","904","904","0","0","0","0","0","970","794","9","103","64","0","112","0","5","5","1000","1997","3.994","89","5.403625002085455","0","43.2","3.597979797979798","10","194","750"
"206","BA","1000","2","0.1","30","0.1","0.5","1","legal","targeted","19.386761085633296","12","92.18372052649843","92.18372052649843","75","80","80","fixed","1","1","50","752","26","50","21012948","v2.0-design-v1.0","9.799999999999997","1.0999999999999999","8.699999999999998","98.6682808716707","true","12.744000000000002","11.643999999999998","50","90.2","11","300","902","902","0","0","0","0","0","970","815","11","81","63","0","92","0","5","5","1000","1997","3.994","110","6.022311203535774","0","49.5","3.5343434343434343","10","194","750"
"207","BA","1000","2","0.1","30","0.1","0.5","1","legal","targeted","19.386761085633296","12","92.18372052649843","92.18372052649843","75","80","80","fixed","1","1","50","752","27","50","21012949","v2.0-design-v1.0","10","1.2","8.8","98.56459330143541","true","12.154000000000003","10.977999999999998","50","90","12","300","900","900","0","0","0","0","0","970","824","12","76","58","0","88","0","5","5","1000","1997","3.994","68","5.071852490726398","0","43.2","3.597979797979798","10","194","750"
"208","BA","1000","2","0.1","30","0.1","0.5","1","legal","targeted","19.386761085633296","12","92.18372052649843","92.18372052649843","75","80","80","fixed","1","1","50","752","28","50","21012950","v2.0-design-v1.0","10.099999999999994","0.7000000000000001","9.399999999999995","99.1504854368932","true","12.28600000000001","11.586000000000002","50","89.9","7","300","899","899","0","0","0","0","0","970","817","7","87","59","0","94","0","5","5","1000","1997","3.994","91","5.118414028013176","0","39.5","3.6353535353535356","10","194","750"
"209","BA","1000","2","0.1","30","0.1","0.5","1","legal","targeted","19.386761085633296","12","92.18372052649843","92.18372052649843","75","80","80","fixed","1","1","50","752","29","50","21012951","v2.0-design-v1.0","9.899999999999991","0.8999999999999999","8.999999999999991","98.88475836431226","true","12.212","11.312000000000005","50","90.10000000000001","9","300","901","901","0","0","0","0","0","970","798","9","95","68","0","104","0","5","5","1000","1997","3.994","51","4.7074541021792236","0","38.5","3.6454545454545455","10","194","750"
"210","BA","1000","2","0.1","30","0.1","0.5","1","legal","targeted","19.386761085633296","12","92.18372052649843","92.18372052649843","75","80","80","fixed","1","1","50","752","30","50","21012952","v2.0-design-v1.0","10","0.8999999999999999","9.1","98.86934673366834","true","12.522000000000002","11.645999999999994","50","90","9","300","900","900","0","0","0","0","0","970","787","9","87","87","0","96","0","5","5","1000","1997","3.994","61","4.788621398157806","0","39.2","3.6383838383838385","10","194","750"
"211","BA","1000","2","0.1","30","0.1","0.5","1","legal","targeted","89.96265117154962","5","81.77114222687985","81.77114222687985","75","80","80","fixed","1","1","50","753","1","50","21013923","v2.0-design-v1.0","61.9","57.099999999999994","4.800000000000004","79.5651157353285","true","77.37800000000001","40.378","50","38.1","571","300","381","381","0","0","0","0","0","9000","3403","874","4020","703","0","4894","0","10","10","1000","1997","3.994","83","5.153301904654962","0","42.7","3.603030303030303","10","900","750"
"212","BA","1000","2","0.1","30","0.1","0.5","1","legal","targeted","89.96265117154962","5","81.77114222687985","81.77114222687985","75","80","80","fixed","1","1","50","753","2","50","21013924","v2.0-design-v1.0","58.2","55.300000000000004","2.8999999999999986","81.61384580804675","true","74.13","39.37999999999999","50","41.8","553","300","418","418","0","0","0","0","0","9000","3631","818","3710","841","0","4528","0","10","10","1000","1997","3.994","72","4.939267188597946","0","40.8","3.6222222222222222","10","900","750"
"213","BA","1000","2","0.1","30","0.1","0.5","1","legal","targeted","89.96265117154962","5","81.77114222687985","81.77114222687985","75","80","80","fixed","1","1","50","753","3","50","21013925","v2.0-design-v1.0","52.1","57.599999999999994","-5.499999999999993","79.73977695167285","true","75.334","38.274000000000015","50","47.9","576","300","479","479","0","0","0","0","0","9000","3432","872","3900","796","0","4772","0","10","10","1000","1997","3.994","63","4.976216105307991","0","42.1","3.609090909090909","10","900","750"
"214","BA","1000","2","0.1","30","0.1","0.5","1","legal","targeted","89.96265117154962","5","81.77114222687985","81.77114222687985","75","80","80","fixed","1","1","50","753","4","50","21013926","v2.0-design-v1.0","61.9","57.4","4.5","79.65446692430098","true","76.18799999999999","40.168000000000006","50","38.1","574","300","381","381","0","0","0","0","0","9000","3504","895","3828","773","0","4723","0","10","10","1000","1997","3.994","97","5.264758463755162","0","41.2","3.618181818181818","10","900","750"
"215","BA","1000","2","0.1","30","0.1","0.5","1","legal","targeted","89.96265117154962","5","81.77114222687985","81.77114222687985","75","80","80","fixed","1","1","50","753","5","50","21013927","v2.0-design-v1.0","63.7","58.5","5.200000000000003","79.86891385767791","true","77.872","41.24200000000002","50","36.3","585","300","363","363","0","0","0","0","0","9000","3412","860","4020","708","0","4880","0","10","10","1000","1997","3.994","89","5.316787773856707","0","43.2","3.597979797979798","10","900","750"
"216","BA","1000","2","0.1","30","0.1","0.5","1","legal","targeted","89.96265117154962","5","81.77114222687985","81.77114222687985","75","80","80","fixed","1","1","50","753","6","50","21013928","v2.0-design-v1.0","61.5","52.5","9","82.28101378390396","true","73.93799999999999","38.808","50","38.5","525","300","385","385","0","0","0","0","0","9000","3701","797","3662","840","0","4459","0","10","10","1000","1997","3.994","107","5.720724664820936","0","47.2","3.5575757575757576","10","900","750"
"217","BA","1000","2","0.1","30","0.1","0.5","1","legal","targeted","89.96265117154962","5","81.77114222687985","81.77114222687985","75","80","80","fixed","1","1","50","753","7","50","21013929","v2.0-design-v1.0","58.4","53.1","5.299999999999997","82.5604615043266","true","73.96199999999999","39.141999999999996","50","41.6","531","300","416","416","0","0","0","0","0","9000","3721","786","3668","825","0","4454","0","10","10","1000","1997","3.994","116","5.6131516522780105","0","44.3","3.5868686868686868","10","900","750"
"218","BA","1000","2","0.1","30","0.1","0.5","1","legal","targeted","89.96265117154962","5","81.77114222687985","81.77114222687985","75","80","80","fixed","1","1","50","753","8","50","21013930","v2.0-design-v1.0","56.8","55.50000000000001","1.29999999999999","81.5408947130592","true","73.94200000000001","38.412","50","43.2","555","300","432","432","0","0","0","0","0","9000","3609","817","3719","855","0","4536","0","10","10","1000","1997","3.994","61","4.9832516288861735","0","39.8","3.632323232323232","10","900","750"
"219","BA","1000","2","0.1","30","0.1","0.5","1","legal","targeted","89.96265117154962","5","81.77114222687985","81.77114222687985","75","80","80","fixed","1","1","50","753","9","50","21013931","v2.0-design-v1.0","57.4","57.4","0","79.84583994559057","true","75.172","38.01200000000001","50","42.6","574","300","426","426","0","0","0","0","0","9000","3522","889","3759","830","0","4648","0","10","10","1000","1997","3.994","66","5.144942607496646","0","45.1","3.5787878787878786","10","900","750"
"220","BA","1000","2","0.1","30","0.1","0.5","1","legal","targeted","89.96265117154962","5","81.77114222687985","81.77114222687985","75","80","80","fixed","1","1","50","753","10","50","21013932","v2.0-design-v1.0","56.6","58.199999999999996","-1.5999999999999943","78.7570888468809","true","77.44800000000001","39.86800000000001","50","43.4","582","300","434","434","0","0","0","0","0","9000","3333","899","4044","724","0","4943","0","10","10","1000","1997","3.994","93","5.2636175459155075","0","44.2","3.587878787878788","10","900","750"
"221","BA","1000","2","0.1","30","0.1","0.5","1","legal","targeted","89.96265117154962","5","81.77114222687985","81.77114222687985","75","80","80","fixed","1","1","50","753","11","50","21013933","v2.0-design-v1.0","68.4","58.699999999999996","9.70000000000001","79.26800472255017","true","77.60799999999999","40.178","50","31.6","587","300","316","316","0","0","0","0","0","9000","3357","878","4029","736","0","4907","0","10","10","1000","1997","3.994","74","4.7787865406189365","0","38.5","3.6454545454545455","10","900","750"
"222","BA","1000","2","0.1","30","0.1","0.5","1","legal","targeted","89.96265117154962","5","81.77114222687985","81.77114222687985","75","80","80","fixed","1","1","50","753","12","50","21013934","v2.0-design-v1.0","59.1","56.89999999999999","2.20000000000001","79.92758542656709","true","75.64800000000001","37.878","50","40.9","569","300","409","409","0","0","0","0","0","9000","3532","887","3812","769","0","4699","0","10","10","1000","1997","3.994","78","5.309063019982911","0","44.3","3.5868686868686868","10","900","750"
"223","BA","1000","2","0.1","30","0.1","0.5","1","legal","targeted","89.96265117154962","5","81.77114222687985","81.77114222687985","75","80","80","fixed","1","1","50","753","13","50","21013935","v2.0-design-v1.0","60.3","60.6","-0.30000000000000426","77.9842080817464","true","77.21800000000002","37.848","50","39.7","606","300","397","397","0","0","0","0","0","9000","3358","948","3961","733","0","4909","0","10","10","1000","1997","3.994","67","5.01349170729333","0","41.7","3.613131313131313","10","900","750"
"224","BA","1000","2","0.1","30","0.1","0.5","1","legal","targeted","89.96265117154962","5","81.77114222687985","81.77114222687985","75","80","80","fixed","1","1","50","753","14","50","21013936","v2.0-design-v1.0","61.199999999999996","59.3","1.8999999999999986","78.78508973768983","true","77.20199999999998","39.192000000000014","50","38.800000000000004","593","300","388","388","0","0","0","0","0","9000","3424","922","3932","722","0","4854","0","10","10","1000","1997","3.994","97","5.062765607412167","0","39.9","3.6313131313131315","10","900","750"
"225","BA","1000","2","0.1","30","0.1","0.5","1","legal","targeted","89.96265117154962","5","81.77114222687985","81.77114222687985","75","80","80","fixed","1","1","50","753","15","50","21013937","v2.0-design-v1.0","60.9","57.099999999999994","3.8000000000000043","80.96314718516844","true","74.87799999999999","37.74799999999998","50","39.1","571","300","391","391","0","0","0","0","0","9000","3581","842","3772","805","0","4614","0","10","10","1000","1997","3.994","70","5.173657384358827","0","44.1","3.588888888888889","10","900","750"
"226","BA","1000","2","0.1","30","0.1","0.5","1","legal","targeted","89.96265117154962","5","81.77114222687985","81.77114222687985","75","80","80","fixed","1","1","50","753","16","50","21013938","v2.0-design-v1.0","62.4","58.3","4.100000000000001","79.91092358180966","true","76.62599999999999","39.44599999999999","50","37.6","583","300","376","376","0","0","0","0","0","9000","3409","857","3962","772","0","4819","0","10","10","1000","1997","3.994","94","5.501293323231197","0","44.5","3.584848484848485","10","900","750"
"227","BA","1000","2","0.1","30","0.1","0.5","1","legal","targeted","89.96265117154962","5","81.77114222687985","81.77114222687985","75","80","80","fixed","1","1","50","753","17","50","21013939","v2.0-design-v1.0","56.3","58.099999999999994","-1.7999999999999972","80.29857498303551","true","74.994","36.88400000000001","50","43.7","581","300","437","437","0","0","0","0","0","9000","3550","871","3767","812","0","4638","0","10","10","1000","1997","3.994","71","5.323561242655542","0","45.7","3.5727272727272728","10","900","750"
"228","BA","1000","2","0.1","30","0.1","0.5","1","legal","targeted","89.96265117154962","5","81.77114222687985","81.77114222687985","75","80","80","fixed","1","1","50","753","18","50","21013940","v2.0-design-v1.0","55.7","53.5","2.200000000000003","81.85701438848922","true","74.71","39.34000000000001","50","44.3","535","300","443","443","0","0","0","0","0","9000","3641","807","3753","799","0","4560","0","10","10","1000","1997","3.994","96","5.607977658070095","0","45.8","3.5717171717171716","10","900","750"
"229","BA","1000","2","0.1","30","0.1","0.5","1","legal","targeted","89.96265117154962","5","81.77114222687985","81.77114222687985","75","80","80","fixed","1","1","50","753","19","50","21013941","v2.0-design-v1.0","60.4","52.300000000000004","8.099999999999994","82.68447261204165","true","75.09599999999999","41.535999999999994","50","39.6","523","300","396","396","0","0","0","0","0","9000","3653","765","3792","790","0","4557","0","10","10","1000","1997","3.994","81","5.169786329307102","0","44.2","3.587878787878788","10","900","750"
"230","BA","1000","2","0.1","30","0.1","0.5","1","legal","targeted","89.96265117154962","5","81.77114222687985","81.77114222687985","75","80","80","fixed","1","1","50","753","20","50","21013942","v2.0-design-v1.0","59.8","57.49999999999999","2.3000000000000043","80.2170472529957","true","75.68000000000004","38.07","50","40.2","575","300","402","402","0","0","0","0","0","9000","3548","875","3809","768","0","4684","0","10","10","1000","1997","3.994","77","5.071457747401986","0","41.8","3.6121212121212123","10","900","750"
"231","BA","1000","2","0.1","30","0.1","0.5","1","legal","targeted","89.96265117154962","5","81.77114222687985","81.77114222687985","75","80","80","fixed","1","1","50","753","21","50","21013943","v2.0-design-v1.0","57.4","56.49999999999999","0.9000000000000057","80.87731322823852","true","74.01400000000001","37.56399999999999","50","42.6","565","300","426","426","0","0","0","0","0","9000","3540","837","3723","900","0","4560","0","10","10","1000","1997","3.994","70","4.837702695222933","0","39.4","3.6363636363636362","10","900","750"
"232","BA","1000","2","0.1","30","0.1","0.5","1","legal","targeted","89.96265117154962","5","81.77114222687985","81.77114222687985","75","80","80","fixed","1","1","50","753","22","50","21013944","v2.0-design-v1.0","59.599999999999994","57.599999999999994","2","81.09262589928058","true","74.61200000000001","37.722","50","40.400000000000006","576","300","404","404","0","0","0","0","0","9000","3607","841","3703","849","0","4544","0","10","10","1000","1997","3.994","86","5.583649446476835","0","47.1","3.5585858585858587","10","900","750"
"233","BA","1000","2","0.1","30","0.1","0.5","1","legal","targeted","89.96265117154962","5","81.77114222687985","81.77114222687985","75","80","80","fixed","1","1","50","753","23","50","21013945","v2.0-design-v1.0","60.199999999999996","53.2","6.999999999999993","82.24878264718902","true","74.298","40.478","50","39.800000000000004","532","300","398","398","0","0","0","0","0","9000","3716","802","3673","809","0","4475","0","10","10","1000","1997","3.994","80","5.357300128298265","0","46","3.56969696969697","10","900","750"
"234","BA","1000","2","0.1","30","0.1","0.5","1","legal","targeted","89.96265117154962","5","81.77114222687985","81.77114222687985","75","80","80","fixed","1","1","50","753","24","50","21013946","v2.0-design-v1.0","56.7","54.1","2.6000000000000014","82.0245120290513","true","74.16399999999999","39.204","50","43.3","541","300","433","433","0","0","0","0","0","9000","3614","792","3748","846","0","4540","0","10","10","1000","1997","3.994","96","5.327508455774263","0","43.6","3.5939393939393938","10","900","750"
"235","BA","1000","2","0.1","30","0.1","0.5","1","legal","targeted","89.96265117154962","5","81.77114222687985","81.77114222687985","75","80","80","fixed","1","1","50","753","25","50","21013947","v2.0-design-v1.0","60.699999999999996","54.800000000000004","5.8999999999999915","81.56299124185942","true","75.04799999999999","39.827999999999996","50","39.300000000000004","548","300","393","393","0","0","0","0","0","9000","3632","821","3762","785","0","4583","0","10","10","1000","1997","3.994","80","4.987869569549983","0","40.8","3.6222222222222222","10","900","750"
"236","BA","1000","2","0.1","30","0.1","0.5","1","legal","targeted","89.96265117154962","5","81.77114222687985","81.77114222687985","75","80","80","fixed","1","1","50","753","26","50","21013948","v2.0-design-v1.0","53.4","56.10000000000001","-2.70000000000001","80.46928916494134","true","75.426","38.036","50","46.6","561","300","466","466","0","0","0","0","0","9000","3498","849","3867","786","0","4716","0","10","10","1000","1997","3.994","67","5.079346785145082","0","43.6","3.5939393939393938","10","900","750"
"237","BA","1000","2","0.1","30","0.1","0.5","1","legal","targeted","89.96265117154962","5","81.77114222687985","81.77114222687985","75","80","80","fixed","1","1","50","753","27","50","21013949","v2.0-design-v1.0","57.7","59.199999999999996","-1.499999999999993","80.06286484059272","true","74.99599999999998","36.416","50","42.3","592","300","423","423","0","0","0","0","0","9000","3566","888","3733","813","0","4621","0","10","10","1000","1997","3.994","78","5.300760517327866","0","45.6","3.573737373737374","10","900","750"
"238","BA","1000","2","0.1","30","0.1","0.5","1","legal","targeted","89.96265117154962","5","81.77114222687985","81.77114222687985","75","80","80","fixed","1","1","50","753","28","50","21013950","v2.0-design-v1.0","67.1","59.599999999999994","7.5","78.16470588235293","true","77.56","39.60000000000001","50","32.9","596","300","329","329","0","0","0","0","0","9000","3322","928","4014","736","0","4942","0","10","10","1000","1997","3.994","64","4.927092473278749","0","40.3","3.6272727272727274","10","900","750"
"239","BA","1000","2","0.1","30","0.1","0.5","1","legal","targeted","89.96265117154962","5","81.77114222687985","81.77114222687985","75","80","80","fixed","1","1","50","753","29","50","21013951","v2.0-design-v1.0","60.3","56.599999999999994","3.700000000000003","79.38731892662075","true","78.122","42.321999999999996","50","39.7","566","300","397","397","0","0","0","0","0","9000","3343","868","4122","667","0","4990","0","10","10","1000","1997","3.994","75","5.090370897672955","0","42.6","3.604040404040404","10","900","750"
"240","BA","1000","2","0.1","30","0.1","0.5","1","legal","targeted","89.96265117154962","5","81.77114222687985","81.77114222687985","75","80","80","fixed","1","1","50","753","30","50","21013952","v2.0-design-v1.0","57.7","58.3","-0.5999999999999943","79.14197677174685","true","76.84599999999999","39.56599999999999","50","42.3","583","300","423","423","0","0","0","0","0","9000","3339","880","4005","776","0","4885","0","10","10","1000","1997","3.994","68","4.716801057094954","0","40","3.6303030303030304","10","900","750"
"241","BA","1000","2","0.1","30","0.1","0.5","1","legal","targeted","74.6375876061383","14","96.65550609145666","96.65550609145666","75","80","80","fixed","1","1","50","754","1","50","21014923","v2.0-design-v1.0","24.900000000000006","2","22.900000000000006","99.14420196833548","true","41.144","39.284","50","75.1","20","300","751","751","0","0","0","0","0","2984","2317","20","580","67","0","600","0","4","4","1000","1997","3.994","67","4.882192110087407","0","40.6","3.624242424242424","10","746","750"
"242","BA","1000","2","0.1","30","0.1","0.5","1","legal","targeted","74.6375876061383","14","96.65550609145666","96.65550609145666","75","80","80","fixed","1","1","50","754","2","50","21014924","v2.0-design-v1.0","24.299999999999997","2.6","21.699999999999996","98.88555507929703","true","41.732","39.552","50","75.7","26","300","757","757","0","0","0","0","0","2984","2307","26","559","92","0","585","0","4","4","1000","1997","3.994","78","4.931965965848525","0","38.6","3.6444444444444444","10","746","750"
"243","BA","1000","2","0.1","30","0.1","0.5","1","legal","targeted","74.6375876061383","14","96.65550609145666","96.65550609145666","75","80","80","fixed","1","1","50","754","3","50","21014925","v2.0-design-v1.0","27.900000000000006","2.3","25.600000000000005","99.02707275803722","true","40.98399999999999","38.936","50","72.1","23","300","721","721","0","0","0","0","0","2984","2341","23","544","76","0","567","0","4","4","1000","1997","3.994","82","5.457815657545762","0","45.5","3.5747474747474746","10","746","750"
"244","BA","1000","2","0.1","30","0.1","0.5","1","legal","targeted","74.6375876061383","14","96.65550609145666","96.65550609145666","75","80","80","fixed","1","1","50","754","4","50","21014926","v2.0-design-v1.0","24.200000000000003","1.6","22.6","99.3040452370596","true","41.017999999999994","39.558","50","75.8","16","300","758","758","0","0","0","0","0","2984","2283","16","587","98","0","603","0","4","4","1000","1997","3.994","61","4.944331138830638","0","42","3.61010101010101","10","746","750"
"245","BA","1000","2","0.1","30","0.1","0.5","1","legal","targeted","74.6375876061383","14","96.65550609145666","96.65550609145666","75","80","80","fixed","1","1","50","754","5","50","21014927","v2.0-design-v1.0","25.5","1.5","24","99.35787671232876","true","38.966","37.69","50","74.5","15","300","745","745","0","0","0","0","0","2984","2321","15","567","81","0","582","0","4","4","1000","1997","3.994","94","5.452861422931777","0","44.8","3.581818181818182","10","746","750"
"246","BA","1000","2","0.1","30","0.1","0.5","1","legal","targeted","74.6375876061383","14","96.65550609145666","96.65550609145666","75","80","80","fixed","1","1","50","754","6","50","21014928","v2.0-design-v1.0","24.099999999999994","1.7999999999999998","22.299999999999994","99.21534437663469","true","43.27000000000001","41.74999999999999","50","75.9","18","300","759","759","0","0","0","0","0","2984","2276","18","608","82","0","626","0","4","4","1000","1997","3.994","71","5.104705870275183","0","44","3.5898989898989897","10","746","750"
"247","BA","1000","2","0.1","30","0.1","0.5","1","legal","targeted","74.6375876061383","14","96.65550609145666","96.65550609145666","75","80","80","fixed","1","1","50","754","7","50","21014929","v2.0-design-v1.0","18.700000000000003","1.7999999999999998","16.900000000000002","99.22246220302375","true","40.77600000000001","39.256","50","81.3","18","300","813","813","0","0","0","0","0","2984","2297","18","596","73","0","614","0","4","4","1000","1997","3.994","103","5.711969064218618","0","48.9","3.54040404040404","10","746","750"
"248","BA","1000","2","0.1","30","0.1","0.5","1","legal","targeted","74.6375876061383","14","96.65550609145666","96.65550609145666","75","80","80","fixed","1","1","50","754","8","50","21014930","v2.0-design-v1.0","24.200000000000003","1.7999999999999998","22.400000000000002","99.21671018276761","true","41.078","39.586000000000006","50","75.8","18","300","758","758","0","0","0","0","0","2984","2280","18","597","89","0","615","0","4","4","1000","1997","3.994","58","4.728882143416799","0","40.5","3.625252525252525","10","746","750"
"249","BA","1000","2","0.1","30","0.1","0.5","1","legal","targeted","74.6375876061383","14","96.65550609145666","96.65550609145666","75","80","80","fixed","1","1","50","754","9","50","21014931","v2.0-design-v1.0","23.400000000000006","1.9","21.500000000000007","99.18314703353397","true","40.16600000000002","38.518","50","76.6","19","300","766","766","0","0","0","0","0","2984","2307","19","567","91","0","586","0","4","4","1000","1997","3.994","80","5.261905705317378","0","43","3.6","10","746","750"
"250","BA","1000","2","0.1","30","0.1","0.5","1","legal","targeted","74.6375876061383","14","96.65550609145666","96.65550609145666","75","80","80","fixed","1","1","50","754","10","50","21014932","v2.0-design-v1.0","22.5","3.1","19.4","98.67294520547945","true","41.00400000000001","38.464","50","77.5","31","300","775","775","0","0","0","0","0","2984","2305","31","573","75","0","604","0","4","4","1000","1997","3.994","97","5.5741398471006205","0","45.6","3.573737373737374","10","746","750"
"251","BA","1000","2","0.1","30","0.1","0.5","1","legal","targeted","74.6375876061383","14","96.65550609145666","96.65550609145666","75","80","80","fixed","1","1","50","754","11","50","21014933","v2.0-design-v1.0","26.599999999999994","2.4","24.199999999999996","98.96103896103897","true","42.798","40.706","50","73.4","24","300","734","734","0","0","0","0","0","2984","2286","24","593","81","0","617","0","4","4","1000","1997","3.994","79","4.870902348609505","0","38.5","3.6454545454545455","10","746","750"
"252","BA","1000","2","0.1","30","0.1","0.5","1","legal","targeted","74.6375876061383","14","96.65550609145666","96.65550609145666","75","80","80","fixed","1","1","50","754","12","50","21014934","v2.0-design-v1.0","25.200000000000003","2","23.200000000000003","99.14346895074947","true","43.074","41.213999999999984","50","74.8","20","300","748","748","0","0","0","0","0","2984","2315","20","577","72","0","597","0","4","4","1000","1997","3.994","93","5.328259974358818","0","43.4","3.595959595959596","10","746","750"
"253","BA","1000","2","0.1","30","0.1","0.5","1","legal","targeted","74.6375876061383","14","96.65550609145666","96.65550609145666","75","80","80","fixed","1","1","50","754","13","50","21014935","v2.0-design-v1.0","24.200000000000003","2.1","22.1","99.05008635578584","true","41.854","40.00599999999999","50","75.8","21","300","758","758","0","0","0","0","0","2984","2294","22","588","80","0","610","0","4","4","1000","1997","3.994","67","5.043947403116469","0","43","3.6","10","746","750"
"254","BA","1000","2","0.1","30","0.1","0.5","1","legal","targeted","74.6375876061383","14","96.65550609145666","96.65550609145666","75","80","80","fixed","1","1","50","754","14","50","21014936","v2.0-design-v1.0","26.200000000000003","1.6","24.6","99.30945187742772","true","41.952000000000005","40.492000000000004","50","73.8","16","300","738","738","0","0","0","0","0","2984","2301","16","589","78","0","605","0","4","4","1000","1997","3.994","67","4.67180797869408","0","35","3.680808080808081","10","746","750"
"255","BA","1000","2","0.1","30","0.1","0.5","1","legal","targeted","74.6375876061383","14","96.65550609145666","96.65550609145666","75","80","80","fixed","1","1","50","754","15","50","21014937","v2.0-design-v1.0","27.799999999999997","1.7999999999999998","25.999999999999996","99.21841076856275","true","41.86599999999999","40.23400000000001","50","72.2","18","300","722","722","0","0","0","0","0","2984","2285","18","598","83","0","616","0","4","4","1000","1997","3.994","69","4.83977141891921","0","37.8","3.6525252525252525","10","746","750"
"256","BA","1000","2","0.1","30","0.1","0.5","1","legal","targeted","74.6375876061383","14","96.65550609145666","96.65550609145666","75","80","80","fixed","1","1","50","754","16","50","21014938","v2.0-design-v1.0","27","1.3","25.7","99.44086021505376","true","42.03400000000001","40.846","50","73","13","300","730","730","0","0","0","0","0","2984","2312","13","561","98","0","574","0","4","4","1000","1997","3.994","62","5.031827032329633","0","41.5","3.6151515151515152","10","746","750"
"257","BA","1000","2","0.1","30","0.1","0.5","1","legal","targeted","74.6375876061383","14","96.65550609145666","96.65550609145666","75","80","80","fixed","1","1","50","754","17","50","21014939","v2.0-design-v1.0","22.299999999999997","1.4000000000000001","20.9","99.39550949913645","true","41.891999999999996","40.604","50","77.7","14","300","777","777","0","0","0","0","0","2984","2302","14","585","83","0","599","0","4","4","1000","1997","3.994","113","5.745169359642137","0","44.8","3.581818181818182","10","746","750"
"259","BA","1000","2","0.1","30","0.1","0.5","1","legal","targeted","74.6375876061383","14","96.65550609145666","96.65550609145666","75","80","80","fixed","1","1","50","754","19","50","21014941","v2.0-design-v1.0","23.5","2.3","21.2","99.00862068965517","true","41.011999999999986","39.076","50","76.5","23","300","765","765","0","0","0","0","0","2984","2297","23","570","94","0","593","0","4","4","1000","1997","3.994","68","4.863704310463323","0","38.3","3.6474747474747473","10","746","750"
"258","BA","1000","2","0.1","30","0.1","0.5","1","legal","targeted","74.6375876061383","14","96.65550609145666","96.65550609145666","75","80","80","fixed","1","1","50","754","18","50","21014940","v2.0-design-v1.0","23.700000000000003","2.1999999999999997","21.500000000000004","99.01960784313727","true","41.30199999999999","39.38199999999999","50","76.3","22","300","763","763","0","0","0","0","0","2984","2323","23","559","79","0","582","0","4","4","1000","1997","3.994","79","5.127207061573791","0","41.4","3.6161616161616164","10","746","750"
"260","BA","1000","2","0.1","30","0.1","0.5","1","legal","targeted","74.6375876061383","14","96.65550609145666","96.65550609145666","75","80","80","fixed","1","1","50","754","20","50","21014942","v2.0-design-v1.0","27.299999999999997","1.5","25.799999999999997","99.35924818453653","true","39.692","38.304","50","72.7","15","300","727","727","0","0","0","0","0","2984","2326","15","562","81","0","577","0","4","4","1000","1997","3.994","100","6.055463040315996","0","51.8","3.511111111111111","10","746","750"
"261","BA","1000","2","0.1","30","0.1","0.5","1","legal","targeted","74.6375876061383","14","96.65550609145666","96.65550609145666","75","80","80","fixed","1","1","50","754","21","50","21014943","v2.0-design-v1.0","23.299999999999997","1.7000000000000002","21.599999999999998","99.2685025817556","true","40.104","38.54399999999999","50","76.7","17","300","767","767","0","0","0","0","0","2984","2307","17","580","80","0","597","0","4","4","1000","1997","3.994","84","5.5238099602064885","0","46.6","3.5636363636363635","10","746","750"
"262","BA","1000","2","0.1","30","0.1","0.5","1","legal","targeted","74.6375876061383","14","96.65550609145666","96.65550609145666","75","80","80","fixed","1","1","50","754","22","50","21014944","v2.0-design-v1.0","23","1.9","21.1","99.18314703353397","true","40.91999999999999","39.38399999999999","50","77","19","300","770","770","0","0","0","0","0","2984","2307","19","576","82","0","595","0","4","4","1000","1997","3.994","94","5.345328477889498","0","44.3","3.5868686868686868","10","746","750"
"263","BA","1000","2","0.1","30","0.1","0.5","1","legal","targeted","74.6375876061383","14","96.65550609145666","96.65550609145666","75","80","80","fixed","1","1","50","754","23","50","21014945","v2.0-design-v1.0","23","2","21","99.13532209252054","true","42.27400000000001","40.694","50","77","20","300","770","770","0","0","0","0","0","2984","2293","20","594","77","0","614","0","4","4","1000","1997","3.994","62","5.07855843283856","0","43","3.6","10","746","750"
"264","BA","1000","2","0.1","30","0.1","0.5","1","legal","targeted","74.6375876061383","14","96.65550609145666","96.65550609145666","75","80","80","fixed","1","1","50","754","24","50","21014946","v2.0-design-v1.0","26.799999999999997","2.1","24.699999999999996","99.10865874363328","true","42.45199999999999","40.66","50","73.2","21","300","732","732","0","0","0","0","0","2984","2335","21","565","63","0","586","0","4","4","1000","1997","3.994","73","5.015887072405343","0","42","3.61010101010101","10","746","750"
"265","BA","1000","2","0.1","30","0.1","0.5","1","legal","targeted","74.6375876061383","14","96.65550609145666","96.65550609145666","75","80","80","fixed","1","1","50","754","25","50","21014947","v2.0-design-v1.0","23.5","1.9","21.6","99.17247386759583","true","40.385999999999996","38.79399999999999","50","76.5","19","300","765","765","0","0","0","0","0","2984","2277","19","608","80","0","627","0","4","4","1000","1997","3.994","91","4.929732879808623","0","38.5","3.6454545454545455","10","746","750"
"266","BA","1000","2","0.1","30","0.1","0.5","1","legal","targeted","74.6375876061383","14","96.65550609145666","96.65550609145666","75","80","80","fixed","1","1","50","754","26","50","21014948","v2.0-design-v1.0","25.599999999999994","1.5","24.099999999999994","99.3576017130621","true","40.18","38.876000000000005","50","74.4","15","300","744","744","0","0","0","0","0","2984","2320","15","583","66","0","598","0","4","4","1000","1997","3.994","63","5.139297264838477","0","42","3.61010101010101","10","746","750"
"267","BA","1000","2","0.1","30","0.1","0.5","1","legal","targeted","74.6375876061383","14","96.65550609145666","96.65550609145666","75","80","80","fixed","1","1","50","754","27","50","21014949","v2.0-design-v1.0","25.5","2.8000000000000003","22.7","98.80901743938749","true","42.3","39.83599999999999","50","74.5","28","300","745","745","0","0","0","0","0","2984","2323","28","558","75","0","586","0","4","4","1000","1997","3.994","58","4.6404199699485575","0","36.8","3.6626262626262625","10","746","750"
"268","BA","1000","2","0.1","30","0.1","0.5","1","legal","targeted","74.6375876061383","14","96.65550609145666","96.65550609145666","75","80","80","fixed","1","1","50","754","28","50","21014950","v2.0-design-v1.0","25.299999999999997","2.8000000000000003","22.499999999999996","98.78630255743388","true","41.03800000000001","38.462","50","74.7","28","300","747","747","0","0","0","0","0","2984","2279","28","592","85","0","620","0","4","4","1000","1997","3.994","65","4.736919083370787","0","38.1","3.6494949494949496","10","746","750"
"269","BA","1000","2","0.1","30","0.1","0.5","1","legal","targeted","74.6375876061383","14","96.65550609145666","96.65550609145666","75","80","80","fixed","1","1","50","754","29","50","21014951","v2.0-design-v1.0","22.200000000000003","1.5","20.700000000000003","99.35205183585313","true","40.28399999999999","38.89599999999999","50","77.8","15","300","778","778","0","0","0","0","0","2984","2300","15","584","85","0","599","0","4","4","1000","1997","3.994","68","5.063951777772721","0","43.4","3.595959595959596","10","746","750"
"270","BA","1000","2","0.1","30","0.1","0.5","1","legal","targeted","74.6375876061383","14","96.65550609145666","96.65550609145666","75","80","80","fixed","1","1","50","754","30","50","21014952","v2.0-design-v1.0","22.599999999999994","1.6","20.999999999999993","99.29762949956101","true","40.332","38.84400000000001","50","77.4","16","300","774","774","0","0","0","0","0","2984","2262","16","607","99","0","623","0","4","4","1000","1997","3.994","97","5.40306923490316","0","44.2","3.587878787878788","10","746","750"
"271","BA","1000","2","0.1","30","0.1","0.5","1","legal","targeted","37.57134666612598","11","97.94980383291758","97.94980383291758","75","80","80","fixed","1","1","50","755","1","50","21015923","v2.0-design-v1.0","6.299999999999997","0.6","5.6999999999999975","99.63076923076923","true","21.444000000000006","20.866000000000003","50","93.7","6","300","937","937","0","0","0","0","0","1880","1619","6","225","30","0","231","0","5","5","1000","1997","3.994","73","4.864939016229443","0","39.9","3.6313131313131315","10","376","750"
"272","BA","1000","2","0.1","30","0.1","0.5","1","legal","targeted","37.57134666612598","11","97.94980383291758","97.94980383291758","75","80","80","fixed","1","1","50","755","2","50","21015924","v2.0-design-v1.0","6.5","0.8999999999999999","5.6","99.43644333124608","true","21.586000000000002","20.708","50","93.5","9","300","935","935","0","0","0","0","0","1880","1588","9","257","26","0","266","0","5","5","1000","1997","3.994","122","6.29647596752421","0","49.5","3.5343434343434343","10","376","750"
"273","BA","1000","2","0.1","30","0.1","0.5","1","legal","targeted","37.57134666612598","11","97.94980383291758","97.94980383291758","75","80","80","fixed","1","1","50","755","3","50","21015925","v2.0-design-v1.0","5.5","0.7000000000000001","4.8","99.56057752667921","true","21.682000000000002","21.003999999999998","50","94.5","7","300","945","945","0","0","0","0","0","1880","1586","7","255","32","0","262","0","5","5","1000","1997","3.994","65","5.051483097218223","0","41.4","3.6161616161616164","10","376","750"
"274","BA","1000","2","0.1","30","0.1","0.5","1","legal","targeted","37.57134666612598","11","97.94980383291758","97.94980383291758","75","80","80","fixed","1","1","50","755","4","50","21015926","v2.0-design-v1.0","5.900000000000006","0.6","5.300000000000006","99.62453066332915","true","20.64399999999999","20.066","50","94.1","6","300","941","941","0","0","0","0","0","1880","1592","6","252","30","0","258","0","5","5","1000","1997","3.994","73","4.84989540974704","0","38.7","3.6434343434343432","10","376","750"
"275","BA","1000","2","0.1","30","0.1","0.5","1","legal","targeted","37.57134666612598","11","97.94980383291758","97.94980383291758","75","80","80","fixed","1","1","50","755","5","50","21015927","v2.0-design-v1.0","5.6000000000000085","0.6","5.000000000000009","99.62940086473132","true","20.386","19.785999999999994","50","94.39999999999999","6","300","944","944","0","0","0","0","0","1880","1613","6","223","38","0","229","0","5","5","1000","1997","3.994","82","5.5241723796855196","0","48.5","3.5444444444444443","10","376","750"
"277","BA","1000","2","0.1","30","0.1","0.5","1","legal","targeted","37.57134666612598","11","97.94980383291758","97.94980383291758","75","80","80","fixed","1","1","50","755","7","50","21015929","v2.0-design-v1.0","7.3999999999999915","0.4","6.999999999999991","99.75093399750934","true","21.241999999999994","20.841999999999995","50","92.60000000000001","4","300","926","926","0","0","0","0","0","1880","1602","4","247","27","0","251","0","5","5","1000","1997","3.994","112","5.909220158606647","0","49.3","3.536363636363636","10","376","750"
"276","BA","1000","2","0.1","30","0.1","0.5","1","legal","targeted","37.57134666612598","11","97.94980383291758","97.94980383291758","75","80","80","fixed","1","1","50","755","6","50","21015928","v2.0-design-v1.0","6.699999999999989","0.4","6.299999999999988","99.75247524752476","true","22.537999999999993","22.137999999999998","50","93.30000000000001","4","300","933","933","0","0","0","0","0","1880","1612","4","232","32","0","236","0","5","5","1000","1997","3.994","56","4.710430145130281","0","38.3","3.6474747474747473","10","376","750"
"278","BA","1000","2","0.1","30","0.1","0.5","1","legal","targeted","37.57134666612598","11","97.94980383291758","97.94980383291758","75","80","80","fixed","1","1","50","755","8","50","21015930","v2.0-design-v1.0","6.699999999999989","0.5","6.199999999999989","99.68334388853705","true","21.368000000000002","20.912","50","93.30000000000001","5","300","933","933","0","0","0","0","0","1880","1574","5","278","23","0","283","0","5","5","1000","1997","3.994","73","4.894273992934788","0","37.9","3.6515151515151514","10","376","750"
"279","BA","1000","2","0.1","30","0.1","0.5","1","legal","targeted","37.57134666612598","11","97.94980383291758","97.94980383291758","75","80","80","fixed","1","1","50","755","9","50","21015931","v2.0-design-v1.0","5.800000000000011","0.5","5.300000000000011","99.68213604577241","true","21.726000000000003","21.336","50","94.19999999999999","5","300","942","942","0","0","0","0","0","1880","1568","5","271","36","0","276","0","5","5","1000","1997","3.994","106","6.234487375304665","0","51.7","3.512121212121212","10","376","750"
"281","BA","1000","2","0.1","30","0.1","0.5","1","legal","targeted","37.57134666612598","11","97.94980383291758","97.94980383291758","75","80","80","fixed","1","1","50","755","11","50","21015933","v2.0-design-v1.0","6.799999999999997","0.7000000000000001","6.099999999999997","99.56521739130434","true","20.624000000000002","20.011999999999997","50","93.2","7","300","932","932","0","0","0","0","0","1880","1603","7","237","33","0","244","0","5","5","1000","1997","3.994","68","5.271598785354747","0","46.8","3.5616161616161617","10","376","750"
"280","BA","1000","2","0.1","30","0.1","0.5","1","legal","targeted","37.57134666612598","11","97.94980383291758","97.94980383291758","75","80","80","fixed","1","1","50","755","10","50","21015932","v2.0-design-v1.0","5.300000000000011","0.4","4.900000000000011","99.74890144381669","true","20.83","20.451999999999995","50","94.69999999999999","4","300","947","947","0","0","0","0","0","1880","1589","4","244","43","0","248","0","5","5","1000","1997","3.994","75","4.867407488145566","0","39.5","3.6353535353535356","10","376","750"
"282","BA","1000","2","0.1","30","0.1","0.5","1","legal","targeted","37.57134666612598","11","97.94980383291758","97.94980383291758","75","80","80","fixed","1","1","50","755","12","50","21015934","v2.0-design-v1.0","5.700000000000003","0.5","5.200000000000003","99.68434343434343","true","21.505999999999993","21.005999999999993","50","94.3","5","300","943","943","0","0","0","0","0","1880","1579","5","254","42","0","259","0","5","5","1000","1997","3.994","59","4.750424247425744","0","38","3.6505050505050507","10","376","750"
"283","BA","1000","2","0.1","30","0.1","0.5","1","legal","targeted","37.57134666612598","11","97.94980383291758","97.94980383291758","75","80","80","fixed","1","1","50","755","13","50","21015935","v2.0-design-v1.0","5.300000000000011","0.8999999999999999","4.400000000000011","99.4267515923567","true","22.862000000000002","22.006","50","94.69999999999999","9","300","947","947","0","0","0","0","0","1880","1561","9","273","37","0","282","0","5","5","1000","1997","3.994","67","5.300571672948119","0","45.4","3.5757575757575757","10","376","750"
"284","BA","1000","2","0.1","30","0.1","0.5","1","legal","targeted","37.57134666612598","11","97.94980383291758","97.94980383291758","75","80","80","fixed","1","1","50","755","14","50","21015936","v2.0-design-v1.0","5.700000000000003","0.2","5.500000000000003","99.87546699875467","true","20.910000000000004","20.71","50","94.3","2","300","943","943","0","0","0","0","0","1880","1604","2","248","26","0","250","0","5","5","1000","1997","3.994","78","5.297171322887707","0","43.7","3.592929292929293","10","376","750"
"285","BA","1000","2","0.1","30","0.1","0.5","1","legal","targeted","37.57134666612598","11","97.94980383291758","97.94980383291758","75","80","80","fixed","1","1","50","755","15","50","21015937","v2.0-design-v1.0","6.799999999999997","0.8999999999999999","5.899999999999997","99.44341372912801","true","21.496","20.705999999999996","50","93.2","9","300","932","932","0","0","0","0","0","1880","1608","9","237","26","0","246","0","5","5","1000","1997","3.994","124","5.7707248474749875","0","44.4","3.585858585858586","10","376","750"
"286","BA","1000","2","0.1","30","0.1","0.5","1","legal","targeted","37.57134666612598","11","97.94980383291758","97.94980383291758","75","80","80","fixed","1","1","50","755","16","50","21015938","v2.0-design-v1.0","6.5","0.4","6.1","99.75062344139651","true","20.948","20.657999999999998","50","93.5","4","300","935","935","0","0","0","0","0","1880","1600","4","249","27","0","253","0","5","5","1000","1997","3.994","73","5.090370897672959","0","43","3.6","10","376","750"
"287","BA","1000","2","0.1","30","0.1","0.5","1","legal","targeted","37.57134666612598","11","97.94980383291758","97.94980383291758","75","80","80","fixed","1","1","50","755","17","50","21015939","v2.0-design-v1.0","6.699999999999989","0.7000000000000001","5.9999999999999885","99.56167814652474","true","20.838","20.13800000000001","50","93.30000000000001","7","300","933","933","0","0","0","0","0","1880","1590","7","243","40","0","250","0","5","5","1000","1997","3.994","57","4.786948806795282","0","40.4","3.6262626262626263","10","376","750"
"288","BA","1000","2","0.1","30","0.1","0.5","1","legal","targeted","37.57134666612598","11","97.94980383291758","97.94980383291758","75","80","80","fixed","1","1","50","755","18","50","21015940","v2.0-design-v1.0","5.200000000000003","0.7000000000000001","4.500000000000003","99.55919395465995","true","21.443999999999996","20.832000000000004","50","94.8","7","300","948","948","0","0","0","0","0","1880","1581","7","256","36","0","263","0","5","5","1000","1997","3.994","88","5.249525837780156","0","43.5","3.594949494949495","10","376","750"
"289","BA","1000","2","0.1","30","0.1","0.5","1","legal","targeted","37.57134666612598","11","97.94980383291758","97.94980383291758","75","80","80","fixed","1","1","50","755","19","50","21015941","v2.0-design-v1.0","6.5","0.4","6.1","99.74984365228268","true","21.464000000000002","21.086000000000002","50","93.5","4","300","935","935","0","0","0","0","0","1880","1595","4","240","41","0","244","0","5","5","1000","1997","3.994","85","5.413064313793544","0","45.9","3.5707070707070705","10","376","750"
"290","BA","1000","2","0.1","30","0.1","0.5","1","legal","targeted","37.57134666612598","11","97.94980383291758","97.94980383291758","75","80","80","fixed","1","1","50","755","20","50","21015942","v2.0-design-v1.0","5.6000000000000085","0.3","5.300000000000009","99.81203007518798","true","20.824","20.52399999999999","50","94.39999999999999","3","300","944","944","0","0","0","0","0","1880","1593","3","250","34","0","253","0","5","5","1000","1997","3.994","77","5.313774571827464","0","45.5","3.5747474747474746","10","376","750"
"291","BA","1000","2","0.1","30","0.1","0.5","1","legal","targeted","37.57134666612598","11","97.94980383291758","97.94980383291758","75","80","80","fixed","1","1","50","755","21","50","21015943","v2.0-design-v1.0","6.699999999999989","0.6","6.099999999999989","99.6291718170581","true","21.3","20.854","50","93.30000000000001","6","300","933","933","0","0","0","0","0","1880","1612","6","230","32","0","236","0","5","5","1000","1997","3.994","81","5.244565708375613","0","44.7","3.5828282828282827","10","376","750"
"292","BA","1000","2","0.1","30","0.1","0.5","1","legal","targeted","37.57134666612598","11","97.94980383291758","97.94980383291758","75","80","80","fixed","1","1","50","755","22","50","21015944","v2.0-design-v1.0","6","0.6","5.4","99.62802231866088","true","21.814","21.28","50","94","6","300","940","940","0","0","0","0","0","1880","1607","6","228","39","0","234","0","5","5","1000","1997","3.994","58","5.069088641921698","0","44.4","3.585858585858586","10","376","750"
"293","BA","1000","2","0.1","30","0.1","0.5","1","legal","targeted","37.57134666612598","11","97.94980383291758","97.94980383291758","75","80","80","fixed","1","1","50","755","23","50","21015945","v2.0-design-v1.0","6.200000000000003","0.5","5.700000000000003","99.68354430379746","true","22.48800000000001","21.98800000000001","50","93.8","5","300","938","938","0","0","0","0","0","1880","1575","5","272","28","0","277","0","5","5","1000","1997","3.994","80","5.164749620130537","0","43","3.6","10","376","750"
"294","BA","1000","2","0.1","30","0.1","0.5","1","legal","targeted","37.57134666612598","11","97.94980383291758","97.94980383291758","75","80","80","fixed","1","1","50","755","24","50","21015946","v2.0-design-v1.0","4.800000000000011","0.1","4.700000000000012","99.93769470404985","true","22.377999999999993","22.278","50","95.19999999999999","1","300","952","952","0","0","0","0","0","1880","1604","1","247","28","0","248","0","5","5","1000","1997","3.994","93","5.196437911393427","0","42.5","3.605050505050505","10","376","750"
"295","BA","1000","2","0.1","30","0.1","0.5","1","legal","targeted","37.57134666612598","11","97.94980383291758","97.94980383291758","75","80","80","fixed","1","1","50","755","25","50","21015947","v2.0-design-v1.0","6.200000000000003","0.6","5.600000000000003","99.63031423290202","true","21.373999999999995","20.773999999999997","50","93.8","6","300","938","938","0","0","0","0","0","1880","1617","6","232","25","0","238","0","5","5","1000","1997","3.994","71","5.2835480389488065","0","45.9","3.5707070707070705","10","376","750"
"296","BA","1000","2","0.1","30","0.1","0.5","1","legal","targeted","37.57134666612598","11","97.94980383291758","97.94980383291758","75","80","80","fixed","1","1","50","755","26","50","21015948","v2.0-design-v1.0","6.3999999999999915","0.6","5.799999999999992","99.62192816635161","true","20.95","20.371999999999993","50","93.60000000000001","6","300","936","936","0","0","0","0","0","1880","1581","6","253","40","0","259","0","5","5","1000","1997","3.994","112","5.598688177538488","0","42.8","3.602020202020202","10","376","750"
"297","BA","1000","2","0.1","30","0.1","0.5","1","legal","targeted","37.57134666612598","11","97.94980383291758","97.94980383291758","75","80","80","fixed","1","1","50","755","27","50","21015949","v2.0-design-v1.0","5.6000000000000085","0.3","5.300000000000009","99.81458590852905","true","20.616","20.316000000000003","50","94.39999999999999","3","300","944","944","0","0","0","0","0","1880","1615","3","234","28","0","237","0","5","5","1000","1997","3.994","90","5.172302844644404","0","41.2","3.618181818181818","10","376","750"
"299","BA","1000","2","0.1","30","0.1","0.5","1","legal","targeted","37.57134666612598","11","97.94980383291758","97.94980383291758","75","80","80","fixed","1","1","50","755","29","50","21015951","v2.0-design-v1.0","7.5","0.4","7.1","99.74795211090107","true","21.684","21.283999999999995","50","92.5","4","300","925","925","0","0","0","0","0","1880","1583","4","249","44","0","253","0","5","5","1000","1997","3.994","123","6.031612085035368","0","48.2","3.5474747474747477","10","376","750"
"298","BA","1000","2","0.1","30","0.1","0.5","1","legal","targeted","37.57134666612598","11","97.94980383291758","97.94980383291758","75","80","80","fixed","1","1","50","755","28","50","21015950","v2.0-design-v1.0","6","0.3","5.7","99.81435643564357","true","20.872000000000003","20.571999999999992","50","94","3","300","940","940","0","0","0","0","0","1880","1613","3","234","30","0","237","0","5","5","1000","1997","3.994","59","4.983854211632068","0","42","3.61010101010101","10","376","750"
"301","BA","1000","2","0.1","30","0.1","0.5","1","legal","targeted","63.550649637614725","14","92.4098774551516","92.4098774551516","75","80","80","fixed","1","1","50","756","1","50","21016923","v2.0-design-v1.0","12.700000000000003","2.9000000000000004","9.800000000000002","98.43196762771876","true","29.65600000000001","26.811999999999994","50","87.3","29","300","873","873","0","0","0","0","0","2544","1946","31","416","151","0","447","0","4","4","1000","1997","3.994","85","5.1538846054725","0","42.3","3.607070707070707","10","636","750"
"300","BA","1000","2","0.1","30","0.1","0.5","1","legal","targeted","37.57134666612598","11","97.94980383291758","97.94980383291758","75","80","80","fixed","1","1","50","755","30","50","21015952","v2.0-design-v1.0","5.300000000000011","0.5","4.800000000000011","99.68513853904281","true","21.507999999999992","21.007999999999996","50","94.69999999999999","5","300","947","947","0","0","0","0","0","1880","1583","5","263","29","0","268","0","5","5","1000","1997","3.994","62","5.127207061573787","0","42.1","3.609090909090909","10","376","750"
"302","BA","1000","2","0.1","30","0.1","0.5","1","legal","targeted","63.550649637614725","14","92.4098774551516","92.4098774551516","75","80","80","fixed","1","1","50","756","2","50","21016924","v2.0-design-v1.0","14.400000000000006","4","10.400000000000006","97.99398194583752","true","30.378000000000007","26.406","50","85.6","40","300","856","856","0","0","0","0","0","2544","1954","40","390","160","0","430","0","4","4","1000","1997","3.994","93","5.86552370793679","0","47.2","3.5575757575757576","10","636","750"
"303","BA","1000","2","0.1","30","0.1","0.5","1","legal","targeted","63.550649637614725","14","92.4098774551516","92.4098774551516","75","80","80","fixed","1","1","50","756","3","50","21016925","v2.0-design-v1.0","12.799999999999997","3.1","9.699999999999998","98.43434343434343","true","30.312","27.324000000000005","50","87.2","31","300","872","872","0","0","0","0","0","2544","1949","31","401","163","0","432","0","4","4","1000","1997","3.994","88","5.307931625232005","0","42.9","3.601010101010101","10","636","750"
"304","BA","1000","2","0.1","30","0.1","0.5","1","legal","targeted","63.550649637614725","14","92.4098774551516","92.4098774551516","75","80","80","fixed","1","1","50","756","4","50","21016926","v2.0-design-v1.0","15.299999999999997","3.1","12.199999999999998","98.43117408906883","true","30.959999999999994","28.168000000000006","50","84.7","31","300","847","847","0","0","0","0","0","2544","1945","31","408","160","0","439","0","4","4","1000","1997","3.994","107","5.216625075388983","0","38.9","3.6414141414141414","10","636","750"
"305","BA","1000","2","0.1","30","0.1","0.5","1","legal","targeted","63.550649637614725","14","92.4098774551516","92.4098774551516","75","80","80","fixed","1","1","50","756","5","50","21016927","v2.0-design-v1.0","14.400000000000006","3.5999999999999996","10.800000000000006","98.17629179331307","true","32.025999999999996","28.761999999999993","50","85.6","36","300","856","856","0","0","0","0","0","2544","1938","36","408","162","0","444","0","4","4","1000","1997","3.994","57","4.943116263896523","0","41.2","3.618181818181818","10","636","750"
"307","BA","1000","2","0.1","30","0.1","0.5","1","legal","targeted","63.550649637614725","14","92.4098774551516","92.4098774551516","75","80","80","fixed","1","1","50","756","7","50","21016929","v2.0-design-v1.0","11.700000000000003","3.6999999999999997","8.000000000000004","98.10450819672131","true","31.961999999999993","28.542","50","88.3","37","300","883","883","0","0","0","0","0","2544","1915","37","434","158","0","471","0","4","4","1000","1997","3.994","108","5.63486607788647","0","44.6","3.583838383838384","10","636","750"
"306","BA","1000","2","0.1","30","0.1","0.5","1","legal","targeted","63.550649637614725","14","92.4098774551516","92.4098774551516","75","80","80","fixed","1","1","50","756","6","50","21016928","v2.0-design-v1.0","10.900000000000006","3.3000000000000003","7.600000000000005","98.3248730964467","true","29.521999999999995","26.306000000000004","50","89.1","33","300","891","891","0","0","0","0","0","2544","1937","33","433","141","0","466","0","4","4","1000","1997","3.994","80","5.092140403984734","0","42.3","3.607070707070707","10","636","750"
"309","BA","1000","2","0.1","30","0.1","0.5","1","legal","targeted","63.550649637614725","14","92.4098774551516","92.4098774551516","75","80","80","fixed","1","1","50","756","9","50","21016931","v2.0-design-v1.0","15.200000000000003","3","12.200000000000003","98.45599588265569","true","32.43599999999999","29.631999999999994","50","84.8","30","300","848","848","0","0","0","0","0","2544","1913","30","452","149","0","482","0","4","4","1000","1997","3.994","66","4.847831006281611","0","40.2","3.628282828282828","10","636","750"
"308","BA","1000","2","0.1","30","0.1","0.5","1","legal","targeted","63.550649637614725","14","92.4098774551516","92.4098774551516","75","80","80","fixed","1","1","50","756","8","50","21016930","v2.0-design-v1.0","14.799999999999997","3.3000000000000003","11.499999999999996","98.29809179989685","true","31.228","28.123999999999995","50","85.2","33","300","852","852","0","0","0","0","0","2544","1906","33","440","165","0","473","0","4","4","1000","1997","3.994","57","4.721679601398017","0","37.4","3.6565656565656566","10","636","750"
"310","BA","1000","2","0.1","30","0.1","0.5","1","legal","targeted","63.550649637614725","14","92.4098774551516","92.4098774551516","75","80","80","fixed","1","1","50","756","10","50","21016932","v2.0-design-v1.0","12.099999999999994","3.3000000000000003","8.799999999999994","98.32657200811359","true","31.633999999999997","28.614","50","87.9","33","300","879","879","0","0","0","0","0","2544","1939","33","417","155","0","450","0","4","4","1000","1997","3.994","90","5.203175668477564","0","42","3.61010101010101","10","636","750"
"311","BA","1000","2","0.1","30","0.1","0.5","1","legal","targeted","63.550649637614725","14","92.4098774551516","92.4098774551516","75","80","80","fixed","1","1","50","756","11","50","21016933","v2.0-design-v1.0","14.600000000000009","2.7","11.90000000000001","98.6266531027467","true","32.184","29.595999999999993","50","85.39999999999999","27","300","854","854","0","0","0","0","0","2544","1939","27","434","144","0","461","0","4","4","1000","1997","3.994","69","5.504749428108981","0","49.6","3.533333333333333","10","636","750"
"312","BA","1000","2","0.1","30","0.1","0.5","1","legal","targeted","63.550649637614725","14","92.4098774551516","92.4098774551516","75","80","80","fixed","1","1","50","756","12","50","21016934","v2.0-design-v1.0","14","3.6999999999999997","10.3","98.11128126595202","true","29.772000000000002","26.239999999999995","50","86","37","300","860","860","0","0","0","0","0","2544","1922","37","424","161","0","461","0","4","4","1000","1997","3.994","92","5.641257642386817","0","47.2","3.5575757575757576","10","636","750"
"313","BA","1000","2","0.1","30","0.1","0.5","1","legal","targeted","63.550649637614725","14","92.4098774551516","92.4098774551516","75","80","80","fixed","1","1","50","756","13","50","21016935","v2.0-design-v1.0","14.200000000000003","3.5000000000000004","10.700000000000003","98.24120603015075","true","30.516","27.38000000000001","50","85.8","35","300","858","858","0","0","0","0","0","2544","1955","35","404","150","0","439","0","4","4","1000","1997","3.994","69","5.307554440053731","0","45.5","3.5747474747474746","10","636","750"
"314","BA","1000","2","0.1","30","0.1","0.5","1","legal","targeted","63.550649637614725","14","92.4098774551516","92.4098774551516","75","80","80","fixed","1","1","50","756","14","50","21016936","v2.0-design-v1.0","12.5","2.5","10","98.7251402345742","true","30.804000000000016","28.472000000000016","50","87.5","25","300","875","875","0","0","0","0","0","2544","1936","25","426","157","0","451","0","4","4","1000","1997","3.994","61","4.703412174803096","0","37.5","3.6555555555555554","10","636","750"
"315","BA","1000","2","0.1","30","0.1","0.5","1","legal","targeted","63.550649637614725","14","92.4098774551516","92.4098774551516","75","80","80","fixed","1","1","50","756","15","50","21016937","v2.0-design-v1.0","12.799999999999997","3.5999999999999996","9.199999999999998","98.15289892252437","true","31.77","28.786000000000012","50","87.2","36","300","872","872","0","0","0","0","0","2544","1913","36","436","159","0","472","0","4","4","1000","1997","3.994","70","5.491094254892737","0","48.1","3.5484848484848484","10","636","750"
"316","BA","1000","2","0.1","30","0.1","0.5","1","legal","targeted","63.550649637614725","14","92.4098774551516","92.4098774551516","75","80","80","fixed","1","1","50","756","16","50","21016938","v2.0-design-v1.0","14.900000000000006","3.1","11.800000000000006","98.36065573770492","true","31.41600000000001","28.764","50","85.1","31","300","851","851","0","0","0","0","0","2544","1920","32","415","177","0","447","0","4","4","1000","1997","3.994","85","5.30453599310081","0","42.3","3.607070707070707","10","636","750"
"317","BA","1000","2","0.1","30","0.1","0.5","1","legal","targeted","63.550649637614725","14","92.4098774551516","92.4098774551516","75","80","80","fixed","1","1","50","756","17","50","21016939","v2.0-design-v1.0","13","2.6","10.4","98.68819374369325","true","29.655999999999995","27.19600000000001","50","87","26","300","870","870","0","0","0","0","0","2544","1956","26","413","149","0","439","0","4","4","1000","1997","3.994","80","5.34738801271784","0","45.7","3.5727272727272728","10","636","750"
"319","BA","1000","2","0.1","30","0.1","0.5","1","legal","targeted","63.550649637614725","14","92.4098774551516","92.4098774551516","75","80","80","fixed","1","1","50","756","19","50","21016941","v2.0-design-v1.0","13.900000000000006","3.5000000000000004","10.400000000000006","98.23855057876195","true","30.496","27.220000000000006","50","86.1","35","300","861","861","0","0","0","0","0","2544","1952","35","415","142","0","450","0","4","4","1000","1997","3.994","89","5.582573701182012","0","47.8","3.5515151515151517","10","636","750"
"318","BA","1000","2","0.1","30","0.1","0.5","1","legal","targeted","63.550649637614725","14","92.4098774551516","92.4098774551516","75","80","80","fixed","1","1","50","756","18","50","21016940","v2.0-design-v1.0","13.200000000000003","3.4000000000000004","9.800000000000002","98.25551564905079","true","30.166000000000004","26.962","50","86.8","34","300","868","868","0","0","0","0","0","2544","1915","34","413","182","0","447","0","4","4","1000","1997","3.994","106","5.869618080967154","0","49.1","3.5383838383838384","10","636","750"
"320","BA","1000","2","0.1","30","0.1","0.5","1","legal","targeted","63.550649637614725","14","92.4098774551516","92.4098774551516","75","80","80","fixed","1","1","50","756","20","50","21016942","v2.0-design-v1.0","12.599999999999994","4.5","8.099999999999994","97.69820971867009","true","30.448","26.451999999999998","50","87.4","45","300","874","874","0","0","0","0","0","2544","1910","45","428","161","0","473","0","4","4","1000","1997","3.994","80","5.126816580320403","0","41.4","3.6161616161616164","10","636","750"
"321","BA","1000","2","0.1","30","0.1","0.5","1","legal","targeted","63.550649637614725","14","92.4098774551516","92.4098774551516","75","80","80","fixed","1","1","50","756","21","50","21016943","v2.0-design-v1.0","12.900000000000006","2.8000000000000003","10.100000000000005","98.56850715746421","true","29.86","27.172000000000004","50","87.1","28","300","871","871","0","0","0","0","0","2544","1928","28","433","155","0","461","0","4","4","1000","1997","3.994","88","5.303403632582571","0","43","3.6","10","636","750"
"323","BA","1000","2","0.1","30","0.1","0.5","1","legal","targeted","63.550649637614725","14","92.4098774551516","92.4098774551516","75","80","80","fixed","1","1","50","756","23","50","21016945","v2.0-design-v1.0","13.900000000000006","3.4000000000000004","10.500000000000005","98.28022255943348","true","31.01","27.862","50","86.1","34","300","861","861","0","0","0","0","0","2544","1943","34","430","137","0","464","0","4","4","1000","1997","3.994","75","5.421194827097922","0","46.1","3.5686868686868687","10","636","750"
"322","BA","1000","2","0.1","30","0.1","0.5","1","legal","targeted","63.550649637614725","14","92.4098774551516","92.4098774551516","75","80","80","fixed","1","1","50","756","22","50","21016944","v2.0-design-v1.0","13.400000000000006","3.6999999999999997","9.700000000000006","98.09768637532133","true","29.396000000000008","25.919999999999995","50","86.6","37","300","866","866","0","0","0","0","0","2544","1908","37","413","186","0","450","0","4","4","1000","1997","3.994","91","5.501657225984926","0","44.4","3.585858585858586","10","636","750"
"324","BA","1000","2","0.1","30","0.1","0.5","1","legal","targeted","63.550649637614725","14","92.4098774551516","92.4098774551516","75","80","80","fixed","1","1","50","756","24","50","21016946","v2.0-design-v1.0","16.400000000000006","4","12.400000000000006","97.98387096774194","true","33.854","30.049999999999997","50","83.6","40","300","836","836","0","0","0","0","0","2544","1944","40","433","127","0","473","0","4","4","1000","1997","3.994","65","4.769351183411704","0","37.9","3.6515151515151514","10","636","750"
"325","BA","1000","2","0.1","30","0.1","0.5","1","legal","targeted","63.550649637614725","14","92.4098774551516","92.4098774551516","75","80","80","fixed","1","1","50","756","25","50","21016947","v2.0-design-v1.0","14.900000000000006","4.5","10.400000000000006","97.71108850457783","true","30.719999999999995","26.612000000000002","50","85.1","45","300","851","851","0","0","0","0","0","2544","1921","45","406","172","0","451","0","4","4","1000","1997","3.994","81","5.186411366529147","0","42.7","3.603030303030303","10","636","750"
"326","BA","1000","2","0.1","30","0.1","0.5","1","legal","targeted","63.550649637614725","14","92.4098774551516","92.4098774551516","75","80","80","fixed","1","1","50","756","26","50","21016948","v2.0-design-v1.0","14.099999999999994","3.3000000000000003","10.799999999999994","98.3076923076923","true","31.281999999999993","28.34599999999999","50","85.9","33","300","859","859","0","0","0","0","0","2544","1917","33","420","174","0","453","0","4","4","1000","1997","3.994","81","4.956867411433804","0","40.5","3.625252525252525","10","636","750"
"327","BA","1000","2","0.1","30","0.1","0.5","1","legal","targeted","63.550649637614725","14","92.4098774551516","92.4098774551516","75","80","80","fixed","1","1","50","756","27","50","21016949","v2.0-design-v1.0","13.400000000000006","2.7","10.700000000000006","98.61467419189329","true","31.43400000000001","28.95799999999999","50","86.6","27","300","866","866","0","0","0","0","0","2544","1922","27","441","154","0","468","0","4","4","1000","1997","3.994","80","5.444226630441049","0","46","3.56969696969697","10","636","750"
"328","BA","1000","2","0.1","30","0.1","0.5","1","legal","targeted","63.550649637614725","14","92.4098774551516","92.4098774551516","75","80","80","fixed","1","1","50","756","28","50","21016950","v2.0-design-v1.0","13.599999999999994","2.7","10.899999999999995","98.61396303901438","true","30.214000000000002","27.682000000000002","50","86.4","27","300","864","864","0","0","0","0","0","2544","1921","27","420","176","0","447","0","4","4","1000","1997","3.994","82","5.618320881680704","0","46.4","3.5656565656565657","10","636","750"
"329","BA","1000","2","0.1","30","0.1","0.5","1","legal","targeted","63.550649637614725","14","92.4098774551516","92.4098774551516","75","80","80","fixed","1","1","50","756","29","50","21016951","v2.0-design-v1.0","12.799999999999997","2.6","10.199999999999998","98.65771812080537","true","31.852000000000004","29.420000000000005","50","87.2","26","300","872","872","0","0","0","0","0","2544","1911","26","451","156","0","477","0","4","4","1000","1997","3.994","78","5.19990413402045","0","40.9","3.621212121212121","10","636","750"
"330","BA","1000","2","0.1","30","0.1","0.5","1","legal","targeted","63.550649637614725","14","92.4098774551516","92.4098774551516","75","80","80","fixed","1","1","50","756","30","50","21016952","v2.0-design-v1.0","16","3.8","12.2","98.09523809523809","true","31.599999999999994","27.968000000000007","50","84","38","300","840","840","0","0","0","0","0","2544","1957","38","407","142","0","445","0","4","4","1000","1997","3.994","84","5.2521947364458486","0","43.1","3.598989898989899","10","636","750"
"331","BA","1000","2","0.1","30","0.1","0.5","1","legal","targeted","60.10606027169138","17","93.0123145373245","93.0123145373245","75","80","80","fixed","1","1","50","757","1","50","21017923","v2.0-design-v1.0","1.2000000000000028","3.6999999999999997","-2.499999999999997","97.27138643067846","true","23.918000000000006","20.32","50","98.8","37","300","988","988","0","0","0","0","0","1803","1319","37","357","90","0","394","0","3","3","1000","1997","3.994","110","6.061576255950848","0","47.5","3.5545454545454547","10","601","750"
"332","BA","1000","2","0.1","30","0.1","0.5","1","legal","targeted","60.10606027169138","17","93.0123145373245","93.0123145373245","75","80","80","fixed","1","1","50","757","2","50","21017924","v2.0-design-v1.0","1.9000000000000057","3.5999999999999996","-1.699999999999994","97.36456808199122","true","23.973999999999986","20.475999999999996","50","98.1","36","300","981","981","0","0","0","0","0","1803","1330","36","349","88","0","385","0","3","3","1000","1997","3.994","92","5.298871770673636","0","42.1","3.609090909090909","10","601","750"
"333","BA","1000","2","0.1","30","0.1","0.5","1","legal","targeted","60.10606027169138","17","93.0123145373245","93.0123145373245","75","80","80","fixed","1","1","50","757","3","50","21017925","v2.0-design-v1.0","1.0999999999999943","2.3","-1.2000000000000055","98.30882352941175","true","23.374000000000002","21.108","50","98.9","23","300","989","989","0","0","0","0","0","1803","1337","23","342","101","0","365","0","3","3","1000","1997","3.994","69","5.247237129909166","0","44.9","3.580808080808081","10","601","750"
"334","BA","1000","2","0.1","30","0.1","0.5","1","legal","targeted","60.10606027169138","17","93.0123145373245","93.0123145373245","75","80","80","fixed","1","1","50","757","4","50","21017926","v2.0-design-v1.0","1.7000000000000028","3.9","-2.199999999999997","97.10896960711638","true","24.634000000000018","20.801999999999992","50","98.3","39","300","983","983","0","0","0","0","0","1803","1310","39","346","108","0","385","0","3","3","1000","1997","3.994","55","4.655495423436434","0","38.3","3.6474747474747473","10","601","750"
"335","BA","1000","2","0.1","30","0.1","0.5","1","legal","targeted","60.10606027169138","17","93.0123145373245","93.0123145373245","75","80","80","fixed","1","1","50","757","5","50","21017927","v2.0-design-v1.0","2.1000000000000085","2.1999999999999997","-0.09999999999999121","98.36309523809523","true","24.814","22.682000000000002","50","97.89999999999999","22","300","979","979","0","0","0","0","0","1803","1322","22","367","92","0","389","0","3","3","1000","1997","3.994","71","5.21604938350579","0","42.4","3.606060606060606","10","601","750"
"336","BA","1000","2","0.1","30","0.1","0.5","1","legal","targeted","60.10606027169138","17","93.0123145373245","93.0123145373245","75","80","80","fixed","1","1","50","757","6","50","21017928","v2.0-design-v1.0","1.5999999999999943","1.2","0.39999999999999436","99.09638554216868","true","23.47599999999999","22.276000000000007","50","98.4","12","300","984","984","0","0","0","0","0","1803","1316","12","354","121","0","366","0","3","3","1000","1997","3.994","121","5.943171315491893","0","47.9","3.5505050505050506","10","601","750"
"337","BA","1000","2","0.1","30","0.1","0.5","1","legal","targeted","60.10606027169138","17","93.0123145373245","93.0123145373245","75","80","80","fixed","1","1","50","757","7","50","21017929","v2.0-design-v1.0","1.2999999999999972","1.5","-0.20000000000000284","98.87387387387388","true","24.406","22.906","50","98.7","15","300","987","987","0","0","0","0","0","1803","1317","15","380","91","0","395","0","3","3","1000","1997","3.994","82","5.324501320716731","0","43.2","3.597979797979798","10","601","750"
"338","BA","1000","2","0.1","30","0.1","0.5","1","legal","targeted","60.10606027169138","17","93.0123145373245","93.0123145373245","75","80","80","fixed","1","1","50","757","8","50","21017930","v2.0-design-v1.0","1.2999999999999972","2.3","-1.0000000000000027","98.27586206896551","true","24.161999999999992","21.86200000000001","50","98.7","23","300","987","987","0","0","0","0","0","1803","1311","23","359","110","0","382","0","3","3","1000","1997","3.994","60","4.781090129125647","0","39.4","3.6363636363636362","10","601","750"
"339","BA","1000","2","0.1","30","0.1","0.5","1","legal","targeted","60.10606027169138","17","93.0123145373245","93.0123145373245","75","80","80","fixed","1","1","50","757","9","50","21017931","v2.0-design-v1.0","0.9000000000000057","2.5","-1.5999999999999943","98.14402375649591","true","22.938000000000006","20.506000000000004","50","99.1","25","300","991","991","0","0","0","0","0","1803","1322","25","350","106","0","375","0","3","3","1000","1997","3.994","104","5.557053611838269","0","45","3.5797979797979798","10","601","750"
"340","BA","1000","2","0.1","30","0.1","0.5","1","legal","targeted","60.10606027169138","17","93.0123145373245","93.0123145373245","75","80","80","fixed","1","1","50","757","10","50","21017932","v2.0-design-v1.0","1.0999999999999943","3.2","-2.100000000000006","97.667638483965","true","23.75","20.584","50","98.9","32","300","989","989","0","0","0","0","0","1803","1340","32","350","81","0","382","0","3","3","1000","1997","3.994","54","5.013292041871986","0","42.7","3.603030303030303","10","601","750"
"341","BA","1000","2","0.1","30","0.1","0.5","1","legal","targeted","60.10606027169138","17","93.0123145373245","93.0123145373245","75","80","80","fixed","1","1","50","757","11","50","21017933","v2.0-design-v1.0","1.0999999999999943","3.4000000000000004","-2.300000000000006","97.46268656716418","true","23.91","20.509999999999994","50","98.9","34","300","989","989","0","0","0","0","0","1803","1306","34","349","114","0","383","0","3","3","1000","1997","3.994","79","4.948985396670351","0","40.4","3.6262626262626263","10","601","750"
"342","BA","1000","2","0.1","30","0.1","0.5","1","legal","targeted","60.10606027169138","17","93.0123145373245","93.0123145373245","75","80","80","fixed","1","1","50","757","12","50","21017934","v2.0-design-v1.0","1.5999999999999943","3.2","-1.6000000000000059","97.6487876561352","true","23.984","20.817999999999998","50","98.4","32","300","984","984","0","0","0","0","0","1803","1329","32","360","82","0","392","0","3","3","1000","1997","3.994","67","4.779414902140918","0","40.7","3.6232323232323234","10","601","750"
"343","BA","1000","2","0.1","30","0.1","0.5","1","legal","targeted","60.10606027169138","17","93.0123145373245","93.0123145373245","75","80","80","fixed","1","1","50","757","13","50","21017935","v2.0-design-v1.0","1.4000000000000057","1.4000000000000001","5.551115123125783E-15","98.96296296296296","true","24.180000000000003","22.780000000000005","50","98.6","14","300","986","986","0","0","0","0","0","1803","1336","14","354","99","0","368","0","3","3","1000","1997","3.994","109","5.472285620278769","0","43.9","3.590909090909091","10","601","750"
"344","BA","1000","2","0.1","30","0.1","0.5","1","legal","targeted","60.10606027169138","17","93.0123145373245","93.0123145373245","75","80","80","fixed","1","1","50","757","14","50","21017936","v2.0-design-v1.0","1.7000000000000028","1.7000000000000002","2.6645352591003757E-15","98.71891484551621","true","23.378","21.74600000000001","50","98.3","17","300","983","983","0","0","0","0","0","1803","1310","17","374","102","0","391","0","3","3","1000","1997","3.994","86","5.3090630199829105","0","42.6","3.604040404040404","10","601","750"
"346","BA","1000","2","0.1","30","0.1","0.5","1","legal","targeted","60.10606027169138","17","93.0123145373245","93.0123145373245","75","80","80","fixed","1","1","50","757","16","50","21017938","v2.0-design-v1.0","2.299999999999997","3.3000000000000003","-1.000000000000003","97.56816507000737","true","24.615999999999996","21.45200000000001","50","97.7","33","300","977","977","0","0","0","0","0","1803","1324","33","349","97","0","382","0","3","3","1000","1997","3.994","72","5.101371187042549","0","43.2","3.597979797979798","10","601","750"
"347","BA","1000","2","0.1","30","0.1","0.5","1","legal","targeted","60.10606027169138","17","93.0123145373245","93.0123145373245","75","80","80","fixed","1","1","50","757","17","50","21017939","v2.0-design-v1.0","1.7000000000000028","3.5000000000000004","-1.7999999999999976","97.40163325909428","true","24.555999999999997","21.158000000000005","50","98.3","35","300","983","983","0","0","0","0","0","1803","1312","35","352","104","0","387","0","3","3","1000","1997","3.994","88","5.433552013875214","0","45.9","3.5707070707070705","10","601","750"
"345","BA","1000","2","0.1","30","0.1","0.5","1","legal","targeted","60.10606027169138","17","93.0123145373245","93.0123145373245","75","80","80","fixed","1","1","50","757","15","50","21017937","v2.0-design-v1.0","1.7999999999999972","3.3000000000000003","-1.500000000000003","97.54281459419211","true","23.576","20.310000000000006","50","98.2","33","300","982","982","0","0","0","0","0","1803","1310","33","352","108","0","385","0","3","3","1000","1997","3.994","78","5.301327010104921","0","44.2","3.587878787878788","10","601","750"
"348","BA","1000","2","0.1","30","0.1","0.5","1","legal","targeted","60.10606027169138","17","93.0123145373245","93.0123145373245","75","80","80","fixed","1","1","50","757","18","50","21017940","v2.0-design-v1.0","1.5999999999999943","2.8000000000000003","-1.200000000000006","97.92592592592592","true","24.672000000000008","21.871999999999993","50","98.4","28","300","984","984","0","0","0","0","0","1803","1322","28","351","102","0","379","0","3","3","1000","1997","3.994","64","4.881166847157522","0","40.3","3.6272727272727274","10","601","750"
"349","BA","1000","2","0.1","30","0.1","0.5","1","legal","targeted","60.10606027169138","17","93.0123145373245","93.0123145373245","75","80","80","fixed","1","1","50","757","19","50","21017941","v2.0-design-v1.0","1.4000000000000057","2.4","-0.9999999999999942","98.20627802690582","true","23.776","21.410000000000004","50","98.6","24","300","986","986","0","0","0","0","0","1803","1314","24","374","91","0","398","0","3","3","1000","1997","3.994","104","5.1925838391812995","0","39.9","3.6313131313131315","10","601","750"
"350","BA","1000","2","0.1","30","0.1","0.5","1","legal","targeted","60.10606027169138","17","93.0123145373245","93.0123145373245","75","80","80","fixed","1","1","50","757","20","50","21017942","v2.0-design-v1.0","1.2000000000000028","3.2","-1.9999999999999973","97.65567765567765","true","23.810000000000006","20.610000000000003","50","98.8","32","300","988","988","0","0","0","0","0","1803","1333","32","344","94","0","376","0","3","3","1000","1997","3.994","84","5.4075137730018845","0","45.7","3.5727272727272728","10","601","750"
"351","BA","1000","2","0.1","30","0.1","0.5","1","legal","targeted","60.10606027169138","17","93.0123145373245","93.0123145373245","75","80","80","fixed","1","1","50","757","21","50","21017943","v2.0-design-v1.0","1.5","2.5","-1","98.1549815498155","true","24.100000000000005","21.6","50","98.5","25","300","985","985","0","0","0","0","0","1803","1330","25","358","90","0","383","0","3","3","1000","1997","3.994","68","4.820705674815991","0","38.3","3.6474747474747473","10","601","750"
"352","BA","1000","2","0.1","30","0.1","0.5","1","legal","targeted","60.10606027169138","17","93.0123145373245","93.0123145373245","75","80","80","fixed","1","1","50","757","22","50","21017944","v2.0-design-v1.0","1.4000000000000057","2.3","-0.8999999999999941","98.28614008941878","true","23.596","21.295999999999996","50","98.6","23","300","986","986","0","0","0","0","0","1803","1319","23","347","114","0","370","0","3","3","1000","1997","3.994","77","5.601011992072085","0","46.6","3.5636363636363635","10","601","750"
"353","BA","1000","2","0.1","30","0.1","0.5","1","legal","targeted","60.10606027169138","17","93.0123145373245","93.0123145373245","75","80","80","fixed","1","1","50","757","23","50","21017945","v2.0-design-v1.0","1.5","2.3","-0.7999999999999998","98.31130690161527","true","23.787999999999982","21.487999999999996","50","98.5","23","300","985","985","0","0","0","0","0","1803","1339","23","328","113","0","351","0","3","3","1000","1997","3.994","79","5.565693212973641","0","47.2","3.5575757575757576","10","601","750"
"354","BA","1000","2","0.1","30","0.1","0.5","1","legal","targeted","60.10606027169138","17","93.0123145373245","93.0123145373245","75","80","80","fixed","1","1","50","757","24","50","21017946","v2.0-design-v1.0","2.6000000000000085","1.9","0.7000000000000086","98.56495468277946","true","25.161999999999992","23.39800000000001","50","97.39999999999999","19","300","974","974","0","0","0","0","0","1803","1305","19","369","110","0","388","0","3","3","1000","1997","3.994","64","5.147276800256457","0","43.5","3.594949494949495","10","601","750"
"355","BA","1000","2","0.1","30","0.1","0.5","1","legal","targeted","60.10606027169138","17","93.0123145373245","93.0123145373245","75","80","80","fixed","1","1","50","757","25","50","21017947","v2.0-design-v1.0","1.7999999999999972","3.1","-1.300000000000003","97.70710059171599","true","24.04400000000001","21.079999999999995","50","98.2","31","300","982","982","0","0","0","0","0","1803","1321","31","353","98","0","384","0","3","3","1000","1997","3.994","58","4.610338297697811","0","34.4","3.686868686868687","10","601","750"
"356","BA","1000","2","0.1","30","0.1","0.5","1","legal","targeted","60.10606027169138","17","93.0123145373245","93.0123145373245","75","80","80","fixed","1","1","50","757","26","50","21017948","v2.0-design-v1.0","0.7999999999999972","2.7","-1.900000000000003","97.99703264094956","true","23.85","21.184","50","99.2","27","300","992","992","0","0","0","0","0","1803","1321","27","354","101","0","381","0","3","3","1000","1997","3.994","91","5.175011569527611","0","44.5","3.584848484848485","10","601","750"
"357","BA","1000","2","0.1","30","0.1","0.5","1","legal","targeted","60.10606027169138","17","93.0123145373245","93.0123145373245","75","80","80","fixed","1","1","50","757","27","50","21017949","v2.0-design-v1.0","1","2.7","-1.7000000000000002","97.9467680608365","true","24.107999999999993","21.407999999999994","50","99","27","300","990","990","0","0","0","0","0","1803","1288","27","383","105","0","410","0","3","3","1000","1997","3.994","71","5.279567959391923","0","46.5","3.5646464646464646","10","601","750"
"358","BA","1000","2","0.1","30","0.1","0.5","1","legal","targeted","60.10606027169138","17","93.0123145373245","93.0123145373245","75","80","80","fixed","1","1","50","757","28","50","21017950","v2.0-design-v1.0","1.4000000000000057","2.8000000000000003","-1.3999999999999946","97.94419970631424","true","25.820000000000007","23.155999999999995","50","98.6","28","300","986","986","0","0","0","0","0","1803","1334","28","343","98","0","371","0","3","3","1000","1997","3.994","103","5.258861057265111","0","40.8","3.6222222222222222","10","601","750"
"359","BA","1000","2","0.1","30","0.1","0.5","1","legal","targeted","60.10606027169138","17","93.0123145373245","93.0123145373245","75","80","80","fixed","1","1","50","757","29","50","21017951","v2.0-design-v1.0","0.9000000000000057","1.7000000000000002","-0.7999999999999945","98.73980726464048","true","24.377999999999997","22.678000000000008","50","99.1","17","300","991","991","0","0","0","0","0","1803","1332","17","357","97","0","374","0","3","3","1000","1997","3.994","104","5.438155711041882","0","43.7","3.592929292929293","10","601","750"
"361","BA","1000","2","0.1","30","0.1","0.5","1","legal","targeted","77.50754943291089","3","88.31392332604693","88.31392332604693","75","80","80","fixed","1","1","50","758","1","50","21018923","v2.0-design-v1.0","97.3","68.2","29.099999999999994","60.76026977314532","true","92.75800000000002","50.91600000000003","50","2.7","682","300","27","27","0","0","0","0","0","13175","1982","1280","9625","288","0","10905","0","17","17","1000","1997","3.994","69","4.879731117159602","0","40.6","3.624242424242424","10","775","750"
"360","BA","1000","2","0.1","30","0.1","0.5","1","legal","targeted","60.10606027169138","17","93.0123145373245","93.0123145373245","75","80","80","fixed","1","1","50","757","30","50","21017952","v2.0-design-v1.0","1.7999999999999972","2.3","-0.5000000000000027","98.30007390983","true","23.524","21.224","50","98.2","23","300","982","982","0","0","0","0","0","1803","1330","23","349","101","0","372","0","3","3","1000","1997","3.994","78","5.122323906412213","0","42.7","3.603030303030303","10","601","750"
"362","BA","1000","2","0.1","30","0.1","0.5","1","legal","targeted","77.50754943291089","3","88.31392332604693","88.31392332604693","75","80","80","fixed","1","1","50","758","2","50","21018924","v2.0-design-v1.0","98.1","72.8","25.299999999999997","60.80553050796513","true","93.14400000000002","48.91600000000001","50","1.9","728","300","19","19","0","0","0","0","0","13175","2023","1304","9592","256","0","10896","0","17","17","1000","1997","3.994","87","5.279188747699194","0","42.9","3.601010101010101","10","775","750"
"363","BA","1000","2","0.1","30","0.1","0.5","1","legal","targeted","77.50754943291089","3","88.31392332604693","88.31392332604693","75","80","80","fixed","1","1","50","758","3","50","21018925","v2.0-design-v1.0","93.6","69.6","24","62.336114421930866","true","92.296","48.76","50","6.4","696","300","64","64","0","0","0","0","0","13175","2092","1264","9531","288","0","10795","0","17","17","1000","1997","3.994","81","5.472468539143175","0","47.1","3.5585858585858587","10","775","750"
"364","BA","1000","2","0.1","30","0.1","0.5","1","legal","targeted","77.50754943291089","3","88.31392332604693","88.31392332604693","75","80","80","fixed","1","1","50","758","4","50","21018926","v2.0-design-v1.0","94.1","70","24.099999999999994","65.18029176988715","true","91.19800000000001","49.15800000000001","50","5.8999999999999995","700","300","59","59","0","0","0","0","0","13175","2368","1265","9216","326","0","10481","0","17","17","1000","1997","3.994","81","5.408439258715504","0","46.4","3.5656565656565657","10","775","750"
"365","BA","1000","2","0.1","30","0.1","0.5","1","legal","targeted","77.50754943291089","3","88.31392332604693","88.31392332604693","75","80","80","fixed","1","1","50","758","5","50","21018927","v2.0-design-v1.0","90.3","70.5","19.799999999999997","64.15410385259631","true","91.71600000000001","46.78200000000001","50","9.700000000000001","705","300","97","97","0","0","0","0","0","13175","2298","1284","9322","271","0","10606","0","17","17","1000","1997","3.994","85","5.543346705077416","0","48.5","3.5444444444444443","10","775","750"
"366","BA","1000","2","0.1","30","0.1","0.5","1","legal","targeted","77.50754943291089","3","88.31392332604693","88.31392332604693","75","80","80","fixed","1","1","50","758","6","50","21018928","v2.0-design-v1.0","94.5","67","27.5","68.84809789837722","true","89.98799999999997","50.52800000000001","50","5.5","670","300","55","55","0","0","0","0","0","13175","2588","1171","9068","348","0","10239","0","17","17","1000","1997","3.994","87","5.569648551298808","0","46.2","3.5676767676767676","10","775","750"
"367","BA","1000","2","0.1","30","0.1","0.5","1","legal","targeted","77.50754943291089","3","88.31392332604693","88.31392332604693","75","80","80","fixed","1","1","50","758","7","50","21018929","v2.0-design-v1.0","92.3","70.39999999999999","21.900000000000006","58.76685934489403","true","93.704","51.50400000000001","50","7.7","704","300","77","77","0","0","0","0","0","13175","1830","1284","9846","215","0","11130","0","17","17","1000","1997","3.994","94","5.231188137443467","0","42.6","3.604040404040404","10","775","750"
"369","BA","1000","2","0.1","30","0.1","0.5","1","legal","targeted","77.50754943291089","3","88.31392332604693","88.31392332604693","75","80","80","fixed","1","1","50","758","9","50","21018931","v2.0-design-v1.0","99.5","73.4","26.099999999999994","46.90781796966161","true","95.998","51.097999999999985","50","0.5","734","300","5","5","0","0","0","0","0","13175","1206","1365","10424","180","0","11789","0","17","17","1000","1997","3.994","59","4.908773783752921","0","40.1","3.6292929292929292","10","775","750"
"368","BA","1000","2","0.1","30","0.1","0.5","1","legal","targeted","77.50754943291089","3","88.31392332604693","88.31392332604693","75","80","80","fixed","1","1","50","758","8","50","21018930","v2.0-design-v1.0","94.9","68.2","26.700000000000003","66.16871704745168","true","92.176","51.114000000000004","50","5.1","682","300","51","51","0","0","0","0","0","13175","2259","1155","9499","262","0","10654","0","17","17","1000","1997","3.994","90","5.488906274668208","0","45.3","3.576767676767677","10","775","750"
"370","BA","1000","2","0.1","30","0.1","0.5","1","legal","targeted","77.50754943291089","3","88.31392332604693","88.31392332604693","75","80","80","fixed","1","1","50","758","10","50","21018932","v2.0-design-v1.0","94.2","71","23.200000000000003","59.135200974421444","true","92.846","48.209999999999994","50","5.800000000000001","710","300","58","58","0","0","0","0","0","13175","1942","1342","9633","258","0","10975","0","17","17","1000","1997","3.994","63","4.728670460533722","0","37.9","3.6515151515151514","10","775","750"
"371","BA","1000","2","0.1","30","0.1","0.5","1","legal","targeted","77.50754943291089","3","88.31392332604693","88.31392332604693","75","80","80","fixed","1","1","50","758","11","50","21018933","v2.0-design-v1.0","93.5","68.60000000000001","24.89999999999999","69.51537258989056","true","89.914","48.866000000000014","50","6.5","686","300","65","65","0","0","0","0","0","13175","2668","1170","8973","364","0","10143","0","17","17","1000","1997","3.994","80","5.306611359815603","0","42.7","3.603030303030303","10","775","750"
"372","BA","1000","2","0.1","30","0.1","0.5","1","legal","targeted","77.50754943291089","3","88.31392332604693","88.31392332604693","75","80","80","fixed","1","1","50","758","12","50","21018934","v2.0-design-v1.0","95","67.10000000000001","27.89999999999999","62.92274278622402","true","92.55000000000001","52.162000000000006","50","5","671","300","50","50","0","0","0","0","0","13175","2028","1195","9670","282","0","10865","0","17","17","1000","1997","3.994","85","5.454880357965665","0","45.1","3.5787878787878786","10","775","750"
"373","BA","1000","2","0.1","30","0.1","0.5","1","legal","targeted","77.50754943291089","3","88.31392332604693","88.31392332604693","75","80","80","fixed","1","1","50","758","13","50","21018935","v2.0-design-v1.0","93.2","70.89999999999999","22.30000000000001","67.73509933774834","true","90.38599999999997","48.19","50","6.800000000000001","709","300","68","68","0","0","0","0","0","13175","2557","1218","9048","352","0","10266","0","17","17","1000","1997","3.994","77","5.493099137839958","0","46.3","3.566666666666667","10","775","750"
"374","BA","1000","2","0.1","30","0.1","0.5","1","legal","targeted","77.50754943291089","3","88.31392332604693","88.31392332604693","75","80","80","fixed","1","1","50","758","14","50","21018936","v2.0-design-v1.0","95.1","72","23.099999999999994","58.96782414781777","true","93.30399999999996","50.15799999999999","50","4.9","720","300","49","49","0","0","0","0","0","13175","1851","1288","9799","237","0","11087","0","17","17","1000","1997","3.994","89","5.137349156554986","0","40.5","3.625252525252525","10","775","750"
"375","BA","1000","2","0.1","30","0.1","0.5","1","legal","targeted","77.50754943291089","3","88.31392332604693","88.31392332604693","75","80","80","fixed","1","1","50","758","15","50","21018937","v2.0-design-v1.0","93.1","71.8","21.299999999999997","60.5207387223736","true","92.986","49.11000000000001","50","6.9","718","300","69","69","0","0","0","0","0","13175","1999","1304","9627","245","0","10931","0","17","17","1000","1997","3.994","78","5.537565225677124","0","49.4","3.5353535353535355","10","775","750"
"376","BA","1000","2","0.1","30","0.1","0.5","1","legal","targeted","77.50754943291089","3","88.31392332604693","88.31392332604693","75","80","80","fixed","1","1","50","758","16","50","21018938","v2.0-design-v1.0","93.3","69.19999999999999","24.10000000000001","67.79116465863454","true","90.13799999999999","48.483999999999995","50","6.7","692","300","67","67","0","0","0","0","0","13175","2532","1203","9090","350","0","10293","0","17","17","1000","1997","3.994","72","5.243611299425176","0","43.7","3.592929292929293","10","775","750"
"377","BA","1000","2","0.1","30","0.1","0.5","1","legal","targeted","77.50754943291089","3","88.31392332604693","88.31392332604693","75","80","80","fixed","1","1","50","758","17","50","21018939","v2.0-design-v1.0","96.4","68.7","27.700000000000003","61.587015329125336","true","92.66199999999999","49.587999999999994","50","3.5999999999999996","687","300","36","36","0","0","0","0","0","13175","2049","1278","9570","278","0","10848","0","17","17","1000","1997","3.994","73","4.860822110671352","0","38.5","3.6454545454545455","10","775","750"
"378","BA","1000","2","0.1","30","0.1","0.5","1","legal","targeted","77.50754943291089","3","88.31392332604693","88.31392332604693","75","80","80","fixed","1","1","50","758","18","50","21018940","v2.0-design-v1.0","94.2","67.30000000000001","26.89999999999999","62.86504764832463","true","92.51599999999999","51.64","50","5.800000000000001","673","300","58","58","0","0","0","0","0","13175","2045","1208","9650","272","0","10858","0","17","17","1000","1997","3.994","79","5.037990208937017","0","40.4","3.6262626262626263","10","775","750"
"379","BA","1000","2","0.1","30","0.1","0.5","1","legal","targeted","77.50754943291089","3","88.31392332604693","88.31392332604693","75","80","80","fixed","1","1","50","758","19","50","21018941","v2.0-design-v1.0","94","70.8","23.200000000000003","63.87601390498262","true","92.14200000000001","48.88199999999999","50","6","708","300","60","60","0","0","0","0","0","13175","2205","1247","9428","295","0","10675","0","17","17","1000","1997","3.994","61","4.838944035570085","0","40","3.6303030303030304","10","775","750"
"380","BA","1000","2","0.1","30","0.1","0.5","1","legal","targeted","77.50754943291089","3","88.31392332604693","88.31392332604693","75","80","80","fixed","1","1","50","758","20","50","21018942","v2.0-design-v1.0","92.1","70.1","22","64.54442558007923","true","91.62800000000001","48.816","50","7.9","701","300","79","79","0","0","0","0","0","13175","2281","1253","9332","309","0","10585","0","17","17","1000","1997","3.994","70","4.810520253060476","0","39.6","3.6343434343434344","10","775","750"
"381","BA","1000","2","0.1","30","0.1","0.5","1","legal","targeted","77.50754943291089","3","88.31392332604693","88.31392332604693","75","80","80","fixed","1","1","50","758","21","50","21018943","v2.0-design-v1.0","90.7","69.6","21.10000000000001","70.17323625407984","true","89.27599999999998","46.91","50","9.3","696","300","93","93","0","0","0","0","0","13175","2795","1188","8796","396","0","9984","0","17","17","1000","1997","3.994","104","5.8018639785525465","0","49.1","3.5383838383838384","10","775","750"
"382","BA","1000","2","0.1","30","0.1","0.5","1","legal","targeted","77.50754943291089","3","88.31392332604693","88.31392332604693","75","80","80","fixed","1","1","50","758","22","50","21018944","v2.0-design-v1.0","94.5","71","23.5","59.91722381407195","true","93.362","50.29199999999998","50","5.5","710","300","55","55","0","0","0","0","0","13175","1882","1259","9797","237","0","11056","0","17","17","1000","1997","3.994","58","4.873367799962733","0","41.5","3.6151515151515152","10","775","750"
"383","BA","1000","2","0.1","30","0.1","0.5","1","legal","targeted","77.50754943291089","3","88.31392332604693","88.31392332604693","75","80","80","fixed","1","1","50","758","23","50","21018945","v2.0-design-v1.0","95.5","69.5","26","66.65752673430217","true","91.39800000000001","48.91599999999998","50","4.5","695","300","45","45","0","0","0","0","0","13175","2431","1216","9220","308","0","10436","0","17","17","1000","1997","3.994","111","6.179008346340413","0","50.6","3.5232323232323233","10","775","750"
"384","BA","1000","2","0.1","30","0.1","0.5","1","legal","targeted","77.50754943291089","3","88.31392332604693","88.31392332604693","75","80","80","fixed","1","1","50","758","24","50","21018946","v2.0-design-v1.0","93","69.5","23.5","66.45552189479483","true","90.92800000000003","49.05799999999999","50","7.000000000000001","695","300","70","70","0","0","0","0","0","13175","2413","1218","9196","348","0","10414","0","17","17","1000","1997","3.994","67","5.073628455622819","0","44.4","3.585858585858586","10","775","750"
"385","BA","1000","2","0.1","30","0.1","0.5","1","legal","targeted","77.50754943291089","3","88.31392332604693","88.31392332604693","75","80","80","fixed","1","1","50","758","25","50","21018947","v2.0-design-v1.0","93.8","67.30000000000001","26.499999999999986","68.4682237914177","true","90.92200000000001","49.955999999999996","50","6.2","673","300","62","62","0","0","0","0","0","13175","2521","1161","9156","337","0","10317","0","17","17","1000","1997","3.994","74","5.352813897065402","0","46.5","3.5646464646464646","10","775","750"
"386","BA","1000","2","0.1","30","0.1","0.5","1","legal","targeted","77.50754943291089","3","88.31392332604693","88.31392332604693","75","80","80","fixed","1","1","50","758","26","50","21018948","v2.0-design-v1.0","95.7","69.1","26.60000000000001","62.81041792852816","true","92.62599999999999","50.856","50","4.3","691","300","43","43","0","0","0","0","0","13175","2074","1228","9607","266","0","10835","0","17","17","1000","1997","3.994","86","5.1090181117379085","0","41.2","3.618181818181818","10","775","750"
"387","BA","1000","2","0.1","30","0.1","0.5","1","legal","targeted","77.50754943291089","3","88.31392332604693","88.31392332604693","75","80","80","fixed","1","1","50","758","27","50","21018949","v2.0-design-v1.0","95.4","68.30000000000001","27.099999999999994","64.45211389128559","true","92.19","49.774000000000015","50","4.6","683","300","46","46","0","0","0","0","0","13175","2241","1236","9436","262","0","10672","0","17","17","1000","1997","3.994","64","5.352626889165215","0","46.7","3.562626262626263","10","775","750"
"388","BA","1000","2","0.1","30","0.1","0.5","1","legal","targeted","77.50754943291089","3","88.31392332604693","88.31392332604693","75","80","80","fixed","1","1","50","758","28","50","21018950","v2.0-design-v1.0","93.8","70.7","23.099999999999994","63.14858490566038","true","91.882","49.316","50","6.2","707","300","62","62","0","0","0","0","0","13175","2142","1250","9489","294","0","10739","0","17","17","1000","1997","3.994","100","5.21336198082802","0","41.8","3.6121212121212123","10","775","750"
"389","BA","1000","2","0.1","30","0.1","0.5","1","legal","targeted","77.50754943291089","3","88.31392332604693","88.31392332604693","75","80","80","fixed","1","1","50","758","29","50","21018951","v2.0-design-v1.0","94","71.1","22.900000000000006","64.12888508696892","true","91.76799999999997","47.254000000000026","50","6","711","300","60","60","0","0","0","0","0","13175","2249","1258","9356","312","0","10614","0","17","17","1000","1997","3.994","70","5.239982960031581","0","44.7","3.5828282828282827","10","775","750"
"390","BA","1000","2","0.1","30","0.1","0.5","1","legal","targeted","77.50754943291089","3","88.31392332604693","88.31392332604693","75","80","80","fixed","1","1","50","758","30","50","21018952","v2.0-design-v1.0","93.3","67.60000000000001","25.69999999999999","68.8157894736842","true","90.22600000000004","49.013999999999996","50","6.7","676","300","67","67","0","0","0","0","0","13175","2615","1185","9011","364","0","10196","0","17","17","1000","1997","3.994","80","5.284495235109009","0","42.8","3.602020202020202","10","775","750"
"391","BA","1000","2","0.1","30","0.1","0.5","1","legal","targeted","88.74978007857948","14","80.31841832859251","80.31841832859251","75","80","80","fixed","1","1","50","759","1","50","21019923","v2.0-design-v1.0","22.799999999999997","12.5","10.299999999999997","94.66994669946699","true","37.45600000000001","26.048000000000012","50","77.2","125","300","772","772","0","0","0","0","0","3548","2309","130","563","546","0","693","0","4","4","1000","1997","3.994","81","5.202790888843498","0","42.6","3.604040404040404","10","887","750"
"392","BA","1000","2","0.1","30","0.1","0.5","1","legal","targeted","88.74978007857948","14","80.31841832859251","80.31841832859251","75","80","80","fixed","1","1","50","759","2","50","21019924","v2.0-design-v1.0","24.900000000000006","15","9.900000000000006","93.75503626107977","true","39.220000000000006","25.284000000000006","50","75.1","150","300","751","751","0","0","0","0","0","3548","2327","155","564","502","0","719","0","4","4","1000","1997","3.994","97","5.809278071474258","0","47.3","3.5565656565656565","10","887","750"
"393","BA","1000","2","0.1","30","0.1","0.5","1","legal","targeted","88.74978007857948","14","80.31841832859251","80.31841832859251","75","80","80","fixed","1","1","50","759","3","50","21019925","v2.0-design-v1.0","22.799999999999997","12.7","10.099999999999998","94.5273631840796","true","38.646","27.262000000000004","50","77.2","127","300","772","772","0","0","0","0","0","3548","2280","132","565","571","0","697","0","4","4","1000","1997","3.994","69","5.199711626715551","0","44.3","3.5868686868686868","10","887","750"
"394","BA","1000","2","0.1","30","0.1","0.5","1","legal","targeted","88.74978007857948","14","80.31841832859251","80.31841832859251","75","80","80","fixed","1","1","50","759","4","50","21019926","v2.0-design-v1.0","19.69999999999999","13.5","6.199999999999989","94.36677631578947","true","36.346000000000004","24.190000000000005","50","80.30000000000001","135","300","803","803","0","0","0","0","0","3548","2295","137","555","561","0","692","0","4","4","1000","1997","3.994","122","6.00583333385421","0","49.2","3.5373737373737373","10","887","750"
"395","BA","1000","2","0.1","30","0.1","0.5","1","legal","targeted","88.74978007857948","14","80.31841832859251","80.31841832859251","75","80","80","fixed","1","1","50","759","5","50","21019927","v2.0-design-v1.0","19.5","13.600000000000001","5.899999999999999","94.11032766486936","true","37.41800000000001","24.965999999999998","50","80.5","136","300","805","805","0","0","0","0","0","3548","2269","142","576","561","0","718","0","4","4","1000","1997","3.994","110","5.489270998602277","0","44.8","3.581818181818182","10","887","750"
"396","BA","1000","2","0.1","30","0.1","0.5","1","legal","targeted","88.74978007857948","14","80.31841832859251","80.31841832859251","75","80","80","fixed","1","1","50","759","6","50","21019928","v2.0-design-v1.0","23.599999999999994","11.700000000000001","11.899999999999993","94.98537400752194","true","38.321999999999996","27.965999999999998","50","76.4","117","300","764","764","0","0","0","0","0","3548","2273","120","605","550","0","725","0","4","4","1000","1997","3.994","84","5.447535189389743","0","47","3.5595959595959594","10","887","750"
"397","BA","1000","2","0.1","30","0.1","0.5","1","legal","targeted","88.74978007857948","14","80.31841832859251","80.31841832859251","75","80","80","fixed","1","1","50","759","7","50","21019929","v2.0-design-v1.0","21.39999999999999","13.5","7.8999999999999915","94.3227899432279","true","38.19800000000001","26.209999999999994","50","78.60000000000001","135","300","786","786","0","0","0","0","0","3548","2326","140","556","526","0","696","0","4","4","1000","1997","3.994","118","5.777832409074125","0","47.1","3.5585858585858587","10","887","750"
"398","BA","1000","2","0.1","30","0.1","0.5","1","legal","targeted","88.74978007857948","14","80.31841832859251","80.31841832859251","75","80","80","fixed","1","1","50","759","8","50","21019930","v2.0-design-v1.0","20.299999999999997","14.099999999999998","6.199999999999999","94.00489396411092","true","37.49","24.706","50","79.7","141","300","797","797","0","0","0","0","0","3548","2305","147","540","556","0","687","0","4","4","1000","1997","3.994","82","5.535576447544241","0","46","3.56969696969697","10","887","750"
"399","BA","1000","2","0.1","30","0.1","0.5","1","legal","targeted","88.74978007857948","14","80.31841832859251","80.31841832859251","75","80","80","fixed","1","1","50","759","9","50","21019931","v2.0-design-v1.0","21.299999999999997","13.3","7.9999999999999964","94.2595673876872","true","39.534","27.802000000000003","50","78.7","133","300","787","787","0","0","0","0","0","3548","2266","138","589","555","0","727","0","4","4","1000","1997","3.994","102","5.817715170907716","0","46.4","3.5656565656565657","10","887","750"
"400","BA","1000","2","0.1","30","0.1","0.5","1","legal","targeted","88.74978007857948","14","80.31841832859251","80.31841832859251","75","80","80","fixed","1","1","50","759","10","50","21019932","v2.0-design-v1.0","21.599999999999994","12.4","9.199999999999994","94.69507101086049","true","37.82000000000001","27.01600000000001","50","78.4","124","300","784","784","0","0","0","0","0","3548","2267","127","580","574","0","707","0","4","4","1000","1997","3.994","74","5.416946308327894","0","46.7","3.562626262626263","10","887","750"
"401","BA","1000","2","0.1","30","0.1","0.5","1","legal","targeted","88.74978007857948","14","80.31841832859251","80.31841832859251","75","80","80","fixed","1","1","50","759","11","50","21019933","v2.0-design-v1.0","23.599999999999994","12.9","10.699999999999994","94.21182266009852","true","38.18399999999999","26.375999999999998","50","76.4","129","300","764","764","0","0","0","0","0","3548","2295","141","560","552","0","701","0","4","4","1000","1997","3.994","67","4.935617927303959","0","40.8","3.6222222222222222","10","887","750"
"402","BA","1000","2","0.1","30","0.1","0.5","1","legal","targeted","88.74978007857948","14","80.31841832859251","80.31841832859251","75","80","80","fixed","1","1","50","759","12","50","21019934","v2.0-design-v1.0","19.599999999999994","11.4","8.199999999999994","95.16195161951619","true","37.257999999999996","26.670000000000005","50","80.4","114","300","804","804","0","0","0","0","0","3548","2321","118","549","560","0","667","0","4","4","1000","1997","3.994","86","5.3984356166492375","0","46.6","3.5636363636363635","10","887","750"
"403","BA","1000","2","0.1","30","0.1","0.5","1","legal","targeted","88.74978007857948","14","80.31841832859251","80.31841832859251","75","80","80","fixed","1","1","50","759","13","50","21019935","v2.0-design-v1.0","23.700000000000003","13.8","9.900000000000002","94.15584415584416","true","38.919999999999995","26.575999999999993","50","76.3","138","300","763","763","0","0","0","0","0","3548","2320","144","561","523","0","705","0","4","4","1000","1997","3.994","74","4.918755753049554","0","38.3","3.6474747474747473","10","887","750"
"404","BA","1000","2","0.1","30","0.1","0.5","1","legal","targeted","88.74978007857948","14","80.31841832859251","80.31841832859251","75","80","80","fixed","1","1","50","759","14","50","21019936","v2.0-design-v1.0","22.200000000000003","13.200000000000001","9.000000000000002","94.41019317714755","true","39.01","27.237999999999992","50","77.8","132","300","778","778","0","0","0","0","0","3548","2297","136","566","549","0","702","0","4","4","1000","1997","3.994","96","5.281463609441777","0","41.9","3.611111111111111","10","887","750"
"406","BA","1000","2","0.1","30","0.1","0.5","1","legal","targeted","88.74978007857948","14","80.31841832859251","80.31841832859251","75","80","80","fixed","1","1","50","759","16","50","21019938","v2.0-design-v1.0","21.39999999999999","13.5","7.8999999999999915","94.34818481848185","true","37.652","25.32800000000001","50","78.60000000000001","135","300","786","786","0","0","0","0","0","3548","2287","137","552","572","0","689","0","4","4","1000","1997","3.994","96","5.636287051928036","0","46.2","3.5676767676767676","10","887","750"
"405","BA","1000","2","0.1","30","0.1","0.5","1","legal","targeted","88.74978007857948","14","80.31841832859251","80.31841832859251","75","80","80","fixed","1","1","50","759","15","50","21019937","v2.0-design-v1.0","20.599999999999994","14.2","6.399999999999995","94.04517453798768","true","39.221999999999994","26.42200000000001","50","79.4","142","300","794","794","0","0","0","0","0","3548","2290","145","585","528","0","730","0","4","4","1000","1997","3.994","92","5.059205427689164","0","39.3","3.6373737373737374","10","887","750"
"407","BA","1000","2","0.1","30","0.1","0.5","1","legal","targeted","88.74978007857948","14","80.31841832859251","80.31841832859251","75","80","80","fixed","1","1","50","759","17","50","21019939","v2.0-design-v1.0","21.39999999999999","12.9","8.499999999999991","94.41666666666667","true","38.136","26.635999999999996","50","78.60000000000001","129","300","786","786","0","0","0","0","0","3548","2266","134","583","565","0","717","0","4","4","1000","1997","3.994","81","5.517463765753821","0","46.3","3.566666666666667","10","887","750"
"408","BA","1000","2","0.1","30","0.1","0.5","1","legal","targeted","88.74978007857948","14","80.31841832859251","80.31841832859251","75","80","80","fixed","1","1","50","759","18","50","21019940","v2.0-design-v1.0","22","13.600000000000001","8.399999999999999","94.23475736209042","true","36.51399999999999","24.20200000000001","50","78","136","300","780","780","0","0","0","0","0","3548","2272","139","525","612","0","664","0","4","4","1000","1997","3.994","52","4.66537562579152","0","38.8","3.6424242424242426","10","887","750"
"409","BA","1000","2","0.1","30","0.1","0.5","1","legal","targeted","88.74978007857948","14","80.31841832859251","80.31841832859251","75","80","80","fixed","1","1","50","759","19","50","21019941","v2.0-design-v1.0","21.89999999999999","13","8.899999999999991","94.27496865858754","true","38.494","26.753999999999998","50","78.10000000000001","130","300","781","781","0","0","0","0","0","3548","2256","137","570","585","0","707","0","4","4","1000","1997","3.994","76","5.144748043629765","0","43.4","3.595959595959596","10","887","750"
"410","BA","1000","2","0.1","30","0.1","0.5","1","legal","targeted","88.74978007857948","14","80.31841832859251","80.31841832859251","75","80","80","fixed","1","1","50","759","20","50","21019942","v2.0-design-v1.0","22.39999999999999","11.200000000000001","11.19999999999999","95.363151415675","true","38.18","27.932","50","77.60000000000001","112","300","776","776","0","0","0","0","0","3548","2324","113","587","524","0","700","0","4","4","1000","1997","3.994","89","5.451576256797993","0","45","3.5797979797979798","10","887","750"
"411","BA","1000","2","0.1","30","0.1","0.5","1","legal","targeted","88.74978007857948","14","80.31841832859251","80.31841832859251","75","80","80","fixed","1","1","50","759","21","50","21019943","v2.0-design-v1.0","24.799999999999997","15.299999999999999","9.499999999999998","93.66111336854937","true","38.08800000000001","24.215999999999998","50","75.2","153","300","752","752","0","0","0","0","0","3548","2305","156","552","535","0","708","0","4","4","1000","1997","3.994","68","5.051879401320404","0","41.4","3.6161616161616164","10","887","750"
"412","BA","1000","2","0.1","30","0.1","0.5","1","legal","targeted","88.74978007857948","14","80.31841832859251","80.31841832859251","75","80","80","fixed","1","1","50","759","22","50","21019944","v2.0-design-v1.0","18.89999999999999","14.2","4.699999999999992","93.94442140190792","true","36.348","23.296","50","81.10000000000001","142","300","811","811","0","0","0","0","0","3548","2265","146","556","581","0","702","0","4","4","1000","1997","3.994","94","5.535576447544242","0","46","3.56969696969697","10","887","750"
"413","BA","1000","2","0.1","30","0.1","0.5","1","legal","targeted","88.74978007857948","14","80.31841832859251","80.31841832859251","75","80","80","fixed","1","1","50","759","23","50","21019945","v2.0-design-v1.0","21.799999999999997","11.600000000000001","10.199999999999996","94.99379395945387","true","36.45999999999999","25.700000000000003","50","78.2","116","300","782","782","0","0","0","0","0","3548","2296","121","555","576","0","676","0","4","4","1000","1997","3.994","65","5.205099139983498","0","43.5","3.594949494949495","10","887","750"
"414","BA","1000","2","0.1","30","0.1","0.5","1","legal","targeted","88.74978007857948","14","80.31841832859251","80.31841832859251","75","80","80","fixed","1","1","50","759","24","50","21019946","v2.0-design-v1.0","20.5","12.9","7.6","94.54470877768662","true","38.598","26.845999999999993","50","79.5","129","300","795","795","0","0","0","0","0","3548","2305","133","556","554","0","689","0","4","4","1000","1997","3.994","89","5.327884228317113","0","44.3","3.5868686868686868","10","887","750"
"415","BA","1000","2","0.1","30","0.1","0.5","1","legal","targeted","88.74978007857948","14","80.31841832859251","80.31841832859251","75","80","80","fixed","1","1","50","759","25","50","21019947","v2.0-design-v1.0","18.400000000000006","14.799999999999999","3.6000000000000068","93.74482187241094","true","39.50399999999999","25.880000000000006","50","81.6","148","300","816","816","0","0","0","0","0","3548","2263","151","561","573","0","712","0","4","4","1000","1997","3.994","77","5.388599168708034","0","46.7","3.562626262626263","10","887","750"
"416","BA","1000","2","0.1","30","0.1","0.5","1","legal","targeted","88.74978007857948","14","80.31841832859251","80.31841832859251","75","80","80","fixed","1","1","50","759","26","50","21019948","v2.0-design-v1.0","19.89999999999999","14.299999999999999","5.5999999999999925","93.71859296482413","true","37.589999999999996","25.025999999999996","50","80.10000000000001","143","300","801","801","0","0","0","0","0","3548","2238","150","583","577","0","733","0","4","4","1000","1997","3.994","89","5.278430242584035","0","44.1","3.588888888888889","10","887","750"
"417","BA","1000","2","0.1","30","0.1","0.5","1","legal","targeted","88.74978007857948","14","80.31841832859251","80.31841832859251","75","80","80","fixed","1","1","50","759","27","50","21019949","v2.0-design-v1.0","17.400000000000006","11.899999999999999","5.500000000000007","94.9026108578533","true","37.022000000000006","26.38200000000001","50","82.6","119","300","826","826","0","0","0","0","0","3548","2290","123","556","579","0","679","0","4","4","1000","1997","3.994","72","5.019477976758045","0","40.2","3.628282828282828","10","887","750"
"418","BA","1000","2","0.1","30","0.1","0.5","1","legal","targeted","88.74978007857948","14","80.31841832859251","80.31841832859251","75","80","80","fixed","1","1","50","759","28","50","21019950","v2.0-design-v1.0","18.5","14.399999999999999","4.100000000000001","93.78907878282618","true","38.61600000000001","25.811999999999994","50","81.5","144","300","815","815","0","0","0","0","0","3548","2250","149","574","575","0","723","0","4","4","1000","1997","3.994","68","5.073233850484481","0","41.9","3.611111111111111","10","887","750"
"419","BA","1000","2","0.1","30","0.1","0.5","1","legal","targeted","88.74978007857948","14","80.31841832859251","80.31841832859251","75","80","80","fixed","1","1","50","759","29","50","21019951","v2.0-design-v1.0","21.299999999999997","13.100000000000001","8.199999999999996","94.28571428571428","true","37.821999999999996","25.842000000000002","50","78.7","131","300","787","787","0","0","0","0","0","3548","2277","138","575","558","0","713","0","4","4","1000","1997","3.994","73","4.927295631707333","0","40.8","3.6222222222222222","10","887","750"
"421","BA","1000","2","0.1","30","0.1","0.5","1","legal","targeted","73.83614238056806","3","80.3479974578649","80.3479974578649","75","80","80","fixed","1","1","50","760","1","50","21020923","v2.0-design-v1.0","88.9","76.5","12.400000000000006","64.18159100374844","true","83.56000000000003","33.32200000000002","50","11.1","765","300","111","111","0","0","0","0","0","12546","3082","1720","6948","796","0","8668","0","17","17","1000","1997","3.994","73","5.148443499784222","0","43.3","3.596969696969697","10","738","750"
"420","BA","1000","2","0.1","30","0.1","0.5","1","legal","targeted","88.74978007857948","14","80.31841832859251","80.31841832859251","75","80","80","fixed","1","1","50","759","30","50","21019952","v2.0-design-v1.0","20.39999999999999","13.700000000000001","6.69999999999999","94.10808614384396","true","37.304","24.528","50","79.60000000000001","137","300","796","796","0","0","0","0","0","3548","2316","145","536","551","0","681","0","4","4","1000","1997","3.994","54","4.887520010378654","0","40.7","3.6232323232323234","10","887","750"
"422","BA","1000","2","0.1","30","0.1","0.5","1","legal","targeted","73.83614238056806","3","80.3479974578649","80.3479974578649","75","80","80","fixed","1","1","50","760","2","50","21020924","v2.0-design-v1.0","81.3","76.2","5.099999999999994","65.92697195884608","true","83.156","31.831999999999994","50","18.7","762","300","187","187","0","0","0","0","0","12546","3268","1689","6796","793","0","8485","0","17","17","1000","1997","3.994","136","5.8902171996165755","0","43.8","3.591919191919192","10","738","750"
"423","BA","1000","2","0.1","30","0.1","0.5","1","legal","targeted","73.83614238056806","3","80.3479974578649","80.3479974578649","75","80","80","fixed","1","1","50","760","3","50","21020925","v2.0-design-v1.0","87.8","77.4","10.399999999999991","63.9505119453925","true","84.78","34.205999999999996","50","12.2","774","300","122","122","0","0","0","0","0","12546","2998","1690","7172","686","0","8862","0","17","17","1000","1997","3.994","62","5.0250587275389265","0","41.8","3.6121212121212123","10","738","750"
"424","BA","1000","2","0.1","30","0.1","0.5","1","legal","targeted","73.83614238056806","3","80.3479974578649","80.3479974578649","75","80","80","fixed","1","1","50","760","4","50","21020926","v2.0-design-v1.0","84.4","78.8","5.6000000000000085","64.76780185758514","true","84.06399999999998","31.099999999999994","50","15.6","788","300","156","156","0","0","0","0","0","12546","3138","1707","7002","699","0","8709","0","17","17","1000","1997","3.994","78","5.097052476083002","0","42.3","3.607070707070707","10","738","750"
"425","BA","1000","2","0.1","30","0.1","0.5","1","legal","targeted","73.83614238056806","3","80.3479974578649","80.3479974578649","75","80","80","fixed","1","1","50","760","5","50","21020927","v2.0-design-v1.0","85.3","76.9","8.399999999999991","65.36219816819317","true","84.36000000000004","32.779999999999994","50","14.7","769","300","147","147","0","0","0","0","0","12546","3140","1664","7006","736","0","8670","0","17","17","1000","1997","3.994","86","5.557053611838268","0","49.5","3.5343434343434343","10","738","750"
"426","BA","1000","2","0.1","30","0.1","0.5","1","legal","targeted","73.83614238056806","3","80.3479974578649","80.3479974578649","75","80","80","fixed","1","1","50","760","6","50","21020928","v2.0-design-v1.0","86.8","78.3","8.5","66.08127424954053","true","83.012","32.641999999999996","50","13.200000000000001","783","300","132","132","0","0","0","0","0","12546","3236","1661","6887","762","0","8548","0","17","17","1000","1997","3.994","81","5.475577224909333","0","46.3","3.566666666666667","10","738","750"
"427","BA","1000","2","0.1","30","0.1","0.5","1","legal","targeted","73.83614238056806","3","80.3479974578649","80.3479974578649","75","80","80","fixed","1","1","50","760","7","50","21020929","v2.0-design-v1.0","83.3","80.10000000000001","3.1999999999999886","64.95230194939859","true","83.93399999999998","29.76000000000001","50","16.7","801","300","167","167","0","0","0","0","0","12546","3132","1690","7000","724","0","8690","0","17","17","1000","1997","3.994","93","5.459282715500971","0","45.2","3.577777777777778","10","738","750"
"428","BA","1000","2","0.1","30","0.1","0.5","1","legal","targeted","73.83614238056806","3","80.3479974578649","80.3479974578649","75","80","80","fixed","1","1","50","760","8","50","21020930","v2.0-design-v1.0","84.6","79","5.599999999999994","64.61086637298091","true","83.428","32.05800000000001","50","15.4","790","300","154","154","0","0","0","0","0","12546","3080","1687","6984","795","0","8671","0","17","17","1000","1997","3.994","64","4.814888072130761","0","39.6","3.6343434343434344","10","738","750"
"429","BA","1000","2","0.1","30","0.1","0.5","1","legal","targeted","73.83614238056806","3","80.3479974578649","80.3479974578649","75","80","80","fixed","1","1","50","760","9","50","21020931","v2.0-design-v1.0","88.1","77.2","10.899999999999991","65.0336417157275","true","83.83000000000001","33.48600000000001","50","11.899999999999999","772","300","119","119","0","0","0","0","0","12546","3093","1663","7034","756","0","8697","0","17","17","1000","1997","3.994","90","5.254100262611045","0","43.9","3.590909090909091","10","738","750"
"430","BA","1000","2","0.1","30","0.1","0.5","1","legal","targeted","73.83614238056806","3","80.3479974578649","80.3479974578649","75","80","80","fixed","1","1","50","760","10","50","21020932","v2.0-design-v1.0","80.8","75.4","5.3999999999999915","66.13105175292154","true","83.484","33.080000000000005","50","19.2","754","300","192","192","0","0","0","0","0","12546","3169","1623","6970","784","0","8593","0","17","17","1000","1997","3.994","89","5.481058839859861","0","47.8","3.5515151515151517","10","738","750"
"431","BA","1000","2","0.1","30","0.1","0.5","1","legal","targeted","73.83614238056806","3","80.3479974578649","80.3479974578649","75","80","80","fixed","1","1","50","760","11","50","21020933","v2.0-design-v1.0","87.3","77.7","9.599999999999994","63.92405063291139","true","84.14399999999999","32.454","50","12.7","777","300","127","127","0","0","0","0","0","12546","3030","1710","7090","716","0","8800","0","17","17","1000","1997","3.994","88","5.239982960031578","0","44.4","3.585858585858586","10","738","750"
"433","BA","1000","2","0.1","30","0.1","0.5","1","legal","targeted","73.83614238056806","3","80.3479974578649","80.3479974578649","75","80","80","fixed","1","1","50","760","13","50","21020935","v2.0-design-v1.0","86.2","77.10000000000001","9.099999999999994","66.61914460285132","true","82.52199999999999","31.743999999999993","50","13.8","771","300","138","138","0","0","0","0","0","12546","3271","1639","6839","797","0","8478","0","17","17","1000","1997","3.994","116","6.04321805700281","0","49.6","3.533333333333333","10","738","750"
"432","BA","1000","2","0.1","30","0.1","0.5","1","legal","targeted","73.83614238056806","3","80.3479974578649","80.3479974578649","75","80","80","fixed","1","1","50","760","12","50","21020934","v2.0-design-v1.0","85.1","74.3","10.799999999999997","68.89110889110889","true","81.44800000000001","32.97799999999998","50","14.899999999999999","743","300","149","149","0","0","0","0","0","12546","3448","1557","6707","834","0","8264","0","17","17","1000","1997","3.994","79","5.429681891735957","0","47.4","3.5555555555555554","10","738","750"
"434","BA","1000","2","0.1","30","0.1","0.5","1","legal","targeted","73.83614238056806","3","80.3479974578649","80.3479974578649","75","80","80","fixed","1","1","50","760","14","50","21020936","v2.0-design-v1.0","84.1","78.8","5.299999999999997","66.76804541768045","true","82.64400000000002","30.837999999999987","50","15.9","788","300","159","159","0","0","0","0","0","12546","3293","1639","6840","774","0","8479","0","17","17","1000","1997","3.994","79","5.186797361268976","0","44.3","3.5868686868686868","10","738","750"
"435","BA","1000","2","0.1","30","0.1","0.5","1","legal","targeted","73.83614238056806","3","80.3479974578649","80.3479974578649","75","80","80","fixed","1","1","50","760","15","50","21020937","v2.0-design-v1.0","82.6","76.2","6.3999999999999915","67.89902603856092","true","81.78400000000005","33.100000000000016","50","17.4","762","300","174","174","0","0","0","0","0","12546","3416","1615","6640","875","0","8255","0","17","17","1000","1997","3.994","99","5.622951323067052","0","49.1","3.5383838383838384","10","738","750"
"437","BA","1000","2","0.1","30","0.1","0.5","1","legal","targeted","73.83614238056806","3","80.3479974578649","80.3479974578649","75","80","80","fixed","1","1","50","760","17","50","21020939","v2.0-design-v1.0","86.9","80","6.900000000000006","62.524105421041355","true","85.01999999999998","31.887999999999998","50","13.100000000000001","800","300","131","131","0","0","0","0","0","12546","2918","1749","7190","689","0","8939","0","17","17","1000","1997","3.994","93","5.228125600757619","0","41.3","3.617171717171717","10","738","750"
"436","BA","1000","2","0.1","30","0.1","0.5","1","legal","targeted","73.83614238056806","3","80.3479974578649","80.3479974578649","75","80","80","fixed","1","1","50","760","16","50","21020938","v2.0-design-v1.0","83.3","77.3","6","67.6923076923077","true","80.71199999999997","30.406","50","16.7","773","300","167","167","0","0","0","0","0","12546","3476","1659","6502","909","0","8161","0","17","17","1000","1997","3.994","90","5.728593263688797","0","49","3.5393939393939395","10","738","750"
"438","BA","1000","2","0.1","30","0.1","0.5","1","legal","targeted","73.83614238056806","3","80.3479974578649","80.3479974578649","75","80","80","fixed","1","1","50","760","18","50","21020940","v2.0-design-v1.0","84.7","76.7","8","64.3084092353315","true","83.772","33.376000000000005","50","15.299999999999999","767","300","153","153","0","0","0","0","0","12546","3036","1685","7048","777","0","8733","0","17","17","1000","1997","3.994","72","4.952624808371054","0","40.9","3.621212121212121","10","738","750"
"439","BA","1000","2","0.1","30","0.1","0.5","1","legal","targeted","73.83614238056806","3","80.3479974578649","80.3479974578649","75","80","80","fixed","1","1","50","760","19","50","21020941","v2.0-design-v1.0","81.7","77.60000000000001","4.099999999999994","64.27988576091391","true","83.03199999999998","31.021999999999984","50","18.3","776","300","183","183","0","0","0","0","0","12546","3151","1751","6861","783","0","8612","0","17","17","1000","1997","3.994","71","4.752952193590263","0","38","3.6505050505050507","10","738","750"
"440","BA","1000","2","0.1","30","0.1","0.5","1","legal","targeted","73.83614238056806","3","80.3479974578649","80.3479974578649","75","80","80","fixed","1","1","50","760","20","50","21020942","v2.0-design-v1.0","85.3","78.60000000000001","6.699999999999989","64.30062630480167","true","84.154","31.86400000000001","50","14.7","786","300","147","147","0","0","0","0","0","12546","3080","1710","7032","724","0","8742","0","17","17","1000","1997","3.994","88","5.460932684604865","0","44.4","3.585858585858586","10","738","750"
"441","BA","1000","2","0.1","30","0.1","0.5","1","legal","targeted","73.83614238056806","3","80.3479974578649","80.3479974578649","75","80","80","fixed","1","1","50","760","21","50","21020943","v2.0-design-v1.0","85.5","76.8","8.700000000000003","66.97098803002638","true","82.17200000000001","32.516","50","14.499999999999998","768","300","145","145","0","0","0","0","0","12546","3301","1628","6737","880","0","8365","0","17","17","1000","1997","3.994","116","5.62170504096111","0","45.5","3.5747474747474746","10","738","750"
"442","BA","1000","2","0.1","30","0.1","0.5","1","legal","targeted","73.83614238056806","3","80.3479974578649","80.3479974578649","75","80","80","fixed","1","1","50","760","22","50","21020944","v2.0-design-v1.0","78.6","77.2","1.3999999999999915","67.50395569620254","true","81.942","30.121999999999986","50","21.4","772","300","214","214","0","0","0","0","0","12546","3413","1643","6645","845","0","8288","0","17","17","1000","1997","3.994","74","5.687909661406048","0","51.6","3.5131313131313133","10","738","750"
"443","BA","1000","2","0.1","30","0.1","0.5","1","legal","targeted","73.83614238056806","3","80.3479974578649","80.3479974578649","75","80","80","fixed","1","1","50","760","23","50","21020945","v2.0-design-v1.0","84.5","75.6","8.900000000000006","68.39430894308943","true","82.39","33.184","50","15.5","756","300","155","155","0","0","0","0","0","12546","3365","1555","6816","810","0","8371","0","17","17","1000","1997","3.994","133","6.330880195047478","0","49.2","3.5373737373737373","10","738","750"
"444","BA","1000","2","0.1","30","0.1","0.5","1","legal","targeted","73.83614238056806","3","80.3479974578649","80.3479974578649","75","80","80","fixed","1","1","50","760","24","50","21020946","v2.0-design-v1.0","81.7","76.3","5.400000000000006","67.45937376139517","true","81.89600000000002","31.431999999999995","50","18.3","763","300","183","183","0","0","0","0","0","12546","3404","1642","6698","802","0","8340","0","17","17","1000","1997","3.994","98","5.749175333647157","0","48.4","3.5454545454545454","10","738","750"
"445","BA","1000","2","0.1","30","0.1","0.5","1","legal","targeted","73.83614238056806","3","80.3479974578649","80.3479974578649","75","80","80","fixed","1","1","50","760","25","50","21020947","v2.0-design-v1.0","83.5","77.4","6.099999999999994","66.73259493670885","true","81.93","30.036000000000012","50","16.5","774","300","165","165","0","0","0","0","0","12546","3374","1682","6662","828","0","8344","0","17","17","1000","1997","3.994","113","5.859376783950355","0","45.7","3.5727272727272728","10","738","750"
"447","BA","1000","2","0.1","30","0.1","0.5","1","legal","targeted","73.83614238056806","3","80.3479974578649","80.3479974578649","75","80","80","fixed","1","1","50","760","27","50","21020949","v2.0-design-v1.0","85.1","78.10000000000001","6.999999999999986","64.21825813221406","true","83.85000000000002","32.426","50","14.899999999999999","781","300","149","149","0","0","0","0","0","12546","3060","1705","7004","777","0","8709","0","17","17","1000","1997","3.994","110","5.585441894887198","0","44.5","3.584848484848485","10","738","750"
"446","BA","1000","2","0.1","30","0.1","0.5","1","legal","targeted","73.83614238056806","3","80.3479974578649","80.3479974578649","75","80","80","fixed","1","1","50","760","26","50","21020948","v2.0-design-v1.0","86.3","77.7","8.599999999999994","64.72303206997084","true","84.48200000000003","32.215999999999994","50","13.700000000000001","777","300","137","137","0","0","0","0","0","12546","3108","1694","7011","733","0","8705","0","17","17","1000","1997","3.994","89","5.388041851637284","0","45.1","3.5787878787878786","10","738","750"
"449","BA","1000","2","0.1","30","0.1","0.5","1","legal","targeted","73.83614238056806","3","80.3479974578649","80.3479974578649","75","80","80","fixed","1","1","50","760","29","50","21020951","v2.0-design-v1.0","85.9","79","6.900000000000006","63.611577181208055","true","83.97999999999996","31.901999999999994","50","14.099999999999998","790","300","141","141","0","0","0","0","0","12546","3033","1735","7041","737","0","8776","0","17","17","1000","1997","3.994","68","4.814888072130764","0","39.9","3.6313131313131315","10","738","750"
"448","BA","1000","2","0.1","30","0.1","0.5","1","legal","targeted","73.83614238056806","3","80.3479974578649","80.3479974578649","75","80","80","fixed","1","1","50","760","28","50","21020950","v2.0-design-v1.0","84.8","78.10000000000001","6.699999999999989","67.54874651810584","true","81.60200000000002","31.875999999999998","50","15.2","781","300","152","152","0","0","0","0","0","12546","3395","1631","6689","831","0","8320","0","17","17","1000","1997","3.994","84","5.486170072287406","0","43.9","3.590909090909091","10","738","750"
"450","BA","1000","2","0.1","30","0.1","0.5","1","legal","targeted","73.83614238056806","3","80.3479974578649","80.3479974578649","75","80","80","fixed","1","1","50","760","30","50","21020952","v2.0-design-v1.0","82.5","78.60000000000001","3.8999999999999915","64.87785342410893","true","83.296","31.162000000000003","50","17.5","786","300","175","175","0","0","0","0","0","12546","3240","1754","6799","753","0","8553","0","17","17","1000","1997","3.994","54","5.07579823552194","0","42","3.61010101010101","10","738","750"
"451","BA","1000","2","0.1","30","0.1","0.5","1","legal","targeted","87.83253774318334","14","98.57149938824537","98.57149938824537","75","80","80","fixed","1","1","50","761","1","50","21021923","v2.0-design-v1.0","40.2","1.6","38.6","99.39393939393939","true","55.97","54.56599999999999","50","59.8","16","300","598","598","0","0","0","0","0","3512","2624","16","836","36","0","852","0","4","4","1000","1997","3.994","88","5.2081752168191295","0","41.2","3.618181818181818","10","878","750"
"452","BA","1000","2","0.1","30","0.1","0.5","1","legal","targeted","87.83253774318334","14","98.57149938824537","98.57149938824537","75","80","80","fixed","1","1","50","761","2","50","21021924","v2.0-design-v1.0","35.39999999999999","1.0999999999999999","34.29999999999999","99.58238420653","true","54.61000000000001","53.81800000000001","50","64.60000000000001","11","300","646","646","0","0","0","0","0","3512","2623","11","837","41","0","848","0","4","4","1000","1997","3.994","99","5.949904651787765","0","48.9","3.54040404040404","10","878","750"
"453","BA","1000","2","0.1","30","0.1","0.5","1","legal","targeted","87.83253774318334","14","98.57149938824537","98.57149938824537","75","80","80","fixed","1","1","50","761","3","50","21021925","v2.0-design-v1.0","43.10000000000001","0.7000000000000001","42.400000000000006","99.73723723723724","true","54.098","53.59400000000001","50","56.89999999999999","7","300","569","569","0","0","0","0","0","3512","2657","7","821","27","0","828","0","4","4","1000","1997","3.994","92","5.686853638375463","0","47.3","3.5565656565656565","10","878","750"
"454","BA","1000","2","0.1","30","0.1","0.5","1","legal","targeted","87.83253774318334","14","98.57149938824537","98.57149938824537","75","80","80","fixed","1","1","50","761","4","50","21021926","v2.0-design-v1.0","44.39999999999999","0.8","43.599999999999994","99.6962794229309","true","54.71599999999999","54.11199999999999","50","55.60000000000001","8","300","556","556","0","0","0","0","0","3512","2626","8","834","44","0","842","0","4","4","1000","1997","3.994","94","5.525621819894698","0","45.1","3.5787878787878786","10","878","750"
"455","BA","1000","2","0.1","30","0.1","0.5","1","legal","targeted","87.83253774318334","14","98.57149938824537","98.57149938824537","75","80","80","fixed","1","1","50","761","5","50","21021927","v2.0-design-v1.0","37.5","1","36.5","99.61919268849961","true","57.78800000000002","56.92800000000001","50","62.5","10","300","625","625","0","0","0","0","0","3512","2616","10","846","40","0","856","0","4","4","1000","1997","3.994","72","5.32055187666394","0","45","3.5797979797979798","10","878","750"
"456","BA","1000","2","0.1","30","0.1","0.5","1","legal","targeted","87.83253774318334","14","98.57149938824537","98.57149938824537","75","80","80","fixed","1","1","50","761","6","50","21021928","v2.0-design-v1.0","46.199999999999996","1.5","44.699999999999996","99.41474834178698","true","61.298","59.937999999999995","50","53.800000000000004","15","300","538","538","0","0","0","0","0","3512","2548","15","914","35","0","929","0","4","4","1000","1997","3.994","70","5.016086634531448","0","40.6","3.624242424242424","10","878","750"
"457","BA","1000","2","0.1","30","0.1","0.5","1","legal","targeted","87.83253774318334","14","98.57149938824537","98.57149938824537","75","80","80","fixed","1","1","50","761","7","50","21021929","v2.0-design-v1.0","41.800000000000004","1.3","40.50000000000001","99.50400610454025","true","55.88599999999999","54.78199999999999","50","58.199999999999996","13","300","582","582","0","0","0","0","0","3512","2608","13","855","36","0","868","0","4","4","1000","1997","3.994","73","5.206637405569263","0","43.8","3.591919191919192","10","878","750"
"458","BA","1000","2","0.1","30","0.1","0.5","1","legal","targeted","87.83253774318334","14","98.57149938824537","98.57149938824537","75","80","80","fixed","1","1","50","761","8","50","21021930","v2.0-design-v1.0","45.8","2.1999999999999997","43.599999999999994","99.15123456790124","true","58.58199999999999","56.69","50","54.2","22","300","542","542","0","0","0","0","0","3512","2570","22","882","38","0","904","0","4","4","1000","1997","3.994","64","4.835012031147516","0","39.5","3.6353535353535356","10","878","750"
"459","BA","1000","2","0.1","30","0.1","0.5","1","legal","targeted","87.83253774318334","14","98.57149938824537","98.57149938824537","75","80","80","fixed","1","1","50","761","9","50","21021931","v2.0-design-v1.0","41.400000000000006","1.9","39.50000000000001","99.2372234935164","true","57.668","56.243999999999986","50","58.599999999999994","19","300","586","586","0","0","0","0","0","3512","2602","20","859","31","0","879","0","4","4","1000","1997","3.994","55","4.887110378111771","0","40.1","3.6292929292929292","10","878","750"
"460","BA","1000","2","0.1","30","0.1","0.5","1","legal","targeted","87.83253774318334","14","98.57149938824537","98.57149938824537","75","80","80","fixed","1","1","50","761","10","50","21021932","v2.0-design-v1.0","43.89999999999999","1","42.89999999999999","99.62221382697393","true","55.442000000000014","54.58200000000002","50","56.10000000000001","10","300","561","561","0","0","0","0","0","3512","2637","10","831","34","0","841","0","4","4","1000","1997","3.994","66","5.086436457465653","0","42.7","3.603030303030303","10","878","750"
"461","BA","1000","2","0.1","30","0.1","0.5","1","legal","targeted","87.83253774318334","14","98.57149938824537","98.57149938824537","75","80","80","fixed","1","1","50","761","11","50","21021933","v2.0-design-v1.0","41.400000000000006","1.4000000000000001","40.00000000000001","99.47049924357034","true","56.022000000000006","54.986","50","58.599999999999994","14","300","586","586","0","0","0","0","0","3512","2630","14","837","31","0","851","0","4","4","1000","1997","3.994","67","5.144164307876092","0","44.6","3.583838383838384","10","878","750"
"462","BA","1000","2","0.1","30","0.1","0.5","1","legal","targeted","87.83253774318334","14","98.57149938824537","98.57149938824537","75","80","80","fixed","1","1","50","761","12","50","21021934","v2.0-design-v1.0","40.800000000000004","1.3","39.50000000000001","99.50513894175866","true","56.61000000000001","55.39400000000001","50","59.199999999999996","13","300","592","592","0","0","0","0","0","3512","2614","13","858","27","0","871","0","4","4","1000","1997","3.994","104","5.443123330551269","0","42.4","3.606060606060606","10","878","750"
"463","BA","1000","2","0.1","30","0.1","0.5","1","legal","targeted","87.83253774318334","14","98.57149938824537","98.57149938824537","75","80","80","fixed","1","1","50","761","13","50","21021935","v2.0-design-v1.0","34.39999999999999","1","33.39999999999999","99.62221382697393","true","55.16200000000003","54.358000000000004","50","65.60000000000001","10","300","656","656","0","0","0","0","0","3512","2637","10","830","35","0","840","0","4","4","1000","1997","3.994","70","5.413064313793544","0","47","3.5595959595959594","10","878","750"
"464","BA","1000","2","0.1","30","0.1","0.5","1","legal","targeted","87.83253774318334","14","98.57149938824537","98.57149938824537","75","80","80","fixed","1","1","50","761","14","50","21021936","v2.0-design-v1.0","38.800000000000004","0.8","38.00000000000001","99.69558599695586","true","56.56000000000002","56.095999999999975","50","61.199999999999996","8","300","612","612","0","0","0","0","0","3512","2620","8","853","31","0","861","0","4","4","1000","1997","3.994","70","5.285063471321399","0","44.3","3.5868686868686868","10","878","750"
"465","BA","1000","2","0.1","30","0.1","0.5","1","legal","targeted","87.83253774318334","14","98.57149938824537","98.57149938824537","75","80","80","fixed","1","1","50","761","15","50","21021937","v2.0-design-v1.0","38.7","1.6","37.1","99.40520446096654","true","54.23000000000001","52.825999999999986","50","61.3","16","300","613","613","0","0","0","0","0","3512","2674","16","775","47","0","791","0","4","4","1000","1997","3.994","71","5.31433967734526","0","46.1","3.5686868686868687","10","878","750"
"466","BA","1000","2","0.1","30","0.1","0.5","1","legal","targeted","87.83253774318334","14","98.57149938824537","98.57149938824537","75","80","80","fixed","1","1","50","761","16","50","21021938","v2.0-design-v1.0","39.1","1","38.1","99.62377727614748","true","54.90800000000001","53.992","50","60.9","10","300","609","609","0","0","0","0","0","3512","2648","10","817","37","0","827","0","4","4","1000","1997","3.994","79","4.933995167033324","0","40.2","3.628282828282828","10","878","750"
"467","BA","1000","2","0.1","30","0.1","0.5","1","legal","targeted","87.83253774318334","14","98.57149938824537","98.57149938824537","75","80","80","fixed","1","1","50","761","17","50","21021939","v2.0-design-v1.0","38.6","1.0999999999999999","37.5","99.59319526627219","true","53.35799999999998","52.482000000000006","50","61.4","11","300","614","614","0","0","0","0","0","3512","2693","11","771","37","0","782","0","4","4","1000","1997","3.994","91","5.317540807576391","0","44.8","3.581818181818182","10","878","750"
"468","BA","1000","2","0.1","30","0.1","0.5","1","legal","targeted","87.83253774318334","14","98.57149938824537","98.57149938824537","75","80","80","fixed","1","1","50","761","18","50","21021940","v2.0-design-v1.0","44.3","1.4000000000000001","42.9","99.46174548250673","true","56.87600000000001","55.75599999999999","50","55.7","14","300","557","557","0","0","0","0","0","3512","2587","14","866","45","0","880","0","4","4","1000","1997","3.994","93","4.927701923437146","0","37.5","3.6555555555555554","10","878","750"
"469","BA","1000","2","0.1","30","0.1","0.5","1","legal","targeted","87.83253774318334","14","98.57149938824537","98.57149938824537","75","80","80","fixed","1","1","50","761","19","50","21021941","v2.0-design-v1.0","46.5","1.3","45.2","99.50794852384557","true","54.30399999999999","53.256000000000014","50","53.5","13","300","535","535","0","0","0","0","0","3512","2629","13","835","35","0","848","0","4","4","1000","1997","3.994","69","4.8727515540716455","0","38.8","3.6424242424242426","10","878","750"
"470","BA","1000","2","0.1","30","0.1","0.5","1","legal","targeted","87.83253774318334","14","98.57149938824537","98.57149938824537","75","80","80","fixed","1","1","50","761","20","50","21021942","v2.0-design-v1.0","45.9","1.3","44.6","99.50869236583523","true","55.95800000000002","54.854","50","54.1","13","300","541","541","0","0","0","0","0","3512","2633","13","837","29","0","850","0","4","4","1000","1997","3.994","139","6.149290835354759","0","46.8","3.5616161616161617","10","878","750"
"471","BA","1000","2","0.1","30","0.1","0.5","1","legal","targeted","87.83253774318334","14","98.57149938824537","98.57149938824537","75","80","80","fixed","1","1","50","761","21","50","21021943","v2.0-design-v1.0","42.2","1.7000000000000002","40.5","99.35385784872672","true","56.286000000000016","54.86599999999999","50","57.8","17","300","578","578","0","0","0","0","0","3512","2614","17","841","40","0","858","0","4","4","1000","1997","3.994","63","4.79217371648074","0","36.7","3.6636363636363636","10","878","750"
"472","BA","1000","2","0.1","30","0.1","0.5","1","legal","targeted","87.83253774318334","14","98.57149938824537","98.57149938824537","75","80","80","fixed","1","1","50","761","22","50","21021944","v2.0-design-v1.0","40.300000000000004","1.7000000000000002","38.6","99.34590227010388","true","57.52400000000001","56.15999999999999","50","59.699999999999996","17","300","597","597","0","0","0","0","0","3512","2582","17","877","36","0","894","0","4","4","1000","1997","3.994","83","5.365701701991518","0","44.8","3.581818181818182","10","878","750"
"473","BA","1000","2","0.1","30","0.1","0.5","1","legal","targeted","87.83253774318334","14","98.57149938824537","98.57149938824537","75","80","80","fixed","1","1","50","761","23","50","21021945","v2.0-design-v1.0","44.099999999999994","0.8","43.3","99.6926623127161","true","56.261999999999986","55.602000000000025","50","55.900000000000006","8","300","559","559","0","0","0","0","0","3512","2595","8","872","37","0","880","0","4","4","1000","1997","3.994","129","5.747782268057911","0","42.3","3.607070707070707","10","878","750"
"474","BA","1000","2","0.1","30","0.1","0.5","1","legal","targeted","87.83253774318334","14","98.57149938824537","98.57149938824537","75","80","80","fixed","1","1","50","761","24","50","21021946","v2.0-design-v1.0","43.50000000000001","1.9","41.60000000000001","99.23576614444019","true","56.95","55.75000000000003","50","56.49999999999999","19","300","565","565","0","0","0","0","0","3512","2597","20","858","37","0","878","0","4","4","1000","1997","3.994","82","5.276912905270437","0","45.6","3.573737373737374","10","878","750"
"475","BA","1000","2","0.1","30","0.1","0.5","1","legal","targeted","87.83253774318334","14","98.57149938824537","98.57149938824537","75","80","80","fixed","1","1","50","761","25","50","21021947","v2.0-design-v1.0","48","0.7000000000000001","47.3","99.73004242190513","true","58.89999999999999","58.2","50","52","7","300","520","520","0","0","0","0","0","3512","2586","7","884","35","0","891","0","4","4","1000","1997","3.994","88","5.2550527665837485","0","43.4","3.595959595959596","10","878","750"
"476","BA","1000","2","0.1","30","0.1","0.5","1","legal","targeted","87.83253774318334","14","98.57149938824537","98.57149938824537","75","80","80","fixed","1","1","50","761","26","50","21021948","v2.0-design-v1.0","34.39999999999999","0.8","33.599999999999994","99.69673995451099","true","53.949999999999974","53.402","50","65.60000000000001","8","300","656","656","0","0","0","0","0","3512","2630","8","828","46","0","836","0","4","4","1000","1997","3.994","103","5.3902707741837","0","43.9","3.590909090909091","10","878","750"
"477","BA","1000","2","0.1","30","0.1","0.5","1","legal","targeted","87.83253774318334","14","98.57149938824537","98.57149938824537","75","80","80","fixed","1","1","50","761","27","50","21021949","v2.0-design-v1.0","39","1.2","37.8","99.5527394707417","true","54.986000000000004","53.95400000000001","50","61","12","300","610","610","0","0","0","0","0","3512","2671","12","797","32","0","809","0","4","4","1000","1997","3.994","58","5.143385890482876","0","42.5","3.605050505050505","10","878","750"
"479","BA","1000","2","0.1","30","0.1","0.5","1","legal","targeted","87.83253774318334","14","98.57149938824537","98.57149938824537","75","80","80","fixed","1","1","50","761","29","50","21021951","v2.0-design-v1.0","44.49999999999999","1.3","43.199999999999996","99.49787562765546","true","59.06199999999998","58.12600000000003","50","55.50000000000001","13","300","555","555","0","0","0","0","0","3512","2576","13","891","32","0","904","0","4","4","1000","1997","3.994","80","5.126816580320399","0","41.5","3.6151515151515152","10","878","750"
"478","BA","1000","2","0.1","30","0.1","0.5","1","legal","targeted","87.83253774318334","14","98.57149938824537","98.57149938824537","75","80","80","fixed","1","1","50","761","28","50","21021950","v2.0-design-v1.0","44.39999999999999","1.2","43.19999999999999","99.543205177008","true","56.12","54.94799999999999","50","55.60000000000001","12","300","556","556","0","0","0","0","0","3512","2615","12","846","39","0","858","0","4","4","1000","1997","3.994","122","5.633800112153751","0","43.9","3.590909090909091","10","878","750"
"481","BA","1000","2","0.1","30","0.1","0.5","1","legal","targeted","78.1647198377745","3","80.18558890745622","80.18558890745622","75","80","80","fixed","1","1","50","762","1","50","21022923","v2.0-design-v1.0","87.6","82.8","4.799999999999997","59.66438781852082","true","86.68800000000002","31.30200000000001","50","12.4","828","300","124","124","0","0","0","0","0","13294","2880","1947","7729","738","0","9676","0","17","17","1000","1997","3.994","86","5.4752115887828365","0","46.3","3.566666666666667","10","782","750"
"480","BA","1000","2","0.1","30","0.1","0.5","1","legal","targeted","87.83253774318334","14","98.57149938824537","98.57149938824537","75","80","80","fixed","1","1","50","761","30","50","21021952","v2.0-design-v1.0","48.3","1.3","47","99.50626661602735","true","56.99999999999999","55.952000000000034","50","51.7","13","300","517","517","0","0","0","0","0","3512","2620","13","849","30","0","862","0","4","4","1000","1997","3.994","53","4.91081256820905","0","40.1","3.6292929292929292","10","878","750"
"482","BA","1000","2","0.1","30","0.1","0.5","1","legal","targeted","78.1647198377745","3","80.18558890745622","80.18558890745622","75","80","80","fixed","1","1","50","762","2","50","21022924","v2.0-design-v1.0","85.2","83.7","1.5","61.78253839935327","true","85.84799999999997","30.97200000000001","50","14.799999999999999","837","300","148","148","0","0","0","0","0","13294","3057","1891","7587","759","0","9478","0","17","17","1000","1997","3.994","69","5.369058650339995","0","48.2","3.5474747474747477","10","782","750"
"483","BA","1000","2","0.1","30","0.1","0.5","1","legal","targeted","78.1647198377745","3","80.18558890745622","80.18558890745622","75","80","80","fixed","1","1","50","762","3","50","21022925","v2.0-design-v1.0","89.1","84.3","4.799999999999997","60.82028029678484","true","86.00399999999999","31.062","50","10.9","843","300","109","109","0","0","0","0","0","13294","2951","1901","7695","747","0","9596","0","17","17","1000","1997","3.994","94","5.471005016986898","0","44.5","3.584848484848485","10","782","750"
"484","BA","1000","2","0.1","30","0.1","0.5","1","legal","targeted","78.1647198377745","3","80.18558890745622","80.18558890745622","75","80","80","fixed","1","1","50","762","4","50","21022926","v2.0-design-v1.0","89.5","81.10000000000001","8.399999999999991","60.24832078159984","true","86.33","31.41400000000001","50","10.5","811","300","105","105","0","0","0","0","0","13294","2960","1953","7672","709","0","9625","0","17","17","1000","1997","3.994","86","5.156603005327683","0","41.1","3.6191919191919193","10","782","750"
"485","BA","1000","2","0.1","30","0.1","0.5","1","legal","targeted","78.1647198377745","3","80.18558890745622","80.18558890745622","75","80","80","fixed","1","1","50","762","5","50","21022927","v2.0-design-v1.0","88.6","80.7","7.8999999999999915","61.393827917433065","true","86.334","31.092","50","11.4","807","300","114","114","0","0","0","0","0","13294","3004","1889","7685","716","0","9574","0","17","17","1000","1997","3.994","103","5.443675008447649","0","44.6","3.583838383838384","10","782","750"
"486","BA","1000","2","0.1","30","0.1","0.5","1","legal","targeted","78.1647198377745","3","80.18558890745622","80.18558890745622","75","80","80","fixed","1","1","50","762","6","50","21022928","v2.0-design-v1.0","86.3","84.39999999999999","1.9000000000000057","62.406606370428634","true","85.52000000000002","28.72600000000001","50","13.700000000000001","844","300","137","137","0","0","0","0","0","13294","3174","1912","7436","772","0","9348","0","17","17","1000","1997","3.994","63","5.089584252949133","0","43.3","3.596969696969697","10","782","750"
"487","BA","1000","2","0.1","30","0.1","0.5","1","legal","targeted","78.1647198377745","3","80.18558890745622","80.18558890745622","75","80","80","fixed","1","1","50","762","7","50","21022929","v2.0-design-v1.0","89.5","85.5","4","58.429276315789465","true","86.998","28.096","50","10.5","855","300","105","105","0","0","0","0","0","13294","2842","2022","7698","732","0","9720","0","17","17","1000","1997","3.994","63","4.820498024188077","0","41.1","3.6191919191919193","10","782","750"
"489","BA","1000","2","0.1","30","0.1","0.5","1","legal","targeted","78.1647198377745","3","80.18558890745622","80.18558890745622","75","80","80","fixed","1","1","50","762","9","50","21022931","v2.0-design-v1.0","88","81.8","6.200000000000003","62.7302496930004","true","85.91400000000002","31.732000000000014","50","12","818","300","120","120","0","0","0","0","0","13294","3065","1821","7690","718","0","9511","0","17","17","1000","1997","3.994","92","5.534129614545588","0","46.5","3.5646464646464646","10","782","750"
"488","BA","1000","2","0.1","30","0.1","0.5","1","legal","targeted","78.1647198377745","3","80.18558890745622","80.18558890745622","75","80","80","fixed","1","1","50","762","8","50","21022930","v2.0-design-v1.0","86.6","82.69999999999999","3.9000000000000057","62.46424192889252","true","86.05","31.256000000000007","50","13.4","827","300","134","134","0","0","0","0","0","13294","3057","1837","7634","766","0","9471","0","17","17","1000","1997","3.994","99","5.461115983733333","0","45.4","3.5757575757575757","10","782","750"
"490","BA","1000","2","0.1","30","0.1","0.5","1","legal","targeted","78.1647198377745","3","80.18558890745622","80.18558890745622","75","80","80","fixed","1","1","50","762","10","50","21022932","v2.0-design-v1.0","89.6","82.3","7.299999999999997","59.33075933075933","true","87.666","33.17","50","10.4","823","300","104","104","0","0","0","0","0","13294","2766","1896","7982","650","0","9878","0","17","17","1000","1997","3.994","101","5.117044864777724","0","38.7","3.6434343434343432","10","782","750"
"491","BA","1000","2","0.1","30","0.1","0.5","1","legal","targeted","78.1647198377745","3","80.18558890745622","80.18558890745622","75","80","80","fixed","1","1","50","762","11","50","21022933","v2.0-design-v1.0","86","81.8","4.200000000000003","64.26151086306558","true","84.43400000000001","30.539999999999992","50","14.000000000000002","818","300","140","140","0","0","0","0","0","13294","3224","1793","7402","875","0","9195","0","17","17","1000","1997","3.994","85","5.167656012997436","0","42.4","3.606060606060606","10","782","750"
"493","BA","1000","2","0.1","30","0.1","0.5","1","legal","targeted","78.1647198377745","3","80.18558890745622","80.18558890745622","75","80","80","fixed","1","1","50","762","13","50","21022935","v2.0-design-v1.0","86","83.39999999999999","2.6000000000000085","61.0509098343897","true","86.338","29.883999999999986","50","14.000000000000002","834","300","140","140","0","0","0","0","0","13294","2986","1905","7673","730","0","9578","0","17","17","1000","1997","3.994","60","4.871313343821519","0","41","3.6202020202020204","10","782","750"
"494","BA","1000","2","0.1","30","0.1","0.5","1","legal","targeted","78.1647198377745","3","80.18558890745622","80.18558890745622","75","80","80","fixed","1","1","50","762","14","50","21022936","v2.0-design-v1.0","90.6","82.1","8.5","58.762024257632795","true","86.72600000000003","31.295999999999996","50","9.4","821","300","94","94","0","0","0","0","0","13294","2810","1972","7798","714","0","9770","0","17","17","1000","1997","3.994","84","5.070668168562753","0","42.2","3.608080808080808","10","782","750"
"492","BA","1000","2","0.1","30","0.1","0.5","1","legal","targeted","78.1647198377745","3","80.18558890745622","80.18558890745622","75","80","80","fixed","1","1","50","762","12","50","21022934","v2.0-design-v1.0","89.3","83.8","5.5","61.948862492450175","true","85.71599999999998","28.34599999999999","50","10.7","838","300","107","107","0","0","0","0","0","13294","3077","1890","7562","765","0","9452","0","17","17","1000","1997","3.994","68","4.974606588536486","0","41.2","3.618181818181818","10","782","750"
"495","BA","1000","2","0.1","30","0.1","0.5","1","legal","targeted","78.1647198377745","3","80.18558890745622","80.18558890745622","75","80","80","fixed","1","1","50","762","15","50","21022937","v2.0-design-v1.0","90.2","82.39999999999999","7.800000000000011","61.446515397082656","true","85.788","30.273999999999997","50","9.8","824","300","98","98","0","0","0","0","0","13294","3033","1903","7608","750","0","9511","0","17","17","1000","1997","3.994","87","5.39695201860189","0","44.3","3.5868686868686868","10","782","750"
"496","BA","1000","2","0.1","30","0.1","0.5","1","legal","targeted","78.1647198377745","3","80.18558890745622","80.18558890745622","75","80","80","fixed","1","1","50","762","16","50","21022938","v2.0-design-v1.0","90.1","83","7.099999999999994","60.11426153195091","true","87.08800000000002","29.36599999999999","50","9.9","830","300","99","99","0","0","0","0","0","13294","2841","1885","7898","670","0","9783","0","17","17","1000","1997","3.994","60","4.921197230571242","0","42.5","3.605050505050505","10","782","750"
"497","BA","1000","2","0.1","30","0.1","0.5","1","legal","targeted","78.1647198377745","3","80.18558890745622","80.18558890745622","75","80","80","fixed","1","1","50","762","17","50","21022939","v2.0-design-v1.0","83.9","81.5","2.4000000000000057","61.598872331856626","true","84.91800000000003","29.746000000000013","50","16.1","815","300","161","161","0","0","0","0","0","13294","3059","1907","7538","790","0","9445","0","17","17","1000","1997","3.994","52","4.914887599947733","0","42","3.61010101010101","10","782","750"
"498","BA","1000","2","0.1","30","0.1","0.5","1","legal","targeted","78.1647198377745","3","80.18558890745622","80.18558890745622","75","80","80","fixed","1","1","50","762","18","50","21022940","v2.0-design-v1.0","87.7","83.89999999999999","3.8000000000000114","60.23403818517758","true","86.546","30.648000000000003","50","12.3","839","300","123","123","0","0","0","0","0","13294","2934","1937","7703","720","0","9640","0","17","17","1000","1997","3.994","97","5.232910026681834","0","41.4","3.6161616161616164","10","782","750"
"499","BA","1000","2","0.1","30","0.1","0.5","1","legal","targeted","78.1647198377745","3","80.18558890745622","80.18558890745622","75","80","80","fixed","1","1","50","762","19","50","21022941","v2.0-design-v1.0","87","81.5","5.5","64.01500197394394","true","84.21600000000001","28.678000000000008","50","13","815","300","130","130","0","0","0","0","0","13294","3243","1823","7352","876","0","9175","0","17","17","1000","1997","3.994","105","5.378558625960375","0","43.5","3.594949494949495","10","782","750"
"501","BA","1000","2","0.1","30","0.1","0.5","1","legal","targeted","78.1647198377745","3","80.18558890745622","80.18558890745622","75","80","80","fixed","1","1","50","762","21","50","21022943","v2.0-design-v1.0","85.7","80.30000000000001","5.3999999999999915","64.8206543161214","true","84.6","30.706000000000014","50","14.299999999999999","803","300","143","143","0","0","0","0","0","13294","3289","1785","7402","818","0","9187","0","17","17","1000","1997","3.994","96","5.948558594260439","0","49.6","3.533333333333333","10","782","750"
"500","BA","1000","2","0.1","30","0.1","0.5","1","legal","targeted","78.1647198377745","3","80.18558890745622","80.18558890745622","75","80","80","fixed","1","1","50","762","20","50","21022942","v2.0-design-v1.0","89.2","83.89999999999999","5.300000000000011","57.937841243175136","true","87.08799999999998","31.069999999999986","50","10.8","839","300","108","108","0","0","0","0","0","13294","2759","2003","7828","704","0","9831","0","17","17","1000","1997","3.994","48","4.59533253215488","0","38","3.6505050505050507","10","782","750"
"502","BA","1000","2","0.1","30","0.1","0.5","1","legal","targeted","78.1647198377745","3","80.18558890745622","80.18558890745622","75","80","80","fixed","1","1","50","762","22","50","21022944","v2.0-design-v1.0","85.4","83.1","2.3000000000000114","61.16465039983596","true","86.62999999999998","31.06999999999999","50","14.6","831","300","146","146","0","0","0","0","0","13294","2983","1894","7690","727","0","9584","0","17","17","1000","1997","3.994","69","5.175785230547408","0","43.4","3.595959595959596","10","782","750"
"503","BA","1000","2","0.1","30","0.1","0.5","1","legal","targeted","78.1647198377745","3","80.18558890745622","80.18558890745622","75","80","80","fixed","1","1","50","762","23","50","21022945","v2.0-design-v1.0","89.2","83.39999999999999","5.800000000000011","60.38485672453462","true","86.29600000000002","29.829999999999995","50","10.8","834","300","108","108","0","0","0","0","0","13294","2887","1894","7748","765","0","9642","0","17","17","1000","1997","3.994","94","5.175011569527612","0","40.1","3.6292929292929292","10","782","750"
"505","BA","1000","2","0.1","30","0.1","0.5","1","legal","targeted","78.1647198377745","3","80.18558890745622","80.18558890745622","75","80","80","fixed","1","1","50","762","25","50","21022947","v2.0-design-v1.0","84.6","81.39999999999999","3.200000000000003","62.137096774193544","true","85.20199999999997","30.754000000000016","50","15.4","814","300","154","154","0","0","0","0","0","13294","3082","1878","7518","816","0","9396","0","17","17","1000","1997","3.994","73","5.005698854407935","0","41.4","3.6161616161616164","10","782","750"
"504","BA","1000","2","0.1","30","0.1","0.5","1","legal","targeted","78.1647198377745","3","80.18558890745622","80.18558890745622","75","80","80","fixed","1","1","50","762","24","50","21022946","v2.0-design-v1.0","87","83.3","3.700000000000003","60.42780748663101","true","86.118","30.514","50","13","833","300","130","130","0","0","0","0","0","13294","2938","1924","7691","741","0","9615","0","17","17","1000","1997","3.994","112","5.898199110978961","0","47.2","3.5575757575757576","10","782","750"
"506","BA","1000","2","0.1","30","0.1","0.5","1","legal","targeted","78.1647198377745","3","80.18558890745622","80.18558890745622","75","80","80","fixed","1","1","50","762","26","50","21022948","v2.0-design-v1.0","88.9","82.8","6.1000000000000085","61.52453740949316","true","86.00999999999998","30.510000000000012","50","11.1","828","300","111","111","0","0","0","0","0","13294","3059","1913","7590","732","0","9503","0","17","17","1000","1997","3.994","88","5.143191267726326","0","42.5","3.605050505050505","10","782","750"
"507","BA","1000","2","0.1","30","0.1","0.5","1","legal","targeted","78.1647198377745","3","80.18558890745622","80.18558890745622","75","80","80","fixed","1","1","50","762","27","50","21022949","v2.0-design-v1.0","88.1","84","4.099999999999994","59.84186433624637","true","86.598","30.45","50","11.899999999999999","840","300","119","119","0","0","0","0","0","13294","2876","1930","7807","681","0","9737","0","17","17","1000","1997","3.994","78","5.143969714571064","0","44.1","3.588888888888889","10","782","750"
"508","BA","1000","2","0.1","30","0.1","0.5","1","legal","targeted","78.1647198377745","3","80.18558890745622","80.18558890745622","75","80","80","fixed","1","1","50","762","28","50","21022950","v2.0-design-v1.0","88.5","82","6.5","62.78610891870561","true","85.006","29.760000000000005","50","11.5","820","300","115","115","0","0","0","0","0","13294","3182","1886","7449","777","0","9335","0","17","17","1000","1997","3.994","80","5.246283206946358","0","42.9","3.601010101010101","10","782","750"
"509","BA","1000","2","0.1","30","0.1","0.5","1","legal","targeted","78.1647198377745","3","80.18558890745622","80.18558890745622","75","80","80","fixed","1","1","50","762","29","50","21022951","v2.0-design-v1.0","89.5","84.39999999999999","5.1000000000000085","58.09606607259291","true","88.08800000000001","32.152","50","10.5","844","300","105","105","0","0","0","0","0","13294","2673","1928","8048","645","0","9976","0","17","17","1000","1997","3.994","58","4.589011116027387","0","35.3","3.6777777777777776","10","782","750"
"510","BA","1000","2","0.1","30","0.1","0.5","1","legal","targeted","78.1647198377745","3","80.18558890745622","80.18558890745622","75","80","80","fixed","1","1","50","762","30","50","21022952","v2.0-design-v1.0","86.9","80.80000000000001","6.099999999999994","61.05687606112055","true","86.83800000000002","33.49999999999999","50","13.100000000000001","808","300","131","131","0","0","0","0","0","13294","2877","1835","7905","677","0","9740","0","17","17","1000","1997","3.994","84","5.041763915871436","0","40.8","3.6222222222222222","10","782","750"
"511","BA","1000","2","0.1","30","0.1","0.5","1","legal","targeted","50.12616865926092","11","99.05398950417285","99.05398950417285","75","80","80","fixed","1","1","50","763","1","50","21023923","v2.0-design-v1.0","13.400000000000006","0.3","13.100000000000005","99.85693848354794","true","28.866","28.609999999999985","50","86.6","3","300","866","866","0","0","0","0","0","2505","2094","3","387","21","0","390","0","5","5","1000","1997","3.994","99","5.753004524686297","0","46.8","3.5616161616161617","10","501","750"
"512","BA","1000","2","0.1","30","0.1","0.5","1","legal","targeted","50.12616865926092","11","99.05398950417285","99.05398950417285","75","80","80","fixed","1","1","50","763","2","50","21023924","v2.0-design-v1.0","10.399999999999991","0.6","9.799999999999992","99.70944309927361","true","29.270000000000003","28.73599999999999","50","89.60000000000001","6","300","896","896","0","0","0","0","0","2505","2059","6","424","16","0","430","0","5","5","1000","1997","3.994","64","5.128378326943536","0","43.9","3.590909090909091","10","501","750"
"513","BA","1000","2","0.1","30","0.1","0.5","1","legal","targeted","50.12616865926092","11","99.05398950417285","99.05398950417285","75","80","80","fixed","1","1","50","763","3","50","21023925","v2.0-design-v1.0","12.400000000000006","0.5","11.900000000000006","99.75984630163305","true","29.572","29.16","50","87.6","5","300","876","876","0","0","0","0","0","2505","2077","5","405","18","0","410","0","5","5","1000","1997","3.994","86","5.186604367489849","0","42.1","3.609090909090909","10","501","750"
"514","BA","1000","2","0.1","30","0.1","0.5","1","legal","targeted","50.12616865926092","11","99.05398950417285","99.05398950417285","75","80","80","fixed","1","1","50","763","4","50","21023926","v2.0-design-v1.0","12.900000000000006","0.5","12.400000000000006","99.75810353168843","true","29.98","29.524","50","87.1","5","300","871","871","0","0","0","0","0","2505","2062","5","421","17","0","426","0","5","5","1000","1997","3.994","71","5.0609858306043005","0","41.8","3.6121212121212123","10","501","750"
"515","BA","1000","2","0.1","30","0.1","0.5","1","legal","targeted","50.12616865926092","11","99.05398950417285","99.05398950417285","75","80","80","fixed","1","1","50","763","5","50","21023927","v2.0-design-v1.0","13.900000000000006","0.4","13.500000000000005","99.80979553019496","true","28.983999999999995","28.628","50","86.1","4","300","861","861","0","0","0","0","0","2505","2099","4","386","16","0","390","0","5","5","1000","1997","3.994","86","5.636109449764942","0","49.6","3.533333333333333","10","501","750"
"516","BA","1000","2","0.1","30","0.1","0.5","1","legal","targeted","50.12616865926092","11","99.05398950417285","99.05398950417285","75","80","80","fixed","1","1","50","763","6","50","21023928","v2.0-design-v1.0","14.099999999999994","0.2","13.899999999999995","99.90507831039392","true","28.503999999999998","28.304000000000006","50","85.9","2","300","859","859","0","0","0","0","0","2505","2105","2","377","21","0","379","0","5","5","1000","1997","3.994","80","5.392313143822503","0","43.9","3.590909090909091","10","501","750"
"517","BA","1000","2","0.1","30","0.1","0.5","1","legal","targeted","50.12616865926092","11","99.05398950417285","99.05398950417285","75","80","80","fixed","1","1","50","763","7","50","21023929","v2.0-design-v1.0","14.099999999999994","0.4","13.699999999999994","99.80685659101883","true","30.460000000000015","30.081999999999994","50","85.9","4","300","859","859","0","0","0","0","0","2505","2067","4","411","23","0","415","0","5","5","1000","1997","3.994","77","5.012892687171051","0","41.5","3.6151515151515152","10","501","750"
"518","BA","1000","2","0.1","30","0.1","0.5","1","legal","targeted","50.12616865926092","11","99.05398950417285","99.05398950417285","75","80","80","fixed","1","1","50","763","8","50","21023930","v2.0-design-v1.0","12.700000000000003","0.6","12.100000000000003","99.71250598945855","true","28.286000000000005","27.773999999999997","50","87.3","6","300","873","873","0","0","0","0","0","2505","2081","6","399","19","0","405","0","5","5","1000","1997","3.994","77","5.373345032364547","0","45.4","3.5757575757575757","10","501","750"
"519","BA","1000","2","0.1","30","0.1","0.5","1","legal","targeted","50.12616865926092","11","99.05398950417285","99.05398950417285","75","80","80","fixed","1","1","50","763","9","50","21023931","v2.0-design-v1.0","14.200000000000003","0","14.200000000000003","100","true","29.07599999999999","29.07599999999999","50","85.8","0","300","858","858","0","0","0","0","0","2505","2109","0","375","21","0","375","0","5","5","1000","1997","3.994","102","5.478684146761875","0","42.9","3.601010101010101","10","501","750"
"520","BA","1000","2","0.1","30","0.1","0.5","1","legal","targeted","50.12616865926092","11","99.05398950417285","99.05398950417285","75","80","80","fixed","1","1","50","763","10","50","21023932","v2.0-design-v1.0","11.599999999999994","0.3","11.299999999999994","99.85556090515166","true","29.964000000000002","29.663999999999998","50","88.4","3","300","884","884","0","0","0","0","0","2505","2074","3","405","23","0","408","0","5","5","1000","1997","3.994","54","4.62269762512467","0","38","3.6505050505050507","10","501","750"
"521","BA","1000","2","0.1","30","0.1","0.5","1","legal","targeted","50.12616865926092","11","99.05398950417285","99.05398950417285","75","80","80","fixed","1","1","50","763","11","50","21023933","v2.0-design-v1.0","11.900000000000006","0.5","11.400000000000006","99.75996159385502","true","29.364000000000004","28.929999999999996","50","88.1","5","300","881","881","0","0","0","0","0","2505","2078","5","412","10","0","417","0","5","5","1000","1997","3.994","119","6.0625670073591005","0","46.3","3.566666666666667","10","501","750"
"522","BA","1000","2","0.1","30","0.1","0.5","1","legal","targeted","50.12616865926092","11","99.05398950417285","99.05398950417285","75","80","80","fixed","1","1","50","763","12","50","21023934","v2.0-design-v1.0","11.200000000000003","0.3","10.900000000000002","99.85625299472927","true","29.712000000000007","29.477999999999998","50","88.8","3","300","888","888","0","0","0","0","0","2505","2084","3","393","25","0","396","0","5","5","1000","1997","3.994","93","5.932382081184375","0","49.8","3.5313131313131314","10","501","750"
"523","BA","1000","2","0.1","30","0.1","0.5","1","legal","targeted","50.12616865926092","11","99.05398950417285","99.05398950417285","75","80","80","fixed","1","1","50","763","13","50","21023935","v2.0-design-v1.0","13.599999999999994","0.3","13.299999999999994","99.85380116959064","true","28.905999999999995","28.627999999999997","50","86.4","3","300","864","864","0","0","0","0","0","2505","2049","3","430","23","0","433","0","5","5","1000","1997","3.994","67","5.251241714065299","0","44.7","3.5828282828282827","10","501","750"
"524","BA","1000","2","0.1","30","0.1","0.5","1","legal","targeted","50.12616865926092","11","99.05398950417285","99.05398950417285","75","80","80","fixed","1","1","50","763","14","50","21023936","v2.0-design-v1.0","13.400000000000006","0.4","13.000000000000005","99.8075072184793","true","29.685999999999993","29.286000000000012","50","86.6","4","300","866","866","0","0","0","0","0","2505","2074","4","407","20","0","411","0","5","5","1000","1997","3.994","59","4.754005107755405","0","39.9","3.6313131313131315","10","501","750"
"525","BA","1000","2","0.1","30","0.1","0.5","1","legal","targeted","50.12616865926092","11","99.05398950417285","99.05398950417285","75","80","80","fixed","1","1","50","763","15","50","21023937","v2.0-design-v1.0","15.5","0.6","14.9","99.71374045801527","true","29.294","28.694000000000006","50","84.5","6","300","845","845","0","0","0","0","0","2505","2090","6","396","13","0","402","0","5","5","1000","1997","3.994","70","4.939672495658422","0","41.3","3.617171717171717","10","501","750"
"526","BA","1000","2","0.1","30","0.1","0.5","1","legal","targeted","50.12616865926092","11","99.05398950417285","99.05398950417285","75","80","80","fixed","1","1","50","763","16","50","21023938","v2.0-design-v1.0","13","0.5","12.5","99.75833736104398","true","28.63","28.130000000000006","50","87","5","300","870","870","0","0","0","0","0","2505","2064","5","415","21","0","420","0","5","5","1000","1997","3.994","64","5.152330590180566","0","44.1","3.588888888888889","10","501","750"
"527","BA","1000","2","0.1","30","0.1","0.5","1","legal","targeted","50.12616865926092","11","99.05398950417285","99.05398950417285","75","80","80","fixed","1","1","50","763","17","50","21023939","v2.0-design-v1.0","14.400000000000006","0.4","14.000000000000005","99.80676328502416","true","30.641999999999992","30.242000000000004","50","85.6","4","300","856","856","0","0","0","0","0","2505","2066","4","420","15","0","424","0","5","5","1000","1997","3.994","88","5.268559738839606","0","43.1","3.598989898989899","10","501","750"
"528","BA","1000","2","0.1","30","0.1","0.5","1","legal","targeted","50.12616865926092","11","99.05398950417285","99.05398950417285","75","80","80","fixed","1","1","50","763","18","50","21023940","v2.0-design-v1.0","12.200000000000003","0.4","11.800000000000002","99.8086124401914","true","29.428","29.028000000000002","50","87.8","4","300","878","878","0","0","0","0","0","2505","2086","4","398","17","0","402","0","5","5","1000","1997","3.994","99","5.792885422785564","0","46","3.56969696969697","10","501","750"
"529","BA","1000","2","0.1","30","0.1","0.5","1","legal","targeted","50.12616865926092","11","99.05398950417285","99.05398950417285","75","80","80","fixed","1","1","50","763","19","50","21023941","v2.0-design-v1.0","12.599999999999994","0.6","11.999999999999995","99.71777986829727","true","28.471999999999998","27.872000000000003","50","87.4","6","300","874","874","0","0","0","0","0","2505","2120","6","366","13","0","372","0","5","5","1000","1997","3.994","74","5.675224416018463","0","50.3","3.526262626262626","10","501","750"
"530","BA","1000","2","0.1","30","0.1","0.5","1","legal","targeted","50.12616865926092","11","99.05398950417285","99.05398950417285","75","80","80","fixed","1","1","50","763","20","50","21023942","v2.0-design-v1.0","12.700000000000003","0.2","12.500000000000004","99.90398463754201","true","29.067999999999998","28.890000000000004","50","87.3","2","300","873","873","0","0","0","0","0","2505","2081","2","402","20","0","404","0","5","5","1000","1997","3.994","96","5.540095365303436","0","42.7","3.603030303030303","10","501","750"
"531","BA","1000","2","0.1","30","0.1","0.5","1","legal","targeted","50.12616865926092","11","99.05398950417285","99.05398950417285","75","80","80","fixed","1","1","50","763","21","50","21023943","v2.0-design-v1.0","12.400000000000006","0.8999999999999999","11.500000000000005","99.51526902569074","true","29.872","29.016000000000005","50","87.6","9","300","876","876","0","0","0","0","0","2505","2053","10","428","14","0","438","0","5","5","1000","1997","3.994","77","5.136764580000751","0","41.7","3.613131313131313","10","501","750"
"532","BA","1000","2","0.1","30","0.1","0.5","1","legal","targeted","50.12616865926092","11","99.05398950417285","99.05398950417285","75","80","80","fixed","1","1","50","763","22","50","21023944","v2.0-design-v1.0","12.900000000000006","0.3","12.600000000000005","99.85632183908046","true","29.332000000000004","29.031999999999993","50","87.1","3","300","871","871","0","0","0","0","0","2505","2085","3","395","22","0","398","0","5","5","1000","1997","3.994","68","5.103333029306231","0","41.7","3.613131313131313","10","501","750"
"533","BA","1000","2","0.1","30","0.1","0.5","1","legal","targeted","50.12616865926092","11","99.05398950417285","99.05398950417285","75","80","80","fixed","1","1","50","763","23","50","21023945","v2.0-design-v1.0","12.700000000000003","0.2","12.500000000000004","99.90403071017275","true","28.559999999999995","28.360000000000003","50","87.3","2","300","873","873","0","0","0","0","0","2505","2082","2","402","19","0","404","0","5","5","1000","1997","3.994","83","5.23940983464887","0","43.1","3.598989898989899","10","501","750"
"534","BA","1000","2","0.1","30","0.1","0.5","1","legal","targeted","50.12616865926092","11","99.05398950417285","99.05398950417285","75","80","80","fixed","1","1","50","763","24","50","21023946","v2.0-design-v1.0","14.099999999999994","0.3","13.799999999999994","99.85611510791367","true","29.587999999999997","29.310000000000006","50","85.9","3","300","859","859","0","0","0","0","0","2505","2082","3","401","19","0","404","0","5","5","1000","1997","3.994","66","5.165718599444663","0","45.2","3.577777777777778","10","501","750"
"536","BA","1000","2","0.1","30","0.1","0.5","1","legal","targeted","50.12616865926092","11","99.05398950417285","99.05398950417285","75","80","80","fixed","1","1","50","763","26","50","21023948","v2.0-design-v1.0","12.5","0.4","12.1","99.81015662078785","true","29.343999999999998","29.054000000000002","50","87.5","4","300","875","875","0","0","0","0","0","2505","2103","4","383","15","0","387","0","5","5","1000","1997","3.994","79","5.261715466428183","0","41.9","3.611111111111111","10","501","750"
"535","BA","1000","2","0.1","30","0.1","0.5","1","legal","targeted","50.12616865926092","11","99.05398950417285","99.05398950417285","75","80","80","fixed","1","1","50","763","25","50","21023947","v2.0-design-v1.0","14.099999999999994","0.2","13.899999999999995","99.90295972828724","true","29.425999999999995","29.248","50","85.9","2","300","859","859","0","0","0","0","0","2505","2059","2","414","30","0","416","0","5","5","1000","1997","3.994","91","5.375580048781783","0","44.1","3.588888888888889","10","501","750"
"537","BA","1000","2","0.1","30","0.1","0.5","1","legal","targeted","50.12616865926092","11","99.05398950417285","99.05398950417285","75","80","80","fixed","1","1","50","763","27","50","21023949","v2.0-design-v1.0","12.799999999999997","0.1","12.699999999999998","99.95235826584089","true","29.140000000000004","29.040000000000006","50","87.2","1","300","872","872","0","0","0","0","0","2505","2098","1","384","22","0","385","0","5","5","1000","1997","3.994","78","5.35113059068815","0","44.2","3.587878787878788","10","501","750"
"538","BA","1000","2","0.1","30","0.1","0.5","1","legal","targeted","50.12616865926092","11","99.05398950417285","99.05398950417285","75","80","80","fixed","1","1","50","763","28","50","21023950","v2.0-design-v1.0","13.799999999999997","0.4","13.399999999999997","99.80657640232108","true","29.921999999999993","29.544000000000004","50","86.2","4","300","862","862","0","0","0","0","0","2505","2064","4","419","18","0","423","0","5","5","1000","1997","3.994","71","4.993686103561253","0","39.9","3.6313131313131315","10","501","750"
"540","BA","1000","2","0.1","30","0.1","0.5","1","legal","targeted","50.12616865926092","11","99.05398950417285","99.05398950417285","75","80","80","fixed","1","1","50","763","30","50","21023952","v2.0-design-v1.0","13","0.6","12.4","99.7148288973384","true","29.123999999999995","28.59000000000001","50","87","6","300","870","870","0","0","0","0","0","2505","2098","6","388","13","0","394","0","5","5","1000","1997","3.994","126","6.004666520300721","0","49.3","3.536363636363636","10","501","750"
"541","BA","1000","2","0.1","30","0.1","0.5","1","legal","targeted","53.979053908766204","8","86.33815430146352","86.33815430146352","75","80","80","fixed","1","1","50","764","1","50","21024923","v2.0-design-v1.0","40.2","10.6","29.6","95.88744588744589","true","34.41","26.273999999999997","50","59.8","106","300","598","598","0","0","0","0","0","3780","2658","114","596","412","0","710","0","7","7","1000","1997","3.994","101","5.26798972243831","0","40.8","3.6222222222222222","10","540","750"
"539","BA","1000","2","0.1","30","0.1","0.5","1","legal","targeted","50.12616865926092","11","99.05398950417285","99.05398950417285","75","80","80","fixed","1","1","50","763","29","50","21023951","v2.0-design-v1.0","15.700000000000003","0.6","15.100000000000003","99.70660146699267","true","29.096000000000007","28.583999999999993","50","84.3","6","300","843","843","0","0","0","0","0","2505","2039","6","431","29","0","437","0","5","5","1000","1997","3.994","111","6.066033362977908","0","49.7","3.5323232323232325","10","501","750"
"542","BA","1000","2","0.1","30","0.1","0.5","1","legal","targeted","53.979053908766204","8","86.33815430146352","86.33815430146352","75","80","80","fixed","1","1","50","764","2","50","21024924","v2.0-design-v1.0","39.4","8.4","31","96.75182481751825","true","34.040000000000006","28.376000000000005","50","60.6","84","300","606","606","0","0","0","0","0","3780","2651","89","618","422","0","707","0","7","7","1000","1997","3.994","94","4.897749682451306","0","38.2","3.6484848484848484","10","540","750"
"543","BA","1000","2","0.1","30","0.1","0.5","1","legal","targeted","53.979053908766204","8","86.33815430146352","86.33815430146352","75","80","80","fixed","1","1","50","764","3","50","21024925","v2.0-design-v1.0","39.5","8.200000000000001","31.299999999999997","96.79740913997841","true","32.904","26.528","50","60.5","82","300","605","605","0","0","0","0","0","3780","2690","89","608","393","0","697","0","7","7","1000","1997","3.994","97","5.930863270986729","0","49.8","3.5313131313131314","10","540","750"
"544","BA","1000","2","0.1","30","0.1","0.5","1","legal","targeted","53.979053908766204","8","86.33815430146352","86.33815430146352","75","80","80","fixed","1","1","50","764","4","50","21024926","v2.0-design-v1.0","41.400000000000006","9.5","31.900000000000006","96.44140905823149","true","32.714","24.702","50","58.599999999999994","95","300","586","586","0","0","0","0","0","3780","2683","99","583","415","0","682","0","7","7","1000","1997","3.994","85","5.5655133580774745","0","48.2","3.5474747474747477","10","540","750"
"545","BA","1000","2","0.1","30","0.1","0.5","1","legal","targeted","53.979053908766204","8","86.33815430146352","86.33815430146352","75","80","80","fixed","1","1","50","764","5","50","21024927","v2.0-design-v1.0","39.6","8.7","30.900000000000002","96.43371757925073","true","32.84799999999999","26.084","50","60.4","87","300","604","604","0","0","0","0","0","3780","2677","99","583","421","0","682","0","7","7","1000","1997","3.994","92","5.379861234911803","0","44.5","3.584848484848485","10","540","750"
"546","BA","1000","2","0.1","30","0.1","0.5","1","legal","targeted","53.979053908766204","8","86.33815430146352","86.33815430146352","75","80","80","fixed","1","1","50","764","6","50","21024928","v2.0-design-v1.0","41.900000000000006","8.5","33.400000000000006","96.72608221171335","true","32.919999999999995","26.452","50","58.099999999999994","85","300","581","581","0","0","0","0","0","3780","2659","90","618","413","0","708","0","7","7","1000","1997","3.994","87","5.528700618638197","0","45","3.5797979797979798","10","540","750"
"547","BA","1000","2","0.1","30","0.1","0.5","1","legal","targeted","53.979053908766204","8","86.33815430146352","86.33815430146352","75","80","80","fixed","1","1","50","764","7","50","21024929","v2.0-design-v1.0","40.6","7.8","32.800000000000004","96.99601882012306","true","32.772","26.715999999999994","50","59.4","78","300","594","594","0","0","0","0","0","3780","2680","83","571","446","0","654","0","7","7","1000","1997","3.994","60","4.771659326977632","0","38.1","3.6494949494949496","10","540","750"
"548","BA","1000","2","0.1","30","0.1","0.5","1","legal","targeted","53.979053908766204","8","86.33815430146352","86.33815430146352","75","80","80","fixed","1","1","50","764","8","50","21024930","v2.0-design-v1.0","40.400000000000006","7.3","33.10000000000001","97.00252798844348","true","33.430000000000014","27.666000000000004","50","59.599999999999994","73","300","596","596","0","0","0","0","0","3780","2686","83","600","411","0","683","0","7","7","1000","1997","3.994","86","4.986464562074891","0","40.8","3.6222222222222222","10","540","750"
"549","BA","1000","2","0.1","30","0.1","0.5","1","legal","targeted","53.979053908766204","8","86.33815430146352","86.33815430146352","75","80","80","fixed","1","1","50","764","9","50","21024931","v2.0-design-v1.0","40.6","9.4","31.200000000000003","96.36627906976744","true","33.068000000000005","25.348000000000003","50","59.4","94","300","594","594","0","0","0","0","0","3780","2652","100","580","448","0","680","0","7","7","1000","1997","3.994","85","4.988070252597165","0","39.4","3.6363636363636362","10","540","750"
"550","BA","1000","2","0.1","30","0.1","0.5","1","legal","targeted","53.979053908766204","8","86.33815430146352","86.33815430146352","75","80","80","fixed","1","1","50","764","10","50","21024932","v2.0-design-v1.0","40.400000000000006","8.7","31.700000000000006","96.55913978494624","true","33.852","27.552","50","59.599999999999994","87","300","596","596","0","0","0","0","0","3780","2694","96","575","415","0","671","0","7","7","1000","1997","3.994","70","5.099801169846907","0","44.5","3.584848484848485","10","540","750"
"551","BA","1000","2","0.1","30","0.1","0.5","1","legal","targeted","53.979053908766204","8","86.33815430146352","86.33815430146352","75","80","80","fixed","1","1","50","764","11","50","21024933","v2.0-design-v1.0","40.2","9.3","30.900000000000002","96.30836047774159","true","32.256","25.323999999999998","50","59.8","93","300","598","598","0","0","0","0","0","3780","2661","102","586","431","0","688","0","7","7","1000","1997","3.994","105","5.4412840002679035","0","41.8","3.6121212121212123","10","540","750"
"552","BA","1000","2","0.1","30","0.1","0.5","1","legal","targeted","53.979053908766204","8","86.33815430146352","86.33815430146352","75","80","80","fixed","1","1","50","764","12","50","21024934","v2.0-design-v1.0","42.00000000000001","7.3999999999999995","34.60000000000001","97.20530275886779","true","33.400000000000006","27.488000000000003","50","57.99999999999999","74","300","580","580","0","0","0","0","0","3780","2713","78","566","423","0","644","0","7","7","1000","1997","3.994","78","5.237498963760788","0","43.2","3.597979797979798","10","540","750"
"553","BA","1000","2","0.1","30","0.1","0.5","1","legal","targeted","53.979053908766204","8","86.33815430146352","86.33815430146352","75","80","80","fixed","1","1","50","764","13","50","21024935","v2.0-design-v1.0","40.7","7.7","33","97.05132872224245","true","34.077999999999996","27.93","50","59.3","77","300","593","593","0","0","0","0","0","3780","2666","81","596","437","0","677","0","7","7","1000","1997","3.994","80","4.657645076394029","0","35.4","3.676767676767677","10","540","750"
"554","BA","1000","2","0.1","30","0.1","0.5","1","legal","targeted","53.979053908766204","8","86.33815430146352","86.33815430146352","75","80","80","fixed","1","1","50","764","14","50","21024936","v2.0-design-v1.0","42.900000000000006","9.5","33.400000000000006","96.36759898292772","true","33.11200000000001","25.708","50","57.099999999999994","95","300","571","571","0","0","0","0","0","3780","2653","100","610","417","0","710","0","7","7","1000","1997","3.994","73","4.963930358557068","0","39.6","3.6343434343434344","10","540","750"
"555","BA","1000","2","0.1","30","0.1","0.5","1","legal","targeted","53.979053908766204","8","86.33815430146352","86.33815430146352","75","80","80","fixed","1","1","50","764","15","50","21024937","v2.0-design-v1.0","41.6","8.9","32.7","96.53804543815362","true","33.56799999999999","26.892000000000007","50","58.4","89","300","584","584","0","0","0","0","0","3780","2677","96","565","442","0","661","0","7","7","1000","1997","3.994","67","5.144164307876091","0","41.4","3.6161616161616164","10","540","750"
"556","BA","1000","2","0.1","30","0.1","0.5","1","legal","targeted","53.979053908766204","8","86.33815430146352","86.33815430146352","75","80","80","fixed","1","1","50","764","16","50","21024938","v2.0-design-v1.0","40.6","8.1","32.5","97.0304114490161","true","32.396","25.896000000000008","50","59.4","81","300","594","594","0","0","0","0","0","3780","2712","83","554","431","0","637","0","7","7","1000","1997","3.994","71","5.629000768311332","0","49.8","3.5313131313131314","10","540","750"
"557","BA","1000","2","0.1","30","0.1","0.5","1","legal","targeted","53.979053908766204","8","86.33815430146352","86.33815430146352","75","80","80","fixed","1","1","50","764","17","50","21024939","v2.0-design-v1.0","45.099999999999994","8.799999999999999","36.3","96.53818700927908","true","33.87","26.91000000000001","50","54.900000000000006","88","300","549","549","0","0","0","0","0","3780","2705","97","574","404","0","671","0","7","7","1000","1997","3.994","61","5.2386455699357395","0","46.2","3.5676767676767676","10","540","750"
"558","BA","1000","2","0.1","30","0.1","0.5","1","legal","targeted","53.979053908766204","8","86.33815430146352","86.33815430146352","75","80","80","fixed","1","1","50","764","18","50","21024940","v2.0-design-v1.0","42.900000000000006","8.3","34.60000000000001","96.77302393038434","true","33.248000000000005","26.804000000000006","50","57.099999999999994","83","300","571","571","0","0","0","0","0","3780","2669","89","594","428","0","683","0","7","7","1000","1997","3.994","56","5.315281386362922","0","46.9","3.5606060606060606","10","540","750"
"559","BA","1000","2","0.1","30","0.1","0.5","1","legal","targeted","53.979053908766204","8","86.33815430146352","86.33815430146352","75","80","80","fixed","1","1","50","764","19","50","21024941","v2.0-design-v1.0","38.7","8.7","30.000000000000004","96.45313065508505","true","33.11800000000001","26.305999999999994","50","61.3","87","300","613","613","0","0","0","0","0","3780","2665","98","625","392","0","723","0","7","7","1000","1997","3.994","103","5.81341205831479","0","48.7","3.5424242424242425","10","540","750"
"560","BA","1000","2","0.1","30","0.1","0.5","1","legal","targeted","53.979053908766204","8","86.33815430146352","86.33815430146352","75","80","80","fixed","1","1","50","764","20","50","21024942","v2.0-design-v1.0","39.6","8.9","30.700000000000003","96.55551484060095","true","34.799999999999976","27.756000000000018","50","60.4","89","300","604","604","0","0","0","0","0","3780","2635","94","634","417","0","728","0","7","7","1000","1997","3.994","74","4.868230033971651","0","39.5","3.6353535353535356","10","540","750"
"561","BA","1000","2","0.1","30","0.1","0.5","1","legal","targeted","53.979053908766204","8","86.33815430146352","86.33815430146352","75","80","80","fixed","1","1","50","764","21","50","21024943","v2.0-design-v1.0","39.4","11","28.4","95.64130046445159","true","33.172000000000004","24.572000000000003","50","60.6","110","300","606","606","0","0","0","0","0","3780","2677","122","563","418","0","685","0","7","7","1000","1997","3.994","79","5.112152002640181","0","42.1","3.609090909090909","10","540","750"
"562","BA","1000","2","0.1","30","0.1","0.5","1","legal","targeted","53.979053908766204","8","86.33815430146352","86.33815430146352","75","80","80","fixed","1","1","50","764","22","50","21024944","v2.0-design-v1.0","39.800000000000004","8.4","31.400000000000006","96.64864864864865","true","33.238","26.742000000000004","50","60.199999999999996","84","300","602","602","0","0","0","0","0","3780","2682","93","580","425","0","673","0","7","7","1000","1997","3.994","81","5.169979950898512","0","40.7","3.6232323232323234","10","540","750"
"563","BA","1000","2","0.1","30","0.1","0.5","1","legal","targeted","53.979053908766204","8","86.33815430146352","86.33815430146352","75","80","80","fixed","1","1","50","764","23","50","21024945","v2.0-design-v1.0","40.900000000000006","6.7","34.2","97.34352256186317","true","33.196000000000005","28.079999999999995","50","59.099999999999994","67","300","591","591","0","0","0","0","0","3780","2675","73","574","458","0","647","0","7","7","1000","1997","3.994","80","5.61422153851123","0","49.3","3.536363636363636","10","540","750"
"564","BA","1000","2","0.1","30","0.1","0.5","1","legal","targeted","53.979053908766204","8","86.33815430146352","86.33815430146352","75","80","80","fixed","1","1","50","764","24","50","21024946","v2.0-design-v1.0","40.800000000000004","8","32.800000000000004","96.87612208258528","true","32.992000000000004","26.575999999999993","50","59.199999999999996","80","300","592","592","0","0","0","0","0","3780","2698","87","569","426","0","656","0","7","7","1000","1997","3.994","101","5.540276045348154","0","45.7","3.5727272727272728","10","540","750"
"565","BA","1000","2","0.1","30","0.1","0.5","1","legal","targeted","53.979053908766204","8","86.33815430146352","86.33815430146352","75","80","80","fixed","1","1","50","764","25","50","21024947","v2.0-design-v1.0","39.300000000000004","6.7","32.6","97.42397137745975","true","33.821999999999996","28.513999999999996","50","60.699999999999996","67","300","607","607","0","0","0","0","0","3780","2723","72","575","410","0","647","0","7","7","1000","1997","3.994","74","5.120369340407203","0","43.1","3.598989898989899","10","540","750"
"566","BA","1000","2","0.1","30","0.1","0.5","1","legal","targeted","53.979053908766204","8","86.33815430146352","86.33815430146352","75","80","80","fixed","1","1","50","764","26","50","21024948","v2.0-design-v1.0","39.800000000000004","9.1","30.700000000000003","96.38686131386861","true","33.635999999999996","27.192000000000004","50","60.199999999999996","91","300","602","602","0","0","0","0","0","3780","2641","99","610","430","0","709","0","7","7","1000","1997","3.994","85","5.141439331393332","0","40.4","3.6262626262626263","10","540","750"
"567","BA","1000","2","0.1","30","0.1","0.5","1","legal","targeted","53.979053908766204","8","86.33815430146352","86.33815430146352","75","80","80","fixed","1","1","50","764","27","50","21024949","v2.0-design-v1.0","38.9","9.6","29.299999999999997","96.36891793754539","true","33.106000000000016","25.601999999999997","50","61.1","96","300","611","611","0","0","0","0","0","3780","2654","100","578","448","0","678","0","7","7","1000","1997","3.994","73","4.984858354337932","0","40.5","3.625252525252525","10","540","750"
"568","BA","1000","2","0.1","30","0.1","0.5","1","legal","targeted","53.979053908766204","8","86.33815430146352","86.33815430146352","75","80","80","fixed","1","1","50","764","28","50","21024950","v2.0-design-v1.0","41.5","8.6","32.9","96.77996422182468","true","33.31","27.093999999999998","50","58.5","86","300","585","585","0","0","0","0","0","3780","2705","90","561","424","0","651","0","7","7","1000","1997","3.994","66","5.298682858979192","0","46","3.56969696969697","10","540","750"
"569","BA","1000","2","0.1","30","0.1","0.5","1","legal","targeted","53.979053908766204","8","86.33815430146352","86.33815430146352","75","80","80","fixed","1","1","50","764","29","50","21024951","v2.0-design-v1.0","38.5","7.3999999999999995","31.1","97.13578500707214","true","30.92199999999999","25.009999999999994","50","61.5","74","300","615","615","0","0","0","0","0","3780","2747","81","529","423","0","610","0","7","7","1000","1997","3.994","105","5.883415553790057","0","49","3.5393939393939395","10","540","750"
"570","BA","1000","2","0.1","30","0.1","0.5","1","legal","targeted","53.979053908766204","8","86.33815430146352","86.33815430146352","75","80","80","fixed","1","1","50","764","30","50","21024952","v2.0-design-v1.0","39.900000000000006","8.4","31.500000000000007","96.95431472081218","true","32.87999999999999","26.544","50","60.099999999999994","84","300","601","601","0","0","0","0","0","3780","2674","84","558","464","0","642","0","7","7","1000","1997","3.994","82","5.038586245302477","0","41.9","3.611111111111111","10","540","750"
"571","BA","1000","2","0.1","30","0.1","0.5","1","legal","targeted","7.454459608334807","8","85.47080294196186","85.47080294196186","75","80","80","fixed","1","1","50","765","1","50","21025923","v2.0-design-v1.0","1.5999999999999943","0.4","1.1999999999999944","99.05437352245863","true","9.315999999999999","8.916000000000007","50","98.4","4","300","984","984","0","0","0","0","0","525","419","4","34","68","0","38","0","7","7","1000","1997","3.994","101","6.055793642177461","0","50.2","3.5272727272727273","10","75","750"
"572","BA","1000","2","0.1","30","0.1","0.5","1","legal","targeted","7.454459608334807","8","85.47080294196186","85.47080294196186","75","80","80","fixed","1","1","50","765","2","50","21025924","v2.0-design-v1.0","1.4000000000000057","0.6","0.8000000000000057","98.52579852579852","true","8.916000000000004","8.315999999999995","50","98.6","6","300","986","986","0","0","0","0","0","525","401","6","35","83","0","41","0","7","7","1000","1997","3.994","65","4.872956978027782","0","39.7","3.6333333333333333","10","75","750"
"573","BA","1000","2","0.1","30","0.1","0.5","1","legal","targeted","7.454459608334807","8","85.47080294196186","85.47080294196186","75","80","80","fixed","1","1","50","765","3","50","21025925","v2.0-design-v1.0","2.299999999999997","0.4","1.8999999999999972","99.09297052154194","true","8.704000000000002","8.32","50","97.7","4","300","977","977","0","0","0","0","0","525","437","4","30","54","0","34","0","7","7","1000","1997","3.994","59","4.63718313930638","0","37.8","3.6525252525252525","10","75","750"
"574","BA","1000","2","0.1","30","0.1","0.5","1","legal","targeted","7.454459608334807","8","85.47080294196186","85.47080294196186","75","80","80","fixed","1","1","50","765","4","50","21025926","v2.0-design-v1.0","1.2999999999999972","0.6","0.6999999999999972","98.60788863109049","true","9.146000000000003","8.545999999999994","50","98.7","6","300","987","987","0","0","0","0","0","525","425","6","21","73","0","27","0","7","7","1000","1997","3.994","82","5.511291893770302","0","45","3.5797979797979798","10","75","750"
"575","BA","1000","2","0.1","30","0.1","0.5","1","legal","targeted","7.454459608334807","8","85.47080294196186","85.47080294196186","75","80","80","fixed","1","1","50","765","5","50","21025927","v2.0-design-v1.0","2.299999999999997","0.7000000000000001","1.599999999999997","98.37209302325581","true","9.071999999999997","8.372000000000007","50","97.7","7","300","977","977","0","0","0","0","0","525","423","7","26","69","0","33","0","7","7","1000","1997","3.994","83","5.052473799189005","0","39.5","3.6353535353535356","10","75","750"
"576","BA","1000","2","0.1","30","0.1","0.5","1","legal","targeted","7.454459608334807","8","85.47080294196186","85.47080294196186","75","80","80","fixed","1","1","50","765","6","50","21025928","v2.0-design-v1.0","2.299999999999997","0.4","1.8999999999999972","99.04988123515439","true","8.842","8.442000000000004","50","97.7","4","300","977","977","0","0","0","0","0","525","417","4","38","66","0","42","0","7","7","1000","1997","3.994","135","6.145219908817587","0","50.5","3.5242424242424244","10","75","750"
"577","BA","1000","2","0.1","30","0.1","0.5","1","legal","targeted","7.454459608334807","8","85.47080294196186","85.47080294196186","75","80","80","fixed","1","1","50","765","7","50","21025929","v2.0-design-v1.0","2.5","0.4","2.1","99.02200488997555","true","8.841999999999999","8.442000000000005","50","97.5","4","300","975","975","0","0","0","0","0","525","405","4","30","86","0","34","0","7","7","1000","1997","3.994","61","4.885676394710739","0","40.7","3.6232323232323234","10","75","750"
"579","BA","1000","2","0.1","30","0.1","0.5","1","legal","targeted","7.454459608334807","8","85.47080294196186","85.47080294196186","75","80","80","fixed","1","1","50","765","9","50","21025931","v2.0-design-v1.0","1.5999999999999943","0.4","1.1999999999999944","99.0314769975787","true","8.489999999999998","8.090000000000002","50","98.4","4","300","984","984","0","0","0","0","0","525","409","4","34","78","0","38","0","7","7","1000","1997","3.994","72","5.235204998027423","0","45.3","3.576767676767677","10","75","750"
"578","BA","1000","2","0.1","30","0.1","0.5","1","legal","targeted","7.454459608334807","8","85.47080294196186","85.47080294196186","75","80","80","fixed","1","1","50","765","8","50","21025930","v2.0-design-v1.0","1.2999999999999972","0.4","0.8999999999999971","99.04306220095694","true","8.438000000000002","8.038000000000004","50","98.7","4","300","987","987","0","0","0","0","0","525","414","4","26","81","0","30","0","7","7","1000","1997","3.994","76","4.994287427342045","0","40.9","3.621212121212121","10","75","750"
"580","BA","1000","2","0.1","30","0.1","0.5","1","legal","targeted","7.454459608334807","8","85.47080294196186","85.47080294196186","75","80","80","fixed","1","1","50","765","10","50","21025932","v2.0-design-v1.0","2.1000000000000085","0.8","1.3000000000000085","98.12206572769952","true","9.196000000000002","8.395999999999997","50","97.89999999999999","8","300","979","979","0","0","0","0","0","525","418","8","35","64","0","43","0","7","7","1000","1997","3.994","71","4.891819078205347","0","41","3.6202020202020204","10","75","750"
"581","BA","1000","2","0.1","30","0.1","0.5","1","legal","targeted","7.454459608334807","8","85.47080294196186","85.47080294196186","75","80","80","fixed","1","1","50","765","11","50","21025933","v2.0-design-v1.0","2","0.5","1.5","98.84792626728111","true","9.272000000000006","8.772000000000006","50","98","5","300","980","980","0","0","0","0","0","525","429","5","22","69","0","27","0","7","7","1000","1997","3.994","134","6.2681140108691045","0","51.1","3.518181818181818","10","75","750"
"582","BA","1000","2","0.1","30","0.1","0.5","1","legal","targeted","7.454459608334807","8","85.47080294196186","85.47080294196186","75","80","80","fixed","1","1","50","765","12","50","21025934","v2.0-design-v1.0","2","0.6","1.4","98.58156028368793","true","9.292000000000003","8.707999999999997","50","98","6","300","980","980","0","0","0","0","0","525","417","6","32","70","0","38","0","7","7","1000","1997","3.994","50","4.808647116090658","0","39.5","3.6353535353535356","10","75","750"
"583","BA","1000","2","0.1","30","0.1","0.5","1","legal","targeted","7.454459608334807","8","85.47080294196186","85.47080294196186","75","80","80","fixed","1","1","50","765","13","50","21025935","v2.0-design-v1.0","2.799999999999997","0.6","2.199999999999997","98.56459330143541","true","8.815999999999997","8.215999999999996","50","97.2","6","300","972","972","0","0","0","0","0","525","412","6","27","80","0","33","0","7","7","1000","1997","3.994","113","5.860743324213442","0","49.4","3.5353535353535355","10","75","750"
"585","BA","1000","2","0.1","30","0.1","0.5","1","legal","targeted","7.454459608334807","8","85.47080294196186","85.47080294196186","75","80","80","fixed","1","1","50","765","15","50","21025937","v2.0-design-v1.0","1.9000000000000057","0.5","1.4000000000000057","98.85057471264368","true","9.549999999999997","9.049999999999997","50","98.1","5","300","981","981","0","0","0","0","0","525","430","5","25","65","0","30","0","7","7","1000","1997","3.994","101","5.522178778205064","0","45","3.5797979797979798","10","75","750"
"584","BA","1000","2","0.1","30","0.1","0.5","1","legal","targeted","7.454459608334807","8","85.47080294196186","85.47080294196186","75","80","80","fixed","1","1","50","765","14","50","21025936","v2.0-design-v1.0","1.7999999999999972","0.4","1.3999999999999972","99.04076738609112","true","8.764000000000003","8.364","50","98.2","4","300","982","982","0","0","0","0","0","525","413","4","30","78","0","34","0","7","7","1000","1997","3.994","56","4.873983967938308","0","40.8","3.6222222222222222","10","75","750"
"586","BA","1000","2","0.1","30","0.1","0.5","1","legal","targeted","7.454459608334807","8","85.47080294196186","85.47080294196186","75","80","80","fixed","1","1","50","765","16","50","21025938","v2.0-design-v1.0","2","0.6","1.4","98.5576923076923","true","9.418000000000008","8.817999999999998","50","98","6","300","980","980","0","0","0","0","0","525","410","6","31","78","0","37","0","7","7","1000","1997","3.994","92","5.393055631926019","0","44.4","3.585858585858586","10","75","750"
"587","BA","1000","2","0.1","30","0.1","0.5","1","legal","targeted","7.454459608334807","8","85.47080294196186","85.47080294196186","75","80","80","fixed","1","1","50","765","17","50","21025939","v2.0-design-v1.0","2.200000000000003","0.3","1.9000000000000028","99.30875576036865","true","9.06","8.84","50","97.8","3","300","978","978","0","0","0","0","0","525","431","3","22","69","0","25","0","7","7","1000","1997","3.994","69","4.848450419615673","0","39.1","3.639393939393939","10","75","750"
"589","BA","1000","2","0.1","30","0.1","0.5","1","legal","targeted","7.454459608334807","8","85.47080294196186","85.47080294196186","75","80","80","fixed","1","1","50","765","19","50","21025941","v2.0-design-v1.0","2.200000000000003","0.6","1.6000000000000028","98.61431870669746","true","9.151999999999997","8.552","50","97.8","6","300","978","978","0","0","0","0","0","525","427","6","25","67","0","31","0","7","7","1000","1997","3.994","86","5.728767998687214","0","49.1","3.5383838383838384","10","75","750"
"588","BA","1000","2","0.1","30","0.1","0.5","1","legal","targeted","7.454459608334807","8","85.47080294196186","85.47080294196186","75","80","80","fixed","1","1","50","765","18","50","21025940","v2.0-design-v1.0","1.5999999999999943","0.8999999999999999","0.6999999999999944","97.85202863961814","true","9.175999999999998","8.276000000000002","50","98.4","9","300","984","984","0","0","0","0","0","525","410","9","29","77","0","38","0","7","7","1000","1997","3.994","80","5.1835154897842015","0","44.2","3.587878787878788","10","75","750"
"591","BA","1000","2","0.1","30","0.1","0.5","1","legal","targeted","7.454459608334807","8","85.47080294196186","85.47080294196186","75","80","80","fixed","1","1","50","765","21","50","21025943","v2.0-design-v1.0","2.6000000000000085","0.2","2.4000000000000083","99.54337899543378","true","8.762","8.562000000000001","50","97.39999999999999","2","300","974","974","0","0","0","0","0","525","436","2","21","66","0","23","0","7","7","1000","1997","3.994","58","5.0160866345314465","0","40.7","3.6232323232323234","10","75","750"
"590","BA","1000","2","0.1","30","0.1","0.5","1","legal","targeted","7.454459608334807","8","85.47080294196186","85.47080294196186","75","80","80","fixed","1","1","50","765","20","50","21025942","v2.0-design-v1.0","2.1000000000000085","0.5","1.6000000000000085","98.85844748858447","true","9.691999999999998","9.191999999999998","50","97.89999999999999","5","300","979","979","0","0","0","0","0","525","433","5","27","60","0","32","0","7","7","1000","1997","3.994","75","5.347200815057959","0","45.8","3.5717171717171716","10","75","750"
"593","BA","1000","2","0.1","30","0.1","0.5","1","legal","targeted","7.454459608334807","8","85.47080294196186","85.47080294196186","75","80","80","fixed","1","1","50","765","23","50","21025945","v2.0-design-v1.0","2.1000000000000085","0.2","1.9000000000000086","99.53051643192488","true","9.085999999999995","8.886000000000003","50","97.89999999999999","2","300","979","979","0","0","0","0","0","525","424","2","32","67","0","34","0","7","7","1000","1997","3.994","96","5.6035134838209535","0","45.3","3.576767676767677","10","75","750"
"592","BA","1000","2","0.1","30","0.1","0.5","1","legal","targeted","7.454459608334807","8","85.47080294196186","85.47080294196186","75","80","80","fixed","1","1","50","765","22","50","21025944","v2.0-design-v1.0","2.200000000000003","0.4","1.800000000000003","99.07192575406032","true","8.634000000000004","8.234000000000002","50","97.8","4","300","978","978","0","0","0","0","0","525","427","4","28","66","0","32","0","7","7","1000","1997","3.994","87","5.3610357865532485","0","45.8","3.5717171717171716","10","75","750"
"594","BA","1000","2","0.1","30","0.1","0.5","1","legal","targeted","7.454459608334807","8","85.47080294196186","85.47080294196186","75","80","80","fixed","1","1","50","765","24","50","21025946","v2.0-design-v1.0","2.299999999999997","0.4","1.8999999999999972","99.08675799086758","true","9.425999999999998","9.026000000000003","50","97.7","4","300","977","977","0","0","0","0","0","525","434","4","28","59","0","32","0","7","7","1000","1997","3.994","74","5.344204760722069","0","45.6","3.573737373737374","10","75","750"
"595","BA","1000","2","0.1","30","0.1","0.5","1","legal","targeted","7.454459608334807","8","85.47080294196186","85.47080294196186","75","80","80","fixed","1","1","50","765","25","50","21025947","v2.0-design-v1.0","2.5","0.8999999999999999","1.6","97.91666666666666","true","8.990000000000006","8.090000000000002","50","97.5","9","300","975","975","0","0","0","0","0","525","423","9","29","64","0","38","0","7","7","1000","1997","3.994","75","4.860204274059429","0","40.8","3.6222222222222222","10","75","750"
"596","BA","1000","2","0.1","30","0.1","0.5","1","legal","targeted","7.454459608334807","8","85.47080294196186","85.47080294196186","75","80","80","fixed","1","1","50","765","26","50","21025948","v2.0-design-v1.0","1.5","0.5","1","98.78934624697337","true","10.357999999999997","9.857999999999997","50","98.5","5","300","985","985","0","0","0","0","0","525","408","5","29","83","0","34","0","7","7","1000","1997","3.994","95","5.2438021951119955","0","41.2","3.618181818181818","10","75","750"
"597","BA","1000","2","0.1","30","0.1","0.5","1","legal","targeted","7.454459608334807","8","85.47080294196186","85.47080294196186","75","80","80","fixed","1","1","50","765","27","50","21025949","v2.0-design-v1.0","2.700000000000003","0.5","2.200000000000003","98.85844748858447","true","9.44","8.94","50","97.3","5","300","973","973","0","0","0","0","0","525","433","5","27","60","0","32","0","7","7","1000","1997","3.994","83","5.232527433596812","0","43.1","3.598989898989899","10","75","750"
"598","BA","1000","2","0.1","30","0.1","0.5","1","legal","targeted","7.454459608334807","8","85.47080294196186","85.47080294196186","75","80","80","fixed","1","1","50","765","28","50","21025950","v2.0-design-v1.0","2.200000000000003","0.4","1.800000000000003","99.07407407407408","true","9.092000000000002","8.692000000000002","50","97.8","4","300","978","978","0","0","0","0","0","525","428","4","29","64","0","33","0","7","7","1000","1997","3.994","79","5.381349544763174","0","46.2","3.5676767676767676","10","75","750"
"599","BA","1000","2","0.1","30","0.1","0.5","1","legal","targeted","7.454459608334807","8","85.47080294196186","85.47080294196186","75","80","80","fixed","1","1","50","765","29","50","21025951","v2.0-design-v1.0","1.7999999999999972","0.5","1.2999999999999972","98.82629107981221","true","9.181999999999999","8.762000000000004","50","98.2","5","300","982","982","0","0","0","0","0","525","421","5","23","76","0","28","0","7","7","1000","1997","3.994","87","5.427284718846005","0","45.1","3.5787878787878786","10","75","750"
"601","BA","1000","2","0.1","30","0.1","0.5","1","legal","targeted","94.1013518442553","14","80.2563168765493","80.2563168765493","75","80","80","fixed","1","1","50","766","1","50","21026923","v2.0-design-v1.0","24.299999999999997","14.6","9.699999999999998","94.09937888198758","true","40.60999999999999","27.549999999999997","50","75.7","146","300","757","757","0","0","0","0","0","3764","2424","152","614","574","0","766","0","4","4","1000","1997","3.994","90","5.810828661191939","0","49.7","3.5323232323232325","10","941","750"
"600","BA","1000","2","0.1","30","0.1","0.5","1","legal","targeted","7.454459608334807","8","85.47080294196186","85.47080294196186","75","80","80","fixed","1","1","50","765","30","50","21025952","v2.0-design-v1.0","2.799999999999997","0.8999999999999999","1.8999999999999972","97.92626728110599","true","9.048000000000004","8.148000000000001","50","97.2","9","300","972","972","0","0","0","0","0","525","425","9","23","68","0","32","0","7","7","1000","1997","3.994","96","5.219694359750303","0","43.1","3.598989898989899","10","75","750"
"602","BA","1000","2","0.1","30","0.1","0.5","1","legal","targeted","94.1013518442553","14","80.2563168765493","80.2563168765493","75","80","80","fixed","1","1","50","766","2","50","21026924","v2.0-design-v1.0","26.799999999999997","16.5","10.299999999999997","93.57197844495767","true","40.336000000000006","25.263999999999996","50","73.2","165","300","732","732","0","0","0","0","0","3764","2431","167","592","574","0","759","0","4","4","1000","1997","3.994","78","5.39342683764719","0","46.5","3.5646464646464646","10","941","750"
"603","BA","1000","2","0.1","30","0.1","0.5","1","legal","targeted","94.1013518442553","14","80.2563168765493","80.2563168765493","75","80","80","fixed","1","1","50","766","3","50","21026925","v2.0-design-v1.0","25.200000000000003","13.600000000000001","11.600000000000001","94.51292246520875","true","39.87199999999999","27.447999999999997","50","74.8","136","300","748","748","0","0","0","0","0","3764","2377","138","639","610","0","777","0","4","4","1000","1997","3.994","85","5.607620654913216","0","46.9","3.5606060606060606","10","941","750"
"605","BA","1000","2","0.1","30","0.1","0.5","1","legal","targeted","94.1013518442553","14","80.2563168765493","80.2563168765493","75","80","80","fixed","1","1","50","766","5","50","21026927","v2.0-design-v1.0","24.900000000000006","16.3","8.600000000000005","93.37301587301587","true","40.22800000000001","26.19599999999999","50","75.1","163","300","751","751","0","0","0","0","0","3764","2353","167","623","621","0","790","0","4","4","1000","1997","3.994","84","4.970379127256653","0","40","3.6303030303030304","10","941","750"
"604","BA","1000","2","0.1","30","0.1","0.5","1","legal","targeted","94.1013518442553","14","80.2563168765493","80.2563168765493","75","80","80","fixed","1","1","50","766","4","50","21026926","v2.0-design-v1.0","26.400000000000006","15.7","10.700000000000006","93.77189567925262","true","41.13799999999999","27.230000000000008","50","73.6","157","300","736","736","0","0","0","0","0","3764","2409","160","640","555","0","800","0","4","4","1000","1997","3.994","93","5.451576256797994","0","44.7","3.5828282828282827","10","941","750"
"607","BA","1000","2","0.1","30","0.1","0.5","1","legal","targeted","94.1013518442553","14","80.2563168765493","80.2563168765493","75","80","80","fixed","1","1","50","766","7","50","21026929","v2.0-design-v1.0","25.799999999999997","14.099999999999998","11.7","94.2398119122257","true","40.428000000000004","28.28800000000001","50","74.2","141","300","742","742","0","0","0","0","0","3764","2405","147","615","597","0","762","0","4","4","1000","1997","3.994","57","4.5833362271353035","0","37.5","3.6555555555555554","10","941","750"
"606","BA","1000","2","0.1","30","0.1","0.5","1","legal","targeted","94.1013518442553","14","80.2563168765493","80.2563168765493","75","80","80","fixed","1","1","50","766","6","50","21026928","v2.0-design-v1.0","25.900000000000006","15.1","10.800000000000006","93.88888888888889","true","40.00000000000001","26.999999999999996","50","74.1","151","300","741","741","0","0","0","0","0","3764","2366","154","609","635","0","763","0","4","4","1000","1997","3.994","101","5.03381597829154","0","38.1","3.6494949494949496","10","941","750"
"609","BA","1000","2","0.1","30","0.1","0.5","1","legal","targeted","94.1013518442553","14","80.2563168765493","80.2563168765493","75","80","80","fixed","1","1","50","766","9","50","21026931","v2.0-design-v1.0","25.5","15.2","10.3","93.95604395604396","true","40.922","27.345999999999993","50","74.5","152","300","745","745","0","0","0","0","0","3764","2394","154","616","600","0","770","0","4","4","1000","1997","3.994","100","5.174624695641286","0","41.5","3.6151515151515152","10","941","750"
"608","BA","1000","2","0.1","30","0.1","0.5","1","legal","targeted","94.1013518442553","14","80.2563168765493","80.2563168765493","75","80","80","fixed","1","1","50","766","8","50","21026930","v2.0-design-v1.0","24.200000000000003","14.7","9.500000000000004","94.16173570019724","true","40.33599999999999","27.428","50","75.8","147","300","758","758","0","0","0","0","0","3764","2387","148","614","615","0","762","0","4","4","1000","1997","3.994","90","5.399918807086177","0","42.3","3.607070707070707","10","941","750"
"610","BA","1000","2","0.1","30","0.1","0.5","1","legal","targeted","94.1013518442553","14","80.2563168765493","80.2563168765493","75","80","80","fixed","1","1","50","766","10","50","21026932","v2.0-design-v1.0","22","14.7","7.300000000000001","93.94057857701328","true","41.343999999999994","27.820000000000004","50","78","147","300","780","780","0","0","0","0","0","3764","2403","155","600","606","0","755","0","4","4","1000","1997","3.994","95","5.104509772742131","0","40.1","3.6292929292929292","10","941","750"
"611","BA","1000","2","0.1","30","0.1","0.5","1","legal","targeted","94.1013518442553","14","80.2563168765493","80.2563168765493","75","80","80","fixed","1","1","50","766","11","50","21026933","v2.0-design-v1.0","25.5","14.899999999999999","10.600000000000001","93.78442171518489","true","40.632000000000005","27.355999999999998","50","74.5","149","300","745","745","0","0","0","0","0","3764","2384","158","632","590","0","790","0","4","4","1000","1997","3.994","83","5.346264728438582","0","43.8","3.591919191919192","10","941","750"
"612","BA","1000","2","0.1","30","0.1","0.5","1","legal","targeted","94.1013518442553","14","80.2563168765493","80.2563168765493","75","80","80","fixed","1","1","50","766","12","50","21026934","v2.0-design-v1.0","23.099999999999994","15.8","7.299999999999994","93.70326643053916","true","39.73999999999999","25.704000000000004","50","76.9","158","300","769","769","0","0","0","0","0","3764","2381","160","608","615","0","768","0","4","4","1000","1997","3.994","73","4.8366680015644254","0","39.8","3.632323232323232","10","941","750"
"613","BA","1000","2","0.1","30","0.1","0.5","1","legal","targeted","94.1013518442553","14","80.2563168765493","80.2563168765493","75","80","80","fixed","1","1","50","766","13","50","21026935","v2.0-design-v1.0","24","14.499999999999998","9.500000000000002","94.20458965383119","true","40.846","27.773999999999997","50","76","145","300","760","760","0","0","0","0","0","3764","2422","149","628","565","0","777","0","4","4","1000","1997","3.994","72","5.199326590722773","0","44.2","3.587878787878788","10","941","750"
"614","BA","1000","2","0.1","30","0.1","0.5","1","legal","targeted","94.1013518442553","14","80.2563168765493","80.2563168765493","75","80","80","fixed","1","1","50","766","14","50","21026936","v2.0-design-v1.0","26.400000000000006","15.5","10.900000000000006","93.8108213312573","true","40.394","26.742000000000004","50","73.6","155","300","736","736","0","0","0","0","0","3764","2410","159","620","575","0","779","0","4","4","1000","1997","3.994","74","5.2239116812263555","0","45.1","3.5787878787878786","10","941","750"
"615","BA","1000","2","0.1","30","0.1","0.5","1","legal","targeted","94.1013518442553","14","80.2563168765493","80.2563168765493","75","80","80","fixed","1","1","50","766","15","50","21026937","v2.0-design-v1.0","23.900000000000006","14.799999999999999","9.100000000000007","93.93939393939394","true","41.61999999999999","28.920000000000005","50","76.1","148","300","761","761","0","0","0","0","0","3764","2387","154","652","571","0","806","0","4","4","1000","1997","3.994","68","5.217008834684978","0","44.3","3.5868686868686868","10","941","750"
"616","BA","1000","2","0.1","30","0.1","0.5","1","legal","targeted","94.1013518442553","14","80.2563168765493","80.2563168765493","75","80","80","fixed","1","1","50","766","16","50","21026938","v2.0-design-v1.0","25.099999999999994","16.3","8.799999999999994","93.30199764982373","true","40.748","25.904","50","74.9","163","300","749","749","0","0","0","0","0","3764","2382","171","624","587","0","795","0","4","4","1000","1997","3.994","90","5.37464890489144","0","43.9","3.590909090909091","10","941","750"
"617","BA","1000","2","0.1","30","0.1","0.5","1","legal","targeted","94.1013518442553","14","80.2563168765493","80.2563168765493","75","80","80","fixed","1","1","50","766","17","50","21026939","v2.0-design-v1.0","27.200000000000003","14.799999999999999","12.400000000000004","94.16730621642364","true","41.077999999999996","27.56599999999999","50","72.8","148","300","728","728","0","0","0","0","0","3764","2454","152","601","557","0","753","0","4","4","1000","1997","3.994","76","5.409549632568975","0","46.2","3.5676767676767676","10","941","750"
"618","BA","1000","2","0.1","30","0.1","0.5","1","legal","targeted","94.1013518442553","14","80.2563168765493","80.2563168765493","75","80","80","fixed","1","1","50","766","18","50","21026940","v2.0-design-v1.0","29","14.7","14.3","94.13364413364414","true","40.04399999999999","27.02399999999999","50","71","147","300","710","710","0","0","0","0","0","3764","2423","151","622","568","0","773","0","4","4","1000","1997","3.994","91","5.551466723558979","0","44.1","3.588888888888889","10","941","750"
"619","BA","1000","2","0.1","30","0.1","0.5","1","legal","targeted","94.1013518442553","14","80.2563168765493","80.2563168765493","75","80","80","fixed","1","1","50","766","19","50","21026941","v2.0-design-v1.0","26","12.7","13.3","94.7633824670287","true","41.958","30.714000000000013","50","74","127","300","740","740","0","0","0","0","0","3764","2443","135","627","559","0","762","0","4","4","1000","1997","3.994","90","5.690548861607837","0","49","3.5393939393939395","10","941","750"
"620","BA","1000","2","0.1","30","0.1","0.5","1","legal","targeted","94.1013518442553","14","80.2563168765493","80.2563168765493","75","80","80","fixed","1","1","50","766","20","50","21026942","v2.0-design-v1.0","22.299999999999997","15.6","6.6999999999999975","93.73052959501558","true","41.428000000000004","27.676000000000002","50","77.7","156","300","777","777","0","0","0","0","0","3764","2407","161","631","565","0","792","0","4","4","1000","1997","3.994","109","6.067188374756062","0","49.6","3.533333333333333","10","941","750"
"621","BA","1000","2","0.1","30","0.1","0.5","1","legal","targeted","94.1013518442553","14","80.2563168765493","80.2563168765493","75","80","80","fixed","1","1","50","766","21","50","21026943","v2.0-design-v1.0","24.400000000000006","16.3","8.100000000000005","93.2640492686682","true","42.42","28.388000000000005","50","75.6","163","300","756","756","0","0","0","0","0","3764","2423","175","617","549","0","792","0","4","4","1000","1997","3.994","57","4.563199183334723","0","34.7","3.683838383838384","10","941","750"
"622","BA","1000","2","0.1","30","0.1","0.5","1","legal","targeted","94.1013518442553","14","80.2563168765493","80.2563168765493","75","80","80","fixed","1","1","50","766","22","50","21026944","v2.0-design-v1.0","22.39999999999999","13.8","8.59999999999999","94.28","true","41.24000000000001","28.97999999999999","50","77.60000000000001","138","300","776","776","0","0","0","0","0","3764","2357","143","657","607","0","800","0","4","4","1000","1997","3.994","117","5.787872101512215","0","46.3","3.566666666666667","10","941","750"
"623","BA","1000","2","0.1","30","0.1","0.5","1","legal","targeted","94.1013518442553","14","80.2563168765493","80.2563168765493","75","80","80","fixed","1","1","50","766","23","50","21026945","v2.0-design-v1.0","24.299999999999997","15.5","8.799999999999997","93.87436597737026","true","41.53400000000001","27.686","50","75.7","155","300","757","757","0","0","0","0","0","3764","2406","157","617","584","0","774","0","4","4","1000","1997","3.994","71","5.083483628950301","0","43.6","3.5939393939393938","10","941","750"
"624","BA","1000","2","0.1","30","0.1","0.5","1","legal","targeted","94.1013518442553","14","80.2563168765493","80.2563168765493","75","80","80","fixed","1","1","50","766","24","50","21026946","v2.0-design-v1.0","26","16.1","9.899999999999999","93.52134146341463","true","41.506","27.142000000000007","50","74","161","300","740","740","0","0","0","0","0","3764","2454","170","595","545","0","765","0","4","4","1000","1997","3.994","63","5.056038718950581","0","42.2","3.608080808080808","10","941","750"
"625","BA","1000","2","0.1","30","0.1","0.5","1","legal","targeted","94.1013518442553","14","80.2563168765493","80.2563168765493","75","80","80","fixed","1","1","50","766","25","50","21026947","v2.0-design-v1.0","24.5","16.2","8.3","93.47572815533981","true","40.52600000000001","25.754","50","75.5","162","300","755","755","0","0","0","0","0","3764","2407","168","590","599","0","758","0","4","4","1000","1997","3.994","88","5.25638598217383","0","42.7","3.603030303030303","10","941","750"
"626","BA","1000","2","0.1","30","0.1","0.5","1","legal","targeted","94.1013518442553","14","80.2563168765493","80.2563168765493","75","80","80","fixed","1","1","50","766","26","50","21026948","v2.0-design-v1.0","24.700000000000003","13.600000000000001","11.100000000000001","94.56692913385827","true","40.582","28.802000000000003","50","75.3","136","300","753","753","0","0","0","0","0","3764","2402","138","652","572","0","790","0","4","4","1000","1997","3.994","87","4.958280805737858","0","39.8","3.632323232323232","10","941","750"
"627","BA","1000","2","0.1","30","0.1","0.5","1","legal","targeted","94.1013518442553","14","80.2563168765493","80.2563168765493","75","80","80","fixed","1","1","50","766","27","50","21026949","v2.0-design-v1.0","25.299999999999997","12.1","13.199999999999998","94.92667459373762","true","39.74799999999999","29.188000000000006","50","74.7","121","300","747","747","0","0","0","0","0","3764","2395","128","628","613","0","756","0","4","4","1000","1997","3.994","70","4.873778587268574","0","38.9","3.6414141414141414","10","941","750"
"628","BA","1000","2","0.1","30","0.1","0.5","1","legal","targeted","94.1013518442553","14","80.2563168765493","80.2563168765493","75","80","80","fixed","1","1","50","766","28","50","21026950","v2.0-design-v1.0","21.700000000000003","14.099999999999998","7.600000000000005","94.03508771929825","true","40.61","28.049999999999997","50","78.3","141","300","783","783","0","0","0","0","0","3764","2412","153","607","592","0","760","0","4","4","1000","1997","3.994","63","4.831491209482555","0","40.8","3.6222222222222222","10","941","750"
"629","BA","1000","2","0.1","30","0.1","0.5","1","legal","targeted","94.1013518442553","14","80.2563168765493","80.2563168765493","75","80","80","fixed","1","1","50","766","29","50","21026951","v2.0-design-v1.0","21.599999999999994","13.8","7.799999999999994","94.40504334121356","true","39.83199999999999","27.515999999999984","50","78.4","138","300","784","784","0","0","0","0","0","3764","2396","142","638","588","0","780","0","4","4","1000","1997","3.994","75","4.8924329223710155","0","39.9","3.6313131313131315","10","941","750"
"630","BA","1000","2","0.1","30","0.1","0.5","1","legal","targeted","94.1013518442553","14","80.2563168765493","80.2563168765493","75","80","80","fixed","1","1","50","766","30","50","21026952","v2.0-design-v1.0","25.5","13.4","12.1","94.39363817097416","true","39.18600000000001","26.62599999999999","50","74.5","134","300","745","745","0","0","0","0","0","3764","2374","141","628","621","0","769","0","4","4","1000","1997","3.994","77","5.161647663935087","0","43.3","3.596969696969697","10","941","750"
"631","BA","1000","2","0.1","30","0.1","0.5","1","legal","targeted","20.125751628402668","6","90.48207438732757","90.48207438732757","75","80","80","fixed","1","1","50","767","1","50","21027923","v2.0-design-v1.0","9.799999999999997","1.5","8.299999999999997","98.99933288859239","true","16.166","15.133999999999999","50","90.2","15","300","902","902","0","0","0","0","0","1809","1484","15","156","154","0","171","0","9","9","1000","1997","3.994","67","5.189884285694506","0","44.9","3.580808080808081","10","201","750"
"632","BA","1000","2","0.1","30","0.1","0.5","1","legal","targeted","20.125751628402668","6","90.48207438732757","90.48207438732757","75","80","80","fixed","1","1","50","767","2","50","21027924","v2.0-design-v1.0","11","2.1","8.9","98.59906604402934","true","16.111999999999995","14.467999999999995","50","89","21","300","890","890","0","0","0","0","0","1809","1478","21","152","158","0","173","0","9","9","1000","1997","3.994","87","5.284116377019509","0","43.2","3.597979797979798","10","201","750"
"633","BA","1000","2","0.1","30","0.1","0.5","1","legal","targeted","20.125751628402668","6","90.48207438732757","90.48207438732757","75","80","80","fixed","1","1","50","767","3","50","21027925","v2.0-design-v1.0","9","1.0999999999999999","7.9","99.1864406779661","true","15.783999999999994","14.755999999999997","50","91","11","300","910","910","0","0","0","0","0","1809","1463","12","151","183","0","163","0","9","9","1000","1997","3.994","62","5.032821603563278","0","43.6","3.5939393939393938","10","201","750"
"634","BA","1000","2","0.1","30","0.1","0.5","1","legal","targeted","20.125751628402668","6","90.48207438732757","90.48207438732757","75","80","80","fixed","1","1","50","767","4","50","21027926","v2.0-design-v1.0","9.099999999999994","0.8999999999999999","8.199999999999994","99.33377748167888","true","15.45","14.658","50","90.9","9","300","909","909","0","0","0","0","0","1809","1491","10","159","149","0","169","0","9","9","1000","1997","3.994","73","5.038983563711559","0","41","3.6202020202020204","10","201","750"
"635","BA","1000","2","0.1","30","0.1","0.5","1","legal","targeted","20.125751628402668","6","90.48207438732757","90.48207438732757","75","80","80","fixed","1","1","50","767","5","50","21027927","v2.0-design-v1.0","10.5","1.6","8.9","98.9247311827957","true","15.592000000000002","14.196000000000002","50","89.5","16","300","895","895","0","0","0","0","0","1809","1472","16","153","168","0","169","0","9","9","1000","1997","3.994","93","5.337832561672986","0","41.4","3.6161616161616164","10","201","750"
"636","BA","1000","2","0.1","30","0.1","0.5","1","legal","targeted","20.125751628402668","6","90.48207438732757","90.48207438732757","75","80","80","fixed","1","1","50","767","6","50","21027928","v2.0-design-v1.0","10.299999999999997","1.3","8.999999999999996","99.12516823687753","true","16.317999999999998","15.389999999999997","50","89.7","13","300","897","897","0","0","0","0","0","1809","1473","13","153","170","0","166","0","9","9","1000","1997","3.994","85","5.313774571827458","0","43.5","3.594949494949495","10","201","750"
"637","BA","1000","2","0.1","30","0.1","0.5","1","legal","targeted","20.125751628402668","6","90.48207438732757","90.48207438732757","75","80","80","fixed","1","1","50","767","7","50","21027929","v2.0-design-v1.0","9.899999999999991","1.2","8.699999999999992","99.1174473862865","true","16.728000000000005","15.683999999999996","50","90.10000000000001","12","300","901","901","0","0","0","0","0","1809","1460","13","162","174","0","175","0","9","9","1000","1997","3.994","108","5.5160121818565875","0","45.2","3.577777777777778","10","201","750"
"638","BA","1000","2","0.1","30","0.1","0.5","1","legal","targeted","20.125751628402668","6","90.48207438732757","90.48207438732757","75","80","80","fixed","1","1","50","767","8","50","21027930","v2.0-design-v1.0","10.299999999999997","1.3","8.999999999999996","99.06604402935291","true","16.202","15.022","50","89.7","13","300","897","897","0","0","0","0","0","1809","1485","14","150","160","0","164","0","9","9","1000","1997","3.994","80","5.335581733272605","0","45","3.5797979797979798","10","201","750"
"639","BA","1000","2","0.1","30","0.1","0.5","1","legal","targeted","20.125751628402668","6","90.48207438732757","90.48207438732757","75","80","80","fixed","1","1","50","767","9","50","21027931","v2.0-design-v1.0","12.200000000000003","1.6","10.600000000000003","98.80239520958084","true","16.624000000000002","15.144000000000007","50","87.8","16","300","878","878","0","0","0","0","0","1809","1485","18","146","160","0","164","0","9","9","1000","1997","3.994","70","4.912646750795137","0","41.2","3.618181818181818","10","201","750"
"640","BA","1000","2","0.1","30","0.1","0.5","1","legal","targeted","20.125751628402668","6","90.48207438732757","90.48207438732757","75","80","80","fixed","1","1","50","767","10","50","21027932","v2.0-design-v1.0","11.400000000000006","1.6","9.800000000000006","98.76965140123035","true","16.61800000000001","15.101999999999999","50","88.6","16","300","886","886","0","0","0","0","0","1809","1445","18","167","179","0","185","0","9","9","1000","1997","3.994","82","4.920180095501798","0","39.5","3.6353535353535356","10","201","750"
"641","BA","1000","2","0.1","30","0.1","0.5","1","legal","targeted","20.125751628402668","6","90.48207438732757","90.48207438732757","75","80","80","fixed","1","1","50","767","11","50","21027933","v2.0-design-v1.0","10.200000000000003","1.5","8.700000000000003","98.98853674983143","true","15.846000000000004","14.645999999999999","50","89.8","15","300","898","898","0","0","0","0","0","1809","1468","15","164","162","0","179","0","9","9","1000","1997","3.994","50","4.566050023030053","0","36.8","3.6626262626262625","10","201","750"
"642","BA","1000","2","0.1","30","0.1","0.5","1","legal","targeted","20.125751628402668","6","90.48207438732757","90.48207438732757","75","80","80","fixed","1","1","50","767","12","50","21027934","v2.0-design-v1.0","9.200000000000003","1","8.200000000000003","99.32795698924731","true","16.386000000000003","15.553999999999997","50","90.8","10","300","908","908","0","0","0","0","0","1809","1478","10","152","169","0","162","0","9","9","1000","1997","3.994","76","4.796140841026965","0","37.1","3.6595959595959595","10","201","750"
"643","BA","1000","2","0.1","30","0.1","0.5","1","legal","targeted","20.125751628402668","6","90.48207438732757","90.48207438732757","75","80","80","fixed","1","1","50","767","13","50","21027935","v2.0-design-v1.0","8.299999999999997","2.1999999999999997","6.099999999999998","98.5264567983925","true","17.412000000000003","15.584000000000003","50","91.7","22","300","917","917","0","0","0","0","0","1809","1471","22","171","145","0","193","0","9","9","1000","1997","3.994","100","5.428206833700182","0","43","3.6","10","201","750"
"644","BA","1000","2","0.1","30","0.1","0.5","1","legal","targeted","20.125751628402668","6","90.48207438732757","90.48207438732757","75","80","80","fixed","1","1","50","767","14","50","21027936","v2.0-design-v1.0","10.900000000000006","2","8.900000000000006","98.66932801064537","true","16.32400000000001","14.623999999999999","50","89.1","20","300","891","891","0","0","0","0","0","1809","1483","20","154","152","0","174","0","9","9","1000","1997","3.994","94","5.811517679379265","0","50.4","3.525252525252525","10","201","750"
"645","BA","1000","2","0.1","30","0.1","0.5","1","legal","targeted","20.125751628402668","6","90.48207438732757","90.48207438732757","75","80","80","fixed","1","1","50","767","15","50","21027937","v2.0-design-v1.0","10.799999999999997","1.4000000000000001","9.399999999999997","99.00066622251832","true","16.663999999999998","15.480000000000002","50","89.2","14","300","892","892","0","0","0","0","0","1809","1486","15","159","149","0","174","0","9","9","1000","1997","3.994","60","4.694251804068449","0","36.6","3.6646464646464647","10","201","750"
"647","BA","1000","2","0.1","30","0.1","0.5","1","legal","targeted","20.125751628402668","6","90.48207438732757","90.48207438732757","75","80","80","fixed","1","1","50","767","17","50","21027939","v2.0-design-v1.0","10.900000000000006","2.3","8.600000000000005","98.38274932614556","true","17.022000000000002","15.142000000000003","50","89.1","23","300","891","891","0","0","0","0","0","1809","1460","24","168","157","0","192","0","9","9","1000","1997","3.994","95","5.46587960348925","0","45","3.5797979797979798","10","201","750"
"648","BA","1000","2","0.1","30","0.1","0.5","1","legal","targeted","20.125751628402668","6","90.48207438732757","90.48207438732757","75","80","80","fixed","1","1","50","767","18","50","21027940","v2.0-design-v1.0","10.099999999999994","1.4000000000000001","8.699999999999994","98.91964888588791","true","16.178000000000008","14.909999999999998","50","89.9","14","300","899","899","0","0","0","0","0","1809","1465","16","182","146","0","198","0","9","9","1000","1997","3.994","115","5.71442198464714","0","47.1","3.5585858585858587","10","201","750"
"646","BA","1000","2","0.1","30","0.1","0.5","1","legal","targeted","20.125751628402668","6","90.48207438732757","90.48207438732757","75","80","80","fixed","1","1","50","767","16","50","21027938","v2.0-design-v1.0","10.5","1.6","8.9","98.9311957247829","true","16.272000000000002","14.852","50","89.5","16","300","895","895","0","0","0","0","0","1809","1481","16","148","164","0","164","0","9","9","1000","1997","3.994","106","5.327508455774262","0","40.3","3.6272727272727274","10","201","750"
"649","BA","1000","2","0.1","30","0.1","0.5","1","legal","targeted","20.125751628402668","6","90.48207438732757","90.48207438732757","75","80","80","fixed","1","1","50","767","19","50","21027941","v2.0-design-v1.0","10.599999999999994","1.6","8.999999999999995","98.92761394101876","true","16.35000000000001","15.109999999999996","50","89.4","16","300","894","894","0","0","0","0","0","1809","1476","16","159","158","0","175","0","9","9","1000","1997","3.994","95","5.991983633811773","0","49.3","3.536363636363636","10","201","750"
"650","BA","1000","2","0.1","30","0.1","0.5","1","legal","targeted","20.125751628402668","6","90.48207438732757","90.48207438732757","75","80","80","fixed","1","1","50","767","20","50","21027942","v2.0-design-v1.0","12.400000000000006","1.7999999999999998","10.600000000000005","98.8173455978975","true","16.422000000000004","14.850000000000005","50","87.6","18","300","876","876","0","0","0","0","0","1809","1504","18","158","129","0","176","0","9","9","1000","1997","3.994","75","5.019477976758052","0","41.5","3.6151515151515152","10","201","750"
"651","BA","1000","2","0.1","30","0.1","0.5","1","legal","targeted","20.125751628402668","6","90.48207438732757","90.48207438732757","75","80","80","fixed","1","1","50","767","21","50","21027943","v2.0-design-v1.0","10","1.0999999999999999","8.9","99.14021164021165","true","16.538","15.61799999999999","50","90","11","300","900","900","0","0","0","0","0","1809","1499","13","128","169","0","141","0","9","9","1000","1997","3.994","86","5.014290289473376","0","41.2","3.618181818181818","10","201","750"
"652","BA","1000","2","0.1","30","0.1","0.5","1","legal","targeted","20.125751628402668","6","90.48207438732757","90.48207438732757","75","80","80","fixed","1","1","50","767","22","50","21027944","v2.0-design-v1.0","10.5","1.7999999999999998","8.7","98.79113498992612","true","15.41","13.777999999999999","50","89.5","18","300","895","895","0","0","0","0","0","1809","1471","18","147","173","0","165","0","9","9","1000","1997","3.994","66","4.9252636703248776","0","40.8","3.6222222222222222","10","201","750"
"653","BA","1000","2","0.1","30","0.1","0.5","1","legal","targeted","20.125751628402668","6","90.48207438732757","90.48207438732757","75","80","80","fixed","1","1","50","767","23","50","21027945","v2.0-design-v1.0","10.200000000000003","1.9","8.300000000000002","98.73333333333333","true","15.669999999999993","14.058","50","89.8","19","300","898","898","0","0","0","0","0","1809","1481","19","133","176","0","152","0","9","9","1000","1997","3.994","79","5.144358893820326","0","42.7","3.603030303030303","10","201","750"
"654","BA","1000","2","0.1","30","0.1","0.5","1","legal","targeted","20.125751628402668","6","90.48207438732757","90.48207438732757","75","80","80","fixed","1","1","50","767","24","50","21027946","v2.0-design-v1.0","9.200000000000003","1.4000000000000001","7.8000000000000025","99.06166219839142","true","16.062","14.769999999999996","50","90.8","14","300","908","908","0","0","0","0","0","1809","1478","14","150","167","0","164","0","9","9","1000","1997","3.994","69","4.909589399131864","0","40.7","3.6232323232323234","10","201","750"
"655","BA","1000","2","0.1","30","0.1","0.5","1","legal","targeted","20.125751628402668","6","90.48207438732757","90.48207438732757","75","80","80","fixed","1","1","50","767","25","50","21027947","v2.0-design-v1.0","10.599999999999994","2.1","8.499999999999995","98.47277556440903","true","15.464000000000006","13.712000000000005","50","89.4","21","300","894","894","0","0","0","0","0","1809","1483","23","151","152","0","174","0","9","9","1000","1997","3.994","100","5.67645894781122","0","46.9","3.5606060606060606","10","201","750"
"656","BA","1000","2","0.1","30","0.1","0.5","1","legal","targeted","20.125751628402668","6","90.48207438732757","90.48207438732757","75","80","80","fixed","1","1","50","767","26","50","21027948","v2.0-design-v1.0","9.700000000000003","2.1999999999999997","7.5000000000000036","98.46050870147256","true","15.996000000000002","13.975999999999999","50","90.3","22","300","903","903","0","0","0","0","0","1809","1471","23","149","166","0","172","0","9","9","1000","1997","3.994","65","5.115479658070399","0","42.4","3.606060606060606","10","201","750"
"657","BA","1000","2","0.1","30","0.1","0.5","1","legal","targeted","20.125751628402668","6","90.48207438732757","90.48207438732757","75","80","80","fixed","1","1","50","767","27","50","21027949","v2.0-design-v1.0","10.700000000000003","2.1999999999999997","8.500000000000004","98.40743198407432","true","16.628000000000007","14.692","50","89.3","22","300","893","893","0","0","0","0","0","1809","1483","24","148","154","0","172","0","9","9","1000","1997","3.994","80","4.995489857753575","0","40","3.6303030303030304","10","201","750"
"658","BA","1000","2","0.1","30","0.1","0.5","1","legal","targeted","20.125751628402668","6","90.48207438732757","90.48207438732757","75","80","80","fixed","1","1","50","767","28","50","21027950","v2.0-design-v1.0","10.299999999999997","1.7999999999999998","8.499999999999996","98.80159786950732","true","16.343999999999998","15.000000000000005","50","89.7","18","300","897","897","0","0","0","0","0","1809","1484","18","150","157","0","168","0","9","9","1000","1997","3.994","61","4.870902348609508","0","39.4","3.6363636363636362","10","201","750"
"659","BA","1000","2","0.1","30","0.1","0.5","1","legal","targeted","20.125751628402668","6","90.48207438732757","90.48207438732757","75","80","80","fixed","1","1","50","767","29","50","21027951","v2.0-design-v1.0","10.5","1.9","8.6","98.7265415549598","true","15.229999999999997","13.665999999999995","50","89.5","19","300","895","895","0","0","0","0","0","1809","1473","19","153","164","0","172","0","9","9","1000","1997","3.994","98","5.308685915190879","0","43.5","3.594949494949495","10","201","750"
"660","BA","1000","2","0.1","30","0.1","0.5","1","legal","targeted","20.125751628402668","6","90.48207438732757","90.48207438732757","75","80","80","fixed","1","1","50","767","30","50","21027952","v2.0-design-v1.0","10.299999999999997","1.7999999999999998","8.499999999999996","98.72053872053871","true","16.613999999999997","15.029999999999996","50","89.7","18","300","897","897","0","0","0","0","0","1809","1466","19","162","162","0","181","0","9","9","1000","1997","3.994","84","5.23137948645778","0","43.9","3.590909090909091","10","201","750"
"661","BA","1000","2","0.1","30","0.1","0.5","1","legal","targeted","26.2370042385356","1","85.78247598183607","85.78247598183607","75","80","80","fixed","1","1","50","768","1","50","21028923","v2.0-design-v1.0","47.3","29.799999999999997","17.5","66.98068770607631","true","58.26200000000001","33.864000000000004","50","52.7","298","300","527","593","262","66","29","154","13","13100","2844","1402","8388","466","183","9790","26.2","50","50","1000","1997","3.994","90","5.008297819324141","0","39.1","3.639393939393939","10","262","750"
"662","BA","1000","2","0.1","30","0.1","0.5","1","legal","targeted","26.2370042385356","1","85.78247598183607","85.78247598183607","75","80","80","fixed","1","1","50","768","2","50","21028924","v2.0-design-v1.0","46.699999999999996","29.799999999999997","16.9","68.14950699380876","true","57.575999999999986","33.404","50","53.300000000000004","298","300","533","609","262","76","31","144","11","13100","2972","1389","8278","461","175","9667","26.2","50","50","1000","1997","3.994","80","5.326193043096752","0","46.3","3.566666666666667","10","262","750"
"663","BA","1000","2","0.1","30","0.1","0.5","1","legal","targeted","26.2370042385356","1","85.78247598183607","85.78247598183607","75","80","80","fixed","1","1","50","768","3","50","21028925","v2.0-design-v1.0","47.8","29.299999999999997","18.5","68.44045150886893","true","59.01200000000001","35.382","50","52.2","293","300","522","591","262","69","30","152","11","13100","2971","1370","8279","480","182","9649","26.2","50","50","1000","1997","3.994","76","4.8258940366789185","0","38.9","3.6414141414141414","10","262","750"
"664","BA","1000","2","0.1","30","0.1","0.5","1","legal","targeted","26.2370042385356","1","85.78247598183607","85.78247598183607","75","80","80","fixed","1","1","50","768","4","50","21028926","v2.0-design-v1.0","44.199999999999996","28.1","16.099999999999994","69.32025547445255","true","55.89200000000002","32.9","50","55.800000000000004","281","300","558","625","262","67","33","146","16","13100","3039","1345","8204","512","179","9549","26.2","50","50","1000","1997","3.994","91","5.724747744375873","0","49.9","3.5303030303030303","10","262","750"
"665","BA","1000","2","0.1","30","0.1","0.5","1","legal","targeted","26.2370042385356","1","85.78247598183607","85.78247598183607","75","80","80","fixed","1","1","50","768","5","50","21028927","v2.0-design-v1.0","49.7","30.9","18.800000000000004","66.48003894839339","true","60.611999999999995","36.092000000000006","50","50.3","309","300","503","568","262","65","31","153","13","13100","2731","1377","8522","470","184","9899","26.2","50","50","1000","1997","3.994","61","4.955857597280662","0","42.8","3.602020202020202","10","262","750"
"666","BA","1000","2","0.1","30","0.1","0.5","1","legal","targeted","26.2370042385356","1","85.78247598183607","85.78247598183607","75","80","80","fixed","1","1","50","768","6","50","21028928","v2.0-design-v1.0","48.1","30.2","17.900000000000002","67.60628465804066","true","57.86","33.468","50","51.9","302","300","519","594","262","75","20","151","16","13100","2926","1402","8289","483","171","9691","26.2","50","50","1000","1997","3.994","92","5.281653137026298","0","41.4","3.6161616161616164","10","262","750"
"667","BA","1000","2","0.1","30","0.1","0.5","1","legal","targeted","26.2370042385356","1","85.78247598183607","85.78247598183607","75","80","80","fixed","1","1","50","768","7","50","21028929","v2.0-design-v1.0","48.9","29.599999999999998","19.3","69.38870741950537","true","58.614","34.800000000000004","50","51.1","296","300","511","578","262","67","28","155","12","13100","2974","1312","8310","504","183","9622","26.2","50","50","1000","1997","3.994","77","4.818628765860996","0","38.5","3.6454545454545455","10","262","750"
"668","BA","1000","2","0.1","30","0.1","0.5","1","legal","targeted","26.2370042385356","1","85.78247598183607","85.78247598183607","75","80","80","fixed","1","1","50","768","8","50","21028930","v2.0-design-v1.0","49","29.099999999999998","19.900000000000002","67.89633434508522","true","58.588","34.77799999999999","50","51","291","300","510","574","262","64","22","166","10","13100","2908","1375","8338","479","188","9713","26.2","50","50","1000","1997","3.994","76","5.094302299227617","0","40.4","3.6262626262626263","10","262","750"
"669","BA","1000","2","0.1","30","0.1","0.5","1","legal","targeted","26.2370042385356","1","85.78247598183607","85.78247598183607","75","80","80","fixed","1","1","50","768","9","50","21028931","v2.0-design-v1.0","47.599999999999994","28.9","18.699999999999996","67.6648096564531","true","57.736","34.53","50","52.400000000000006","289","300","524","587","262","63","22","162","15","13100","2915","1393","8284","508","184","9677","26.2","50","50","1000","1997","3.994","119","5.691955934682056","0","44.2","3.587878787878788","10","262","750"
"670","BA","1000","2","0.1","30","0.1","0.5","1","legal","targeted","26.2370042385356","1","85.78247598183607","85.78247598183607","75","80","80","fixed","1","1","50","768","10","50","21028932","v2.0-design-v1.0","46.3","28.7","17.599999999999998","69.32487539646579","true","56.57200000000001","33.245999999999995","50","53.7","287","300","537","599","262","62","15","178","7","13100","3060","1354","8245","441","193","9599","26.2","50","50","1000","1997","3.994","66","5.120369340407201","0","42.6","3.604040404040404","10","262","750"
"671","BA","1000","2","0.1","30","0.1","0.5","1","legal","targeted","26.2370042385356","1","85.78247598183607","85.78247598183607","75","80","80","fixed","1","1","50","768","11","50","21028933","v2.0-design-v1.0","49.3","29.4","19.9","67.6033813114005","true","58.00200000000001","34.02800000000001","50","50.7","294","300","507","585","262","78","34","143","7","13100","2959","1418","8231","492","177","9649","26.2","50","50","1000","1997","3.994","111","5.7793914355549","0","45.2","3.577777777777778","10","262","750"
"672","BA","1000","2","0.1","30","0.1","0.5","1","legal","targeted","26.2370042385356","1","85.78247598183607","85.78247598183607","75","80","80","fixed","1","1","50","768","12","50","21028934","v2.0-design-v1.0","48.1","28.799999999999997","19.300000000000004","66.72910325450714","true","57.879999999999974","34.27","50","51.9","288","300","519","576","262","57","23","170","12","13100","2850","1421","8369","460","193","9790","26.2","50","50","1000","1997","3.994","83","5.202021244192004","0","41.9","3.611111111111111","10","262","750"
"673","BA","1000","2","0.1","30","0.1","0.5","1","legal","targeted","26.2370042385356","1","85.78247598183607","85.78247598183607","75","80","80","fixed","1","1","50","768","13","50","21028935","v2.0-design-v1.0","49.1","31","18.1","68.43428571428572","true","58.513999999999996","33.599999999999994","50","50.9","310","300","509","581","262","72","26","150","14","13100","2994","1381","8224","501","176","9605","26.2","50","50","1000","1997","3.994","74","5.141634020464731","0","42.3","3.607070707070707","10","262","750"
"674","BA","1000","2","0.1","30","0.1","0.5","1","legal","targeted","26.2370042385356","1","85.78247598183607","85.78247598183607","75","80","80","fixed","1","1","50","768","14","50","21028936","v2.0-design-v1.0","44.39999999999999","30.2","14.199999999999992","69.6407607419582","true","56.18800000000001","32.604","50","55.60000000000001","302","300","556","634","262","78","21","157","6","13100","2966","1293","8338","503","178","9631","26.2","50","50","1000","1997","3.994","75","5.593858708910622","0","48.1","3.5484848484848484","10","262","750"
"676","BA","1000","2","0.1","30","0.1","0.5","1","legal","targeted","26.2370042385356","1","85.78247598183607","85.78247598183607","75","80","80","fixed","1","1","50","768","16","50","21028938","v2.0-design-v1.0","47.5","30.7","16.8","68.38503649635037","true","57.15600000000002","32.72999999999998","50","52.5","307","300","525","591","262","66","27","153","16","13100","2998","1386","8235","481","180","9621","26.2","50","50","1000","1997","3.994","80","4.8234043194852685","0","38.4","3.6464646464646466","10","262","750"
"675","BA","1000","2","0.1","30","0.1","0.5","1","legal","targeted","26.2370042385356","1","85.78247598183607","85.78247598183607","75","80","80","fixed","1","1","50","768","15","50","21028937","v2.0-design-v1.0","46.599999999999994","29.5","17.099999999999994","69.09920182440136","true","57.09199999999999","33.36799999999998","50","53.400000000000006","295","300","534","589","262","55","26","169","12","13100","3030","1355","8230","485","195","9585","26.2","50","50","1000","1997","3.994","75","4.982046244745694","0","40.8","3.6222222222222222","10","262","750"
"677","BA","1000","2","0.1","30","0.1","0.5","1","legal","targeted","26.2370042385356","1","85.78247598183607","85.78247598183607","75","80","80","fixed","1","1","50","768","17","50","21028939","v2.0-design-v1.0","47","30.2","16.8","68.42475386779185","true","57.30999999999999","33.05400000000001","50","53","302","300","530","593","262","63","28","151","20","13100","2919","1347","8306","528","179","9653","26.2","50","50","1000","1997","3.994","93","5.698107794034116","0","47.4","3.5555555555555554","10","262","750"
"678","BA","1000","2","0.1","30","0.1","0.5","1","legal","targeted","26.2370042385356","1","85.78247598183607","85.78247598183607","75","80","80","fixed","1","1","50","768","18","50","21028940","v2.0-design-v1.0","47.099999999999994","29.099999999999998","17.999999999999996","67.1136203246295","true","58.144000000000005","34.428","50","52.900000000000006","291","300","529","592","262","63","32","157","10","13100","2853","1398","8385","464","189","9783","26.2","50","50","1000","1997","3.994","112","5.745517816087155","0","47.6","3.5535353535353535","10","262","750"
"679","BA","1000","2","0.1","30","0.1","0.5","1","legal","targeted","26.2370042385356","1","85.78247598183607","85.78247598183607","75","80","80","fixed","1","1","50","768","19","50","21028941","v2.0-design-v1.0","47.4","29.299999999999997","18.1","68.79871618523613","true","57.98599999999998","34.022000000000006","50","52.6","293","300","526","588","262","62","28","159","13","13100","3001","1361","8201","537","187","9562","26.2","50","50","1000","1997","3.994","68","5.08092312279764","0","41.9","3.611111111111111","10","262","750"
"680","BA","1000","2","0.1","30","0.1","0.5","1","legal","targeted","26.2370042385356","1","85.78247598183607","85.78247598183607","75","80","80","fixed","1","1","50","768","20","50","21028942","v2.0-design-v1.0","43.00000000000001","29.099999999999998","13.90000000000001","70.44180309486433","true","53.827999999999996","30.40600000000001","50","56.99999999999999","291","300","570","634","262","64","21","160","17","13100","3141","1318","8099","542","181","9417","26.2","50","50","1000","1997","3.994","97","5.415282937140887","0","44.8","3.581818181818182","10","262","750"
"681","BA","1000","2","0.1","30","0.1","0.5","1","legal","targeted","26.2370042385356","1","85.78247598183607","85.78247598183607","75","80","80","fixed","1","1","50","768","21","50","21028943","v2.0-design-v1.0","45.099999999999994","29.7","15.399999999999995","69.7127346754128","true","54.87600000000002","30.908","50","54.900000000000006","297","300","549","623","262","74","22","154","12","13100","3082","1339","8130","549","176","9469","26.2","50","50","1000","1997","3.994","127","5.682627583808056","0","43.1","3.598989898989899","10","262","750"
"682","BA","1000","2","0.1","30","0.1","0.5","1","legal","targeted","26.2370042385356","1","85.78247598183607","85.78247598183607","75","80","80","fixed","1","1","50","768","22","50","21028944","v2.0-design-v1.0","44.49999999999999","28.000000000000004","16.49999999999999","68.62262038073908","true","55.31600000000001","32.51599999999999","50","55.50000000000001","280","300","555","629","262","74","18","159","11","13100","3064","1401","8090","545","177","9491","26.2","50","50","1000","1997","3.994","78","4.986665301665102","0","41","3.6202020202020204","10","262","750"
"683","BA","1000","2","0.1","30","0.1","0.5","1","legal","targeted","26.2370042385356","1","85.78247598183607","85.78247598183607","75","80","80","fixed","1","1","50","768","23","50","21028945","v2.0-design-v1.0","44.99999999999999","28.000000000000004","16.99999999999999","68.41743119266054","true","55.19799999999999","32.059999999999995","50","55.00000000000001","280","300","550","626","262","76","25","150","11","13100","2983","1377","8257","483","175","9634","26.2","50","50","1000","1997","3.994","101","5.6437412959680975","0","46.3","3.566666666666667","10","262","750"
"684","BA","1000","2","0.1","30","0.1","0.5","1","legal","targeted","26.2370042385356","1","85.78247598183607","85.78247598183607","75","80","80","fixed","1","1","50","768","24","50","21028946","v2.0-design-v1.0","43.99999999999999","29.599999999999998","14.399999999999995","68.34021091242549","true","55.244","30.978","50","56.00000000000001","296","300","560","641","262","81","27","145","9","13100","2981","1381","8225","513","172","9606","26.2","50","50","1000","1997","3.994","96","5.9333944053273155","0","50.6","3.5232323232323233","10","262","750"
"685","BA","1000","2","0.1","30","0.1","0.5","1","legal","targeted","26.2370042385356","1","85.78247598183607","85.78247598183607","75","80","80","fixed","1","1","50","768","25","50","21028947","v2.0-design-v1.0","49.5","29.5","20","67.5792835957107","true","59.052","35.208","50","50.5","295","300","505","570","262","65","36","154","7","13100","2962","1421","8249","468","190","9670","26.2","50","50","1000","1997","3.994","64","5.036797924607782","0","43.5","3.594949494949495","10","262","750"
"686","BA","1000","2","0.1","30","0.1","0.5","1","legal","targeted","26.2370042385356","1","85.78247598183607","85.78247598183607","75","80","80","fixed","1","1","50","768","26","50","21028948","v2.0-design-v1.0","45.699999999999996","29.099999999999998","16.599999999999998","68.04705882352941","true","57.62199999999998","34.132","50","54.300000000000004","291","300","543","605","262","62","30","159","11","13100","2892","1358","8347","503","189","9705","26.2","50","50","1000","1997","3.994","104","5.6272221947982075","0","46.5","3.5646464646464646","10","262","750"
"687","BA","1000","2","0.1","30","0.1","0.5","1","legal","targeted","26.2370042385356","1","85.78247598183607","85.78247598183607","75","80","80","fixed","1","1","50","768","27","50","21028949","v2.0-design-v1.0","49.9","30.3","19.599999999999998","66.13250418560153","true","60.084","35.77","50","50.1","303","300","501","571","262","70","18","164","10","13100","2765","1416","8441","478","182","9857","26.2","50","50","1000","1997","3.994","99","5.641967369260102","0","47.9","3.5505050505050506","10","262","750"
"688","BA","1000","2","0.1","30","0.1","0.5","1","legal","targeted","26.2370042385356","1","85.78247598183607","85.78247598183607","75","80","80","fixed","1","1","50","768","28","50","21028950","v2.0-design-v1.0","49.1","29.9","19.200000000000003","67.46765249537893","true","57.19000000000001","32.852","50","50.9","299","300","509","575","262","66","22","167","7","13100","2920","1408","8307","465","189","9715","26.2","50","50","1000","1997","3.994","96","5.451943478034931","0","45","3.5797979797979798","10","262","750"
"689","BA","1000","2","0.1","30","0.1","0.5","1","legal","targeted","26.2370042385356","1","85.78247598183607","85.78247598183607","75","80","80","fixed","1","1","50","768","29","50","21028951","v2.0-design-v1.0","48.199999999999996","30.3","17.899999999999995","68.0018630647415","true","58.836000000000006","34.652000000000015","50","51.800000000000004","303","300","518","589","262","71","21","159","11","13100","2920","1374","8314","492","180","9688","26.2","50","50","1000","1997","3.994","73","4.618581524158171","0","35.8","3.672727272727273","10","262","750"
"690","BA","1000","2","0.1","30","0.1","0.5","1","legal","targeted","26.2370042385356","1","85.78247598183607","85.78247598183607","75","80","80","fixed","1","1","50","768","30","50","21028952","v2.0-design-v1.0","45.9","28.499999999999996","17.400000000000002","67.8654834189631","true","58.147999999999996","35.178000000000004","50","54.1","285","300","541","610","262","69","24","152","17","13100","2906","1376","8318","500","176","9694","26.2","50","50","1000","1997","3.994","65","5.413064313793539","0","48.2","3.5474747474747477","10","262","750"
"692","BA","1000","2","0.1","30","0.1","0.5","1","legal","targeted","52.1461394238629","16","86.23792731942312","86.23792731942312","75","80","80","fixed","1","1","50","769","2","50","21029924","v2.0-design-v1.0","37.2","3.5999999999999996","33.6","97.72007599746675","true","20.394","16.921999999999997","50","62.8","36","300","628","628","0","0","0","0","0","2084","1543","36","279","226","0","315","0","4","4","1000","1997","3.994","87","5.405662326226551","0","44","3.5898989898989897","10","521","750"
"691","BA","1000","2","0.1","30","0.1","0.5","1","legal","targeted","52.1461394238629","16","86.23792731942312","86.23792731942312","75","80","80","fixed","1","1","50","769","1","50","21029923","v2.0-design-v1.0","36.5","5.4","31.1","96.60590823381521","true","20.08","14.711999999999996","50","63.5","54","300","635","635","0","0","0","0","0","2084","1537","54","259","234","0","313","0","4","4","1000","1997","3.994","77","5.304158566455002","0","44.8","3.581818181818182","10","521","750"
"693","BA","1000","2","0.1","30","0.1","0.5","1","legal","targeted","52.1461394238629","16","86.23792731942312","86.23792731942312","75","80","80","fixed","1","1","50","769","3","50","21029925","v2.0-design-v1.0","36.1","3.5999999999999996","32.5","97.70114942528735","true","19.91","16.374000000000002","50","63.9","36","300","639","639","0","0","0","0","0","2084","1530","36","258","260","0","294","0","4","4","1000","1997","3.994","73","5.097052476083002","0","42.9","3.601010101010101","10","521","750"
"694","BA","1000","2","0.1","30","0.1","0.5","1","legal","targeted","52.1461394238629","16","86.23792731942312","86.23792731942312","75","80","80","fixed","1","1","50","769","4","50","21029926","v2.0-design-v1.0","36.8","4.6","32.199999999999996","97.02265372168284","true","20.176000000000002","15.575999999999999","50","63.2","46","300","632","632","0","0","0","0","0","2084","1499","46","298","241","0","344","0","4","4","1000","1997","3.994","119","5.951250404862974","0","49.1","3.5383838383838384","10","521","750"
"695","BA","1000","2","0.1","30","0.1","0.5","1","legal","targeted","52.1461394238629","16","86.23792731942312","86.23792731942312","75","80","80","fixed","1","1","50","769","5","50","21029927","v2.0-design-v1.0","36","4.3","31.7","97.21141374837873","true","19.998","15.762","50","64","43","300","640","640","0","0","0","0","0","2084","1499","43","288","254","0","331","0","4","4","1000","1997","3.994","109","5.825109088754979","0","45.2","3.577777777777778","10","521","750"
"696","BA","1000","2","0.1","30","0.1","0.5","1","legal","targeted","52.1461394238629","16","86.23792731942312","86.23792731942312","75","80","80","fixed","1","1","50","769","6","50","21029928","v2.0-design-v1.0","35.900000000000006","3.6999999999999997","32.2","97.64631043256998","true","20.38","16.808000000000003","50","64.1","37","300","641","641","0","0","0","0","0","2084","1535","37","291","221","0","328","0","4","4","1000","1997","3.994","95","5.544971660045757","0","45.4","3.5757575757575757","10","521","750"
"697","BA","1000","2","0.1","30","0.1","0.5","1","legal","targeted","52.1461394238629","16","86.23792731942312","86.23792731942312","75","80","80","fixed","1","1","50","769","7","50","21029929","v2.0-design-v1.0","38.7","3.9","34.800000000000004","97.49196141479099","true","20.959999999999994","17.22","50","61.3","39","300","613","613","0","0","0","0","0","2084","1516","39","299","230","0","338","0","4","4","1000","1997","3.994","78","5.24265671672763","0","42.9","3.601010101010101","10","521","750"
"698","BA","1000","2","0.1","30","0.1","0.5","1","legal","targeted","52.1461394238629","16","86.23792731942312","86.23792731942312","75","80","80","fixed","1","1","50","769","8","50","21029930","v2.0-design-v1.0","34.39999999999999","4.1000000000000005","30.29999999999999","97.38186462324393","true","20.609999999999996","16.637999999999995","50","65.60000000000001","41","300","656","656","0","0","0","0","0","2084","1525","41","267","251","0","308","0","4","4","1000","1997","3.994","83","5.3878560664695625","0","47.8","3.5515151515151517","10","521","750"
"700","BA","1000","2","0.1","30","0.1","0.5","1","legal","targeted","52.1461394238629","16","86.23792731942312","86.23792731942312","75","80","80","fixed","1","1","50","769","10","50","21029932","v2.0-design-v1.0","34.3","5.2","29.099999999999998","96.55392469687301","true","21.372","16.428","50","65.7","52","300","657","657","0","0","0","0","0","2084","1513","54","279","238","0","333","0","4","4","1000","1997","3.994","58","4.836668001564432","0","40.2","3.628282828282828","10","521","750"
"699","BA","1000","2","0.1","30","0.1","0.5","1","legal","targeted","52.1461394238629","16","86.23792731942312","86.23792731942312","75","80","80","fixed","1","1","50","769","9","50","21029931","v2.0-design-v1.0","37.6","4.1000000000000005","33.5","97.38520408163265","true","21.711999999999993","17.676000000000002","50","62.4","41","300","624","624","0","0","0","0","0","2084","1527","41","276","240","0","317","0","4","4","1000","1997","3.994","128","5.660035335578737","0","40.8","3.6222222222222222","10","521","750"
"701","BA","1000","2","0.1","30","0.1","0.5","1","legal","targeted","52.1461394238629","16","86.23792731942312","86.23792731942312","75","80","80","fixed","1","1","50","769","11","50","21029933","v2.0-design-v1.0","36.199999999999996","4.9","31.299999999999997","96.87300574345883","true","20.182000000000002","15.441999999999993","50","63.800000000000004","49","300","638","638","0","0","0","0","0","2084","1518","49","267","250","0","316","0","4","4","1000","1997","3.994","60","5.1908485731052485","0","45.3","3.576767676767677","10","521","750"
"702","BA","1000","2","0.1","30","0.1","0.5","1","legal","targeted","52.1461394238629","16","86.23792731942312","86.23792731942312","75","80","80","fixed","1","1","50","769","12","50","21029934","v2.0-design-v1.0","35.3","4","31.299999999999997","97.43589743589743","true","21.41199999999999","17.540000000000006","50","64.7","40","300","647","647","0","0","0","0","0","2084","1520","40","301","223","0","341","0","4","4","1000","1997","3.994","77","5.15621475023592","0","43.9","3.590909090909091","10","521","750"
"703","BA","1000","2","0.1","30","0.1","0.5","1","legal","targeted","52.1461394238629","16","86.23792731942312","86.23792731942312","75","80","80","fixed","1","1","50","769","13","50","21029935","v2.0-design-v1.0","35","4.5","30.5","97.09489993544223","true","20.334","15.897999999999998","50","65","45","300","650","650","0","0","0","0","0","2084","1504","45","269","266","0","314","0","4","4","1000","1997","3.994","69","5.090174247889143","0","43.1","3.598989898989899","10","521","750"
"704","BA","1000","2","0.1","30","0.1","0.5","1","legal","targeted","52.1461394238629","16","86.23792731942312","86.23792731942312","75","80","80","fixed","1","1","50","769","14","50","21029936","v2.0-design-v1.0","36","4.3","31.7","97.22580645161291","true","19.945999999999998","15.71","50","64","43","300","640","640","0","0","0","0","0","2084","1507","43","294","240","0","337","0","4","4","1000","1997","3.994","65","4.955655609757647","0","40.9","3.621212121212121","10","521","750"
"705","BA","1000","2","0.1","30","0.1","0.5","1","legal","targeted","52.1461394238629","16","86.23792731942312","86.23792731942312","75","80","80","fixed","1","1","50","769","15","50","21029937","v2.0-design-v1.0","36.5","4.5","32","97.13010204081633","true","19.702000000000005","15.298000000000004","50","63.5","45","300","635","635","0","0","0","0","0","2084","1523","45","289","227","0","334","0","4","4","1000","1997","3.994","95","5.743949595614227","0","48.4","3.5454545454545454","10","521","750"
"706","BA","1000","2","0.1","30","0.1","0.5","1","legal","targeted","52.1461394238629","16","86.23792731942312","86.23792731942312","75","80","80","fixed","1","1","50","769","16","50","21029938","v2.0-design-v1.0","36.6","5.1","31.5","96.76395939086294","true","20.822","15.914000000000003","50","63.4","51","300","634","634","0","0","0","0","0","2084","1525","51","269","239","0","320","0","4","4","1000","1997","3.994","75","4.775643492846875","0","39","3.6404040404040403","10","521","750"
"707","BA","1000","2","0.1","30","0.1","0.5","1","legal","targeted","52.1461394238629","16","86.23792731942312","86.23792731942312","75","80","80","fixed","1","1","50","769","17","50","21029939","v2.0-design-v1.0","35.900000000000006","4.3999999999999995","31.500000000000007","97.18490083173384","true","20.318000000000005","15.982000000000001","50","64.1","44","300","641","641","0","0","0","0","0","2084","1519","44","271","250","0","315","0","4","4","1000","1997","3.994","67","5.030832264474058","0","43.5","3.594949494949495","10","521","750"
"708","BA","1000","2","0.1","30","0.1","0.5","1","legal","targeted","52.1461394238629","16","86.23792731942312","86.23792731942312","75","80","80","fixed","1","1","50","769","18","50","21029940","v2.0-design-v1.0","35.8","4","31.799999999999997","97.43589743589743","true","19.877999999999997","15.91","50","64.2","40","300","642","642","0","0","0","0","0","2084","1520","40","271","253","0","311","0","4","4","1000","1997","3.994","73","5.339894987589023","0","46.5","3.5646464646464646","10","521","750"
"709","BA","1000","2","0.1","30","0.1","0.5","1","legal","targeted","52.1461394238629","16","86.23792731942312","86.23792731942312","75","80","80","fixed","1","1","50","769","19","50","21029941","v2.0-design-v1.0","37.6","3.6999999999999997","33.9","97.64181007010835","true","20.541999999999998","16.874000000000002","50","62.4","37","300","624","624","0","0","0","0","0","2084","1532","37","282","233","0","319","0","4","4","1000","1997","3.994","82","5.366074799959339","0","44.9","3.580808080808081","10","521","750"
"711","BA","1000","2","0.1","30","0.1","0.5","1","legal","targeted","52.1461394238629","16","86.23792731942312","86.23792731942312","75","80","80","fixed","1","1","50","769","21","50","21029943","v2.0-design-v1.0","37.6","4.8","32.800000000000004","96.89086294416244","true","20.978","16.305999999999997","50","62.4","48","300","624","624","0","0","0","0","0","2084","1527","49","269","239","0","318","0","4","4","1000","1997","3.994","65","4.863086840023885","0","38.6","3.6444444444444444","10","521","750"
"710","BA","1000","2","0.1","30","0.1","0.5","1","legal","targeted","52.1461394238629","16","86.23792731942312","86.23792731942312","75","80","80","fixed","1","1","50","769","20","50","21029942","v2.0-design-v1.0","36.1","4.6","31.5","97.06445437141033","true","20.92","16.384","50","63.9","46","300","639","639","0","0","0","0","0","2084","1521","46","284","233","0","330","0","4","4","1000","1997","3.994","88","5.6047638110251565","0","46.9","3.5606060606060606","10","521","750"
"712","BA","1000","2","0.1","30","0.1","0.5","1","legal","targeted","52.1461394238629","16","86.23792731942312","86.23792731942312","75","80","80","fixed","1","1","50","769","22","50","21029944","v2.0-design-v1.0","35.3","4.1000000000000005","31.199999999999996","97.3751600512164","true","20.087999999999994","15.988","50","64.7","41","300","647","647","0","0","0","0","0","2084","1521","41","282","240","0","323","0","4","4","1000","1997","3.994","62","5.045733189876702","0","43.2","3.597979797979798","10","521","750"
"713","BA","1000","2","0.1","30","0.1","0.5","1","legal","targeted","52.1461394238629","16","86.23792731942312","86.23792731942312","75","80","80","fixed","1","1","50","769","23","50","21029945","v2.0-design-v1.0","35.099999999999994","5.1","29.999999999999993","96.48208469055375","true","19.77999999999999","14.743999999999998","50","64.9","51","300","649","649","0","0","0","0","0","2084","1481","54","282","267","0","336","0","4","4","1000","1997","3.994","93","5.4165767144298105","0","45.2","3.577777777777778","10","521","750"
"714","BA","1000","2","0.1","30","0.1","0.5","1","legal","targeted","52.1461394238629","16","86.23792731942312","86.23792731942312","75","80","80","fixed","1","1","50","769","24","50","21029946","v2.0-design-v1.0","35.099999999999994","4.1000000000000005","30.999999999999993","97.38853503184714","true","20.093999999999998","16.09","50","64.9","41","300","649","649","0","0","0","0","0","2084","1529","41","280","234","0","321","0","4","4","1000","1997","3.994","56","4.955453614001489","0","43.6","3.5939393939393938","10","521","750"
"715","BA","1000","2","0.1","30","0.1","0.5","1","legal","targeted","52.1461394238629","16","86.23792731942312","86.23792731942312","75","80","80","fixed","1","1","50","769","25","50","21029947","v2.0-design-v1.0","34.5","3.5000000000000004","31","97.72135416666666","true","20.595999999999993","17.192","50","65.5","35","300","655","655","0","0","0","0","0","2084","1501","35","300","248","0","335","0","4","4","1000","1997","3.994","84","5.384882632050662","0","44.2","3.587878787878788","10","521","750"
"716","BA","1000","2","0.1","30","0.1","0.5","1","legal","targeted","52.1461394238629","16","86.23792731942312","86.23792731942312","75","80","80","fixed","1","1","50","769","26","50","21029948","v2.0-design-v1.0","34.39999999999999","5.1","29.29999999999999","96.69689119170984","true","20.800000000000004","15.764","50","65.60000000000001","51","300","656","656","0","0","0","0","0","2084","1493","51","282","258","0","333","0","4","4","1000","1997","3.994","63","4.923027544123652","0","39.5","3.6353535353535356","10","521","750"
"717","BA","1000","2","0.1","30","0.1","0.5","1","legal","targeted","52.1461394238629","16","86.23792731942312","86.23792731942312","75","80","80","fixed","1","1","50","769","27","50","21029949","v2.0-design-v1.0","34.7","4.2","30.500000000000004","97.27802981205443","true","21.334","17.166000000000004","50","65.3","42","300","653","653","0","0","0","0","0","2084","1501","42","295","246","0","337","0","4","4","1000","1997","3.994","89","5.115675335098394","0","40.8","3.6222222222222222","10","521","750"
"718","BA","1000","2","0.1","30","0.1","0.5","1","legal","targeted","52.1461394238629","16","86.23792731942312","86.23792731942312","75","80","80","fixed","1","1","50","769","28","50","21029950","v2.0-design-v1.0","36.1","4.8","31.3","96.89722042663219","true","19.136000000000003","14.4","50","63.9","48","300","639","639","0","0","0","0","0","2084","1499","48","280","257","0","328","0","4","4","1000","1997","3.994","140","6.045702152315715","0","44","3.5898989898989897","10","521","750"
"719","BA","1000","2","0.1","30","0.1","0.5","1","legal","targeted","52.1461394238629","16","86.23792731942312","86.23792731942312","75","80","80","fixed","1","1","50","769","29","50","21029951","v2.0-design-v1.0","35.2","4.7","30.500000000000004","97.0253164556962","true","20.714000000000002","16.078","50","64.8","47","300","648","648","0","0","0","0","0","2084","1533","47","269","235","0","316","0","4","4","1000","1997","3.994","57","5.0453364029982515","0","42.9","3.601010101010101","10","521","750"
"720","BA","1000","2","0.1","30","0.1","0.5","1","legal","targeted","52.1461394238629","16","86.23792731942312","86.23792731942312","75","80","80","fixed","1","1","50","769","30","50","21029952","v2.0-design-v1.0","35.900000000000006","4.6","31.300000000000004","97.05128205128204","true","20.712000000000003","16.24","50","64.1","46","300","641","641","0","0","0","0","0","2084","1514","46","283","241","0","329","0","4","4","1000","1997","3.994","93","5.217008834684979","0","41.8","3.6121212121212123","10","521","750"
"721","BA","1000","2","0.1","30","0.1","0.5","1","legal","targeted","32.71732211797129","19","80.4385775486118","80.4385775486118","75","80","80","fixed","1","1","50","770","1","50","21030923","v2.0-design-v1.0","0","4.2","-4.2","93.93939393939394","true","12.52","8.320000000000002","50","100","42","300","1000","1000","0","0","0","0","0","981","651","42","139","149","0","181","0","3","3","1000","1997","3.994","106","5.756657285534986","0","48.1","3.5484848484848484","10","327","750"
"722","BA","1000","2","0.1","30","0.1","0.5","1","legal","targeted","32.71732211797129","19","80.4385775486118","80.4385775486118","75","80","80","fixed","1","1","50","770","2","50","21030924","v2.0-design-v1.0","0.4000000000000057","3.2","-2.7999999999999945","95.2023988005997","true","12.734000000000007","9.533999999999997","50","99.6","32","300","996","996","0","0","0","0","0","981","635","32","163","151","0","195","0","3","3","1000","1997","3.994","85","5.025457115449216","0","40.5","3.625252525252525","10","327","750"
"723","BA","1000","2","0.1","30","0.1","0.5","1","legal","targeted","32.71732211797129","19","80.4385775486118","80.4385775486118","75","80","80","fixed","1","1","50","770","3","50","21030925","v2.0-design-v1.0","0.4000000000000057","3.3000000000000003","-2.8999999999999946","95.18248175182482","true","12.706","9.405999999999999","50","99.6","33","300","996","996","0","0","0","0","0","981","652","33","145","151","0","178","0","3","3","1000","1997","3.994","55","5.038784908423185","0","43.2","3.597979797979798","10","327","750"
"725","BA","1000","2","0.1","30","0.1","0.5","1","legal","targeted","32.71732211797129","19","80.4385775486118","80.4385775486118","75","80","80","fixed","1","1","50","770","5","50","21030927","v2.0-design-v1.0","0.09999999999999432","2.7","-2.600000000000006","96.15384615384616","true","12.594","9.894000000000004","50","99.9","27","300","999","999","0","0","0","0","0","981","675","27","147","132","0","174","0","3","3","1000","1997","3.994","60","4.875010741498898","0","40.8","3.6222222222222222","10","327","750"
"724","BA","1000","2","0.1","30","0.1","0.5","1","legal","targeted","32.71732211797129","19","80.4385775486118","80.4385775486118","75","80","80","fixed","1","1","50","770","4","50","21030926","v2.0-design-v1.0","0.09999999999999432","3.8","-3.7000000000000055","94.37037037037037","true","11.362000000000007","7.561999999999997","50","99.9","38","300","999","999","0","0","0","0","0","981","637","38","154","152","0","192","0","3","3","1000","1997","3.994","94","5.036996658261273","0","39.4","3.6363636363636362","10","327","750"
"727","BA","1000","2","0.1","30","0.1","0.5","1","legal","targeted","32.71732211797129","19","80.4385775486118","80.4385775486118","75","80","80","fixed","1","1","50","770","7","50","21030929","v2.0-design-v1.0","0.20000000000000284","3.1","-2.8999999999999972","95.32428355957768","true","12.798000000000004","9.774000000000003","50","99.8","31","300","998","998","0","0","0","0","0","981","632","31","140","178","0","171","0","3","3","1000","1997","3.994","79","5.387670274895345","0","43.6","3.5939393939393938","10","327","750"
"726","BA","1000","2","0.1","30","0.1","0.5","1","legal","targeted","32.71732211797129","19","80.4385775486118","80.4385775486118","75","80","80","fixed","1","1","50","770","6","50","21030928","v2.0-design-v1.0","0.7000000000000028","3.2","-2.4999999999999973","95.07692307692308","true","12.085999999999999","8.886000000000001","50","99.3","32","300","993","993","0","0","0","0","0","981","618","32","161","170","0","193","0","3","3","1000","1997","3.994","110","5.383581238074419","0","43","3.6","10","327","750"
"729","BA","1000","2","0.1","30","0.1","0.5","1","legal","targeted","32.71732211797129","19","80.4385775486118","80.4385775486118","75","80","80","fixed","1","1","50","770","9","50","21030931","v2.0-design-v1.0","0.09999999999999432","4.6","-4.500000000000005","93.15476190476191","true","11.927999999999999","7.327999999999998","50","99.9","46","300","999","999","0","0","0","0","0","981","626","46","141","168","0","187","0","3","3","1000","1997","3.994","92","5.538288240660334","0","47.1","3.5585858585858587","10","327","750"
"728","BA","1000","2","0.1","30","0.1","0.5","1","legal","targeted","32.71732211797129","19","80.4385775486118","80.4385775486118","75","80","80","fixed","1","1","50","770","8","50","21030930","v2.0-design-v1.0","0.29999999999999716","4","-3.700000000000003","94.14348462664715","true","12.616000000000001","8.616000000000001","50","99.7","40","300","997","997","0","0","0","0","0","981","643","40","145","153","0","185","0","3","3","1000","1997","3.994","66","5.052077541713644","0","42.6","3.604040404040404","10","327","750"
"730","BA","1000","2","0.1","30","0.1","0.5","1","legal","targeted","32.71732211797129","19","80.4385775486118","80.4385775486118","75","80","80","fixed","1","1","50","770","10","50","21030932","v2.0-design-v1.0","0.4000000000000057","4.8","-4.399999999999994","92.92035398230088","true","13.163999999999996","8.402","50","99.6","48","300","996","996","0","0","0","0","0","981","630","48","147","156","0","195","0","3","3","1000","1997","3.994","84","4.974405362323079","0","39.5","3.6353535353535356","10","327","750"
"731","BA","1000","2","0.1","30","0.1","0.5","1","legal","targeted","32.71732211797129","19","80.4385775486118","80.4385775486118","75","80","80","fixed","1","1","50","770","11","50","21030933","v2.0-design-v1.0","0.09999999999999432","3.2","-3.100000000000006","95.25925925925925","true","13.005999999999997","9.806000000000006","50","99.9","32","300","999","999","0","0","0","0","0","981","643","32","146","160","0","178","0","3","3","1000","1997","3.994","101","5.4274691543500575","0","44.9","3.580808080808081","10","327","750"
"732","BA","1000","2","0.1","30","0.1","0.5","1","legal","targeted","32.71732211797129","19","80.4385775486118","80.4385775486118","75","80","80","fixed","1","1","50","770","12","50","21030934","v2.0-design-v1.0","0.4000000000000057","3.8","-3.399999999999994","94.26847662141779","true","12.733999999999996","8.934000000000001","50","99.6","38","300","996","996","0","0","0","0","0","981","625","38","147","171","0","185","0","3","3","1000","1997","3.994","74","5.109801764655258","0","41.7","3.613131313131313","10","327","750"
"733","BA","1000","2","0.1","30","0.1","0.5","1","legal","targeted","32.71732211797129","19","80.4385775486118","80.4385775486118","75","80","80","fixed","1","1","50","770","13","50","21030935","v2.0-design-v1.0","0.5999999999999943","3","-2.4000000000000057","95.72039942938659","true","13.410000000000002","10.410000000000002","50","99.4","30","300","994","994","0","0","0","0","0","981","671","30","138","142","0","168","0","3","3","1000","1997","3.994","95","5.687029655831434","0","47.8","3.5515151515151517","10","327","750"
"734","BA","1000","2","0.1","30","0.1","0.5","1","legal","targeted","32.71732211797129","19","80.4385775486118","80.4385775486118","75","80","80","fixed","1","1","50","770","14","50","21030936","v2.0-design-v1.0","0.7999999999999972","5.3","-4.500000000000003","92.24011713030747","true","12.383999999999999","7.122000000000002","50","99.2","53","300","992","992","0","0","0","0","0","981","630","53","130","168","0","183","0","3","3","1000","1997","3.994","62","5.090960801448165","0","42.2","3.608080808080808","10","327","750"
"735","BA","1000","2","0.1","30","0.1","0.5","1","legal","targeted","32.71732211797129","19","80.4385775486118","80.4385775486118","75","80","80","fixed","1","1","50","770","15","50","21030937","v2.0-design-v1.0","0.4000000000000057","4.2","-3.7999999999999945","93.94812680115274","true","12.314","8.114000000000006","50","99.6","42","300","996","996","0","0","0","0","0","981","652","42","130","157","0","172","0","3","3","1000","1997","3.994","123","5.598509382622057","0","43","3.6","10","327","750"
"736","BA","1000","2","0.1","30","0.1","0.5","1","legal","targeted","32.71732211797129","19","80.4385775486118","80.4385775486118","75","80","80","fixed","1","1","50","770","16","50","21030938","v2.0-design-v1.0","0.20000000000000284","4.1000000000000005","-3.8999999999999977","93.97058823529412","true","12.660000000000004","8.56","50","99.8","41","300","998","998","0","0","0","0","0","981","639","41","148","153","0","189","0","3","3","1000","1997","3.994","81","5.304724696353621","0","44.4","3.585858585858586","10","327","750"
"737","BA","1000","2","0.1","30","0.1","0.5","1","legal","targeted","32.71732211797129","19","80.4385775486118","80.4385775486118","75","80","80","fixed","1","1","50","770","17","50","21030939","v2.0-design-v1.0","0.20000000000000284","4.3999999999999995","-4.199999999999997","93.50073855243723","true","13.206000000000003","8.806000000000001","50","99.8","44","300","998","998","0","0","0","0","0","981","633","44","152","152","0","196","0","3","3","1000","1997","3.994","81","5.329950503745065","0","46.4","3.5656565656565657","10","327","750"
"738","BA","1000","2","0.1","30","0.1","0.5","1","legal","targeted","32.71732211797129","19","80.4385775486118","80.4385775486118","75","80","80","fixed","1","1","50","770","18","50","21030940","v2.0-design-v1.0","0.09999999999999432","3.6999999999999997","-3.6000000000000054","94.54277286135692","true","12.722000000000005","9.021999999999998","50","99.9","37","300","999","999","0","0","0","0","0","981","641","37","149","154","0","186","0","3","3","1000","1997","3.994","58","4.793844484851887","0","40.6","3.624242424242424","10","327","750"
"739","BA","1000","2","0.1","30","0.1","0.5","1","legal","targeted","32.71732211797129","19","80.4385775486118","80.4385775486118","75","80","80","fixed","1","1","50","770","19","50","21030941","v2.0-design-v1.0","0.4000000000000057","2.8000000000000003","-2.3999999999999946","95.83333333333334","true","13.110000000000003","10.310000000000002","50","99.6","28","300","996","996","0","0","0","0","0","981","644","28","139","170","0","167","0","3","3","1000","1997","3.994","62","4.9952894727850135","0","42","3.61010101010101","10","327","750"
"740","BA","1000","2","0.1","30","0.1","0.5","1","legal","targeted","32.71732211797129","19","80.4385775486118","80.4385775486118","75","80","80","fixed","1","1","50","770","20","50","21030942","v2.0-design-v1.0","0.20000000000000284","4.8","-4.599999999999997","92.84649776453055","true","12.108000000000002","7.307999999999998","50","99.8","48","300","998","998","0","0","0","0","0","981","623","48","143","167","0","191","0","3","3","1000","1997","3.994","68","5.018680220052981","0","40.8","3.6222222222222222","10","327","750"
"741","BA","1000","2","0.1","30","0.1","0.5","1","legal","targeted","32.71732211797129","19","80.4385775486118","80.4385775486118","75","80","80","fixed","1","1","50","770","21","50","21030943","v2.0-design-v1.0","0.20000000000000284","3.2","-2.9999999999999973","95.18796992481204","true","12.544000000000006","9.344000000000003","50","99.8","32","300","998","998","0","0","0","0","0","981","633","32","158","158","0","190","0","3","3","1000","1997","3.994","102","5.373903873613924","0","42.6","3.604040404040404","10","327","750"
"742","BA","1000","2","0.1","30","0.1","0.5","1","legal","targeted","32.71732211797129","19","80.4385775486118","80.4385775486118","75","80","80","fixed","1","1","50","770","22","50","21030944","v2.0-design-v1.0","0","3.5000000000000004","-3.5000000000000004","94.92753623188406","true","12.829999999999998","9.329999999999995","50","100","35","300","1000","1000","0","0","0","0","0","981","655","35","146","145","0","181","0","3","3","1000","1997","3.994","65","5.130524952311044","0","43.4","3.595959595959596","10","327","750"
"743","BA","1000","2","0.1","30","0.1","0.5","1","legal","targeted","32.71732211797129","19","80.4385775486118","80.4385775486118","75","80","80","fixed","1","1","50","770","23","50","21030945","v2.0-design-v1.0","0.29999999999999716","2.6","-2.300000000000003","96.04261796042618","true","12.437999999999999","9.837999999999997","50","99.7","26","300","997","997","0","0","0","0","0","981","631","26","157","167","0","183","0","3","3","1000","1997","3.994","75","4.967961819966469","0","40.6","3.624242424242424","10","327","750"
"744","BA","1000","2","0.1","30","0.1","0.5","1","legal","targeted","32.71732211797129","19","80.4385775486118","80.4385775486118","75","80","80","fixed","1","1","50","770","24","50","21030946","v2.0-design-v1.0","0.09999999999999432","4","-3.9000000000000057","94.05646359583952","true","11.998000000000006","8.036000000000007","50","99.9","40","300","999","999","0","0","0","0","0","981","633","40","139","169","0","179","0","3","3","1000","1997","3.994","73","5.207021900959991","0","44.4","3.585858585858586","10","327","750"
"745","BA","1000","2","0.1","30","0.1","0.5","1","legal","targeted","32.71732211797129","19","80.4385775486118","80.4385775486118","75","80","80","fixed","1","1","50","770","25","50","21030947","v2.0-design-v1.0","0","3.5000000000000004","-3.5000000000000004","94.83775811209439","true","12.653999999999998","9.153999999999995","50","100","35","300","1000","1000","0","0","0","0","0","981","643","35","152","151","0","187","0","3","3","1000","1997","3.994","64","5.0118941612012335","0","43.3","3.596969696969697","10","327","750"
"747","BA","1000","2","0.1","30","0.1","0.5","1","legal","targeted","32.71732211797129","19","80.4385775486118","80.4385775486118","75","80","80","fixed","1","1","50","770","27","50","21030949","v2.0-design-v1.0","0.29999999999999716","3.5999999999999996","-3.3000000000000025","94.6980854197349","true","12.228","8.627999999999997","50","99.7","36","300","997","997","0","0","0","0","0","981","643","36","149","153","0","185","0","3","3","1000","1997","3.994","75","5.310382675868479","0","45.6","3.573737373737374","10","327","750"
"746","BA","1000","2","0.1","30","0.1","0.5","1","legal","targeted","32.71732211797129","19","80.4385775486118","80.4385775486118","75","80","80","fixed","1","1","50","770","26","50","21030948","v2.0-design-v1.0","0.5","2.7","-2.2","96.02356406480118","true","12.503999999999998","9.804000000000007","50","99.5","27","300","995","995","0","0","0","0","0","981","652","27","138","164","0","165","0","3","3","1000","1997","3.994","102","5.509293631339342","0","44.8","3.581818181818182","10","327","750"
"749","BA","1000","2","0.1","30","0.1","0.5","1","legal","targeted","32.71732211797129","19","80.4385775486118","80.4385775486118","75","80","80","fixed","1","1","50","770","29","50","21030951","v2.0-design-v1.0","0.20000000000000284","4","-3.799999999999997","93.97590361445783","true","12.714000000000004","8.713999999999995","50","99.8","40","300","998","998","0","0","0","0","0","981","624","40","161","156","0","201","0","3","3","1000","1997","3.994","69","5.09823066915924","0","43.5","3.594949494949495","10","327","750"
"748","BA","1000","2","0.1","30","0.1","0.5","1","legal","targeted","32.71732211797129","19","80.4385775486118","80.4385775486118","75","80","80","fixed","1","1","50","770","28","50","21030950","v2.0-design-v1.0","0.09999999999999432","4.6","-4.500000000000005","93.23529411764706","true","13.000000000000007","8.400000000000004","50","99.9","46","300","999","999","0","0","0","0","0","981","634","46","144","157","0","190","0","3","3","1000","1997","3.994","86","5.54695706966735","0","45.6","3.573737373737374","10","327","750"
"750","BA","1000","2","0.1","30","0.1","0.5","1","legal","targeted","32.71732211797129","19","80.4385775486118","80.4385775486118","75","80","80","fixed","1","1","50","770","30","50","21030952","v2.0-design-v1.0","0.09999999999999432","2.6","-2.5000000000000058","96.1136023916293","true","12.359999999999996","9.759999999999998","50","99.9","26","300","999","999","0","0","0","0","0","981","643","26","149","163","0","175","0","3","3","1000","1997","3.994","62","4.761158748942587","0","38.9","3.6414141414141414","10","327","750"
"751","BA","1000","2","0.1","30","0.1","0.5","1","legal","targeted","11.099183666372632","3","89.55211004851503","89.55211004851503","75","80","80","fixed","1","1","50","771","1","50","21031923","v2.0-design-v1.0","3.700000000000003","1.9","1.800000000000003","98.6265533028123","true","15.554000000000004","14.193999999999996","50","96.3","19","300","963","963","0","0","0","0","0","1887","1508","21","174","184","0","195","0","17","17","1000","1997","3.994","111","5.642322199219014","0","45.1","3.5787878787878786","10","111","750"
"752","BA","1000","2","0.1","30","0.1","0.5","1","legal","targeted","11.099183666372632","3","89.55211004851503","89.55211004851503","75","80","80","fixed","1","1","50","771","2","50","21031924","v2.0-design-v1.0","4.400000000000006","1.9","2.5000000000000058","98.60093271152564","true","15.610000000000003","14.382000000000003","50","95.6","19","300","956","956","0","0","0","0","0","1887","1480","21","209","177","0","230","0","17","17","1000","1997","3.994","77","5.238263395764222","0","44.8","3.581818181818182","10","111","750"
"753","BA","1000","2","0.1","30","0.1","0.5","1","legal","targeted","11.099183666372632","3","89.55211004851503","89.55211004851503","75","80","80","fixed","1","1","50","771","3","50","21031925","v2.0-design-v1.0","4.5","2","2.5","98.62204724409449","true","14.750000000000005","13.481999999999996","50","95.5","20","300","955","955","0","0","0","0","0","1887","1503","21","190","173","0","211","0","17","17","1000","1997","3.994","81","5.085649204165356","0","43.4","3.595959595959596","10","111","750"
"754","BA","1000","2","0.1","30","0.1","0.5","1","legal","targeted","11.099183666372632","3","89.55211004851503","89.55211004851503","75","80","80","fixed","1","1","50","771","4","50","21031926","v2.0-design-v1.0","5.1000000000000085","2.5","2.6000000000000085","98.05573558003888","true","14.527999999999997","12.7","50","94.89999999999999","25","300","949","949","0","0","0","0","0","1887","1513","30","184","160","0","214","0","17","17","1000","1997","3.994","66","5.1168492401228765","0","43.6","3.5939393939393938","10","111","750"
"756","BA","1000","2","0.1","30","0.1","0.5","1","legal","targeted","11.099183666372632","3","89.55211004851503","89.55211004851503","75","80","80","fixed","1","1","50","771","6","50","21031928","v2.0-design-v1.0","4.400000000000006","1","3.4000000000000057","99.28525016244313","true","14.795999999999998","13.982000000000001","50","95.6","10","300","956","956","0","0","0","0","0","1887","1528","11","178","170","0","189","0","17","17","1000","1997","3.994","65","5.122519321994224","0","42.2","3.608080808080808","10","111","750"
"755","BA","1000","2","0.1","30","0.1","0.5","1","legal","targeted","11.099183666372632","3","89.55211004851503","89.55211004851503","75","80","80","fixed","1","1","50","771","5","50","21031927","v2.0-design-v1.0","4.299999999999997","1.7999999999999998","2.4999999999999973","98.75246224556797","true","15.564000000000004","14.219999999999995","50","95.7","18","300","957","957","0","0","0","0","0","1887","1504","19","189","175","0","208","0","17","17","1000","1997","3.994","69","5.027846780008631","0","42.1","3.609090909090909","10","111","750"
"757","BA","1000","2","0.1","30","0.1","0.5","1","legal","targeted","11.099183666372632","3","89.55211004851503","89.55211004851503","75","80","80","fixed","1","1","50","771","7","50","21031929","v2.0-design-v1.0","5.6000000000000085","1.9","3.7000000000000086","98.69109947643979","true","14.671999999999995","13.144000000000007","50","94.39999999999999","19","300","944","944","0","0","0","0","0","1887","1508","20","170","189","0","190","0","17","17","1000","1997","3.994","93","5.3759524611797636","0","42.9","3.601010101010101","10","111","750"
"758","BA","1000","2","0.1","30","0.1","0.5","1","legal","targeted","11.099183666372632","3","89.55211004851503","89.55211004851503","75","80","80","fixed","1","1","50","771","8","50","21031930","v2.0-design-v1.0","4.900000000000006","2","2.9000000000000057","98.54208084824387","true","15.726","14.181999999999999","50","95.1","20","300","951","951","0","0","0","0","0","1887","1487","22","190","188","0","212","0","17","17","1000","1997","3.994","94","5.645691971568922","0","47.3","3.5565656565656565","10","111","750"
"759","BA","1000","2","0.1","30","0.1","0.5","1","legal","targeted","11.099183666372632","3","89.55211004851503","89.55211004851503","75","80","80","fixed","1","1","50","771","9","50","21031931","v2.0-design-v1.0","4.6000000000000085","1.6","3.0000000000000084","98.96707553260168","true","15.127999999999995","14.092","50","95.39999999999999","16","300","954","954","0","0","0","0","0","1887","1533","16","174","164","0","190","0","17","17","1000","1997","3.994","101","5.789947105759035","0","48.8","3.5414141414141413","10","111","750"
"760","BA","1000","2","0.1","30","0.1","0.5","1","legal","targeted","11.099183666372632","3","89.55211004851503","89.55211004851503","75","80","80","fixed","1","1","50","771","10","50","21031932","v2.0-design-v1.0","4.1000000000000085","1.5","2.6000000000000085","98.88231426692965","true","15.048000000000004","13.829999999999995","50","95.89999999999999","15","300","959","959","0","0","0","0","0","1887","1504","17","197","169","0","214","0","17","17","1000","1997","3.994","74","5.338957620029247","0","46.3","3.566666666666667","10","111","750"
"762","BA","1000","2","0.1","30","0.1","0.5","1","legal","targeted","11.099183666372632","3","89.55211004851503","89.55211004851503","75","80","80","fixed","1","1","50","771","12","50","21031934","v2.0-design-v1.0","4.400000000000006","1.2","3.2000000000000055","99.2282958199357","true","15.471999999999996","14.596000000000004","50","95.6","12","300","956","956","0","0","0","0","0","1887","1543","12","169","163","0","181","0","17","17","1000","1997","3.994","82","5.126035528577625","0","43.4","3.595959595959596","10","111","750"
"761","BA","1000","2","0.1","30","0.1","0.5","1","legal","targeted","11.099183666372632","3","89.55211004851503","89.55211004851503","75","80","80","fixed","1","1","50","771","11","50","21031933","v2.0-design-v1.0","3.700000000000003","1.6","2.1000000000000028","98.86968085106383","true","15.264000000000008","13.987999999999998","50","96.3","16","300","963","963","0","0","0","0","0","1887","1487","17","181","202","0","198","0","17","17","1000","1997","3.994","69","4.711705016675394","0","38","3.6505050505050507","10","111","750"
"763","BA","1000","2","0.1","30","0.1","0.5","1","legal","targeted","11.099183666372632","3","89.55211004851503","89.55211004851503","75","80","80","fixed","1","1","50","771","13","50","21031935","v2.0-design-v1.0","4.700000000000003","2.1999999999999997","2.500000000000003","98.2546864899806","true","15.974000000000007","14.169999999999995","50","95.3","22","300","953","953","0","0","0","0","0","1887","1520","27","177","163","0","204","0","17","17","1000","1997","3.994","106","5.7833737049763085","0","48.3","3.5464646464646465","10","111","750"
"764","BA","1000","2","0.1","30","0.1","0.5","1","legal","targeted","11.099183666372632","3","89.55211004851503","89.55211004851503","75","80","80","fixed","1","1","50","771","14","50","21031936","v2.0-design-v1.0","4.1000000000000085","2","2.1000000000000085","98.39679358717434","true","15.314000000000004","13.787999999999995","50","95.89999999999999","20","300","959","959","0","0","0","0","0","1887","1473","24","208","182","0","232","0","17","17","1000","1997","3.994","74","5.223528429064896","0","44.4","3.585858585858586","10","111","750"
"766","BA","1000","2","0.1","30","0.1","0.5","1","legal","targeted","11.099183666372632","3","89.55211004851503","89.55211004851503","75","80","80","fixed","1","1","50","771","16","50","21031938","v2.0-design-v1.0","4.900000000000006","2.3","2.600000000000006","98.37239583333334","true","15.018000000000006","13.366","50","95.1","23","300","951","951","0","0","0","0","0","1887","1511","25","187","164","0","212","0","17","17","1000","1997","3.994","92","5.2569572567788185","0","42.6","3.604040404040404","10","111","750"
"765","BA","1000","2","0.1","30","0.1","0.5","1","legal","targeted","11.099183666372632","3","89.55211004851503","89.55211004851503","75","80","80","fixed","1","1","50","771","15","50","21031937","v2.0-design-v1.0","4","1.9","2.1","98.4977139124755","true","15.524","14.098000000000003","50","96","19","300","960","960","0","0","0","0","0","1887","1508","23","188","168","0","211","0","17","17","1000","1997","3.994","79","5.452127079378249","0","46.6","3.5636363636363635","10","111","750"
"767","BA","1000","2","0.1","30","0.1","0.5","1","legal","targeted","11.099183666372632","3","89.55211004851503","89.55211004851503","75","80","80","fixed","1","1","50","771","17","50","21031939","v2.0-design-v1.0","4","2.1999999999999997","1.8000000000000003","98.31168831168831","true","15.143999999999997","13.651999999999997","50","96","22","300","960","960","0","0","0","0","0","1887","1514","26","187","160","0","213","0","17","17","1000","1997","3.994","65","5.048113256202496","0","41.9","3.611111111111111","10","111","750"
"768","BA","1000","2","0.1","30","0.1","0.5","1","legal","targeted","11.099183666372632","3","89.55211004851503","89.55211004851503","75","80","80","fixed","1","1","50","771","18","50","21031940","v2.0-design-v1.0","4.6000000000000085","2.7","1.9000000000000083","97.75280898876404","true","15.21","13.163999999999994","50","95.39999999999999","27","300","954","954","0","0","0","0","0","1887","1479","34","192","182","0","226","0","17","17","1000","1997","3.994","101","5.767254565668589","0","47.7","3.5525252525252524","10","111","750"
"769","BA","1000","2","0.1","30","0.1","0.5","1","legal","targeted","11.099183666372632","3","89.55211004851503","89.55211004851503","75","80","80","fixed","1","1","50","771","19","50","21031941","v2.0-design-v1.0","4.200000000000003","2.4","1.800000000000003","98.06451612903226","true","14.908000000000001","13.036000000000003","50","95.8","24","300","958","958","0","0","0","0","0","1887","1520","30","156","181","0","186","0","17","17","1000","1997","3.994","79","4.994287427342048","0","39.1","3.639393939393939","10","111","750"
"770","BA","1000","2","0.1","30","0.1","0.5","1","legal","targeted","11.099183666372632","3","89.55211004851503","89.55211004851503","75","80","80","fixed","1","1","50","771","20","50","21031942","v2.0-design-v1.0","3.799999999999997","1.5","2.299999999999997","98.61751152073732","true","14.836000000000007","13.642000000000001","50","96.2","15","300","962","962","0","0","0","0","0","1887","1498","21","207","161","0","228","0","17","17","1000","1997","3.994","61","4.778577068416774","0","39.3","3.6373737373737374","10","111","750"
"772","BA","1000","2","0.1","30","0.1","0.5","1","legal","targeted","11.099183666372632","3","89.55211004851503","89.55211004851503","75","80","80","fixed","1","1","50","771","22","50","21031944","v2.0-design-v1.0","5","1.9","3.1","98.76302083333334","true","15.338000000000006","14.193999999999994","50","95","19","300","950","950","0","0","0","0","0","1887","1517","19","181","170","0","200","0","17","17","1000","1997","3.994","82","5.08860077603439","0","41.4","3.6161616161616164","10","111","750"
"771","BA","1000","2","0.1","30","0.1","0.5","1","legal","targeted","11.099183666372632","3","89.55211004851503","89.55211004851503","75","80","80","fixed","1","1","50","771","21","50","21031943","v2.0-design-v1.0","4.6000000000000085","2","2.6000000000000085","98.39679358717434","true","15.852000000000006","14.404000000000007","50","95.39999999999999","20","300","954","954","0","0","0","0","0","1887","1473","24","205","185","0","229","0","17","17","1000","1997","3.994","52","4.786112291920318","0","38.5","3.6454545454545455","10","111","750"
"773","BA","1000","2","0.1","30","0.1","0.5","1","legal","targeted","11.099183666372632","3","89.55211004851503","89.55211004851503","75","80","80","fixed","1","1","50","771","23","50","21031945","v2.0-design-v1.0","4.400000000000006","1.7999999999999998","2.600000000000006","98.70214146658014","true","15.804000000000004","14.603999999999996","50","95.6","18","300","956","956","0","0","0","0","0","1887","1521","20","183","163","0","203","0","17","17","1000","1997","3.994","72","5.235013788842323","0","46","3.56969696969697","10","111","750"
"774","BA","1000","2","0.1","30","0.1","0.5","1","legal","targeted","11.099183666372632","3","89.55211004851503","89.55211004851503","75","80","80","fixed","1","1","50","771","24","50","21031946","v2.0-design-v1.0","4.5","2.1999999999999997","2.3000000000000003","98.30508474576271","true","15.485999999999999","13.789999999999997","50","95.5","22","300","955","955","0","0","0","0","0","1887","1508","26","161","192","0","187","0","17","17","1000","1997","3.994","78","5.236352106513014","0","42.8","3.602020202020202","10","111","750"
"775","BA","1000","2","0.1","30","0.1","0.5","1","legal","targeted","11.099183666372632","3","89.55211004851503","89.55211004851503","75","80","80","fixed","1","1","50","771","25","50","21031947","v2.0-design-v1.0","3.9000000000000057","2.1","1.8000000000000056","98.4313725490196","true","15.909999999999998","14.217999999999995","50","96.1","21","300","961","961","0","0","0","0","0","1887","1506","24","180","177","0","204","0","17","17","1000","1997","3.994","96","5.805485997542982","0","47.9","3.5505050505050506","10","111","750"
"776","BA","1000","2","0.1","30","0.1","0.5","1","legal","targeted","11.099183666372632","3","89.55211004851503","89.55211004851503","75","80","80","fixed","1","1","50","771","26","50","21031948","v2.0-design-v1.0","4.299999999999997","1.9","2.3999999999999972","98.71794871794873","true","15.759999999999998","14.748000000000005","50","95.7","19","300","957","957","0","0","0","0","0","1887","1463","19","207","198","0","226","0","17","17","1000","1997","3.994","107","5.628645098569063","0","46.5","3.5646464646464646","10","111","750"
"777","BA","1000","2","0.1","30","0.1","0.5","1","legal","targeted","11.099183666372632","3","89.55211004851503","89.55211004851503","75","80","80","fixed","1","1","50","771","27","50","21031949","v2.0-design-v1.0","4.800000000000011","2.3","2.5000000000000115","98.26666666666667","true","16.064000000000007","14.591999999999999","50","95.19999999999999","23","300","952","952","0","0","0","0","0","1887","1474","26","221","166","0","247","0","17","17","1000","1997","3.994","121","5.840725817745443","0","45.9","3.5707070707070705","10","111","750"
"778","BA","1000","2","0.1","30","0.1","0.5","1","legal","targeted","11.099183666372632","3","89.55211004851503","89.55211004851503","75","80","80","fixed","1","1","50","771","28","50","21031950","v2.0-design-v1.0","4.6000000000000085","1.9","2.7000000000000086","98.69024230517354","true","15.116000000000007","14.026000000000002","50","95.39999999999999","19","300","954","954","0","0","0","0","0","1887","1507","20","188","172","0","208","0","17","17","1000","1997","3.994","67","5.321868683675521","0","45.3","3.576767676767677","10","111","750"
"779","BA","1000","2","0.1","30","0.1","0.5","1","legal","targeted","11.099183666372632","3","89.55211004851503","89.55211004851503","75","80","80","fixed","1","1","50","771","29","50","21031951","v2.0-design-v1.0","4.5","2.8000000000000003","1.6999999999999997","97.92477302204928","true","15.942000000000002","14.090000000000002","50","95.5","28","300","955","955","0","0","0","0","0","1887","1510","32","200","145","0","232","0","17","17","1000","1997","3.994","93","5.76846940177715","0","48.6","3.5434343434343436","10","111","750"
"781","BA","1000","2","0.1","30","0.1","0.5","1","legal","targeted","86.96825981262097","4","80.01075367457369","80.01075367457369","75","80","80","fixed","1","1","50","772","1","50","21032923","v2.0-design-v1.0","85.9","76.1","9.800000000000011","69.5150115473441","true","82.68","33.148","50","14.099999999999998","761","300","141","141","0","0","0","0","0","11310","3311","1452","5758","789","0","7210","0","13","13","1000","1997","3.994","71","5.0469233633408175","0","41.7","3.613131313131313","10","870","750"
"782","BA","1000","2","0.1","30","0.1","0.5","1","legal","targeted","86.96825981262097","4","80.01075367457369","80.01075367457369","75","80","80","fixed","1","1","50","772","2","50","21032924","v2.0-design-v1.0","82.5","75.4","7.099999999999994","72.45101959216314","true","80.65800000000002","33.354","50","17.5","754","300","175","175","0","0","0","0","0","11310","3624","1378","5425","883","0","6803","0","13","13","1000","1997","3.994","69","5.339332586800748","0","46.8","3.5616161616161617","10","870","750"
"780","BA","1000","2","0.1","30","0.1","0.5","1","legal","targeted","11.099183666372632","3","89.55211004851503","89.55211004851503","75","80","80","fixed","1","1","50","771","30","50","21031952","v2.0-design-v1.0","3","1.2","1.8","99.16559691912708","true","15.594000000000008","14.706","50","97","12","300","970","970","0","0","0","0","0","1887","1545","13","150","179","0","163","0","17","17","1000","1997","3.994","80","5.058611820801578","0","39.6","3.6343434343434344","10","111","750"
"784","BA","1000","2","0.1","30","0.1","0.5","1","legal","targeted","86.96825981262097","4","80.01075367457369","80.01075367457369","75","80","80","fixed","1","1","50","772","4","50","21032926","v2.0-design-v1.0","83.5","75.1","8.400000000000006","70.73220896750308","true","81.29200000000003","33.00800000000001","50","16.5","751","300","165","165","0","0","0","0","0","11310","3439","1423","5598","850","0","7021","0","13","13","1000","1997","3.994","55","5.015088744490474","0","42.3","3.607070707070707","10","870","750"
"785","BA","1000","2","0.1","30","0.1","0.5","1","legal","targeted","86.96825981262097","4","80.01075367457369","80.01075367457369","75","80","80","fixed","1","1","50","772","5","50","21032927","v2.0-design-v1.0","86.1","76","10.099999999999994","72.1839546191248","true","80.60599999999998","31.893999999999995","50","13.900000000000002","760","300","139","139","0","0","0","0","0","11310","3563","1373","5500","874","0","6873","0","13","13","1000","1997","3.994","87","5.396766540169125","0","45.5","3.5747474747474746","10","870","750"
"783","BA","1000","2","0.1","30","0.1","0.5","1","legal","targeted","86.96825981262097","4","80.01075367457369","80.01075367457369","75","80","80","fixed","1","1","50","772","3","50","21032925","v2.0-design-v1.0","85.3","74.4","10.899999999999991","69.98538927155083","true","82.12199999999999","32.99399999999999","50","14.7","744","300","147","147","0","0","0","0","0","11310","3353","1438","5714","805","0","7152","0","13","13","1000","1997","3.994","68","5.06652086087026","0","41.9","3.611111111111111","10","870","750"
"786","BA","1000","2","0.1","30","0.1","0.5","1","legal","targeted","86.96825981262097","4","80.01075367457369","80.01075367457369","75","80","80","fixed","1","1","50","772","6","50","21032928","v2.0-design-v1.0","83.3","73","10.299999999999997","72.75315168767791","true","80.856","35.056","50","16.7","730","300","167","167","0","0","0","0","0","11310","3578","1340","5490","902","0","6830","0","13","13","1000","1997","3.994","87","5.633622431588894","0","47.4","3.5555555555555554","10","870","750"
"787","BA","1000","2","0.1","30","0.1","0.5","1","legal","targeted","86.96825981262097","4","80.01075367457369","80.01075367457369","75","80","80","fixed","1","1","50","772","7","50","21032929","v2.0-design-v1.0","82.2","75.2","7","71.5952524642929","true","79.55799999999998","30.766000000000016","50","17.8","752","300","178","178","0","0","0","0","0","11310","3559","1412","5390","949","0","6802","0","13","13","1000","1997","3.994","72","4.8993844478636195","0","39.6","3.6343434343434344","10","870","750"
"788","BA","1000","2","0.1","30","0.1","0.5","1","legal","targeted","86.96825981262097","4","80.01075367457369","80.01075367457369","75","80","80","fixed","1","1","50","772","8","50","21032930","v2.0-design-v1.0","84.6","75.5","9.099999999999994","69.62240135765803","true","81.868","33.896","50","15.4","755","300","154","154","0","0","0","0","0","11310","3282","1432","5754","842","0","7186","0","13","13","1000","1997","3.994","54","4.554196384073112","0","36.7","3.6636363636363636","10","870","750"
"789","BA","1000","2","0.1","30","0.1","0.5","1","legal","targeted","86.96825981262097","4","80.01075367457369","80.01075367457369","75","80","80","fixed","1","1","50","772","9","50","21032931","v2.0-design-v1.0","81.8","72.89999999999999","8.900000000000006","72.98379027416449","true","78.854","31.634000000000018","50","18.2","729","300","182","182","0","0","0","0","0","11310","3647","1350","5288","1025","0","6638","0","13","13","1000","1997","3.994","67","5.0682986940048735","0","42.7","3.603030303030303","10","870","750"
"790","BA","1000","2","0.1","30","0.1","0.5","1","legal","targeted","86.96825981262097","4","80.01075367457369","80.01075367457369","75","80","80","fixed","1","1","50","772","10","50","21032932","v2.0-design-v1.0","86","75","11","71.60443995963674","true","80.832","32.672","50","14.000000000000002","750","300","140","140","0","0","0","0","0","11310","3548","1407","5466","889","0","6873","0","13","13","1000","1997","3.994","74","5.149221152609238","0","43.3","3.596969696969697","10","870","750"
"791","BA","1000","2","0.1","30","0.1","0.5","1","legal","targeted","86.96825981262097","4","80.01075367457369","80.01075367457369","75","80","80","fixed","1","1","50","772","11","50","21032933","v2.0-design-v1.0","83.4","72.1","11.300000000000011","71.90369312385228","true","80.57400000000001","33.714","50","16.6","721","300","166","166","0","0","0","0","0","11310","3524","1377","5508","901","0","6885","0","13","13","1000","1997","3.994","72","4.9916811677911515","0","40.8","3.6222222222222222","10","870","750"
"792","BA","1000","2","0.1","30","0.1","0.5","1","legal","targeted","86.96825981262097","4","80.01075367457369","80.01075367457369","75","80","80","fixed","1","1","50","772","12","50","21032934","v2.0-design-v1.0","86.5","75.5","11","70.80136402387042","true","81.458","34.214","50","13.5","755","300","135","135","0","0","0","0","0","11310","3322","1370","5726","892","0","7096","0","13","13","1000","1997","3.994","83","5.004498876911544","0","39.1","3.639393939393939","10","870","750"
"793","BA","1000","2","0.1","30","0.1","0.5","1","legal","targeted","86.96825981262097","4","80.01075367457369","80.01075367457369","75","80","80","fixed","1","1","50","772","13","50","21032935","v2.0-design-v1.0","82.9","73.8","9.100000000000009","71.61500815660685","true","80.428","33.867999999999995","50","17.1","738","300","171","171","0","0","0","0","0","11310","3512","1392","5483","923","0","6875","0","13","13","1000","1997","3.994","62","4.856701715315803","0","41.4","3.6161616161616164","10","870","750"
"794","BA","1000","2","0.1","30","0.1","0.5","1","legal","targeted","86.96825981262097","4","80.01075367457369","80.01075367457369","75","80","80","fixed","1","1","50","772","14","50","21032936","v2.0-design-v1.0","86.7","73.3","13.400000000000006","71.17562281243566","true","81.35399999999998","34.910000000000004","50","13.3","733","300","133","133","0","0","0","0","0","11310","3457","1400","5576","877","0","6976","0","13","13","1000","1997","3.994","66","4.7706103092500225","0","39.5","3.6353535353535356","10","870","750"
"795","BA","1000","2","0.1","30","0.1","0.5","1","legal","targeted","86.96825981262097","4","80.01075367457369","80.01075367457369","75","80","80","fixed","1","1","50","772","15","50","21032937","v2.0-design-v1.0","87","70","17","75.58806088159716","true","79.192","34.552","50","13","700","300","130","130","0","0","0","0","0","11310","3824","1235","5316","935","0","6551","0","13","13","1000","1997","3.994","115","5.8735391768900795","0","48.7","3.5424242424242425","10","870","750"
"797","BA","1000","2","0.1","30","0.1","0.5","1","legal","targeted","86.96825981262097","4","80.01075367457369","80.01075367457369","75","80","80","fixed","1","1","50","772","17","50","21032939","v2.0-design-v1.0","83.5","71.39999999999999","12.100000000000009","74.37537477513492","true","79.25399999999999","32.709999999999994","50","16.5","714","300","165","165","0","0","0","0","0","11310","3721","1282","5337","970","0","6619","0","13","13","1000","1997","3.994","92","5.68438882170073","0","46.8","3.5616161616161617","10","870","750"
"796","BA","1000","2","0.1","30","0.1","0.5","1","legal","targeted","86.96825981262097","4","80.01075367457369","80.01075367457369","75","80","80","fixed","1","1","50","772","16","50","21032938","v2.0-design-v1.0","83.2","73.9","9.299999999999997","72.31470471660721","true","79.8","32.283999999999985","50","16.8","739","300","168","168","0","0","0","0","0","11310","3649","1397","5265","999","0","6662","0","13","13","1000","1997","3.994","79","5.0931231974009625","0","41.7","3.613131313131313","10","870","750"
"798","BA","1000","2","0.1","30","0.1","0.5","1","legal","targeted","86.96825981262097","4","80.01075367457369","80.01075367457369","75","80","80","fixed","1","1","50","772","18","50","21032940","v2.0-design-v1.0","86.5","74.3","12.200000000000003","72.24032586558044","true","80.37600000000002","33.292","50","13.5","743","300","135","135","0","0","0","0","0","11310","3547","1363","5470","930","0","6833","0","13","13","1000","1997","3.994","96","5.196052632812996","0","41.1","3.6191919191919193","10","870","750"
"800","BA","1000","2","0.1","30","0.1","0.5","1","legal","targeted","86.96825981262097","4","80.01075367457369","80.01075367457369","75","80","80","fixed","1","1","50","772","20","50","21032942","v2.0-design-v1.0","83.4","75.5","7.900000000000006","69.55606985062066","true","82.87","32.85800000000002","50","16.6","755","300","166","166","0","0","0","0","0","11310","3306","1447","5754","803","0","7201","0","13","13","1000","1997","3.994","101","5.377627997814906","0","43.9","3.590909090909091","10","870","750"
"799","BA","1000","2","0.1","30","0.1","0.5","1","legal","targeted","86.96825981262097","4","80.01075367457369","80.01075367457369","75","80","80","fixed","1","1","50","772","19","50","21032941","v2.0-design-v1.0","84.1","75.2","8.899999999999991","71.99267250152657","true","80.166","32.67","50","15.9","752","300","159","159","0","0","0","0","0","11310","3537","1376","5450","947","0","6826","0","13","13","1000","1997","3.994","102","5.537203682782905","0","42.9","3.601010101010101","10","870","750"
"801","BA","1000","2","0.1","30","0.1","0.5","1","legal","targeted","86.96825981262097","4","80.01075367457369","80.01075367457369","75","80","80","fixed","1","1","50","772","21","50","21032943","v2.0-design-v1.0","83.6","72.6","11","71.60033167495854","true","81.12600000000002","35.038","50","16.400000000000002","726","300","164","164","0","0","0","0","0","11310","3454","1370","5601","885","0","6971","0","13","13","1000","1997","3.994","77","5.255433719835452","0","45.2","3.577777777777778","10","870","750"
"802","BA","1000","2","0.1","30","0.1","0.5","1","legal","targeted","86.96825981262097","4","80.01075367457369","80.01075367457369","75","80","80","fixed","1","1","50","772","22","50","21032944","v2.0-design-v1.0","83.5","71.5","12","73.20380489779397","true","80.45","34.82999999999999","50","16.5","715","300","165","165","0","0","0","0","0","11310","3617","1324","5481","888","0","6805","0","13","13","1000","1997","3.994","115","5.6011907071030205","0","44.6","3.583838383838384","10","870","750"
"803","BA","1000","2","0.1","30","0.1","0.5","1","legal","targeted","86.96825981262097","4","80.01075367457369","80.01075367457369","75","80","80","fixed","1","1","50","772","23","50","21032945","v2.0-design-v1.0","84.1","71.6","12.5","74.06888265919103","true","79.95","33.486","50","15.9","716","300","159","159","0","0","0","0","0","11310","3699","1295","5391","925","0","6686","0","13","13","1000","1997","3.994","86","5.467710659852049","0","44.8","3.581818181818182","10","870","750"
"804","BA","1000","2","0.1","30","0.1","0.5","1","legal","targeted","86.96825981262097","4","80.01075367457369","80.01075367457369","75","80","80","fixed","1","1","50","772","24","50","21032946","v2.0-design-v1.0","86.7","72.1","14.600000000000009","74.03108400550856","true","79.17599999999999","33.523999999999994","50","13.3","721","300","133","133","0","0","0","0","0","11310","3763","1320","5255","972","0","6575","0","13","13","1000","1997","3.994","72","5.650831434036576","0","48.4","3.5454545454545454","10","870","750"
"805","BA","1000","2","0.1","30","0.1","0.5","1","legal","targeted","86.96825981262097","4","80.01075367457369","80.01075367457369","75","80","80","fixed","1","1","50","772","25","50","21032947","v2.0-design-v1.0","88.7","75.7","13","69.08856405846947","true","83.12799999999999","33.876000000000005","50","11.3","757","300","113","113","0","0","0","0","0","11310","3214","1438","5862","796","0","7300","0","13","13","1000","1997","3.994","71","5.038387574348485","0","41.4","3.6161616161616164","10","870","750"
"806","BA","1000","2","0.1","30","0.1","0.5","1","legal","targeted","86.96825981262097","4","80.01075367457369","80.01075367457369","75","80","80","fixed","1","1","50","772","26","50","21032948","v2.0-design-v1.0","85.9","75.1","10.800000000000011","71.81372549019608","true","81.24999999999999","31.622000000000003","50","14.099999999999998","751","300","141","141","0","0","0","0","0","11310","3516","1380","5572","842","0","6952","0","13","13","1000","1997","3.994","125","5.6261547808087835","0","43.7","3.592929292929293","10","870","750"
"807","BA","1000","2","0.1","30","0.1","0.5","1","legal","targeted","86.96825981262097","4","80.01075367457369","80.01075367457369","75","80","80","fixed","1","1","50","772","27","50","21032949","v2.0-design-v1.0","84.5","76.4","8.099999999999994","70.43441585828765","true","82.21799999999999","32.56999999999999","50","15.5","764","300","155","155","0","0","0","0","0","11310","3340","1402","5750","818","0","7152","0","13","13","1000","1997","3.994","91","5.09548112820839","0","40.9","3.621212121212121","10","870","750"
"808","BA","1000","2","0.1","30","0.1","0.5","1","legal","targeted","86.96825981262097","4","80.01075367457369","80.01075367457369","75","80","80","fixed","1","1","50","772","28","50","21032950","v2.0-design-v1.0","85.4","71.8","13.600000000000009","72.16815075585006","true","81.48599999999999","35.41400000000001","50","14.6","718","300","146","146","0","0","0","0","0","11310","3485","1344","5625","856","0","6969","0","13","13","1000","1997","3.994","96","5.47393167000903","0","45.9","3.5707070707070705","10","870","750"
"809","BA","1000","2","0.1","30","0.1","0.5","1","legal","targeted","86.96825981262097","4","80.01075367457369","80.01075367457369","75","80","80","fixed","1","1","50","772","29","50","21032951","v2.0-design-v1.0","84.3","74.2","10.099999999999994","72.30018303843806","true","80.66999999999999","33.814","50","15.7","742","300","157","157","0","0","0","0","0","11310","3555","1362","5513","880","0","6875","0","13","13","1000","1997","3.994","88","5.210865294470493","0","41.6","3.614141414141414","10","870","750"
"810","BA","1000","2","0.1","30","0.1","0.5","1","legal","targeted","86.96825981262097","4","80.01075367457369","80.01075367457369","75","80","80","fixed","1","1","50","772","30","50","21032952","v2.0-design-v1.0","88.6","76.1","12.5","69.05311778290994","true","82.90999999999998","33.657999999999994","50","11.4","761","300","114","114","0","0","0","0","0","11310","3289","1474","5742","805","0","7216","0","13","13","1000","1997","3.994","50","4.6179312781037805","0","38.4","3.6464646464646466","10","870","750"
"812","BA","1000","2","0.1","30","0.1","0.5","1","legal","targeted","54.8204783118636","20","96.04238328792455","96.04238328792455","75","80","80","fixed","1","1","50","773","2","50","21033924","v2.0-design-v1.0","3.9000000000000057","1.9","2.0000000000000058","98.5167837626854","true","22.371999999999993","20.512000000000008","50","96.1","19","300","961","961","0","0","0","0","0","1644","1262","19","308","55","0","327","0","3","3","1000","1997","3.994","74","4.646025134407849","0","36.8","3.6626262626262625","10","548","750"
"811","BA","1000","2","0.1","30","0.1","0.5","1","legal","targeted","54.8204783118636","20","96.04238328792455","96.04238328792455","75","80","80","fixed","1","1","50","773","1","50","21033923","v2.0-design-v1.0","5.300000000000011","1.9","3.4000000000000115","98.52140077821012","true","21.96599999999999","20.066000000000003","50","94.69999999999999","19","300","947","947","0","0","0","0","0","1644","1266","19","311","48","0","330","0","3","3","1000","1997","3.994","62","4.93237187287133","0","42.2","3.608080808080808","10","548","750"
"814","BA","1000","2","0.1","30","0.1","0.5","1","legal","targeted","54.8204783118636","20","96.04238328792455","96.04238328792455","75","80","80","fixed","1","1","50","773","4","50","21033926","v2.0-design-v1.0","4.1000000000000085","0.8999999999999999","3.2000000000000086","99.29851909586905","true","23.055999999999997","22.156000000000002","50","95.89999999999999","9","300","959","959","0","0","0","0","0","1644","1274","9","312","49","0","321","0","3","3","1000","1997","3.994","71","5.139297264838481","0","43.3","3.596969696969697","10","548","750"
"813","BA","1000","2","0.1","30","0.1","0.5","1","legal","targeted","54.8204783118636","20","96.04238328792455","96.04238328792455","75","80","80","fixed","1","1","50","773","3","50","21033925","v2.0-design-v1.0","4.5","1.4000000000000001","3.0999999999999996","98.89676910953507","true","21.756000000000004","20.356","50","95.5","14","300","955","955","0","0","0","0","0","1644","1255","14","320","55","0","334","0","3","3","1000","1997","3.994","114","5.593142877421164","0","43.9","3.590909090909091","10","548","750"
"816","BA","1000","2","0.1","30","0.1","0.5","1","legal","targeted","54.8204783118636","20","96.04238328792455","96.04238328792455","75","80","80","fixed","1","1","50","773","6","50","21033928","v2.0-design-v1.0","4.900000000000006","1.4000000000000001","3.5000000000000053","98.88977002379065","true","22.680000000000003","21.279999999999994","50","95.1","14","300","951","951","0","0","0","0","0","1644","1247","14","325","58","0","339","0","3","3","1000","1997","3.994","99","5.665691843373052","0","47.3","3.5565656565656565","10","548","750"
"815","BA","1000","2","0.1","30","0.1","0.5","1","legal","targeted","54.8204783118636","20","96.04238328792455","96.04238328792455","75","80","80","fixed","1","1","50","773","5","50","21033927","v2.0-design-v1.0","3.9000000000000057","0.8999999999999999","3.0000000000000058","99.29522317932654","true","21.13599999999999","20.236","50","96.1","9","300","961","961","0","0","0","0","0","1644","1268","9","319","48","0","328","0","3","3","1000","1997","3.994","99","5.753004524686295","0","46.9","3.5606060606060606","10","548","750"
"817","BA","1000","2","0.1","30","0.1","0.5","1","legal","targeted","54.8204783118636","20","96.04238328792455","96.04238328792455","75","80","80","fixed","1","1","50","773","7","50","21033929","v2.0-design-v1.0","5.400000000000006","1.7999999999999998","3.600000000000006","98.58044164037855","true","22.02800000000001","20.227999999999998","50","94.6","18","300","946","946","0","0","0","0","0","1644","1250","18","332","44","0","350","0","3","3","1000","1997","3.994","64","5.041366816586476","0","42.8","3.602020202020202","10","548","750"
"818","BA","1000","2","0.1","30","0.1","0.5","1","legal","targeted","54.8204783118636","20","96.04238328792455","96.04238328792455","75","80","80","fixed","1","1","50","773","8","50","21033930","v2.0-design-v1.0","5.700000000000003","0.8999999999999999","4.8000000000000025","99.28229665071771","true","22.307999999999996","21.488000000000003","50","94.3","9","300","943","943","0","0","0","0","0","1644","1245","9","334","56","0","343","0","3","3","1000","1997","3.994","82","5.129744465202745","0","41.8","3.6121212121212123","10","548","750"
"819","BA","1000","2","0.1","30","0.1","0.5","1","legal","targeted","54.8204783118636","20","96.04238328792455","96.04238328792455","75","80","80","fixed","1","1","50","773","9","50","21033931","v2.0-design-v1.0","5.700000000000003","0.7000000000000001","5.000000000000003","99.43955164131305","true","21.727999999999998","21.028000000000002","50","94.3","7","300","943","943","0","0","0","0","0","1644","1242","7","339","56","0","346","0","3","3","1000","1997","3.994","72","4.863704310463322","0","38.3","3.6474747474747473","10","548","750"
"820","BA","1000","2","0.1","30","0.1","0.5","1","legal","targeted","54.8204783118636","20","96.04238328792455","96.04238328792455","75","80","80","fixed","1","1","50","773","10","50","21033932","v2.0-design-v1.0","4","1.6","2.4","98.72813990461049","true","22.162000000000003","20.602000000000004","50","96","16","300","960","960","0","0","0","0","0","1644","1242","16","327","59","0","343","0","3","3","1000","1997","3.994","88","5.198941526214054","0","43","3.6","10","548","750"
"822","BA","1000","2","0.1","30","0.1","0.5","1","legal","targeted","54.8204783118636","20","96.04238328792455","96.04238328792455","75","80","80","fixed","1","1","50","773","12","50","21033934","v2.0-design-v1.0","4.800000000000011","1.6","3.2000000000000113","98.7460815047022","true","23.796","22.236000000000004","50","95.19999999999999","16","300","952","952","0","0","0","0","0","1644","1260","16","326","42","0","342","0","3","3","1000","1997","3.994","60","4.704688948070639","0","37.9","3.6515151515151514","10","548","750"
"821","BA","1000","2","0.1","30","0.1","0.5","1","legal","targeted","54.8204783118636","20","96.04238328792455","96.04238328792455","75","80","80","fixed","1","1","50","773","11","50","21033933","v2.0-design-v1.0","5.1000000000000085","1.0999999999999999","4.000000000000009","99.12974683544303","true","21.111999999999995","20.011999999999997","50","94.89999999999999","11","300","949","949","0","0","0","0","0","1644","1253","11","315","65","0","326","0","3","3","1000","1997","3.994","113","5.855446204197447","0","46.9","3.5606060606060606","10","548","750"
"824","BA","1000","2","0.1","30","0.1","0.5","1","legal","targeted","54.8204783118636","20","96.04238328792455","96.04238328792455","75","80","80","fixed","1","1","50","773","14","50","21033936","v2.0-design-v1.0","5","0.8999999999999999","4.1","99.27536231884058","true","22.02","21.12","50","95","9","300","950","950","0","0","0","0","0","1644","1233","9","341","61","0","350","0","3","3","1000","1997","3.994","79","5.728069026711766","0","49.3","3.536363636363636","10","548","750"
"823","BA","1000","2","0.1","30","0.1","0.5","1","legal","targeted","54.8204783118636","20","96.04238328792455","96.04238328792455","75","80","80","fixed","1","1","50","773","13","50","21033935","v2.0-design-v1.0","4.800000000000011","1.5","3.3000000000000114","98.83449883449883","true","21.38000000000001","19.880000000000006","50","95.19999999999999","15","300","952","952","0","0","0","0","0","1644","1272","15","295","62","0","310","0","3","3","1000","1997","3.994","87","5.437235283443915","0","45.7","3.5727272727272728","10","548","750"
"826","BA","1000","2","0.1","30","0.1","0.5","1","legal","targeted","54.8204783118636","20","96.04238328792455","96.04238328792455","75","80","80","fixed","1","1","50","773","16","50","21033938","v2.0-design-v1.0","3.1000000000000085","1.5","1.6000000000000085","98.83630721489527","true","21.514","20.014000000000006","50","96.89999999999999","15","300","969","969","0","0","0","0","0","1644","1274","15","306","49","0","321","0","3","3","1000","1997","3.994","103","5.667281718962098","0","46.5","3.5646464646464646","10","548","750"
"825","BA","1000","2","0.1","30","0.1","0.5","1","legal","targeted","54.8204783118636","20","96.04238328792455","96.04238328792455","75","80","80","fixed","1","1","50","773","15","50","21033937","v2.0-design-v1.0","5.6000000000000085","1.2","4.400000000000008","99.06176700547303","true","21.96","20.76000000000001","50","94.39999999999999","12","300","944","944","0","0","0","0","0","1644","1267","12","316","49","0","328","0","3","3","1000","1997","3.994","78","5.160483949649924","0","42.2","3.608080808080808","10","548","750"
"828","BA","1000","2","0.1","30","0.1","0.5","1","legal","targeted","54.8204783118636","20","96.04238328792455","96.04238328792455","75","80","80","fixed","1","1","50","773","18","50","21033940","v2.0-design-v1.0","4.700000000000003","2","2.700000000000003","98.44115354637569","true","20.906000000000002","18.906","50","95.3","20","300","953","953","0","0","0","0","0","1644","1263","20","297","64","0","317","0","3","3","1000","1997","3.994","94","5.423040971021083","0","43.8","3.591919191919192","10","548","750"
"827","BA","1000","2","0.1","30","0.1","0.5","1","legal","targeted","54.8204783118636","20","96.04238328792455","96.04238328792455","75","80","80","fixed","1","1","50","773","17","50","21033939","v2.0-design-v1.0","5.6000000000000085","0.7000000000000001","4.900000000000008","99.4492525570417","true","22.083999999999993","21.384000000000004","50","94.39999999999999","7","300","944","944","0","0","0","0","0","1644","1264","7","321","52","0","328","0","3","3","1000","1997","3.994","110","5.665515162989327","0","47.3","3.5565656565656565","10","548","750"
"829","BA","1000","2","0.1","30","0.1","0.5","1","legal","targeted","54.8204783118636","20","96.04238328792455","96.04238328792455","75","80","80","fixed","1","1","50","773","19","50","21033941","v2.0-design-v1.0","5.300000000000011","1.5","3.8000000000000114","98.83177570093457","true","22.222","20.722","50","94.69999999999999","15","300","947","947","0","0","0","0","0","1644","1269","15","308","52","0","323","0","3","3","1000","1997","3.994","66","5.16765601299744","0","43.4","3.595959595959596","10","548","750"
"830","BA","1000","2","0.1","30","0.1","0.5","1","legal","targeted","54.8204783118636","20","96.04238328792455","96.04238328792455","75","80","80","fixed","1","1","50","773","20","50","21033942","v2.0-design-v1.0","5.900000000000006","1.7999999999999998","4.100000000000006","98.58267716535433","true","21.944000000000006","20.22399999999999","50","94.1","18","300","941","941","0","0","0","0","0","1644","1252","18","329","45","0","347","0","3","3","1000","1997","3.994","89","5.311890452577136","0","42.2","3.608080808080808","10","548","750"
"831","BA","1000","2","0.1","30","0.1","0.5","1","legal","targeted","54.8204783118636","20","96.04238328792455","96.04238328792455","75","80","80","fixed","1","1","50","773","21","50","21033943","v2.0-design-v1.0","4.700000000000003","1.3","3.400000000000003","98.981989036805","true","21.576","20.275999999999996","50","95.3","13","300","953","953","0","0","0","0","0","1644","1264","13","316","51","0","329","0","3","3","1000","1997","3.994","69","4.942913755710931","0","41.8","3.6121212121212123","10","548","750"
"832","BA","1000","2","0.1","30","0.1","0.5","1","legal","targeted","54.8204783118636","20","96.04238328792455","96.04238328792455","75","80","80","fixed","1","1","50","773","22","50","21033944","v2.0-design-v1.0","5.700000000000003","1.7999999999999998","3.900000000000003","98.59484777517564","true","21.522000000000002","19.72200000000001","50","94.3","18","300","943","943","0","0","0","0","0","1644","1263","18","305","58","0","323","0","3","3","1000","1997","3.994","64","5.250288518693944","0","45.3","3.576767676767677","10","548","750"
"833","BA","1000","2","0.1","30","0.1","0.5","1","legal","targeted","54.8204783118636","20","96.04238328792455","96.04238328792455","75","80","80","fixed","1","1","50","773","23","50","21033945","v2.0-design-v1.0","4.1000000000000085","1.4000000000000001","2.700000000000008","98.90539483971853","true","21.514","20.114000000000004","50","95.89999999999999","14","300","959","959","0","0","0","0","0","1644","1265","14","305","60","0","319","0","3","3","1000","1997","3.994","71","4.746840685813715","0","38.7","3.6434343434343432","10","548","750"
"834","BA","1000","2","0.1","30","0.1","0.5","1","legal","targeted","54.8204783118636","20","96.04238328792455","96.04238328792455","75","80","80","fixed","1","1","50","773","24","50","21033946","v2.0-design-v1.0","4.900000000000006","1.6","3.3000000000000056","98.72509960159363","true","20.78","19.179999999999996","50","95.1","16","300","951","951","0","0","0","0","0","1644","1239","16","330","59","0","346","0","3","3","1000","1997","3.994","81","5.6290007683113314","0","47.6","3.5535353535353535","10","548","750"
"836","BA","1000","2","0.1","30","0.1","0.5","1","legal","targeted","54.8204783118636","20","96.04238328792455","96.04238328792455","75","80","80","fixed","1","1","50","773","26","50","21033948","v2.0-design-v1.0","5","1.4000000000000001","3.5999999999999996","98.88977002379065","true","21.764000000000006","20.364000000000004","50","95","14","300","950","950","0","0","0","0","0","1644","1247","14","331","52","0","345","0","3","3","1000","1997","3.994","83","5.113718227876271","0","42.7","3.603030303030303","10","548","750"
"835","BA","1000","2","0.1","30","0.1","0.5","1","legal","targeted","54.8204783118636","20","96.04238328792455","96.04238328792455","75","80","80","fixed","1","1","50","773","25","50","21033947","v2.0-design-v1.0","4","1.3","2.7","98.98119122257053","true","22.813999999999993","21.514000000000006","50","96","13","300","960","960","0","0","0","0","0","1644","1263","13","319","49","0","332","0","3","3","1000","1997","3.994","87","5.205868329593529","0","43.2","3.597979797979798","10","548","750"
"837","BA","1000","2","0.1","30","0.1","0.5","1","legal","targeted","54.8204783118636","20","96.04238328792455","96.04238328792455","75","80","80","fixed","1","1","50","773","27","50","21033949","v2.0-design-v1.0","5.200000000000003","1.4000000000000001","3.8000000000000025","98.90710382513662","true","22.086000000000002","20.766","50","94.8","14","300","948","948","0","0","0","0","0","1644","1267","14","303","60","0","317","0","3","3","1000","1997","3.994","113","5.829231848532361","0","47.8","3.5515151515151517","10","548","750"
"838","BA","1000","2","0.1","30","0.1","0.5","1","legal","targeted","54.8204783118636","20","96.04238328792455","96.04238328792455","75","80","80","fixed","1","1","50","773","28","50","21033950","v2.0-design-v1.0","6.299999999999997","1","5.299999999999997","99.22178988326849","true","22.676","21.676","50","93.7","10","300","937","937","0","0","0","0","0","1644","1275","10","311","48","0","321","0","3","3","1000","1997","3.994","76","5.091747233503428","0","41.9","3.611111111111111","10","548","750"
"839","BA","1000","2","0.1","30","0.1","0.5","1","legal","targeted","54.8204783118636","20","96.04238328792455","96.04238328792455","75","80","80","fixed","1","1","50","773","29","50","21033951","v2.0-design-v1.0","4.1000000000000085","1.3","2.8000000000000087","98.98358092259578","true","21.124000000000002","19.823999999999998","50","95.89999999999999","13","300","959","959","0","0","0","0","0","1644","1266","13","323","42","0","336","0","3","3","1000","1997","3.994","49","4.5557347067974225","0","37.8","3.6525252525252525","10","548","750"
"840","BA","1000","2","0.1","30","0.1","0.5","1","legal","targeted","54.8204783118636","20","96.04238328792455","96.04238328792455","75","80","80","fixed","1","1","50","773","30","50","21033952","v2.0-design-v1.0","4.700000000000003","0.8","3.900000000000003","99.36958234830576","true","22.962000000000007","22.162000000000013","50","95.3","8","300","953","953","0","0","0","0","0","1644","1261","8","320","55","0","328","0","3","3","1000","1997","3.994","63","4.906734152166786","0","41.2","3.618181818181818","10","548","750"
"841","BA","1000","2","0.1","30","0.1","0.5","1","legal","targeted","35.65770939177732","5","86.4864055992505","86.4864055992505","75","80","80","fixed","1","1","50","774","1","50","21034923","v2.0-design-v1.0","7","7.8","-0.7999999999999998","96.70371789957838","true","29.41400000000001","23.713999999999995","50","93","78","300","930","930","0","0","0","0","0","3570","2523","86","596","365","0","682","0","10","10","1000","1997","3.994","82","5.297360288485762","0","44.9","3.580808080808081","10","357","750"
"842","BA","1000","2","0.1","30","0.1","0.5","1","legal","targeted","35.65770939177732","5","86.4864055992505","86.4864055992505","75","80","80","fixed","1","1","50","774","2","50","21034924","v2.0-design-v1.0","6.8999999999999915","8.3","-1.4000000000000092","96.3147792706334","true","28.355999999999995","22.056000000000004","50","93.10000000000001","83","300","931","931","0","0","0","0","0","3570","2509","96","566","399","0","662","0","10","10","1000","1997","3.994","82","5.4856226680346865","0","45.8","3.5717171717171716","10","357","750"
"843","BA","1000","2","0.1","30","0.1","0.5","1","legal","targeted","35.65770939177732","5","86.4864055992505","86.4864055992505","75","80","80","fixed","1","1","50","774","3","50","21034925","v2.0-design-v1.0","7.8999999999999915","7.8","0.09999999999999165","96.60045836516424","true","28.522000000000016","22.912000000000006","50","92.10000000000001","78","300","921","921","0","0","0","0","0","3570","2529","89","560","392","0","649","0","10","10","1000","1997","3.994","133","6.092378934462416","0","48.3","3.5464646464646465","10","357","750"
"844","BA","1000","2","0.1","30","0.1","0.5","1","legal","targeted","35.65770939177732","5","86.4864055992505","86.4864055992505","75","80","80","fixed","1","1","50","774","4","50","21034926","v2.0-design-v1.0","6.5","8.3","-1.8000000000000007","96.43268124280783","true","28.978000000000005","22.647999999999996","50","93.5","83","300","935","935","0","0","0","0","0","3570","2514","93","570","393","0","663","0","10","10","1000","1997","3.994","83","5.392498775432678","0","46.6","3.5636363636363635","10","357","750"
"845","BA","1000","2","0.1","30","0.1","0.5","1","legal","targeted","35.65770939177732","5","86.4864055992505","86.4864055992505","75","80","80","fixed","1","1","50","774","5","50","21034927","v2.0-design-v1.0","7","7.3","-0.2999999999999998","96.78294573643412","true","28.696000000000005","23.206","50","93","73","300","930","930","0","0","0","0","0","3570","2497","83","576","414","0","659","0","10","10","1000","1997","3.994","73","5.024062619554529","0","42.4","3.606060606060606","10","357","750"
"846","BA","1000","2","0.1","30","0.1","0.5","1","legal","targeted","35.65770939177732","5","86.4864055992505","86.4864055992505","75","80","80","fixed","1","1","50","774","6","50","21034928","v2.0-design-v1.0","11","8.6","2.4000000000000004","95.96774193548387","true","28.828000000000007","22.46800000000001","50","89","86","300","890","890","0","0","0","0","0","3570","2499","105","582","384","0","687","0","10","10","1000","1997","3.994","78","5.403254496982265","0","45.3","3.576767676767677","10","357","750"
"847","BA","1000","2","0.1","30","0.1","0.5","1","legal","targeted","35.65770939177732","5","86.4864055992505","86.4864055992505","75","80","80","fixed","1","1","50","774","7","50","21034929","v2.0-design-v1.0","7.699999999999989","7.3","0.3999999999999888","96.65629860031105","true","28.656000000000002","23.036000000000005","50","92.30000000000001","73","300","923","923","0","0","0","0","0","3570","2486","86","606","392","0","692","0","10","10","1000","1997","3.994","58","4.830455185310928","0","40.3","3.6272727272727274","10","357","750"
"848","BA","1000","2","0.1","30","0.1","0.5","1","legal","targeted","35.65770939177732","5","86.4864055992505","86.4864055992505","75","80","80","fixed","1","1","50","774","8","50","21034930","v2.0-design-v1.0","7.299999999999997","8.6","-1.3000000000000025","96.15384615384616","true","29.287999999999997","22.688","50","92.7","86","300","927","927","0","0","0","0","0","3570","2500","100","590","380","0","690","0","10","10","1000","1997","3.994","71","5.1248637277715146","0","43.5","3.594949494949495","10","357","750"
"849","BA","1000","2","0.1","30","0.1","0.5","1","legal","targeted","35.65770939177732","5","86.4864055992505","86.4864055992505","75","80","80","fixed","1","1","50","774","9","50","21034931","v2.0-design-v1.0","8.5","9.5","-1","95.92691282832128","true","28.32400000000001","21.784000000000006","50","91.5","95","300","915","915","0","0","0","0","0","3570","2520","107","545","398","0","652","0","10","10","1000","1997","3.994","89","5.360288863176746","0","43.5","3.594949494949495","10","357","750"
"850","BA","1000","2","0.1","30","0.1","0.5","1","legal","targeted","35.65770939177732","5","86.4864055992505","86.4864055992505","75","80","80","fixed","1","1","50","774","10","50","21034932","v2.0-design-v1.0","6.599999999999994","7.8","-1.2000000000000055","96.63442940038685","true","27.6","22.049999999999997","50","93.4","78","300","934","934","0","0","0","0","0","3570","2498","87","563","422","0","650","0","10","10","1000","1997","3.994","107","5.903966532833756","0","48.3","3.5464646464646465","10","357","750"
"851","BA","1000","2","0.1","30","0.1","0.5","1","legal","targeted","35.65770939177732","5","86.4864055992505","86.4864055992505","75","80","80","fixed","1","1","50","774","11","50","21034933","v2.0-design-v1.0","9.599999999999994","7.6","1.9999999999999947","96.51207359141434","true","30.15","24.409999999999997","50","90.4","76","300","904","904","0","0","0","0","0","3570","2518","91","604","357","0","695","0","10","10","1000","1997","3.994","56","4.680156820862715","0","37.3","3.6575757575757577","10","357","750"
"852","BA","1000","2","0.1","30","0.1","0.5","1","legal","targeted","35.65770939177732","5","86.4864055992505","86.4864055992505","75","80","80","fixed","1","1","50","774","12","50","21034934","v2.0-design-v1.0","7.099999999999994","9.9","-2.800000000000006","95.64386702330914","true","28.57199999999998","21.211999999999993","50","92.9","99","300","929","929","0","0","0","0","0","3570","2503","114","562","391","0","676","0","10","10","1000","1997","3.994","83","5.201828815236323","0","43.6","3.5939393939393938","10","357","750"
"853","BA","1000","2","0.1","30","0.1","0.5","1","legal","targeted","35.65770939177732","5","86.4864055992505","86.4864055992505","75","80","80","fixed","1","1","50","774","13","50","21034935","v2.0-design-v1.0","8.299999999999997","7.1","1.1999999999999975","96.79907443116082","true","27.486","22.226000000000003","50","91.7","71","300","917","917","0","0","0","0","0","3570","2510","83","569","408","0","652","0","10","10","1000","1997","3.994","74","5.247809400454956","0","44.2","3.587878787878788","10","357","750"
"854","BA","1000","2","0.1","30","0.1","0.5","1","legal","targeted","35.65770939177732","5","86.4864055992505","86.4864055992505","75","80","80","fixed","1","1","50","774","14","50","21034936","v2.0-design-v1.0","8.399999999999991","7.000000000000001","1.3999999999999906","97.16583684412102","true","28.2","23.160000000000004","50","91.60000000000001","70","300","916","916","0","0","0","0","0","3570","2537","74","553","406","0","627","0","10","10","1000","1997","3.994","104","5.418793899690894","0","43.2","3.597979797979798","10","357","750"
"855","BA","1000","2","0.1","30","0.1","0.5","1","legal","targeted","35.65770939177732","5","86.4864055992505","86.4864055992505","75","80","80","fixed","1","1","50","774","15","50","21034937","v2.0-design-v1.0","8.299999999999997","6.9","1.3999999999999968","97.08001516875237","true","29.068","24.078000000000003","50","91.7","69","300","917","917","0","0","0","0","0","3570","2560","77","564","369","0","641","0","10","10","1000","1997","3.994","105","5.461115983733334","0","41.5","3.6151515151515152","10","357","750"
"856","BA","1000","2","0.1","30","0.1","0.5","1","legal","targeted","35.65770939177732","5","86.4864055992505","86.4864055992505","75","80","80","fixed","1","1","50","774","16","50","21034938","v2.0-design-v1.0","8.5","8.6","-0.09999999999999964","96.15832363213038","true","29.392","23.202","50","91.5","86","300","915","915","0","0","0","0","0","3570","2478","99","601","392","0","700","0","10","10","1000","1997","3.994","107","5.494374591539249","0","44.3","3.5868686868686868","10","357","750"
"858","BA","1000","2","0.1","30","0.1","0.5","1","legal","targeted","35.65770939177732","5","86.4864055992505","86.4864055992505","75","80","80","fixed","1","1","50","774","18","50","21034940","v2.0-design-v1.0","7.8999999999999915","8.3","-0.40000000000000924","96.4447806354009","true","27.92600000000001","21.92600000000001","50","92.10000000000001","83","300","921","921","0","0","0","0","0","3570","2550","94","506","420","0","600","0","10","10","1000","1997","3.994","112","5.218927207884882","0","38.9","3.6414141414141414","10","357","750"
"857","BA","1000","2","0.1","30","0.1","0.5","1","legal","targeted","35.65770939177732","5","86.4864055992505","86.4864055992505","75","80","80","fixed","1","1","50","774","17","50","21034939","v2.0-design-v1.0","8.700000000000003","7.6","1.1000000000000032","96.72131147540983","true","28.318","23.04799999999999","50","91.3","76","300","913","913","0","0","0","0","0","3570","2537","86","575","372","0","661","0","10","10","1000","1997","3.994","74","4.958482686321537","0","41","3.6202020202020204","10","357","750"
"859","BA","1000","2","0.1","30","0.1","0.5","1","legal","targeted","35.65770939177732","5","86.4864055992505","86.4864055992505","75","80","80","fixed","1","1","50","774","19","50","21034941","v2.0-design-v1.0","7.799999999999997","9.5","-1.7000000000000028","95.4368174726989","true","30.244000000000014","23.443999999999996","50","92.2","95","300","922","922","0","0","0","0","0","3570","2447","117","628","378","0","745","0","10","10","1000","1997","3.994","59","5.031230195218384","0","42.1","3.609090909090909","10","357","750"
"860","BA","1000","2","0.1","30","0.1","0.5","1","legal","targeted","35.65770939177732","5","86.4864055992505","86.4864055992505","75","80","80","fixed","1","1","50","774","20","50","21034942","v2.0-design-v1.0","6.8999999999999915","7.5","-0.6000000000000085","96.65617623918175","true","27.956","22.136","50","93.10000000000001","75","300","931","931","0","0","0","0","0","3570","2457","85","581","447","0","666","0","10","10","1000","1997","3.994","94","5.2967933714673014","0","42.4","3.606060606060606","10","357","750"
"861","BA","1000","2","0.1","30","0.1","0.5","1","legal","targeted","35.65770939177732","5","86.4864055992505","86.4864055992505","75","80","80","fixed","1","1","50","774","21","50","21034943","v2.0-design-v1.0","7.5","8.200000000000001","-0.7000000000000011","96.58023299511463","true","28.894000000000005","22.834","50","92.5","82","300","925","925","0","0","0","0","0","3570","2570","91","545","364","0","636","0","10","10","1000","1997","3.994","68","5.22084487618825","0","44.7","3.5828282828282827","10","357","750"
"862","BA","1000","2","0.1","30","0.1","0.5","1","legal","targeted","35.65770939177732","5","86.4864055992505","86.4864055992505","75","80","80","fixed","1","1","50","774","22","50","21034944","v2.0-design-v1.0","7.099999999999994","7.7","-0.6000000000000059","96.67053813395276","true","27.098","21.177999999999997","50","92.9","77","300","929","929","0","0","0","0","0","3570","2497","86","560","427","0","646","0","10","10","1000","1997","3.994","77","5.237307838326224","0","45.2","3.577777777777778","10","357","750"
"863","BA","1000","2","0.1","30","0.1","0.5","1","legal","targeted","35.65770939177732","5","86.4864055992505","86.4864055992505","75","80","80","fixed","1","1","50","774","23","50","21034945","v2.0-design-v1.0","7.5","7.8","-0.2999999999999998","96.75019577133908","true","29.09399999999999","23.083999999999993","50","92.5","78","300","925","925","0","0","0","0","0","3570","2471","83","617","399","0","700","0","10","10","1000","1997","3.994","89","5.091354032660252","0","39.7","3.6333333333333333","10","357","750"
"864","BA","1000","2","0.1","30","0.1","0.5","1","legal","targeted","35.65770939177732","5","86.4864055992505","86.4864055992505","75","80","80","fixed","1","1","50","774","24","50","21034946","v2.0-design-v1.0","8.899999999999991","7.5","1.3999999999999915","96.89774032937571","true","28.188000000000002","22.608000000000008","50","91.10000000000001","75","300","911","911","0","0","0","0","0","3570","2530","81","576","383","0","657","0","10","10","1000","1997","3.994","85","5.928668747123033","0","52.3","3.506060606060606","10","357","750"
"866","BA","1000","2","0.1","30","0.1","0.5","1","legal","targeted","35.65770939177732","5","86.4864055992505","86.4864055992505","75","80","80","fixed","1","1","50","774","26","50","21034948","v2.0-design-v1.0","8","9.2","-1.1999999999999993","95.97055404881829","true","29.2","22.09999999999999","50","92","92","300","920","920","0","0","0","0","0","3570","2477","104","604","385","0","708","0","10","10","1000","1997","3.994","93","5.30434728313484","0","41.6","3.614141414141414","10","357","750"
"865","BA","1000","2","0.1","30","0.1","0.5","1","legal","targeted","35.65770939177732","5","86.4864055992505","86.4864055992505","75","80","80","fixed","1","1","50","774","25","50","21034947","v2.0-design-v1.0","5.900000000000006","8","-2.0999999999999943","96.64889565879665","true","28.019999999999996","22.079999999999995","50","94.1","80","300","941","941","0","0","0","0","0","3570","2538","88","528","416","0","616","0","10","10","1000","1997","3.994","98","6.046198848906722","0","51.9","3.51010101010101","10","357","750"
"867","BA","1000","2","0.1","30","0.1","0.5","1","legal","targeted","35.65770939177732","5","86.4864055992505","86.4864055992505","75","80","80","fixed","1","1","50","774","27","50","21034949","v2.0-design-v1.0","7.299999999999997","8","-0.7000000000000028","96.29629629629629","true","28.066000000000003","21.715999999999994","50","92.7","80","300","927","927","0","0","0","0","0","3570","2522","97","559","392","0","656","0","10","10","1000","1997","3.994","83","5.4965603950267035","0","46","3.56969696969697","10","357","750"
"868","BA","1000","2","0.1","30","0.1","0.5","1","legal","targeted","35.65770939177732","5","86.4864055992505","86.4864055992505","75","80","80","fixed","1","1","50","774","28","50","21034950","v2.0-design-v1.0","8","9.2","-1.1999999999999993","96.04261796042618","true","28.73199999999999","21.492000000000004","50","92","92","300","920","920","0","0","0","0","0","3570","2524","104","558","384","0","662","0","10","10","1000","1997","3.994","85","5.275584877129333","0","43","3.6","10","357","750"
"870","BA","1000","2","0.1","30","0.1","0.5","1","legal","targeted","35.65770939177732","5","86.4864055992505","86.4864055992505","75","80","80","fixed","1","1","50","774","30","50","21034952","v2.0-design-v1.0","9.799999999999997","9","0.7999999999999972","96.19192688499619","true","28.343999999999998","21.303999999999995","50","90.2","90","300","902","902","0","0","0","0","0","3570","2526","100","550","394","0","650","0","10","10","1000","1997","3.994","157","6.374527323543213","0","46.3","3.566666666666667","10","357","750"
"869","BA","1000","2","0.1","30","0.1","0.5","1","legal","targeted","35.65770939177732","5","86.4864055992505","86.4864055992505","75","80","80","fixed","1","1","50","774","29","50","21034951","v2.0-design-v1.0","8.099999999999994","8.799999999999999","-0.7000000000000046","96.16724738675958","true","28.361999999999984","21.162","50","91.9","88","300","919","919","0","0","0","0","0","3570","2484","99","594","393","0","693","0","10","10","1000","1997","3.994","97","5.647641973413307","0","48.9","3.54040404040404","10","357","750"
"871","BA","1000","2","0.1","30","0.1","0.5","1","legal","targeted","14.104474696793094","5","85.9778748098454","85.9778748098454","75","80","80","fixed","1","1","50","775","1","50","21035923","v2.0-design-v1.0","0.20000000000000284","1.4000000000000001","-1.1999999999999973","98.76434245366285","true","13.516000000000005","12.376","50","99.8","14","300","998","998","0","0","0","0","0","1410","1119","14","93","184","0","107","0","10","10","1000","1997","3.994","57","4.852165239097637","0","40","3.6303030303030304","10","141","750"
"872","BA","1000","2","0.1","30","0.1","0.5","1","legal","targeted","14.104474696793094","5","85.9778748098454","85.9778748098454","75","80","80","fixed","1","1","50","775","2","50","21035924","v2.0-design-v1.0","0.29999999999999716","1","-0.7000000000000028","99.10634495084896","true","13.297999999999995","12.338","50","99.7","10","300","997","997","0","0","0","0","0","1410","1109","10","100","191","0","110","0","10","10","1000","1997","3.994","97","5.74917533364716","0","46","3.56969696969697","10","141","750"
"874","BA","1000","2","0.1","30","0.1","0.5","1","legal","targeted","14.104474696793094","5","85.9778748098454","85.9778748098454","75","80","80","fixed","1","1","50","775","4","50","21035926","v2.0-design-v1.0","0","1.4000000000000001","-1.4000000000000001","98.75666074600356","true","13.806000000000004","12.636","50","100","14","300","1000","1000","0","0","0","0","0","1410","1112","14","106","178","0","120","0","10","10","1000","1997","3.994","64","5.016685273278667","0","42.1","3.609090909090909","10","141","750"
"873","BA","1000","2","0.1","30","0.1","0.5","1","legal","targeted","14.104474696793094","5","85.9778748098454","85.9778748098454","75","80","80","fixed","1","1","50","775","3","50","21035925","v2.0-design-v1.0","0.4000000000000057","0.8999999999999999","-0.4999999999999942","99.0299823633157","true","14.104000000000003","13.413999999999989","50","99.6","9","300","996","996","0","0","0","0","0","1410","1123","11","99","177","0","110","0","10","10","1000","1997","3.994","75","5.308874470935253","0","47.4","3.5555555555555554","10","141","750"
"875","BA","1000","2","0.1","30","0.1","0.5","1","legal","targeted","14.104474696793094","5","85.9778748098454","85.9778748098454","75","80","80","fixed","1","1","50","775","5","50","21035927","v2.0-design-v1.0","0.5999999999999943","1.4000000000000001","-0.8000000000000058","98.68421052631578","true","12.831999999999999","11.511999999999993","50","99.4","14","300","994","994","0","0","0","0","0","1410","1125","15","86","184","0","101","0","10","10","1000","1997","3.994","73","5.224869688639439","0","44","3.5898989898989897","10","141","750"
"876","BA","1000","2","0.1","30","0.1","0.5","1","legal","targeted","14.104474696793094","5","85.9778748098454","85.9778748098454","75","80","80","fixed","1","1","50","775","6","50","21035928","v2.0-design-v1.0","0.5999999999999943","1.0999999999999999","-0.5000000000000056","99.03762029746281","true","12.613999999999997","11.634000000000004","50","99.4","11","300","994","994","0","0","0","0","0","1410","1132","11","88","179","0","99","0","10","10","1000","1997","3.994","89","5.318481949790764","0","43.9","3.590909090909091","10","141","750"
"877","BA","1000","2","0.1","30","0.1","0.5","1","legal","targeted","14.104474696793094","5","85.9778748098454","85.9778748098454","75","80","80","fixed","1","1","50","775","7","50","21035929","v2.0-design-v1.0","0.20000000000000284","1.0999999999999999","-0.899999999999997","99.0418118466899","true","13.293999999999999","12.344000000000001","50","99.8","11","300","998","998","0","0","0","0","0","1410","1137","11","90","172","0","101","0","10","10","1000","1997","3.994","105","5.731737678646566","0","48.3","3.5464646464646465","10","141","750"
"878","BA","1000","2","0.1","30","0.1","0.5","1","legal","targeted","14.104474696793094","5","85.9778748098454","85.9778748098454","75","80","80","fixed","1","1","50","775","8","50","21035930","v2.0-design-v1.0","0.09999999999999432","1.7000000000000002","-1.6000000000000059","98.4","true","13.119999999999996","11.660000000000002","50","99.9","17","300","999","999","0","0","0","0","0","1410","1107","18","86","199","0","104","0","10","10","1000","1997","3.994","80","5.077769958135916","0","42.6","3.604040404040404","10","141","750"
"879","BA","1000","2","0.1","30","0.1","0.5","1","legal","targeted","14.104474696793094","5","85.9778748098454","85.9778748098454","75","80","80","fixed","1","1","50","775","9","50","21035931","v2.0-design-v1.0","0.5","2","-1.5","98.2316534040672","true","13.863999999999999","12.134000000000006","50","99.5","20","300","995","995","0","0","0","0","0","1410","1111","20","95","184","0","115","0","10","10","1000","1997","3.994","73","4.859380369715619","0","38.7","3.6434343434343432","10","141","750"
"880","BA","1000","2","0.1","30","0.1","0.5","1","legal","targeted","14.104474696793094","5","85.9778748098454","85.9778748098454","75","80","80","fixed","1","1","50","775","10","50","21035932","v2.0-design-v1.0","0.7000000000000028","2.1999999999999997","-1.499999999999997","98.0565371024735","true","13.838000000000006","11.828000000000001","50","99.3","22","300","993","993","0","0","0","0","0","1410","1110","22","99","179","0","121","0","10","10","1000","1997","3.994","88","5.562274975484653","0","45.9","3.5707070707070705","10","141","750"
"881","BA","1000","2","0.1","30","0.1","0.5","1","legal","targeted","14.104474696793094","5","85.9778748098454","85.9778748098454","75","80","80","fixed","1","1","50","775","11","50","21035933","v2.0-design-v1.0","0.5","1.3","-0.8","98.76325088339223","true","13.854000000000006","12.733999999999998","50","99.5","13","300","995","995","0","0","0","0","0","1410","1118","14","86","192","0","100","0","10","10","1000","1997","3.994","87","5.401216264614579","0","45.8","3.5717171717171716","10","141","750"
"882","BA","1000","2","0.1","30","0.1","0.5","1","legal","targeted","14.104474696793094","5","85.9778748098454","85.9778748098454","75","80","80","fixed","1","1","50","775","12","50","21035934","v2.0-design-v1.0","0.5999999999999943","1.4000000000000001","-0.8000000000000058","98.65951742627345","true","13.22","11.980000000000002","50","99.4","14","300","994","994","0","0","0","0","0","1410","1104","15","93","198","0","108","0","10","10","1000","1997","3.994","108","5.562095010056985","0","42.7","3.603030303030303","10","141","750"
"883","BA","1000","2","0.1","30","0.1","0.5","1","legal","targeted","14.104474696793094","5","85.9778748098454","85.9778748098454","75","80","80","fixed","1","1","50","775","13","50","21035935","v2.0-design-v1.0","0.4000000000000057","1.5","-1.0999999999999943","98.59649122807016","true","13.575999999999999","12.186000000000005","50","99.6","15","300","996","996","0","0","0","0","0","1410","1124","16","86","184","0","102","0","10","10","1000","1997","3.994","89","5.266659444249418","0","43.5","3.594949494949495","10","141","750"
"884","BA","1000","2","0.1","30","0.1","0.5","1","legal","targeted","14.104474696793094","5","85.9778748098454","85.9778748098454","75","80","80","fixed","1","1","50","775","14","50","21035936","v2.0-design-v1.0","0.29999999999999716","1.3","-1.0000000000000029","98.77835951134381","true","12.652000000000001","11.451999999999998","50","99.7","13","300","997","997","0","0","0","0","0","1410","1132","14","90","174","0","104","0","10","10","1000","1997","3.994","113","5.536480526166107","0","45","3.5797979797979798","10","141","750"
"885","BA","1000","2","0.1","30","0.1","0.5","1","legal","targeted","14.104474696793094","5","85.9778748098454","85.9778748098454","75","80","80","fixed","1","1","50","775","15","50","21035937","v2.0-design-v1.0","0.4000000000000057","1.5","-1.0999999999999943","98.6922406277245","true","12.926000000000004","11.566000000000004","50","99.6","15","300","996","996","0","0","0","0","0","1410","1132","15","93","170","0","108","0","10","10","1000","1997","3.994","65","4.625511794316307","0","36.3","3.6676767676767676","10","141","750"
"886","BA","1000","2","0.1","30","0.1","0.5","1","legal","targeted","14.104474696793094","5","85.9778748098454","85.9778748098454","75","80","80","fixed","1","1","50","775","16","50","21035938","v2.0-design-v1.0","0.4000000000000057","1.5","-1.0999999999999943","98.68073878627969","true","13.832","12.531999999999998","50","99.6","15","300","996","996","0","0","0","0","0","1410","1122","15","98","175","0","113","0","10","10","1000","1997","3.994","76","4.968163307163583","0","40.8","3.6222222222222222","10","141","750"
"888","BA","1000","2","0.1","30","0.1","0.5","1","legal","targeted","14.104474696793094","5","85.9778748098454","85.9778748098454","75","80","80","fixed","1","1","50","775","18","50","21035940","v2.0-design-v1.0","0.7999999999999972","0.5","0.29999999999999716","99.55791335101681","true","13.856000000000005","13.356000000000005","50","99.2","5","300","992","992","0","0","0","0","0","1410","1126","5","99","180","0","104","0","10","10","1000","1997","3.994","103","5.658443423944596","0","46.1","3.5686868686868687","10","141","750"
"887","BA","1000","2","0.1","30","0.1","0.5","1","legal","targeted","14.104474696793094","5","85.9778748098454","85.9778748098454","75","80","80","fixed","1","1","50","775","17","50","21035939","v2.0-design-v1.0","0.9000000000000057","1.7999999999999998","-0.8999999999999941","98.42381786339755","true","12.841999999999995","11.162000000000004","50","99.1","18","300","991","991","0","0","0","0","0","1410","1124","18","87","181","0","105","0","10","10","1000","1997","3.994","74","5.078164210790321","0","43","3.6","10","141","750"
"889","BA","1000","2","0.1","30","0.1","0.5","1","legal","targeted","14.104474696793094","5","85.9778748098454","85.9778748098454","75","80","80","fixed","1","1","50","775","19","50","21035941","v2.0-design-v1.0","0.29999999999999716","1.5","-1.2000000000000028","98.67957746478874","true","13.355999999999996","11.915999999999991","50","99.7","15","300","997","997","0","0","0","0","0","1410","1121","15","95","179","0","110","0","10","10","1000","1997","3.994","79","5.50001947398499","0","47.3","3.5565656565656565","10","141","750"
"891","BA","1000","2","0.1","30","0.1","0.5","1","legal","targeted","14.104474696793094","5","85.9778748098454","85.9778748098454","75","80","80","fixed","1","1","50","775","21","50","21035943","v2.0-design-v1.0","0.5","1.7999999999999998","-1.2999999999999998","98.31709477413641","true","14.992000000000003","13.422","50","99.5","18","300","995","995","0","0","0","0","0","1410","1110","19","95","186","0","114","0","10","10","1000","1997","3.994","94","5.152913400836121","0","41.5","3.6151515151515152","10","141","750"
"890","BA","1000","2","0.1","30","0.1","0.5","1","legal","targeted","14.104474696793094","5","85.9778748098454","85.9778748098454","75","80","80","fixed","1","1","50","775","20","50","21035942","v2.0-design-v1.0","0.29999999999999716","1.6","-1.300000000000003","98.39715048975958","true","12.965999999999998","11.575999999999999","50","99.7","16","300","997","997","0","0","0","0","0","1410","1105","18","100","187","0","118","0","10","10","1000","1997","3.994","61","5.073431156890135","0","40.9","3.621212121212121","10","141","750"
"892","BA","1000","2","0.1","30","0.1","0.5","1","legal","targeted","14.104474696793094","5","85.9778748098454","85.9778748098454","75","80","80","fixed","1","1","50","775","22","50","21035944","v2.0-design-v1.0","0.29999999999999716","2","-1.7000000000000028","98.06338028169014","true","13.427999999999999","11.588000000000005","50","99.7","20","300","997","997","0","0","0","0","0","1410","1114","22","99","175","0","121","0","10","10","1000","1997","3.994","69","5.024062619554526","0","41.3","3.617171717171717","10","141","750"
"893","BA","1000","2","0.1","30","0.1","0.5","1","legal","targeted","14.104474696793094","5","85.9778748098454","85.9778748098454","75","80","80","fixed","1","1","50","775","23","50","21035945","v2.0-design-v1.0","0.09999999999999432","2.1","-2.0000000000000058","97.8102189781022","true","13.518000000000002","11.578000000000005","50","99.9","21","300","999","999","0","0","0","0","0","1410","1072","24","120","194","0","144","0","10","10","1000","1997","3.994","78","5.228891403089683","0","42.8","3.602020202020202","10","141","750"
"894","BA","1000","2","0.1","30","0.1","0.5","1","legal","targeted","14.104474696793094","5","85.9778748098454","85.9778748098454","75","80","80","fixed","1","1","50","775","24","50","21035946","v2.0-design-v1.0","0.5999999999999943","2.4","-1.8000000000000056","97.82214156079854","true","13.162000000000008","11.012000000000002","50","99.4","24","300","994","994","0","0","0","0","0","1410","1078","24","108","200","0","132","0","10","10","1000","1997","3.994","64","4.964938530799199","0","43.4","3.595959595959596","10","141","750"
"895","BA","1000","2","0.1","30","0.1","0.5","1","legal","targeted","14.104474696793094","5","85.9778748098454","85.9778748098454","75","80","80","fixed","1","1","50","775","25","50","21035947","v2.0-design-v1.0","0.5999999999999943","1.3","-0.7000000000000057","98.861646234676","true","13.167999999999997","11.958000000000002","50","99.4","13","300","994","994","0","0","0","0","0","1410","1129","13","83","185","0","96","0","10","10","1000","1997","3.994","69","5.1346205632284265","0","42.6","3.604040404040404","10","141","750"
"896","BA","1000","2","0.1","30","0.1","0.5","1","legal","targeted","14.104474696793094","5","85.9778748098454","85.9778748098454","75","80","80","fixed","1","1","50","775","26","50","21035948","v2.0-design-v1.0","1.0999999999999943","1.7999999999999998","-0.7000000000000055","98.31560283687944","true","13.177999999999999","11.678000000000003","50","98.9","18","300","989","989","0","0","0","0","0","1410","1109","19","106","176","0","125","0","10","10","1000","1997","3.994","77","5.381535554553631","0","46.2","3.5676767676767676","10","141","750"
"897","BA","1000","2","0.1","30","0.1","0.5","1","legal","targeted","14.104474696793094","5","85.9778748098454","85.9778748098454","75","80","80","fixed","1","1","50","775","27","50","21035949","v2.0-design-v1.0","0.4000000000000057","1.4000000000000001","-0.9999999999999944","98.69109947643979","true","13.755999999999998","12.425999999999997","50","99.6","14","300","996","996","0","0","0","0","0","1410","1131","15","102","162","0","117","0","10","10","1000","1997","3.994","88","5.385812006649588","0","44.1","3.588888888888889","10","141","750"
"898","BA","1000","2","0.1","30","0.1","0.5","1","legal","targeted","14.104474696793094","5","85.9778748098454","85.9778748098454","75","80","80","fixed","1","1","50","775","28","50","21035950","v2.0-design-v1.0","0.7000000000000028","1.4000000000000001","-0.6999999999999973","98.75666074600356","true","13.750000000000009","12.44","50","99.3","14","300","993","993","0","0","0","0","0","1410","1112","14","83","201","0","97","0","10","10","1000","1997","3.994","92","5.477953264858314","0","43.8","3.591919191919192","10","141","750"
"899","BA","1000","2","0.1","30","0.1","0.5","1","legal","targeted","14.104474696793094","5","85.9778748098454","85.9778748098454","75","80","80","fixed","1","1","50","775","29","50","21035951","v2.0-design-v1.0","1.2000000000000028","2","-0.7999999999999972","98.08529155787642","true","13.208000000000002","11.338000000000001","50","98.8","20","300","988","988","0","0","0","0","0","1410","1127","22","85","176","0","107","0","10","10","1000","1997","3.994","61","4.607514860875987","0","38.4","3.6464646464646466","10","141","750"
"900","BA","1000","2","0.1","30","0.1","0.5","1","legal","targeted","14.104474696793094","5","85.9778748098454","85.9778748098454","75","80","80","fixed","1","1","50","775","30","50","21035952","v2.0-design-v1.0","1.2000000000000028","0.8999999999999999","0.30000000000000293","99.20634920634922","true","12.770000000000007","12.120000000000003","50","98.8","9","300","988","988","0","0","0","0","0","1410","1125","9","96","180","0","105","0","10","10","1000","1997","3.994","105","5.6704601328391355","0","48","3.5494949494949495","10","141","750"
"901","BA","1000","2","0.1","30","0.1","0.5","1","legal","targeted","98.32908772203888","5","90.09810506197738","90.09810506197738","75","80","80","fixed","1","1","50","776","1","50","21036923","v2.0-design-v1.0","81.4","49.9","31.500000000000007","79.51474201474201","true","89.74199999999998","60.72199999999999","50","18.6","499","300","186","186","0","0","0","0","0","9830","2589","667","6290","284","0","6957","0","10","10","1000","1997","3.994","65","5.096856084091627","0","42.5","3.605050505050505","10","983","750"
"902","BA","1000","2","0.1","30","0.1","0.5","1","legal","targeted","98.32908772203888","5","90.09810506197738","90.09810506197738","75","80","80","fixed","1","1","50","776","2","50","21036924","v2.0-design-v1.0","86.1","48.9","37.199999999999996","78.48542458808619","true","90.744","61.67400000000001","50","13.900000000000002","489","300","139","139","0","0","0","0","0","9830","2477","679","6423","251","0","7102","0","10","10","1000","1997","3.994","71","4.967155789446972","0","41.5","3.6151515151515152","10","983","750"
"903","BA","1000","2","0.1","30","0.1","0.5","1","legal","targeted","98.32908772203888","5","90.09810506197738","90.09810506197738","75","80","80","fixed","1","1","50","776","3","50","21036925","v2.0-design-v1.0","78.8","49.7","29.099999999999994","78.29432510420007","true","90.48600000000002","59.67599999999999","50","21.2","497","300","212","212","0","0","0","0","0","9830","2442","677","6455","256","0","7132","0","10","10","1000","1997","3.994","69","5.08958425294913","0","42.8","3.602020202020202","10","983","750"
"904","BA","1000","2","0.1","30","0.1","0.5","1","legal","targeted","98.32908772203888","5","90.09810506197738","90.09810506197738","75","80","80","fixed","1","1","50","776","4","50","21036926","v2.0-design-v1.0","85.5","50.4","35.1","78.93778452200303","true","90.18599999999996","60.076","50","14.499999999999998","504","300","145","145","0","0","0","0","0","9830","2601","694","6260","275","0","6954","0","10","10","1000","1997","3.994","86","5.211633633048761","0","41.3","3.617171717171717","10","983","750"
"905","BA","1000","2","0.1","30","0.1","0.5","1","legal","targeted","98.32908772203888","5","90.09810506197738","90.09810506197738","75","80","80","fixed","1","1","50","776","5","50","21036927","v2.0-design-v1.0","73.6","52.1","21.499999999999993","76.4344262295082","true","91.18199999999999","60.062000000000005","50","26.400000000000002","521","300","264","264","0","0","0","0","0","9830","2238","690","6665","237","0","7355","0","10","10","1000","1997","3.994","66","4.98043861208716","0","41.2","3.618181818181818","10","983","750"
"906","BA","1000","2","0.1","30","0.1","0.5","1","legal","targeted","98.32908772203888","5","90.09810506197738","90.09810506197738","75","80","80","fixed","1","1","50","776","6","50","21036928","v2.0-design-v1.0","79.7","47.3","32.400000000000006","81.8207126948775","true","87.944","60.38400000000002","50","20.3","473","300","203","203","0","0","0","0","0","9830","2939","653","5903","335","0","6556","0","10","10","1000","1997","3.994","96","5.550925758535839","0","44","3.5898989898989897","10","983","750"
"907","BA","1000","2","0.1","30","0.1","0.5","1","legal","targeted","98.32908772203888","5","90.09810506197738","90.09810506197738","75","80","80","fixed","1","1","50","776","7","50","21036929","v2.0-design-v1.0","78.2","48","30.200000000000003","81.09267734553775","true","88.544","59.043999999999976","50","21.8","480","300","218","218","0","0","0","0","0","9830","2835","661","6012","322","0","6673","0","10","10","1000","1997","3.994","118","5.891406680299103","0","47.1","3.5585858585858587","10","983","750"
"908","BA","1000","2","0.1","30","0.1","0.5","1","legal","targeted","98.32908772203888","5","90.09810506197738","90.09810506197738","75","80","80","fixed","1","1","50","776","8","50","21036930","v2.0-design-v1.0","80.8","48.699999999999996","32.1","79.08675799086758","true","89.92800000000003","61.588","50","19.2","487","300","192","192","0","0","0","0","0","9830","2598","687","6258","287","0","6945","0","10","10","1000","1997","3.994","94","5.405477146671058","0","42.8","3.602020202020202","10","983","750"
"909","BA","1000","2","0.1","30","0.1","0.5","1","legal","targeted","98.32908772203888","5","90.09810506197738","90.09810506197738","75","80","80","fixed","1","1","50","776","9","50","21036931","v2.0-design-v1.0","80.2","49.1","31.1","78.24415251521948","true","90.56199999999998","60.172","50","19.8","491","300","198","198","0","0","0","0","0","9830","2442","679","6454","255","0","7133","0","10","10","1000","1997","3.994","63","5.005498878135818","0","40.8","3.6222222222222222","10","983","750"
"910","BA","1000","2","0.1","30","0.1","0.5","1","legal","targeted","98.32908772203888","5","90.09810506197738","90.09810506197738","75","80","80","fixed","1","1","50","776","10","50","21036932","v2.0-design-v1.0","84.5","52.400000000000006","32.099999999999994","75.6594323873122","true","91.436","59.76599999999999","50","15.5","524","300","155","155","0","0","0","0","0","9830","2266","729","6578","257","0","7307","0","10","10","1000","1997","3.994","79","5.087420352776618","0","40.8","3.6222222222222222","10","983","750"
"911","BA","1000","2","0.1","30","0.1","0.5","1","legal","targeted","98.32908772203888","5","90.09810506197738","90.09810506197738","75","80","80","fixed","1","1","50","776","11","50","21036933","v2.0-design-v1.0","91.4","53.6","37.800000000000004","73.85208552400981","true","92.79199999999997","61.48200000000001","50","8.6","536","300","86","86","0","0","0","0","0","9830","2107","746","6769","208","0","7515","0","10","10","1000","1997","3.994","59","4.567584353553495","0","35.7","3.6737373737373735","10","983","750"
"912","BA","1000","2","0.1","30","0.1","0.5","1","legal","targeted","98.32908772203888","5","90.09810506197738","90.09810506197738","75","80","80","fixed","1","1","50","776","12","50","21036934","v2.0-design-v1.0","77.8","55.00000000000001","22.79999999999999","69.85062893081762","true","93.99799999999999","61.257999999999996","50","22.2","550","300","222","222","0","0","0","0","0","9830","1777","767","7111","175","0","7878","0","10","10","1000","1997","3.994","55","4.684005113565079","0","37.2","3.6585858585858584","10","983","750"
"913","BA","1000","2","0.1","30","0.1","0.5","1","legal","targeted","98.32908772203888","5","90.09810506197738","90.09810506197738","75","80","80","fixed","1","1","50","776","13","50","21036935","v2.0-design-v1.0","89.6","53.5","36.099999999999994","73.23446327683615","true","92.88600000000001","59.01599999999997","50","10.4","535","300","104","104","0","0","0","0","0","9830","2074","758","6790","208","0","7548","0","10","10","1000","1997","3.994","73","4.973600376055625","0","40.7","3.6232323232323234","10","983","750"
"914","BA","1000","2","0.1","30","0.1","0.5","1","legal","targeted","98.32908772203888","5","90.09810506197738","90.09810506197738","75","80","80","fixed","1","1","50","776","14","50","21036936","v2.0-design-v1.0","79.1","52.400000000000006","26.69999999999999","76.12881806108898","true","91.288","59.578","50","20.9","524","300","209","209","0","0","0","0","0","9830","2293","719","6580","238","0","7299","0","10","10","1000","1997","3.994","62","5.051284933507454","0","41.7","3.613131313131313","10","983","750"
"915","BA","1000","2","0.1","30","0.1","0.5","1","legal","targeted","98.32908772203888","5","90.09810506197738","90.09810506197738","75","80","80","fixed","1","1","50","776","15","50","21036937","v2.0-design-v1.0","74.6","50.9","23.699999999999996","79.71181556195965","true","88.65799999999999","56.808000000000014","50","25.4","509","300","254","254","0","0","0","0","0","9830","2766","704","6044","316","0","6748","0","10","10","1000","1997","3.994","100","5.351317650878196","0","43.5","3.594949494949495","10","983","750"
"916","BA","1000","2","0.1","30","0.1","0.5","1","legal","targeted","98.32908772203888","5","90.09810506197738","90.09810506197738","75","80","80","fixed","1","1","50","776","16","50","21036938","v2.0-design-v1.0","73.5","49.9","23.6","80.55242390078917","true","88.726","59.136","50","26.5","499","300","265","265","0","0","0","0","0","9830","2858","690","6001","281","0","6691","0","10","10","1000","1997","3.994","101","5.511836748702223","0","45.3","3.576767676767677","10","983","750"
"917","BA","1000","2","0.1","30","0.1","0.5","1","legal","targeted","98.32908772203888","5","90.09810506197738","90.09810506197738","75","80","80","fixed","1","1","50","776","17","50","21036939","v2.0-design-v1.0","83.3","49.5","33.8","78.16274634456452","true","90.94200000000001","60.99199999999998","50","16.7","495","300","167","167","0","0","0","0","0","9830","2459","687","6433","251","0","7120","0","10","10","1000","1997","3.994","82","5.214897809081121","0","43.7","3.592929292929293","10","983","750"
"918","BA","1000","2","0.1","30","0.1","0.5","1","legal","targeted","98.32908772203888","5","90.09810506197738","90.09810506197738","75","80","80","fixed","1","1","50","776","18","50","21036940","v2.0-design-v1.0","73.6","53","20.599999999999994","75.88075880758808","true","91.29800000000004","58.207999999999984","50","26.400000000000002","530","300","264","264","0","0","0","0","0","9830","2240","712","6638","240","0","7350","0","10","10","1000","1997","3.994","76","5.420825522865426","0","45.7","3.5727272727272728","10","983","750"
"919","BA","1000","2","0.1","30","0.1","0.5","1","legal","targeted","98.32908772203888","5","90.09810506197738","90.09810506197738","75","80","80","fixed","1","1","50","776","19","50","21036941","v2.0-design-v1.0","80.5","52.7","27.799999999999997","76.48562300319489","true","91.11","58.58000000000002","50","19.5","527","300","195","195","0","0","0","0","0","9830","2394","736","6444","256","0","7180","0","10","10","1000","1997","3.994","91","5.244756569324393","0","42.9","3.601010101010101","10","983","750"
"920","BA","1000","2","0.1","30","0.1","0.5","1","legal","targeted","98.32908772203888","5","90.09810506197738","90.09810506197738","75","80","80","fixed","1","1","50","776","20","50","21036942","v2.0-design-v1.0","75.4","52.2","23.200000000000003","76.17647058823529","true","91.11599999999999","59.446000000000005","50","24.6","522","300","246","246","0","0","0","0","0","9830","2331","729","6536","234","0","7265","0","10","10","1000","1997","3.994","100","5.63753011040701","0","47.6","3.5535353535353535","10","983","750"
"921","BA","1000","2","0.1","30","0.1","0.5","1","legal","targeted","98.32908772203888","5","90.09810506197738","90.09810506197738","75","80","80","fixed","1","1","50","776","21","50","21036943","v2.0-design-v1.0","86.9","47.599999999999994","39.30000000000001","79.14285714285715","true","90.906","62.52599999999998","50","13.100000000000001","476","300","131","131","0","0","0","0","0","9830","2493","657","6412","268","0","7069","0","10","10","1000","1997","3.994","82","5.1191962425921975","0","40.1","3.6292929292929292","10","983","750"
"922","BA","1000","2","0.1","30","0.1","0.5","1","legal","targeted","98.32908772203888","5","90.09810506197738","90.09810506197738","75","80","80","fixed","1","1","50","776","22","50","21036944","v2.0-design-v1.0","78","51.300000000000004","26.699999999999996","79.37956204379562","true","89.598","58.987999999999985","50","22","513","300","220","220","0","0","0","0","0","9830","2610","678","6257","285","0","6935","0","10","10","1000","1997","3.994","72","5.029837299879911","0","42.7","3.603030303030303","10","983","750"
"923","BA","1000","2","0.1","30","0.1","0.5","1","legal","targeted","98.32908772203888","5","90.09810506197738","90.09810506197738","75","80","80","fixed","1","1","50","776","23","50","21036945","v2.0-design-v1.0","77.1","50.6","26.499999999999993","79.34340499709471","true","88.59999999999998","56.720000000000006","50","22.900000000000002","506","300","229","229","0","0","0","0","0","9830","2731","711","6052","336","0","6763","0","10","10","1000","1997","3.994","85","5.458365850486541","0","46.7","3.562626262626263","10","983","750"
"924","BA","1000","2","0.1","30","0.1","0.5","1","legal","targeted","98.32908772203888","5","90.09810506197738","90.09810506197738","75","80","80","fixed","1","1","50","776","24","50","21036946","v2.0-design-v1.0","79.5","51.6","27.9","79.01049475262369","true","89.56999999999996","58.1","50","20.5","516","300","205","205","0","0","0","0","0","9830","2635","700","6189","306","0","6889","0","10","10","1000","1997","3.994","83","5.1334507221084955","0","42.5","3.605050505050505","10","983","750"
"925","BA","1000","2","0.1","30","0.1","0.5","1","legal","targeted","98.32908772203888","5","90.09810506197738","90.09810506197738","75","80","80","fixed","1","1","50","776","25","50","21036947","v2.0-design-v1.0","78.4","50.6","27.800000000000004","79.52095808383234","true","89.45200000000001","58.90200000000001","50","21.6","506","300","216","216","0","0","0","0","0","9830","2656","684","6222","268","0","6906","0","10","10","1000","1997","3.994","104","5.298116083480423","0","42.1","3.609090909090909","10","983","750"
"926","BA","1000","2","0.1","30","0.1","0.5","1","legal","targeted","98.32908772203888","5","90.09810506197738","90.09810506197738","75","80","80","fixed","1","1","50","776","26","50","21036948","v2.0-design-v1.0","76.1","52.2","23.89999999999999","78.31398900427612","true","90.152","59.14199999999999","50","23.9","522","300","239","239","0","0","0","0","0","9830","2564","710","6307","249","0","7017","0","10","10","1000","1997","3.994","78","5.456715105238651","0","46.5","3.5646464646464646","10","983","750"
"927","BA","1000","2","0.1","30","0.1","0.5","1","legal","targeted","98.32908772203888","5","90.09810506197738","90.09810506197738","75","80","80","fixed","1","1","50","776","27","50","21036949","v2.0-design-v1.0","82.5","50.4","32.1","79.81892523364486","true","88.93","57.650000000000006","50","17.5","504","300","175","175","0","0","0","0","0","9830","2733","691","6082","324","0","6773","0","10","10","1000","1997","3.994","73","5.33633211489318","0","45.3","3.576767676767677","10","983","750"
"928","BA","1000","2","0.1","30","0.1","0.5","1","legal","targeted","98.32908772203888","5","90.09810506197738","90.09810506197738","75","80","80","fixed","1","1","50","776","28","50","21036950","v2.0-design-v1.0","80.4","51.4","29.000000000000007","76.67329357190192","true","91.708","61.708","50","19.6","514","300","196","196","0","0","0","0","0","9830","2314","704","6597","215","0","7301","0","10","10","1000","1997","3.994","79","4.9140728639400555","0","39.4","3.6363636363636362","10","983","750"
"929","BA","1000","2","0.1","30","0.1","0.5","1","legal","targeted","98.32908772203888","5","90.09810506197738","90.09810506197738","75","80","80","fixed","1","1","50","776","29","50","21036951","v2.0-design-v1.0","90.6","50.1","40.49999999999999","79.52732644017725","true","89.65199999999997","60.24200000000002","50","9.4","501","300","94","94","0","0","0","0","0","9830","2692","693","6160","285","0","6853","0","10","10","1000","1997","3.994","70","5.15330190465496","0","44.7","3.5828282828282827","10","983","750"
"930","BA","1000","2","0.1","30","0.1","0.5","1","legal","targeted","98.32908772203888","5","90.09810506197738","90.09810506197738","75","80","80","fixed","1","1","50","776","30","50","21036952","v2.0-design-v1.0","81.6","50.9","30.699999999999996","77.5523560209424","true","90.78800000000001","59.547999999999995","50","18.4","509","300","184","184","0","0","0","0","0","9830","2370","686","6509","265","0","7195","0","10","10","1000","1997","3.994","51","4.801564226272408","0","40.8","3.6222222222222222","10","983","750"
"931","BA","1000","2","0.1","30","0.1","0.5","1","legal","targeted","53.62703343608153","13","95.08987559399307","95.08987559399307","75","80","80","fixed","1","1","50","777","1","50","21037923","v2.0-design-v1.0","4.1000000000000085","1.6","2.5000000000000084","99.06158357771261","true","26.671999999999993","25.176000000000002","50","95.89999999999999","16","300","959","959","0","0","0","0","0","2144","1689","16","356","83","0","372","0","4","4","1000","1997","3.994","79","5.04255802062716","0","39.6","3.6343434343434344","10","536","750"
"932","BA","1000","2","0.1","30","0.1","0.5","1","legal","targeted","53.62703343608153","13","95.08987559399307","95.08987559399307","75","80","80","fixed","1","1","50","777","2","50","21037924","v2.0-design-v1.0","3.799999999999997","1.7999999999999998","1.9999999999999973","98.94117647058823","true","26.638000000000012","24.94199999999999","50","96.2","18","300","962","962","0","0","0","0","0","2144","1682","18","362","82","0","380","0","4","4","1000","1997","3.994","77","5.283548038948805","0","44.6","3.583838383838384","10","536","750"
"933","BA","1000","2","0.1","30","0.1","0.5","1","legal","targeted","53.62703343608153","13","95.08987559399307","95.08987559399307","75","80","80","fixed","1","1","50","777","3","50","21037925","v2.0-design-v1.0","3.200000000000003","1.7000000000000002","1.5000000000000027","99.00874635568513","true","26.906","25.257999999999985","50","96.8","17","300","968","968","0","0","0","0","0","2144","1698","17","339","90","0","356","0","4","4","1000","1997","3.994","77","5.208751778986494","0","42.6","3.604040404040404","10","536","750"
"934","BA","1000","2","0.1","30","0.1","0.5","1","legal","targeted","53.62703343608153","13","95.08987559399307","95.08987559399307","75","80","80","fixed","1","1","50","777","4","50","21037926","v2.0-design-v1.0","3.5","1","2.5","99.41417691857059","true","26.355999999999995","25.407999999999998","50","96.5","10","300","965","965","0","0","0","0","0","2144","1697","10","349","88","0","359","0","4","4","1000","1997","3.994","74","4.928514406416418","0","41.3","3.617171717171717","10","536","750"
"935","BA","1000","2","0.1","30","0.1","0.5","1","legal","targeted","53.62703343608153","13","95.08987559399307","95.08987559399307","75","80","80","fixed","1","1","50","777","5","50","21037927","v2.0-design-v1.0","2.700000000000003","1.0999999999999999","1.600000000000003","99.35822637106185","true","26.313999999999986","25.421999999999993","50","97.3","11","300","973","973","0","0","0","0","0","2144","1703","11","340","90","0","351","0","4","4","1000","1997","3.994","70","5.404365936090105","0","45.9","3.5707070707070705","10","536","750"
"936","BA","1000","2","0.1","30","0.1","0.5","1","legal","targeted","53.62703343608153","13","95.08987559399307","95.08987559399307","75","80","80","fixed","1","1","50","777","6","50","21037928","v2.0-design-v1.0","3.6000000000000085","1.5","2.1000000000000085","99.06759906759906","true","26.482","25.111999999999995","50","96.39999999999999","15","300","964","964","0","0","0","0","0","2144","1700","16","356","72","0","372","0","4","4","1000","1997","3.994","66","4.984657541979259","0","42.2","3.608080808080808","10","536","750"
"937","BA","1000","2","0.1","30","0.1","0.5","1","legal","targeted","53.62703343608153","13","95.08987559399307","95.08987559399307","75","80","80","fixed","1","1","50","777","7","50","21037929","v2.0-design-v1.0","3.4000000000000057","2","1.4000000000000057","98.81305637982196","true","27.646000000000004","25.906","50","96.6","20","300","966","966","0","0","0","0","0","2144","1665","20","381","78","0","401","0","4","4","1000","1997","3.994","56","4.657430155746357","0","39","3.6404040404040403","10","536","750"
"938","BA","1000","2","0.1","30","0.1","0.5","1","legal","targeted","53.62703343608153","13","95.08987559399307","95.08987559399307","75","80","80","fixed","1","1","50","777","8","50","21037930","v2.0-design-v1.0","4.200000000000003","2.7","1.5000000000000027","98.4004739336493","true","27.055999999999997","24.64199999999999","50","95.8","27","300","958","958","0","0","0","0","0","2144","1661","27","370","86","0","397","0","4","4","1000","1997","3.994","67","4.964333652023052","0","41","3.6202020202020204","10","536","750"
"939","BA","1000","2","0.1","30","0.1","0.5","1","legal","targeted","53.62703343608153","13","95.08987559399307","95.08987559399307","75","80","80","fixed","1","1","50","777","9","50","21037931","v2.0-design-v1.0","3","2.7","0.2999999999999998","98.41549295774648","true","26.245999999999995","23.57199999999999","50","97","27","300","970","970","0","0","0","0","0","2144","1677","27","349","91","0","376","0","4","4","1000","1997","3.994","61","5.075009331983501","0","43.6","3.5939393939393938","10","536","750"
"940","BA","1000","2","0.1","30","0.1","0.5","1","legal","targeted","53.62703343608153","13","95.08987559399307","95.08987559399307","75","80","80","fixed","1","1","50","777","10","50","21037932","v2.0-design-v1.0","4.400000000000006","1.7999999999999998","2.600000000000006","98.95773016792126","true","26.660000000000004","24.886","50","95.6","18","300","956","956","0","0","0","0","0","2144","1709","18","351","66","0","369","0","4","4","1000","1997","3.994","93","5.270269418136005","0","43.2","3.597979797979798","10","536","750"
"941","BA","1000","2","0.1","30","0.1","0.5","1","legal","targeted","53.62703343608153","13","95.08987559399307","95.08987559399307","75","80","80","fixed","1","1","50","777","11","50","21037933","v2.0-design-v1.0","2.799999999999997","1.7000000000000002","1.099999999999997","99.00058788947678","true","25.607999999999993","23.986000000000004","50","97.2","17","300","972","972","0","0","0","0","0","2144","1684","17","348","95","0","365","0","4","4","1000","1997","3.994","77","5.4309722388776205","0","46.2","3.5676767676767676","10","536","750"
"942","BA","1000","2","0.1","30","0.1","0.5","1","legal","targeted","53.62703343608153","13","95.08987559399307","95.08987559399307","75","80","80","fixed","1","1","50","777","12","50","21037934","v2.0-design-v1.0","3.5","1.4000000000000001","2.0999999999999996","99.12739965095986","true","25.798000000000002","24.554000000000002","50","96.5","14","300","965","965","0","0","0","0","0","2144","1704","15","345","80","0","360","0","4","4","1000","1997","3.994","69","5.187762222469029","0","45.2","3.577777777777778","10","536","750"
"943","BA","1000","2","0.1","30","0.1","0.5","1","legal","targeted","53.62703343608153","13","95.08987559399307","95.08987559399307","75","80","80","fixed","1","1","50","777","13","50","21037935","v2.0-design-v1.0","3.5","2.5","1","98.54819976771196","true","25.453999999999986","23.266","50","96.5","25","300","965","965","0","0","0","0","0","2144","1697","25","339","83","0","364","0","4","4","1000","1997","3.994","90","5.38413901686731","0","43.1","3.598989898989899","10","536","750"
"944","BA","1000","2","0.1","30","0.1","0.5","1","legal","targeted","53.62703343608153","13","95.08987559399307","95.08987559399307","75","80","80","fixed","1","1","50","777","14","50","21037936","v2.0-design-v1.0","5.6000000000000085","2","3.6000000000000085","98.83040935672514","true","26.726","24.881999999999994","50","94.39999999999999","20","300","944","944","0","0","0","0","0","2144","1690","20","354","80","0","374","0","4","4","1000","1997","3.994","90","5.330513894398766","0","43.7","3.592929292929293","10","536","750"
"945","BA","1000","2","0.1","30","0.1","0.5","1","legal","targeted","53.62703343608153","13","95.08987559399307","95.08987559399307","75","80","80","fixed","1","1","50","777","15","50","21037937","v2.0-design-v1.0","2.299999999999997","1.9","0.39999999999999725","98.8670244484198","true","25.466000000000005","23.67","50","97.7","19","300","977","977","0","0","0","0","0","2144","1658","19","375","92","0","394","0","4","4","1000","1997","3.994","75","5.2601933076298195","0","44.6","3.583838383838384","10","536","750"
"946","BA","1000","2","0.1","30","0.1","0.5","1","legal","targeted","53.62703343608153","13","95.08987559399307","95.08987559399307","75","80","80","fixed","1","1","50","777","16","50","21037938","v2.0-design-v1.0","3.1000000000000085","1.4000000000000001","1.7000000000000084","99.1715976331361","true","24.890000000000004","23.541999999999998","50","96.89999999999999","14","300","969","969","0","0","0","0","0","2144","1676","14","358","96","0","372","0","4","4","1000","1997","3.994","79","5.308308783609149","0","44.9","3.580808080808081","10","536","750"
"947","BA","1000","2","0.1","30","0.1","0.5","1","legal","targeted","53.62703343608153","13","95.08987559399307","95.08987559399307","75","80","80","fixed","1","1","50","777","17","50","21037939","v2.0-design-v1.0","3","1.5","1.5","99.11504424778761","true","26.291999999999998","24.791999999999998","50","97","15","300","970","970","0","0","0","0","0","2144","1680","15","350","99","0","365","0","4","4","1000","1997","3.994","64","5.001497673595265","0","43.2","3.597979797979798","10","536","750"
"948","BA","1000","2","0.1","30","0.1","0.5","1","legal","targeted","53.62703343608153","13","95.08987559399307","95.08987559399307","75","80","80","fixed","1","1","50","777","18","50","21037940","v2.0-design-v1.0","3.1000000000000085","1.0999999999999999","2.000000000000009","99.35785172212492","true","25.54799999999999","24.448000000000015","50","96.89999999999999","11","300","969","969","0","0","0","0","0","2144","1702","11","356","75","0","367","0","4","4","1000","1997","3.994","71","5.295848374907452","0","45.5","3.5747474747474746","10","536","750"
"949","BA","1000","2","0.1","30","0.1","0.5","1","legal","targeted","53.62703343608153","13","95.08987559399307","95.08987559399307","75","80","80","fixed","1","1","50","777","19","50","21037941","v2.0-design-v1.0","2.799999999999997","2.1999999999999997","0.5999999999999974","98.70588235294117","true","26.63400000000001","24.538000000000007","50","97.2","22","300","972","972","0","0","0","0","0","2144","1678","22","355","89","0","377","0","4","4","1000","1997","3.994","89","5.195859982809477","0","42.6","3.604040404040404","10","536","750"
"950","BA","1000","2","0.1","30","0.1","0.5","1","legal","targeted","53.62703343608153","13","95.08987559399307","95.08987559399307","75","80","80","fixed","1","1","50","777","20","50","21037942","v2.0-design-v1.0","3.700000000000003","1.7999999999999998","1.900000000000003","98.95833333333334","true","25.89","24.246000000000002","50","96.3","18","300","963","963","0","0","0","0","0","2144","1710","18","332","84","0","350","0","4","4","1000","1997","3.994","76","5.107254453035207","0","42.5","3.605050505050505","10","536","750"
"951","BA","1000","2","0.1","30","0.1","0.5","1","legal","targeted","53.62703343608153","13","95.08987559399307","95.08987559399307","75","80","80","fixed","1","1","50","777","21","50","21037943","v2.0-design-v1.0","5.200000000000003","1.7000000000000002","3.5000000000000027","99.01790872328135","true","26.800000000000008","25.178","50","94.8","17","300","948","948","0","0","0","0","0","2144","1714","17","334","79","0","351","0","4","4","1000","1997","3.994","76","4.947569346905843","0","39.8","3.632323232323232","10","536","750"
"952","BA","1000","2","0.1","30","0.1","0.5","1","legal","targeted","53.62703343608153","13","95.08987559399307","95.08987559399307","75","80","80","fixed","1","1","50","777","22","50","21037944","v2.0-design-v1.0","2.1000000000000085","1.6","0.5000000000000084","99.04988123515439","true","25.898000000000007","24.506","50","97.89999999999999","16","300","979","979","0","0","0","0","0","2144","1668","16","369","91","0","385","0","4","4","1000","1997","3.994","107","6.050005501366668","0","50.1","3.5282828282828285","10","536","750"
"953","BA","1000","2","0.1","30","0.1","0.5","1","legal","targeted","53.62703343608153","13","95.08987559399307","95.08987559399307","75","80","80","fixed","1","1","50","777","23","50","21037945","v2.0-design-v1.0","3.799999999999997","1.6","2.199999999999997","99.06268306971295","true","26.916000000000004","25.471999999999994","50","96.2","16","300","962","962","0","0","0","0","0","2144","1691","16","346","91","0","362","0","4","4","1000","1997","3.994","74","5.142023376493371","0","43.3","3.596969696969697","10","536","750"
"954","BA","1000","2","0.1","30","0.1","0.5","1","legal","targeted","53.62703343608153","13","95.08987559399307","95.08987559399307","75","80","80","fixed","1","1","50","777","24","50","21037946","v2.0-design-v1.0","3.299999999999997","2.3","0.9999999999999973","98.6446670595168","true","26.826000000000004","24.65599999999999","50","96.7","23","300","967","967","0","0","0","0","0","2144","1674","23","359","88","0","382","0","4","4","1000","1997","3.994","89","5.290364066106592","0","44.3","3.5868686868686868","10","536","750"
"955","BA","1000","2","0.1","30","0.1","0.5","1","legal","targeted","53.62703343608153","13","95.08987559399307","95.08987559399307","75","80","80","fixed","1","1","50","777","25","50","21037947","v2.0-design-v1.0","2.700000000000003","1.2","1.5000000000000029","99.27884615384616","true","25.81200000000001","24.82","50","97.3","12","300","973","973","0","0","0","0","0","2144","1652","12","381","99","0","393","0","4","4","1000","1997","3.994","76","5.014290289473377","0","42.3","3.607070707070707","10","536","750"
"956","BA","1000","2","0.1","30","0.1","0.5","1","legal","targeted","53.62703343608153","13","95.08987559399307","95.08987559399307","75","80","80","fixed","1","1","50","777","26","50","21037948","v2.0-design-v1.0","3","1.6","1.4","99.05937683715462","true","25.377999999999997","23.804000000000002","50","97","16","300","970","970","0","0","0","0","0","2144","1685","16","349","94","0","365","0","4","4","1000","1997","3.994","79","5.426177974173655","0","45","3.5797979797979798","10","536","750"
"957","BA","1000","2","0.1","30","0.1","0.5","1","legal","targeted","53.62703343608153","13","95.08987559399307","95.08987559399307","75","80","80","fixed","1","1","50","777","27","50","21037949","v2.0-design-v1.0","4.5","1.5","3","99.11504424778761","true","26.954","25.583999999999993","50","95.5","15","300","955","955","0","0","0","0","0","2144","1680","15","366","83","0","381","0","4","4","1000","1997","3.994","139","6.319485730650891","0","51.5","3.514141414141414","10","536","750"
"958","BA","1000","2","0.1","30","0.1","0.5","1","legal","targeted","53.62703343608153","13","95.08987559399307","95.08987559399307","75","80","80","fixed","1","1","50","777","28","50","21037950","v2.0-design-v1.0","2.6000000000000085","1.5","1.1000000000000085","99.10926365795724","true","27.434","26.011999999999993","50","97.39999999999999","15","300","974","974","0","0","0","0","0","2144","1669","15","376","84","0","391","0","4","4","1000","1997","3.994","68","5.265518938308889","0","46.2","3.5676767676767676","10","536","750"
"959","BA","1000","2","0.1","30","0.1","0.5","1","legal","targeted","53.62703343608153","13","95.08987559399307","95.08987559399307","75","80","80","fixed","1","1","50","777","29","50","21037951","v2.0-design-v1.0","3","1.7999999999999998","1.2000000000000002","98.93679858239811","true","26.061999999999994","24.366000000000003","50","97","18","300","970","970","0","0","0","0","0","2144","1675","18","362","89","0","380","0","4","4","1000","1997","3.994","56","4.907958032833202","0","40.7","3.6232323232323234","10","536","750"
"960","BA","1000","2","0.1","30","0.1","0.5","1","legal","targeted","53.62703343608153","13","95.08987559399307","95.08987559399307","75","80","80","fixed","1","1","50","777","30","50","21037952","v2.0-design-v1.0","3.9000000000000057","2.1","1.8000000000000056","98.77693651718114","true","26.128000000000007","24.184","50","96.1","21","300","961","961","0","0","0","0","0","2144","1696","21","356","71","0","377","0","4","4","1000","1997","3.994","79","5.279567959391919","0","44.8","3.581818181818182","10","536","750"
"961","BA","1000","2","0.1","30","0.1","0.5","1","legal","targeted","96.09502156304019","17","94.45226443789306","94.45226443789306","75","80","80","fixed","1","1","50","778","1","50","21038923","v2.0-design-v1.0","9.399999999999991","2.8000000000000003","6.599999999999991","98.64930053063193","true","48.15999999999998","45.632000000000005","50","90.60000000000001","28","300","906","906","0","0","0","0","0","2883","2045","28","699","111","0","727","0","3","3","1000","1997","3.994","45","4.516232983401127","0","35.8","3.672727272727273","10","961","750"
"962","BA","1000","2","0.1","30","0.1","0.5","1","legal","targeted","96.09502156304019","17","94.45226443789306","94.45226443789306","75","80","80","fixed","1","1","50","778","2","50","21038924","v2.0-design-v1.0","8.700000000000003","4","4.700000000000003","98.05352798053528","true","47.240000000000016","43.58","50","91.3","40","300","913","913","0","0","0","0","0","2883","2015","40","695","133","0","735","0","3","3","1000","1997","3.994","83","5.527070879997145","0","48.3","3.5464646464646465","10","961","750"
"963","BA","1000","2","0.1","30","0.1","0.5","1","legal","targeted","96.09502156304019","17","94.45226443789306","94.45226443789306","75","80","80","fixed","1","1","50","778","3","50","21038925","v2.0-design-v1.0","8.899999999999991","4","4.8999999999999915","98.05825242718447","true","48.24000000000001","44.614000000000004","50","91.10000000000001","40","300","911","911","0","0","0","0","0","2883","2020","40","712","111","0","752","0","3","3","1000","1997","3.994","64","4.756952027568966","0","39.1","3.639393939393939","10","961","750"
"964","BA","1000","2","0.1","30","0.1","0.5","1","legal","targeted","96.09502156304019","17","94.45226443789306","94.45226443789306","75","80","80","fixed","1","1","50","778","4","50","21038926","v2.0-design-v1.0","7.799999999999997","3.1","4.6999999999999975","98.49951597289449","true","47.41600000000001","44.45199999999999","50","92.2","31","300","922","922","0","0","0","0","0","2883","2035","31","699","118","0","730","0","3","3","1000","1997","3.994","77","5.305668111945376","0","45","3.5797979797979798","10","961","750"
"966","BA","1000","2","0.1","30","0.1","0.5","1","legal","targeted","96.09502156304019","17","94.45226443789306","94.45226443789306","75","80","80","fixed","1","1","50","778","6","50","21038928","v2.0-design-v1.0","8.599999999999994","4.5","4.099999999999994","97.80594831789371","true","48.68000000000001","44.58800000000001","50","91.4","45","300","914","914","0","0","0","0","0","2883","2006","45","732","100","0","777","0","3","3","1000","1997","3.994","86","5.069088641921698","0","41.1","3.6191919191919193","10","961","750"
"965","BA","1000","2","0.1","30","0.1","0.5","1","legal","targeted","96.09502156304019","17","94.45226443789306","94.45226443789306","75","80","80","fixed","1","1","50","778","5","50","21038927","v2.0-design-v1.0","10","4.5","5.5","97.63104838709677","true","53.128","49.205999999999996","50","90","45","300","900","900","0","0","0","0","0","2883","1937","47","787","112","0","834","0","3","3","1000","1997","3.994","53","4.4303037809603465","0","35.5","3.675757575757576","10","961","750"
"967","BA","1000","2","0.1","30","0.1","0.5","1","legal","targeted","96.09502156304019","17","94.45226443789306","94.45226443789306","75","80","80","fixed","1","1","50","778","7","50","21038929","v2.0-design-v1.0","10","5.6000000000000005","4.3999999999999995","97.2907595549105","true","50.111999999999995","45.328","50","90","56","300","900","900","0","0","0","0","0","2883","2011","56","692","124","0","748","0","3","3","1000","1997","3.994","72","4.978428341228653","0","41.5","3.6151515151515152","10","961","750"
"969","BA","1000","2","0.1","30","0.1","0.5","1","legal","targeted","96.09502156304019","17","94.45226443789306","94.45226443789306","75","80","80","fixed","1","1","50","778","9","50","21038931","v2.0-design-v1.0","8.899999999999991","4.7","4.199999999999991","97.74038461538461","true","48.327999999999996","43.72999999999999","50","91.10000000000001","47","300","911","911","0","0","0","0","0","2883","2033","47","693","110","0","740","0","3","3","1000","1997","3.994","71","4.930545028115467","0","41.1","3.6191919191919193","10","961","750"
"968","BA","1000","2","0.1","30","0.1","0.5","1","legal","targeted","96.09502156304019","17","94.45226443789306","94.45226443789306","75","80","80","fixed","1","1","50","778","8","50","21038930","v2.0-design-v1.0","8.200000000000003","5.2","3.0000000000000027","97.49155812831644","true","47.50000000000001","42.742","50","91.8","52","300","918","918","0","0","0","0","0","2883","2021","52","689","121","0","741","0","3","3","1000","1997","3.994","111","5.672401620137635","0","45.7","3.5727272727272728","10","961","750"
"971","BA","1000","2","0.1","30","0.1","0.5","1","legal","targeted","96.09502156304019","17","94.45226443789306","94.45226443789306","75","80","80","fixed","1","1","50","778","11","50","21038933","v2.0-design-v1.0","8.700000000000003","4.2","4.500000000000003","97.92797237296497","true","49.925999999999995","46.202","50","91.3","42","300","913","913","0","0","0","0","0","2883","1985","42","732","124","0","774","0","3","3","1000","1997","3.994","84","4.688704293080105","0","35.1","3.67979797979798","10","961","750"
"970","BA","1000","2","0.1","30","0.1","0.5","1","legal","targeted","96.09502156304019","17","94.45226443789306","94.45226443789306","75","80","80","fixed","1","1","50","778","10","50","21038932","v2.0-design-v1.0","8.299999999999997","2.6","5.6999999999999975","98.75657580105212","true","45.86600000000001","43.435999999999986","50","91.7","26","300","917","917","0","0","0","0","0","2883","2065","26","678","114","0","704","0","3","3","1000","1997","3.994","91","5.516738021548448","0","47.3","3.5565656565656565","10","961","750"
"972","BA","1000","2","0.1","30","0.1","0.5","1","legal","targeted","96.09502156304019","17","94.45226443789306","94.45226443789306","75","80","80","fixed","1","1","50","778","12","50","21038934","v2.0-design-v1.0","9.299999999999997","5","4.299999999999997","97.59268175252768","true","47.663999999999994","43.24200000000002","50","90.7","50","300","907","907","0","0","0","0","0","2883","2027","50","683","123","0","733","0","3","3","1000","1997","3.994","71","4.8428728475376435","0","39.8","3.632323232323232","10","961","750"
"974","BA","1000","2","0.1","30","0.1","0.5","1","legal","targeted","96.09502156304019","17","94.45226443789306","94.45226443789306","75","80","80","fixed","1","1","50","778","14","50","21038936","v2.0-design-v1.0","10.399999999999991","3.4000000000000004","6.999999999999991","98.35669405509908","true","48.751999999999995","45.59","50","89.60000000000001","34","300","896","896","0","0","0","0","0","2883","2035","34","689","125","0","723","0","3","3","1000","1997","3.994","81","5.364768843551852","0","45.8","3.5717171717171716","10","961","750"
"973","BA","1000","2","0.1","30","0.1","0.5","1","legal","targeted","96.09502156304019","17","94.45226443789306","94.45226443789306","75","80","80","fixed","1","1","50","778","13","50","21038935","v2.0-design-v1.0","8.700000000000003","4.5","4.200000000000003","97.8544776119403","true","45.41999999999999","41.056","50","91.3","45","300","913","913","0","0","0","0","0","2883","2098","46","624","115","0","670","0","3","3","1000","1997","3.994","80","5.347200815057954","0","46.5","3.5646464646464646","10","961","750"
"975","BA","1000","2","0.1","30","0.1","0.5","1","legal","targeted","96.09502156304019","17","94.45226443789306","94.45226443789306","75","80","80","fixed","1","1","50","778","15","50","21038937","v2.0-design-v1.0","9.799999999999997","3.5000000000000004","6.299999999999997","98.31649831649831","true","45.685999999999986","42.492000000000004","50","90.2","35","300","902","902","0","0","0","0","0","2883","2044","35","661","143","0","696","0","3","3","1000","1997","3.994","71","5.031031233780523","0","41","3.6202020202020204","10","961","750"
"976","BA","1000","2","0.1","30","0.1","0.5","1","legal","targeted","96.09502156304019","17","94.45226443789306","94.45226443789306","75","80","80","fixed","1","1","50","778","16","50","21038938","v2.0-design-v1.0","9.399999999999991","3.2","6.199999999999991","98.45410628019323","true","45.826000000000015","42.931999999999995","50","90.60000000000001","32","300","906","906","0","0","0","0","0","2883","2038","32","692","121","0","724","0","3","3","1000","1997","3.994","65","5.226976686889394","0","45.8","3.5717171717171716","10","961","750"
"977","BA","1000","2","0.1","30","0.1","0.5","1","legal","targeted","96.09502156304019","17","94.45226443789306","94.45226443789306","75","80","80","fixed","1","1","50","778","17","50","21038939","v2.0-design-v1.0","5.800000000000011","3.3000000000000003","2.500000000000011","98.35510401548137","true","44.333999999999996","41.714000000000006","50","94.19999999999999","33","300","942","942","0","0","0","0","0","2883","2033","34","699","117","0","733","0","3","3","1000","1997","3.994","70","5.3602888631767405","0","46.2","3.5676767676767676","10","961","750"
"978","BA","1000","2","0.1","30","0.1","0.5","1","legal","targeted","96.09502156304019","17","94.45226443789306","94.45226443789306","75","80","80","fixed","1","1","50","778","18","50","21038940","v2.0-design-v1.0","8","3.8","4.2","98.07976366322009","true","46.47999999999998","42.918","50","92","38","300","920","920","0","0","0","0","0","2883","1992","39","724","128","0","763","0","3","3","1000","1997","3.994","101","5.158543842459277","0","41.4","3.6161616161616164","10","961","750"
"979","BA","1000","2","0.1","30","0.1","0.5","1","legal","targeted","96.09502156304019","17","94.45226443789306","94.45226443789306","75","80","80","fixed","1","1","50","778","19","50","21038941","v2.0-design-v1.0","12","3.6999999999999997","8.3","98.1610337972167","true","52.40999999999999","49.15199999999999","50","88","37","300","880","880","0","0","0","0","0","2883","1975","37","761","110","0","798","0","3","3","1000","1997","3.994","59","4.566050023030049","0","37.1","3.6595959595959595","10","961","750"
"980","BA","1000","2","0.1","30","0.1","0.5","1","legal","targeted","96.09502156304019","17","94.45226443789306","94.45226443789306","75","80","80","fixed","1","1","50","778","20","50","21038942","v2.0-design-v1.0","8.799999999999997","4.5","4.299999999999997","97.8102189781022","true","49.36200000000001","45.236","50","91.2","45","300","912","912","0","0","0","0","0","2883","2010","45","702","126","0","747","0","3","3","1000","1997","3.994","71","4.93683464745744","0","39.8","3.632323232323232","10","961","750"
"981","BA","1000","2","0.1","30","0.1","0.5","1","legal","targeted","96.09502156304019","17","94.45226443789306","94.45226443789306","75","80","80","fixed","1","1","50","778","21","50","21038943","v2.0-design-v1.0","9.700000000000003","4.6","5.100000000000003","97.70731707317073","true","49.542","45.28200000000001","50","90.3","46","300","903","903","0","0","0","0","0","2883","2003","47","716","117","0","763","0","3","3","1000","1997","3.994","49","4.675020836297918","0","40.1","3.6292929292929292","10","961","750"
"982","BA","1000","2","0.1","30","0.1","0.5","1","legal","targeted","96.09502156304019","17","94.45226443789306","94.45226443789306","75","80","80","fixed","1","1","50","778","22","50","21038944","v2.0-design-v1.0","8.799999999999997","4.8","3.9999999999999973","97.62022806147745","true","51.361999999999995","47.30999999999999","50","91.2","48","300","912","912","0","0","0","0","0","2883","1969","48","744","122","0","792","0","3","3","1000","1997","3.994","102","5.167462304329524","0","40.2","3.628282828282828","10","961","750"
"983","BA","1000","2","0.1","30","0.1","0.5","1","legal","targeted","96.09502156304019","17","94.45226443789306","94.45226443789306","75","80","80","fixed","1","1","50","778","23","50","21038945","v2.0-design-v1.0","8.399999999999991","3.3000000000000003","5.099999999999991","98.34227206240858","true","48.748000000000005","45.68600000000001","50","91.60000000000001","33","300","916","916","0","0","0","0","0","2883","2017","34","728","104","0","762","0","3","3","1000","1997","3.994","58","5.118022875892415","0","43.6","3.5939393939393938","10","961","750"
"984","BA","1000","2","0.1","30","0.1","0.5","1","legal","targeted","96.09502156304019","17","94.45226443789306","94.45226443789306","75","80","80","fixed","1","1","50","778","24","50","21038946","v2.0-design-v1.0","9.399999999999991","3.2","6.199999999999991","98.44433641225085","true","48.05600000000001","45.128000000000014","50","90.60000000000001","32","300","906","906","0","0","0","0","0","2883","2025","32","702","124","0","734","0","3","3","1000","1997","3.994","73","4.969774910663719","0","41.1","3.6191919191919193","10","961","750"
"985","BA","1000","2","0.1","30","0.1","0.5","1","legal","targeted","96.09502156304019","17","94.45226443789306","94.45226443789306","75","80","80","fixed","1","1","50","778","25","50","21038947","v2.0-design-v1.0","9.5","3.5999999999999996","5.9","98.28978622327791","true","46.84599999999998","43.348","50","90.5","36","300","905","905","0","0","0","0","0","2883","2069","36","669","109","0","705","0","3","3","1000","1997","3.994","82","5.136569706365158","0","41.4","3.6161616161616164","10","961","750"
"986","BA","1000","2","0.1","30","0.1","0.5","1","legal","targeted","96.09502156304019","17","94.45226443789306","94.45226443789306","75","80","80","fixed","1","1","50","778","26","50","21038948","v2.0-design-v1.0","8.200000000000003","5.2","3.0000000000000027","97.44578313253012","true","45.72","41.03","50","91.8","52","300","918","918","0","0","0","0","0","2883","2022","53","676","132","0","729","0","3","3","1000","1997","3.994","68","5.056236696351294","0","42.4","3.606060606060606","10","961","750"
"987","BA","1000","2","0.1","30","0.1","0.5","1","legal","targeted","96.09502156304019","17","94.45226443789306","94.45226443789306","75","80","80","fixed","1","1","50","778","27","50","21038949","v2.0-design-v1.0","9.700000000000003","3.5999999999999996","6.100000000000003","98.2791586998088","true","47.756","44.326","50","90.3","36","300","903","903","0","0","0","0","0","2883","2056","36","662","129","0","698","0","3","3","1000","1997","3.994","85","5.226019065720595","0","41.7","3.613131313131313","10","961","750"
"988","BA","1000","2","0.1","30","0.1","0.5","1","legal","targeted","96.09502156304019","17","94.45226443789306","94.45226443789306","75","80","80","fixed","1","1","50","778","28","50","21038950","v2.0-design-v1.0","9.399999999999991","3.5000000000000004","5.8999999999999915","98.3108108108108","true","44.24600000000001","41.085999999999984","50","90.60000000000001","35","300","906","906","0","0","0","0","0","2883","2037","35","675","136","0","710","0","3","3","1000","1997","3.994","74","5.16397430576785","0","42.9","3.601010101010101","10","961","750"
"989","BA","1000","2","0.1","30","0.1","0.5","1","legal","targeted","96.09502156304019","17","94.45226443789306","94.45226443789306","75","80","80","fixed","1","1","50","778","29","50","21038951","v2.0-design-v1.0","10.799999999999997","4.3999999999999995","6.399999999999998","97.8102189781022","true","49.55600000000001","45.70000000000002","50","89.2","44","300","892","892","0","0","0","0","0","2883","2010","45","705","123","0","750","0","3","3","1000","1997","3.994","79","5.228125600757618","0","44.2","3.587878787878788","10","961","750"
"990","BA","1000","2","0.1","30","0.1","0.5","1","legal","targeted","96.09502156304019","17","94.45226443789306","94.45226443789306","75","80","80","fixed","1","1","50","778","30","50","21038952","v2.0-design-v1.0","8.099999999999994","4.7","3.399999999999994","97.702834799609","true","47.913999999999994","43.826000000000015","50","91.9","47","300","919","919","0","0","0","0","0","2883","1999","47","714","123","0","761","0","3","3","1000","1997","3.994","60","5.207598590817365","0","44.9","3.580808080808081","10","961","750"
"991","BA","1000","2","0.1","30","0.1","0.5","1","legal","targeted","78.14601092298638","10","83.25038667439658","83.25038667439658","75","80","80","fixed","1","1","50","779","1","50","21039923","v2.0-design-v1.0","12.400000000000006","12.8","-0.399999999999995","94.86121530382596","true","40.59400000000001","29.933999999999997","50","87.6","128","300","876","876","0","0","0","0","0","3905","2529","137","710","529","0","847","0","5","5","1000","1997","3.994","132","5.952427689220231","0","47.1","3.5585858585858587","10","781","750"
"992","BA","1000","2","0.1","30","0.1","0.5","1","legal","targeted","78.14601092298638","10","83.25038667439658","83.25038667439658","75","80","80","fixed","1","1","50","779","2","50","21039924","v2.0-design-v1.0","11.799999999999997","13.600000000000001","-1.8000000000000043","94.76573938506588","true","41.00000000000001","29.48","50","88.2","136","300","882","882","0","0","0","0","0","3905","2589","143","670","503","0","813","0","5","5","1000","1997","3.994","96","5.494921123925081","0","46.5","3.5646464646464646","10","781","750"
"993","BA","1000","2","0.1","30","0.1","0.5","1","legal","targeted","78.14601092298638","10","83.25038667439658","83.25038667439658","75","80","80","fixed","1","1","50","779","3","50","21039925","v2.0-design-v1.0","12.099999999999994","13.900000000000002","-1.8000000000000078","94.34032983508246","true","42.099999999999994","30.54000000000001","50","87.9","139","300","879","879","0","0","0","0","0","3905","2517","151","727","510","0","878","0","5","5","1000","1997","3.994","102","5.5487613710406265","0","45.6","3.573737373737374","10","781","750"
"994","BA","1000","2","0.1","30","0.1","0.5","1","legal","targeted","78.14601092298638","10","83.25038667439658","83.25038667439658","75","80","80","fixed","1","1","50","779","4","50","21039926","v2.0-design-v1.0","11","12.9","-1.9000000000000004","94.94911421032793","true","41.382","30.822000000000013","50","89","129","300","890","890","0","0","0","0","0","3905","2519","134","716","536","0","850","0","5","5","1000","1997","3.994","64","5.306799989270939","0","46.8","3.5616161616161617","10","781","750"
"995","BA","1000","2","0.1","30","0.1","0.5","1","legal","targeted","78.14601092298638","10","83.25038667439658","83.25038667439658","75","80","80","fixed","1","1","50","779","5","50","21039927","v2.0-design-v1.0","13.099999999999994","13.3","-0.2000000000000064","94.79320531757755","true","41.35199999999999","30.311999999999994","50","86.9","133","300","869","869","0","0","0","0","0","3905","2567","141","664","533","0","805","0","5","5","1000","1997","3.994","73","5.090567539860145","0","43.3","3.596969696969697","10","781","750"
"996","BA","1000","2","0.1","30","0.1","0.5","1","legal","targeted","78.14601092298638","10","83.25038667439658","83.25038667439658","75","80","80","fixed","1","1","50","779","6","50","21039928","v2.0-design-v1.0","13.599999999999994","13.200000000000001","0.39999999999999325","94.69584569732937","true","41.71999999999999","30.58","50","86.4","132","300","864","864","0","0","0","0","0","3905","2553","143","692","517","0","835","0","5","5","1000","1997","3.994","84","5.128573511832128","0","42.7","3.603030303030303","10","781","750"
"997","BA","1000","2","0.1","30","0.1","0.5","1","legal","targeted","78.14601092298638","10","83.25038667439658","83.25038667439658","75","80","80","fixed","1","1","50","779","7","50","21039929","v2.0-design-v1.0","15.400000000000006","12.5","2.9000000000000057","95.1373422420193","true","43.49","32.92999999999999","50","84.6","125","300","846","846","0","0","0","0","0","3905","2563","131","735","476","0","866","0","5","5","1000","1997","3.994","106","5.476491208424962","0","43.7","3.592929292929293","10","781","750"
"998","BA","1000","2","0.1","30","0.1","0.5","1","legal","targeted","78.14601092298638","10","83.25038667439658","83.25038667439658","75","80","80","fixed","1","1","50","779","8","50","21039930","v2.0-design-v1.0","12.200000000000003","14.6","-2.399999999999997","94.37406855439643","true","42.37799999999999","30.878000000000007","50","87.8","146","300","878","878","0","0","0","0","0","3905","2533","151","725","496","0","876","0","5","5","1000","1997","3.994","62","4.9552516100111825","0","42.6","3.604040404040404","10","781","750"
"999","BA","1000","2","0.1","30","0.1","0.5","1","legal","targeted","78.14601092298638","10","83.25038667439658","83.25038667439658","75","80","80","fixed","1","1","50","779","9","50","21039931","v2.0-design-v1.0","13.099999999999994","12.3","0.7999999999999936","95.16008935219658","true","41.938","31.67800000000001","50","86.9","123","300","869","869","0","0","0","0","0","3905","2556","130","709","510","0","839","0","5","5","1000","1997","3.994","76","5.332015978445138","0","46.4","3.5656565656565657","10","781","750"
"1000","BA","1000","2","0.1","30","0.1","0.5","1","legal","targeted","78.14601092298638","10","83.25038667439658","83.25038667439658","75","80","80","fixed","1","1","50","779","10","50","21039932","v2.0-design-v1.0","13.799999999999997","13.700000000000001","0.09999999999999609","94.5986496624156","true","41.65200000000001","29.971999999999998","50","86.2","137","300","862","862","0","0","0","0","0","3905","2522","144","717","522","0","861","0","5","5","1000","1997","3.994","85","5.367753419893345","0","43.3","3.596969696969697","10","781","750"
"1001","BA","1000","2","0.1","30","0.1","0.5","1","legal","targeted","78.14601092298638","10","83.25038667439658","83.25038667439658","75","80","80","fixed","1","1","50","779","11","50","21039933","v2.0-design-v1.0","12.299999999999997","13.4","-1.1000000000000032","94.73684210526315","true","41.98000000000001","30.520000000000003","50","87.7","134","300","877","877","0","0","0","0","0","3905","2502","139","739","525","0","878","0","5","5","1000","1997","3.994","122","5.883925949957629","0","45.9","3.5707070707070705","10","781","750"
"1002","BA","1000","2","0.1","30","0.1","0.5","1","legal","targeted","78.14601092298638","10","83.25038667439658","83.25038667439658","75","80","80","fixed","1","1","50","779","12","50","21039934","v2.0-design-v1.0","14.600000000000009","14.000000000000002","0.6000000000000068","94.74452554744526","true","41.47599999999999","30.055999999999997","50","85.39999999999999","140","300","854","854","0","0","0","0","0","3905","2596","144","696","469","0","840","0","5","5","1000","1997","3.994","87","5.544971660045754","0","46.3","3.566666666666667","10","781","750"
"1003","BA","1000","2","0.1","30","0.1","0.5","1","legal","targeted","78.14601092298638","10","83.25038667439658","83.25038667439658","75","80","80","fixed","1","1","50","779","13","50","21039935","v2.0-design-v1.0","12.700000000000003","12.6","0.1000000000000032","94.96109670248241","true","40.912","30.291999999999998","50","87.3","126","300","873","873","0","0","0","0","0","3905","2563","136","688","518","0","824","0","5","5","1000","1997","3.994","88","5.085452371797986","0","41","3.6202020202020204","10","781","750"
"1004","BA","1000","2","0.1","30","0.1","0.5","1","legal","targeted","78.14601092298638","10","83.25038667439658","83.25038667439658","75","80","80","fixed","1","1","50","779","14","50","21039936","v2.0-design-v1.0","9.5","13","-3.5","94.98709915223","true","39.724000000000004","29.124000000000006","50","90.5","130","300","905","905","0","0","0","0","0","3905","2577","136","665","527","0","801","0","5","5","1000","1997","3.994","91","5.6437412959681","0","47.5","3.5545454545454547","10","781","750"
"1005","BA","1000","2","0.1","30","0.1","0.5","1","legal","targeted","78.14601092298638","10","83.25038667439658","83.25038667439658","75","80","80","fixed","1","1","50","779","15","50","21039937","v2.0-design-v1.0","13.799999999999997","14.6","-0.8000000000000025","94.1908713692946","true","42.46","30.42000000000001","50","86.2","146","300","862","862","0","0","0","0","0","3905","2497","154","739","515","0","893","0","5","5","1000","1997","3.994","75","5.289417920900358","0","44.2","3.587878787878788","10","781","750"
"1006","BA","1000","2","0.1","30","0.1","0.5","1","legal","targeted","78.14601092298638","10","83.25038667439658","83.25038667439658","75","80","80","fixed","1","1","50","779","16","50","21039938","v2.0-design-v1.0","11.599999999999994","14.6","-3.0000000000000053","94.1942687011537","true","41.092000000000006","28.451999999999984","50","88.4","146","300","884","884","0","0","0","0","0","3905","2531","156","691","527","0","847","0","5","5","1000","1997","3.994","76","5.11391397230302","0","44.6","3.583838383838384","10","781","750"
"1007","BA","1000","2","0.1","30","0.1","0.5","1","legal","targeted","78.14601092298638","10","83.25038667439658","83.25038667439658","75","80","80","fixed","1","1","50","779","17","50","21039939","v2.0-design-v1.0","14","13.200000000000001","0.7999999999999989","94.56398640996603","true","43.91","32.970000000000006","50","86","132","300","860","860","0","0","0","0","0","3905","2505","144","781","475","0","925","0","5","5","1000","1997","3.994","67","5.114501160633557","0","41.6","3.614141414141414","10","781","750"
"1008","BA","1000","2","0.1","30","0.1","0.5","1","legal","targeted","78.14601092298638","10","83.25038667439658","83.25038667439658","75","80","80","fixed","1","1","50","779","18","50","21039940","v2.0-design-v1.0","12.599999999999994","14.499999999999998","-1.900000000000004","94.21425905188502","true","42.532","30.391999999999992","50","87.4","145","300","874","874","0","0","0","0","0","3905","2524","155","728","498","0","883","0","5","5","1000","1997","3.994","65","4.725705904549733","0","39.4","3.6363636363636362","10","781","750"
"1009","BA","1000","2","0.1","30","0.1","0.5","1","legal","targeted","78.14601092298638","10","83.25038667439658","83.25038667439658","75","80","80","fixed","1","1","50","779","19","50","21039941","v2.0-design-v1.0","12.700000000000003","11.600000000000001","1.1000000000000014","95.46636937941287","true","40.75799999999999","31.19800000000001","50","87.3","116","300","873","873","0","0","0","0","0","3905","2569","122","690","524","0","812","0","5","5","1000","1997","3.994","66","5.079543854103996","0","42.3","3.607070707070707","10","781","750"
"1010","BA","1000","2","0.1","30","0.1","0.5","1","legal","targeted","78.14601092298638","10","83.25038667439658","83.25038667439658","75","80","80","fixed","1","1","50","779","20","50","21039942","v2.0-design-v1.0","11.900000000000006","11.700000000000001","0.20000000000000462","95.28795811518324","true","41.26600000000001","31.30600000000002","50","88.1","117","300","881","881","0","0","0","0","0","3905","2548","126","698","533","0","824","0","5","5","1000","1997","3.994","106","5.429128791936999","0","41.7","3.613131313131313","10","781","750"
"1011","BA","1000","2","0.1","30","0.1","0.5","1","legal","targeted","78.14601092298638","10","83.25038667439658","83.25038667439658","75","80","80","fixed","1","1","50","779","21","50","21039943","v2.0-design-v1.0","12.5","15.299999999999999","-2.799999999999999","93.76633072041807","true","42.87","30.150000000000006","50","87.5","153","300","875","875","0","0","0","0","0","3905","2512","167","725","501","0","892","0","5","5","1000","1997","3.994","90","5.4578156575457575","0","44.9","3.580808080808081","10","781","750"
"1012","BA","1000","2","0.1","30","0.1","0.5","1","legal","targeted","78.14601092298638","10","83.25038667439658","83.25038667439658","75","80","80","fixed","1","1","50","779","22","50","21039944","v2.0-design-v1.0","12.599999999999994","13.8","-1.2000000000000064","94.58646616541353","true","40.709999999999994","28.989999999999988","50","87.4","138","300","874","874","0","0","0","0","0","3905","2516","144","720","525","0","864","0","5","5","1000","1997","3.994","66","5.004898901377823","0","41.5","3.6151515151515152","10","781","750"
"1013","BA","1000","2","0.1","30","0.1","0.5","1","legal","targeted","78.14601092298638","10","83.25038667439658","83.25038667439658","75","80","80","fixed","1","1","50","779","23","50","21039945","v2.0-design-v1.0","11.299999999999997","13","-1.7000000000000028","94.72707018195321","true","41.11600000000001","30.416","50","88.7","130","300","887","887","0","0","0","0","0","3905","2551","142","697","515","0","839","0","5","5","1000","1997","3.994","120","5.80410644730536","0","45.4","3.5757575757575757","10","781","750"
"1015","BA","1000","2","0.1","30","0.1","0.5","1","legal","targeted","78.14601092298638","10","83.25038667439658","83.25038667439658","75","80","80","fixed","1","1","50","779","25","50","21039947","v2.0-design-v1.0","12.900000000000006","12.9","5.329070518200751E-15","94.67213114754098","true","42.256","32.156","50","87.1","129","300","871","871","0","0","0","0","0","3905","2541","143","743","478","0","886","0","5","5","1000","1997","3.994","87","5.69916173173251","0","48.4","3.5454545454545454","10","781","750"
"1014","BA","1000","2","0.1","30","0.1","0.5","1","legal","targeted","78.14601092298638","10","83.25038667439658","83.25038667439658","75","80","80","fixed","1","1","50","779","24","50","21039946","v2.0-design-v1.0","12.099999999999994","13.700000000000001","-1.6000000000000068","94.62121212121211","true","42.02400000000001","30.924000000000007","50","87.9","137","300","879","879","0","0","0","0","0","3905","2498","142","739","526","0","881","0","5","5","1000","1997","3.994","95","5.222953498093119","0","42.4","3.606060606060606","10","781","750"
"1016","BA","1000","2","0.1","30","0.1","0.5","1","legal","targeted","78.14601092298638","10","83.25038667439658","83.25038667439658","75","80","80","fixed","1","1","50","779","26","50","21039948","v2.0-design-v1.0","11.700000000000003","11.5","0.20000000000000284","95.50898203592814","true","40.598","30.697999999999997","50","88.3","115","300","883","883","0","0","0","0","0","3905","2552","120","700","533","0","820","0","5","5","1000","1997","3.994","89","5.4987453296365825","0","47.4","3.5555555555555554","10","781","750"
"1017","BA","1000","2","0.1","30","0.1","0.5","1","legal","targeted","78.14601092298638","10","83.25038667439658","83.25038667439658","75","80","80","fixed","1","1","50","779","27","50","21039949","v2.0-design-v1.0","14.200000000000003","13.700000000000001","0.5000000000000018","94.52105851658591","true","41.56599999999999","30.186","50","85.8","137","300","858","858","0","0","0","0","0","3905","2536","147","688","534","0","835","0","5","5","1000","1997","3.994","74","5.1420233764933725","0","43.7","3.592929292929293","10","781","750"
"1018","BA","1000","2","0.1","30","0.1","0.5","1","legal","targeted","78.14601092298638","10","83.25038667439658","83.25038667439658","75","80","80","fixed","1","1","50","779","28","50","21039950","v2.0-design-v1.0","11","15.1","-4.1","93.9209726443769","true","43.28199999999999","31.502000000000017","50","89","151","300","890","890","0","0","0","0","0","3905","2472","160","757","516","0","917","0","5","5","1000","1997","3.994","80","4.786530567631922","0","38","3.6505050505050507","10","781","750"
"1019","BA","1000","2","0.1","30","0.1","0.5","1","legal","targeted","78.14601092298638","10","83.25038667439658","83.25038667439658","75","80","80","fixed","1","1","50","779","29","50","21039951","v2.0-design-v1.0","13.400000000000006","15.9","-2.4999999999999947","93.74771480804388","true","41.446000000000005","28.206000000000003","50","86.6","159","300","866","866","0","0","0","0","0","3905","2564","171","668","502","0","839","0","5","5","1000","1997","3.994","90","5.351878792219277","0","44.6","3.583838383838384","10","781","750"
"1020","BA","1000","2","0.1","30","0.1","0.5","1","legal","targeted","78.14601092298638","10","83.25038667439658","83.25038667439658","75","80","80","fixed","1","1","50","779","30","50","21039952","v2.0-design-v1.0","15.900000000000006","13.4","2.5000000000000053","94.88424197162061","true","42.91800000000001","31.95799999999999","50","84.1","134","300","841","841","0","0","0","0","0","3905","2541","137","727","500","0","864","0","5","5","1000","1997","3.994","86","5.34457935936295","0","43.9","3.590909090909091","10","781","750"
"1021","BA","1000","2","0.1","30","0.1","0.5","1","legal","targeted","29.641409974814096","20","82.13925370119225","82.13925370119225","75","80","80","fixed","1","1","50","780","1","50","21040923","v2.0-design-v1.0","0.5","2","-1.5","96.72131147540983","true","11.224","9.223999999999998","50","99.5","20","300","995","995","0","0","0","0","0","888","590","20","144","134","0","164","0","3","3","1000","1997","3.994","93","5.332954566129766","0","43.9","3.590909090909091","10","296","750"
"1022","BA","1000","2","0.1","30","0.1","0.5","1","legal","targeted","29.641409974814096","20","82.13925370119225","82.13925370119225","75","80","80","fixed","1","1","50","780","2","50","21040924","v2.0-design-v1.0","0.20000000000000284","3.3000000000000003","-3.0999999999999974","94.85981308411215","true","13.526000000000005","10.225999999999997","50","99.8","33","300","998","998","0","0","0","0","0","888","609","33","132","114","0","165","0","3","3","1000","1997","3.994","107","5.303969843060575","0","40.3","3.6272727272727274","10","296","750"
"1023","BA","1000","2","0.1","30","0.1","0.5","1","legal","targeted","29.641409974814096","20","82.13925370119225","82.13925370119225","75","80","80","fixed","1","1","50","780","3","50","21040925","v2.0-design-v1.0","0.5","2.5","-2","95.96122778675283","true","12.117999999999993","9.617999999999997","50","99.5","25","300","995","995","0","0","0","0","0","888","594","25","143","126","0","168","0","3","3","1000","1997","3.994","69","4.965140140682489","0","39.6","3.6343434343434344","10","296","750"
"1024","BA","1000","2","0.1","30","0.1","0.5","1","legal","targeted","29.641409974814096","20","82.13925370119225","82.13925370119225","75","80","80","fixed","1","1","50","780","4","50","21040926","v2.0-design-v1.0","0.4000000000000057","3.2","-2.7999999999999945","94.78827361563518","true","10.952000000000004","7.751999999999998","50","99.6","32","300","996","996","0","0","0","0","0","888","582","32","141","133","0","173","0","3","3","1000","1997","3.994","94","5.523628741549742","0","45.2","3.577777777777778","10","296","750"
"1025","BA","1000","2","0.1","30","0.1","0.5","1","legal","targeted","29.641409974814096","20","82.13925370119225","82.13925370119225","75","80","80","fixed","1","1","50","780","5","50","21040927","v2.0-design-v1.0","0.4000000000000057","2.8000000000000003","-2.3999999999999946","95.48387096774194","true","12.088000000000001","9.288","50","99.6","28","300","996","996","0","0","0","0","0","888","592","28","124","144","0","152","0","3","3","1000","1997","3.994","94","5.012892687171051","0","39.7","3.6333333333333333","10","296","750"
"1026","BA","1000","2","0.1","30","0.1","0.5","1","legal","targeted","29.641409974814096","20","82.13925370119225","82.13925370119225","75","80","80","fixed","1","1","50","780","6","50","21040928","v2.0-design-v1.0","0.4000000000000057","2.3","-1.8999999999999941","96.24796084828712","true","11.69400000000001","9.393999999999998","50","99.6","23","300","996","996","0","0","0","0","0","888","590","23","130","145","0","153","0","3","3","1000","1997","3.994","62","4.957473201192362","0","41.7","3.613131313131313","10","296","750"
"1028","BA","1000","2","0.1","30","0.1","0.5","1","legal","targeted","29.641409974814096","20","82.13925370119225","82.13925370119225","75","80","80","fixed","1","1","50","780","8","50","21040930","v2.0-design-v1.0","0.5","2.9000000000000004","-2.4000000000000004","95.36","true","11.898000000000001","8.998000000000005","50","99.5","29","300","995","995","0","0","0","0","0","888","596","29","137","126","0","166","0","3","3","1000","1997","3.994","78","4.940077769465606","0","39.3","3.6373737373737374","10","296","750"
"1027","BA","1000","2","0.1","30","0.1","0.5","1","legal","targeted","29.641409974814096","20","82.13925370119225","82.13925370119225","75","80","80","fixed","1","1","50","780","7","50","21040929","v2.0-design-v1.0","0.5","3.4000000000000004","-2.9000000000000004","94.61172741679873","true","12.170000000000009","8.770000000000003","50","99.5","34","300","995","995","0","0","0","0","0","888","597","34","130","127","0","164","0","3","3","1000","1997","3.994","89","5.694769037844666","0","47.4","3.5555555555555554","10","296","750"
"1029","BA","1000","2","0.1","30","0.1","0.5","1","legal","targeted","29.641409974814096","20","82.13925370119225","82.13925370119225","75","80","80","fixed","1","1","50","780","9","50","21040931","v2.0-design-v1.0","0.29999999999999716","2.8000000000000003","-2.500000000000003","95.4983922829582","true","11.594000000000001","8.793999999999993","50","99.7","28","300","997","997","0","0","0","0","0","888","594","28","146","120","0","174","0","3","3","1000","1997","3.994","54","4.625295380552174","0","38.8","3.6424242424242426","10","296","750"
"1030","BA","1000","2","0.1","30","0.1","0.5","1","legal","targeted","29.641409974814096","20","82.13925370119225","82.13925370119225","75","80","80","fixed","1","1","50","780","10","50","21040932","v2.0-design-v1.0","0","2.3","-2.3","96.25407166123779","true","12.074000000000005","9.774000000000001","50","100","23","300","1000","1000","0","0","0","0","0","888","591","23","135","139","0","158","0","3","3","1000","1997","3.994","83","4.93764562765943","0","40","3.6303030303030304","10","296","750"
"1031","BA","1000","2","0.1","30","0.1","0.5","1","legal","targeted","29.641409974814096","20","82.13925370119225","82.13925370119225","75","80","80","fixed","1","1","50","780","11","50","21040933","v2.0-design-v1.0","0.20000000000000284","3.8","-3.599999999999997","94.00630914826499","true","12.19400000000001","8.393999999999993","50","99.8","38","300","998","998","0","0","0","0","0","888","596","38","133","121","0","171","0","3","3","1000","1997","3.994","71","5.006498679619215","0","41.8","3.6121212121212123","10","296","750"
"1032","BA","1000","2","0.1","30","0.1","0.5","1","legal","targeted","29.641409974814096","20","82.13925370119225","82.13925370119225","75","80","80","fixed","1","1","50","780","12","50","21040934","v2.0-design-v1.0","0.5","3.2","-2.7","94.91255961844197","true","11.118000000000004","7.918000000000002","50","99.5","32","300","995","995","0","0","0","0","0","888","597","32","125","134","0","157","0","3","3","1000","1997","3.994","91","5.580062822325662","0","46.9","3.5606060606060606","10","296","750"
"1033","BA","1000","2","0.1","30","0.1","0.5","1","legal","targeted","29.641409974814096","20","82.13925370119225","82.13925370119225","75","80","80","fixed","1","1","50","780","13","50","21040935","v2.0-design-v1.0","0.20000000000000284","3.1","-2.8999999999999972","95.06369426751591","true","11.340000000000002","8.239999999999998","50","99.8","31","300","998","998","0","0","0","0","0","888","597","31","135","125","0","166","0","3","3","1000","1997","3.994","60","4.950198831205509","0","40.7","3.6232323232323234","10","296","750"
"1034","BA","1000","2","0.1","30","0.1","0.5","1","legal","targeted","29.641409974814096","20","82.13925370119225","82.13925370119225","75","80","80","fixed","1","1","50","780","14","50","21040936","v2.0-design-v1.0","0.5","3.1","-2.6","94.95114006514657","true","11.616","8.515999999999998","50","99.5","31","300","995","995","0","0","0","0","0","888","583","31","126","148","0","157","0","3","3","1000","1997","3.994","74","5.177718877340935","0","42.4","3.606060606060606","10","296","750"
"1035","BA","1000","2","0.1","30","0.1","0.5","1","legal","targeted","29.641409974814096","20","82.13925370119225","82.13925370119225","75","80","80","fixed","1","1","50","780","15","50","21040937","v2.0-design-v1.0","0.29999999999999716","2.6","-2.300000000000003","95.77235772357724","true","12.638000000000002","10.038","50","99.7","26","300","997","997","0","0","0","0","0","888","589","26","149","124","0","175","0","3","3","1000","1997","3.994","83","5.469907118396416","0","47.6","3.5535353535353535","10","296","750"
"1036","BA","1000","2","0.1","30","0.1","0.5","1","legal","targeted","29.641409974814096","20","82.13925370119225","82.13925370119225","75","80","80","fixed","1","1","50","780","16","50","21040938","v2.0-design-v1.0","0.5","2","-1.5","96.6832504145937","true","11.766000000000005","9.766000000000007","50","99.5","20","300","995","995","0","0","0","0","0","888","583","20","162","123","0","182","0","3","3","1000","1997","3.994","86","5.075206569364603","0","40.7","3.6232323232323234","10","296","750"
"1037","BA","1000","2","0.1","30","0.1","0.5","1","legal","targeted","29.641409974814096","20","82.13925370119225","82.13925370119225","75","80","80","fixed","1","1","50","780","17","50","21040939","v2.0-design-v1.0","0.4000000000000057","3.1","-2.6999999999999944","94.97568881685575","true","12.428000000000006","9.328000000000003","50","99.6","31","300","996","996","0","0","0","0","0","888","586","31","131","140","0","162","0","3","3","1000","1997","3.994","83","5.057226467100265","0","40.9","3.621212121212121","10","296","750"
"1038","BA","1000","2","0.1","30","0.1","0.5","1","legal","targeted","29.641409974814096","20","82.13925370119225","82.13925370119225","75","80","80","fixed","1","1","50","780","18","50","21040940","v2.0-design-v1.0","0.4000000000000057","3","-2.5999999999999943","95.18459069020867","true","11.854000000000003","8.854","50","99.6","30","300","996","996","0","0","0","0","0","888","593","30","140","125","0","170","0","3","3","1000","1997","3.994","96","5.592605943676093","0","46.9","3.5606060606060606","10","296","750"
"1039","BA","1000","2","0.1","30","0.1","0.5","1","legal","targeted","29.641409974814096","20","82.13925370119225","82.13925370119225","75","80","80","fixed","1","1","50","780","19","50","21040941","v2.0-design-v1.0","0.5","2.8000000000000003","-2.3000000000000003","95.47657512116317","true","11.748000000000001","8.947999999999997","50","99.5","28","300","995","995","0","0","0","0","0","888","591","28","142","127","0","170","0","3","3","1000","1997","3.994","72","5.0854523717979845","0","41.8","3.6121212121212123","10","296","750"
"1040","BA","1000","2","0.1","30","0.1","0.5","1","legal","targeted","29.641409974814096","20","82.13925370119225","82.13925370119225","75","80","80","fixed","1","1","50","780","20","50","21040942","v2.0-design-v1.0","0.09999999999999432","2.9000000000000004","-2.800000000000006","95.19867549668875","true","12.080000000000002","9.180000000000003","50","99.9","29","300","999","999","0","0","0","0","0","888","575","29","140","144","0","169","0","3","3","1000","1997","3.994","57","4.850720925129935","0","41.3","3.617171717171717","10","296","750"
"1041","BA","1000","2","0.1","30","0.1","0.5","1","legal","targeted","29.641409974814096","20","82.13925370119225","82.13925370119225","75","80","80","fixed","1","1","50","780","21","50","21040943","v2.0-design-v1.0","0.7999999999999972","2.7","-1.900000000000003","95.51495016611295","true","11.829999999999998","9.130000000000006","50","99.2","27","300","992","992","0","0","0","0","0","888","575","27","153","133","0","180","0","3","3","1000","1997","3.994","62","4.787367009419973","0","37.8","3.6525252525252525","10","296","750"
"1042","BA","1000","2","0.1","30","0.1","0.5","1","legal","targeted","29.641409974814096","20","82.13925370119225","82.13925370119225","75","80","80","fixed","1","1","50","780","22","50","21040944","v2.0-design-v1.0","0.5","2.5","-2","96.07535321821035","true","12.64","10.140000000000002","50","99.5","25","300","995","995","0","0","0","0","0","888","612","25","128","123","0","153","0","3","3","1000","1997","3.994","140","6.3169508362712605","0","47.5","3.5545454545454547","10","296","750"
"1043","BA","1000","2","0.1","30","0.1","0.5","1","legal","targeted","29.641409974814096","20","82.13925370119225","82.13925370119225","75","80","80","fixed","1","1","50","780","23","50","21040945","v2.0-design-v1.0","0.4000000000000057","2.9000000000000004","-2.4999999999999947","95.22240527182866","true","11.602","8.702","50","99.6","29","300","996","996","0","0","0","0","0","888","578","29","140","141","0","169","0","3","3","1000","1997","3.994","85","5.509838683874711","0","46.4","3.5656565656565657","10","296","750"
"1044","BA","1000","2","0.1","30","0.1","0.5","1","legal","targeted","29.641409974814096","20","82.13925370119225","82.13925370119225","75","80","80","fixed","1","1","50","780","24","50","21040946","v2.0-design-v1.0","0.20000000000000284","2.5","-2.299999999999997","95.88138385502472","true","11.868000000000004","9.367999999999999","50","99.8","25","300","998","998","0","0","0","0","0","888","582","25","147","134","0","172","0","3","3","1000","1997","3.994","66","4.5390050194471545","0","35.4","3.676767676767677","10","296","750"
"1045","BA","1000","2","0.1","30","0.1","0.5","1","legal","targeted","29.641409974814096","20","82.13925370119225","82.13925370119225","75","80","80","fixed","1","1","50","780","25","50","21040947","v2.0-design-v1.0","0.09999999999999432","2.7","-2.600000000000006","95.60260586319218","true","11.710000000000003","9.010000000000002","50","99.9","27","300","999","999","0","0","0","0","0","888","587","27","141","133","0","168","0","3","3","1000","1997","3.994","105","5.946875593900515","0","48.3","3.5464646464646465","10","296","750"
"1046","BA","1000","2","0.1","30","0.1","0.5","1","legal","targeted","29.641409974814096","20","82.13925370119225","82.13925370119225","75","80","80","fixed","1","1","50","780","26","50","21040948","v2.0-design-v1.0","0.29999999999999716","2.8000000000000003","-2.500000000000003","95.59748427672956","true","11.93","9.13","50","99.7","28","300","997","997","0","0","0","0","0","888","608","28","139","113","0","167","0","3","3","1000","1997","3.994","77","5.149609934983656","0","42.8","3.602020202020202","10","296","750"
"1048","BA","1000","2","0.1","30","0.1","0.5","1","legal","targeted","29.641409974814096","20","82.13925370119225","82.13925370119225","75","80","80","fixed","1","1","50","780","28","50","21040950","v2.0-design-v1.0","0.4000000000000057","3.1","-2.6999999999999944","94.97568881685575","true","11.160000000000002","8.059999999999997","50","99.6","31","300","996","996","0","0","0","0","0","888","586","31","138","133","0","169","0","3","3","1000","1997","3.994","93","5.740288748391913","0","49.3","3.536363636363636","10","296","750"
"1047","BA","1000","2","0.1","30","0.1","0.5","1","legal","targeted","29.641409974814096","20","82.13925370119225","82.13925370119225","75","80","80","fixed","1","1","50","780","27","50","21040949","v2.0-design-v1.0","0.5999999999999943","3.3000000000000003","-2.700000000000006","94.92307692307692","true","12.558000000000007","9.297999999999996","50","99.4","33","300","994","994","0","0","0","0","0","888","617","33","138","100","0","171","0","3","3","1000","1997","3.994","75","5.172689892185748","0","44.5","3.584848484848485","10","296","750"
"1049","BA","1000","2","0.1","30","0.1","0.5","1","legal","targeted","29.641409974814096","20","82.13925370119225","82.13925370119225","75","80","80","fixed","1","1","50","780","29","50","21040951","v2.0-design-v1.0","0.09999999999999432","2.8000000000000003","-2.700000000000006","95.47657512116317","true","12.226","9.425999999999995","50","99.9","28","300","999","999","0","0","0","0","0","888","591","28","126","143","0","154","0","3","3","1000","1997","3.994","90","5.260003006808224","0","42.3","3.607070707070707","10","296","750"
"1050","BA","1000","2","0.1","30","0.1","0.5","1","legal","targeted","29.641409974814096","20","82.13925370119225","82.13925370119225","75","80","80","fixed","1","1","50","780","30","50","21040952","v2.0-design-v1.0","0.4000000000000057","3.1","-2.6999999999999944","95.14866979655712","true","12.266000000000004","9.165999999999999","50","99.6","31","300","996","996","0","0","0","0","0","888","608","31","124","125","0","155","0","3","3","1000","1997","3.994","100","5.295848374907454","0","42.2","3.608080808080808","10","296","750"
"1051","BA","1000","2","0.1","30","0.1","0.5","1","legal","targeted","96.30487414746398","1","95.02617375658582","95.02617375658582","75","80","80","fixed","1","1","50","781","1","50","21041923","v2.0-design-v1.0","100","90.8","9.200000000000003","13.92757660167131","true","99.91799999999999","35.518","50","0","908","300","0","0","963","0","39","924","0","48150","400","2472","45255","23","963","47727","96.3","50","50","1000","1997","3.994","82","5.120955788540663","0","40.6","3.624242424242424","10","963","750"
"1052","BA","1000","2","0.1","30","0.1","0.5","1","legal","targeted","96.30487414746398","1","95.02617375658582","95.02617375658582","75","80","80","fixed","1","1","50","781","2","50","21041924","v2.0-design-v1.0","100","91","9","14.2603760198652","true","99.95","36.72799999999998","50","0","910","300","0","0","963","0","52","911","0","48150","402","2417","45317","14","963","47734","96.3","50","50","1000","1997","3.994","139","6.279920493238888","0","46.7","3.562626262626263","10","963","750"
"1053","BA","1000","2","0.1","30","0.1","0.5","1","legal","targeted","96.30487414746398","1","95.02617375658582","95.02617375658582","75","80","80","fixed","1","1","50","781","3","50","21041925","v2.0-design-v1.0","100","91.7","8.299999999999997","14.224598930481283","true","99.946","36.007999999999996","50","0","917","300","0","0","963","0","48","915","0","48150","399","2406","45336","9","963","47742","96.3","50","50","1000","1997","3.994","79","5.140465775432056","0","42.6","3.604040404040404","10","963","750"
"1054","BA","1000","2","0.1","30","0.1","0.5","1","legal","targeted","96.30487414746398","1","95.02617375658582","95.02617375658582","75","80","80","fixed","1","1","50","781","4","50","21041926","v2.0-design-v1.0","100","90.2","9.799999999999997","14.450867052023122","true","99.928","39.536","50","0","902","300","0","0","963","0","53","910","0","48150","400","2368","45366","16","963","47734","96.3","50","50","1000","1997","3.994","61","5.056830582047954","0","43.6","3.5939393939393938","10","963","750"
"1055","BA","1000","2","0.1","30","0.1","0.5","1","legal","targeted","96.30487414746398","1","95.02617375658582","95.02617375658582","75","80","80","fixed","1","1","50","781","5","50","21041927","v2.0-design-v1.0","100","90.3","9.700000000000003","13.49036402569593","true","99.95","36.815999999999995","50","0","903","300","0","0","963","0","43","920","0","48150","378","2424","45336","12","963","47760","96.3","50","50","1000","1997","3.994","72","4.916516666923448","0","40.4","3.6262626262626263","10","963","750"
"1056","BA","1000","2","0.1","30","0.1","0.5","1","legal","targeted","96.30487414746398","1","95.02617375658582","95.02617375658582","75","80","80","fixed","1","1","50","781","6","50","21041928","v2.0-design-v1.0","100","91","9","14.055636896046853","true","99.94","37.742","50","0","910","300","0","0","963","0","47","916","0","48150","384","2348","45403","15","963","47751","96.3","50","50","1000","1997","3.994","90","5.453595667603681","0","46.7","3.562626262626263","10","963","750"
"1058","BA","1000","2","0.1","30","0.1","0.5","1","legal","targeted","96.30487414746398","1","95.02617375658582","95.02617375658582","75","80","80","fixed","1","1","50","781","8","50","21041930","v2.0-design-v1.0","100","92.2","7.799999999999997","14.235001774937878","true","99.92399999999999","36.049999999999976","50","0","922","300","0","0","963","0","39","924","0","48150","401","2416","45315","18","963","47731","96.3","50","50","1000","1997","3.994","88","5.343455484657509","0","42.2","3.608080808080808","10","963","750"
"1057","BA","1000","2","0.1","30","0.1","0.5","1","legal","targeted","96.30487414746398","1","95.02617375658582","95.02617375658582","75","80","80","fixed","1","1","50","781","7","50","21041929","v2.0-design-v1.0","100","90.9","9.099999999999994","14.185961043733922","true","99.932","37.14999999999999","50","0","909","300","0","0","963","0","53","910","0","48150","386","2335","45408","21","963","47743","96.3","50","50","1000","1997","3.994","75","5.135595227268042","0","42.8","3.602020202020202","10","963","750"
"1059","BA","1000","2","0.1","30","0.1","0.5","1","legal","targeted","96.30487414746398","1","95.02617375658582","95.02617375658582","75","80","80","fixed","1","1","50","781","9","50","21041931","v2.0-design-v1.0","100","90.2","9.799999999999997","13.830996589617278","true","99.95","39.05","50","0","902","300","0","0","963","0","32","931","0","48150","365","2274","45498","13","963","47772","96.3","50","50","1000","1997","3.994","102","5.543707847343382","0","42.9","3.601010101010101","10","963","750"
"1060","BA","1000","2","0.1","30","0.1","0.5","1","legal","targeted","96.30487414746398","1","95.02617375658582","95.02617375658582","75","80","80","fixed","1","1","50","781","10","50","21041932","v2.0-design-v1.0","100","90.8","9.200000000000003","14.29081814933905","true","99.948","38.236000000000004","50","0","908","300","0","0","963","0","42","921","0","48150","400","2399","45333","18","963","47732","96.3","50","50","1000","1997","3.994","66","4.991881697604898","0","42.4","3.606060606060606","10","963","750"
"1062","BA","1000","2","0.1","30","0.1","0.5","1","legal","targeted","96.30487414746398","1","95.02617375658582","95.02617375658582","75","80","80","fixed","1","1","50","781","12","50","21041934","v2.0-design-v1.0","100","91.4","8.599999999999994","15.234230911102914","true","99.90799999999999","37.79399999999999","50","0","914","300","0","0","963","0","42","921","0","48150","413","2298","45410","29","963","47708","96.3","50","50","1000","1997","3.994","70","4.887110378111773","0","40.2","3.628282828282828","10","963","750"
"1061","BA","1000","2","0.1","30","0.1","0.5","1","legal","targeted","96.30487414746398","1","95.02617375658582","95.02617375658582","75","80","80","fixed","1","1","50","781","11","50","21041933","v2.0-design-v1.0","100","90.5","9.5","14.570269273330874","true","99.92","37.918","50","0","905","300","0","0","963","0","56","907","0","48150","395","2316","45413","26","963","47729","96.3","50","50","1000","1997","3.994","83","5.1385181101527975","0","43.4","3.595959595959596","10","963","750"
"1063","BA","1000","2","0.1","30","0.1","0.5","1","legal","targeted","96.30487414746398","1","95.02617375658582","95.02617375658582","75","80","80","fixed","1","1","50","781","13","50","21041935","v2.0-design-v1.0","100","91.2","8.799999999999997","14.242652599849285","true","99.92200000000001","36.658","50","0","912","300","0","0","963","0","47","916","0","48150","378","2276","45474","22","963","47750","96.3","50","50","1000","1997","3.994","93","5.7072354548009","0","45.9","3.5707070707070705","10","963","750"
"1064","BA","1000","2","0.1","30","0.1","0.5","1","legal","targeted","96.30487414746398","1","95.02617375658582","95.02617375658582","75","80","80","fixed","1","1","50","781","14","50","21041936","v2.0-design-v1.0","100","91.2","8.799999999999997","14.018691588785046","true","99.928","36.87","50","0","912","300","0","0","963","0","46","917","0","48150","390","2392","45349","19","963","47741","96.3","50","50","1000","1997","3.994","76","5.011294950117876","0","41.3","3.617171717171717","10","963","750"
"1065","BA","1000","2","0.1","30","0.1","0.5","1","legal","targeted","96.30487414746398","1","95.02617375658582","95.02617375658582","75","80","80","fixed","1","1","50","781","15","50","21041937","v2.0-design-v1.0","100","93.2","6.799999999999997","14.502470007057164","true","99.928","35.489999999999995","50","0","932","300","0","0","963","0","50","913","0","48150","411","2423","45294","22","963","47717","96.3","50","50","1000","1997","3.994","75","5.224103296763487","0","44.1","3.588888888888889","10","963","750"
"1066","BA","1000","2","0.1","30","0.1","0.5","1","legal","targeted","96.30487414746398","1","95.02617375658582","95.02617375658582","75","80","80","fixed","1","1","50","781","16","50","21041938","v2.0-design-v1.0","100","89.7","10.299999999999997","14.23317396101508","true","99.93799999999999","37.436000000000014","50","0","897","300","0","0","963","0","58","905","0","48150","387","2332","45409","22","963","47741","96.3","50","50","1000","1997","3.994","133","6.132827698180985","0","46.8","3.5616161616161617","10","963","750"
"1068","BA","1000","2","0.1","30","0.1","0.5","1","legal","targeted","96.30487414746398","1","95.02617375658582","95.02617375658582","75","80","80","fixed","1","1","50","781","18","50","21041940","v2.0-design-v1.0","100","90","10","15.309090909090909","true","99.936","37.76599999999999","50","0","900","300","0","0","963","0","45","918","0","48150","421","2329","45383","17","963","47712","96.3","50","50","1000","1997","3.994","72","4.688704293080109","0","36.4","3.6666666666666665","10","963","750"
"1067","BA","1000","2","0.1","30","0.1","0.5","1","legal","targeted","96.30487414746398","1","95.02617375658582","95.02617375658582","75","80","80","fixed","1","1","50","781","17","50","21041939","v2.0-design-v1.0","100","90.60000000000001","9.399999999999991","14.34894872740686","true","99.928","37.67","50","0","906","300","0","0","963","0","45","918","0","48150","389","2322","45421","18","963","47743","96.3","50","50","1000","1997","3.994","93","5.586517087879811","0","44.9","3.580808080808081","10","963","750"
"1069","BA","1000","2","0.1","30","0.1","0.5","1","legal","targeted","96.30487414746398","1","95.02617375658582","95.02617375658582","75","80","80","fixed","1","1","50","781","19","50","21041941","v2.0-design-v1.0","100","91.10000000000001","8.899999999999991","13.76679985470396","true","99.928","36.17400000000001","50","0","911","300","0","0","963","0","42","921","0","48150","379","2374","45375","22","963","47749","96.3","50","50","1000","1997","3.994","61","5.017483347171073","0","44","3.5898989898989897","10","963","750"
"1070","BA","1000","2","0.1","30","0.1","0.5","1","legal","targeted","96.30487414746398","1","95.02617375658582","95.02617375658582","75","80","80","fixed","1","1","50","781","20","50","21041942","v2.0-design-v1.0","100","91.60000000000001","8.399999999999991","13.865248226950355","true","99.912","36.656","50","0","916","300","0","0","963","0","52","911","0","48150","391","2429","45303","27","963","47732","96.3","50","50","1000","1997","3.994","92","5.471370934226615","0","44.8","3.581818181818182","10","963","750"
"1071","BA","1000","2","0.1","30","0.1","0.5","1","legal","targeted","96.30487414746398","1","95.02617375658582","95.02617375658582","75","80","80","fixed","1","1","50","781","21","50","21041943","v2.0-design-v1.0","100","90","10","14.448111477814448","true","99.914","37.172000000000004","50","0","900","300","0","0","963","0","39","924","0","48150","394","2333","45396","27","963","47729","96.3","50","50","1000","1997","3.994","62","5.034810156630855","0","42.2","3.608080808080808","10","963","750"
"1072","BA","1000","2","0.1","30","0.1","0.5","1","legal","targeted","96.30487414746398","1","95.02617375658582","95.02617375658582","75","80","80","fixed","1","1","50","781","22","50","21041944","v2.0-design-v1.0","100","91","9","14.290869722121977","true","99.92200000000001","36.910000000000004","50","0","910","300","0","0","963","0","45","918","0","48150","396","2375","45352","27","963","47727","96.3","50","50","1000","1997","3.994","81","5.40584749943865","0","46.4","3.5656565656565657","10","963","750"
"1073","BA","1000","2","0.1","30","0.1","0.5","1","legal","targeted","96.30487414746398","1","95.02617375658582","95.02617375658582","75","80","80","fixed","1","1","50","781","23","50","21041945","v2.0-design-v1.0","100","91.60000000000001","8.399999999999991","14.62010744435917","true","99.954","37.053999999999995","50","0","916","300","0","0","963","0","40","923","0","48150","381","2225","45532","12","963","47757","96.3","50","50","1000","1997","3.994","70","5.1850601586528136","0","45","3.5797979797979798","10","963","750"
"1074","BA","1000","2","0.1","30","0.1","0.5","1","legal","targeted","96.30487414746398","1","95.02617375658582","95.02617375658582","75","80","80","fixed","1","1","50","781","24","50","21041946","v2.0-design-v1.0","100","91.10000000000001","8.899999999999991","13.539019963702358","true","99.948","37.05199999999999","50","0","911","300","0","0","963","0","49","914","0","48150","373","2382","45379","16","963","47761","96.3","50","50","1000","1997","3.994","90","5.475577224909342","0","45.2","3.577777777777778","10","963","750"
"1075","BA","1000","2","0.1","30","0.1","0.5","1","legal","targeted","96.30487414746398","1","95.02617375658582","95.02617375658582","75","80","80","fixed","1","1","50","781","25","50","21041947","v2.0-design-v1.0","100","90.8","9.200000000000003","13.90870185449358","true","99.92200000000001","36.998000000000005","50","0","908","300","0","0","963","0","41","922","0","48150","390","2414","45330","16","963","47744","96.3","50","50","1000","1997","3.994","127","6.099932226932818","0","49.7","3.5323232323232325","10","963","750"
"1076","BA","1000","2","0.1","30","0.1","0.5","1","legal","targeted","96.30487414746398","1","95.02617375658582","95.02617375658582","75","80","80","fixed","1","1","50","781","26","50","21041948","v2.0-design-v1.0","100","92.80000000000001","7.199999999999989","13.75438596491228","true","99.91799999999999","35.122","50","0","928","300","0","0","963","0","59","904","0","48150","392","2458","45278","22","963","47736","96.3","50","50","1000","1997","3.994","77","4.972593959966027","0","40.9","3.621212121212121","10","963","750"
"1077","BA","1000","2","0.1","30","0.1","0.5","1","legal","targeted","96.30487414746398","1","95.02617375658582","95.02617375658582","75","80","80","fixed","1","1","50","781","27","50","21041949","v2.0-design-v1.0","100","90","10","14.118934695366656","true","99.94200000000001","37.553999999999995","50","0","900","300","0","0","963","0","41","922","0","48150","387","2354","45390","19","963","47744","96.3","50","50","1000","1997","3.994","98","6.199386775834906","0","53.4","3.494949494949495","10","963","750"
"1078","BA","1000","2","0.1","30","0.1","0.5","1","legal","targeted","96.30487414746398","1","95.02617375658582","95.02617375658582","75","80","80","fixed","1","1","50","781","28","50","21041950","v2.0-design-v1.0","100","90.60000000000001","9.399999999999991","15.636774679728713","true","99.914","39.664000000000016","50","0","906","300","0","0","963","0","55","908","0","48150","415","2239","45468","28","963","47707","96.3","50","50","1000","1997","3.994","109","5.405847499438651","0","42.3","3.607070707070707","10","963","750"
"1079","BA","1000","2","0.1","30","0.1","0.5","1","legal","targeted","96.30487414746398","1","95.02617375658582","95.02617375658582","75","80","80","fixed","1","1","50","781","29","50","21041951","v2.0-design-v1.0","100","89.2","10.799999999999997","14.226258040105941","true","99.928","40.12000000000001","50","0","892","300","0","0","963","0","37","926","0","48150","376","2267","45486","21","963","47753","96.3","50","50","1000","1997","3.994","66","5.0282449470214905","0","41.8","3.6121212121212123","10","963","750"
"1080","BA","1000","2","0.1","30","0.1","0.5","1","legal","targeted","96.30487414746398","1","95.02617375658582","95.02617375658582","75","80","80","fixed","1","1","50","781","30","50","21041952","v2.0-design-v1.0","100","90.3","9.700000000000003","14.102093279471173","true","99.92200000000001","36.982","50","0","903","300","0","0","963","0","39","924","0","48150","384","2339","45410","17","963","47749","96.3","50","50","1000","1997","3.994","83","5.545874207076881","0","46.9","3.5606060606060606","10","963","750"
"1082","BA","1000","2","0.1","30","0.1","0.5","1","legal","targeted","74.440411750341","17","98.47707228709596","98.47707228709596","75","80","80","fixed","1","1","50","782","2","50","21042924","v2.0-design-v1.0","3.4000000000000057","1","2.4000000000000057","99.35179728933412","true","34.278","33.278","50","96.6","10","300","966","966","0","0","0","0","0","2232","1686","11","509","26","0","520","0","3","3","1000","1997","3.994","86","5.309628626952742","0","43.7","3.592929292929293","10","744","750"
"1081","BA","1000","2","0.1","30","0.1","0.5","1","legal","targeted","74.440411750341","17","98.47707228709596","98.47707228709596","75","80","80","fixed","1","1","50","782","1","50","21042923","v2.0-design-v1.0","4.299999999999997","0.8999999999999999","3.3999999999999972","99.47027663331372","true","33.720000000000006","32.81999999999999","50","95.7","9","300","957","957","0","0","0","0","0","2232","1690","9","505","28","0","514","0","3","3","1000","1997","3.994","110","5.5902786348459514","0","46","3.56969696969697","10","744","750"
"1083","BA","1000","2","0.1","30","0.1","0.5","1","legal","targeted","74.440411750341","17","98.47707228709596","98.47707228709596","75","80","80","fixed","1","1","50","782","3","50","21042925","v2.0-design-v1.0","3.799999999999997","0.7000000000000001","3.099999999999997","99.58920187793427","true","33.2","32.50000000000001","50","96.2","7","300","962","962","0","0","0","0","0","2232","1697","7","501","27","0","508","0","3","3","1000","1997","3.994","103","5.52290380746093","0","46","3.56969696969697","10","744","750"
"1084","BA","1000","2","0.1","30","0.1","0.5","1","legal","targeted","74.440411750341","17","98.47707228709596","98.47707228709596","75","80","80","fixed","1","1","50","782","4","50","21042926","v2.0-design-v1.0","2.799999999999997","0.8","1.9999999999999971","99.52996474735605","true","34.67400000000001","33.90799999999999","50","97.2","8","300","972","972","0","0","0","0","0","2232","1694","8","500","30","0","508","0","3","3","1000","1997","3.994","85","5.292255849065867","0","43.9","3.590909090909091","10","744","750"
"1086","BA","1000","2","0.1","30","0.1","0.5","1","legal","targeted","74.440411750341","17","98.47707228709596","98.47707228709596","75","80","80","fixed","1","1","50","782","6","50","21042928","v2.0-design-v1.0","4.1000000000000085","0.7000000000000001","3.4000000000000083","99.58896065766295","true","34.56000000000002","33.85999999999999","50","95.89999999999999","7","300","959","959","0","0","0","0","0","2232","1696","7","495","34","0","502","0","3","3","1000","1997","3.994","96","5.349633873694773","0","43.3","3.596969696969697","10","744","750"
"1085","BA","1000","2","0.1","30","0.1","0.5","1","legal","targeted","74.440411750341","17","98.47707228709596","98.47707228709596","75","80","80","fixed","1","1","50","782","5","50","21042927","v2.0-design-v1.0","4.900000000000006","0.7000000000000001","4.2000000000000055","99.5920745920746","true","34.02","33.32000000000001","50","95.1","7","300","951","951","0","0","0","0","0","2232","1709","7","493","23","0","500","0","3","3","1000","1997","3.994","95","5.694944810654118","0","50.9","3.5202020202020203","10","744","750"
"1087","BA","1000","2","0.1","30","0.1","0.5","1","legal","targeted","74.440411750341","17","98.47707228709596","98.47707228709596","75","80","80","fixed","1","1","50","782","7","50","21042929","v2.0-design-v1.0","3.299999999999997","0.8999999999999999","2.3999999999999972","99.47121034077556","true","34.45600000000001","33.55599999999999","50","96.7","9","300","967","967","0","0","0","0","0","2232","1693","9","508","22","0","517","0","3","3","1000","1997","3.994","75","5.45414628624055","0","48.1","3.5484848484848484","10","744","750"
"1088","BA","1000","2","0.1","30","0.1","0.5","1","legal","targeted","74.440411750341","17","98.47707228709596","98.47707228709596","75","80","80","fixed","1","1","50","782","8","50","21042930","v2.0-design-v1.0","3.4000000000000057","0.8","2.600000000000006","99.5249406175772","true","34.971999999999994","34.23999999999999","50","96.6","8","300","966","966","0","0","0","0","0","2232","1676","8","514","34","0","522","0","3","3","1000","1997","3.994","94","5.291120860456687","0","40.8","3.6222222222222222","10","744","750"
"1089","BA","1000","2","0.1","30","0.1","0.5","1","legal","targeted","74.440411750341","17","98.47707228709596","98.47707228709596","75","80","80","fixed","1","1","50","782","9","50","21042931","v2.0-design-v1.0","4.1000000000000085","0.7000000000000001","3.4000000000000083","99.5875073659399","true","35.88999999999998","35.224000000000004","50","95.89999999999999","7","300","959","959","0","0","0","0","0","2232","1690","7","523","12","0","530","0","3","3","1000","1997","3.994","101","6.0719710830036995","0","51.8","3.511111111111111","10","744","750"
"1090","BA","1000","2","0.1","30","0.1","0.5","1","legal","targeted","74.440411750341","17","98.47707228709596","98.47707228709596","75","80","80","fixed","1","1","50","782","10","50","21042932","v2.0-design-v1.0","3.1000000000000085","0.5","2.6000000000000085","99.70760233918129","true","34.383999999999986","33.88399999999999","50","96.89999999999999","5","300","969","969","0","0","0","0","0","2232","1705","5","500","22","0","505","0","3","3","1000","1997","3.994","114","6.287566898053478","0","49.7","3.5323232323232325","10","744","750"
"1091","BA","1000","2","0.1","30","0.1","0.5","1","legal","targeted","74.440411750341","17","98.47707228709596","98.47707228709596","75","80","80","fixed","1","1","50","782","11","50","21042933","v2.0-design-v1.0","4.400000000000006","1.2","3.2000000000000055","99.29906542056075","true","35.174","34.11","50","95.6","12","300","956","956","0","0","0","0","0","2232","1700","12","499","21","0","511","0","3","3","1000","1997","3.994","76","5.107254453035213","0","42","3.61010101010101","10","744","750"
"1092","BA","1000","2","0.1","30","0.1","0.5","1","legal","targeted","74.440411750341","17","98.47707228709596","98.47707228709596","75","80","80","fixed","1","1","50","782","12","50","21042934","v2.0-design-v1.0","3.799999999999997","0.7000000000000001","3.099999999999997","99.58896065766295","true","33.106","32.44","50","96.2","7","300","962","962","0","0","0","0","0","2232","1696","7","500","29","0","507","0","3","3","1000","1997","3.994","83","5.622773299678684","0","48","3.5494949494949495","10","744","750"
"1093","BA","1000","2","0.1","30","0.1","0.5","1","legal","targeted","74.440411750341","17","98.47707228709596","98.47707228709596","75","80","80","fixed","1","1","50","782","13","50","21042935","v2.0-design-v1.0","4.400000000000006","1","3.4000000000000057","99.41724941724942","true","34.32799999999999","33.43","50","95.6","10","300","956","956","0","0","0","0","0","2232","1706","10","489","27","0","499","0","3","3","1000","1997","3.994","76","5.389899351102479","0","45.8","3.5717171717171716","10","744","750"
"1094","BA","1000","2","0.1","30","0.1","0.5","1","legal","targeted","74.440411750341","17","98.47707228709596","98.47707228709596","75","80","80","fixed","1","1","50","782","14","50","21042936","v2.0-design-v1.0","4.800000000000011","0.7000000000000001","4.100000000000011","99.59302325581395","true","33.73","33.06399999999999","50","95.19999999999999","7","300","952","952","0","0","0","0","0","2232","1713","7","484","28","0","491","0","3","3","1000","1997","3.994","93","5.797894409143678","0","48.6","3.5434343434343436","10","744","750"
"1095","BA","1000","2","0.1","30","0.1","0.5","1","legal","targeted","74.440411750341","17","98.47707228709596","98.47707228709596","75","80","80","fixed","1","1","50","782","15","50","21042937","v2.0-design-v1.0","4.200000000000003","0.5","3.700000000000003","99.70743124634289","true","34.674","34.208","50","95.8","5","300","958","958","0","0","0","0","0","2232","1704","5","499","24","0","504","0","3","3","1000","1997","3.994","56","4.995089079777739","0","42.9","3.601010101010101","10","744","750"
"1096","BA","1000","2","0.1","30","0.1","0.5","1","legal","targeted","74.440411750341","17","98.47707228709596","98.47707228709596","75","80","80","fixed","1","1","50","782","16","50","21042938","v2.0-design-v1.0","4.299999999999997","1.0999999999999999","3.1999999999999975","99.35064935064936","true","35.184","34.084","50","95.7","11","300","957","957","0","0","0","0","0","2232","1683","11","508","30","0","519","0","3","3","1000","1997","3.994","84","5.252194736445848","0","42.6","3.604040404040404","10","744","750"
"1097","BA","1000","2","0.1","30","0.1","0.5","1","legal","targeted","74.440411750341","17","98.47707228709596","98.47707228709596","75","80","80","fixed","1","1","50","782","17","50","21042939","v2.0-design-v1.0","4.700000000000003","0.3","4.400000000000003","99.82578397212544","true","34.84000000000001","34.54","50","95.3","3","300","953","953","0","0","0","0","0","2232","1719","3","488","22","0","491","0","3","3","1000","1997","3.994","76","5.315469708146035","0","45.7","3.5727272727272728","10","744","750"
"1098","BA","1000","2","0.1","30","0.1","0.5","1","legal","targeted","74.440411750341","17","98.47707228709596","98.47707228709596","75","80","80","fixed","1","1","50","782","18","50","21042940","v2.0-design-v1.0","4.200000000000003","0.8999999999999999","3.300000000000003","99.46396664681359","true","35.402","34.535999999999994","50","95.8","9","300","958","958","0","0","0","0","0","2232","1670","9","520","33","0","529","0","3","3","1000","1997","3.994","62","4.987267471956637","0","39.7","3.6333333333333333","10","744","750"
"1099","BA","1000","2","0.1","30","0.1","0.5","1","legal","targeted","74.440411750341","17","98.47707228709596","98.47707228709596","75","80","80","fixed","1","1","50","782","19","50","21042941","v2.0-design-v1.0","3.799999999999997","0.4","3.3999999999999972","99.76359338061465","true","35.096","34.696","50","96.2","4","300","962","962","0","0","0","0","0","2232","1688","4","520","20","0","524","0","3","3","1000","1997","3.994","70","5.003098539404845","0","42.1","3.609090909090909","10","744","750"
"1100","BA","1000","2","0.1","30","0.1","0.5","1","legal","targeted","74.440411750341","17","98.47707228709596","98.47707228709596","75","80","80","fixed","1","1","50","782","20","50","21042942","v2.0-design-v1.0","3.200000000000003","1.2","2.0000000000000027","99.29947460595446","true","35.278000000000006","34.077999999999996","50","96.8","12","300","968","968","0","0","0","0","0","2232","1701","12","484","35","0","496","0","3","3","1000","1997","3.994","70","4.9421036399885745","0","40.3","3.6272727272727274","10","744","750"
"1102","BA","1000","2","0.1","30","0.1","0.5","1","legal","targeted","74.440411750341","17","98.47707228709596","98.47707228709596","75","80","80","fixed","1","1","50","782","22","50","21042944","v2.0-design-v1.0","5.300000000000011","0.5","4.800000000000011","99.70947123765252","true","35.19599999999999","34.696","50","94.69999999999999","5","300","947","947","0","0","0","0","0","2232","1716","5","484","27","0","489","0","3","3","1000","1997","3.994","65","4.484648935655495","0","33.4","3.696969696969697","10","744","750"
"1101","BA","1000","2","0.1","30","0.1","0.5","1","legal","targeted","74.440411750341","17","98.47707228709596","98.47707228709596","75","80","80","fixed","1","1","50","782","21","50","21042943","v2.0-design-v1.0","5.400000000000006","0.4","5.000000000000005","99.76635514018692","true","33.779999999999994","33.38","50","94.6","4","300","946","946","0","0","0","0","0","2232","1708","4","490","30","0","494","0","3","3","1000","1997","3.994","99","5.373531319238658","0","43.6","3.5939393939393938","10","744","750"
"1103","BA","1000","2","0.1","30","0.1","0.5","1","legal","targeted","74.440411750341","17","98.47707228709596","98.47707228709596","75","80","80","fixed","1","1","50","782","23","50","21042945","v2.0-design-v1.0","4","1.4000000000000001","2.5999999999999996","99.18128654970761","true","35.256","34.093999999999994","50","96","14","300","960","960","0","0","0","0","0","2232","1696","14","500","22","0","514","0","3","3","1000","1997","3.994","93","5.4655133186038185","0","45.7","3.5727272727272728","10","744","750"
"1104","BA","1000","2","0.1","30","0.1","0.5","1","legal","targeted","74.440411750341","17","98.47707228709596","98.47707228709596","75","80","80","fixed","1","1","50","782","24","50","21042946","v2.0-design-v1.0","5","0.7000000000000001","4.3","99.59016393442623","true","35.586","34.885999999999996","50","95","7","300","950","950","0","0","0","0","0","2232","1701","7","494","30","0","501","0","3","3","1000","1997","3.994","98","5.283926937788202","0","43.4","3.595959595959596","10","744","750"
"1106","BA","1000","2","0.1","30","0.1","0.5","1","legal","targeted","74.440411750341","17","98.47707228709596","98.47707228709596","75","80","80","fixed","1","1","50","782","26","50","21042948","v2.0-design-v1.0","4","0.5","3.5","99.70657276995306","true","34.194","33.762000000000015","50","96","5","300","960","960","0","0","0","0","0","2232","1699","5","494","34","0","499","0","3","3","1000","1997","3.994","67","5.059205427689164","0","43.7","3.592929292929293","10","744","750"
"1105","BA","1000","2","0.1","30","0.1","0.5","1","legal","targeted","74.440411750341","17","98.47707228709596","98.47707228709596","75","80","80","fixed","1","1","50","782","25","50","21042947","v2.0-design-v1.0","3.5","1.4000000000000001","2.0999999999999996","99.18414918414918","true","32.84199999999999","31.442000000000018","50","96.5","14","300","965","965","0","0","0","0","0","2232","1702","14","484","32","0","498","0","3","3","1000","1997","3.994","105","5.915484507371925","0","50.2","3.5272727272727273","10","744","750"
"1107","BA","1000","2","0.1","30","0.1","0.5","1","legal","targeted","74.440411750341","17","98.47707228709596","98.47707228709596","75","80","80","fixed","1","1","50","782","27","50","21042949","v2.0-design-v1.0","4.299999999999997","0.8999999999999999","3.3999999999999972","99.47027663331372","true","35.74799999999999","34.848000000000006","50","95.7","9","300","957","957","0","0","0","0","0","2232","1690","9","505","28","0","514","0","3","3","1000","1997","3.994","85","5.209904711902803","0","44.9","3.580808080808081","10","744","750"
"1108","BA","1000","2","0.1","30","0.1","0.5","1","legal","targeted","74.440411750341","17","98.47707228709596","98.47707228709596","75","80","80","fixed","1","1","50","782","28","50","21042950","v2.0-design-v1.0","5.700000000000003","0.7000000000000001","5.000000000000003","99.59420289855072","true","34.02000000000001","33.32000000000001","50","94.3","7","300","943","943","0","0","0","0","0","2232","1718","7","480","27","0","487","0","3","3","1000","1997","3.994","96","5.541360001901209","0","45.5","3.5747474747474746","10","744","750"
"1109","BA","1000","2","0.1","30","0.1","0.5","1","legal","targeted","74.440411750341","17","98.47707228709596","98.47707228709596","75","80","80","fixed","1","1","50","782","29","50","21042951","v2.0-design-v1.0","5.300000000000011","1.0999999999999999","4.200000000000012","99.3479549496147","true","34.852","33.888000000000005","50","94.69999999999999","11","300","947","947","0","0","0","0","0","2232","1676","11","513","32","0","524","0","3","3","1000","1997","3.994","71","4.862675149504592","0","39.6","3.6343434343434344","10","744","750"
"1110","BA","1000","2","0.1","30","0.1","0.5","1","legal","targeted","74.440411750341","17","98.47707228709596","98.47707228709596","75","80","80","fixed","1","1","50","782","30","50","21042952","v2.0-design-v1.0","4.5","1.2","3.3","99.29577464788733","true","35.78","34.648","50","95.5","12","300","955","955","0","0","0","0","0","2232","1692","12","508","20","0","520","0","3","3","1000","1997","3.994","70","4.9942874273420435","0","41.1","3.6191919191919193","10","744","750"
"1111","BA","1000","2","0.1","30","0.1","0.5","1","legal","targeted","80.7999147413436","9","94.98133489404766","94.98133489404766","75","80","80","fixed","1","1","50","783","1","50","21043923","v2.0-design-v1.0","50.2","6.7","43.5","97.90018259281801","true","60.825999999999986","55.76399999999999","50","49.8","67","300","498","498","0","0","0","0","0","4848","3217","69","1403","159","0","1472","0","6","6","1000","1997","3.994","83","5.197015775709448","0","42.8","3.602020202020202","10","808","750"
"1112","BA","1000","2","0.1","30","0.1","0.5","1","legal","targeted","80.7999147413436","9","94.98133489404766","94.98133489404766","75","80","80","fixed","1","1","50","783","2","50","21043924","v2.0-design-v1.0","55.8","8.5","47.3","97.38639738639738","true","59.052000000000014","53.82800000000001","50","44.2","85","300","442","442","0","0","0","0","0","4848","3279","88","1310","171","0","1398","0","6","6","1000","1997","3.994","71","5.235778583685265","0","44.9","3.580808080808081","10","808","750"
"1114","BA","1000","2","0.1","30","0.1","0.5","1","legal","targeted","80.7999147413436","9","94.98133489404766","94.98133489404766","75","80","80","fixed","1","1","50","783","4","50","21043926","v2.0-design-v1.0","53.1","6.6000000000000005","46.5","97.9084571082146","true","60.56999999999999","56.111999999999995","50","46.9","66","300","469","469","0","0","0","0","0","4848","3230","69","1397","152","0","1466","0","6","6","1000","1997","3.994","128","5.9034578693182125","0","44.8","3.581818181818182","10","808","750"
"1113","BA","1000","2","0.1","30","0.1","0.5","1","legal","targeted","80.7999147413436","9","94.98133489404766","94.98133489404766","75","80","80","fixed","1","1","50","783","3","50","21043925","v2.0-design-v1.0","54","5.3","48.7","98.41176470588235","true","58.17799999999999","54.42599999999999","50","46","53","300","460","460","0","0","0","0","0","4848","3346","54","1271","177","0","1325","0","6","6","1000","1997","3.994","107","5.4821545051209535","0","44.1","3.588888888888889","10","808","750"
"1115","BA","1000","2","0.1","30","0.1","0.5","1","legal","targeted","80.7999147413436","9","94.98133489404766","94.98133489404766","75","80","80","fixed","1","1","50","783","5","50","21043927","v2.0-design-v1.0","53.9","6.5","47.4","97.87814489239165","true","60.714000000000006","56.42800000000001","50","46.1","65","300","461","461","0","0","0","0","0","4848","3229","70","1374","175","0","1444","0","6","6","1000","1997","3.994","113","5.885626950852798","0","48.7","3.5424242424242425","10","808","750"
"1116","BA","1000","2","0.1","30","0.1","0.5","1","legal","targeted","80.7999147413436","9","94.98133489404766","94.98133489404766","75","80","80","fixed","1","1","50","783","6","50","21043928","v2.0-design-v1.0","56.4","7.5","48.9","97.71513353115728","true","59.55000000000001","54.534","50","43.6","75","300","436","436","0","0","0","0","0","4848","3293","77","1298","180","0","1375","0","6","6","1000","1997","3.994","103","5.537022902483116","0","45.2","3.577777777777778","10","808","750"
"1117","BA","1000","2","0.1","30","0.1","0.5","1","legal","targeted","80.7999147413436","9","94.98133489404766","94.98133489404766","75","80","80","fixed","1","1","50","783","7","50","21043929","v2.0-design-v1.0","54","6.3","47.7","98.07750075097627","true","58.517999999999994","54.054000000000016","50","46","63","300","460","460","0","0","0","0","0","4848","3265","64","1343","176","0","1407","0","6","6","1000","1997","3.994","75","5.436314700007479","0","47.7","3.5525252525252524","10","808","750"
"1118","BA","1000","2","0.1","30","0.1","0.5","1","legal","targeted","80.7999147413436","9","94.98133489404766","94.98133489404766","75","80","80","fixed","1","1","50","783","8","50","21043930","v2.0-design-v1.0","57.9","7.9","50","97.54023686607957","true","60.44200000000001","55.547999999999995","50","42.1","79","300","421","421","0","0","0","0","0","4848","3212","81","1379","176","0","1460","0","6","6","1000","1997","3.994","71","5.049897569799347","0","41.4","3.6161616161616164","10","808","750"
"1119","BA","1000","2","0.1","30","0.1","0.5","1","legal","targeted","80.7999147413436","9","94.98133489404766","94.98133489404766","75","80","80","fixed","1","1","50","783","9","50","21043931","v2.0-design-v1.0","52.7","7.199999999999999","45.5","97.70852428964253","true","61.40200000000001","56.84800000000002","50","47.3","72","300","473","473","0","0","0","0","0","4848","3198","75","1414","161","0","1489","0","6","6","1000","1997","3.994","89","5.588308616495079","0","48.2","3.5474747474747477","10","808","750"
"1120","BA","1000","2","0.1","30","0.1","0.5","1","legal","targeted","80.7999147413436","9","94.98133489404766","94.98133489404766","75","80","80","fixed","1","1","50","783","10","50","21043932","v2.0-design-v1.0","58.4","6.6000000000000005","51.8","97.99025578562728","true","61.49","56.834000000000024","50","41.6","66","300","416","416","0","0","0","0","0","4848","3218","66","1393","171","0","1459","0","6","6","1000","1997","3.994","70","5.011694432133808","0","41.6","3.614141414141414","10","808","750"
"1121","BA","1000","2","0.1","30","0.1","0.5","1","legal","targeted","80.7999147413436","9","94.98133489404766","94.98133489404766","75","80","80","fixed","1","1","50","783","11","50","21043933","v2.0-design-v1.0","54.9","7.3","47.6","97.80517137702947","true","59.954000000000015","55.03","50","45.1","73","300","451","451","0","0","0","0","0","4848","3253","73","1363","159","0","1436","0","6","6","1000","1997","3.994","106","5.66286429574574","0","45.6","3.573737373737374","10","808","750"
"1122","BA","1000","2","0.1","30","0.1","0.5","1","legal","targeted","80.7999147413436","9","94.98133489404766","94.98133489404766","75","80","80","fixed","1","1","50","783","12","50","21043934","v2.0-design-v1.0","54.6","7.3","47.300000000000004","97.6929902395741","true","59.82599999999999","54.937999999999995","50","45.4","73","300","454","454","0","0","0","0","0","4848","3303","78","1318","149","0","1396","0","6","6","1000","1997","3.994","73","5.448086420537543","0","49","3.5393939393939395","10","808","750"
"1123","BA","1000","2","0.1","30","0.1","0.5","1","legal","targeted","80.7999147413436","9","94.98133489404766","94.98133489404766","75","80","80","fixed","1","1","50","783","13","50","21043935","v2.0-design-v1.0","56.5","7.3","49.2","97.77303233679072","true","61.465999999999994","56.36200000000001","50","43.5","73","300","435","435","0","0","0","0","0","4848","3205","73","1415","155","0","1488","0","6","6","1000","1997","3.994","78","4.862880999120944","0","38.3","3.6474747474747473","10","808","750"
"1124","BA","1000","2","0.1","30","0.1","0.5","1","legal","targeted","80.7999147413436","9","94.98133489404766","94.98133489404766","75","80","80","fixed","1","1","50","783","14","50","21043936","v2.0-design-v1.0","55.1","6.7","48.4","98.04892253931276","true","58.94800000000001","54.065999999999995","50","44.9","67","300","449","449","0","0","0","0","0","4848","3367","67","1255","159","0","1322","0","6","6","1000","1997","3.994","87","5.601726817985971","0","49.6","3.533333333333333","10","808","750"
"1125","BA","1000","2","0.1","30","0.1","0.5","1","legal","targeted","80.7999147413436","9","94.98133489404766","94.98133489404766","75","80","80","fixed","1","1","50","783","15","50","21043937","v2.0-design-v1.0","53.199999999999996","6.7","46.49999999999999","97.96661608497725","true","61.464000000000006","56.852","50","46.800000000000004","67","300","468","468","0","0","0","0","0","4848","3228","67","1384","169","0","1451","0","6","6","1000","1997","3.994","94","5.520547114230646","0","45.6","3.573737373737374","10","808","750"
"1126","BA","1000","2","0.1","30","0.1","0.5","1","legal","targeted","80.7999147413436","9","94.98133489404766","94.98133489404766","75","80","80","fixed","1","1","50","783","16","50","21043938","v2.0-design-v1.0","55.6","6.6000000000000005","49","97.88902291917974","true","59.99199999999999","55.58800000000001","50","44.4","66","300","444","444","0","0","0","0","0","4848","3246","70","1359","173","0","1429","0","6","6","1000","1997","3.994","74","5.105490185088004","0","42.6","3.604040404040404","10","808","750"
"1127","BA","1000","2","0.1","30","0.1","0.5","1","legal","targeted","80.7999147413436","9","94.98133489404766","94.98133489404766","75","80","80","fixed","1","1","50","783","17","50","21043939","v2.0-design-v1.0","55.4","6.9","48.5","97.8902953586498","true","59.191999999999986","54.56","50","44.6","69","300","446","446","0","0","0","0","0","4848","3248","70","1344","186","0","1414","0","6","6","1000","1997","3.994","63","4.976216105307993","0","41.5","3.6151515151515152","10","808","750"
"1128","BA","1000","2","0.1","30","0.1","0.5","1","legal","targeted","80.7999147413436","9","94.98133489404766","94.98133489404766","75","80","80","fixed","1","1","50","783","18","50","21043940","v2.0-design-v1.0","51.800000000000004","7.8","44.00000000000001","97.58963543235915","true","58.058000000000014","52.76000000000002","50","48.199999999999996","78","300","482","482","0","0","0","0","0","4848","3239","80","1338","191","0","1418","0","6","6","1000","1997","3.994","114","5.567851018567653","0","44.2","3.587878787878788","10","808","750"
"1129","BA","1000","2","0.1","30","0.1","0.5","1","legal","targeted","80.7999147413436","9","94.98133489404766","94.98133489404766","75","80","80","fixed","1","1","50","783","19","50","21043941","v2.0-design-v1.0","54.199999999999996","7.3","46.9","97.82544813399942","true","58.505999999999986","53.599999999999994","50","45.800000000000004","73","300","458","458","0","0","0","0","0","4848","3329","74","1272","173","0","1346","0","6","6","1000","1997","3.994","77","5.4425715967349015","0","46.8","3.5616161616161617","10","808","750"
"1130","BA","1000","2","0.1","30","0.1","0.5","1","legal","targeted","80.7999147413436","9","94.98133489404766","94.98133489404766","75","80","80","fixed","1","1","50","783","20","50","21043942","v2.0-design-v1.0","56.1","7.3","48.800000000000004","97.74870702768482","true","59.662000000000006","54.647999999999996","50","43.9","73","300","439","439","0","0","0","0","0","4848","3213","74","1368","193","0","1442","0","6","6","1000","1997","3.994","95","5.51365254294866","0","43.4","3.595959595959596","10","808","750"
"1131","BA","1000","2","0.1","30","0.1","0.5","1","legal","targeted","80.7999147413436","9","94.98133489404766","94.98133489404766","75","80","80","fixed","1","1","50","783","21","50","21043943","v2.0-design-v1.0","55.8","7.3","48.5","97.67868051313378","true","59.84399999999999","54.956","50","44.2","73","300","442","442","0","0","0","0","0","4848","3198","76","1399","175","0","1475","0","6","6","1000","1997","3.994","82","5.223528429064893","0","44","3.5898989898989897","10","808","750"
"1132","BA","1000","2","0.1","30","0.1","0.5","1","legal","targeted","80.7999147413436","9","94.98133489404766","94.98133489404766","75","80","80","fixed","1","1","50","783","22","50","21043944","v2.0-design-v1.0","55.4","7.5","47.9","97.64194849519082","true","60.05","55.35800000000001","50","44.6","75","300","446","446","0","0","0","0","0","4848","3147","76","1460","165","0","1536","0","6","6","1000","1997","3.994","84","5.134620563228432","0","40.6","3.624242424242424","10","808","750"
"1134","BA","1000","2","0.1","30","0.1","0.5","1","legal","targeted","80.7999147413436","9","94.98133489404766","94.98133489404766","75","80","80","fixed","1","1","50","783","24","50","21043946","v2.0-design-v1.0","56.6","6.1","50.5","97.99757281553399","true","60.662000000000006","56.21800000000002","50","43.4","61","300","434","434","0","0","0","0","0","4848","3230","66","1385","167","0","1451","0","6","6","1000","1997","3.994","80","5.238072298222057","0","44.5","3.584848484848485","10","808","750"
"1133","BA","1000","2","0.1","30","0.1","0.5","1","legal","targeted","80.7999147413436","9","94.98133489404766","94.98133489404766","75","80","80","fixed","1","1","50","783","23","50","21043945","v2.0-design-v1.0","53.699999999999996","6.9","46.8","97.83536585365854","true","59.694","55.062000000000026","50","46.300000000000004","69","300","463","463","0","0","0","0","0","4848","3209","71","1394","174","0","1465","0","6","6","1000","1997","3.994","89","5.39138488989897","0","44","3.5898989898989897","10","808","750"
"1135","BA","1000","2","0.1","30","0.1","0.5","1","legal","targeted","80.7999147413436","9","94.98133489404766","94.98133489404766","75","80","80","fixed","1","1","50","783","25","50","21043947","v2.0-design-v1.0","61.7","7.1","54.6","97.83523752254962","true","60.30799999999999","55.40400000000002","50","38.3","71","300","383","383","0","0","0","0","0","4848","3254","72","1346","176","0","1418","0","6","6","1000","1997","3.994","88","5.429128791937003","0","44.8","3.581818181818182","10","808","750"
"1136","BA","1000","2","0.1","30","0.1","0.5","1","legal","targeted","80.7999147413436","9","94.98133489404766","94.98133489404766","75","80","80","fixed","1","1","50","783","26","50","21043948","v2.0-design-v1.0","61.1","7.000000000000001","54.1","97.68017321373338","true","61.728","57.355999999999995","50","38.9","70","300","389","389","0","0","0","0","0","4848","3158","75","1437","178","0","1512","0","6","6","1000","1997","3.994","81","5.011294950117882","0","40.7","3.6232323232323234","10","808","750"
"1137","BA","1000","2","0.1","30","0.1","0.5","1","legal","targeted","80.7999147413436","9","94.98133489404766","94.98133489404766","75","80","80","fixed","1","1","50","783","27","50","21043949","v2.0-design-v1.0","54.4","7.5","46.9","97.59525296689569","true","62.96200000000001","57.89200000000001","50","45.6","75","300","456","456","0","0","0","0","0","4848","3125","77","1488","158","0","1565","0","6","6","1000","1997","3.994","76","5.074220305791974","0","41.9","3.611111111111111","10","808","750"
"1138","BA","1000","2","0.1","30","0.1","0.5","1","legal","targeted","80.7999147413436","9","94.98133489404766","94.98133489404766","75","80","80","fixed","1","1","50","783","28","50","21043950","v2.0-design-v1.0","59.699999999999996","7.7","51.99999999999999","97.6897689768977","true","60.47","55.05599999999998","50","40.300000000000004","77","300","403","403","0","0","0","0","0","4848","3256","77","1362","153","0","1439","0","6","6","1000","1997","3.994","65","4.839564586343002","0","40.7","3.6232323232323234","10","808","750"
"1139","BA","1000","2","0.1","30","0.1","0.5","1","legal","targeted","80.7999147413436","9","94.98133489404766","94.98133489404766","75","80","80","fixed","1","1","50","783","29","50","21043951","v2.0-design-v1.0","56.5","7.1","49.4","97.84301977231875","true","59.59600000000001","55.03400000000001","50","43.5","71","300","435","435","0","0","0","0","0","4848","3266","72","1344","166","0","1416","0","6","6","1000","1997","3.994","67","4.897545298407139","0","41.3","3.617171717171717","10","808","750"
"1140","BA","1000","2","0.1","30","0.1","0.5","1","legal","targeted","80.7999147413436","9","94.98133489404766","94.98133489404766","75","80","80","fixed","1","1","50","783","30","50","21043952","v2.0-design-v1.0","56.1","5.1","51","98.4029484029484","true","61.26200000000003","57.674000000000014","50","43.9","51","300","439","439","0","0","0","0","0","4848","3204","52","1419","173","0","1471","0","6","6","1000","1997","3.994","57","4.804273623040733","0","39.2","3.6383838383838385","10","808","750"
"1141","BA","1000","2","0.1","30","0.1","0.5","1","legal","targeted","48.27096468984873","20","85.41081254350256","85.41081254350256","75","80","80","fixed","1","1","50","784","1","50","21044923","v2.0-design-v1.0","1.9000000000000057","4.2","-2.2999999999999945","95.96928982725528","true","17.817999999999998","13.617999999999997","50","98.1","42","300","981","981","0","0","0","0","0","1449","1000","42","231","176","0","273","0","3","3","1000","1997","3.994","82","5.296793371467302","0","43.8","3.591919191919192","10","483","750"
"1142","BA","1000","2","0.1","30","0.1","0.5","1","legal","targeted","48.27096468984873","20","85.41081254350256","85.41081254350256","75","80","80","fixed","1","1","50","784","2","50","21044924","v2.0-design-v1.0","2.700000000000003","4.3999999999999995","-1.6999999999999966","95.80152671755725","true","16.19","11.790000000000003","50","97.3","44","300","973","973","0","0","0","0","0","1449","1004","44","228","173","0","272","0","3","3","1000","1997","3.994","65","4.8955009886557965","0","39.5","3.6353535353535356","10","483","750"
"1143","BA","1000","2","0.1","30","0.1","0.5","1","legal","targeted","48.27096468984873","20","85.41081254350256","85.41081254350256","75","80","80","fixed","1","1","50","784","3","50","21044925","v2.0-design-v1.0","2.1000000000000085","4.9","-2.799999999999992","95.36862003780719","true","17.573999999999998","12.674000000000001","50","97.89999999999999","49","300","979","979","0","0","0","0","0","1449","1009","49","213","178","0","262","0","3","3","1000","1997","3.994","95","5.857155476019941","0","47.5","3.5545454545454547","10","483","750"
"1144","BA","1000","2","0.1","30","0.1","0.5","1","legal","targeted","48.27096468984873","20","85.41081254350256","85.41081254350256","75","80","80","fixed","1","1","50","784","4","50","21044926","v2.0-design-v1.0","2.9000000000000057","3.1","-0.1999999999999944","97.01636188642925","true","18.264","15.163999999999996","50","97.1","31","300","971","971","0","0","0","0","0","1449","1008","31","255","155","0","286","0","3","3","1000","1997","3.994","101","5.746911430585203","0","46.7","3.562626262626263","10","483","750"
"1146","BA","1000","2","0.1","30","0.1","0.5","1","legal","targeted","48.27096468984873","20","85.41081254350256","85.41081254350256","75","80","80","fixed","1","1","50","784","6","50","21044928","v2.0-design-v1.0","2.1000000000000085","4.5","-2.3999999999999915","95.67723342939482","true","16.881999999999998","12.421999999999999","50","97.89999999999999","45","300","979","979","0","0","0","0","0","1449","996","45","246","162","0","291","0","3","3","1000","1997","3.994","95","5.328823543743998","0","44.3","3.5868686868686868","10","483","750"
"1145","BA","1000","2","0.1","30","0.1","0.5","1","legal","targeted","48.27096468984873","20","85.41081254350256","85.41081254350256","75","80","80","fixed","1","1","50","784","5","50","21044927","v2.0-design-v1.0","2.6000000000000085","3.8","-1.1999999999999913","96.24876604146101","true","16.122000000000003","12.402000000000001","50","97.39999999999999","38","300","974","974","0","0","0","0","0","1449","975","38","254","182","0","292","0","3","3","1000","1997","3.994","80","5.457815657545759","0","46","3.56969696969697","10","483","750"
"1147","BA","1000","2","0.1","30","0.1","0.5","1","legal","targeted","48.27096468984873","20","85.41081254350256","85.41081254350256","75","80","80","fixed","1","1","50","784","7","50","21044929","v2.0-design-v1.0","2.200000000000003","5","-2.799999999999997","95.27410207939508","true","17.584000000000007","12.624000000000008","50","97.8","50","300","978","978","0","0","0","0","0","1449","1008","50","231","160","0","281","0","3","3","1000","1997","3.994","107","5.692483497417299","0","47.2","3.5575757575757576","10","483","750"
"1148","BA","1000","2","0.1","30","0.1","0.5","1","legal","targeted","48.27096468984873","20","85.41081254350256","85.41081254350256","75","80","80","fixed","1","1","50","784","8","50","21044930","v2.0-design-v1.0","2.1000000000000085","3.6999999999999997","-1.5999999999999912","96.40077821011673","true","17.310000000000006","13.609999999999992","50","97.89999999999999","37","300","979","979","0","0","0","0","0","1449","991","37","253","168","0","290","0","3","3","1000","1997","3.994","63","5.008897388952275","0","42.8","3.602020202020202","10","483","750"
"1150","BA","1000","2","0.1","30","0.1","0.5","1","legal","targeted","48.27096468984873","20","85.41081254350256","85.41081254350256","75","80","80","fixed","1","1","50","784","10","50","21044932","v2.0-design-v1.0","2.9000000000000057","6.7","-3.7999999999999945","93.60687022900763","true","17.243999999999993","10.544000000000004","50","97.1","67","300","971","971","0","0","0","0","0","1449","981","67","229","172","0","296","0","3","3","1000","1997","3.994","143","6.108459484786459","0","45.6","3.573737373737374","10","483","750"
"1149","BA","1000","2","0.1","30","0.1","0.5","1","legal","targeted","48.27096468984873","20","85.41081254350256","85.41081254350256","75","80","80","fixed","1","1","50","784","9","50","21044931","v2.0-design-v1.0","2.5","4.2","-1.7000000000000002","96.01895734597157","true","17.428","13.228000000000007","50","97.5","42","300","975","975","0","0","0","0","0","1449","1013","42","232","162","0","274","0","3","3","1000","1997","3.994","106","5.403810245110854","0","42.3","3.607070707070707","10","483","750"
"1151","BA","1000","2","0.1","30","0.1","0.5","1","legal","targeted","48.27096468984873","20","85.41081254350256","85.41081254350256","75","80","80","fixed","1","1","50","784","11","50","21044933","v2.0-design-v1.0","1.7999999999999972","5","-3.200000000000003","95.28746465598492","true","17.835999999999995","12.835999999999997","50","98.2","50","300","982","982","0","0","0","0","0","1449","1011","50","241","147","0","291","0","3","3","1000","1997","3.994","50","4.580277605445201","0","38.5","3.6454545454545455","10","483","750"
"1152","BA","1000","2","0.1","30","0.1","0.5","1","legal","targeted","48.27096468984873","20","85.41081254350256","85.41081254350256","75","80","80","fixed","1","1","50","784","12","50","21044934","v2.0-design-v1.0","1.5","3.5000000000000004","-2.0000000000000004","96.64107485604606","true","17.076000000000008","13.576000000000006","50","98.5","35","300","985","985","0","0","0","0","0","1449","1007","35","242","165","0","277","0","3","3","1000","1997","3.994","99","5.286010395932441","0","44","3.5898989898989897","10","483","750"
"1154","BA","1000","2","0.1","30","0.1","0.5","1","legal","targeted","48.27096468984873","20","85.41081254350256","85.41081254350256","75","80","80","fixed","1","1","50","784","14","50","21044936","v2.0-design-v1.0","2.700000000000003","3","-0.29999999999999716","97.08454810495627","true","16.432000000000013","13.432000000000011","50","97.3","30","300","973","973","0","0","0","0","0","1449","999","30","237","183","0","267","0","3","3","1000","1997","3.994","70","5.0504922009118465","0","41.6","3.614141414141414","10","483","750"
"1155","BA","1000","2","0.1","30","0.1","0.5","1","legal","targeted","48.27096468984873","20","85.41081254350256","85.41081254350256","75","80","80","fixed","1","1","50","784","15","50","21044937","v2.0-design-v1.0","2.4000000000000057","4.7","-2.2999999999999945","95.47641963426372","true","18.21","13.549999999999997","50","97.6","47","300","976","976","0","0","0","0","0","1449","992","47","254","156","0","301","0","3","3","1000","1997","3.994","80","5.084074331853511","0","41.5","3.6151515151515152","10","483","750"
"1153","BA","1000","2","0.1","30","0.1","0.5","1","legal","targeted","48.27096468984873","20","85.41081254350256","85.41081254350256","75","80","80","fixed","1","1","50","784","13","50","21044935","v2.0-design-v1.0","3","3.6999999999999997","-0.6999999999999997","96.51272384542884","true","18.114000000000004","14.413999999999994","50","97","37","300","970","970","0","0","0","0","0","1449","1024","37","233","155","0","270","0","3","3","1000","1997","3.994","82","5.0510867620223445","0","41.8","3.6121212121212123","10","483","750"
"1156","BA","1000","2","0.1","30","0.1","0.5","1","legal","targeted","48.27096468984873","20","85.41081254350256","85.41081254350256","75","80","80","fixed","1","1","50","784","16","50","21044938","v2.0-design-v1.0","2.4000000000000057","5.5","-3.0999999999999943","94.75190839694656","true","17.724","12.303999999999995","50","97.6","55","300","976","976","0","0","0","0","0","1449","993","55","222","179","0","277","0","3","3","1000","1997","3.994","76","4.958078916934107","0","40.7","3.6232323232323234","10","483","750"
"1158","BA","1000","2","0.1","30","0.1","0.5","1","legal","targeted","48.27096468984873","20","85.41081254350256","85.41081254350256","75","80","80","fixed","1","1","50","784","18","50","21044940","v2.0-design-v1.0","2.9000000000000057","3.8","-0.8999999999999941","96.33558341369334","true","17.084","13.283999999999999","50","97.1","38","300","971","971","0","0","0","0","0","1449","999","38","247","165","0","285","0","3","3","1000","1997","3.994","84","5.295281296022328","0","44.9","3.580808080808081","10","483","750"
"1159","BA","1000","2","0.1","30","0.1","0.5","1","legal","targeted","48.27096468984873","20","85.41081254350256","85.41081254350256","75","80","80","fixed","1","1","50","784","19","50","21044941","v2.0-design-v1.0","1.5","3.8","-2.3","96.2","true","16.805999999999997","13.005999999999997","50","98.5","38","300","985","985","0","0","0","0","0","1449","962","38","260","189","0","298","0","3","3","1000","1997","3.994","94","5.391756210645555","0","45.1","3.5787878787878786","10","483","750"
"1157","BA","1000","2","0.1","30","0.1","0.5","1","legal","targeted","48.27096468984873","20","85.41081254350256","85.41081254350256","75","80","80","fixed","1","1","50","784","17","50","21044939","v2.0-design-v1.0","2.4000000000000057","5.1","-2.699999999999994","95.04289799809342","true","16.99199999999999","11.891999999999996","50","97.6","51","300","976","976","0","0","0","0","0","1449","997","52","229","171","0","281","0","3","3","1000","1997","3.994","61","4.963325356915312","0","42.2","3.608080808080808","10","483","750"
"1160","BA","1000","2","0.1","30","0.1","0.5","1","legal","targeted","48.27096468984873","20","85.41081254350256","85.41081254350256","75","80","80","fixed","1","1","50","784","20","50","21044942","v2.0-design-v1.0","1.5","3.8","-2.3","96.33558341369334","true","17.628","13.867999999999997","50","98.5","38","300","985","985","0","0","0","0","0","1449","999","38","258","154","0","296","0","3","3","1000","1997","3.994","53","4.598816490480248","0","36.7","3.6636363636363636","10","483","750"
"1161","BA","1000","2","0.1","30","0.1","0.5","1","legal","targeted","48.27096468984873","20","85.41081254350256","85.41081254350256","75","80","80","fixed","1","1","50","784","21","50","21044943","v2.0-design-v1.0","1.7000000000000028","3.9","-2.199999999999997","96.18021547502448","true","17.182000000000002","13.322000000000003","50","98.3","39","300","983","983","0","0","0","0","0","1449","982","39","245","183","0","284","0","3","3","1000","1997","3.994","83","5.239791925202695","0","42.9","3.601010101010101","10","483","750"
"1162","BA","1000","2","0.1","30","0.1","0.5","1","legal","targeted","48.27096468984873","20","85.41081254350256","85.41081254350256","75","80","80","fixed","1","1","50","784","22","50","21044944","v2.0-design-v1.0","2","3.2","-1.2000000000000002","96.84418145956607","true","16.68000000000001","13.48","50","98","32","300","980","980","0","0","0","0","0","1449","982","32","267","168","0","299","0","3","3","1000","1997","3.994","82","4.9356179273039595","0","40.4","3.6262626262626263","10","483","750"
"1163","BA","1000","2","0.1","30","0.1","0.5","1","legal","targeted","48.27096468984873","20","85.41081254350256","85.41081254350256","75","80","80","fixed","1","1","50","784","23","50","21044945","v2.0-design-v1.0","2.700000000000003","5.2","-2.4999999999999973","95.02392344497608","true","18.09400000000001","12.93399999999999","50","97.3","52","300","973","973","0","0","0","0","0","1449","993","52","237","167","0","289","0","3","3","1000","1997","3.994","127","6.148151247632422","0","47.5","3.5545454545454547","10","483","750"
"1164","BA","1000","2","0.1","30","0.1","0.5","1","legal","targeted","48.27096468984873","20","85.41081254350256","85.41081254350256","75","80","80","fixed","1","1","50","784","24","50","21044946","v2.0-design-v1.0","2.5","4.1000000000000005","-1.6000000000000005","96.01518026565465","true","17.298000000000005","13.197999999999997","50","97.5","41","300","975","975","0","0","0","0","0","1449","1012","42","250","145","0","292","0","3","3","1000","1997","3.994","65","4.86205754836402","0","40.8","3.6222222222222222","10","483","750"
"1166","BA","1000","2","0.1","30","0.1","0.5","1","legal","targeted","48.27096468984873","20","85.41081254350256","85.41081254350256","75","80","80","fixed","1","1","50","784","26","50","21044948","v2.0-design-v1.0","2.799999999999997","4","-1.2000000000000028","96.11273080660835","true","17.728","13.728000000000002","50","97.2","40","300","972","972","0","0","0","0","0","1449","989","40","248","172","0","288","0","3","3","1000","1997","3.994","111","6.128092486044732","0","47.9","3.5505050505050506","10","483","750"
"1165","BA","1000","2","0.1","30","0.1","0.5","1","legal","targeted","48.27096468984873","20","85.41081254350256","85.41081254350256","75","80","80","fixed","1","1","50","784","25","50","21044947","v2.0-design-v1.0","1.7000000000000028","4.9","-3.1999999999999975","95.29298751200768","true","17.866","13.005999999999995","50","98.3","49","300","983","983","0","0","0","0","0","1449","992","49","241","167","0","290","0","3","3","1000","1997","3.994","76","5.433552013875216","0","47.6","3.5535353535353535","10","483","750"
"1167","BA","1000","2","0.1","30","0.1","0.5","1","legal","targeted","48.27096468984873","20","85.41081254350256","85.41081254350256","75","80","80","fixed","1","1","50","784","27","50","21044949","v2.0-design-v1.0","2.700000000000003","4.3999999999999995","-1.6999999999999966","95.67779960707269","true","17.093999999999998","12.733999999999996","50","97.3","44","300","973","973","0","0","0","0","0","1449","974","44","250","181","0","294","0","3","3","1000","1997","3.994","101","5.492734668098763","0","44.2","3.587878787878788","10","483","750"
"1168","BA","1000","2","0.1","30","0.1","0.5","1","legal","targeted","48.27096468984873","20","85.41081254350256","85.41081254350256","75","80","80","fixed","1","1","50","784","28","50","21044950","v2.0-design-v1.0","2.1000000000000085","4.1000000000000005","-1.999999999999992","96.0952380952381","true","17.612000000000005","13.511999999999995","50","97.89999999999999","41","300","979","979","0","0","0","0","0","1449","1009","41","225","174","0","266","0","3","3","1000","1997","3.994","84","5.55074542514559","0","46.7","3.562626262626263","10","483","750"
"1169","BA","1000","2","0.1","30","0.1","0.5","1","legal","targeted","48.27096468984873","20","85.41081254350256","85.41081254350256","75","80","80","fixed","1","1","50","784","29","50","21044951","v2.0-design-v1.0","2.5","3.5000000000000004","-1.0000000000000004","96.64429530201343","true","17.344000000000005","13.843999999999996","50","97.5","35","300","975","975","0","0","0","0","0","1449","1008","35","256","150","0","291","0","3","3","1000","1997","3.994","78","5.247427893692244","0","44.6","3.583838383838384","10","483","750"
"1170","BA","1000","2","0.1","30","0.1","0.5","1","legal","targeted","48.27096468984873","20","85.41081254350256","85.41081254350256","75","80","80","fixed","1","1","50","784","30","50","21044952","v2.0-design-v1.0","2.4000000000000057","3.9","-1.4999999999999942","96.16141732283464","true","16.238000000000003","12.337999999999997","50","97.6","39","300","976","976","0","0","0","0","0","1449","977","39","258","175","0","297","0","3","3","1000","1997","3.994","81","5.620636579210174","0","46.7","3.562626262626263","10","483","750"
"1171","BA","1000","2","0.1","30","0.1","0.5","1","legal","targeted","77.78093403096955","20","96.46989425749754","96.46989425749754","75","80","80","fixed","1","1","50","785","1","50","21045923","v2.0-design-v1.0","16.400000000000006","1.9","14.500000000000005","98.9373601789709","true","32.95","31.08999999999999","50","83.6","19","300","836","836","0","0","0","0","0","2334","1769","19","482","64","0","501","0","3","3","1000","1997","3.994","88","5.346639182753071","0","45.8","3.5717171717171716","10","778","750"
"1173","BA","1000","2","0.1","30","0.1","0.5","1","legal","targeted","77.78093403096955","20","96.46989425749754","96.46989425749754","75","80","80","fixed","1","1","50","785","3","50","21045925","v2.0-design-v1.0","16.299999999999997","1.0999999999999999","15.199999999999998","99.37142857142857","true","32.95","31.849999999999994","50","83.7","11","300","837","837","0","0","0","0","0","2334","1739","11","504","80","0","515","0","3","3","1000","1997","3.994","130","5.978436727582386","0","46.4","3.5656565656565657","10","778","750"
"1174","BA","1000","2","0.1","30","0.1","0.5","1","legal","targeted","77.78093403096955","20","96.46989425749754","96.46989425749754","75","80","80","fixed","1","1","50","785","4","50","21045926","v2.0-design-v1.0","18","1.7999999999999998","16.2","98.99721448467966","true","35.24200000000002","33.48199999999999","50","82","18","300","820","820","0","0","0","0","0","2334","1777","18","470","69","0","488","0","3","3","1000","1997","3.994","68","5.158349791607043","0","44.2","3.587878787878788","10","778","750"
"1172","BA","1000","2","0.1","30","0.1","0.5","1","legal","targeted","77.78093403096955","20","96.46989425749754","96.46989425749754","75","80","80","fixed","1","1","50","785","2","50","21045924","v2.0-design-v1.0","15","2.1999999999999997","12.8","98.76681614349776","true","35.032000000000004","32.871999999999986","50","85","22","300","850","850","0","0","0","0","0","2334","1762","22","481","69","0","503","0","3","3","1000","1997","3.994","67","4.7704004780228475","0","37.4","3.6565656565656566","10","778","750"
"1175","BA","1000","2","0.1","30","0.1","0.5","1","legal","targeted","77.78093403096955","20","96.46989425749754","96.46989425749754","75","80","80","fixed","1","1","50","785","5","50","21045927","v2.0-design-v1.0","18.799999999999997","1.5","17.299999999999997","99.16107382550335","true","35.748000000000005","34.288000000000004","50","81.2","15","300","812","812","0","0","0","0","0","2334","1773","15","497","49","0","512","0","3","3","1000","1997","3.994","72","4.960501040275111","0","40.9","3.621212121212121","10","778","750"
"1176","BA","1000","2","0.1","30","0.1","0.5","1","legal","targeted","77.78093403096955","20","96.46989425749754","96.46989425749754","75","80","80","fixed","1","1","50","785","6","50","21045928","v2.0-design-v1.0","13.400000000000006","2.4","11.000000000000005","98.65319865319864","true","34.102","31.901999999999997","50","86.6","24","300","866","866","0","0","0","0","0","2334","1758","24","493","59","0","517","0","3","3","1000","1997","3.994","75","5.485805142188154","0","48","3.5494949494949495","10","778","750"
"1177","BA","1000","2","0.1","30","0.1","0.5","1","legal","targeted","77.78093403096955","20","96.46989425749754","96.46989425749754","75","80","80","fixed","1","1","50","785","7","50","21045929","v2.0-design-v1.0","19.69999999999999","1.7999999999999998","17.899999999999988","98.9836250705816","true","35.65599999999999","34.016000000000005","50","80.30000000000001","18","300","803","803","0","0","0","0","0","2334","1753","18","500","63","0","518","0","3","3","1000","1997","3.994","64","4.924653918420677","0","38.6","3.6444444444444444","10","778","750"
"1178","BA","1000","2","0.1","30","0.1","0.5","1","legal","targeted","77.78093403096955","20","96.46989425749754","96.46989425749754","75","80","80","fixed","1","1","50","785","8","50","21045930","v2.0-design-v1.0","16.5","1.4000000000000001","15.1","99.20589903573455","true","33.68","32.32000000000001","50","83.5","14","300","835","835","0","0","0","0","0","2334","1749","14","501","70","0","515","0","3","3","1000","1997","3.994","108","5.619567914310093","0","44.7","3.5828282828282827","10","778","750"
"1179","BA","1000","2","0.1","30","0.1","0.5","1","legal","targeted","77.78093403096955","20","96.46989425749754","96.46989425749754","75","80","80","fixed","1","1","50","785","9","50","21045931","v2.0-design-v1.0","18","1.9","16.1","98.92776523702031","true","32.772","30.87199999999999","50","82","19","300","820","820","0","0","0","0","0","2334","1753","19","484","78","0","503","0","3","3","1000","1997","3.994","91","5.326756831162679","0","44.6","3.583838383838384","10","778","750"
"1180","BA","1000","2","0.1","30","0.1","0.5","1","legal","targeted","77.78093403096955","20","96.46989425749754","96.46989425749754","75","80","80","fixed","1","1","50","785","10","50","21045932","v2.0-design-v1.0","16.400000000000006","1.7000000000000002","14.700000000000006","99.05186837702176","true","33.254","31.673999999999996","50","83.6","17","300","836","836","0","0","0","0","0","2334","1776","17","481","60","0","498","0","3","3","1000","1997","3.994","66","5.351317650878191","0","45.2","3.577777777777778","10","778","750"
"1181","BA","1000","2","0.1","30","0.1","0.5","1","legal","targeted","77.78093403096955","20","96.46989425749754","96.46989425749754","75","80","80","fixed","1","1","50","785","11","50","21045933","v2.0-design-v1.0","16.10000000000001","1.3","14.800000000000008","99.27374301675978","true","34.4","33.139999999999986","50","83.89999999999999","13","300","839","839","0","0","0","0","0","2334","1777","13","487","57","0","500","0","3","3","1000","1997","3.994","114","5.986802636283087","0","50.5","3.5242424242424244","10","778","750"
"1182","BA","1000","2","0.1","30","0.1","0.5","1","legal","targeted","77.78093403096955","20","96.46989425749754","96.46989425749754","75","80","80","fixed","1","1","50","785","12","50","21045934","v2.0-design-v1.0","15.299999999999997","1.4000000000000001","13.899999999999997","99.2121553179516","true","33.013999999999996","31.654","50","84.7","14","300","847","847","0","0","0","0","0","2334","1763","14","490","67","0","504","0","3","3","1000","1997","3.994","79","5.409734672720018","0","47.2","3.5575757575757576","10","778","750"
"1183","BA","1000","2","0.1","30","0.1","0.5","1","legal","targeted","77.78093403096955","20","96.46989425749754","96.46989425749754","75","80","80","fixed","1","1","50","785","13","50","21045935","v2.0-design-v1.0","15.5","1.7999999999999998","13.7","98.98190045248869","true","36.238","34.678000000000004","50","84.5","18","300","845","845","0","0","0","0","0","2334","1750","18","498","68","0","516","0","3","3","1000","1997","3.994","70","5.33558173327261","0","45.2","3.577777777777778","10","778","750"
"1184","BA","1000","2","0.1","30","0.1","0.5","1","legal","targeted","77.78093403096955","20","96.46989425749754","96.46989425749754","75","80","80","fixed","1","1","50","785","14","50","21045936","v2.0-design-v1.0","14.600000000000009","1.4000000000000001","13.200000000000008","99.2","true","33.67599999999999","32.31600000000001","50","85.39999999999999","14","300","854","854","0","0","0","0","0","2334","1736","14","510","74","0","524","0","3","3","1000","1997","3.994","106","6.045867722380042","0","50.3","3.526262626262626","10","778","750"
"1185","BA","1000","2","0.1","30","0.1","0.5","1","legal","targeted","77.78093403096955","20","96.46989425749754","96.46989425749754","75","80","80","fixed","1","1","50","785","15","50","21045937","v2.0-design-v1.0","19","1.6","17.4","99.10962715637173","true","35.3","33.74000000000001","50","81","16","300","810","810","0","0","0","0","0","2334","1781","16","486","51","0","502","0","3","3","1000","1997","3.994","79","5.032423798656986","0","41.3","3.617171717171717","10","778","750"
"1186","BA","1000","2","0.1","30","0.1","0.5","1","legal","targeted","77.78093403096955","20","96.46989425749754","96.46989425749754","75","80","80","fixed","1","1","50","785","16","50","21045938","v2.0-design-v1.0","18.5","1.6","16.9","99.09604519774011","true","33.538000000000004","31.93800000000001","50","81.5","16","300","815","815","0","0","0","0","0","2334","1754","16","495","69","0","511","0","3","3","1000","1997","3.994","60","4.872135230235471","0","39.7","3.6333333333333333","10","778","750"
"1187","BA","1000","2","0.1","30","0.1","0.5","1","legal","targeted","77.78093403096955","20","96.46989425749754","96.46989425749754","75","80","80","fixed","1","1","50","785","17","50","21045939","v2.0-design-v1.0","15.700000000000003","2.1","13.600000000000003","98.83656509695291","true","33.85199999999999","31.752","50","84.3","21","300","843","843","0","0","0","0","0","2334","1784","21","472","57","0","493","0","3","3","1000","1997","3.994","92","5.7154729139967575","0","46.8","3.5616161616161617","10","778","750"
"1188","BA","1000","2","0.1","30","0.1","0.5","1","legal","targeted","77.78093403096955","20","96.46989425749754","96.46989425749754","75","80","80","fixed","1","1","50","785","18","50","21045940","v2.0-design-v1.0","17.200000000000003","2.1","15.100000000000003","98.82154882154882","true","34.21400000000001","32.19400000000002","50","82.8","21","300","828","828","0","0","0","0","0","2334","1761","21","481","71","0","502","0","3","3","1000","1997","3.994","69","4.856083354468445","0","39.4","3.6363636363636362","10","778","750"
"1189","BA","1000","2","0.1","30","0.1","0.5","1","legal","targeted","77.78093403096955","20","96.46989425749754","96.46989425749754","75","80","80","fixed","1","1","50","785","19","50","21045941","v2.0-design-v1.0","15.700000000000003","1.3","14.400000000000002","99.27414852037968","true","35.65599999999999","34.356","50","84.3","13","300","843","843","0","0","0","0","0","2334","1778","13","477","66","0","490","0","3","3","1000","1997","3.994","104","5.873539176890084","0","46.7","3.562626262626263","10","778","750"
"1190","BA","1000","2","0.1","30","0.1","0.5","1","legal","targeted","77.78093403096955","20","96.46989425749754","96.46989425749754","75","80","80","fixed","1","1","50","785","20","50","21045942","v2.0-design-v1.0","16","2","14","98.88080581980974","true","36.050000000000004","34.050000000000004","50","84","20","300","840","840","0","0","0","0","0","2334","1767","20","492","55","0","512","0","3","3","1000","1997","3.994","70","4.794262085967854","0","38.1","3.6494949494949496","10","778","750"
"1191","BA","1000","2","0.1","30","0.1","0.5","1","legal","targeted","77.78093403096955","20","96.46989425749754","96.46989425749754","75","80","80","fixed","1","1","50","785","21","50","21045943","v2.0-design-v1.0","16.200000000000003","1.7999999999999998","14.400000000000002","98.99777282850779","true","33.233999999999995","31.473999999999997","50","83.8","18","300","838","838","0","0","0","0","0","2334","1778","18","485","53","0","503","0","3","3","1000","1997","3.994","83","5.09096080144817","0","40.2","3.628282828282828","10","778","750"
"1192","BA","1000","2","0.1","30","0.1","0.5","1","legal","targeted","77.78093403096955","20","96.46989425749754","96.46989425749754","75","80","80","fixed","1","1","50","785","22","50","21045944","v2.0-design-v1.0","17","1.2","15.8","99.32546374367622","true","35.70799999999999","34.58800000000001","50","83","12","300","830","830","0","0","0","0","0","2334","1767","12","487","68","0","499","0","3","3","1000","1997","3.994","84","4.839771418919212","0","38.7","3.6434343434343432","10","778","750"
"1193","BA","1000","2","0.1","30","0.1","0.5","1","legal","targeted","77.78093403096955","20","96.46989425749754","96.46989425749754","75","80","80","fixed","1","1","50","785","23","50","21045945","v2.0-design-v1.0","14","1.9","12.1","98.92655367231639","true","32.304","30.404","50","86","19","300","860","860","0","0","0","0","0","2334","1751","19","482","82","0","501","0","3","3","1000","1997","3.994","119","5.589025067147321","0","43.1","3.598989898989899","10","778","750"
"1194","BA","1000","2","0.1","30","0.1","0.5","1","legal","targeted","77.78093403096955","20","96.46989425749754","96.46989425749754","75","80","80","fixed","1","1","50","785","24","50","21045946","v2.0-design-v1.0","14.900000000000006","1.7999999999999998","13.100000000000005","98.9836250705816","true","34.60400000000001","32.803999999999995","50","85.1","18","300","851","851","0","0","0","0","0","2334","1753","18","488","75","0","506","0","3","3","1000","1997","3.994","70","5.005298893874065","0","43","3.6","10","778","750"
"1195","BA","1000","2","0.1","30","0.1","0.5","1","legal","targeted","77.78093403096955","20","96.46989425749754","96.46989425749754","75","80","80","fixed","1","1","50","785","25","50","21045947","v2.0-design-v1.0","15.900000000000006","1.7999999999999998","14.100000000000005","98.98305084745763","true","34.84400000000001","33.04399999999999","50","84.1","18","300","841","841","0","0","0","0","0","2334","1752","18","489","75","0","507","0","3","3","1000","1997","3.994","71","5.1956673256626855","0","43.6","3.5939393939393938","10","778","750"
"1196","BA","1000","2","0.1","30","0.1","0.5","1","legal","targeted","77.78093403096955","20","96.46989425749754","96.46989425749754","75","80","80","fixed","1","1","50","785","26","50","21045948","v2.0-design-v1.0","16.799999999999997","2.6","14.199999999999998","98.55795895729341","true","34.711999999999996","32.272","50","83.2","26","300","832","832","0","0","0","0","0","2334","1777","26","474","57","0","500","0","3","3","1000","1997","3.994","71","5.190848573105253","0","44","3.5898989898989897","10","778","750"
"1197","BA","1000","2","0.1","30","0.1","0.5","1","legal","targeted","77.78093403096955","20","96.46989425749754","96.46989425749754","75","80","80","fixed","1","1","50","785","27","50","21045949","v2.0-design-v1.0","17.60000000000001","2.4","15.200000000000008","98.66146123814835","true","34.202","31.882000000000016","50","82.39999999999999","24","300","824","824","0","0","0","0","0","2334","1769","24","471","70","0","495","0","3","3","1000","1997","3.994","85","5.175204995625452","0","41.5","3.6151515151515152","10","778","750"
"1198","BA","1000","2","0.1","30","0.1","0.5","1","legal","targeted","77.78093403096955","20","96.46989425749754","96.46989425749754","75","80","80","fixed","1","1","50","785","28","50","21045950","v2.0-design-v1.0","19.099999999999994","1.9","17.199999999999996","98.94736842105263","true","35.227999999999994","33.408","50","80.9","19","300","809","809","0","0","0","0","0","2334","1786","19","473","56","0","492","0","3","3","1000","1997","3.994","93","5.204906824819722","0","42.6","3.604040404040404","10","778","750"
"1199","BA","1000","2","0.1","30","0.1","0.5","1","legal","targeted","77.78093403096955","20","96.46989425749754","96.46989425749754","75","80","80","fixed","1","1","50","785","29","50","21045951","v2.0-design-v1.0","17.60000000000001","2.4","15.200000000000008","98.64559819413093","true","35.62999999999999","33.230000000000004","50","82.39999999999999","24","300","824","824","0","0","0","0","0","2334","1748","24","496","66","0","520","0","3","3","1000","1997","3.994","73","5.0142902894733785","0","42","3.61010101010101","10","778","750"
"1200","BA","1000","2","0.1","30","0.1","0.5","1","legal","targeted","77.78093403096955","20","96.46989425749754","96.46989425749754","75","80","80","fixed","1","1","50","785","30","50","21045952","v2.0-design-v1.0","15.299999999999997","1.3","13.999999999999996","99.27007299270073","true","34.304","33.044","50","84.7","13","300","847","847","0","0","0","0","0","2334","1768","13","490","63","0","503","0","3","3","1000","1997","3.994","76","5.339894987589026","0","43.5","3.594949494949495","10","778","750"
"1201","BA","1000","2","0.1","30","0.1","0.5","1","legal","targeted","87.46327020725684","4","94.92726536125897","94.92726536125897","75","80","80","fixed","1","1","50","786","1","50","21046923","v2.0-design-v1.0","95.9","38.7","57.2","80.60851926977688","true","93.73200000000001","72.464","50","4.1000000000000005","387","300","41","41","0","0","0","0","0","11375","1987","478","8786","124","0","9264","0","13","13","1000","1997","3.994","78","5.149415547465594","0","41.9","3.611111111111111","10","875","750"
"1202","BA","1000","2","0.1","30","0.1","0.5","1","legal","targeted","87.46327020725684","4","94.92726536125897","94.92726536125897","75","80","80","fixed","1","1","50","786","2","50","21046924","v2.0-design-v1.0","97.1","38.1","58.99999999999999","80.68038639227215","true","94.85400000000003","73.74600000000001","50","2.9000000000000004","381","300","29","29","0","0","0","0","0","11375","1921","460","8900","94","0","9360","0","13","13","1000","1997","3.994","91","5.433552013875215","0","43.1","3.598989898989899","10","875","750"
"1203","BA","1000","2","0.1","30","0.1","0.5","1","legal","targeted","87.46327020725684","4","94.92726536125897","94.92726536125897","75","80","80","fixed","1","1","50","786","3","50","21046925","v2.0-design-v1.0","96.4","37.7","58.7","78.84615384615384","true","95.212","74.45600000000002","50","3.5999999999999996","377","300","36","36","0","0","0","0","0","11375","1804","484","9003","84","0","9487","0","13","13","1000","1997","3.994","93","5.6281115518119895","0","48.9","3.54040404040404","10","875","750"
"1204","BA","1000","2","0.1","30","0.1","0.5","1","legal","targeted","87.46327020725684","4","94.92726536125897","94.92726536125897","75","80","80","fixed","1","1","50","786","4","50","21046926","v2.0-design-v1.0","100","38.800000000000004","61.199999999999996","62.28136882129277","true","97.81599999999999","76.704","50","0","388","300","0","0","0","0","0","0","0","11375","819","496","10011","49","0","10507","0","13","13","1000","1997","3.994","71","4.744942410449088","0","38.3","3.6474747474747473","10","875","750"
"1205","BA","1000","2","0.1","30","0.1","0.5","1","legal","targeted","87.46327020725684","4","94.92726536125897","94.92726536125897","75","80","80","fixed","1","1","50","786","5","50","21046927","v2.0-design-v1.0","100","38.2","61.8","70.47560222359482","true","97.20399999999998","76.212","50","0","382","300","0","0","0","0","0","0","0","11375","1141","478","9709","47","0","10187","0","13","13","1000","1997","3.994","77","5.18409479454598","0","43.8","3.591919191919192","10","875","750"
"1206","BA","1000","2","0.1","30","0.1","0.5","1","legal","targeted","87.46327020725684","4","94.92726536125897","94.92726536125897","75","80","80","fixed","1","1","50","786","6","50","21046928","v2.0-design-v1.0","96.4","39.2","57.2","78.87201735357917","true","95.06599999999999","73.57000000000002","50","3.5999999999999996","392","300","36","36","0","0","0","0","0","11375","1818","487","8962","108","0","9449","0","13","13","1000","1997","3.994","110","5.628645098569065","0","46.7","3.562626262626263","10","875","750"
"1207","BA","1000","2","0.1","30","0.1","0.5","1","legal","targeted","87.46327020725684","4","94.92726536125897","94.92726536125897","75","80","80","fixed","1","1","50","786","7","50","21046929","v2.0-design-v1.0","97.2","38.1","59.1","82.1482602118003","true","93.38200000000002","72.538","50","2.8000000000000003","381","300","28","28","0","0","0","0","0","11375","2172","472","8610","121","0","9082","0","13","13","1000","1997","3.994","97","5.927148985397225","0","50.9","3.5202020202020203","10","875","750"
"1208","BA","1000","2","0.1","30","0.1","0.5","1","legal","targeted","87.46327020725684","4","94.92726536125897","94.92726536125897","75","80","80","fixed","1","1","50","786","8","50","21046930","v2.0-design-v1.0","97.2","38.3","58.900000000000006","79.71076137813697","true","94.464","74.06","50","2.8000000000000003","383","300","28","28","0","0","0","0","0","11375","1874","477","8901","123","0","9378","0","13","13","1000","1997","3.994","97","5.3430808072227824","0","42.3","3.607070707070707","10","875","750"
"1209","BA","1000","2","0.1","30","0.1","0.5","1","legal","targeted","87.46327020725684","4","94.92726536125897","94.92726536125897","75","80","80","fixed","1","1","50","786","9","50","21046931","v2.0-design-v1.0","98.9","38.2","60.7","79.46273830155978","true","95.11800000000001","74.83","50","1.0999999999999999","382","300","11","11","0","0","0","0","0","11375","1834","474","8972","95","0","9446","0","13","13","1000","1997","3.994","90","5.735403983928137","0","47.9","3.5505050505050506","10","875","750"
"1210","BA","1000","2","0.1","30","0.1","0.5","1","legal","targeted","87.46327020725684","4","94.92726536125897","94.92726536125897","75","80","80","fixed","1","1","50","786","10","50","21046932","v2.0-design-v1.0","100","41","59","69.59858323494687","true","96.844","75.98000000000003","50","0","410","300","0","0","0","0","0","0","0","11375","1179","515","9623","58","0","10138","0","13","13","1000","1997","3.994","99","5.661273179596079","0","48.1","3.5484848484848484","10","875","750"
"1211","BA","1000","2","0.1","30","0.1","0.5","1","legal","targeted","87.46327020725684","4","94.92726536125897","94.92726536125897","75","80","80","fixed","1","1","50","786","11","50","21046933","v2.0-design-v1.0","100","40.400000000000006","59.599999999999994","76.70454545454545","true","95.39199999999997","74.912","50","0","404","300","0","0","0","0","0","0","0","11375","1620","492","9172","91","0","9664","0","13","13","1000","1997","3.994","93","5.164749620130539","0","42.7","3.603030303030303","10","875","750"
"1212","BA","1000","2","0.1","30","0.1","0.5","1","legal","targeted","87.46327020725684","4","94.92726536125897","94.92726536125897","75","80","80","fixed","1","1","50","786","12","50","21046934","v2.0-design-v1.0","97.5","33.300000000000004","64.19999999999999","85.29829545454545","true","92.81400000000004","75.48200000000003","50","2.5","333","300","25","25","0","0","0","0","0","11375","2402","414","8430","129","0","8844","0","13","13","1000","1997","3.994","81","5.514923243199156","0","46.3","3.566666666666667","10","875","750"
"1213","BA","1000","2","0.1","30","0.1","0.5","1","legal","targeted","87.46327020725684","4","94.92726536125897","94.92726536125897","75","80","80","fixed","1","1","50","786","13","50","21046935","v2.0-design-v1.0","98.3","38.3","60","77.21764420746486","true","95.5","74.808","50","1.7000000000000002","383","300","17","17","0","0","0","0","0","11375","1593","470","9220","92","0","9690","0","13","13","1000","1997","3.994","60","5.143385890482877","0","43.9","3.590909090909091","10","875","750"
"1214","BA","1000","2","0.1","30","0.1","0.5","1","legal","targeted","87.46327020725684","4","94.92726536125897","94.92726536125897","75","80","80","fixed","1","1","50","786","14","50","21046936","v2.0-design-v1.0","97.3","37.2","60.099999999999994","83.56497567755386","true","92.57400000000001","72.06200000000001","50","2.7","372","300","27","27","0","0","0","0","0","11375","2405","473","8360","137","0","8833","0","13","13","1000","1997","3.994","100","5.509111935177415","0","44.4","3.585858585858586","10","875","750"
"1215","BA","1000","2","0.1","30","0.1","0.5","1","legal","targeted","87.46327020725684","4","94.92726536125897","94.92726536125897","75","80","80","fixed","1","1","50","786","15","50","21046937","v2.0-design-v1.0","98","38.6","59.4","80.54410552349547","true","94.39200000000002","74.07999999999998","50","2","386","300","20","20","0","0","0","0","0","11375","1954","472","8847","102","0","9319","0","13","13","1000","1997","3.994","89","5.526346397440573","0","46.5","3.5646464646464646","10","875","750"
"1216","BA","1000","2","0.1","30","0.1","0.5","1","legal","targeted","87.46327020725684","4","94.92726536125897","94.92726536125897","75","80","80","fixed","1","1","50","786","16","50","21046938","v2.0-design-v1.0","97.8","35.3","62.5","80.10610079575596","true","94.86000000000001","76.28800000000001","50","2.1999999999999997","353","300","22","22","0","0","0","0","0","11375","1812","450","9010","103","0","9460","0","13","13","1000","1997","3.994","75","5.326380979082723","0","45.2","3.577777777777778","10","875","750"
"1217","BA","1000","2","0.1","30","0.1","0.5","1","legal","targeted","87.46327020725684","4","94.92726536125897","94.92726536125897","75","80","80","fixed","1","1","50","786","17","50","21046939","v2.0-design-v1.0","99.4","38","61.400000000000006","76.46775745909528","true","95.402","75.40199999999999","50","0.6","380","300","6","6","0","0","0","0","0","11375","1589","489","9218","79","0","9707","0","13","13","1000","1997","3.994","71","4.79259146317865","0","38.8","3.6424242424242426","10","875","750"
"1218","BA","1000","2","0.1","30","0.1","0.5","1","legal","targeted","87.46327020725684","4","94.92726536125897","94.92726536125897","75","80","80","fixed","1","1","50","786","18","50","21046940","v2.0-design-v1.0","96.4","37.1","59.300000000000004","82.53669552126458","true","93.69200000000001","73.256","50","3.5999999999999996","371","300","36","36","0","0","0","0","0","11375","2193","464","8607","111","0","9071","0","13","13","1000","1997","3.994","91","5.402142829206485","0","46","3.56969696969697","10","875","750"
"1219","BA","1000","2","0.1","30","0.1","0.5","1","legal","targeted","87.46327020725684","4","94.92726536125897","94.92726536125897","75","80","80","fixed","1","1","50","786","19","50","21046941","v2.0-design-v1.0","97.7","37.8","59.900000000000006","82.51622206200433","true","93.042","71.56200000000001","50","2.3","378","300","23","23","0","0","0","0","0","11375","2289","485","8482","119","0","8967","0","13","13","1000","1997","3.994","83","5.547317976890874","0","45.5","3.5747474747474746","10","875","750"
"1220","BA","1000","2","0.1","30","0.1","0.5","1","legal","targeted","87.46327020725684","4","94.92726536125897","94.92726536125897","75","80","80","fixed","1","1","50","786","20","50","21046942","v2.0-design-v1.0","98.1","40.8","57.3","76.38121546961327","true","95.57799999999997","73.578","50","1.9","408","300","19","19","0","0","0","0","0","11375","1659","513","9115","88","0","9628","0","13","13","1000","1997","3.994","108","5.527070879997146","0","44.5","3.584848484848485","10","875","750"
"1221","BA","1000","2","0.1","30","0.1","0.5","1","legal","targeted","87.46327020725684","4","94.92726536125897","94.92726536125897","75","80","80","fixed","1","1","50","786","21","50","21046943","v2.0-design-v1.0","96.1","38","58.099999999999994","81.41097424412094","true","93.81999999999998","73.01200000000001","50","3.9","380","300","39","39","0","0","0","0","0","11375","2181","498","8582","114","0","9080","0","13","13","1000","1997","3.994","82","5.3677534198933445","0","43.5","3.594949494949495","10","875","750"
"1222","BA","1000","2","0.1","30","0.1","0.5","1","legal","targeted","87.46327020725684","4","94.92726536125897","94.92726536125897","75","80","80","fixed","1","1","50","786","22","50","21046944","v2.0-design-v1.0","99.6","39.300000000000004","60.29999999999999","71.82697780307342","true","96.82199999999997","75.538","50","0.4","393","300","4","4","0","0","0","0","0","11375","1262","495","9553","65","0","10048","0","13","13","1000","1997","3.994","113","5.971065032104237","0","49.2","3.5373737373737373","10","875","750"
"1223","BA","1000","2","0.1","30","0.1","0.5","1","legal","targeted","87.46327020725684","4","94.92726536125897","94.92726536125897","75","80","80","fixed","1","1","50","786","23","50","21046945","v2.0-design-v1.0","96.5","38.1","58.4","79.81535879143937","true","94.222","71.89799999999998","50","3.5000000000000004","381","300","35","35","0","0","0","0","0","11375","1902","481","8878","114","0","9359","0","13","13","1000","1997","3.994","90","5.292823252100705","0","43.1","3.598989898989899","10","875","750"
"1224","BA","1000","2","0.1","30","0.1","0.5","1","legal","targeted","87.46327020725684","4","94.92726536125897","94.92726536125897","75","80","80","fixed","1","1","50","786","24","50","21046946","v2.0-design-v1.0","95.7","37.3","58.400000000000006","83.96564065855404","true","92.93400000000001","72.24999999999999","50","4.3","373","300","43","43","0","0","0","0","0","11375","2346","448","8451","130","0","8899","0","13","13","1000","1997","3.994","78","5.294714156401452","0","46.2","3.5676767676767676","10","875","750"
"1225","BA","1000","2","0.1","30","0.1","0.5","1","legal","targeted","87.46327020725684","4","94.92726536125897","94.92726536125897","75","80","80","fixed","1","1","50","786","25","50","21046947","v2.0-design-v1.0","100","43.2","56.8","71.42116182572614","true","96.47199999999997","72.80799999999998","50","0","432","300","0","0","0","0","0","0","0","11375","1377","551","9367","80","0","9918","0","13","13","1000","1997","3.994","83","5.066323285345253","0","40.3","3.6272727272727274","10","875","750"
"1226","BA","1000","2","0.1","30","0.1","0.5","1","legal","targeted","87.46327020725684","4","94.92726536125897","94.92726536125897","75","80","80","fixed","1","1","50","786","26","50","21046948","v2.0-design-v1.0","98.6","39.300000000000004","59.29999999999999","79.16307161345988","true","94.86599999999999","74.142","50","1.4000000000000001","393","300","14","14","0","0","0","0","0","11375","1835","483","8947","110","0","9430","0","13","13","1000","1997","3.994","75","5.319234743669263","0","43","3.6","10","875","750"
"1227","BA","1000","2","0.1","30","0.1","0.5","1","legal","targeted","87.46327020725684","4","94.92726536125897","94.92726536125897","75","80","80","fixed","1","1","50","786","27","50","21046949","v2.0-design-v1.0","96.3","38.7","57.599999999999994","80.76923076923077","true","94.10600000000001","73.64599999999999","50","3.6999999999999997","387","300","37","37","0","0","0","0","0","11375","2037","485","8754","99","0","9239","0","13","13","1000","1997","3.994","75","5.136764580000748","0","44.7","3.5828282828282827","10","875","750"
"1228","BA","1000","2","0.1","30","0.1","0.5","1","legal","targeted","87.46327020725684","4","94.92726536125897","94.92726536125897","75","80","80","fixed","1","1","50","786","28","50","21046950","v2.0-design-v1.0","99","37.7","61.3","74.06628090478695","true","96.40000000000002","75.34800000000001","50","1","377","300","10","10","0","0","0","0","0","11375","1408","493","9407","67","0","9900","0","13","13","1000","1997","3.994","70","5.221036604279184","0","44","3.5898989898989897","10","875","750"
"1229","BA","1000","2","0.1","30","0.1","0.5","1","legal","targeted","87.46327020725684","4","94.92726536125897","94.92726536125897","75","80","80","fixed","1","1","50","786","29","50","21046951","v2.0-design-v1.0","98.4","40.1","58.300000000000004","77.27272727272727","true","95.382","74.17800000000004","50","1.6","401","300","16","16","0","0","0","0","0","11375","1700","500","9083","92","0","9583","0","13","13","1000","1997","3.994","107","5.407513773001889","0","42.7","3.603030303030303","10","875","750"
"1230","BA","1000","2","0.1","30","0.1","0.5","1","legal","targeted","87.46327020725684","4","94.92726536125897","94.92726536125897","75","80","80","fixed","1","1","50","786","30","50","21046952","v2.0-design-v1.0","100","37.8","62.2","70.99644128113879","true","96.99","76.95799999999997","50","0","378","300","0","0","0","0","0","0","0","11375","1197","489","9636","53","0","10125","0","13","13","1000","1997","3.994","106","5.454696849295809","0","42.5","3.605050505050505","10","875","750"
"1231","BA","1000","2","0.1","30","0.1","0.5","1","legal","targeted","42.808501644342506","20","80.65841177295954","80.65841177295954","75","80","80","fixed","1","1","50","787","1","50","21047923","v2.0-design-v1.0","1","4.6","-3.5999999999999996","94.7845804988662","true","15.212000000000005","10.611999999999997","50","99","46","300","990","990","0","0","0","0","0","1284","836","46","205","197","0","251","0","3","3","1000","1997","3.994","61","4.787994244867969","0","37.1","3.6595959595959595","10","428","750"
"1232","BA","1000","2","0.1","30","0.1","0.5","1","legal","targeted","42.808501644342506","20","80.65841177295954","80.65841177295954","75","80","80","fixed","1","1","50","787","2","50","21047924","v2.0-design-v1.0","1.4000000000000057","5","-3.5999999999999943","94.33106575963718","true","16.007999999999996","11.047999999999995","50","98.6","50","300","986","986","0","0","0","0","0","1284","832","50","222","180","0","272","0","3","3","1000","1997","3.994","104","5.55254849549238","0","44.6","3.583838383838384","10","428","750"
"1234","BA","1000","2","0.1","30","0.1","0.5","1","legal","targeted","42.808501644342506","20","80.65841177295954","80.65841177295954","75","80","80","fixed","1","1","50","787","4","50","21047926","v2.0-design-v1.0","1.5","2.8000000000000003","-1.3000000000000003","96.83972911963883","true","15.325999999999995","12.526000000000005","50","98.5","28","300","985","985","0","0","0","0","0","1284","858","28","214","184","0","242","0","3","3","1000","1997","3.994","83","5.319046555187891","0","44","3.5898989898989897","10","428","750"
"1233","BA","1000","2","0.1","30","0.1","0.5","1","legal","targeted","42.808501644342506","20","80.65841177295954","80.65841177295954","75","80","80","fixed","1","1","50","787","3","50","21047925","v2.0-design-v1.0","1.2000000000000028","6.3","-5.099999999999997","93.0921052631579","true","15.268000000000004","8.967999999999998","50","98.8","63","300","988","988","0","0","0","0","0","1284","849","63","173","199","0","236","0","3","3","1000","1997","3.994","56","5.00629873529606","0","42.9","3.601010101010101","10","428","750"
"1235","BA","1000","2","0.1","30","0.1","0.5","1","legal","targeted","42.808501644342506","20","80.65841177295954","80.65841177295954","75","80","80","fixed","1","1","50","787","5","50","21047927","v2.0-design-v1.0","1.9000000000000057","4.7","-2.7999999999999945","94.63687150837988","true","13.802000000000007","9.102000000000002","50","98.1","47","300","981","981","0","0","0","0","0","1284","847","48","183","206","0","231","0","3","3","1000","1997","3.994","75","5.384324930291152","0","45.1","3.5787878787878786","10","428","750"
"1236","BA","1000","2","0.1","30","0.1","0.5","1","legal","targeted","42.808501644342506","20","80.65841177295954","80.65841177295954","75","80","80","fixed","1","1","50","787","6","50","21047928","v2.0-design-v1.0","1.9000000000000057","5.6000000000000005","-3.699999999999995","93.57060849598163","true","14.048","8.447999999999997","50","98.1","56","300","981","981","0","0","0","0","0","1284","815","56","201","212","0","257","0","3","3","1000","1997","3.994","79","5.286957150943804","0","44.1","3.588888888888889","10","428","750"
"1237","BA","1000","2","0.1","30","0.1","0.5","1","legal","targeted","42.808501644342506","20","80.65841177295954","80.65841177295954","75","80","80","fixed","1","1","50","787","7","50","21047929","v2.0-design-v1.0","1.5999999999999943","4.8","-3.2000000000000055","94.48275862068965","true","14.966000000000006","10.246000000000004","50","98.4","48","300","984","984","0","0","0","0","0","1284","822","48","192","222","0","240","0","3","3","1000","1997","3.994","49","4.554855728858008","0","36.5","3.665656565656566","10","428","750"
"1238","BA","1000","2","0.1","30","0.1","0.5","1","legal","targeted","42.808501644342506","20","80.65841177295954","80.65841177295954","75","80","80","fixed","1","1","50","787","8","50","21047930","v2.0-design-v1.0","1.2000000000000028","4.8","-3.599999999999997","94.52679589509692","true","14.694000000000006","9.893999999999995","50","98.8","48","300","988","988","0","0","0","0","0","1284","829","48","206","201","0","254","0","3","3","1000","1997","3.994","73","5.2336751289466985","0","44","3.5898989898989897","10","428","750"
"1240","BA","1000","2","0.1","30","0.1","0.5","1","legal","targeted","42.808501644342506","20","80.65841177295954","80.65841177295954","75","80","80","fixed","1","1","50","787","10","50","21047932","v2.0-design-v1.0","1.7000000000000028","3.4000000000000004","-1.6999999999999975","96.05110336817654","true","14.977999999999998","11.578","50","98.3","34","300","983","983","0","0","0","0","0","1284","827","34","206","217","0","240","0","3","3","1000","1997","3.994","78","5.468259857200073","0","45","3.5797979797979798","10","428","750"
"1239","BA","1000","2","0.1","30","0.1","0.5","1","legal","targeted","42.808501644342506","20","80.65841177295954","80.65841177295954","75","80","80","fixed","1","1","50","787","9","50","21047931","v2.0-design-v1.0","1.0999999999999943","5.6000000000000005","-4.500000000000006","93.60000000000001","true","15.01","9.45","50","98.9","56","300","989","989","0","0","0","0","0","1284","819","56","193","216","0","249","0","3","3","1000","1997","3.994","72","5.060194617756263","0","42.4","3.606060606060606","10","428","750"
"1241","BA","1000","2","0.1","30","0.1","0.5","1","legal","targeted","42.808501644342506","20","80.65841177295954","80.65841177295954","75","80","80","fixed","1","1","50","787","11","50","21047933","v2.0-design-v1.0","0.9000000000000057","4.1000000000000005","-3.199999999999995","95.36723163841808","true","14.858000000000002","10.758000000000003","50","99.1","41","300","991","991","0","0","0","0","0","1284","844","41","212","187","0","253","0","3","3","1000","1997","3.994","120","5.475028761562798","0","40.6","3.624242424242424","10","428","750"
"1242","BA","1000","2","0.1","30","0.1","0.5","1","legal","targeted","42.808501644342506","20","80.65841177295954","80.65841177295954","75","80","80","fixed","1","1","50","787","12","50","21047934","v2.0-design-v1.0","1","4.7","-3.7","94.84649122807018","true","15.342000000000006","10.642000000000003","50","99","47","300","990","990","0","0","0","0","0","1284","865","47","195","177","0","242","0","3","3","1000","1997","3.994","71","4.726129526398975","0","36.6","3.6646464646464647","10","428","750"
"1243","BA","1000","2","0.1","30","0.1","0.5","1","legal","targeted","42.808501644342506","20","80.65841177295954","80.65841177295954","75","80","80","fixed","1","1","50","787","13","50","21047935","v2.0-design-v1.0","1.7000000000000028","4.7","-2.9999999999999973","94.7072072072072","true","14.152000000000008","9.492","50","98.3","47","300","983","983","0","0","0","0","0","1284","841","47","186","210","0","233","0","3","3","1000","1997","3.994","116","6.177064037236499","0","51.1","3.518181818181818","10","428","750"
"1244","BA","1000","2","0.1","30","0.1","0.5","1","legal","targeted","42.808501644342506","20","80.65841177295954","80.65841177295954","75","80","80","fixed","1","1","50","787","14","50","21047936","v2.0-design-v1.0","0.7000000000000028","3.5999999999999996","-2.899999999999997","95.9322033898305","true","14.135999999999992","10.535999999999994","50","99.3","36","300","993","993","0","0","0","0","0","1284","849","36","210","189","0","246","0","3","3","1000","1997","3.994","103","5.521634943787251","0","45.8","3.5717171717171716","10","428","750"
"1245","BA","1000","2","0.1","30","0.1","0.5","1","legal","targeted","42.808501644342506","20","80.65841177295954","80.65841177295954","75","80","80","fixed","1","1","50","787","15","50","21047937","v2.0-design-v1.0","0.7999999999999972","5.1","-4.3000000000000025","94.25675675675676","true","14.340000000000002","9.24","50","99.2","51","300","992","992","0","0","0","0","0","1284","837","51","197","199","0","248","0","3","3","1000","1997","3.994","89","5.835067438514493","0","50.9","3.5202020202020203","10","428","750"
"1246","BA","1000","2","0.1","30","0.1","0.5","1","legal","targeted","42.808501644342506","20","80.65841177295954","80.65841177295954","75","80","80","fixed","1","1","50","787","16","50","21047938","v2.0-design-v1.0","1.5999999999999943","5.2","-3.600000000000006","94.05034324942791","true","14.383999999999999","9.184000000000005","50","98.4","52","300","984","984","0","0","0","0","0","1284","822","52","204","206","0","256","0","3","3","1000","1997","3.994","103","5.531415782650994","0","44.1","3.588888888888889","10","428","750"
"1247","BA","1000","2","0.1","30","0.1","0.5","1","legal","targeted","42.808501644342506","20","80.65841177295954","80.65841177295954","75","80","80","fixed","1","1","50","787","17","50","21047939","v2.0-design-v1.0","0.9000000000000057","4.3999999999999995","-3.499999999999994","94.98861047835992","true","14.216000000000001","9.856","50","99.1","44","300","991","991","0","0","0","0","0","1284","834","44","211","195","0","255","0","3","3","1000","1997","3.994","93","5.387112861727043","0","44.7","3.5828282828282827","10","428","750"
"1248","BA","1000","2","0.1","30","0.1","0.5","1","legal","targeted","42.808501644342506","20","80.65841177295954","80.65841177295954","75","80","80","fixed","1","1","50","787","18","50","21047940","v2.0-design-v1.0","1.7999999999999972","4.9","-3.100000000000003","94.43813847900114","true","15.641999999999994","10.782","50","98.2","49","300","982","982","0","0","0","0","0","1284","832","49","210","193","0","259","0","3","3","1000","1997","3.994","71","5.070273333033596","0","41.2","3.618181818181818","10","428","750"
"1249","BA","1000","2","0.1","30","0.1","0.5","1","legal","targeted","42.808501644342506","20","80.65841177295954","80.65841177295954","75","80","80","fixed","1","1","50","787","19","50","21047941","v2.0-design-v1.0","1.4000000000000057","4.3999999999999995","-2.999999999999994","94.98289623717217","true","14.136000000000003","9.736","50","98.6","44","300","986","986","0","0","0","0","0","1284","833","44","209","198","0","253","0","3","3","1000","1997","3.994","60","4.968364786189571","0","42.1","3.609090909090909","10","428","750"
"1250","BA","1000","2","0.1","30","0.1","0.5","1","legal","targeted","42.808501644342506","20","80.65841177295954","80.65841177295954","75","80","80","fixed","1","1","50","787","20","50","21047942","v2.0-design-v1.0","0.9000000000000057","5.5","-4.599999999999994","93.85474860335195","true","14.634000000000006","9.174","50","99.1","55","300","991","991","0","0","0","0","0","1284","840","55","190","199","0","245","0","3","3","1000","1997","3.994","49","4.557711787370574","0","37.8","3.6525252525252525","10","428","750"
"1251","BA","1000","2","0.1","30","0.1","0.5","1","legal","targeted","42.808501644342506","20","80.65841177295954","80.65841177295954","75","80","80","fixed","1","1","50","787","21","50","21047943","v2.0-design-v1.0","1.0999999999999943","5.1","-4.000000000000005","94.13793103448276","true","14.977999999999994","9.877999999999997","50","98.9","51","300","989","989","0","0","0","0","0","1284","819","51","195","219","0","246","0","3","3","1000","1997","3.994","122","6.181923663406115","0","51.1","3.518181818181818","10","428","750"
"1252","BA","1000","2","0.1","30","0.1","0.5","1","legal","targeted","42.808501644342506","20","80.65841177295954","80.65841177295954","75","80","80","fixed","1","1","50","787","22","50","21047944","v2.0-design-v1.0","1.2000000000000028","5.3","-4.099999999999997","94.05829596412556","true","14.660000000000007","9.359999999999998","50","98.8","53","300","988","988","0","0","0","0","0","1284","839","53","199","193","0","252","0","3","3","1000","1997","3.994","85","5.531053837792262","0","46.7","3.562626262626263","10","428","750"
"1254","BA","1000","2","0.1","30","0.1","0.5","1","legal","targeted","42.808501644342506","20","80.65841177295954","80.65841177295954","75","80","80","fixed","1","1","50","787","24","50","21047946","v2.0-design-v1.0","1.7999999999999972","4.5","-2.700000000000003","94.93243243243244","true","15.342000000000006","10.841999999999999","50","98.2","45","300","982","982","0","0","0","0","0","1284","843","45","190","206","0","235","0","3","3","1000","1997","3.994","97","5.673813193625255","0","47.2","3.5575757575757576","10","428","750"
"1253","BA","1000","2","0.1","30","0.1","0.5","1","legal","targeted","42.808501644342506","20","80.65841177295954","80.65841177295954","75","80","80","fixed","1","1","50","787","23","50","21047945","v2.0-design-v1.0","0.7999999999999972","4.5","-3.700000000000003","94.79768786127167","true","13.766000000000002","9.266000000000002","50","99.2","45","300","992","992","0","0","0","0","0","1284","820","45","196","223","0","241","0","3","3","1000","1997","3.994","77","5.200289127251186","0","42.6","3.604040404040404","10","428","750"
"1255","BA","1000","2","0.1","30","0.1","0.5","1","legal","targeted","42.808501644342506","20","80.65841177295954","80.65841177295954","75","80","80","fixed","1","1","50","787","25","50","21047947","v2.0-design-v1.0","1.7000000000000028","4.6","-2.899999999999997","94.93392070484582","true","15.77600000000001","11.176000000000002","50","98.3","46","300","983","983","0","0","0","0","0","1284","862","46","202","174","0","248","0","3","3","1000","1997","3.994","60","4.58704752591522","0","35.9","3.6717171717171717","10","428","750"
"1256","BA","1000","2","0.1","30","0.1","0.5","1","legal","targeted","42.808501644342506","20","80.65841177295954","80.65841177295954","75","80","80","fixed","1","1","50","787","26","50","21047948","v2.0-design-v1.0","1.2000000000000028","4.7","-3.4999999999999973","94.62857142857143","true","15.020000000000003","10.36","50","98.8","47","300","988","988","0","0","0","0","0","1284","828","47","193","216","0","240","0","3","3","1000","1997","3.994","61","4.795305929652336","0","39.1","3.639393939393939","10","428","750"
"1257","BA","1000","2","0.1","30","0.1","0.5","1","legal","targeted","42.808501644342506","20","80.65841177295954","80.65841177295954","75","80","80","fixed","1","1","50","787","27","50","21047949","v2.0-design-v1.0","1.0999999999999943","3.5000000000000004","-2.400000000000006","96.06741573033707","true","14.972000000000003","11.471999999999998","50","98.9","35","300","989","989","0","0","0","0","0","1284","855","35","208","186","0","243","0","3","3","1000","1997","3.994","133","5.929512890880959","0","47.1","3.5585858585858587","10","428","750"
"1258","BA","1000","2","0.1","30","0.1","0.5","1","legal","targeted","42.808501644342506","20","80.65841177295954","80.65841177295954","75","80","80","fixed","1","1","50","787","28","50","21047950","v2.0-design-v1.0","1.7000000000000028","4.8","-3.099999999999997","94.61883408071749","true","14.794000000000004","9.993999999999998","50","98.3","48","300","983","983","0","0","0","0","0","1284","844","48","204","188","0","252","0","3","3","1000","1997","3.994","82","5.222570175616519","0","44.1","3.588888888888889","10","428","750"
"1259","BA","1000","2","0.1","30","0.1","0.5","1","legal","targeted","42.808501644342506","20","80.65841177295954","80.65841177295954","75","80","80","fixed","1","1","50","787","29","50","21047951","v2.0-design-v1.0","0.7999999999999972","4.9","-4.100000000000003","94.32870370370371","true","14.910000000000009","10.010000000000002","50","99.2","49","300","992","992","0","0","0","0","0","1284","815","49","195","225","0","244","0","3","3","1000","1997","3.994","87","5.324125309410951","0","44.4","3.585858585858586","10","428","750"
"1260","BA","1000","2","0.1","30","0.1","0.5","1","legal","targeted","42.808501644342506","20","80.65841177295954","80.65841177295954","75","80","80","fixed","1","1","50","787","30","50","21047952","v2.0-design-v1.0","0.5","5.4","-4.9","94.05940594059405","true","14.445999999999996","9.046000000000003","50","99.5","54","300","995","995","0","0","0","0","0","1284","855","54","193","182","0","247","0","3","3","1000","1997","3.994","96","5.62846725526973","0","47","3.5595959595959594","10","428","750"
"1261","BA","1000","2","0.1","30","0.1","0.5","1","legal","targeted","28.765468163406954","19","95.86316165004655","95.86316165004655","75","80","80","fixed","1","1","50","788","1","50","21048923","v2.0-design-v1.0","0.20000000000000284","1","-0.7999999999999972","98.55072463768117","true","12.907999999999992","11.907999999999992","50","99.8","10","300","998","998","0","0","0","0","0","864","680","10","158","16","0","168","0","3","3","1000","1997","3.994","83","5.662157188212275","0","48.4","3.5454545454545454","10","288","750"
"1262","BA","1000","2","0.1","30","0.1","0.5","1","legal","targeted","28.765468163406954","19","95.86316165004655","95.86316165004655","75","80","80","fixed","1","1","50","788","2","50","21048924","v2.0-design-v1.0","0.5","0.3","0.2","99.55423476968797","true","13.836000000000013","13.536000000000001","50","99.5","3","300","995","995","0","0","0","0","0","864","670","3","158","33","0","161","0","3","3","1000","1997","3.994","72","5.134620563228431","0","42.4","3.606060606060606","10","288","750"
"1263","BA","1000","2","0.1","30","0.1","0.5","1","legal","targeted","28.765468163406954","19","95.86316165004655","95.86316165004655","75","80","80","fixed","1","1","50","788","3","50","21048925","v2.0-design-v1.0","0.09999999999999432","0.6","-0.5000000000000057","99.1304347826087","true","13.344","12.744000000000003","50","99.9","6","300","999","999","0","0","0","0","0","864","684","6","151","23","0","157","0","3","3","1000","1997","3.994","107","5.249144455767758","0","40.6","3.624242424242424","10","288","750"
"1264","BA","1000","2","0.1","30","0.1","0.5","1","legal","targeted","28.765468163406954","19","95.86316165004655","95.86316165004655","75","80","80","fixed","1","1","50","788","4","50","21048926","v2.0-design-v1.0","0.09999999999999432","0.8999999999999999","-0.8000000000000056","98.65470852017937","true","12.724","11.824000000000002","50","99.9","9","300","999","999","0","0","0","0","0","864","660","9","168","27","0","177","0","3","3","1000","1997","3.994","69","5.229274262200182","0","42.6","3.604040404040404","10","288","750"
"1265","BA","1000","2","0.1","30","0.1","0.5","1","legal","targeted","28.765468163406954","19","95.86316165004655","95.86316165004655","75","80","80","fixed","1","1","50","788","5","50","21048927","v2.0-design-v1.0","0","0.3","-0.3","99.5575221238938","true","12.612000000000009","12.311999999999994","50","100","3","300","1000","1000","0","0","0","0","0","864","675","3","156","30","0","159","0","3","3","1000","1997","3.994","107","5.428206833700183","0","45","3.5797979797979798","10","288","750"
"1266","BA","1000","2","0.1","30","0.1","0.5","1","legal","targeted","28.765468163406954","19","95.86316165004655","95.86316165004655","75","80","80","fixed","1","1","50","788","6","50","21048928","v2.0-design-v1.0","0.4000000000000057","0.5","-0.09999999999999432","99.27325581395348","true","12.822000000000001","12.322000000000001","50","99.6","5","300","996","996","0","0","0","0","0","864","683","5","137","39","0","142","0","3","3","1000","1997","3.994","85","5.420456193471655","0","44.1","3.588888888888889","10","288","750"
"1267","BA","1000","2","0.1","30","0.1","0.5","1","legal","targeted","28.765468163406954","19","95.86316165004655","95.86316165004655","75","80","80","fixed","1","1","50","788","7","50","21048929","v2.0-design-v1.0","0.29999999999999716","0.4","-0.10000000000000286","99.41002949852508","true","12.79400000000001","12.393999999999997","50","99.7","4","300","997","997","0","0","0","0","0","864","674","4","160","26","0","164","0","3","3","1000","1997","3.994","100","5.730689732030929","0","45.2","3.577777777777778","10","288","750"
"1268","BA","1000","2","0.1","30","0.1","0.5","1","legal","targeted","28.765468163406954","19","95.86316165004655","95.86316165004655","75","80","80","fixed","1","1","50","788","8","50","21048930","v2.0-design-v1.0","0","0.3","-0.3","99.56076134699853","true","12.794","12.493999999999994","50","100","3","300","1000","1000","0","0","0","0","0","864","680","3","153","28","0","156","0","3","3","1000","1997","3.994","152","6.547123706546954","0","46","3.56969696969697","10","288","750"
"1269","BA","1000","2","0.1","30","0.1","0.5","1","legal","targeted","28.765468163406954","19","95.86316165004655","95.86316165004655","75","80","80","fixed","1","1","50","788","9","50","21048931","v2.0-design-v1.0","0.29999999999999716","0.2","0.09999999999999715","99.70631424375918","true","13.024000000000006","12.823999999999995","50","99.7","2","300","997","997","0","0","0","0","0","864","679","2","150","33","0","152","0","3","3","1000","1997","3.994","93","5.406588128866031","0","43.6","3.5939393939393938","10","288","750"
"1270","BA","1000","2","0.1","30","0.1","0.5","1","legal","targeted","28.765468163406954","19","95.86316165004655","95.86316165004655","75","80","80","fixed","1","1","50","788","10","50","21048932","v2.0-design-v1.0","0","0.8","-0.8","98.85714285714286","true","12.946000000000002","12.145999999999997","50","100","8","300","1000","1000","0","0","0","0","0","864","692","8","132","32","0","140","0","3","3","1000","1997","3.994","79","5.263997879337869","0","43.5","3.594949494949495","10","288","750"
"1271","BA","1000","2","0.1","30","0.1","0.5","1","legal","targeted","28.765468163406954","19","95.86316165004655","95.86316165004655","75","80","80","fixed","1","1","50","788","11","50","21048933","v2.0-design-v1.0","0.09999999999999432","0.7000000000000001","-0.6000000000000058","98.94736842105263","true","13.042000000000005","12.341999999999999","50","99.9","7","300","999","999","0","0","0","0","0","864","658","7","170","29","0","177","0","3","3","1000","1997","3.994","140","6.083993670195535","0","46.8","3.5616161616161617","10","288","750"
"1272","BA","1000","2","0.1","30","0.1","0.5","1","legal","targeted","28.765468163406954","19","95.86316165004655","95.86316165004655","75","80","80","fixed","1","1","50","788","12","50","21048934","v2.0-design-v1.0","0.20000000000000284","1.2","-0.9999999999999971","98.24561403508771","true","13.27","12.070000000000007","50","99.8","12","300","998","998","0","0","0","0","0","864","672","12","151","29","0","163","0","3","3","1000","1997","3.994","61","4.728882143416793","0","39.7","3.6333333333333333","10","288","750"
"1273","BA","1000","2","0.1","30","0.1","0.5","1","legal","targeted","28.765468163406954","19","95.86316165004655","95.86316165004655","75","80","80","fixed","1","1","50","788","13","50","21048935","v2.0-design-v1.0","0.20000000000000284","0.5","-0.29999999999999716","99.2867332382311","true","13.409999999999998","12.909999999999998","50","99.8","5","300","998","998","0","0","0","0","0","864","696","5","138","25","0","143","0","3","3","1000","1997","3.994","80","5.402142829206488","0","47.4","3.5555555555555554","10","288","750"
"1274","BA","1000","2","0.1","30","0.1","0.5","1","legal","targeted","28.765468163406954","19","95.86316165004655","95.86316165004655","75","80","80","fixed","1","1","50","788","14","50","21048936","v2.0-design-v1.0","0.20000000000000284","0.8","-0.5999999999999972","98.83381924198251","true","12.958000000000013","12.157999999999994","50","99.8","8","300","998","998","0","0","0","0","0","864","678","8","154","24","0","162","0","3","3","1000","1997","3.994","83","5.182742982709514","0","42.2","3.608080808080808","10","288","750"
"1275","BA","1000","2","0.1","30","0.1","0.5","1","legal","targeted","28.765468163406954","19","95.86316165004655","95.86316165004655","75","80","80","fixed","1","1","50","788","15","50","21048937","v2.0-design-v1.0","0.29999999999999716","0.6","-0.3000000000000028","99.11373707533235","true","13.586000000000002","12.986000000000008","50","99.7","6","300","997","997","0","0","0","0","0","864","671","6","155","32","0","161","0","3","3","1000","1997","3.994","135","6.40538780972654","0","47.9","3.5505050505050506","10","288","750"
"1276","BA","1000","2","0.1","30","0.1","0.5","1","legal","targeted","28.765468163406954","19","95.86316165004655","95.86316165004655","75","80","80","fixed","1","1","50","788","16","50","21048938","v2.0-design-v1.0","0.5999999999999943","0.8999999999999999","-0.3000000000000056","98.69942196531792","true","13.362000000000007","12.461999999999998","50","99.4","9","300","994","994","0","0","0","0","0","864","683","9","144","28","0","153","0","3","3","1000","1997","3.994","59","5.107646429819903","0","41.7","3.613131313131313","10","288","750"
"1277","BA","1000","2","0.1","30","0.1","0.5","1","legal","targeted","28.765468163406954","19","95.86316165004655","95.86316165004655","75","80","80","fixed","1","1","50","788","17","50","21048939","v2.0-design-v1.0","0.09999999999999432","0.8999999999999999","-0.8000000000000056","98.69186046511628","true","12.62999999999999","11.73","50","99.9","9","300","999","999","0","0","0","0","0","864","679","9","152","24","0","161","0","3","3","1000","1997","3.994","107","5.404921569937634","0","43.5","3.594949494949495","10","288","750"
"1278","BA","1000","2","0.1","30","0.1","0.5","1","legal","targeted","28.765468163406954","19","95.86316165004655","95.86316165004655","75","80","80","fixed","1","1","50","788","18","50","21048940","v2.0-design-v1.0","0.20000000000000284","0.4","-0.19999999999999718","99.41434846266472","true","12.860000000000008","12.460000000000003","50","99.8","4","300","998","998","0","0","0","0","0","864","679","4","156","25","0","160","0","3","3","1000","1997","3.994","72","5.089387572770004","0","42.3","3.607070707070707","10","288","750"
"1279","BA","1000","2","0.1","30","0.1","0.5","1","legal","targeted","28.765468163406954","19","95.86316165004655","95.86316165004655","75","80","80","fixed","1","1","50","788","19","50","21048941","v2.0-design-v1.0","0.09999999999999432","0.6","-0.5000000000000057","99.10179640718563","true","12.920000000000009","12.32000000000001","50","99.9","6","300","999","999","0","0","0","0","0","864","662","6","163","33","0","169","0","3","3","1000","1997","3.994","116","5.690372953009694","0","46.2","3.5676767676767676","10","288","750"
"1281","BA","1000","2","0.1","30","0.1","0.5","1","legal","targeted","28.765468163406954","19","95.86316165004655","95.86316165004655","75","80","80","fixed","1","1","50","788","21","50","21048943","v2.0-design-v1.0","0.29999999999999716","0.3","-2.831068712794149E-15","99.56709956709958","true","12.798000000000007","12.497999999999998","50","99.7","3","300","997","997","0","0","0","0","0","864","690","3","158","13","0","161","0","3","3","1000","1997","3.994","78","4.940888217352854","0","39.1","3.639393939393939","10","288","750"
"1280","BA","1000","2","0.1","30","0.1","0.5","1","legal","targeted","28.765468163406954","19","95.86316165004655","95.86316165004655","75","80","80","fixed","1","1","50","788","20","50","21048942","v2.0-design-v1.0","0.09999999999999432","0.5","-0.4000000000000057","99.27113702623906","true","13.229999999999993","12.729999999999993","50","99.9","5","300","999","999","0","0","0","0","0","864","681","5","148","30","0","153","0","3","3","1000","1997","3.994","97","5.606549509047193","0","45.9","3.5707070707070705","10","288","750"
"1283","BA","1000","2","0.1","30","0.1","0.5","1","legal","targeted","28.765468163406954","19","95.86316165004655","95.86316165004655","75","80","80","fixed","1","1","50","788","23","50","21048945","v2.0-design-v1.0","0.4000000000000057","0.8","-0.39999999999999436","98.796992481203","true","12.422000000000004","11.621999999999993","50","99.6","8","300","996","996","0","0","0","0","0","864","657","8","162","37","0","170","0","3","3","1000","1997","3.994","101","5.887667503233249","0","47.6","3.5535353535353535","10","288","750"
"1282","BA","1000","2","0.1","30","0.1","0.5","1","legal","targeted","28.765468163406954","19","95.86316165004655","95.86316165004655","75","80","80","fixed","1","1","50","788","22","50","21048944","v2.0-design-v1.0","0","0.4","-0.4","99.41348973607037","true","12.575999999999999","12.175999999999995","50","100","4","300","1000","1000","0","0","0","0","0","864","678","4","157","25","0","161","0","3","3","1000","1997","3.994","110","5.447718939303086","0","43.1","3.598989898989899","10","288","750"
"1284","BA","1000","2","0.1","30","0.1","0.5","1","legal","targeted","28.765468163406954","19","95.86316165004655","95.86316165004655","75","80","80","fixed","1","1","50","788","24","50","21048946","v2.0-design-v1.0","0","0.6","-0.6","99.12790697674419","true","12.961999999999998","12.361999999999997","50","100","6","300","1000","1000","0","0","0","0","0","864","682","6","147","29","0","153","0","3","3","1000","1997","3.994","69","4.897749682451308","0","41.2","3.618181818181818","10","288","750"
"1285","BA","1000","2","0.1","30","0.1","0.5","1","legal","targeted","28.765468163406954","19","95.86316165004655","95.86316165004655","75","80","80","fixed","1","1","50","788","25","50","21048947","v2.0-design-v1.0","0","1.0999999999999999","-1.0999999999999999","98.42857142857143","true","13.022000000000002","11.921999999999995","50","100","11","300","1000","1000","0","0","0","0","0","864","689","11","137","27","0","148","0","3","3","1000","1997","3.994","79","5.094105801209265","0","42.1","3.609090909090909","10","288","750"
"1286","BA","1000","2","0.1","30","0.1","0.5","1","legal","targeted","28.765468163406954","19","95.86316165004655","95.86316165004655","75","80","80","fixed","1","1","50","788","26","50","21048948","v2.0-design-v1.0","0.09999999999999432","0.8","-0.7000000000000057","98.86201991465148","true","12.709999999999997","11.91","50","99.9","8","300","999","999","0","0","0","0","0","864","695","8","137","24","0","145","0","3","3","1000","1997","3.994","89","5.72107461013179","0","47.5","3.5545454545454547","10","288","750"
"1287","BA","1000","2","0.1","30","0.1","0.5","1","legal","targeted","28.765468163406954","19","95.86316165004655","95.86316165004655","75","80","80","fixed","1","1","50","788","27","50","21048949","v2.0-design-v1.0","0","0.5","-0.5","99.26470588235294","true","12.948000000000002","12.448000000000002","50","100","5","300","1000","1000","0","0","0","0","0","864","675","5","151","33","0","156","0","3","3","1000","1997","3.994","87","5.1039214349374475","0","40.5","3.625252525252525","10","288","750"
"1288","BA","1000","2","0.1","30","0.1","0.5","1","legal","targeted","28.765468163406954","19","95.86316165004655","95.86316165004655","75","80","80","fixed","1","1","50","788","28","50","21048950","v2.0-design-v1.0","0","0.6","-0.6","99.10581222056632","true","12.744000000000007","12.143999999999997","50","100","6","300","1000","1000","0","0","0","0","0","864","665","6","165","28","0","171","0","3","3","1000","1997","3.994","92","5.577730279878633","0","46.8","3.5616161616161617","10","288","750"
"1289","BA","1000","2","0.1","30","0.1","0.5","1","legal","targeted","28.765468163406954","19","95.86316165004655","95.86316165004655","75","80","80","fixed","1","1","50","788","29","50","21048951","v2.0-design-v1.0","0","0.7000000000000001","-0.7000000000000001","98.95988112927192","true","12.382000000000003","11.681999999999993","50","100","7","300","1000","1000","0","0","0","0","0","864","666","7","154","37","0","161","0","3","3","1000","1997","3.994","68","4.913257992829604","0","41.2","3.618181818181818","10","288","750"
"1290","BA","1000","2","0.1","30","0.1","0.5","1","legal","targeted","28.765468163406954","19","95.86316165004655","95.86316165004655","75","80","80","fixed","1","1","50","788","30","50","21048952","v2.0-design-v1.0","0.20000000000000284","0.3","-0.09999999999999715","99.55423476968797","true","13.179999999999996","12.879999999999997","50","99.8","3","300","998","998","0","0","0","0","0","864","670","3","159","32","0","162","0","3","3","1000","1997","3.994","70","4.576779534881578","0","35.8","3.672727272727273","10","288","750"
"1291","BA","1000","2","0.1","30","0.1","0.5","1","legal","targeted","99.71422585425748","2","85.8882365947815","85.8882365947815","75","80","80","fixed","1","1","50","789","1","50","21049923","v2.0-design-v1.0","100","98.2","1.7999999999999972","11.860111505321845","true","99.572","24.57999999999999","50","0","982","300","0","0","0","0","0","0","0","24925","468","3478","20893","86","0","24371","0","25","25","1000","1997","3.994","84","5.13617993691267","0","40.5","3.625252525252525","10","997","750"
"1292","BA","1000","2","0.1","30","0.1","0.5","1","legal","targeted","99.71422585425748","2","85.8882365947815","85.8882365947815","75","80","80","fixed","1","1","50","789","2","50","21049924","v2.0-design-v1.0","100","98","2","13.371513944223107","true","99.464","25.568","50","0","980","300","0","0","0","0","0","0","0","24925","537","3479","20806","103","0","24285","0","25","25","1000","1997","3.994","78","5.688613567849747","0","49.3","3.536363636363636","10","997","750"
"1293","BA","1000","2","0.1","30","0.1","0.5","1","legal","targeted","99.71422585425748","2","85.8882365947815","85.8882365947815","75","80","80","fixed","1","1","50","789","3","50","21049925","v2.0-design-v1.0","100","97.6","2.4000000000000057","14.201637666325487","true","99.53","26.101999999999993","50","0","976","300","0","0","0","0","0","0","0","24925","555","3353","20932","85","0","24285","0","25","25","1000","1997","3.994","87","5.38878492825636","0","44.3","3.5868686868686868","10","997","750"
"1294","BA","1000","2","0.1","30","0.1","0.5","1","legal","targeted","99.71422585425748","2","85.8882365947815","85.8882365947815","75","80","80","fixed","1","1","50","789","4","50","21049926","v2.0-design-v1.0","100","98","2","15.693612774451099","true","99.36","25.564","50","0","980","300","0","0","0","0","0","0","0","24925","629","3379","20804","113","0","24183","0","25","25","1000","1997","3.994","91","5.3954680126079","0","45.3","3.576767676767677","10","997","750"
"1295","BA","1000","2","0.1","30","0.1","0.5","1","legal","targeted","99.71422585425748","2","85.8882365947815","85.8882365947815","75","80","80","fixed","1","1","50","789","5","50","21049927","v2.0-design-v1.0","100","97.5","2.5","12.032770097286226","true","99.712","25.52000000000001","50","0","975","300","0","0","0","0","0","0","0","24925","470","3436","20961","58","0","24397","0","25","25","1000","1997","3.994","79","4.73332529712128","0","37.9","3.6515151515151514","10","997","750"
"1296","BA","1000","2","0.1","30","0.1","0.5","1","legal","targeted","99.71422585425748","2","85.8882365947815","85.8882365947815","75","80","80","fixed","1","1","50","789","6","50","21049928","v2.0-design-v1.0","100","97","3","14.155019059720459","true","99.50800000000001","26.552","50","0","970","300","0","0","0","0","0","0","0","24925","557","3378","20898","92","0","24276","0","25","25","1000","1997","3.994","65","4.857938200879411","0","39.3","3.6373737373737374","10","997","750"
"1297","BA","1000","2","0.1","30","0.1","0.5","1","legal","targeted","99.71422585425748","2","85.8882365947815","85.8882365947815","75","80","80","fixed","1","1","50","789","7","50","21049929","v2.0-design-v1.0","100","96.6","3.4000000000000057","15.844984056904588","true","99.43","26.326000000000004","50","0","966","300","0","0","0","0","0","0","0","24925","646","3431","20748","100","0","24179","0","25","25","1000","1997","3.994","110","5.71914964594148","0","48.3","3.5464646464646465","10","997","750"
"1298","BA","1000","2","0.1","30","0.1","0.5","1","legal","targeted","99.71422585425748","2","85.8882365947815","85.8882365947815","75","80","80","fixed","1","1","50","789","8","50","21049930","v2.0-design-v1.0","100","97.7","2.299999999999997","12.426788897377133","true","99.53200000000001","24.828000000000003","50","0","977","300","0","0","0","0","0","0","0","24925","488","3439","20904","94","0","24343","0","25","25","1000","1997","3.994","70","4.906734152166792","0","41.1","3.6191919191919193","10","997","750"
"1299","BA","1000","2","0.1","30","0.1","0.5","1","legal","targeted","99.71422585425748","2","85.8882365947815","85.8882365947815","75","80","80","fixed","1","1","50","789","9","50","21049931","v2.0-design-v1.0","100","98.3","1.7000000000000028","12.68828184835333","true","99.572","25.78800000000002","50","0","983","300","0","0","0","0","0","0","0","24925","497","3420","20922","86","0","24342","0","25","25","1000","1997","3.994","91","5.515467739402006","0","45.2","3.577777777777778","10","997","750"
"1300","BA","1000","2","0.1","30","0.1","0.5","1","legal","targeted","99.71422585425748","2","85.8882365947815","85.8882365947815","75","80","80","fixed","1","1","50","789","10","50","21049932","v2.0-design-v1.0","100","97.7","2.299999999999997","11.70130869899923","true","99.60600000000001","25.753999999999998","50","0","977","300","0","0","0","0","0","0","0","24925","456","3441","20947","81","0","24388","0","25","25","1000","1997","3.994","66","4.697236211649135","0","37.2","3.6585858585858584","10","997","750"
"1301","BA","1000","2","0.1","30","0.1","0.5","1","legal","targeted","99.71422585425748","2","85.8882365947815","85.8882365947815","75","80","80","fixed","1","1","50","789","11","50","21049933","v2.0-design-v1.0","100","97.3","2.700000000000003","10.817805383022774","true","99.726","26.306000000000008","50","0","973","300","0","0","0","0","0","0","0","24925","418","3446","21003","58","0","24449","0","25","25","1000","1997","3.994","91","5.289796399290413","0","41.7","3.613131313131313","10","997","750"
"1303","BA","1000","2","0.1","30","0.1","0.5","1","legal","targeted","99.71422585425748","2","85.8882365947815","85.8882365947815","75","80","80","fixed","1","1","50","789","13","50","21049935","v2.0-design-v1.0","100","98.1","1.9000000000000057","11.588204862907398","true","99.632","26.772000000000006","50","0","981","300","0","0","0","0","0","0","0","24925","448","3418","20985","74","0","24403","0","25","25","1000","1997","3.994","83","4.954443511688316","0","39.5","3.6353535353535356","10","997","750"
"1302","BA","1000","2","0.1","30","0.1","0.5","1","legal","targeted","99.71422585425748","2","85.8882365947815","85.8882365947815","75","80","80","fixed","1","1","50","789","12","50","21049934","v2.0-design-v1.0","100","96.89999999999999","3.1000000000000085","14.993773349937733","true","99.434","25.934000000000015","50","0","969","300","0","0","0","0","0","0","0","24925","602","3413","20809","101","0","24222","0","25","25","1000","1997","3.994","61","4.873778587268571","0","40.9","3.621212121212121","10","997","750"
"1304","BA","1000","2","0.1","30","0.1","0.5","1","legal","targeted","99.71422585425748","2","85.8882365947815","85.8882365947815","75","80","80","fixed","1","1","50","789","14","50","21049936","v2.0-design-v1.0","100","97.1","2.9000000000000057","13.545918367346937","true","99.55","26.502000000000006","50","0","971","300","0","0","0","0","0","0","0","24925","531","3389","20918","87","0","24307","0","25","25","1000","1997","3.994","71","5.371109085916308","0","47.4","3.5555555555555554","10","997","750"
"1305","BA","1000","2","0.1","30","0.1","0.5","1","legal","targeted","99.71422585425748","2","85.8882365947815","85.8882365947815","75","80","80","fixed","1","1","50","789","15","50","21049937","v2.0-design-v1.0","100","97.2","2.799999999999997","11.793548387096774","true","99.64","26.124000000000002","50","0","972","300","0","0","0","0","0","0","0","24925","457","3418","20972","78","0","24390","0","25","25","1000","1997","3.994","83","5.2710290976001755","0","44.7","3.5828282828282827","10","997","750"
"1306","BA","1000","2","0.1","30","0.1","0.5","1","legal","targeted","99.71422585425748","2","85.8882365947815","85.8882365947815","75","80","80","fixed","1","1","50","789","16","50","21049938","v2.0-design-v1.0","100","96.89999999999999","3.1000000000000085","12.970922882427308","true","99.566","25.002","50","0","969","300","0","0","0","0","0","0","0","24925","513","3442","20887","83","0","24329","0","25","25","1000","1997","3.994","63","4.894273992934785","0","39.6","3.6343434343434344","10","997","750"
"1307","BA","1000","2","0.1","30","0.1","0.5","1","legal","targeted","99.71422585425748","2","85.8882365947815","85.8882365947815","75","80","80","fixed","1","1","50","789","17","50","21049939","v2.0-design-v1.0","100","96.6","3.4000000000000057","12.210043334183023","true","99.62200000000001","26.97000000000001","50","0","966","300","0","0","0","0","0","0","0","24925","479","3444","20927","75","0","24371","0","25","25","1000","1997","3.994","104","5.462398905407923","0","44","3.5898989898989897","10","997","750"
"1308","BA","1000","2","0.1","30","0.1","0.5","1","legal","targeted","99.71422585425748","2","85.8882365947815","85.8882365947815","75","80","80","fixed","1","1","50","789","18","50","21049940","v2.0-design-v1.0","100","98.2","1.7999999999999972","11.791269443050677","true","99.604","24.584000000000007","50","0","982","300","0","0","0","0","0","0","0","24925","470","3516","20861","78","0","24377","0","25","25","1000","1997","3.994","53","4.8993844478636195","0","42.5","3.605050505050505","10","997","750"
"1309","BA","1000","2","0.1","30","0.1","0.5","1","legal","targeted","99.71422585425748","2","85.8882365947815","85.8882365947815","75","80","80","fixed","1","1","50","789","19","50","21049941","v2.0-design-v1.0","100","97.6","2.4000000000000057","11.690969557431568","true","99.71799999999999","26.130000000000013","50","0","976","300","0","0","0","0","0","0","0","24925","457","3452","20958","58","0","24410","0","25","25","1000","1997","3.994","79","4.9538373514382155","0","39.1","3.639393939393939","10","997","750"
"1311","BA","1000","2","0.1","30","0.1","0.5","1","legal","targeted","99.71422585425748","2","85.8882365947815","85.8882365947815","75","80","80","fixed","1","1","50","789","21","50","21049943","v2.0-design-v1.0","100","96.7","3.299999999999997","12.296142894123738","true","99.57","25.82600000000002","50","0","967","300","0","0","0","0","0","0","0","24925","475","3388","20978","84","0","24366","0","25","25","1000","1997","3.994","59","5.054652660026543","0","43.4","3.595959595959596","10","997","750"
"1310","BA","1000","2","0.1","30","0.1","0.5","1","legal","targeted","99.71422585425748","2","85.8882365947815","85.8882365947815","75","80","80","fixed","1","1","50","789","20","50","21049942","v2.0-design-v1.0","100","97.8","2.200000000000003","11.483253588516746","true","99.646","24.621999999999993","50","0","978","300","0","0","0","0","0","0","0","24925","456","3515","20884","70","0","24399","0","25","25","1000","1997","3.994","83","5.461849118732201","0","44.6","3.583838383838384","10","997","750"
"1312","BA","1000","2","0.1","30","0.1","0.5","1","legal","targeted","99.71422585425748","2","85.8882365947815","85.8882365947815","75","80","80","fixed","1","1","50","789","22","50","21049944","v2.0-design-v1.0","100","97.39999999999999","2.6000000000000085","11.929914970368461","true","99.686","25.42599999999998","50","0","974","300","0","0","0","0","0","0","0","24925","463","3418","20978","66","0","24396","0","25","25","1000","1997","3.994","89","5.294714156401449","0","45.1","3.5787878787878786","10","997","750"
"1313","BA","1000","2","0.1","30","0.1","0.5","1","legal","targeted","99.71422585425748","2","85.8882365947815","85.8882365947815","75","80","80","fixed","1","1","50","789","23","50","21049945","v2.0-design-v1.0","100","97.89999999999999","2.1000000000000085","13.012658227848101","true","99.546","24.925999999999984","50","0","979","300","0","0","0","0","0","0","0","24925","514","3436","20890","85","0","24326","0","25","25","1000","1997","3.994","66","5.358607904920697","0","46.2","3.5676767676767676","10","997","750"
"1314","BA","1000","2","0.1","30","0.1","0.5","1","legal","targeted","99.71422585425748","2","85.8882365947815","85.8882365947815","75","80","80","fixed","1","1","50","789","24","50","21049946","v2.0-design-v1.0","100","97.7","2.299999999999997","12.973245835436648","true","99.56","25.395999999999987","50","0","977","300","0","0","0","0","0","0","0","24925","514","3448","20885","78","0","24333","0","25","25","1000","1997","3.994","97","5.755439956170944","0","48.5","3.5444444444444443","10","997","750"
"1315","BA","1000","2","0.1","30","0.1","0.5","1","legal","targeted","99.71422585425748","2","85.8882365947815","85.8882365947815","75","80","80","fixed","1","1","50","789","25","50","21049947","v2.0-design-v1.0","100","97.6","2.4000000000000057","11.959287531806616","true","99.616","26.348","50","0","976","300","0","0","0","0","0","0","0","24925","470","3460","20922","73","0","24382","0","25","25","1000","1997","3.994","69","4.860822110671351","0","39.6","3.6343434343434344","10","997","750"
"1316","BA","1000","2","0.1","30","0.1","0.5","1","legal","targeted","99.71422585425748","2","85.8882365947815","85.8882365947815","75","80","80","fixed","1","1","50","789","26","50","21049948","v2.0-design-v1.0","100","97.3","2.700000000000003","12.942392146732109","true","99.61","25.941999999999993","50","0","973","300","0","0","0","0","0","0","0","24925","501","3370","20977","77","0","24347","0","25","25","1000","1997","3.994","94","5.539372586191375","0","46.2","3.5676767676767676","10","997","750"
"1317","BA","1000","2","0.1","30","0.1","0.5","1","legal","targeted","99.71422585425748","2","85.8882365947815","85.8882365947815","75","80","80","fixed","1","1","50","789","27","50","21049949","v2.0-design-v1.0","100","97.6","2.4000000000000057","11.68236192415373","true","99.616","25.34399999999999","50","0","976","300","0","0","0","0","0","0","0","24925","459","3470","20912","84","0","24382","0","25","25","1000","1997","3.994","80","5.038784908423187","0","40.4","3.6262626262626263","10","997","750"
"1318","BA","1000","2","0.1","30","0.1","0.5","1","legal","targeted","99.71422585425748","2","85.8882365947815","85.8882365947815","75","80","80","fixed","1","1","50","789","28","50","21049950","v2.0-design-v1.0","100","97.2","2.799999999999997","12.011390111312451","true","99.676","25.28","50","0","972","300","0","0","0","0","0","0","0","24925","464","3399","20995","67","0","24394","0","25","25","1000","1997","3.994","64","4.794888419447824","0","39.2","3.6383838383838385","10","997","750"
"1319","BA","1000","2","0.1","30","0.1","0.5","1","legal","targeted","99.71422585425748","2","85.8882365947815","85.8882365947815","75","80","80","fixed","1","1","50","789","29","50","21049951","v2.0-design-v1.0","100","97.3","2.700000000000003","12.252252252252251","true","99.624","26.240000000000013","50","0","973","300","0","0","0","0","0","0","0","24925","476","3409","20966","74","0","24375","0","25","25","1000","1997","3.994","46","4.603820061553129","0","37.9","3.6515151515151514","10","997","750"
"1320","BA","1000","2","0.1","30","0.1","0.5","1","legal","targeted","99.71422585425748","2","85.8882365947815","85.8882365947815","75","80","80","fixed","1","1","50","789","30","50","21049952","v2.0-design-v1.0","100","98","2","12.593703148425787","true","99.602","23.990000000000006","50","0","980","300","0","0","0","0","0","0","0","24925","504","3498","20845","78","0","24343","0","25","25","1000","1997","3.994","101","5.310005664795482","0","42.2","3.608080808080808","10","997","750"
"1321","BA","1000","2","0.1","30","0.1","0.5","1","legal","targeted","88.89069354998693","3","99.47927529229683","99.47927529229683","75","80","80","fixed","1","1","50","790","1","50","21050923","v2.0-design-v1.0","100","7.3999999999999995","92.6","89.51841359773371","true","99.21000000000002","95.20600000000002","50","0","74","300","0","0","0","0","0","0","0","15113","632","74","14402","5","0","14476","0","17","17","1000","1997","3.994","79","5.272737976209864","0","43.8","3.591919191919192","10","889","750"
"1322","BA","1000","2","0.1","30","0.1","0.5","1","legal","targeted","88.89069354998693","3","99.47927529229683","99.47927529229683","75","80","80","fixed","1","1","50","790","2","50","21050924","v2.0-design-v1.0","100","6.2","93.8","88.70967741935483","true","99.47400000000002","96.358","50","0","62","300","0","0","0","0","0","0","0","15113","495","63","14555","0","0","14618","0","17","17","1000","1997","3.994","79","5.411399749348331","0","45.6","3.573737373737374","10","889","750"
"1323","BA","1000","2","0.1","30","0.1","0.5","1","legal","targeted","88.89069354998693","3","99.47927529229683","99.47927529229683","75","80","80","fixed","1","1","50","790","3","50","21050925","v2.0-design-v1.0","100","8","92","83.3955223880597","true","99.586","95.76799999999997","50","0","80","300","0","0","0","0","0","0","0","15113","447","89","14575","2","0","14664","0","17","17","1000","1997","3.994","62","4.891614446365512","0","40.2","3.628282828282828","10","889","750"
"1324","BA","1000","2","0.1","30","0.1","0.5","1","legal","targeted","88.89069354998693","3","99.47927529229683","99.47927529229683","75","80","80","fixed","1","1","50","790","4","50","21050926","v2.0-design-v1.0","100","6.9","93.1","86.60550458715596","true","99.53399999999999","95.83800000000001","50","0","69","300","0","0","0","0","0","0","0","15113","472","73","14564","4","0","14637","0","17","17","1000","1997","3.994","88","5.375021381804428","0","45.4","3.5757575757575757","10","889","750"
"1325","BA","1000","2","0.1","30","0.1","0.5","1","legal","targeted","88.89069354998693","3","99.47927529229683","99.47927529229683","75","80","80","fixed","1","1","50","790","5","50","21050927","v2.0-design-v1.0","100","6.2","93.8","86.82634730538922","true","99.61200000000001","96.69400000000002","50","0","62","300","0","0","0","0","0","0","0","15113","435","66","14608","4","0","14674","0","17","17","1000","1997","3.994","88","4.98525995478839","0","39.7","3.6333333333333333","10","889","750"
"1326","BA","1000","2","0.1","30","0.1","0.5","1","legal","targeted","88.89069354998693","3","99.47927529229683","99.47927529229683","75","80","80","fixed","1","1","50","790","6","50","21050928","v2.0-design-v1.0","100","6.6000000000000005","93.4","87.31617647058823","true","99.46799999999999","96.18","50","0","66","300","0","0","0","0","0","0","0","15113","475","69","14569","0","0","14638","0","17","17","1000","1997","3.994","64","4.849895409747041","0","38","3.6505050505050507","10","889","750"
"1327","BA","1000","2","0.1","30","0.1","0.5","1","legal","targeted","88.89069354998693","3","99.47927529229683","99.47927529229683","75","80","80","fixed","1","1","50","790","7","50","21050929","v2.0-design-v1.0","100","8","92","87.5","true","99.41600000000003","95.46600000000002","50","0","80","300","0","0","0","0","0","0","0","15113","588","84","14437","4","0","14521","0","17","17","1000","1997","3.994","99","5.329199223557357","0","42.2","3.608080808080808","10","889","750"
"1328","BA","1000","2","0.1","30","0.1","0.5","1","legal","targeted","88.89069354998693","3","99.47927529229683","99.47927529229683","75","80","80","fixed","1","1","50","790","8","50","21050930","v2.0-design-v1.0","100","7.3","92.7","85.65965583173997","true","99.594","95.95999999999998","50","0","73","300","0","0","0","0","0","0","0","15113","448","75","14589","1","0","14664","0","17","17","1000","1997","3.994","79","5.149221152609235","0","41.7","3.613131313131313","10","889","750"
"1329","BA","1000","2","0.1","30","0.1","0.5","1","legal","targeted","88.89069354998693","3","99.47927529229683","99.47927529229683","75","80","80","fixed","1","1","50","790","9","50","21050931","v2.0-design-v1.0","100","8.7","91.3","86.10687022900764","true","99.292","94.846","50","0","87","300","0","0","0","0","0","0","0","15113","564","91","14456","2","0","14547","0","17","17","1000","1997","3.994","91","5.081908085531426","0","40.9","3.621212121212121","10","889","750"
"1330","BA","1000","2","0.1","30","0.1","0.5","1","legal","targeted","88.89069354998693","3","99.47927529229683","99.47927529229683","75","80","80","fixed","1","1","50","790","10","50","21050932","v2.0-design-v1.0","100","8.7","91.3","85.6687898089172","true","99.41799999999999","94.68999999999998","50","0","87","300","0","0","0","0","0","0","0","15113","538","90","14480","5","0","14570","0","17","17","1000","1997","3.994","93","5.475942836621824","0","44.6","3.583838383838384","10","889","750"
"1331","BA","1000","2","0.1","30","0.1","0.5","1","legal","targeted","88.89069354998693","3","99.47927529229683","99.47927529229683","75","80","80","fixed","1","1","50","790","11","50","21050933","v2.0-design-v1.0","100","9.1","90.9","82.16318785578748","true","99.64","95.166","50","0","91","300","0","0","0","0","0","0","0","15113","433","94","14583","3","0","14677","0","17","17","1000","1997","3.994","84","5.138518110152798","0","41.3","3.617171717171717","10","889","750"
"1332","BA","1000","2","0.1","30","0.1","0.5","1","legal","targeted","88.89069354998693","3","99.47927529229683","99.47927529229683","75","80","80","fixed","1","1","50","790","12","50","21050934","v2.0-design-v1.0","100","8.5","91.5","84.41330998248687","true","99.49600000000001","94.93800000000005","50","0","85","300","0","0","0","0","0","0","0","15113","482","89","14541","1","0","14630","0","17","17","1000","1997","3.994","113","5.548039720905453","0","44.2","3.587878787878788","10","889","750"
"1334","BA","1000","2","0.1","30","0.1","0.5","1","legal","targeted","88.89069354998693","3","99.47927529229683","99.47927529229683","75","80","80","fixed","1","1","50","790","14","50","21050936","v2.0-design-v1.0","100","8.200000000000001","91.8","84.35114503816794","true","99.62799999999999","95.934","50","0","82","300","0","0","0","0","0","0","0","15113","442","82","14589","0","0","14671","0","17","17","1000","1997","3.994","91","5.405847499438648","0","45.8","3.5717171717171716","10","889","750"
"1333","BA","1000","2","0.1","30","0.1","0.5","1","legal","targeted","88.89069354998693","3","99.47927529229683","99.47927529229683","75","80","80","fixed","1","1","50","790","13","50","21050935","v2.0-design-v1.0","100","7.1","92.9","87.8594249201278","true","99.44800000000001","95.87","50","0","71","300","0","0","0","0","0","0","0","15113","550","76","14481","6","0","14557","0","17","17","1000","1997","3.994","103","5.4320780067550025","0","43","3.6","10","889","750"
"1335","BA","1000","2","0.1","30","0.1","0.5","1","legal","targeted","88.89069354998693","3","99.47927529229683","99.47927529229683","75","80","80","fixed","1","1","50","790","15","50","21050937","v2.0-design-v1.0","100","7.3999999999999995","92.6","86.29629629629629","true","99.588","96.27999999999999","50","0","74","300","0","0","0","0","0","0","0","15113","466","74","14570","3","0","14644","0","17","17","1000","1997","3.994","76","5.110585297407918","0","40.9","3.621212121212121","10","889","750"
"1336","BA","1000","2","0.1","30","0.1","0.5","1","legal","targeted","88.89069354998693","3","99.47927529229683","99.47927529229683","75","80","80","fixed","1","1","50","790","16","50","21050938","v2.0-design-v1.0","100","7.9","92.1","85.91549295774648","true","99.48","95.37800000000001","50","0","79","300","0","0","0","0","0","0","0","15113","488","80","14543","2","0","14623","0","17","17","1000","1997","3.994","75","5.324125309410947","0","44.9","3.580808080808081","10","889","750"
"1337","BA","1000","2","0.1","30","0.1","0.5","1","legal","targeted","88.89069354998693","3","99.47927529229683","99.47927529229683","75","80","80","fixed","1","1","50","790","17","50","21050939","v2.0-design-v1.0","100","8.200000000000001","91.8","85.98290598290599","true","99.43","95.17800000000001","50","0","82","300","0","0","0","0","0","0","0","15113","503","82","14523","5","0","14605","0","17","17","1000","1997","3.994","78","5.404180712112527","0","47.2","3.5575757575757576","10","889","750"
"1338","BA","1000","2","0.1","30","0.1","0.5","1","legal","targeted","88.89069354998693","3","99.47927529229683","99.47927529229683","75","80","80","fixed","1","1","50","790","18","50","21050940","v2.0-design-v1.0","100","7.1","92.9","87.16216216216216","true","99.45800000000001","95.88599999999997","50","0","71","300","0","0","0","0","0","0","0","15113","516","76","14519","2","0","14595","0","17","17","1000","1997","3.994","65","4.8192519325294745","0","38","3.6505050505050507","10","889","750"
"1339","BA","1000","2","0.1","30","0.1","0.5","1","legal","targeted","88.89069354998693","3","99.47927529229683","99.47927529229683","75","80","80","fixed","1","1","50","790","19","50","21050941","v2.0-design-v1.0","100","7.8","92.2","86.17021276595744","true","99.45800000000001","95.846","50","0","78","300","0","0","0","0","0","0","0","15113","486","78","14545","4","0","14623","0","17","17","1000","1997","3.994","61","4.6989407363834665","0","38.9","3.6414141414141414","10","889","750"
"1341","BA","1000","2","0.1","30","0.1","0.5","1","legal","targeted","88.89069354998693","3","99.47927529229683","99.47927529229683","75","80","80","fixed","1","1","50","790","21","50","21050943","v2.0-design-v1.0","100","6.5","93.5","86.40973630831643","true","99.668","96.70200000000004","50","0","65","300","0","0","0","0","0","0","0","15113","426","67","14617","3","0","14684","0","17","17","1000","1997","3.994","69","5.400845594268832","0","46.7","3.562626262626263","10","889","750"
"1340","BA","1000","2","0.1","30","0.1","0.5","1","legal","targeted","88.89069354998693","3","99.47927529229683","99.47927529229683","75","80","80","fixed","1","1","50","790","20","50","21050942","v2.0-design-v1.0","100","6.5","93.5","88.78048780487805","true","99.45200000000001","95.84399999999994","50","0","65","300","0","0","0","0","0","0","0","15113","546","69","14495","3","0","14564","0","17","17","1000","1997","3.994","84","5.555071810771013","0","47.3","3.5565656565656565","10","889","750"
"1342","BA","1000","2","0.1","30","0.1","0.5","1","legal","targeted","88.89069354998693","3","99.47927529229683","99.47927529229683","75","80","80","fixed","1","1","50","790","22","50","21050944","v2.0-design-v1.0","100","8.200000000000001","91.8","85.28368794326241","true","99.47200000000001","95.24999999999999","50","0","82","300","0","0","0","0","0","0","0","15113","481","83","14544","5","0","14627","0","17","17","1000","1997","3.994","92","5.424332897913562","0","44.9","3.580808080808081","10","889","750"
"1344","BA","1000","2","0.1","30","0.1","0.5","1","legal","targeted","88.89069354998693","3","99.47927529229683","99.47927529229683","75","80","80","fixed","1","1","50","790","24","50","21050946","v2.0-design-v1.0","100","8.3","91.7","85.50247116968698","true","99.46","94.78399999999998","50","0","83","300","0","0","0","0","0","0","0","15113","519","88","14503","3","0","14591","0","17","17","1000","1997","3.994","80","5.297549247343339","0","43.5","3.594949494949495","10","889","750"
"1343","BA","1000","2","0.1","30","0.1","0.5","1","legal","targeted","88.89069354998693","3","99.47927529229683","99.47927529229683","75","80","80","fixed","1","1","50","790","23","50","21050945","v2.0-design-v1.0","100","6.800000000000001","93.2","87.03703703703704","true","99.524","95.95199999999998","50","0","68","300","0","0","0","0","0","0","0","15113","470","70","14571","2","0","14641","0","17","17","1000","1997","3.994","91","5.651185707433423","0","47.5","3.5545454545454547","10","889","750"
"1345","BA","1000","2","0.1","30","0.1","0.5","1","legal","targeted","88.89069354998693","3","99.47927529229683","99.47927529229683","75","80","80","fixed","1","1","50","790","25","50","21050947","v2.0-design-v1.0","100","7.8","92.2","85.92057761732852","true","99.566","95.552","50","0","78","300","0","0","0","0","0","0","0","15113","476","78","14556","3","0","14634","0","17","17","1000","1997","3.994","74","5.02206981086335","0","39.6","3.6343434343434344","10","889","750"
"1346","BA","1000","2","0.1","30","0.1","0.5","1","legal","targeted","88.89069354998693","3","99.47927529229683","99.47927529229683","75","80","80","fixed","1","1","50","790","26","50","21050948","v2.0-design-v1.0","100","7.6","92.4","84.02489626556017","true","99.73","95.41199999999999","50","0","76","300","0","0","0","0","0","0","0","15113","405","77","14628","3","0","14705","0","17","17","1000","1997","3.994","66","5.26722960461262","0","45.5","3.5747474747474746","10","889","750"
"1348","BA","1000","2","0.1","30","0.1","0.5","1","legal","targeted","88.89069354998693","3","99.47927529229683","99.47927529229683","75","80","80","fixed","1","1","50","790","28","50","21050950","v2.0-design-v1.0","100","8.4","91.6","86.30573248407643","true","99.382","95.28400000000002","50","0","84","300","0","0","0","0","0","0","0","15113","542","86","14480","5","0","14566","0","17","17","1000","1997","3.994","66","4.7592661844673625","0","38","3.6505050505050507","10","889","750"
"1347","BA","1000","2","0.1","30","0.1","0.5","1","legal","targeted","88.89069354998693","3","99.47927529229683","99.47927529229683","75","80","80","fixed","1","1","50","790","27","50","21050949","v2.0-design-v1.0","100","5.800000000000001","94.2","90.18003273322422","true","99.32599999999998","96.44800000000001","50","0","58","300","0","0","0","0","0","0","0","15113","551","60","14496","6","0","14556","0","17","17","1000","1997","3.994","80","5.678750937680937","0","47.3","3.5565656565656565","10","889","750"
"1349","BA","1000","2","0.1","30","0.1","0.5","1","legal","targeted","88.89069354998693","3","99.47927529229683","99.47927529229683","75","80","80","fixed","1","1","50","790","29","50","21050951","v2.0-design-v1.0","100","7.3","92.7","87.93650793650794","true","99.352","95.18999999999997","50","0","73","300","0","0","0","0","0","0","0","15113","554","76","14480","3","0","14556","0","17","17","1000","1997","3.994","64","4.900610164048954","0","41.5","3.6151515151515152","10","889","750"
"1350","BA","1000","2","0.1","30","0.1","0.5","1","legal","targeted","88.89069354998693","3","99.47927529229683","99.47927529229683","75","80","80","fixed","1","1","50","790","30","50","21050952","v2.0-design-v1.0","100","8.7","91.3","82.67716535433071","true","99.566","95.18000000000004","50","0","87","300","0","0","0","0","0","0","0","15113","420","88","14602","3","0","14690","0","17","17","1000","1997","3.994","96","5.493463583400007","0","44.7","3.5828282828282827","10","889","750"
"1352","BA","1000","2","0.1","30","0.1","0.5","1","legal","targeted","20.58936314274897","6","90.85489541557278","90.85489541557278","75","80","80","fixed","1","1","50","791","2","50","21051924","v2.0-design-v1.0","9.599999999999994","1.3","8.299999999999994","99.08735332464146","true","17.581999999999994","16.342000000000006","50","90.4","13","300","904","904","0","0","0","0","0","1854","1520","14","176","144","0","190","0","9","9","1000","1997","3.994","55","4.908773783752918","0","40","3.6303030303030304","10","206","750"
"1351","BA","1000","2","0.1","30","0.1","0.5","1","legal","targeted","20.58936314274897","6","90.85489541557278","90.85489541557278","75","80","80","fixed","1","1","50","791","1","50","21051923","v2.0-design-v1.0","11.5","2","9.5","98.7146529562982","true","16.047999999999995","14.372000000000003","50","88.5","20","300","885","885","0","0","0","0","0","1854","1536","20","137","161","0","157","0","9","9","1000","1997","3.994","81","5.310194173677844","0","46","3.56969696969697","10","206","750"
"1353","BA","1000","2","0.1","30","0.1","0.5","1","legal","targeted","20.58936314274897","6","90.85489541557278","90.85489541557278","75","80","80","fixed","1","1","50","791","3","50","21051925","v2.0-design-v1.0","11.200000000000003","1.6","9.600000000000003","98.89682024659312","true","16.59999999999999","15.168","50","88.8","16","300","888","888","0","0","0","0","0","1854","1524","17","149","164","0","166","0","9","9","1000","1997","3.994","65","4.806356735102481","0","39.9","3.6313131313131315","10","206","750"
"1354","BA","1000","2","0.1","30","0.1","0.5","1","legal","targeted","20.58936314274897","6","90.85489541557278","90.85489541557278","75","80","80","fixed","1","1","50","791","4","50","21051926","v2.0-design-v1.0","10.099999999999994","1.2","8.899999999999995","99.2273019961365","true","16.47199999999999","15.463999999999997","50","89.9","12","300","899","899","0","0","0","0","0","1854","1541","12","156","145","0","168","0","9","9","1000","1997","3.994","69","5.169979950898512","0","42.1","3.609090909090909","10","206","750"
"1355","BA","1000","2","0.1","30","0.1","0.5","1","legal","targeted","20.58936314274897","6","90.85489541557278","90.85489541557278","75","80","80","fixed","1","1","50","791","5","50","21051927","v2.0-design-v1.0","11.299999999999997","2.1999999999999997","9.099999999999998","98.55263157894737","true","15.887999999999995","13.975999999999994","50","88.7","22","300","887","887","0","0","0","0","0","1854","1498","22","168","166","0","190","0","9","9","1000","1997","3.994","76","5.460932684604863","0","45.1","3.5787878787878786","10","206","750"
"1356","BA","1000","2","0.1","30","0.1","0.5","1","legal","targeted","20.58936314274897","6","90.85489541557278","90.85489541557278","75","80","80","fixed","1","1","50","791","6","50","21051928","v2.0-design-v1.0","9.899999999999991","0.8","9.09999999999999","99.41785252263907","true","16.89","16.21","50","90.10000000000001","8","300","901","901","0","0","0","0","0","1854","1537","9","159","149","0","168","0","9","9","1000","1997","3.994","76","4.939469846285354","0","40.7","3.6232323232323234","10","206","750"
"1357","BA","1000","2","0.1","30","0.1","0.5","1","legal","targeted","20.58936314274897","6","90.85489541557278","90.85489541557278","75","80","80","fixed","1","1","50","791","7","50","21051929","v2.0-design-v1.0","10.700000000000003","1.7999999999999998","8.900000000000002","98.82659713168188","true","16.042","14.565999999999997","50","89.3","18","300","893","893","0","0","0","0","0","1854","1516","18","162","158","0","180","0","9","9","1000","1997","3.994","126","5.770030958084815","0","44.8","3.581818181818182","10","206","750"
"1358","BA","1000","2","0.1","30","0.1","0.5","1","legal","targeted","20.58936314274897","6","90.85489541557278","90.85489541557278","75","80","80","fixed","1","1","50","791","8","50","21051930","v2.0-design-v1.0","9.299999999999997","1.3","7.999999999999997","99.15857605177993","true","16.033999999999995","14.878","50","90.7","13","300","907","907","0","0","0","0","0","1854","1532","13","155","154","0","168","0","9","9","1000","1997","3.994","122","5.902440410779515","0","45.7","3.5727272727272728","10","206","750"
"1359","BA","1000","2","0.1","30","0.1","0.5","1","legal","targeted","20.58936314274897","6","90.85489541557278","90.85489541557278","75","80","80","fixed","1","1","50","791","9","50","21051931","v2.0-design-v1.0","11.700000000000003","1.5","10.200000000000003","99.02534113060429","true","16.002000000000002","14.730000000000004","50","88.3","15","300","883","883","0","0","0","0","0","1854","1524","15","156","159","0","171","0","9","9","1000","1997","3.994","112","5.862109545916768","0","48","3.5494949494949495","10","206","750"
"1360","BA","1000","2","0.1","30","0.1","0.5","1","legal","targeted","20.58936314274897","6","90.85489541557278","90.85489541557278","75","80","80","fixed","1","1","50","791","10","50","21051932","v2.0-design-v1.0","11.400000000000006","1.7999999999999998","9.600000000000005","98.83268482490273","true","16.603999999999996","15.056000000000006","50","88.6","18","300","886","886","0","0","0","0","0","1854","1524","18","165","147","0","183","0","9","9","1000","1997","3.994","80","5.063556418526757","0","41.8","3.6121212121212123","10","206","750"
"1361","BA","1000","2","0.1","30","0.1","0.5","1","legal","targeted","20.58936314274897","6","90.85489541557278","90.85489541557278","75","80","80","fixed","1","1","50","791","11","50","21051933","v2.0-design-v1.0","11.200000000000003","1.7000000000000002","9.500000000000004","98.89466840052016","true","17.227999999999998","15.864000000000003","50","88.8","17","300","888","888","0","0","0","0","0","1854","1521","17","165","151","0","182","0","9","9","1000","1997","3.994","109","5.649059733785419","0","42.1","3.609090909090909","10","206","750"
"1362","BA","1000","2","0.1","30","0.1","0.5","1","legal","targeted","20.58936314274897","6","90.85489541557278","90.85489541557278","75","80","80","fixed","1","1","50","791","12","50","21051934","v2.0-design-v1.0","10.399999999999991","2.1999999999999997","8.199999999999992","98.5228002569043","true","16.322000000000003","14.589999999999996","50","89.60000000000001","22","300","896","896","0","0","0","0","0","1854","1534","23","142","155","0","165","0","9","9","1000","1997","3.994","74","5.113913972303018","0","42.7","3.603030303030303","10","206","750"
"1363","BA","1000","2","0.1","30","0.1","0.5","1","legal","targeted","20.58936314274897","6","90.85489541557278","90.85489541557278","75","80","80","fixed","1","1","50","791","13","50","21051935","v2.0-design-v1.0","9.599999999999994","1.4000000000000001","8.199999999999994","99.08556499020249","true","16.714000000000002","15.458000000000006","50","90.4","14","300","904","904","0","0","0","0","0","1854","1517","14","170","153","0","184","0","9","9","1000","1997","3.994","67","4.895705458045023","0","39.9","3.6313131313131315","10","206","750"
"1365","BA","1000","2","0.1","30","0.1","0.5","1","legal","targeted","20.58936314274897","6","90.85489541557278","90.85489541557278","75","80","80","fixed","1","1","50","791","15","50","21051937","v2.0-design-v1.0","10.599999999999994","1.5","9.099999999999994","98.96574014221073","true","17.502","16.25400000000001","50","89.4","15","300","894","894","0","0","0","0","0","1854","1531","16","156","151","0","172","0","9","9","1000","1997","3.994","79","5.04751834483455","0","42.5","3.605050505050505","10","206","750"
"1364","BA","1000","2","0.1","30","0.1","0.5","1","legal","targeted","20.58936314274897","6","90.85489541557278","90.85489541557278","75","80","80","fixed","1","1","50","791","14","50","21051936","v2.0-design-v1.0","10.099999999999994","1.5","8.599999999999994","99.02088772845953","true","16.087999999999997","14.780000000000005","50","89.9","15","300","899","899","0","0","0","0","0","1854","1517","15","161","161","0","176","0","9","9","1000","1997","3.994","77","5.321680588337128","0","45.6","3.573737373737374","10","206","750"
"1366","BA","1000","2","0.1","30","0.1","0.5","1","legal","targeted","20.58936314274897","6","90.85489541557278","90.85489541557278","75","80","80","fixed","1","1","50","791","16","50","21051938","v2.0-design-v1.0","10.799999999999997","1.6","9.199999999999998","98.90038809831823","true","16.618000000000002","15.03","50","89.2","16","300","892","892","0","0","0","0","0","1854","1529","17","158","150","0","175","0","9","9","1000","1997","3.994","64","4.936226324869053","0","41.9","3.611111111111111","10","206","750"
"1367","BA","1000","2","0.1","30","0.1","0.5","1","legal","targeted","20.58936314274897","6","90.85489541557278","90.85489541557278","75","80","80","fixed","1","1","50","791","17","50","21051939","v2.0-design-v1.0","11.700000000000003","1.9","9.800000000000002","98.77734877734878","true","16.8","15.079999999999998","50","88.3","19","300","883","883","0","0","0","0","0","1854","1535","19","132","168","0","151","0","9","9","1000","1997","3.994","62","5.297171322887714","0","47","3.5595959595959594","10","206","750"
"1368","BA","1000","2","0.1","30","0.1","0.5","1","legal","targeted","20.58936314274897","6","90.85489541557278","90.85489541557278","75","80","80","fixed","1","1","50","791","18","50","21051940","v2.0-design-v1.0","12.299999999999997","2","10.299999999999997","98.7146529562982","true","15.881999999999996","14.361999999999993","50","87.7","20","300","877","877","0","0","0","0","0","1854","1536","20","144","154","0","164","0","9","9","1000","1997","3.994","69","5.086042846047579","0","41.1","3.6191919191919193","10","206","750"
"1369","BA","1000","2","0.1","30","0.1","0.5","1","legal","targeted","20.58936314274897","6","90.85489541557278","90.85489541557278","75","80","80","fixed","1","1","50","791","19","50","21051941","v2.0-design-v1.0","10","1.0999999999999999","8.9","99.08854166666666","true","16.627999999999997","15.731999999999998","50","90","11","300","900","900","0","0","0","0","0","1854","1522","14","166","152","0","180","0","9","9","1000","1997","3.994","89","5.321680588337123","0","44.5","3.584848484848485","10","206","750"
"1370","BA","1000","2","0.1","30","0.1","0.5","1","legal","targeted","20.58936314274897","6","90.85489541557278","90.85489541557278","75","80","80","fixed","1","1","50","791","20","50","21051942","v2.0-design-v1.0","10.900000000000006","2.1","8.800000000000006","98.64951768488746","true","16.499999999999996","14.652000000000003","50","89.1","21","300","891","891","0","0","0","0","0","1854","1534","21","160","139","0","181","0","9","9","1000","1997","3.994","94","5.322997116127173","0","42.9","3.601010101010101","10","206","750"
"1371","BA","1000","2","0.1","30","0.1","0.5","1","legal","targeted","20.58936314274897","6","90.85489541557278","90.85489541557278","75","80","80","fixed","1","1","50","791","21","50","21051943","v2.0-design-v1.0","11.400000000000006","1.5","9.900000000000006","99.03100775193798","true","17.415999999999993","16.215999999999998","50","88.6","15","300","886","886","0","0","0","0","0","1854","1533","15","174","132","0","189","0","9","9","1000","1997","3.994","63","4.9402803939017765","0","40.8","3.6222222222222222","10","206","750"
"1372","BA","1000","2","0.1","30","0.1","0.5","1","legal","targeted","20.58936314274897","6","90.85489541557278","90.85489541557278","75","80","80","fixed","1","1","50","791","22","50","21051944","v2.0-design-v1.0","11.5","2","9.5","98.62475442043221","true","17.116","15.440000000000005","50","88.5","20","300","885","885","0","0","0","0","0","1854","1506","21","175","152","0","196","0","9","9","1000","1997","3.994","90","5.376138657704692","0","43.8","3.591919191919192","10","206","750"
"1373","BA","1000","2","0.1","30","0.1","0.5","1","legal","targeted","20.58936314274897","6","90.85489541557278","90.85489541557278","75","80","80","fixed","1","1","50","791","23","50","21051945","v2.0-design-v1.0","11.099999999999994","1.9","9.199999999999994","98.76703439325114","true","17.11","15.485999999999999","50","88.9","19","300","889","889","0","0","0","0","0","1854","1522","19","178","135","0","197","0","9","9","1000","1997","3.994","90","5.016485734967164","0","39","3.6404040404040403","10","206","750"
"1374","BA","1000","2","0.1","30","0.1","0.5","1","legal","targeted","20.58936314274897","6","90.85489541557278","90.85489541557278","75","80","80","fixed","1","1","50","791","24","50","21051946","v2.0-design-v1.0","11.200000000000003","1.7000000000000002","9.500000000000004","98.9192625556262","true","16.522000000000002","14.953999999999999","50","88.8","17","300","888","888","0","0","0","0","0","1854","1556","17","143","138","0","160","0","9","9","1000","1997","3.994","98","5.567671233376016","0","46.8","3.5616161616161617","10","206","750"
"1375","BA","1000","2","0.1","30","0.1","0.5","1","legal","targeted","20.58936314274897","6","90.85489541557278","90.85489541557278","75","80","80","fixed","1","1","50","791","25","50","21051947","v2.0-design-v1.0","11.200000000000003","1.6","9.600000000000003","98.83720930232558","true","16.236","14.887999999999995","50","88.8","16","300","888","888","0","0","0","0","0","1854","1530","18","155","151","0","173","0","9","9","1000","1997","3.994","86","5.423410124393811","0","42.7","3.603030303030303","10","206","750"
"1376","BA","1000","2","0.1","30","0.1","0.5","1","legal","targeted","20.58936314274897","6","90.85489541557278","90.85489541557278","75","80","80","fixed","1","1","50","791","26","50","21051948","v2.0-design-v1.0","10.599999999999994","1.4000000000000001","9.199999999999994","99.08675799086758","true","16.074000000000012","14.722000000000003","50","89.4","14","300","894","894","0","0","0","0","0","1854","1519","14","163","158","0","177","0","9","9","1000","1997","3.994","104","5.530510876090061","0","45.8","3.5717171717171716","10","206","750"
"1377","BA","1000","2","0.1","30","0.1","0.5","1","legal","targeted","20.58936314274897","6","90.85489541557278","90.85489541557278","75","80","80","fixed","1","1","50","791","27","50","21051949","v2.0-design-v1.0","11.299999999999997","1.6","9.699999999999998","98.96103896103897","true","16.758","15.529999999999998","50","88.7","16","300","887","887","0","0","0","0","0","1854","1524","16","154","160","0","170","0","9","9","1000","1997","3.994","109","5.529062717543947","0","43.8","3.591919191919192","10","206","750"
"1378","BA","1000","2","0.1","30","0.1","0.5","1","legal","targeted","20.58936314274897","6","90.85489541557278","90.85489541557278","75","80","80","fixed","1","1","50","791","28","50","21051950","v2.0-design-v1.0","9.899999999999991","1.5","8.399999999999991","99.02849740932642","true","17.040000000000003","15.624000000000006","50","90.10000000000001","15","300","901","901","0","0","0","0","0","1854","1529","15","164","146","0","179","0","9","9","1000","1997","3.994","58","4.8244418577944455","0","41.1","3.6191919191919193","10","206","750"
"1379","BA","1000","2","0.1","30","0.1","0.5","1","legal","targeted","20.58936314274897","6","90.85489541557278","90.85489541557278","75","80","80","fixed","1","1","50","791","29","50","21051951","v2.0-design-v1.0","11.700000000000003","1.7000000000000002","10.000000000000004","98.92268694550064","true","16.857999999999993","15.386","50","88.3","17","300","883","883","0","0","0","0","0","1854","1561","17","143","133","0","160","0","9","9","1000","1997","3.994","70","5.033617119060725","0","39.5","3.6353535353535356","10","206","750"
"1380","BA","1000","2","0.1","30","0.1","0.5","1","legal","targeted","20.58936314274897","6","90.85489541557278","90.85489541557278","75","80","80","fixed","1","1","50","791","30","50","21051952","v2.0-design-v1.0","11.200000000000003","1.6","9.600000000000003","98.95081967213115","true","16.136000000000003","14.715999999999998","50","88.8","16","300","888","888","0","0","0","0","0","1854","1509","16","176","153","0","192","0","9","9","1000","1997","3.994","53","4.653774986139911","0","39.4","3.6363636363636362","10","206","750"
"1381","BA","1000","2","0.1","30","0.1","0.5","1","legal","targeted","55.602445645315","16","84.9183850560169","84.9183850560169","75","80","80","fixed","1","1","50","792","1","50","21052923","v2.0-design-v1.0","38.800000000000004","5.5","33.300000000000004","96.61121380160196","true","21.155999999999995","15.783999999999999","50","61.199999999999996","55","300","612","612","0","0","0","0","0","2224","1568","55","300","301","0","355","0","4","4","1000","1997","3.994","60","4.887724813638114","0","40.4","3.6262626262626263","10","556","750"
"1382","BA","1000","2","0.1","30","0.1","0.5","1","legal","targeted","55.602445645315","16","84.9183850560169","84.9183850560169","75","80","80","fixed","1","1","50","792","2","50","21052924","v2.0-design-v1.0","40.300000000000004","6.6000000000000005","33.7","95.97069597069597","true","21.992000000000004","15.392000000000005","50","59.699999999999996","66","300","597","597","0","0","0","0","0","2224","1572","66","291","295","0","357","0","4","4","1000","1997","3.994","114","5.802381548263751","0","47.9","3.5505050505050506","10","556","750"
"1383","BA","1000","2","0.1","30","0.1","0.5","1","legal","targeted","55.602445645315","16","84.9183850560169","84.9183850560169","75","80","80","fixed","1","1","50","792","3","50","21052925","v2.0-design-v1.0","39","4.6","34.4","97.11124769514444","true","21.423999999999996","16.951999999999995","50","61","46","300","610","610","0","0","0","0","0","2224","1580","47","308","289","0","355","0","4","4","1000","1997","3.994","79","5.082892857399192","0","42.7","3.603030303030303","10","556","750"
"1384","BA","1000","2","0.1","30","0.1","0.5","1","legal","targeted","55.602445645315","16","84.9183850560169","84.9183850560169","75","80","80","fixed","1","1","50","792","4","50","21052926","v2.0-design-v1.0","40","5.1","34.9","96.85960591133005","true","22.282000000000007","17.30999999999999","50","60","51","300","600","600","0","0","0","0","0","2224","1573","51","304","296","0","355","0","4","4","1000","1997","3.994","69","4.940685617844377","0","39.7","3.6333333333333333","10","556","750"
"1385","BA","1000","2","0.1","30","0.1","0.5","1","legal","targeted","55.602445645315","16","84.9183850560169","84.9183850560169","75","80","80","fixed","1","1","50","792","5","50","21052927","v2.0-design-v1.0","39.2","6.2","33","96.15384615384616","true","21.914","16.066","50","60.8","62","300","608","608","0","0","0","0","0","2224","1550","62","304","308","0","366","0","4","4","1000","1997","3.994","73","4.6745925828691925","0","36.7","3.6636363636363636","10","556","750"
"1386","BA","1000","2","0.1","30","0.1","0.5","1","legal","targeted","55.602445645315","16","84.9183850560169","84.9183850560169","75","80","80","fixed","1","1","50","792","6","50","21052928","v2.0-design-v1.0","38.800000000000004","4.9","33.900000000000006","96.99201964395334","true","22.462000000000003","17.69","50","61.199999999999996","49","300","612","612","0","0","0","0","0","2224","1580","49","314","281","0","363","0","4","4","1000","1997","3.994","79","5.327508455774266","0","45.1","3.5787878787878786","10","556","750"
"1387","BA","1000","2","0.1","30","0.1","0.5","1","legal","targeted","55.602445645315","16","84.9183850560169","84.9183850560169","75","80","80","fixed","1","1","50","792","7","50","21052929","v2.0-design-v1.0","40.6","5.4","35.2","96.72330097087378","true","21.926000000000002","16.686","50","59.4","54","300","594","594","0","0","0","0","0","2224","1594","54","326","250","0","380","0","4","4","1000","1997","3.994","69","5.18563929085458","0","44.1","3.588888888888889","10","556","750"
"1388","BA","1000","2","0.1","30","0.1","0.5","1","legal","targeted","55.602445645315","16","84.9183850560169","84.9183850560169","75","80","80","fixed","1","1","50","792","8","50","21052930","v2.0-design-v1.0","38.2","4.8","33.400000000000006","96.94704049844238","true","21.31","16.702000000000005","50","61.8","48","300","618","618","0","0","0","0","0","2224","1556","49","321","298","0","370","0","4","4","1000","1997","3.994","119","5.998161546836024","0","49.2","3.5373737373737373","10","556","750"
"1389","BA","1000","2","0.1","30","0.1","0.5","1","legal","targeted","55.602445645315","16","84.9183850560169","84.9183850560169","75","80","80","fixed","1","1","50","792","9","50","21052931","v2.0-design-v1.0","39.7","5.1","34.6","96.9090909090909","true","21.114","16.014","50","60.3","51","300","603","603","0","0","0","0","0","2224","1599","51","309","265","0","360","0","4","4","1000","1997","3.994","77","5.378558625960378","0","44.7","3.5828282828282827","10","556","750"
"1390","BA","1000","2","0.1","30","0.1","0.5","1","legal","targeted","55.602445645315","16","84.9183850560169","84.9183850560169","75","80","80","fixed","1","1","50","792","10","50","21052932","v2.0-design-v1.0","35.7","5.800000000000001","29.900000000000002","96.33995037220843","true","20.741999999999997","15.069999999999999","50","64.3","58","300","643","643","0","0","0","0","0","2224","1553","59","310","302","0","369","0","4","4","1000","1997","3.994","100","5.352813897065404","0","41.9","3.611111111111111","10","556","750"
"1391","BA","1000","2","0.1","30","0.1","0.5","1","legal","targeted","55.602445645315","16","84.9183850560169","84.9183850560169","75","80","80","fixed","1","1","50","792","11","50","21052933","v2.0-design-v1.0","40.800000000000004","5.8999999999999995","34.900000000000006","96.45432692307693","true","21.092","15.608000000000004","50","59.199999999999996","59","300","592","592","0","0","0","0","0","2224","1605","59","295","265","0","354","0","4","4","1000","1997","3.994","89","5.1810044206511465","0","42.6","3.604040404040404","10","556","750"
"1392","BA","1000","2","0.1","30","0.1","0.5","1","legal","targeted","55.602445645315","16","84.9183850560169","84.9183850560169","75","80","80","fixed","1","1","50","792","12","50","21052934","v2.0-design-v1.0","37.6","5.800000000000001","31.8","96.44149577804583","true","21.618","16.137999999999998","50","62.4","58","300","624","624","0","0","0","0","0","2224","1599","59","293","273","0","352","0","4","4","1000","1997","3.994","79","5.289228671549364","0","44.1","3.588888888888889","10","556","750"
"1393","BA","1000","2","0.1","30","0.1","0.5","1","legal","targeted","55.602445645315","16","84.9183850560169","84.9183850560169","75","80","80","fixed","1","1","50","792","13","50","21052935","v2.0-design-v1.0","39.6","5.3","34.300000000000004","96.81681681681683","true","20.86","15.687999999999997","50","60.4","53","300","604","604","0","0","0","0","0","2224","1612","53","288","271","0","341","0","4","4","1000","1997","3.994","85","5.220269649665154","0","43.7","3.592929292929293","10","556","750"
"1394","BA","1000","2","0.1","30","0.1","0.5","1","legal","targeted","55.602445645315","16","84.9183850560169","84.9183850560169","75","80","80","fixed","1","1","50","792","14","50","21052936","v2.0-design-v1.0","39","5.2","33.8","96.86179843089921","true","20.536000000000005","15.463999999999999","50","61","52","300","610","610","0","0","0","0","0","2224","1605","52","298","269","0","350","0","4","4","1000","1997","3.994","104","5.5933218438821415","0","45","3.5797979797979798","10","556","750"
"1395","BA","1000","2","0.1","30","0.1","0.5","1","legal","targeted","55.602445645315","16","84.9183850560169","84.9183850560169","75","80","80","fixed","1","1","50","792","15","50","21052937","v2.0-design-v1.0","38.2","6.7","31.500000000000004","95.90464547677261","true","21.920000000000005","15.636000000000003","50","61.8","67","300","618","618","0","0","0","0","0","2224","1569","67","299","289","0","366","0","4","4","1000","1997","3.994","94","5.103529172054369","0","41.2","3.618181818181818","10","556","750"
"1396","BA","1000","2","0.1","30","0.1","0.5","1","legal","targeted","55.602445645315","16","84.9183850560169","84.9183850560169","75","80","80","fixed","1","1","50","792","16","50","21052938","v2.0-design-v1.0","37.1","4.9","32.2","96.98832206515058","true","21.962","17.221999999999998","50","62.9","49","300","629","629","0","0","0","0","0","2224","1578","49","298","299","0","347","0","4","4","1000","1997","3.994","96","5.350382284527948","0","42.2","3.608080808080808","10","556","750"
"1397","BA","1000","2","0.1","30","0.1","0.5","1","legal","targeted","55.602445645315","16","84.9183850560169","84.9183850560169","75","80","80","fixed","1","1","50","792","17","50","21052939","v2.0-design-v1.0","38.5","4.9","33.6","96.96601941747572","true","21.614","16.842","50","61.5","49","300","615","615","0","0","0","0","0","2224","1598","50","295","281","0","345","0","4","4","1000","1997","3.994","97","5.233292591796418","0","42.1","3.609090909090909","10","556","750"
"1398","BA","1000","2","0.1","30","0.1","0.5","1","legal","targeted","55.602445645315","16","84.9183850560169","84.9183850560169","75","80","80","fixed","1","1","50","792","18","50","21052940","v2.0-design-v1.0","40.5","5.8999999999999995","34.6","96.46282973621103","true","22.281999999999996","16.574000000000005","50","59.5","59","300","595","595","0","0","0","0","0","2224","1609","59","277","279","0","336","0","4","4","1000","1997","3.994","67","5.145526254955889","0","43","3.6","10","556","750"
"1399","BA","1000","2","0.1","30","0.1","0.5","1","legal","targeted","55.602445645315","16","84.9183850560169","84.9183850560169","75","80","80","fixed","1","1","50","792","19","50","21052941","v2.0-design-v1.0","39.5","5.5","34","96.68474984930681","true","21.913999999999998","16.477999999999994","50","60.5","55","300","605","605","0","0","0","0","0","2224","1604","55","309","256","0","364","0","4","4","1000","1997","3.994","86","4.946152891735995","0","38.6","3.6444444444444444","10","556","750"
"1400","BA","1000","2","0.1","30","0.1","0.5","1","legal","targeted","55.602445645315","16","84.9183850560169","84.9183850560169","75","80","80","fixed","1","1","50","792","20","50","21052942","v2.0-design-v1.0","36.6","5","31.6","96.92685925015365","true","21.81200000000001","16.908000000000005","50","63.4","50","300","634","634","0","0","0","0","0","2224","1577","50","306","291","0","356","0","4","4","1000","1997","3.994","62","4.8983627834163","0","39.9","3.6313131313131315","10","556","750"
"1401","BA","1000","2","0.1","30","0.1","0.5","1","legal","targeted","55.602445645315","16","84.9183850560169","84.9183850560169","75","80","80","fixed","1","1","50","792","21","50","21052943","v2.0-design-v1.0","37.6","5.5","32.1","96.66666666666667","true","23.375999999999994","17.972000000000005","50","62.4","55","300","624","624","0","0","0","0","0","2224","1595","55","291","283","0","346","0","4","4","1000","1997","3.994","56","4.586611058396049","0","38.1","3.6494949494949496","10","556","750"
"1402","BA","1000","2","0.1","30","0.1","0.5","1","legal","targeted","55.602445645315","16","84.9183850560169","84.9183850560169","75","80","80","fixed","1","1","50","792","22","50","21052944","v2.0-design-v1.0","41.7","4.7","37","97.19402985074626","true","22.240000000000006","17.636000000000003","50","58.3","47","300","583","583","0","0","0","0","0","2224","1628","47","300","249","0","347","0","4","4","1000","1997","3.994","102","5.62864509856906","0","45.3","3.576767676767677","10","556","750"
"1403","BA","1000","2","0.1","30","0.1","0.5","1","legal","targeted","55.602445645315","16","84.9183850560169","84.9183850560169","75","80","80","fixed","1","1","50","792","23","50","21052945","v2.0-design-v1.0","35.599999999999994","5","30.599999999999994","96.96785930867192","true","21","16.031999999999996","50","64.4","50","300","644","644","0","0","0","0","0","2224","1599","50","292","283","0","342","0","4","4","1000","1997","3.994","113","5.686501587118412","0","44.8","3.581818181818182","10","556","750"
"1404","BA","1000","2","0.1","30","0.1","0.5","1","legal","targeted","55.602445645315","16","84.9183850560169","84.9183850560169","75","80","80","fixed","1","1","50","792","24","50","21052946","v2.0-design-v1.0","39.900000000000006","6","33.900000000000006","96.33475870494807","true","22.076","16.268000000000004","50","60.099999999999994","60","300","601","601","0","0","0","0","0","2224","1577","60","312","275","0","372","0","4","4","1000","1997","3.994","84","5.262476380722062","0","44.5","3.584848484848485","10","556","750"
"1405","BA","1000","2","0.1","30","0.1","0.5","1","legal","targeted","55.602445645315","16","84.9183850560169","84.9183850560169","75","80","80","fixed","1","1","50","792","25","50","21052947","v2.0-design-v1.0","36","6.2","29.8","96.1038961038961","true","20.474","14.273999999999996","50","64","62","300","640","640","0","0","0","0","0","2224","1554","63","299","308","0","362","0","4","4","1000","1997","3.994","130","5.839868839971336","0","46.5","3.5646464646464646","10","556","750"
"1406","BA","1000","2","0.1","30","0.1","0.5","1","legal","targeted","55.602445645315","16","84.9183850560169","84.9183850560169","75","80","80","fixed","1","1","50","792","26","50","21052948","v2.0-design-v1.0","38.3","6.4","31.9","96.09609609609609","true","21.229999999999997","15.022","50","61.7","64","300","617","617","0","0","0","0","0","2224","1600","65","279","280","0","344","0","4","4","1000","1997","3.994","72","5.217392565754","0","44.4","3.585858585858586","10","556","750"
"1407","BA","1000","2","0.1","30","0.1","0.5","1","legal","targeted","55.602445645315","16","84.9183850560169","84.9183850560169","75","80","80","fixed","1","1","50","792","27","50","21052949","v2.0-design-v1.0","39.4","4.2","35.199999999999996","97.442143727162","true","22.160000000000004","18.055999999999997","50","60.6","42","300","606","606","0","0","0","0","0","2224","1600","42","305","277","0","347","0","4","4","1000","1997","3.994","77","5.4557978087287715","0","46","3.56969696969697","10","556","750"
"1408","BA","1000","2","0.1","30","0.1","0.5","1","legal","targeted","55.602445645315","16","84.9183850560169","84.9183850560169","75","80","80","fixed","1","1","50","792","28","50","21052950","v2.0-design-v1.0","39.6","5","34.6","96.94749694749694","true","21.458","16.522000000000002","50","60.4","50","300","604","604","0","0","0","0","0","2224","1588","50","297","289","0","347","0","4","4","1000","1997","3.994","69","5.193933089763561","0","44.8","3.581818181818182","10","556","750"
"1409","BA","1000","2","0.1","30","0.1","0.5","1","legal","targeted","55.602445645315","16","84.9183850560169","84.9183850560169","75","80","80","fixed","1","1","50","792","29","50","21052951","v2.0-design-v1.0","39.1","3.4000000000000004","35.7","97.84880147510756","true","22.475999999999985","19.204000000000004","50","60.9","34","300","609","609","0","0","0","0","0","2224","1592","35","327","270","0","362","0","4","4","1000","1997","3.994","86","5.631312074079681","0","45.7","3.5727272727272728","10","556","750"
"1410","BA","1000","2","0.1","30","0.1","0.5","1","legal","targeted","55.602445645315","16","84.9183850560169","84.9183850560169","75","80","80","fixed","1","1","50","792","30","50","21052952","v2.0-design-v1.0","38.3","4.6","33.699999999999996","97.17964438994483","true","22","17.464000000000002","50","61.7","46","300","617","617","0","0","0","0","0","2224","1585","46","293","300","0","339","0","4","4","1000","1997","3.994","80","4.953635281538439","0","39.9","3.6313131313131315","10","556","750"
"1411","BA","1000","2","0.1","30","0.1","0.5","1","legal","targeted","19.51744911210933","3","94.5168268319797","94.5168268319797","75","80","80","fixed","1","1","50","793","1","50","21053923","v2.0-design-v1.0","11","3.2","7.8","98.5655737704918","true","23.854","21.824","50","89","32","300","890","890","0","0","0","0","0","3315","2405","35","734","141","0","769","0","17","17","1000","1997","3.994","77","5.401772222441727","0","48","3.5494949494949495","10","195","750"
"1412","BA","1000","2","0.1","30","0.1","0.5","1","legal","targeted","19.51744911210933","3","94.5168268319797","94.5168268319797","75","80","80","fixed","1","1","50","793","2","50","21053924","v2.0-design-v1.0","11","2.8000000000000003","8.2","98.70811465482439","true","25.023999999999997","22.902","50","89","28","300","890","890","0","0","0","0","0","3315","2445","32","682","156","0","714","0","17","17","1000","1997","3.994","52","4.559688010681722","0","36.5","3.665656565656566","10","195","750"
"1413","BA","1000","2","0.1","30","0.1","0.5","1","legal","targeted","19.51744911210933","3","94.5168268319797","94.5168268319797","75","80","80","fixed","1","1","50","793","3","50","21053925","v2.0-design-v1.0","12.900000000000006","3","9.900000000000006","98.62570735650768","true","23.778000000000006","21.965999999999994","50","87.1","30","300","871","871","0","0","0","0","0","3315","2440","34","678","163","0","712","0","17","17","1000","1997","3.994","73","5.255052766583748","0","43.1","3.598989898989899","10","195","750"
"1414","BA","1000","2","0.1","30","0.1","0.5","1","legal","targeted","19.51744911210933","3","94.5168268319797","94.5168268319797","75","80","80","fixed","1","1","50","793","4","50","21053926","v2.0-design-v1.0","11.400000000000006","4.3999999999999995","7.000000000000006","97.98549556809026","true","24.147999999999993","21.061999999999998","50","88.6","44","300","886","886","0","0","0","0","0","3315","2432","50","686","147","0","736","0","17","17","1000","1997","3.994","94","5.9122685086960605","0","50.8","3.521212121212121","10","195","750"
"1415","BA","1000","2","0.1","30","0.1","0.5","1","legal","targeted","19.51744911210933","3","94.5168268319797","94.5168268319797","75","80","80","fixed","1","1","50","793","5","50","21053927","v2.0-design-v1.0","11.099999999999994","3.9","7.199999999999994","98.3532317826266","true","23.412000000000003","20.712000000000007","50","88.9","39","300","889","889","0","0","0","0","0","3315","2389","40","738","148","0","778","0","17","17","1000","1997","3.994","101","5.608334638501641","0","42.8","3.602020202020202","10","195","750"
"1416","BA","1000","2","0.1","30","0.1","0.5","1","legal","targeted","19.51744911210933","3","94.5168268319797","94.5168268319797","75","80","80","fixed","1","1","50","793","6","50","21053928","v2.0-design-v1.0","10.200000000000003","4.2","6.000000000000003","98.09220985691573","true","23.994000000000007","21.31200000000001","50","89.8","42","300","898","898","0","0","0","0","0","3315","2468","48","662","137","0","710","0","17","17","1000","1997","3.994","79","4.943723738681637","0","40.8","3.6222222222222222","10","195","750"
"1417","BA","1000","2","0.1","30","0.1","0.5","1","legal","targeted","19.51744911210933","3","94.5168268319797","94.5168268319797","75","80","80","fixed","1","1","50","793","7","50","21053929","v2.0-design-v1.0","12.299999999999997","3.4000000000000004","8.899999999999997","98.36934366082349","true","24.480000000000004","22.43000000000001","50","87.7","34","300","877","877","0","0","0","0","0","3315","2413","40","708","154","0","748","0","17","17","1000","1997","3.994","65","5.219694359750306","0","46.1","3.5686868686868687","10","195","750"
"1418","BA","1000","2","0.1","30","0.1","0.5","1","legal","targeted","19.51744911210933","3","94.5168268319797","94.5168268319797","75","80","80","fixed","1","1","50","793","8","50","21053930","v2.0-design-v1.0","11.799999999999997","3.4000000000000004","8.399999999999997","98.44644317252657","true","24.107999999999993","22.159999999999997","50","88.2","34","300","882","882","0","0","0","0","0","3315","2408","38","711","158","0","749","0","17","17","1000","1997","3.994","96","5.494921123925081","0","44.7","3.5828282828282827","10","195","750"
"1419","BA","1000","2","0.1","30","0.1","0.5","1","legal","targeted","19.51744911210933","3","94.5168268319797","94.5168268319797","75","80","80","fixed","1","1","50","793","9","50","21053931","v2.0-design-v1.0","11.299999999999997","4.1000000000000005","7.199999999999997","98.08631921824104","true","23.918000000000003","21.299999999999997","50","88.7","41","300","887","887","0","0","0","0","0","3315","2409","47","708","151","0","755","0","17","17","1000","1997","3.994","76","5.427469154350065","0","46.8","3.5616161616161617","10","195","750"
"1420","BA","1000","2","0.1","30","0.1","0.5","1","legal","targeted","19.51744911210933","3","94.5168268319797","94.5168268319797","75","80","80","fixed","1","1","50","793","10","50","21053932","v2.0-design-v1.0","11.200000000000003","2.8000000000000003","8.400000000000002","98.57086145295753","true","23.814000000000007","21.72200000000001","50","88.8","28","300","888","888","0","0","0","0","0","3315","2483","36","631","165","0","667","0","17","17","1000","1997","3.994","64","4.781927522540546","0","37.7","3.6535353535353536","10","195","750"
"1421","BA","1000","2","0.1","30","0.1","0.5","1","legal","targeted","19.51744911210933","3","94.5168268319797","94.5168268319797","75","80","80","fixed","1","1","50","793","11","50","21053933","v2.0-design-v1.0","10.799999999999997","4.1000000000000005","6.699999999999997","98.04858622062923","true","25.350000000000005","22.264","50","89.2","41","300","892","892","0","0","0","0","0","3315","2462","49","672","132","0","721","0","17","17","1000","1997","3.994","76","5.162035510398053","0","44","3.5898989898989897","10","195","750"
"1422","BA","1000","2","0.1","30","0.1","0.5","1","legal","targeted","19.51744911210933","3","94.5168268319797","94.5168268319797","75","80","80","fixed","1","1","50","793","12","50","21053934","v2.0-design-v1.0","10.099999999999994","3.3000000000000003","6.799999999999994","98.54014598540147","true","24.51600000000001","22.469999999999985","50","89.9","33","300","899","899","0","0","0","0","0","3315","2430","36","718","131","0","754","0","17","17","1000","1997","3.994","64","4.937442895096835","0","41.2","3.618181818181818","10","195","750"
"1423","BA","1000","2","0.1","30","0.1","0.5","1","legal","targeted","19.51744911210933","3","94.5168268319797","94.5168268319797","75","80","80","fixed","1","1","50","793","13","50","21053935","v2.0-design-v1.0","11.900000000000006","3.9","8.000000000000005","98.25061025223759","true","24.206","21.614000000000004","50","88.1","39","300","881","881","0","0","0","0","0","3315","2415","43","709","148","0","752","0","17","17","1000","1997","3.994","78","5.4289444128151985","0","46.2","3.5676767676767676","10","195","750"
"1424","BA","1000","2","0.1","30","0.1","0.5","1","legal","targeted","19.51744911210933","3","94.5168268319797","94.5168268319797","75","80","80","fixed","1","1","50","793","14","50","21053936","v2.0-design-v1.0","10.700000000000003","3.4000000000000004","7.3000000000000025","98.58823529411764","true","23.77","21.395999999999994","50","89.3","34","300","893","893","0","0","0","0","0","3315","2514","36","593","172","0","629","0","17","17","1000","1997","3.994","104","5.72719519178146","0","45.6","3.573737373737374","10","195","750"
"1425","BA","1000","2","0.1","30","0.1","0.5","1","legal","targeted","19.51744911210933","3","94.5168268319797","94.5168268319797","75","80","80","fixed","1","1","50","793","15","50","21053937","v2.0-design-v1.0","11.5","3.2","8.3","98.42296805499393","true","25.381999999999984","23.00999999999999","50","88.5","32","300","885","885","0","0","0","0","0","3315","2434","39","695","147","0","734","0","17","17","1000","1997","3.994","64","5.0076981779097824","0","42.1","3.609090909090909","10","195","750"
"1426","BA","1000","2","0.1","30","0.1","0.5","1","legal","targeted","19.51744911210933","3","94.5168268319797","94.5168268319797","75","80","80","fixed","1","1","50","793","16","50","21053938","v2.0-design-v1.0","10.299999999999997","3.6999999999999997","6.599999999999998","98.28411811652035","true","24.345999999999993","21.947999999999997","50","89.7","37","300","897","897","0","0","0","0","0","3315","2463","43","674","135","0","717","0","17","17","1000","1997","3.994","81","5.156603005327682","0","41.8","3.6121212121212123","10","195","750"
"1427","BA","1000","2","0.1","30","0.1","0.5","1","legal","targeted","19.51744911210933","3","94.5168268319797","94.5168268319797","75","80","80","fixed","1","1","50","793","17","50","21053939","v2.0-design-v1.0","11","3.6999999999999997","7.300000000000001","98.28009828009829","true","24.35800000000001","21.737999999999996","50","89","37","300","890","890","0","0","0","0","0","3315","2400","42","726","147","0","768","0","17","17","1000","1997","3.994","118","5.999162771083507","0","47.4","3.5555555555555554","10","195","750"
"1428","BA","1000","2","0.1","30","0.1","0.5","1","legal","targeted","19.51744911210933","3","94.5168268319797","94.5168268319797","75","80","80","fixed","1","1","50","793","18","50","21053940","v2.0-design-v1.0","11.700000000000003","3.8","7.900000000000003","98.28641370869033","true","25.445999999999998","23.392000000000017","50","88.3","38","300","883","883","0","0","0","0","0","3315","2409","42","723","141","0","765","0","17","17","1000","1997","3.994","90","5.0552467318143295","0","41.8","3.6121212121212123","10","195","750"
"1429","BA","1000","2","0.1","30","0.1","0.5","1","legal","targeted","19.51744911210933","3","94.5168268319797","94.5168268319797","75","80","80","fixed","1","1","50","793","19","50","21053941","v2.0-design-v1.0","11","3.8","7.2","98.27518620148962","true","24.143999999999995","21.513999999999996","50","89","38","300","890","890","0","0","0","0","0","3315","2507","44","613","151","0","657","0","17","17","1000","1997","3.994","63","4.627242740053225","0","37.3","3.6575757575757577","10","195","750"
"1430","BA","1000","2","0.1","30","0.1","0.5","1","legal","targeted","19.51744911210933","3","94.5168268319797","94.5168268319797","75","80","80","fixed","1","1","50","793","20","50","21053942","v2.0-design-v1.0","12.099999999999994","3.4000000000000004","8.699999999999994","98.43169624432522","true","24.411999999999992","22.320000000000007","50","87.9","34","300","879","879","0","0","0","0","0","3315","2385","38","751","141","0","789","0","17","17","1000","1997","3.994","81","5.2575284693100315","0","43.7","3.592929292929293","10","195","750"
"1431","BA","1000","2","0.1","30","0.1","0.5","1","legal","targeted","19.51744911210933","3","94.5168268319797","94.5168268319797","75","80","80","fixed","1","1","50","793","21","50","21053943","v2.0-design-v1.0","11.200000000000003","3.2","8.000000000000004","98.55711422845691","true","23.40999999999999","21.434000000000005","50","88.8","32","300","888","888","0","0","0","0","0","3315","2459","36","668","152","0","704","0","17","17","1000","1997","3.994","93","5.3397075272412025","0","41.5","3.6151515151515152","10","195","750"
"1432","BA","1000","2","0.1","30","0.1","0.5","1","legal","targeted","19.51744911210933","3","94.5168268319797","94.5168268319797","75","80","80","fixed","1","1","50","793","22","50","21053944","v2.0-design-v1.0","11","3.5000000000000004","7.5","98.49861714737258","true","24.412","22.285999999999994","50","89","35","300","890","890","0","0","0","0","0","3315","2493","38","663","121","0","701","0","17","17","1000","1997","3.994","62","5.116262321279083","0","43.9","3.590909090909091","10","195","750"
"1433","BA","1000","2","0.1","30","0.1","0.5","1","legal","targeted","19.51744911210933","3","94.5168268319797","94.5168268319797","75","80","80","fixed","1","1","50","793","23","50","21053945","v2.0-design-v1.0","12.599999999999994","3.4000000000000004","9.199999999999994","98.49164288626172","true","23.383999999999997","21.346","50","87.4","34","300","874","874","0","0","0","0","0","3315","2416","37","714","148","0","751","0","17","17","1000","1997","3.994","139","6.268593084517416","0","50.5","3.5242424242424244","10","195","750"
"1434","BA","1000","2","0.1","30","0.1","0.5","1","legal","targeted","19.51744911210933","3","94.5168268319797","94.5168268319797","75","80","80","fixed","1","1","50","793","24","50","21053946","v2.0-design-v1.0","10.700000000000003","3.5999999999999996","7.100000000000003","98.39163650985122","true","22.398000000000003","20.118","50","89.3","36","300","893","893","0","0","0","0","0","3315","2447","40","692","136","0","732","0","17","17","1000","1997","3.994","95","5.873368748891952","0","50.5","3.5242424242424244","10","195","750"
"1435","BA","1000","2","0.1","30","0.1","0.5","1","legal","targeted","19.51744911210933","3","94.5168268319797","94.5168268319797","75","80","80","fixed","1","1","50","793","25","50","21053947","v2.0-design-v1.0","11","3.9","7.1","98.36392657621708","true","23.532000000000007","20.891999999999992","50","89","39","300","890","890","0","0","0","0","0","3315","2465","41","652","157","0","693","0","17","17","1000","1997","3.994","60","4.9321689235355874","0","38.9","3.6414141414141414","10","195","750"
"1436","BA","1000","2","0.1","30","0.1","0.5","1","legal","targeted","19.51744911210933","3","94.5168268319797","94.5168268319797","75","80","80","fixed","1","1","50","793","26","50","21053948","v2.0-design-v1.0","11.5","3.5999999999999996","7.9","98.53057982525814","true","25.26600000000001","22.733999999999995","50","88.5","36","300","885","885","0","0","0","0","0","3315","2481","37","667","130","0","704","0","17","17","1000","1997","3.994","69","5.066915988807938","0","43","3.6","10","195","750"
"1437","BA","1000","2","0.1","30","0.1","0.5","1","legal","targeted","19.51744911210933","3","94.5168268319797","94.5168268319797","75","80","80","fixed","1","1","50","793","27","50","21053949","v2.0-design-v1.0","11.5","2.8000000000000003","8.7","98.78345498783455","true","24.362","22.594","50","88.5","28","300","885","885","0","0","0","0","0","3315","2436","30","708","141","0","738","0","17","17","1000","1997","3.994","76","5.318293734671692","0","44.9","3.580808080808081","10","195","750"
"1438","BA","1000","2","0.1","30","0.1","0.5","1","legal","targeted","19.51744911210933","3","94.5168268319797","94.5168268319797","75","80","80","fixed","1","1","50","793","28","50","21053950","v2.0-design-v1.0","12","3.9","8.1","97.98468359532447","true","25.081999999999997","22.298000000000002","50","88","39","300","880","880","0","0","0","0","0","3315","2431","50","706","128","0","756","0","17","17","1000","1997","3.994","54","4.738609333804417","0","37.5","3.6555555555555554","10","195","750"
"1439","BA","1000","2","0.1","30","0.1","0.5","1","legal","targeted","19.51744911210933","3","94.5168268319797","94.5168268319797","75","80","80","fixed","1","1","50","793","29","50","21053951","v2.0-design-v1.0","11.5","3.8","7.7","98.26472962066183","true","23.938000000000002","21.04400000000001","50","88.5","38","300","885","885","0","0","0","0","0","3315","2435","43","683","154","0","726","0","17","17","1000","1997","3.994","68","5.0150887444904715","0","42.5","3.605050505050505","10","195","750"
"1440","BA","1000","2","0.1","30","0.1","0.5","1","legal","targeted","19.51744911210933","3","94.5168268319797","94.5168268319797","75","80","80","fixed","1","1","50","793","30","50","21053952","v2.0-design-v1.0","11.099999999999994","3.3000000000000003","7.799999999999994","98.49654611946363","true","23.552","21.572000000000003","50","88.9","33","300","889","889","0","0","0","0","0","3315","2424","37","729","125","0","766","0","17","17","1000","1997","3.994","100","5.641435082475884","0","45.8","3.5717171717171716","10","195","750"
"1441","BA","1000","2","0.1","30","0.1","0.5","1","legal","targeted","61.478544561701945","7","90.32214691751207","90.32214691751207","75","80","80","fixed","1","1","50","794","1","50","21054923","v2.0-design-v1.0","64.1","11.4","52.699999999999996","96.44785450412049","true","45.89400000000001","38.35799999999998","50","35.9","114","300","359","813","615","454","13","99","49","4920","3394","125","1037","364","112","1162","61.5","8","8","1000","1997","3.994","67","4.8936603797067715","0","39","3.6404040404040403","10","615","750"
"1442","BA","1000","2","0.1","30","0.1","0.5","1","legal","targeted","61.478544561701945","7","90.32214691751207","90.32214691751207","75","80","80","fixed","1","1","50","794","2","50","21054924","v2.0-design-v1.0","62.1","10.299999999999999","51.800000000000004","96.67716986536809","true","45.453999999999986","38.122","50","37.9","103","300","379","835","615","456","10","92","57","4920","3375","116","1078","351","102","1194","61.5","8","8","1000","1997","3.994","64","5.037791514477676","0","40.5","3.625252525252525","10","615","750"
"1443","BA","1000","2","0.1","30","0.1","0.5","1","legal","targeted","61.478544561701945","7","90.32214691751207","90.32214691751207","75","80","80","fixed","1","1","50","794","3","50","21054925","v2.0-design-v1.0","61.8","12.4","49.4","95.81151832460732","true","47.558","39.273999999999994","50","38.2","124","300","382","844","615","462","17","84","52","4920","3294","144","1126","356","101","1270","61.5","8","8","1000","1997","3.994","67","5.056434666000485","0","42.2","3.608080808080808","10","615","750"
"1444","BA","1000","2","0.1","30","0.1","0.5","1","legal","targeted","61.478544561701945","7","90.32214691751207","90.32214691751207","75","80","80","fixed","1","1","50","794","4","50","21054926","v2.0-design-v1.0","62.2","10.6","51.6","96.65099882491187","true","46.847999999999985","39.49599999999999","50","37.8","106","300","378","850","615","472","7","89","47","4920","3290","114","1139","377","96","1253","61.5","8","8","1000","1997","3.994","85","5.081317130802184","0","39.4","3.6363636363636362","10","615","750"
"1445","BA","1000","2","0.1","30","0.1","0.5","1","legal","targeted","61.478544561701945","7","90.32214691751207","90.32214691751207","75","80","80","fixed","1","1","50","794","5","50","21054927","v2.0-design-v1.0","62.4","11","51.4","96.46274282400697","true","47.122","39.59400000000001","50","37.6","110","300","376","838","615","462","8","92","53","4920","3327","122","1105","366","100","1227","61.5","8","8","1000","1997","3.994","66","4.8096878378016426","0","38.5","3.6454545454545455","10","615","750"
"1446","BA","1000","2","0.1","30","0.1","0.5","1","legal","targeted","61.478544561701945","7","90.32214691751207","90.32214691751207","75","80","80","fixed","1","1","50","794","6","50","21054928","v2.0-design-v1.0","62.1","11.899999999999999","50.2","96.13069647463458","true","47.225999999999985","39.455999999999996","50","37.9","119","300","379","855","615","476","12","69","58","4920","3354","135","1058","373","81","1193","61.5","8","8","1000","1997","3.994","89","5.354309725131013","0","43","3.6","10","615","750"
"1447","BA","1000","2","0.1","30","0.1","0.5","1","legal","targeted","61.478544561701945","7","90.32214691751207","90.32214691751207","75","80","80","fixed","1","1","50","794","7","50","21054929","v2.0-design-v1.0","61.4","12.3","49.099999999999994","96.08644859813083","true","47.63400000000001","39.156","50","38.6","123","300","386","860","615","474","11","69","61","4920","3290","134","1128","368","80","1262","61.5","8","8","1000","1997","3.994","79","5.142412703042056","0","42.8","3.602020202020202","10","615","750"
"1448","BA","1000","2","0.1","30","0.1","0.5","1","legal","targeted","61.478544561701945","7","90.32214691751207","90.32214691751207","75","80","80","fixed","1","1","50","794","8","50","21054930","v2.0-design-v1.0","62.3","11.4","50.9","96.48197009674581","true","47.06","39.943999999999996","50","37.7","114","300","377","837","615","460","12","90","53","4920","3291","120","1163","346","102","1283","61.5","8","8","1000","1997","3.994","91","5.433920453180318","0","43.9","3.590909090909091","10","615","750"
"1449","BA","1000","2","0.1","30","0.1","0.5","1","legal","targeted","61.478544561701945","7","90.32214691751207","90.32214691751207","75","80","80","fixed","1","1","50","794","9","50","21054931","v2.0-design-v1.0","62.6","12.3","50.3","96.15494161207633","true","45.696","37.498000000000005","50","37.4","123","300","374","849","615","475","7","85","48","4920","3376","135","1051","358","92","1186","61.5","8","8","1000","1997","3.994","84","5.414358621229224","0","45.6","3.573737373737374","10","615","750"
"1450","BA","1000","2","0.1","30","0.1","0.5","1","legal","targeted","61.478544561701945","7","90.32214691751207","90.32214691751207","75","80","80","fixed","1","1","50","794","10","50","21054932","v2.0-design-v1.0","62","10","52","96.77797305213825","true","47.648","40.51800000000001","50","38","100","300","380","845","615","465","9","82","59","4920","3304","110","1131","375","91","1241","61.5","8","8","1000","1997","3.994","86","5.4143586212292245","0","44.1","3.588888888888889","10","615","750"
"1451","BA","1000","2","0.1","30","0.1","0.5","1","legal","targeted","61.478544561701945","7","90.32214691751207","90.32214691751207","75","80","80","fixed","1","1","50","794","11","50","21054933","v2.0-design-v1.0","62.2","10.6","51.6","96.39373337274608","true","48.11200000000001","40.059999999999995","50","37.8","106","300","378","841","615","463","6","95","51","4920","3261","122","1195","342","101","1317","61.5","8","8","1000","1997","3.994","60","4.520663712376792","0","35.9","3.6717171717171717","10","615","750"
"1452","BA","1000","2","0.1","30","0.1","0.5","1","legal","targeted","61.478544561701945","7","90.32214691751207","90.32214691751207","75","80","80","fixed","1","1","50","794","12","50","21054934","v2.0-design-v1.0","64.4","10.9","53.50000000000001","96.71709962888953","true","45.692","38.376000000000005","50","35.6","109","300","356","836","615","480","10","86","39","4920","3388","115","1080","337","96","1195","61.5","8","8","1000","1997","3.994","82","5.614221538511231","0","47.7","3.5525252525252524","10","615","750"
"1453","BA","1000","2","0.1","30","0.1","0.5","1","legal","targeted","61.478544561701945","7","90.32214691751207","90.32214691751207","75","80","80","fixed","1","1","50","794","13","50","21054935","v2.0-design-v1.0","62.6","11.4","51.2","96.50451500145645","true","48.28400000000001","41.40599999999999","50","37.4","114","300","374","862","615","488","10","75","42","4920","3313","120","1164","323","85","1284","61.5","8","8","1000","1997","3.994","94","5.550024032990008","0","46.5","3.5646464646464646","10","615","750"
"1454","BA","1000","2","0.1","30","0.1","0.5","1","legal","targeted","61.478544561701945","7","90.32214691751207","90.32214691751207","75","80","80","fixed","1","1","50","794","14","50","21054936","v2.0-design-v1.0","63","10.9","52.1","96.53162343340134","true","47.22800000000001","40.079999999999984","50","37","109","300","370","841","615","471","7","101","36","4920","3312","119","1166","323","108","1285","61.5","8","8","1000","1997","3.994","57","4.776900960118671","0","40.1","3.6292929292929292","10","615","750"
"1455","BA","1000","2","0.1","30","0.1","0.5","1","legal","targeted","61.478544561701945","7","90.32214691751207","90.32214691751207","75","80","80","fixed","1","1","50","794","15","50","21054937","v2.0-design-v1.0","63.1","8.9","54.2","97.11764705882354","true","46.66199999999999","40.646","50","36.9","89","300","369","840","615","471","5","95","44","4920","3302","98","1146","374","100","1244","61.5","8","8","1000","1997","3.994","76","5.070668168562756","0","41.5","3.6151515151515152","10","615","750"
"1456","BA","1000","2","0.1","30","0.1","0.5","1","legal","targeted","61.478544561701945","7","90.32214691751207","90.32214691751207","75","80","80","fixed","1","1","50","794","16","50","21054938","v2.0-design-v1.0","63.1","9.1","54","97.1403559964984","true","45.434","39.638","50","36.9","91","300","369","832","615","463","14","93","45","4920","3329","98","1095","398","107","1193","61.5","8","8","1000","1997","3.994","67","5.080923122797637","0","41.7","3.613131313131313","10","615","750"
"1457","BA","1000","2","0.1","30","0.1","0.5","1","legal","targeted","61.478544561701945","7","90.32214691751207","90.32214691751207","75","80","80","fixed","1","1","50","794","17","50","21054939","v2.0-design-v1.0","61.7","10.5","51.2","96.63475485929794","true","47.00399999999998","40.172","50","38.3","105","300","383","845","615","462","6","91","56","4920","3331","116","1100","373","97","1216","61.5","8","8","1000","1997","3.994","91","5.209712574135451","0","42.1","3.609090909090909","10","615","750"
"1458","BA","1000","2","0.1","30","0.1","0.5","1","legal","targeted","61.478544561701945","7","90.32214691751207","90.32214691751207","75","80","80","fixed","1","1","50","794","18","50","21054940","v2.0-design-v1.0","62.2","11.700000000000001","50.5","96.60441426146011","true","46.64000000000001","37.93599999999999","50","37.8","117","300","378","881","615","503","5","59","48","4920","3414","120","1030","356","64","1150","61.5","8","8","1000","1997","3.994","93","5.559394829553915","0","46","3.56969696969697","10","615","750"
"1459","BA","1000","2","0.1","30","0.1","0.5","1","legal","targeted","61.478544561701945","7","90.32214691751207","90.32214691751207","75","80","80","fixed","1","1","50","794","19","50","21054941","v2.0-design-v1.0","62.4","10","52.4","96.83635317802704","true","45.52199999999999","38.79800000000002","50","37.6","100","300","376","830","615","454","18","93","50","4920","3367","110","1082","361","111","1192","61.5","8","8","1000","1997","3.994","118","5.6776932111730085","0","42.3","3.607070707070707","10","615","750"
"1460","BA","1000","2","0.1","30","0.1","0.5","1","legal","targeted","61.478544561701945","7","90.32214691751207","90.32214691751207","75","80","80","fixed","1","1","50","794","20","50","21054942","v2.0-design-v1.0","63.9","9.700000000000001","54.199999999999996","96.98015530629853","true","47.592","41.04199999999999","50","36.1","97","300","361","833","615","472","11","90","42","4920","3372","105","1122","321","101","1227","61.5","8","8","1000","1997","3.994","119","5.675224416018464","0","43.2","3.597979797979798","10","615","750"
"1461","BA","1000","2","0.1","30","0.1","0.5","1","legal","targeted","61.478544561701945","7","90.32214691751207","90.32214691751207","75","80","80","fixed","1","1","50","794","21","50","21054943","v2.0-design-v1.0","64.5","11.200000000000001","53.3","96.38728323699422","true","48.172","41.592","50","35.5","112","300","355","820","615","465","16","97","37","4920","3335","125","1122","338","113","1247","61.5","8","8","1000","1997","3.994","86","5.275205379110058","0","43.9","3.590909090909091","10","615","750"
"1462","BA","1000","2","0.1","30","0.1","0.5","1","legal","targeted","61.478544561701945","7","90.32214691751207","90.32214691751207","75","80","80","fixed","1","1","50","794","22","50","21054944","v2.0-design-v1.0","62.5","11.1","51.4","96.73147365455058","true","43.588","35.68","50","37.5","111","300","375","863","615","488","10","74","43","4920","3433","116","1018","353","84","1134","61.5","8","8","1000","1997","3.994","121","5.8622803012420395","0","45.8","3.5717171717171716","10","615","750"
"1463","BA","1000","2","0.1","30","0.1","0.5","1","legal","targeted","61.478544561701945","7","90.32214691751207","90.32214691751207","75","80","80","fixed","1","1","50","794","23","50","21054945","v2.0-design-v1.0","62.2","11.200000000000001","51","96.47160068846816","true","47.58999999999999","39.847999999999985","50","37.8","112","300","378","844","615","466","9","92","48","4920","3363","123","1090","344","101","1213","61.5","8","8","1000","1997","3.994","108","5.446800127747628","0","41.6","3.614141414141414","10","615","750"
"1464","BA","1000","2","0.1","30","0.1","0.5","1","legal","targeted","61.478544561701945","7","90.32214691751207","90.32214691751207","75","80","80","fixed","1","1","50","794","24","50","21054946","v2.0-design-v1.0","62.2","10.299999999999999","51.900000000000006","96.48345153664303","true","48.51199999999998","42.39800000000001","50","37.8","103","300","378","820","615","442","16","108","49","4920","3265","119","1176","360","124","1295","61.5","8","8","1000","1997","3.994","67","4.891614446365514","0","40.3","3.6272727272727274","10","615","750"
"1465","BA","1000","2","0.1","30","0.1","0.5","1","legal","targeted","61.478544561701945","7","90.32214691751207","90.32214691751207","75","80","80","fixed","1","1","50","794","25","50","21054947","v2.0-design-v1.0","62.6","11.5","51.1","96.40124681212808","true","45.006","37.08999999999999","50","37.4","115","300","374","835","615","461","17","91","46","4920","3402","127","1034","357","108","1161","61.5","8","8","1000","1997","3.994","77","4.888953453027118","0","41","3.6202020202020204","10","615","750"
"1466","BA","1000","2","0.1","30","0.1","0.5","1","legal","targeted","61.478544561701945","7","90.32214691751207","90.32214691751207","75","80","80","fixed","1","1","50","794","26","50","21054948","v2.0-design-v1.0","61.5","10.299999999999999","51.2","96.72368802551465","true","45.914000000000016","38.69400000000002","50","38.5","103","300","385","828","615","443","10","103","59","4920","3336","113","1093","378","113","1206","61.5","8","8","1000","1997","3.994","89","5.222761840371546","0","43.1","3.598989898989899","10","615","750"
"1467","BA","1000","2","0.1","30","0.1","0.5","1","legal","targeted","61.478544561701945","7","90.32214691751207","90.32214691751207","75","80","80","fixed","1","1","50","794","27","50","21054949","v2.0-design-v1.0","62.2","11.3","50.900000000000006","96.4295997696516","true","45.214000000000006","37.246","50","37.8","113","300","378","850","615","472","9","87","47","4920","3349","124","1053","394","96","1177","61.5","8","8","1000","1997","3.994","87","5.372227175466868","0","45.6","3.573737373737374","10","615","750"
"1468","BA","1000","2","0.1","30","0.1","0.5","1","legal","targeted","61.478544561701945","7","90.32214691751207","90.32214691751207","75","80","80","fixed","1","1","50","794","28","50","21054950","v2.0-design-v1.0","63.5","10.4","53.1","96.67431192660551","true","46.40200000000001","39.894","50","36.5","104","300","365","842","615","477","12","79","47","4920","3372","116","1082","350","91","1198","61.5","8","8","1000","1997","3.994","81","5.177332205757007","0","42.1","3.609090909090909","10","615","750"
"1469","BA","1000","2","0.1","30","0.1","0.5","1","legal","targeted","61.478544561701945","7","90.32214691751207","90.32214691751207","75","80","80","fixed","1","1","50","794","29","50","21054951","v2.0-design-v1.0","61","10","51","96.86492821564606","true","46.936000000000014","39.69399999999999","50","39","100","300","390","861","615","471","9","80","55","4920","3306","107","1139","368","89","1246","61.5","8","8","1000","1997","3.994","53","4.891819078205349","0","41.4","3.6161616161616164","10","615","750"
"1470","BA","1000","2","0.1","30","0.1","0.5","1","legal","targeted","61.478544561701945","7","90.32214691751207","90.32214691751207","75","80","80","fixed","1","1","50","794","30","50","21054952","v2.0-design-v1.0","64.1","10.7","53.39999999999999","96.73446004010312","true","46.083999999999996","38.632000000000005","50","35.9","107","300","359","831","615","472","7","100","36","4920","3377","114","1089","340","107","1203","61.5","8","8","1000","1997","3.994","114","5.751264299355486","0","47.1","3.5585858585858587","10","615","750"
"1471","BA","1000","2","0.1","30","0.1","0.5","1","legal","targeted","65.70077000876607","6","99.6148224529924","99.6148224529924","75","80","80","fixed","1","1","50","795","1","50","21055923","v2.0-design-v1.0","74","0.8","73.2","99.76553341148886","true","68.18799999999999","67.748","50","26","8","300","260","260","0","0","0","0","0","5913","3404","8","2487","14","0","2495","0","9","9","1000","1997","3.994","59","4.751267045593039","0","39.1","3.639393939393939","10","657","750"
"1472","BA","1000","2","0.1","30","0.1","0.5","1","legal","targeted","65.70077000876607","6","99.6148224529924","99.6148224529924","75","80","80","fixed","1","1","50","795","2","50","21055924","v2.0-design-v1.0","72.7","1.3","71.4","99.62857142857143","true","65.52199999999999","64.88199999999999","50","27.3","13","300","273","273","0","0","0","0","0","5913","3487","13","2404","9","0","2417","0","9","9","1000","1997","3.994","94","5.2712190003593715","0","42.3","3.607070707070707","10","657","750"
"1473","BA","1000","2","0.1","30","0.1","0.5","1","legal","targeted","65.70077000876607","6","99.6148224529924","99.6148224529924","75","80","80","fixed","1","1","50","795","3","50","21055925","v2.0-design-v1.0","74.9","0.6","74.30000000000001","99.82179982179981","true","67.92800000000001","67.7","50","25.1","6","300","251","251","0","0","0","0","0","5913","3361","6","2535","11","0","2541","0","9","9","1000","1997","3.994","59","4.688063773237501","0","37.7","3.6535353535353536","10","657","750"
"1474","BA","1000","2","0.1","30","0.1","0.5","1","legal","targeted","65.70077000876607","6","99.6148224529924","99.6148224529924","75","80","80","fixed","1","1","50","795","4","50","21055926","v2.0-design-v1.0","71.3","0.8","70.5","99.77515458122541","true","63.641999999999996","63.07","50","28.7","8","300","287","287","0","0","0","0","0","5913","3550","8","2341","14","0","2349","0","9","9","1000","1997","3.994","80","5.1340356759884545","0","41.8","3.6121212121212123","10","657","750"
"1475","BA","1000","2","0.1","30","0.1","0.5","1","legal","targeted","65.70077000876607","6","99.6148224529924","99.6148224529924","75","80","80","fixed","1","1","50","795","5","50","21055927","v2.0-design-v1.0","73.4","0.8","72.60000000000001","99.76669582968796","true","65.76","65.26","50","26.6","8","300","266","266","0","0","0","0","0","5913","3421","8","2468","16","0","2476","0","9","9","1000","1997","3.994","117","5.8383259629837525","0","46.1","3.5686868686868687","10","657","750"
"1476","BA","1000","2","0.1","30","0.1","0.5","1","legal","targeted","65.70077000876607","6","99.6148224529924","99.6148224529924","75","80","80","fixed","1","1","50","795","6","50","21055928","v2.0-design-v1.0","74.3","1","73.3","99.71759390002825","true","65.47000000000001","64.65000000000003","50","25.7","10","300","257","257","0","0","0","0","0","5913","3531","10","2351","21","0","2361","0","9","9","1000","1997","3.994","87","5.619389783734657","0","48.5","3.5444444444444443","10","657","750"
"1477","BA","1000","2","0.1","30","0.1","0.5","1","legal","targeted","65.70077000876607","6","99.6148224529924","99.6148224529924","75","80","80","fixed","1","1","50","795","7","50","21055929","v2.0-design-v1.0","72.3","0.7000000000000001","71.6","99.8019801980198","true","65.44800000000001","65.024","50","27.700000000000003","7","300","277","277","0","0","0","0","0","5913","3528","7","2362","16","0","2369","0","9","9","1000","1997","3.994","91","5.649945653356835","0","47.9","3.5505050505050506","10","657","750"
"1478","BA","1000","2","0.1","30","0.1","0.5","1","legal","targeted","65.70077000876607","6","99.6148224529924","99.6148224529924","75","80","80","fixed","1","1","50","795","8","50","21055930","v2.0-design-v1.0","73.1","0.8","72.3","99.76449808654695","true","67.07000000000002","66.55799999999999","50","26.900000000000002","8","300","269","269","0","0","0","0","0","5913","3389","8","2501","15","0","2509","0","9","9","1000","1997","3.994","61","4.934198041253534","0","41.4","3.6161616161616164","10","657","750"
"1479","BA","1000","2","0.1","30","0.1","0.5","1","legal","targeted","65.70077000876607","6","99.6148224529924","99.6148224529924","75","80","80","fixed","1","1","50","795","9","50","21055931","v2.0-design-v1.0","73.6","0.5","73.1","99.86072423398329","true","64.788","64.58799999999998","50","26.400000000000002","5","300","264","264","0","0","0","0","0","5913","3585","5","2309","14","0","2314","0","9","9","1000","1997","3.994","80","5.4812414659461846","0","46.4","3.5656565656565657","10","657","750"
"1480","BA","1000","2","0.1","30","0.1","0.5","1","legal","targeted","65.70077000876607","6","99.6148224529924","99.6148224529924","75","80","80","fixed","1","1","50","795","10","50","21055932","v2.0-design-v1.0","72.6","1.2","71.39999999999999","99.66517857142857","true","66.46199999999999","65.766","50","27.400000000000002","12","300","274","274","0","0","0","0","0","5913","3572","12","2315","14","0","2327","0","9","9","1000","1997","3.994","66","5.0937127824318695","0","43.2","3.597979797979798","10","657","750"
"1481","BA","1000","2","0.1","30","0.1","0.5","1","legal","targeted","65.70077000876607","6","99.6148224529924","99.6148224529924","75","80","80","fixed","1","1","50","795","11","50","21055933","v2.0-design-v1.0","75.3","1.0999999999999999","74.2","99.6831797235023","true","65.61600000000001","65.15199999999999","50","24.7","11","300","247","247","0","0","0","0","0","5913","3461","11","2425","16","0","2436","0","9","9","1000","1997","3.994","75","5.144553472404613","0","41.3","3.617171717171717","10","657","750"
"1482","BA","1000","2","0.1","30","0.1","0.5","1","legal","targeted","65.70077000876607","6","99.6148224529924","99.6148224529924","75","80","80","fixed","1","1","50","795","12","50","21055934","v2.0-design-v1.0","75.6","1","74.6","99.71743430347556","true","65.26800000000001","64.556","50","24.4","10","300","244","244","0","0","0","0","0","5913","3529","10","2361","13","0","2371","0","9","9","1000","1997","3.994","66","5.025656297561655","0","42","3.61010101010101","10","657","750"
"1483","BA","1000","2","0.1","30","0.1","0.5","1","legal","targeted","65.70077000876607","6","99.6148224529924","99.6148224529924","75","80","80","fixed","1","1","50","795","13","50","21055935","v2.0-design-v1.0","74.7","1.3","73.4","99.6307867083215","true","66.168","65.14399999999999","50","25.3","13","300","253","253","0","0","0","0","0","5913","3508","13","2382","10","0","2395","0","9","9","1000","1997","3.994","62","5.199904134020444","0","44.2","3.587878787878788","10","657","750"
"1484","BA","1000","2","0.1","30","0.1","0.5","1","legal","targeted","65.70077000876607","6","99.6148224529924","99.6148224529924","75","80","80","fixed","1","1","50","795","14","50","21055936","v2.0-design-v1.0","72.5","0.8999999999999999","71.6","99.75069252077562","true","64.92","64.29599999999999","50","27.500000000000004","9","300","275","275","0","0","0","0","0","5913","3601","9","2290","13","0","2299","0","9","9","1000","1997","3.994","72","5.373531319238656","0","44.5","3.584848484848485","10","657","750"
"1485","BA","1000","2","0.1","30","0.1","0.5","1","legal","targeted","65.70077000876607","6","99.6148224529924","99.6148224529924","75","80","80","fixed","1","1","50","795","15","50","21055937","v2.0-design-v1.0","75.3","0.3","75","99.91217798594847","true","66.97000000000001","66.802","50","24.7","3","300","247","247","0","0","0","0","0","5913","3413","3","2486","11","0","2489","0","9","9","1000","1997","3.994","59","4.907550106524429","0","40.8","3.6222222222222222","10","657","750"
"1486","BA","1000","2","0.1","30","0.1","0.5","1","legal","targeted","65.70077000876607","6","99.6148224529924","99.6148224529924","75","80","80","fixed","1","1","50","795","16","50","21055938","v2.0-design-v1.0","77.3","1.3","76","99.57304056114668","true","69.836","69.112","50","22.7","13","300","227","227","0","0","0","0","0","5913","3265","14","2621","13","0","2635","0","9","9","1000","1997","3.994","72","4.663873466949509","0","36.8","3.6626262626262625","10","657","750"
"1487","BA","1000","2","0.1","30","0.1","0.5","1","legal","targeted","65.70077000876607","6","99.6148224529924","99.6148224529924","75","80","80","fixed","1","1","50","795","17","50","21055939","v2.0-design-v1.0","75.9","0.8999999999999999","75","99.73474801061008","true","67.82","67.23200000000003","50","24.099999999999998","9","300","241","241","0","0","0","0","0","5913","3384","9","2503","17","0","2512","0","9","9","1000","1997","3.994","78","4.741988027236085","0","37","3.6606060606060606","10","657","750"
"1488","BA","1000","2","0.1","30","0.1","0.5","1","legal","targeted","65.70077000876607","6","99.6148224529924","99.6148224529924","75","80","80","fixed","1","1","50","795","18","50","21055940","v2.0-design-v1.0","75.3","1.0999999999999999","74.2","99.69040247678018","true","65.87599999999999","65.31599999999999","50","24.7","11","300","247","247","0","0","0","0","0","5913","3542","11","2347","13","0","2358","0","9","9","1000","1997","3.994","64","4.94696234435197","0","42.6","3.604040404040404","10","657","750"
"1489","BA","1000","2","0.1","30","0.1","0.5","1","legal","targeted","65.70077000876607","6","99.6148224529924","99.6148224529924","75","80","80","fixed","1","1","50","795","19","50","21055941","v2.0-design-v1.0","74.6","1.4000000000000001","73.19999999999999","99.5939675174014","true","66.664","65.72","50","25.4","14","300","254","254","0","0","0","0","0","5913","3434","14","2456","9","0","2470","0","9","9","1000","1997","3.994","86","5.344017451554818","0","44.6","3.583838383838384","10","657","750"
"1490","BA","1000","2","0.1","30","0.1","0.5","1","legal","targeted","65.70077000876607","6","99.6148224529924","99.6148224529924","75","80","80","fixed","1","1","50","795","20","50","21055942","v2.0-design-v1.0","74.4","0.8999999999999999","73.5","99.74175035868006","true","66.288","65.76","50","25.6","9","300","256","256","0","0","0","0","0","5913","3476","9","2413","15","0","2422","0","9","9","1000","1997","3.994","78","5.251432332377659","0","43.2","3.597979797979798","10","657","750"
"1491","BA","1000","2","0.1","30","0.1","0.5","1","legal","targeted","65.70077000876607","6","99.6148224529924","99.6148224529924","75","80","80","fixed","1","1","50","795","21","50","21055943","v2.0-design-v1.0","75.8","0.4","75.39999999999999","99.89133387666395","true","63.93000000000001","63.698","50","24.2","4","300","242","242","0","0","0","0","0","5913","3677","4","2213","19","0","2217","0","9","9","1000","1997","3.994","86","6.0038329432130535","0","52.9","3.5","10","657","750"
"1492","BA","1000","2","0.1","30","0.1","0.5","1","legal","targeted","65.70077000876607","6","99.6148224529924","99.6148224529924","75","80","80","fixed","1","1","50","795","22","50","21055944","v2.0-design-v1.0","73.7","0.6","73.10000000000001","99.8298355076574","true","66.12200000000001","65.774","50","26.3","6","300","263","263","0","0","0","0","0","5913","3520","6","2379","8","0","2385","0","9","9","1000","1997","3.994","96","5.634688430935077","0","47.2","3.5575757575757576","10","657","750"
"1493","BA","1000","2","0.1","30","0.1","0.5","1","legal","targeted","65.70077000876607","6","99.6148224529924","99.6148224529924","75","80","80","fixed","1","1","50","795","23","50","21055945","v2.0-design-v1.0","72.9","0.8","72.10000000000001","99.76069398743644","true","67.81800000000003","67.40199999999999","50","27.1","8","300","271","271","0","0","0","0","0","5913","3335","8","2555","15","0","2563","0","9","9","1000","1997","3.994","65","4.907142146305116","0","41.6","3.614141414141414","10","657","750"
"1494","BA","1000","2","0.1","30","0.1","0.5","1","legal","targeted","65.70077000876607","6","99.6148224529924","99.6148224529924","75","80","80","fixed","1","1","50","795","24","50","21055946","v2.0-design-v1.0","74.1","1.2","72.89999999999999","99.66712898751734","true","64.3","63.64000000000001","50","25.900000000000002","12","300","259","259","0","0","0","0","0","5913","3593","12","2290","18","0","2302","0","9","9","1000","1997","3.994","63","5.15796166800108","0","42.9","3.601010101010101","10","657","750"
"1495","BA","1000","2","0.1","30","0.1","0.5","1","legal","targeted","65.70077000876607","6","99.6148224529924","99.6148224529924","75","80","80","fixed","1","1","50","795","25","50","21055947","v2.0-design-v1.0","74.8","1.2","73.6","99.65156794425087","true","67.70599999999999","66.98599999999999","50","25.2","12","300","252","252","0","0","0","0","0","5913","3432","12","2454","15","0","2466","0","9","9","1000","1997","3.994","67","4.740510145167538","0","39.1","3.639393939393939","10","657","750"
"1496","BA","1000","2","0.1","30","0.1","0.5","1","legal","targeted","65.70077000876607","6","99.6148224529924","99.6148224529924","75","80","80","fixed","1","1","50","795","26","50","21055948","v2.0-design-v1.0","71.5","1","70.5","99.71272622809538","true","64.92599999999997","64.39399999999999","50","28.499999999999996","10","300","285","285","0","0","0","0","0","5913","3471","10","2420","12","0","2430","0","9","9","1000","1997","3.994","60","4.967760324597245","0","43","3.6","10","657","750"
"1497","BA","1000","2","0.1","30","0.1","0.5","1","legal","targeted","65.70077000876607","6","99.6148224529924","99.6148224529924","75","80","80","fixed","1","1","50","795","27","50","21055949","v2.0-design-v1.0","73","0.8999999999999999","72.1","99.74853310980721","true","65.03","64.442","50","27","9","300","270","270","0","0","0","0","0","5913","3570","9","2317","17","0","2326","0","9","9","1000","1997","3.994","65","5.4914588335086405","0","47.1","3.5585858585858587","10","657","750"
"1498","BA","1000","2","0.1","30","0.1","0.5","1","legal","targeted","65.70077000876607","6","99.6148224529924","99.6148224529924","75","80","80","fixed","1","1","50","795","28","50","21055950","v2.0-design-v1.0","74.4","0.8999999999999999","73.5","99.74583451002542","true","64.598","64.20200000000001","50","25.6","9","300","256","256","0","0","0","0","0","5913","3532","9","2354","18","0","2363","0","9","9","1000","1997","3.994","75","4.981845319034173","0","41.2","3.618181818181818","10","657","750"
"1499","BA","1000","2","0.1","30","0.1","0.5","1","legal","targeted","65.70077000876607","6","99.6148224529924","99.6148224529924","75","80","80","fixed","1","1","50","795","29","50","21055951","v2.0-design-v1.0","71.4","0.4","71","99.88655700510493","true","65.21","65.01400000000001","50","28.599999999999998","4","300","286","286","0","0","0","0","0","5913","3522","4","2369","18","0","2373","0","9","9","1000","1997","3.994","89","5.548039720905451","0","46.8","3.5616161616161617","10","657","750"
"1500","BA","1000","2","0.1","30","0.1","0.5","1","legal","targeted","65.70077000876607","6","99.6148224529924","99.6148224529924","75","80","80","fixed","1","1","50","795","30","50","21055952","v2.0-design-v1.0","75.5","1.4000000000000001","74.1","99.58133971291866","true","66.178","65.53399999999998","50","24.5","14","300","245","245","0","0","0","0","0","5913","3330","14","2555","14","0","2569","0","9","9","1000","1997","3.994","80","4.66516106128477","0","36.5","3.665656565656566","10","657","750"
