"BehaviorSpace results (NetLogo 6.4.0)","Table version 2.0"
"/Users/linjingyu/Downloads/ABM_revision_v2.0/model/ABM_revision_v2.0.nlogo"
"p4_044_20260922T100350191506Z"
"09/22/2026 18:04:03:403 +0800"
"min-pxcor","max-pxcor","min-pycor","max-pycor"
"-16","16","-16","16"
"[run number]","network-type","num-nodes","ba-m","ws-rewire-prob","p0","beta0","amplification","super-ratio","treatment","targeting-mode","legal-strength","legal-response-time","legal-tpr","legal-tnr","platform-speed","platform-tpr","platform-tnr","platform-workload-mode","demand-kappa","lambda-weight","max-ticks","condition-id","replicate-id","[step]","run-seed","model-version","effectiveness","over-removal-rate","net-effectiveness","removal-precision","precision-defined?","mean-effectiveness","mean-net-effectiveness","observation-count","current-pollution-rate","count-wrongly-removed","initial-polluted-count","pollution-count","polluted-pre-review","step-reviews","step-tp","step-fp","step-tn","step-fn","cumulative-reviews","cumulative-tp","cumulative-fp","cumulative-tn","cumulative-fn","step-clean-reviews","cumulative-clean-reviews","actual-review-coverage","legal-action-opportunities","active-review-steps","network-node-count","network-edge-count","mean-degree","max-degree","degree-sd","count-isolates","mean-super-degree","mean-ordinary-degree","count-super-spreaders","legal-load","audit-load"
"1","BA","1000","2","0.1","30","0.1","0.5","1","platform","targeted","70","5","95","95","83.79961981696688","73.08066832246114","73.08066832246114","fixed","1","1","50","2346","1","50","22606923","v2.0-design-v1.0","100","100","0","4.28986498034524","true","99.44200000000001","8.172","50","0","1000","300","0","0","838","0","223","615","0","41900","502","11200","30028","170","838","41228","83.8","0","50","1000","1997","3.994","77","5.2189272078848825","0","42.7","3.603030303030303","10","700","838"
"2","BA","1000","2","0.1","30","0.1","0.5","1","platform","targeted","70","5","95","95","83.79961981696688","73.08066832246114","73.08066832246114","fixed","1","1","50","2346","2","50","22606924","v2.0-design-v1.0","100","100","0","4.333361767465665","true","99.32600000000001","7.91","50","0","1000","300","0","0","838","0","243","595","0","41900","508","11215","29994","183","838","41209","83.8","0","50","1000","1997","3.994","76","5.205483748995953","0","43.8","3.591919191919192","10","700","838"
"4","BA","1000","2","0.1","30","0.1","0.5","1","platform","targeted","70","5","95","95","83.79961981696688","73.08066832246114","73.08066832246114","fixed","1","1","50","2346","4","50","22606926","v2.0-design-v1.0","100","100","0","4.518613607188703","true","99.45599999999999","8.328000000000001","50","0","1000","300","0","0","838","0","220","618","0","41900","528","11157","30065","150","838","41222","83.8","0","50","1000","1997","3.994","76","4.925263670324882","0","37.6","3.6545454545454548","10","700","838"
"3","BA","1000","2","0.1","30","0.1","0.5","1","platform","targeted","70","5","95","95","83.79961981696688","73.08066832246114","73.08066832246114","fixed","1","1","50","2346","3","50","22606925","v2.0-design-v1.0","100","100","0","4.413145539906103","true","99.41799999999999","8.218","50","0","1000","300","0","0","838","0","223","615","0","41900","517","11198","29999","186","838","41197","83.8","0","50","1000","1997","3.994","72","4.767461871131498","0","37.9","3.6515151515151514","10","700","838"
"6","BA","1000","2","0.1","30","0.1","0.5","1","platform","targeted","70","5","95","95","83.79961981696688","73.08066832246114","73.08066832246114","fixed","1","1","50","2346","6","50","22606928","v2.0-design-v1.0","100","100","0","5.330692387185669","true","99.132","8.1","50","0","1000","300","0","0","838","0","205","633","0","41900","619","10993","30036","252","838","41029","83.8","0","50","1000","1997","3.994","96","5.872516534710705","0","49.6","3.533333333333333","10","700","838"
"5","BA","1000","2","0.1","30","0.1","0.5","1","platform","targeted","70","5","95","95","83.79961981696688","73.08066832246114","73.08066832246114","fixed","1","1","50","2346","5","50","22606927","v2.0-design-v1.0","100","100","0","4.507139170824015","true","99.34","7.957999999999999","50","0","1000","300","0","0","838","0","213","625","0","41900","524","11102","30088","186","838","41190","83.8","0","50","1000","1997","3.994","87","5.531958655536617","0","45.9","3.5707070707070705","10","700","838"
"7","BA","1000","2","0.1","30","0.1","0.5","1","platform","targeted","70","5","95","95","83.79961981696688","73.08066832246114","73.08066832246114","fixed","1","1","50","2346","7","50","22606929","v2.0-design-v1.0","100","100","0","4.255134760377849","true","99.39399999999999","8.612000000000002","50","0","1000","300","0","0","838","0","218","620","0","41900","491","11048","30181","180","838","41229","83.8","0","50","1000","1997","3.994","70","5.329574876889179","0","46.8","3.5616161616161617","10","700","838"
"8","BA","1000","2","0.1","30","0.1","0.5","1","platform","targeted","70","5","95","95","83.79961981696688","73.08066832246114","73.08066832246114","fixed","1","1","50","2346","8","50","22606930","v2.0-design-v1.0","100","100","0","5.191022785677575","true","99.26","7.7580000000000044","50","0","1000","300","0","0","838","0","222","616","0","41900","606","11068","30021","205","838","41089","83.8","0","50","1000","1997","3.994","115","5.8374686328956065","0","49.2","3.5373737373737373","10","700","838"
"10","BA","1000","2","0.1","30","0.1","0.5","1","platform","targeted","70","5","95","95","83.79961981696688","73.08066832246114","73.08066832246114","fixed","1","1","50","2346","10","50","22606932","v2.0-design-v1.0","100","100","0","4.087805721199551","true","99.46600000000001","7.866000000000002","50","0","1000","300","0","0","838","0","224","614","0","41900","473","11098","30183","146","838","41281","83.8","0","50","1000","1997","3.994","73","5.3226209985583415","0","45.9","3.5707070707070705","10","700","838"
"9","BA","1000","2","0.1","30","0.1","0.5","1","platform","targeted","70","5","95","95","83.79961981696688","73.08066832246114","73.08066832246114","fixed","1","1","50","2346","9","50","22606931","v2.0-design-v1.0","100","100","0","4.2817439638700705","true","99.42200000000001","8.491999999999999","50","0","1000","300","0","0","838","0","234","604","0","41900","493","11021","30223","163","838","41244","83.8","0","50","1000","1997","3.994","81","5.232144812535225","0","43.1","3.598989898989899","10","700","838"
"11","BA","1000","2","0.1","30","0.1","0.5","1","platform","targeted","70","5","95","95","83.79961981696688","73.08066832246114","73.08066832246114","fixed","1","1","50","2346","11","50","22606933","v2.0-design-v1.0","100","100","0","4.061348641932996","true","99.456","7.948000000000007","50","0","1000","300","0","0","838","0","240","598","0","41900","474","11197","30070","159","838","41267","83.8","0","50","1000","1997","3.994","76","5.480328274656358","0","46.3","3.566666666666667","10","700","838"
"13","BA","1000","2","0.1","30","0.1","0.5","1","platform","targeted","70","5","95","95","83.79961981696688","73.08066832246114","73.08066832246114","fixed","1","1","50","2346","13","50","22606935","v2.0-design-v1.0","100","100","0","4.310794368155745","true","99.358","8.186000000000002","50","0","1000","300","0","0","838","0","233","605","0","41900","496","11010","30213","181","838","41223","83.8","0","50","1000","1997","3.994","69","4.93967249565842","0","38.7","3.6434343434343432","10","700","838"
"12","BA","1000","2","0.1","30","0.1","0.5","1","platform","targeted","70","5","95","95","83.79961981696688","73.08066832246114","73.08066832246114","fixed","1","1","50","2346","12","50","22606934","v2.0-design-v1.0","100","100","0","4.0933665150605","true","99.462","7.904000000000002","50","0","1000","300","0","0","838","0","259","579","0","41900","477","11176","30094","153","838","41270","83.8","0","50","1000","1997","3.994","80","5.106274379431443","0","42.3","3.607070707070707","10","700","838"
"15","BA","1000","2","0.1","30","0.1","0.5","1","platform","targeted","70","5","95","95","83.79961981696688","73.08066832246114","73.08066832246114","fixed","1","1","50","2346","15","50","22606937","v2.0-design-v1.0","100","100","0","4.558380008616975","true","99.304","8.35","50","0","1000","300","0","0","838","0","223","615","0","41900","529","11076","30097","198","838","41173","83.8","0","50","1000","1997","3.994","84","5.523628741549743","0","46","3.56969696969697","10","700","838"
"14","BA","1000","2","0.1","30","0.1","0.5","1","platform","targeted","70","5","95","95","83.79961981696688","73.08066832246114","73.08066832246114","fixed","1","1","50","2346","14","50","22606936","v2.0-design-v1.0","100","100","0","4.102962771011488","true","99.39399999999999","7.476000000000002","50","0","1000","300","0","0","838","0","212","626","0","41900","475","11102","30147","176","838","41249","83.8","0","50","1000","1997","3.994","92","5.392870019483778","0","44.8","3.581818181818182","10","700","838"
"16","BA","1000","2","0.1","30","0.1","0.5","1","platform","targeted","70","5","95","95","83.79961981696688","73.08066832246114","73.08066832246114","fixed","1","1","50","2346","16","50","22606938","v2.0-design-v1.0","100","100","0","4.503660820704921","true","99.34200000000001","8.576000000000004","50","0","1000","300","0","0","838","0","247","591","0","41900","529","11217","29962","192","838","41179","83.8","0","50","1000","1997","3.994","95","5.4014015902485015","0","45.2","3.577777777777778","10","700","838"
"17","BA","1000","2","0.1","30","0.1","0.5","1","platform","targeted","70","5","95","95","83.79961981696688","73.08066832246114","73.08066832246114","fixed","1","1","50","2346","17","50","22606939","v2.0-design-v1.0","100","100","0","4.318418314255983","true","99.412","7.774000000000005","50","0","1000","300","0","0","838","0","207","631","0","41900","498","11034","30195","173","838","41229","83.8","0","50","1000","1997","3.994","119","6.699017901218143","0","54","3.488888888888889","10","700","838"
"18","BA","1000","2","0.1","30","0.1","0.5","1","platform","targeted","70","5","95","95","83.79961981696688","73.08066832246114","73.08066832246114","fixed","1","1","50","2346","18","50","22606940","v2.0-design-v1.0","100","100","0","4.441786965063637","true","99.354","8.036000000000001","50","0","1000","300","0","0","838","0","244","594","0","41900","520","11187","30001","192","838","41188","83.8","0","50","1000","1997","3.994","61","5.018081819295601","0","43.1","3.598989898989899","10","700","838"
"19","BA","1000","2","0.1","30","0.1","0.5","1","platform","targeted","70","5","95","95","83.79961981696688","73.08066832246114","73.08066832246114","fixed","1","1","50","2346","19","50","22606941","v2.0-design-v1.0","100","100","0","5.349512903777132","true","99.256","8.332000000000003","50","0","1000","300","0","0","838","0","218","620","0","41900","626","11076","29974","224","838","41050","83.8","0","50","1000","1997","3.994","129","6.0881055369490245","0","47.7","3.5525252525252524","10","700","838"
"21","BA","1000","2","0.1","30","0.1","0.5","1","platform","targeted","70","5","95","95","83.79961981696688","73.08066832246114","73.08066832246114","fixed","1","1","50","2346","21","50","22606943","v2.0-design-v1.0","100","100","0","4.835373211515256","true","99.29799999999999","7.865999999999999","50","0","1000","300","0","0","838","0","221","617","0","41900","561","11041","30073","225","838","41114","83.8","0","50","1000","1997","3.994","119","6.014327571402848","0","49.4","3.5353535353535355","10","700","838"
"20","BA","1000","2","0.1","30","0.1","0.5","1","platform","targeted","70","5","95","95","83.79961981696688","73.08066832246114","73.08066832246114","fixed","1","1","50","2346","20","50","22606942","v2.0-design-v1.0","100","100","0","4.400724825265337","true","99.29","7.904","50","0","1000","300","0","0","838","0","237","601","0","41900","510","11079","30101","210","838","41180","83.8","0","50","1000","1997","3.994","61","4.742199115647964","0","39.3","3.6373737373737374","10","700","838"
"22","BA","1000","2","0.1","30","0.1","0.5","1","platform","targeted","70","5","95","95","83.79961981696688","73.08066832246114","73.08066832246114","fixed","1","1","50","2346","22","50","22606944","v2.0-design-v1.0","100","100","0","5.545096696902276","true","99.156","8.121999999999998","50","0","1000","300","0","0","838","0","236","602","0","41900","648","11038","29964","250","838","41002","83.8","0","50","1000","1997","3.994","94","5.701269022635958","0","49.3","3.536363636363636","10","700","838"
"24","BA","1000","2","0.1","30","0.1","0.5","1","platform","targeted","70","5","95","95","83.79961981696688","73.08066832246114","73.08066832246114","fixed","1","1","50","2346","24","50","22606946","v2.0-design-v1.0","100","100","0","4.621776008308811","true","99.31200000000001","8.090000000000002","50","0","1000","300","0","0","838","0","253","585","0","41900","534","11020","30139","207","838","41159","83.8","0","50","1000","1997","3.994","53","4.753373387243895","0","38.8","3.6424242424242426","10","700","838"
"23","BA","1000","2","0.1","30","0.1","0.5","1","platform","targeted","70","5","95","95","83.79961981696688","73.08066832246114","73.08066832246114","fixed","1","1","50","2346","23","50","22606945","v2.0-design-v1.0","100","100","0","4.102207543890144","true","99.416","8.508","50","0","1000","300","0","0","838","0","224","614","0","41900","472","11034","30218","176","838","41252","83.8","0","50","1000","1997","3.994","85","5.3684993047205225","0","44.5","3.584848484848485","10","700","838"
"25","BA","1000","2","0.1","30","0.1","0.5","1","platform","targeted","70","5","95","95","83.79961981696688","73.08066832246114","73.08066832246114","fixed","1","1","50","2346","25","50","22606947","v2.0-design-v1.0","100","100","0","4.403164774681803","true","99.286","8.018000000000002","50","0","1000","300","0","0","838","0","218","620","0","41900","512","11116","30082","190","838","41198","83.8","0","50","1000","1997","3.994","79","5.08919088498985","0","42.2","3.608080808080808","10","700","838"
"26","BA","1000","2","0.1","30","0.1","0.5","1","platform","targeted","70","5","95","95","83.79961981696688","73.08066832246114","73.08066832246114","fixed","1","1","50","2346","26","50","22606948","v2.0-design-v1.0","100","100","0","4.356792987883475","true","99.352","7.892","50","0","1000","300","0","0","838","0","228","610","0","41900","507","11130","30071","192","838","41201","83.8","0","50","1000","1997","3.994","97","5.598151775658034","0","48","3.5494949494949495","10","700","838"
"27","BA","1000","2","0.1","30","0.1","0.5","1","platform","targeted","70","5","95","95","83.79961981696688","73.08066832246114","73.08066832246114","fixed","1","1","50","2346","27","50","22606949","v2.0-design-v1.0","100","100","0","4.59859033866254","true","99.42200000000001","7.667999999999999","50","0","1000","300","0","0","838","0","200","638","0","41900","535","11099","30086","180","838","41185","83.8","0","50","1000","1997","3.994","127","5.858351669564095","0","45.9","3.5707070707070705","10","700","838"
"28","BA","1000","2","0.1","30","0.1","0.5","1","platform","targeted","70","5","95","95","83.79961981696688","73.08066832246114","73.08066832246114","fixed","1","1","50","2346","28","50","22606950","v2.0-design-v1.0","100","100","0","5.0273130761352","true","99.344","8.160000000000002","50","0","1000","300","0","0","838","0","234","604","0","41900","589","11127","30001","183","838","41128","83.8","0","50","1000","1997","3.994","100","5.760829033320729","0","48.6","3.5434343434343436","10","700","838"
"29","BA","1000","2","0.1","30","0.1","0.5","1","platform","targeted","70","5","95","95","83.79961981696688","73.08066832246114","73.08066832246114","fixed","1","1","50","2346","29","50","22606951","v2.0-design-v1.0","100","100","0","5.1967015976636315","true","99.226","8.006000000000002","50","0","1000","300","0","0","838","0","214","624","0","41900","605","11037","30022","236","838","41059","83.8","0","50","1000","1997","3.994","82","5.4197174591797","0","45.8","3.5717171717171716","10","700","838"
"30","BA","1000","2","0.1","30","0.1","0.5","1","platform","targeted","70","5","95","95","83.79961981696688","73.08066832246114","73.08066832246114","fixed","1","1","50","2346","30","50","22606952","v2.0-design-v1.0","100","100","0","4.187990446946435","true","99.42200000000001","7.996000000000001","50","0","1000","300","0","0","838","0","222","616","0","41900","491","11233","30019","157","838","41252","83.8","0","50","1000","1997","3.994","103","5.334643607816956","0","42","3.61010101010101","10","700","838"
"31","BA","1000","2","0.1","30","0.1","0.5","1","platform","targeted","70","5","95","95","39.46260617549495","91.33375579007657","91.33375579007657","fixed","1","1","50","2347","1","50","22607923","v2.0-design-v1.0","78.3","45.300000000000004","32.99999999999999","58.14216935712263","true","79.77199999999999","47.029999999999994","50","21.7","453","300","217","245","395","28","33","332","2","19750","2053","1478","16036","183","365","17514","39.5","0","50","1000","1997","3.994","77","4.972593959966022","0","41","3.6202020202020204","10","700","395"
"32","BA","1000","2","0.1","30","0.1","0.5","1","platform","targeted","70","5","95","95","39.46260617549495","91.33375579007657","91.33375579007657","fixed","1","1","50","2347","2","50","22607924","v2.0-design-v1.0","76","44.9","31.1","59.54780713701988","true","77.57","44.37599999999998","50","24","449","300","240","282","395","42","31","318","4","19750","2186","1485","15850","229","349","17335","39.5","0","50","1000","1997","3.994","86","5.101567405218707","0","41","3.6202020202020204","10","700","395"
"33","BA","1000","2","0.1","30","0.1","0.5","1","platform","targeted","70","5","95","95","39.46260617549495","91.33375579007657","91.33375579007657","fixed","1","1","50","2347","3","50","22607925","v2.0-design-v1.0","77.3","45.7","31.599999999999994","57.59475634083785","true","79.59600000000002","46.897999999999996","50","22.7","457","300","227","271","395","44","29","317","5","19750","2021","1488","16069","172","346","17557","39.5","0","50","1000","1997","3.994","100","5.4162070953111865","0","43.4","3.595959595959596","10","700","395"
"34","BA","1000","2","0.1","30","0.1","0.5","1","platform","targeted","70","5","95","95","39.46260617549495","91.33375579007657","91.33375579007657","fixed","1","1","50","2347","4","50","22607926","v2.0-design-v1.0","76.6","46.400000000000006","30.19999999999999","57.66362883181442","true","78.788","45.196000000000005","50","23.400000000000002","464","300","234","268","395","34","18","342","1","19750","2088","1533","15944","185","360","17477","39.5","0","50","1000","1997","3.994","91","6.047854209597057","0","51.6","3.5131313131313133","10","700","395"
"35","BA","1000","2","0.1","30","0.1","0.5","1","platform","targeted","70","5","95","95","39.46260617549495","91.33375579007657","91.33375579007657","fixed","1","1","50","2347","5","50","22607927","v2.0-design-v1.0","76.9","46.7","30.200000000000003","59.64535196131112","true","78.11399999999999","44.75200000000001","50","23.1","467","300","231","269","395","38","26","328","3","19750","2220","1502","15823","205","354","17325","39.5","0","50","1000","1997","3.994","70","5.074220305791977","0","43","3.6","10","700","395"
"36","BA","1000","2","0.1","30","0.1","0.5","1","platform","targeted","70","5","95","95","39.46260617549495","91.33375579007657","91.33375579007657","fixed","1","1","50","2347","6","50","22607928","v2.0-design-v1.0","77.2","45.2","32","58.23545479377219","true","78.84799999999998","45.216000000000015","50","22.8","452","300","228","273","395","45","25","323","2","19750","2132","1529","15895","194","348","17424","39.5","0","50","1000","1997","3.994","101","5.326193043096754","0","44","3.5898989898989897","10","700","395"
"37","BA","1000","2","0.1","30","0.1","0.5","1","platform","targeted","70","5","95","95","39.46260617549495","91.33375579007657","91.33375579007657","fixed","1","1","50","2347","7","50","22607929","v2.0-design-v1.0","77.6","46","31.599999999999994","59.6756459593183","true","78.50200000000001","44.828","50","22.400000000000002","460","300","224","259","395","35","27","330","3","19750","2171","1467","15886","226","357","17353","39.5","0","50","1000","1997","3.994","68","4.9866653016651075","0","41.1","3.6191919191919193","10","700","395"
"38","BA","1000","2","0.1","30","0.1","0.5","1","platform","targeted","70","5","95","95","39.46260617549495","91.33375579007657","91.33375579007657","fixed","1","1","50","2347","8","50","22607930","v2.0-design-v1.0","74.2","45.5","28.700000000000003","59.664089576113035","true","76.68999999999998","43.638000000000005","50","25.8","455","300","258","290","395","32","32","327","4","19750","2238","1513","15763","236","359","17276","39.5","0","50","1000","1997","3.994","84","5.470456095234635","0","44.6","3.583838383838384","10","700","395"
"39","BA","1000","2","0.1","30","0.1","0.5","1","platform","targeted","70","5","95","95","39.46260617549495","91.33375579007657","91.33375579007657","fixed","1","1","50","2347","9","50","22607931","v2.0-design-v1.0","76.8","46.2","30.599999999999994","57.39036275040606","true","78.94","45.393999999999984","50","23.200000000000003","462","300","232","275","395","43","32","319","1","19750","2120","1574","15892","164","351","17466","39.5","0","50","1000","1997","3.994","99","5.219886130100075","0","41.5","3.6151515151515152","10","700","395"
"40","BA","1000","2","0.1","30","0.1","0.5","1","platform","targeted","70","5","95","95","39.46260617549495","91.33375579007657","91.33375579007657","fixed","1","1","50","2347","10","50","22607932","v2.0-design-v1.0","77.2","45.2","32","58.27832783278328","true","78.99999999999999","45.222000000000016","50","22.8","452","300","228","269","395","41","29","320","5","19750","2119","1517","15914","200","349","17431","39.5","0","50","1000","1997","3.994","76","4.820705674815993","0","36.9","3.6616161616161618","10","700","395"
"41","BA","1000","2","0.1","30","0.1","0.5","1","platform","targeted","70","5","95","95","39.46260617549495","91.33375579007657","91.33375579007657","fixed","1","1","50","2347","11","50","22607933","v2.0-design-v1.0","74.8","45.800000000000004","28.999999999999993","61.777535441657584","true","77.296","44.02000000000001","50","25.2","458","300","252","293","395","41","25","324","5","19750","2266","1402","15863","219","349","17265","39.5","0","50","1000","1997","3.994","124","5.723523628213886","0","43.7","3.592929292929293","10","700","395"
"42","BA","1000","2","0.1","30","0.1","0.5","1","platform","targeted","70","5","95","95","39.46260617549495","91.33375579007657","91.33375579007657","fixed","1","1","50","2347","12","50","22607934","v2.0-design-v1.0","75.8","46.800000000000004","28.999999999999993","60.18136850783182","true","78.21400000000001","44.44","50","24.2","468","300","242","289","395","47","27","319","2","19750","2190","1449","15908","203","346","17357","39.5","0","50","1000","1997","3.994","106","5.727195191781462","0","47.8","3.5515151515151517","10","700","395"
"44","BA","1000","2","0.1","30","0.1","0.5","1","platform","targeted","70","5","95","95","39.46260617549495","91.33375579007657","91.33375579007657","fixed","1","1","50","2347","14","50","22607936","v2.0-design-v1.0","74.6","46.2","28.39999999999999","59.914484233030464","true","77.414","43.044000000000004","50","25.4","462","300","254","300","395","46","30","315","4","19750","2242","1500","15808","200","345","17308","39.5","0","50","1000","1997","3.994","84","5.467893731763794","0","45","3.5797979797979798","10","700","395"
"43","BA","1000","2","0.1","30","0.1","0.5","1","platform","targeted","70","5","95","95","39.46260617549495","91.33375579007657","91.33375579007657","fixed","1","1","50","2347","13","50","22607935","v2.0-design-v1.0","74.2","46","28.200000000000003","59.364052815952576","true","76.442","42.61","50","25.8","460","300","258","287","395","29","30","334","2","19750","2203","1508","15846","193","364","17354","39.5","0","50","1000","1997","3.994","143","6.462331291857918","0","49.2","3.5373737373737373","10","700","395"
"45","BA","1000","2","0.1","30","0.1","0.5","1","platform","targeted","70","5","95","95","39.46260617549495","91.33375579007657","91.33375579007657","fixed","1","1","50","2347","15","50","22607937","v2.0-design-v1.0","74.7","45.800000000000004","28.9","59.88953182535508","true","77.07600000000001","43.99800000000001","50","25.3","458","300","253","301","395","48","21","324","2","19750","2277","1525","15746","202","345","17271","39.5","0","50","1000","1997","3.994","57","4.719771206344662","0","40.5","3.625252525252525","10","700","395"
"47","BA","1000","2","0.1","30","0.1","0.5","1","platform","targeted","70","5","95","95","39.46260617549495","91.33375579007657","91.33375579007657","fixed","1","1","50","2347","17","50","22607939","v2.0-design-v1.0","74.3","46.1","28.199999999999996","60.33653846153846","true","77.61399999999999","42.99799999999999","50","25.7","461","300","257","298","395","41","27","326","1","19750","2259","1485","15784","222","353","17269","39.5","0","50","1000","1997","3.994","116","5.7989302109606","0","49.2","3.5373737373737373","10","700","395"
"46","BA","1000","2","0.1","30","0.1","0.5","1","platform","targeted","70","5","95","95","39.46260617549495","91.33375579007657","91.33375579007657","fixed","1","1","50","2347","16","50","22607938","v2.0-design-v1.0","77.5","46.5","31","57.81161872532431","true","79.334","45.821999999999996","50","22.5","465","300","225","268","395","43","23","326","3","19750","2050","1496","16014","190","349","17510","39.5","0","50","1000","1997","3.994","52","4.569118168841853","0","35.5","3.675757575757576","10","700","395"
"48","BA","1000","2","0.1","30","0.1","0.5","1","platform","targeted","70","5","95","95","39.46260617549495","91.33375579007657","91.33375579007657","fixed","1","1","50","2347","18","50","22607940","v2.0-design-v1.0","76.5","46","30.5","59.15221579961464","true","78.78000000000002","45.81199999999999","50","23.5","460","300","235","286","395","51","35","305","4","19750","2149","1484","15913","204","340","17397","39.5","0","50","1000","1997","3.994","66","4.965744921220035","0","41.8","3.6121212121212123","10","700","395"
"49","BA","1000","2","0.1","30","0.1","0.5","1","platform","targeted","70","5","95","95","39.46260617549495","91.33375579007657","91.33375579007657","fixed","1","1","50","2347","19","50","22607941","v2.0-design-v1.0","74.6","46.2","28.39999999999999","59.732824427480914","true","78.68200000000002","45.874","50","25.4","462","300","254","303","395","49","33","307","6","19750","2191","1477","15889","193","340","17366","39.5","0","50","1000","1997","3.994","100","5.408624336854717","0","44","3.5898989898989897","10","700","395"
"50","BA","1000","2","0.1","30","0.1","0.5","1","platform","targeted","70","5","95","95","39.46260617549495","91.33375579007657","91.33375579007657","fixed","1","1","50","2347","20","50","22607942","v2.0-design-v1.0","72.8","45.6","27.199999999999996","60.03793010024384","true","77.06800000000003","43.042","50","27.200000000000003","456","300","272","321","395","49","30","310","6","19750","2216","1475","15809","250","340","17284","39.5","0","50","1000","1997","3.994","68","4.907754073917106","0","39.7","3.6333333333333333","10","700","395"
"51","BA","1000","2","0.1","30","0.1","0.5","1","platform","targeted","70","5","95","95","39.46260617549495","91.33375579007657","91.33375579007657","fixed","1","1","50","2347","21","50","22607943","v2.0-design-v1.0","77.9","47.199999999999996","30.70000000000001","55.98278335724534","true","79.62199999999999","45.394000000000005","50","22.1","472","300","221","257","395","36","28","325","6","19750","1951","1534","16101","164","353","17635","39.5","0","50","1000","1997","3.994","89","5.443307229395885","0","44.5","3.584848484848485","10","700","395"
"53","BA","1000","2","0.1","30","0.1","0.5","1","platform","targeted","70","5","95","95","39.46260617549495","91.33375579007657","91.33375579007657","fixed","1","1","50","2347","23","50","22607945","v2.0-design-v1.0","73.7","45.7","28","60.46573167504631","true","77.76400000000001","44.468","50","26.3","457","300","263","306","395","43","21","325","6","19750","2285","1494","15724","247","346","17218","39.5","0","50","1000","1997","3.994","76","4.863086840023889","0","39.1","3.639393939393939","10","700","395"
"52","BA","1000","2","0.1","30","0.1","0.5","1","platform","targeted","70","5","95","95","39.46260617549495","91.33375579007657","91.33375579007657","fixed","1","1","50","2347","22","50","22607944","v2.0-design-v1.0","76.7","46.7","30","59.71769815418024","true","78.606","45.09000000000001","50","23.3","467","300","233","280","395","47","27","317","4","19750","2200","1484","15868","198","344","17352","39.5","0","50","1000","1997","3.994","75","5.1215421695221925","0","43","3.6","10","700","395"
"54","BA","1000","2","0.1","30","0.1","0.5","1","platform","targeted","70","5","95","95","39.46260617549495","91.33375579007657","91.33375579007657","fixed","1","1","50","2347","24","50","22607946","v2.0-design-v1.0","77.7","46.1","31.6","56.42188829033172","true","79.874","45.39","50","22.3","461","300","223","261","395","38","34","318","5","19750","1990","1537","16047","176","352","17584","39.5","0","50","1000","1997","3.994","86","4.962115132338883","0","38.5","3.6454545454545455","10","700","395"
"55","BA","1000","2","0.1","30","0.1","0.5","1","platform","targeted","70","5","95","95","39.46260617549495","91.33375579007657","91.33375579007657","fixed","1","1","50","2347","25","50","22607947","v2.0-design-v1.0","77.4","46.6","30.800000000000004","58.34036568213783","true","79.64399999999999","46.43000000000001","50","22.6","466","300","226","269","395","43","26","321","5","19750","2074","1481","16004","191","347","17485","39.5","0","50","1000","1997","3.994","105","5.368499304720519","0","43.1","3.598989898989899","10","700","395"
"57","BA","1000","2","0.1","30","0.1","0.5","1","platform","targeted","70","5","95","95","39.46260617549495","91.33375579007657","91.33375579007657","fixed","1","1","50","2347","27","50","22607949","v2.0-design-v1.0","76.1","45.800000000000004","30.29999999999999","57.53655793025872","true","79.27599999999998","47.150000000000006","50","23.9","458","300","239","292","395","53","35","303","4","19750","2046","1510","16005","189","338","17515","39.5","0","50","1000","1997","3.994","120","5.676635287579088","0","46.9","3.5606060606060606","10","700","395"
"56","BA","1000","2","0.1","30","0.1","0.5","1","platform","targeted","70","5","95","95","39.46260617549495","91.33375579007657","91.33375579007657","fixed","1","1","50","2347","26","50","22607948","v2.0-design-v1.0","79.2","46.400000000000006","32.8","56.812411847672784","true","80.214","47.03800000000001","50","20.8","464","300","208","242","395","34","29","330","2","19750","2014","1531","16021","184","359","17552","39.5","0","50","1000","1997","3.994","72","4.915091262847724","0","41.7","3.613131313131313","10","700","395"
"58","BA","1000","2","0.1","30","0.1","0.5","1","platform","targeted","70","5","95","95","39.46260617549495","91.33375579007657","91.33375579007657","fixed","1","1","50","2347","28","50","22607950","v2.0-design-v1.0","74","45.2","28.799999999999997","60.67538126361656","true","77.474","44.62400000000002","50","26","452","300","260","302","395","42","24","322","7","19750","2228","1444","15861","217","346","17305","39.5","0","50","1000","1997","3.994","66","4.969170620602254","0","42.1","3.609090909090909","10","700","395"
"59","BA","1000","2","0.1","30","0.1","0.5","1","platform","targeted","70","5","95","95","39.46260617549495","91.33375579007657","91.33375579007657","fixed","1","1","50","2347","29","50","22607951","v2.0-design-v1.0","75.8","46.5","29.299999999999997","59.69331872946331","true","78.31399999999998","44.62200000000001","50","24.2","465","300","242","294","395","52","27","311","5","19750","2180","1472","15871","227","338","17343","39.5","0","50","1000","1997","3.994","71","5.008897388952278","0","42.2","3.608080808080808","10","700","395"
"60","BA","1000","2","0.1","30","0.1","0.5","1","platform","targeted","70","5","95","95","39.46260617549495","91.33375579007657","91.33375579007657","fixed","1","1","50","2347","30","50","22607952","v2.0-design-v1.0","75.9","46.2","29.700000000000003","58.09039850227333","true","78.75999999999998","44.972","50","24.099999999999998","462","300","241","280","395","39","23","328","5","19750","2172","1567","15798","213","351","17365","39.5","0","50","1000","1997","3.994","74","5.046923363340812","0","41","3.6202020202020204","10","700","395"
"61","BA","1000","2","0.1","30","0.1","0.5","1","platform","targeted","70","5","95","95","55.40381737149129","61.30453425263411","61.30453425263411","fixed","1","1","50","2348","1","50","22608923","v2.0-design-v1.0","80.5","77.10000000000001","3.3999999999999915","22.686695278969957","true","80.38","17.327999999999996","50","19.5","771","300","195","237","554","42","186","293","33","27700","2643","9007","14307","1743","479","23314","55.4","0","50","1000","1997","3.994","84","5.244756569324394","0","44.9","3.580808080808081","10","700","554"
"62","BA","1000","2","0.1","30","0.1","0.5","1","platform","targeted","70","5","95","95","55.40381737149129","61.30453425263411","61.30453425263411","fixed","1","1","50","2348","2","50","22608924","v2.0-design-v1.0","89.9","85.9","4","19.235468668179436","true","86.096","17.786000000000005","50","10.100000000000001","859","300","101","137","554","36","191","305","22","27700","2204","9254","14853","1389","496","24107","55.4","0","50","1000","1997","3.994","80","5.36103578655325","0","45.9","3.5707070707070705","10","700","554"
"63","BA","1000","2","0.1","30","0.1","0.5","1","platform","targeted","70","5","95","95","55.40381737149129","61.30453425263411","61.30453425263411","fixed","1","1","50","2348","3","50","22608925","v2.0-design-v1.0","87.1","86.3","0.7999999999999972","22.12244193074864","true","84.15","14.904000000000002","50","12.9","863","300","129","181","554","52","178","287","37","27700","2562","9019","14440","1679","465","23459","55.4","0","50","1000","1997","3.994","90","5.489088639664514","0","46.8","3.5616161616161617","10","700","554"
"64","BA","1000","2","0.1","30","0.1","0.5","1","platform","targeted","70","5","95","95","55.40381737149129","61.30453425263411","61.30453425263411","fixed","1","1","50","2348","4","50","22608926","v2.0-design-v1.0","91.2","87.1","4.1000000000000085","20.299715786753943","true","85.61599999999999","14.628000000000009","50","8.799999999999999","871","300","88","115","554","27","208","301","18","27700","2357","9254","14629","1460","509","23883","55.4","0","50","1000","1997","3.994","73","5.371295450337352","0","45.8","3.5717171717171716","10","700","554"
"65","BA","1000","2","0.1","30","0.1","0.5","1","platform","targeted","70","5","95","95","55.40381737149129","61.30453425263411","61.30453425263411","fixed","1","1","50","2348","5","50","22608927","v2.0-design-v1.0","86.6","90","-3.4000000000000057","22.070681077371763","true","84.18600000000002","11.702","50","13.4","900","300","134","181","554","47","183","301","23","27700","2573","9085","14320","1722","484","23405","55.4","0","50","1000","1997","3.994","73","5.122910130795592","0","42.9","3.601010101010101","10","700","554"
"66","BA","1000","2","0.1","30","0.1","0.5","1","platform","targeted","70","5","95","95","55.40381737149129","61.30453425263411","61.30453425263411","fixed","1","1","50","2348","6","50","22608928","v2.0-design-v1.0","92.6","89.3","3.299999999999997","18.622071248149116","true","87.40199999999999","17.058000000000003","50","7.3999999999999995","893","300","74","102","554","28","187","321","18","27700","2138","9343","14892","1327","508","24235","55.4","0","50","1000","1997","3.994","83","5.272168411551333","0","45.4","3.5757575757575757","10","700","554"
"67","BA","1000","2","0.1","30","0.1","0.5","1","platform","targeted","70","5","95","95","55.40381737149129","61.30453425263411","61.30453425263411","fixed","1","1","50","2348","7","50","22608929","v2.0-design-v1.0","88.9","88.3","0.6000000000000085","19.93432990581526","true","85.68800000000002","14.631999999999998","50","11.1","883","300","111","147","554","36","191","306","21","27700","2307","9266","14677","1450","497","23943","55.4","0","50","1000","1997","3.994","70","5.12310552401667","0","42.5","3.605050505050505","10","700","554"
"69","BA","1000","2","0.1","30","0.1","0.5","1","platform","targeted","70","5","95","95","55.40381737149129","61.30453425263411","61.30453425263411","fixed","1","1","50","2348","9","50","22608931","v2.0-design-v1.0","87.8","88.6","-0.7999999999999972","19.665598198042105","true","85.936","13.958000000000002","50","12.2","886","300","122","164","554","42","188","298","26","27700","2270","9273","14663","1494","486","23936","55.4","0","50","1000","1997","3.994","68","5.1439697145710666","0","43.6","3.5939393939393938","10","700","554"
"68","BA","1000","2","0.1","30","0.1","0.5","1","platform","targeted","70","5","95","95","55.40381737149129","61.30453425263411","61.30453425263411","fixed","1","1","50","2348","8","50","22608930","v2.0-design-v1.0","93.7","87.2","6.5","17.611653872993717","true","87.986","17.829999999999995","50","6.3","872","300","63","78","554","15","197","336","6","27700","2019","9445","15039","1197","533","24484","55.4","0","50","1000","1997","3.994","91","5.51474173251806","0","46.3","3.566666666666667","10","700","554"
"70","BA","1000","2","0.1","30","0.1","0.5","1","platform","targeted","70","5","95","95","55.40381737149129","61.30453425263411","61.30453425263411","fixed","1","1","50","2348","10","50","22608932","v2.0-design-v1.0","90","91.8","-1.7999999999999972","16.657913165266105","true","89.21800000000002","15.610000000000005","50","10","918","300","100","133","554","33","172","331","18","27700","1903","9521","15089","1187","503","24610","55.4","0","50","1000","1997","3.994","76","5.0826959182895965","0","43","3.6","10","700","554"
"71","BA","1000","2","0.1","30","0.1","0.5","1","platform","targeted","70","5","95","95","55.40381737149129","61.30453425263411","61.30453425263411","fixed","1","1","50","2348","11","50","22608933","v2.0-design-v1.0","87.5","85","2.5","19.31550988417661","true","85.70200000000001","17.316000000000003","50","12.5","850","300","125","170","554","45","167","308","34","27700","2218","9265","14770","1447","475","24035","55.4","0","50","1000","1997","3.994","64","4.65119313699157","0","37","3.6606060606060606","10","700","554"
"73","BA","1000","2","0.1","30","0.1","0.5","1","platform","targeted","70","5","95","95","55.40381737149129","61.30453425263411","61.30453425263411","fixed","1","1","50","2348","13","50","22608935","v2.0-design-v1.0","87.9","87","0.9000000000000057","19.510309278350515","true","85.85399999999998","16.695999999999998","50","12.1","870","300","121","149","554","28","199","305","22","27700","2271","9369","14610","1450","504","23979","55.4","0","50","1000","1997","3.994","58","5.028643082507561","0","42.1","3.609090909090909","10","700","554"
"72","BA","1000","2","0.1","30","0.1","0.5","1","platform","targeted","70","5","95","95","55.40381737149129","61.30453425263411","61.30453425263411","fixed","1","1","50","2348","12","50","22608934","v2.0-design-v1.0","86.5","80.10000000000001","6.3999999999999915","21.292130061974703","true","82.80199999999999","17.292","50","13.5","801","300","135","177","554","42","191","301","20","27700","2508","9271","14365","1556","492","23636","55.4","0","50","1000","1997","3.994","77","5.029837299879904","0","39.8","3.632323232323232","10","700","554"
"74","BA","1000","2","0.1","30","0.1","0.5","1","platform","targeted","70","5","95","95","55.40381737149129","61.30453425263411","61.30453425263411","fixed","1","1","50","2348","14","50","22608936","v2.0-design-v1.0","92.1","91.5","0.5999999999999943","18.082503058905786","true","88.00200000000002","15.238","50","7.9","915","300","79","113","554","34","199","306","15","27700","2069","9373","15034","1224","505","24407","55.4","0","50","1000","1997","3.994","62","4.880961768728343","0","41","3.6202020202020204","10","700","554"
"75","BA","1000","2","0.1","30","0.1","0.5","1","platform","targeted","70","5","95","95","55.40381737149129","61.30453425263411","61.30453425263411","fixed","1","1","50","2348","15","50","22608937","v2.0-design-v1.0","84.8","79.60000000000001","5.199999999999989","20.89818831334524","true","83.13000000000002","17.784000000000002","50","15.2","796","300","152","204","554","52","180","287","35","27700","2457","9300","14464","1479","467","23764","55.4","0","50","1000","1997","3.994","65","5.10254838291612","0","42.8","3.602020202020202","10","700","554"
"76","BA","1000","2","0.1","30","0.1","0.5","1","platform","targeted","70","5","95","95","55.40381737149129","61.30453425263411","61.30453425263411","fixed","1","1","50","2348","16","50","22608938","v2.0-design-v1.0","87.8","90.10000000000001","-2.3000000000000114","20.82789807809375","true","85.54199999999999","12.951999999999993","50","12.2","901","300","122","154","554","32","202","291","29","27700","2395","9104","14628","1573","493","23732","55.4","0","50","1000","1997","3.994","77","5.153107656406805","0","42.6","3.604040404040404","10","700","554"
"77","BA","1000","2","0.1","30","0.1","0.5","1","platform","targeted","70","5","95","95","55.40381737149129","61.30453425263411","61.30453425263411","fixed","1","1","50","2348","17","50","22608939","v2.0-design-v1.0","83.5","81.69999999999999","1.8000000000000114","22.463338136814446","true","82.18600000000002","15.948000000000002","50","16.5","817","300","165","205","554","40","196","296","22","27700","2650","9147","14247","1656","492","23394","55.4","0","50","1000","1997","3.994","91","5.619567914310088","0","48.1","3.5484848484848484","10","700","554"
"79","BA","1000","2","0.1","30","0.1","0.5","1","platform","targeted","70","5","95","95","55.40381737149129","61.30453425263411","61.30453425263411","fixed","1","1","50","2348","19","50","22608941","v2.0-design-v1.0","84.9","80.10000000000001","4.799999999999997","20.910566327838044","true","83.286","17.92200000000001","50","15.1","801","300","151","196","554","45","189","289","31","27700","2448","9259","14494","1499","478","23753","55.4","0","50","1000","1997","3.994","74","4.950805436944009","0","40.6","3.624242424242424","10","700","554"
"78","BA","1000","2","0.1","30","0.1","0.5","1","platform","targeted","70","5","95","95","55.40381737149129","61.30453425263411","61.30453425263411","fixed","1","1","50","2348","18","50","22608940","v2.0-design-v1.0","85.6","82.89999999999999","2.700000000000003","20.54072436660432","true","83.75399999999999","16.828000000000003","50","14.399999999999999","829","300","144","186","554","42","183","299","30","27700","2416","9346","14405","1533","482","23751","55.4","0","50","1000","1997","3.994","96","5.343455484657513","0","42.1","3.609090909090909","10","700","554"
"81","BA","1000","2","0.1","30","0.1","0.5","1","platform","targeted","70","5","95","95","55.40381737149129","61.30453425263411","61.30453425263411","fixed","1","1","50","2348","21","50","22608943","v2.0-design-v1.0","91","90.3","0.7000000000000028","20.128516846127127","true","86.24199999999999","13.254000000000003","50","9","903","300","90","118","554","28","187","322","17","27700","2318","9198","14786","1398","509","23984","55.4","0","50","1000","1997","3.994","71","5.078361325639763","0","42.8","3.602020202020202","10","700","554"
"80","BA","1000","2","0.1","30","0.1","0.5","1","platform","targeted","70","5","95","95","55.40381737149129","61.30453425263411","61.30453425263411","fixed","1","1","50","2348","20","50","22608942","v2.0-design-v1.0","92.5","92.4","0.09999999999999432","19.79982593559617","true","87.42199999999998","12.705999999999996","50","7.5","924","300","75","86","554","11","207","316","20","27700","2275","9215","14701","1509","523","23916","55.4","0","50","1000","1997","3.994","83","5.221420039340561","0","42","3.61010101010101","10","700","554"
"82","BA","1000","2","0.1","30","0.1","0.5","1","platform","targeted","70","5","95","95","55.40381737149129","61.30453425263411","61.30453425263411","fixed","1","1","50","2348","22","50","22608944","v2.0-design-v1.0","89","88.3","0.7000000000000028","18.082285518775127","true","87.21000000000002","16.3","50","11","883","300","110","139","554","29","207","296","22","27700","2114","9577","14765","1244","503","24342","55.4","0","50","1000","1997","3.994","114","5.940981338066929","0","45.4","3.5757575757575757","10","700","554"
"83","BA","1000","2","0.1","30","0.1","0.5","1","platform","targeted","70","5","95","95","55.40381737149129","61.30453425263411","61.30453425263411","fixed","1","1","50","2348","23","50","22608945","v2.0-design-v1.0","88.5","88.6","-0.09999999999999432","19.636048526863085","true","85.774","14.347999999999999","50","11.5","886","300","115","151","554","36","223","271","24","27700","2266","9274","14736","1424","494","24010","55.4","0","50","1000","1997","3.994","63","5.063161028408982","0","43.9","3.590909090909091","10","700","554"
"84","BA","1000","2","0.1","30","0.1","0.5","1","platform","targeted","70","5","95","95","55.40381737149129","61.30453425263411","61.30453425263411","fixed","1","1","50","2348","24","50","22608946","v2.0-design-v1.0","87.1","89.60000000000001","-2.500000000000014","20.606478290833905","true","85.2","13.717999999999995","50","12.9","896","300","129","180","554","51","182","296","25","27700","2392","9216","14599","1493","478","23815","55.4","0","50","1000","1997","3.994","72","5.343830135822099","0","45.8","3.5717171717171716","10","700","554"
"85","BA","1000","2","0.1","30","0.1","0.5","1","platform","targeted","70","5","95","95","55.40381737149129","61.30453425263411","61.30453425263411","fixed","1","1","50","2348","25","50","22608947","v2.0-design-v1.0","85.5","80.5","5","23.21290654767013","true","80.752","15.848000000000003","50","14.499999999999998","805","300","145","186","554","41","183","313","17","27700","2705","8948","14328","1719","496","23276","55.4","0","50","1000","1997","3.994","97","5.611546440461252","0","45.6","3.573737373737374","10","700","554"
"86","BA","1000","2","0.1","30","0.1","0.5","1","platform","targeted","70","5","95","95","55.40381737149129","61.30453425263411","61.30453425263411","fixed","1","1","50","2348","26","50","22608948","v2.0-design-v1.0","87.5","90.10000000000001","-2.6000000000000085","19.433897134967207","true","86.61599999999999","14.524000000000001","50","12.5","901","300","125","161","554","36","187","304","27","27700","2252","9336","14737","1375","491","24073","55.4","0","50","1000","1997","3.994","118","5.834552768293909","0","46.9","3.5606060606060606","10","700","554"
"87","BA","1000","2","0.1","30","0.1","0.5","1","platform","targeted","70","5","95","95","55.40381737149129","61.30453425263411","61.30453425263411","fixed","1","1","50","2348","27","50","22608949","v2.0-design-v1.0","86.4","87","-0.5999999999999943","22.310413251660773","true","83.294","13.133999999999999","50","13.600000000000001","870","300","136","184","554","48","171","313","22","27700","2586","9005","14397","1712","484","23402","55.4","0","50","1000","1997","3.994","88","5.487447136517674","0","45.5","3.5747474747474746","10","700","554"
"88","BA","1000","2","0.1","30","0.1","0.5","1","platform","targeted","70","5","95","95","55.40381737149129","61.30453425263411","61.30453425263411","fixed","1","1","50","2348","28","50","22608950","v2.0-design-v1.0","89.9","93.10000000000001","-3.200000000000003","18.159658744667887","true","87.95199999999997","12.489999999999995","50","10.100000000000001","931","300","101","134","554","33","198","295","28","27700","2086","9401","14815","1398","493","24216","55.4","0","50","1000","1997","3.994","86","5.417870182767143","0","44.9","3.580808080808081","10","700","554"
"89","BA","1000","2","0.1","30","0.1","0.5","1","platform","targeted","70","5","95","95","55.40381737149129","61.30453425263411","61.30453425263411","fixed","1","1","50","2348","29","50","22608951","v2.0-design-v1.0","91.4","87.9","3.5","17.937180929306916","true","87.45999999999998","15.992000000000003","50","8.6","879","300","86","110","554","24","200","316","14","27700","2073","9484","14891","1252","516","24375","55.4","0","50","1000","1997","3.994","53","4.768931400922705","0","38.4","3.6464646464646466","10","700","554"
"90","BA","1000","2","0.1","30","0.1","0.5","1","platform","targeted","70","5","95","95","55.40381737149129","61.30453425263411","61.30453425263411","fixed","1","1","50","2348","30","50","22608952","v2.0-design-v1.0","89.9","86.6","3.3000000000000114","18.62566240986882","true","87.28199999999998","17.266000000000005","50","10.100000000000001","866","300","101","143","554","42","195","294","23","27700","2144","9367","14836","1353","489","24203","55.4","0","50","1000","1997","3.994","91","5.387112861727039","0","42","3.61010101010101","10","700","554"
"91","BA","1000","2","0.1","30","0.1","0.5","1","platform","targeted","70","5","95","95","37.71478655320135","79.49018621568125","79.49018621568125","fixed","1","1","50","2349","1","50","22609923","v2.0-design-v1.0","67.6","48.8","18.799999999999997","44.46369779934153","true","73.48199999999999","32.84599999999998","50","32.4","488","300","324","393","377","69","54","241","13","18850","2566","3205","12412","667","295","15617","37.7","0","50","1000","1997","3.994","76","4.7942620859678575","0","38","3.6505050505050507","10","700","377"
"92","BA","1000","2","0.1","30","0.1","0.5","1","platform","targeted","70","5","95","95","37.71478655320135","79.49018621568125","79.49018621568125","fixed","1","1","50","2349","2","50","22609924","v2.0-design-v1.0","68.7","49.5","19.200000000000003","45.72118702553485","true","72.23400000000001","31.55999999999999","50","31.3","495","300","313","374","377","61","75","235","6","18850","2650","3146","12396","658","310","15542","37.7","0","50","1000","1997","3.994","103","5.236160939216947","0","42.4","3.606060606060606","10","700","377"
"93","BA","1000","2","0.1","30","0.1","0.5","1","platform","targeted","70","5","95","95","37.71478655320135","79.49018621568125","79.49018621568125","fixed","1","1","50","2349","3","50","22609925","v2.0-design-v1.0","65.69999999999999","48.8","16.89999999999999","45.51724137931035","true","71.672","30.865999999999996","50","34.300000000000004","488","300","343","407","377","64","60","237","16","18850","2706","3239","12253","652","297","15492","37.7","0","50","1000","1997","3.994","73","5.389342168484845","0","46.4","3.5656565656565657","10","700","377"
"94","BA","1000","2","0.1","30","0.1","0.5","1","platform","targeted","70","5","95","95","37.71478655320135","79.49018621568125","79.49018621568125","fixed","1","1","50","2349","4","50","22609926","v2.0-design-v1.0","64.80000000000001","48.8","16.000000000000014","47.1609098567818","true","71.21400000000001","30.15599999999999","50","35.199999999999996","488","300","352","406","377","54","53","255","15","18850","2799","3136","12177","738","308","15313","37.7","0","50","1000","1997","3.994","83","5.537384457180713","0","47.5","3.5545454545454547","10","700","377"
"95","BA","1000","2","0.1","30","0.1","0.5","1","platform","targeted","70","5","95","95","37.71478655320135","79.49018621568125","79.49018621568125","fixed","1","1","50","2349","5","50","22609927","v2.0-design-v1.0","66.69999999999999","48.4","18.29999999999999","46.02900552486188","true","71.81599999999997","31.455999999999996","50","33.300000000000004","484","300","333","389","377","56","63","245","13","18850","2666","3126","12391","667","308","15517","37.7","0","50","1000","1997","3.994","81","5.324125309410949","0","42.6","3.604040404040404","10","700","377"
"96","BA","1000","2","0.1","30","0.1","0.5","1","platform","targeted","70","5","95","95","37.71478655320135","79.49018621568125","79.49018621568125","fixed","1","1","50","2349","6","50","22609928","v2.0-design-v1.0","66.3","49.4","16.9","46.89467415347966","true","71.062","29.885999999999996","50","33.7","494","300","337","398","377","61","54","242","20","18850","2756","3121","12284","689","296","15405","37.7","0","50","1000","1997","3.994","65","4.7804619878016705","0","38.5","3.6454545454545455","10","700","377"
"98","BA","1000","2","0.1","30","0.1","0.5","1","platform","targeted","70","5","95","95","37.71478655320135","79.49018621568125","79.49018621568125","fixed","1","1","50","2349","8","50","22609930","v2.0-design-v1.0","67.6","49.1","18.499999999999993","42.98093587521664","true","73.648","33.19800000000001","50","32.4","491","300","324","383","377","59","63","242","13","18850","2480","3290","12469","611","305","15759","37.7","0","50","1000","1997","3.994","87","5.287714432902352","0","44.2","3.587878787878788","10","700","377"
"97","BA","1000","2","0.1","30","0.1","0.5","1","platform","targeted","70","5","95","95","37.71478655320135","79.49018621568125","79.49018621568125","fixed","1","1","50","2349","7","50","22609929","v2.0-design-v1.0","66.5","49","17.5","44.607074403206134","true","73.16999999999999","32.492","50","33.5","490","300","335","399","377","64","57","240","16","18850","2560","3179","12511","600","297","15690","37.7","0","50","1000","1997","3.994","86","5.357300128298263","0","43.9","3.590909090909091","10","700","377"
"100","BA","1000","2","0.1","30","0.1","0.5","1","platform","targeted","70","5","95","95","37.71478655320135","79.49018621568125","79.49018621568125","fixed","1","1","50","2349","10","50","22609932","v2.0-design-v1.0","66.9","49.9","17.000000000000007","46.14208021753909","true","72.34800000000001","31.336","50","33.1","499","300","331","391","377","60","69","232","16","18850","2715","3169","12308","658","301","15477","37.7","0","50","1000","1997","3.994","50","4.6443011889339605","0","38.2","3.6484848484848484","10","700","377"
"101","BA","1000","2","0.1","30","0.1","0.5","1","platform","targeted","70","5","95","95","37.71478655320135","79.49018621568125","79.49018621568125","fixed","1","1","50","2349","11","50","22609933","v2.0-design-v1.0","65.30000000000001","47.4","17.900000000000013","46.81468830059778","true","70.89399999999999","31.958000000000006","50","34.699999999999996","474","300","347","398","377","51","73","236","17","18850","2741","3114","12261","734","309","15375","37.7","0","50","1000","1997","3.994","62","4.626160974865156","0","37.1","3.6595959595959595","10","700","377"
"99","BA","1000","2","0.1","30","0.1","0.5","1","platform","targeted","70","5","95","95","37.71478655320135","79.49018621568125","79.49018621568125","fixed","1","1","50","2349","9","50","22609931","v2.0-design-v1.0","61.1","49.1","12","48.62130853320281","true","68.35000000000001","27.19","50","38.9","491","300","389","455","377","66","54","236","21","18850","2980","3149","11844","877","290","14993","37.7","0","50","1000","1997","3.994","66","5.012692997889561","0","42.4","3.606060606060606","10","700","377"
"102","BA","1000","2","0.1","30","0.1","0.5","1","platform","targeted","70","5","95","95","37.71478655320135","79.49018621568125","79.49018621568125","fixed","1","1","50","2349","12","50","22609934","v2.0-design-v1.0","65.5","48.6","16.9","45.85858585858586","true","71.536","31.652","50","34.5","486","300","345","408","377","63","57","242","15","18850","2724","3216","12202","708","299","15418","37.7","0","50","1000","1997","3.994","72","5.0732338504844865","0","44.6","3.583838383838384","10","700","377"
"103","BA","1000","2","0.1","30","0.1","0.5","1","platform","targeted","70","5","95","95","37.71478655320135","79.49018621568125","79.49018621568125","fixed","1","1","50","2349","13","50","22609935","v2.0-design-v1.0","62.4","49.2","13.199999999999996","47.55411624339526","true","69.82000000000005","29.53600000000001","50","37.6","492","300","376","439","377","63","51","241","22","18850","2790","3077","12215","768","292","15292","37.7","0","50","1000","1997","3.994","82","5.243611299425176","0","43.4","3.595959595959596","10","700","377"
"104","BA","1000","2","0.1","30","0.1","0.5","1","platform","targeted","70","5","95","95","37.71478655320135","79.49018621568125","79.49018621568125","fixed","1","1","50","2349","14","50","22609936","v2.0-design-v1.0","65.6","49","16.599999999999994","44.07871821664925","true","72.66800000000002","31.474000000000004","50","34.4","490","300","344","408","377","64","58","239","16","18850","2531","3211","12427","681","297","15638","37.7","0","50","1000","1997","3.994","107","5.533406056181175","0","46","3.56969696969697","10","700","377"
"105","BA","1000","2","0.1","30","0.1","0.5","1","platform","targeted","70","5","95","95","37.71478655320135","79.49018621568125","79.49018621568125","fixed","1","1","50","2349","15","50","22609937","v2.0-design-v1.0","69","48.6","20.4","44.95652173913044","true","73.408","33.775999999999996","50","31","486","300","310","364","377","54","60","249","14","18850","2585","3165","12453","647","309","15618","37.7","0","50","1000","1997","3.994","88","5.365142006391691","0","44.9","3.580808080808081","10","700","377"
"106","BA","1000","2","0.1","30","0.1","0.5","1","platform","targeted","70","5","95","95","37.71478655320135","79.49018621568125","79.49018621568125","fixed","1","1","50","2349","16","50","22609938","v2.0-design-v1.0","64.7","50.8","13.900000000000006","45.70885857364876","true","71.876","30.408000000000005","50","35.3","508","300","353","403","377","50","59","247","21","18850","2647","3144","12358","701","306","15502","37.7","0","50","1000","1997","3.994","63","5.105490185088001","0","42.3","3.607070707070707","10","700","377"
"107","BA","1000","2","0.1","30","0.1","0.5","1","platform","targeted","70","5","95","95","37.71478655320135","79.49018621568125","79.49018621568125","fixed","1","1","50","2349","17","50","22609939","v2.0-design-v1.0","65.4","50.2","15.200000000000003","46.18230743356879","true","72.08800000000001","31.072","50","34.599999999999994","502","300","346","405","377","59","65","238","15","18850","2746","3200","12191","713","303","15391","37.7","0","50","1000","1997","3.994","57","4.8113525243026025","0","39.8","3.632323232323232","10","700","377"
"109","BA","1000","2","0.1","30","0.1","0.5","1","platform","targeted","70","5","95","95","37.71478655320135","79.49018621568125","79.49018621568125","fixed","1","1","50","2349","19","50","22609941","v2.0-design-v1.0","64.80000000000001","50.3","14.500000000000014","42.810174770721574","true","73.454","31.55","50","35.199999999999996","503","300","352","396","377","44","61","261","11","18850","2474","3305","12461","610","322","15766","37.7","0","50","1000","1997","3.994","68","5.127011824664556","0","44.3","3.5868686868686868","10","700","377"
"110","BA","1000","2","0.1","30","0.1","0.5","1","platform","targeted","70","5","95","95","37.71478655320135","79.49018621568125","79.49018621568125","fixed","1","1","50","2349","20","50","22609942","v2.0-design-v1.0","66.8","48.3","18.5","45.888549099558276","true","71.87999999999998","30.663999999999998","50","33.2","483","300","332","390","377","58","67","243","9","18850","2701","3185","12310","654","310","15495","37.7","0","50","1000","1997","3.994","66","5.097837968389328","0","42.8","3.602020202020202","10","700","377"
"108","BA","1000","2","0.1","30","0.1","0.5","1","platform","targeted","70","5","95","95","37.71478655320135","79.49018621568125","79.49018621568125","fixed","1","1","50","2349","18","50","22609940","v2.0-design-v1.0","65.6","48.5","17.099999999999994","44.999142219934804","true","72.69","31.587999999999994","50","34.4","485","300","344","406","377","62","56","241","18","18850","2623","3206","12340","681","297","15546","37.7","0","50","1000","1997","3.994","100","5.682275270721419","0","46.4","3.5656565656565657","10","700","377"
"111","BA","1000","2","0.1","30","0.1","0.5","1","platform","targeted","70","5","95","95","37.71478655320135","79.49018621568125","79.49018621568125","fixed","1","1","50","2349","21","50","22609943","v2.0-design-v1.0","65.9","48.4","17.500000000000007","45.7147814018043","true","72.13200000000002","32.14","50","34.1","484","300","341","397","377","56","71","235","15","18850","2635","3129","12403","683","306","15532","37.7","0","50","1000","1997","3.994","120","5.805485997542986","0","48.3","3.5464646464646465","10","700","377"
"113","BA","1000","2","0.1","30","0.1","0.5","1","platform","targeted","70","5","95","95","37.71478655320135","79.49018621568125","79.49018621568125","fixed","1","1","50","2349","23","50","22609945","v2.0-design-v1.0","64.6","49","15.599999999999994","47.12720026569246","true","70.7","30.223999999999993","50","35.4","490","300","354","422","377","68","74","218","17","18850","2838","3184","12102","726","292","15286","37.7","0","50","1000","1997","3.994","63","4.838944035570082","0","39.9","3.6313131313131315","10","700","377"
"112","BA","1000","2","0.1","30","0.1","0.5","1","platform","targeted","70","5","95","95","37.71478655320135","79.49018621568125","79.49018621568125","fixed","1","1","50","2349","22","50","22609944","v2.0-design-v1.0","65.6","48.4","17.199999999999996","46.16033755274261","true","71.18599999999999","30.831999999999994","50","34.4","484","300","344","397","377","53","63","245","16","18850","2735","3190","12237","688","308","15427","37.7","0","50","1000","1997","3.994","74","5.24151098801074","0","43","3.6","10","700","377"
"114","BA","1000","2","0.1","30","0.1","0.5","1","platform","targeted","70","5","95","95","37.71478655320135","79.49018621568125","79.49018621568125","fixed","1","1","50","2349","24","50","22609946","v2.0-design-v1.0","68.3","49.2","19.099999999999994","45.960811275352356","true","72.38600000000001","32.694","50","31.7","492","300","317","364","377","47","63","257","10","18850","2674","3144","12389","643","320","15533","37.7","0","50","1000","1997","3.994","93","5.368126375261737","0","45.5","3.5747474747474746","10","700","377"
"115","BA","1000","2","0.1","30","0.1","0.5","1","platform","targeted","70","5","95","95","37.71478655320135","79.49018621568125","79.49018621568125","fixed","1","1","50","2349","25","50","22609947","v2.0-design-v1.0","66.8","49","17.799999999999997","45.52062204192022","true","72.44000000000001","31.818000000000012","50","33.2","490","300","332","398","377","66","71","226","14","18850","2693","3223","12234","700","297","15457","37.7","0","50","1000","1997","3.994","105","5.27330747935029","0","40.3","3.6272727272727274","10","700","377"
"116","BA","1000","2","0.1","30","0.1","0.5","1","platform","targeted","70","5","95","95","37.71478655320135","79.49018621568125","79.49018621568125","fixed","1","1","50","2349","26","50","22609948","v2.0-design-v1.0","65.9","49","16.900000000000006","46.78930335547607","true","71.89400000000002","31.194000000000006","50","34.1","490","300","341","401","377","60","57","243","17","18850","2747","3124","12270","709","300","15394","37.7","0","50","1000","1997","3.994","58","4.773127564474541","0","38.2","3.6484848484848484","10","700","377"
"117","BA","1000","2","0.1","30","0.1","0.5","1","platform","targeted","70","5","95","95","37.71478655320135","79.49018621568125","79.49018621568125","fixed","1","1","50","2349","27","50","22609949","v2.0-design-v1.0","64.9","49.9","15.000000000000007","45.59726962457338","true","72.19999999999999","30.91999999999999","50","35.099999999999994","499","300","351","412","377","61","68","232","16","18850","2672","3188","12276","714","300","15464","37.7","0","50","1000","1997","3.994","64","4.89284210903068","0","39.4","3.6363636363636362","10","700","377"
"118","BA","1000","2","0.1","30","0.1","0.5","1","platform","targeted","70","5","95","95","37.71478655320135","79.49018621568125","79.49018621568125","fixed","1","1","50","2349","28","50","22609950","v2.0-design-v1.0","67.19999999999999","49","18.19999999999999","45.19735727596137","true","72.272","30.918000000000003","50","32.800000000000004","490","300","328","386","377","58","55","245","19","18850","2668","3235","12238","709","300","15473","37.7","0","50","1000","1997","3.994","48","4.678659407763485","0","37.4","3.6565656565656566","10","700","377"
"119","BA","1000","2","0.1","30","0.1","0.5","1","platform","targeted","70","5","95","95","37.71478655320135","79.49018621568125","79.49018621568125","fixed","1","1","50","2349","29","50","22609951","v2.0-design-v1.0","63.7","48","15.700000000000003","45.73407670214563","true","70.46000000000001","30.308000000000014","50","36.3","480","300","363","415","377","52","65","245","15","18850","2707","3212","12269","662","310","15481","37.7","0","50","1000","1997","3.994","83","5.171722219020529","0","42.9","3.601010101010101","10","700","377"
"120","BA","1000","2","0.1","30","0.1","0.5","1","platform","targeted","70","5","95","95","37.71478655320135","79.49018621568125","79.49018621568125","fixed","1","1","50","2349","30","50","22609952","v2.0-design-v1.0","67","50","17","44.89936349561328","true","71.51599999999999","30.436","50","33","500","300","330","383","377","53","67","240","17","18850","2610","3203","12360","677","307","15563","37.7","0","50","1000","1997","3.994","74","4.8789105103258095","0","40.3","3.6272727272727274","10","700","377"
"121","BA","1000","2","0.1","30","0.1","0.5","1","platform","targeted","70","5","95","95","7.615083545226135","85.11621233220256","85.11621233220256","fixed","1","1","50","2350","1","50","22610923","v2.0-design-v1.0","10.599999999999994","6.3","4.2999999999999945","90.70816418583672","true","23.017999999999994","17.901999999999997","50","89.4","63","300","894","932","76","38","5","30","3","3800","2011","206","1225","358","35","1431","7.6","0","50","1000","1997","3.994","106","5.487811957427113","0","44.3","3.5868686868686868","10","700","76"
"122","BA","1000","2","0.1","30","0.1","0.5","1","platform","targeted","70","5","95","95","7.615083545226135","85.11621233220256","85.11621233220256","fixed","1","1","50","2350","2","50","22610924","v2.0-design-v1.0","10","7.5","2.5","90.54529463500441","true","23.305999999999997","17.733999999999998","50","90","75","300","900","952","76","52","8","14","2","3800","2059","215","1185","341","22","1400","7.6","0","50","1000","1997","3.994","61","5.065532906183074","0","43.4","3.595959595959596","10","700","76"
"124","BA","1000","2","0.1","30","0.1","0.5","1","platform","targeted","70","5","95","95","7.615083545226135","85.11621233220256","85.11621233220256","fixed","1","1","50","2350","4","50","22610926","v2.0-design-v1.0","10.599999999999994","6.800000000000001","3.7999999999999936","91.3503971756399","true","22.459999999999994","17.272","50","89.4","68","300","894","939","76","45","4","19","8","3800","2070","196","1162","372","23","1358","7.6","0","50","1000","1997","3.994","106","5.584007982188512","0","42.2","3.608080808080808","10","700","76"
"125","BA","1000","2","0.1","30","0.1","0.5","1","platform","targeted","70","5","95","95","7.615083545226135","85.11621233220256","85.11621233220256","fixed","1","1","50","2350","5","50","22610927","v2.0-design-v1.0","8.200000000000003","6.9","1.3000000000000025","90.36355672360928","true","21.850000000000005","16.458","50","91.8","69","300","918","962","76","44","7","16","9","3800","2063","220","1160","357","23","1380","7.6","0","50","1000","1997","3.994","100","5.738719098971196","0","45.3","3.576767676767677","10","700","76"
"123","BA","1000","2","0.1","30","0.1","0.5","1","platform","targeted","70","5","95","95","7.615083545226135","85.11621233220256","85.11621233220256","fixed","1","1","50","2350","3","50","22610925","v2.0-design-v1.0","9.399999999999991","6.800000000000001","2.5999999999999908","90.76376554174067","true","22.703999999999997","17.42","50","90.60000000000001","68","300","906","955","76","49","4","14","9","3800","2044","208","1199","349","18","1407","7.6","0","50","1000","1997","3.994","70","5.25200414580448","0","46.2","3.5676767676767676","10","700","76"
"127","BA","1000","2","0.1","30","0.1","0.5","1","platform","targeted","70","5","95","95","7.615083545226135","85.11621233220256","85.11621233220256","fixed","1","1","50","2350","7","50","22610929","v2.0-design-v1.0","9.899999999999991","7.1","2.799999999999992","89.91559306974678","true","23.096","17.685999999999993","50","90.10000000000001","71","300","901","946","76","45","4","18","9","3800","2024","227","1206","343","22","1433","7.6","0","50","1000","1997","3.994","78","5.485257701517035","0","46.5","3.5646464646464646","10","700","76"
"126","BA","1000","2","0.1","30","0.1","0.5","1","platform","targeted","70","5","95","95","7.615083545226135","85.11621233220256","85.11621233220256","fixed","1","1","50","2350","6","50","22610928","v2.0-design-v1.0","9.399999999999991","6.3","3.0999999999999917","91.83411714407866","true","22.894000000000002","18.018000000000004","50","90.60000000000001","63","300","906","955","76","49","2","16","9","3800","2148","191","1085","376","18","1276","7.6","0","50","1000","1997","3.994","52","4.751477721776721","0","40","3.6303030303030304","10","700","76"
"128","BA","1000","2","0.1","30","0.1","0.5","1","platform","targeted","70","5","95","95","7.615083545226135","85.11621233220256","85.11621233220256","fixed","1","1","50","2350","8","50","22610930","v2.0-design-v1.0","9.5","6.800000000000001","2.6999999999999993","91.28006872852234","true","23.233999999999995","18.044000000000004","50","90.5","68","300","905","948","76","43","2","22","9","3800","2125","203","1144","328","24","1347","7.6","0","50","1000","1997","3.994","78","5.152719137942065","0","41","3.6202020202020204","10","700","76"
"129","BA","1000","2","0.1","30","0.1","0.5","1","platform","targeted","70","5","95","95","7.615083545226135","85.11621233220256","85.11621233220256","fixed","1","1","50","2350","9","50","22610931","v2.0-design-v1.0","10.200000000000003","7.000000000000001","3.200000000000002","90.35621198957429","true","21.951999999999998","16.523999999999997","50","89.8","70","300","898","947","76","49","4","20","3","3800","2080","222","1157","341","24","1379","7.6","0","50","1000","1997","3.994","76","5.075206569364605","0","42.5","3.605050505050505","10","700","76"
"130","BA","1000","2","0.1","30","0.1","0.5","1","platform","targeted","70","5","95","95","7.615083545226135","85.11621233220256","85.11621233220256","fixed","1","1","50","2350","10","50","22610932","v2.0-design-v1.0","10","6.9","3.0999999999999996","92.46663796814464","true","22.01","17.125999999999998","50","90","69","300","900","954","76","54","2","12","8","3800","2148","175","1068","409","14","1243","7.6","0","50","1000","1997","3.994","102","5.422856384911117","0","42.2","3.608080808080808","10","700","76"
"131","BA","1000","2","0.1","30","0.1","0.5","1","platform","targeted","70","5","95","95","7.615083545226135","85.11621233220256","85.11621233220256","fixed","1","1","50","2350","11","50","22610933","v2.0-design-v1.0","10","6.5","3.5","91.73663278833408","true","23.579999999999995","18.57","50","90","65","300","900","949","76","49","2","17","8","3800","2076","187","1188","349","19","1375","7.6","0","50","1000","1997","3.994","96","5.440916059595799","0","45","3.5797979797979798","10","700","76"
"132","BA","1000","2","0.1","30","0.1","0.5","1","platform","targeted","70","5","95","95","7.615083545226135","85.11621233220256","85.11621233220256","fixed","1","1","50","2350","12","50","22610934","v2.0-design-v1.0","9.599999999999994","7.1","2.4999999999999947","91.037527593819","true","22.904","17.618","50","90.4","71","300","904","941","76","37","0","25","14","3800","2062","203","1171","364","25","1374","7.6","0","50","1000","1997","3.994","69","5.080332053495486","0","41.9","3.611111111111111","10","700","76"
"133","BA","1000","2","0.1","30","0.1","0.5","1","platform","targeted","70","5","95","95","7.615083545226135","85.11621233220256","85.11621233220256","fixed","1","1","50","2350","13","50","22610935","v2.0-design-v1.0","7.799999999999997","6.800000000000001","0.9999999999999964","90.88898717381689","true","21.951999999999998","16.74599999999999","50","92.2","68","300","922","962","76","40","3","17","16","3800","2055","206","1183","356","20","1389","7.6","0","50","1000","1997","3.994","85","4.883832083089641","0","39.5","3.6353535353535356","10","700","76"
"134","BA","1000","2","0.1","30","0.1","0.5","1","platform","targeted","70","5","95","95","7.615083545226135","85.11621233220256","85.11621233220256","fixed","1","1","50","2350","14","50","22610936","v2.0-design-v1.0","9.299999999999997","6.9","2.399999999999997","91.7395104895105","true","22.844000000000005","17.485999999999994","50","90.7","69","300","907","956","76","49","2","18","7","3800","2099","189","1160","352","20","1349","7.6","0","50","1000","1997","3.994","58","4.798853299799119","0","39.2","3.6383838383838385","10","700","76"
"135","BA","1000","2","0.1","30","0.1","0.5","1","platform","targeted","70","5","95","95","7.615083545226135","85.11621233220256","85.11621233220256","fixed","1","1","50","2350","15","50","22610937","v2.0-design-v1.0","10.200000000000003","6.800000000000001","3.400000000000002","91.65931156222419","true","23.634","18.55","50","89.8","68","300","898","944","76","46","2","20","8","3800","2077","189","1169","365","22","1358","7.6","0","50","1000","1997","3.994","83","5.074614834222948","0","41.3","3.617171717171717","10","700","76"
"136","BA","1000","2","0.1","30","0.1","0.5","1","platform","targeted","70","5","95","95","7.615083545226135","85.11621233220256","85.11621233220256","fixed","1","1","50","2350","16","50","22610938","v2.0-design-v1.0","9.399999999999991","6.7","2.6999999999999913","90.30973451327434","true","22.444000000000003","17.219999999999995","50","90.60000000000001","67","300","906","954","76","48","5","18","5","3800","2041","219","1196","344","23","1415","7.6","0","50","1000","1997","3.994","118","5.449188715548175","0","39.6","3.6343434343434344","10","700","76"
"137","BA","1000","2","0.1","30","0.1","0.5","1","platform","targeted","70","5","95","95","7.615083545226135","85.11621233220256","85.11621233220256","fixed","1","1","50","2350","17","50","22610939","v2.0-design-v1.0","10.299999999999997","7.3999999999999995","2.8999999999999977","91.19858469703671","true","23.068000000000005","17.568000000000005","50","89.7","74","300","897","947","76","50","6","17","3","3800","2062","199","1205","334","23","1404","7.6","0","50","1000","1997","3.994","65","5.222186825003021","0","43.3","3.596969696969697","10","700","76"
"139","BA","1000","2","0.1","30","0.1","0.5","1","platform","targeted","70","5","95","95","7.615083545226135","85.11621233220256","85.11621233220256","fixed","1","1","50","2350","19","50","22610941","v2.0-design-v1.0","11.5","7.1","4.4","91.1805236564079","true","24.06599999999999","19.022000000000006","50","88.5","71","300","885","934","76","49","4","17","6","3800","1985","192","1280","343","21","1472","7.6","0","50","1000","1997","3.994","79","4.918348722300408","0","40.4","3.6262626262626263","10","700","76"
"140","BA","1000","2","0.1","30","0.1","0.5","1","platform","targeted","70","5","95","95","7.615083545226135","85.11621233220256","85.11621233220256","fixed","1","1","50","2350","20","50","22610942","v2.0-design-v1.0","10","7.1","2.9000000000000004","91.17007394519356","true","24.112","18.642","50","90","71","300","900","947","76","47","1","19","9","3800","2096","203","1149","352","20","1352","7.6","0","50","1000","1997","3.994","57","4.856289483499458","0","40.5","3.625252525252525","10","700","76"
"141","BA","1000","2","0.1","30","0.1","0.5","1","platform","targeted","70","5","95","95","7.615083545226135","85.11621233220256","85.11621233220256","fixed","1","1","50","2350","21","50","22610943","v2.0-design-v1.0","8.899999999999991","6.5","2.3999999999999915","90.28697571743929","true","22.58400000000001","17.532","50","91.10000000000001","65","300","911","954","76","43","4","20","9","3800","2045","220","1172","363","24","1392","7.6","0","50","1000","1997","3.994","71","4.8774741161541435","0","39.8","3.632323232323232","10","700","76"
"138","BA","1000","2","0.1","30","0.1","0.5","1","platform","targeted","70","5","95","95","7.615083545226135","85.11621233220256","85.11621233220256","fixed","1","1","50","2350","18","50","22610940","v2.0-design-v1.0","9.200000000000003","6.800000000000001","2.400000000000002","90.53097345132744","true","22.124000000000006","16.792","50","90.8","68","300","908","956","76","48","1","20","7","3800","2046","214","1197","343","21","1411","7.6","0","50","1000","1997","3.994","78","5.17346390039871","0","42.3","3.607070707070707","10","700","76"
"142","BA","1000","2","0.1","30","0.1","0.5","1","platform","targeted","70","5","95","95","7.615083545226135","85.11621233220256","85.11621233220256","fixed","1","1","50","2350","22","50","22610944","v2.0-design-v1.0","9.700000000000003","6.9","2.8000000000000025","90.69055944055944","true","24.19600000000001","19.594","50","90.3","69","300","903","953","76","50","3","21","2","3800","2075","213","1145","367","24","1358","7.6","0","50","1000","1997","3.994","74","5.125059046511575","0","41.8","3.6121212121212123","10","700","76"
"143","BA","1000","2","0.1","30","0.1","0.5","1","platform","targeted","70","5","95","95","7.615083545226135","85.11621233220256","85.11621233220256","fixed","1","1","50","2350","23","50","22610945","v2.0-design-v1.0","9.899999999999991","6.4","3.499999999999991","91.06047326906223","true","22.191999999999997","17.27799999999999","50","90.10000000000001","64","300","901","952","76","51","3","16","6","3800","2078","204","1131","387","19","1335","7.6","0","50","1000","1997","3.994","78","5.116457968374413","0","40.8","3.6222222222222222","10","700","76"
"144","BA","1000","2","0.1","30","0.1","0.5","1","platform","targeted","70","5","95","95","7.615083545226135","85.11621233220256","85.11621233220256","fixed","1","1","50","2350","24","50","22610946","v2.0-design-v1.0","9.899999999999991","6.5","3.3999999999999915","91.60000000000001","true","22.112","16.998000000000005","50","90.10000000000001","65","300","901","946","76","45","5","20","6","3800","2061","189","1190","360","25","1379","7.6","0","50","1000","1997","3.994","69","5.0391822111685185","0","42.4","3.606060606060606","10","700","76"
"145","BA","1000","2","0.1","30","0.1","0.5","1","platform","targeted","70","5","95","95","7.615083545226135","85.11621233220256","85.11621233220256","fixed","1","1","50","2350","25","50","22610947","v2.0-design-v1.0","9","6.6000000000000005","2.3999999999999995","91.162385720505","true","22.199999999999996","17.060000000000002","50","91","66","300","910","955","76","45","2","19","10","3800","2094","203","1110","393","21","1313","7.6","0","50","1000","1997","3.994","59","4.6677351844070625","0","38.3","3.6474747474747473","10","700","76"
"146","BA","1000","2","0.1","30","0.1","0.5","1","platform","targeted","70","5","95","95","7.615083545226135","85.11621233220256","85.11621233220256","fixed","1","1","50","2350","26","50","22610948","v2.0-design-v1.0","9.299999999999997","7.3","1.9999999999999973","91.63052905464006","true","22.762000000000008","17.474000000000004","50","90.7","73","300","907","953","76","46","4","20","6","3800","2113","193","1125","369","24","1318","7.6","0","50","1000","1997","3.994","78","5.088600776034384","0","41.9","3.611111111111111","10","700","76"
"147","BA","1000","2","0.1","30","0.1","0.5","1","platform","targeted","70","5","95","95","7.615083545226135","85.11621233220256","85.11621233220256","fixed","1","1","50","2350","27","50","22610949","v2.0-design-v1.0","8.799999999999997","7.6","1.1999999999999975","91.0048266783677","true","22.450000000000003","17.317999999999998","50","91.2","76","300","912","962","76","50","1","17","8","3800","2074","205","1175","346","18","1380","7.6","0","50","1000","1997","3.994","86","5.527433085666116","0","47.4","3.5555555555555554","10","700","76"
"148","BA","1000","2","0.1","30","0.1","0.5","1","platform","targeted","70","5","95","95","7.615083545226135","85.11621233220256","85.11621233220256","fixed","1","1","50","2350","28","50","22610950","v2.0-design-v1.0","10","7.1","2.9000000000000004","91.81977252843394","true","23.858","18.664","50","90","71","300","900","942","76","42","5","22","7","3800","2099","187","1163","351","27","1350","7.6","0","50","1000","1997","3.994","85","5.204714502549873","0","42.5","3.605050505050505","10","700","76"
"150","BA","1000","2","0.1","30","0.1","0.5","1","platform","targeted","70","5","95","95","7.615083545226135","85.11621233220256","85.11621233220256","fixed","1","1","50","2350","30","50","22610952","v2.0-design-v1.0","8.700000000000003","7.1","1.6000000000000032","90.52258635961027","true","21.416000000000007","16.375999999999998","50","91.3","71","300","913","957","76","44","3","17","12","3800","2044","214","1150","392","20","1364","7.6","0","50","1000","1997","3.994","89","5.649059733785417","0","49.6","3.533333333333333","10","700","76"
"149","BA","1000","2","0.1","30","0.1","0.5","1","platform","targeted","70","5","95","95","7.615083545226135","85.11621233220256","85.11621233220256","fixed","1","1","50","2350","29","50","22610951","v2.0-design-v1.0","10.099999999999994","6.5","3.5999999999999943","91.50326797385621","true","23.125999999999994","18.123999999999995","50","89.9","65","300","899","941","76","42","4","22","8","3800","2100","195","1121","384","26","1316","7.6","0","50","1000","1997","3.994","55","4.778158096462974","0","39.2","3.6383838383838385","10","700","76"
"151","BA","1000","2","0.1","30","0.1","0.5","1","platform","targeted","70","5","95","95","10.284984280761744","77.26327442411585","77.26327442411585","fixed","1","1","50","2351","1","50","22611923","v2.0-design-v1.0","12.599999999999994","10.7","1.899999999999995","83.79869010685971","true","24.97200000000001","16.397999999999996","50","87.4","107","300","874","932","103","58","7","31","7","5150","2431","470","1528","721","38","1998","10.3","0","50","1000","1997","3.994","71","5.262286162463574","0","45.7","3.5727272727272728","10","700","103"
"152","BA","1000","2","0.1","30","0.1","0.5","1","platform","targeted","70","5","95","95","10.284984280761744","77.26327442411585","77.26327442411585","fixed","1","1","50","2351","2","50","22611924","v2.0-design-v1.0","11","10.5","0.5","83.39148639218423","true","23.918000000000003","15.124","50","89","105","300","890","943","103","53","3","31","16","5150","2390","476","1571","713","34","2047","10.3","0","50","1000","1997","3.994","86","5.264758463755159","0","43.8","3.591919191919192","10","700","103"
"153","BA","1000","2","0.1","30","0.1","0.5","1","platform","targeted","70","5","95","95","10.284984280761744","77.26327442411585","77.26327442411585","fixed","1","1","50","2351","3","50","22611925","v2.0-design-v1.0","11","10.2","0.8000000000000007","82.32833739979087","true","23.59","15.196000000000002","50","89","102","300","890","942","103","52","7","28","16","5150","2362","507","1606","675","35","2113","10.3","0","50","1000","1997","3.994","73","5.366074799959338","0","46.8","3.5616161616161617","10","700","103"
"154","BA","1000","2","0.1","30","0.1","0.5","1","platform","targeted","70","5","95","95","10.284984280761744","77.26327442411585","77.26327442411585","fixed","1","1","50","2351","4","50","22611926","v2.0-design-v1.0","11.400000000000006","9.9","1.5000000000000053","82.02797202797203","true","25.386000000000013","16.896000000000008","50","88.6","99","300","886","944","103","58","9","20","16","5150","2346","514","1590","700","29","2104","10.3","0","50","1000","1997","3.994","76","5.331828241081317","0","44.5","3.584848484848485","10","700","103"
"155","BA","1000","2","0.1","30","0.1","0.5","1","platform","targeted","70","5","95","95","10.284984280761744","77.26327442411585","77.26327442411585","fixed","1","1","50","2351","5","50","22611927","v2.0-design-v1.0","11","10.7","0.3000000000000007","84.6921224630203","true","25.62399999999999","17.14999999999999","50","89","107","300","890","938","103","48","13","26","16","5150","2462","445","1546","697","39","1991","10.3","0","50","1000","1997","3.994","62","4.678873353260998","0","36.7","3.6636363636363636","10","700","103"
"156","BA","1000","2","0.1","30","0.1","0.5","1","platform","targeted","70","5","95","95","10.284984280761744","77.26327442411585","77.26327442411585","fixed","1","1","50","2351","6","50","22611928","v2.0-design-v1.0","13.099999999999994","11.3","1.7999999999999936","84.59373900809004","true","25.11200000000001","16.105999999999995","50","86.9","113","300","869","922","103","53","10","29","11","5150","2405","438","1580","727","39","2018","10.3","0","50","1000","1997","3.994","67","5.441467961274188","0","45.4","3.5757575757575757","10","700","103"
"157","BA","1000","2","0.1","30","0.1","0.5","1","platform","targeted","70","5","95","95","10.284984280761744","77.26327442411585","77.26327442411585","fixed","1","1","50","2351","7","50","22611929","v2.0-design-v1.0","11.299999999999997","9.700000000000001","1.599999999999996","82.66897746967071","true","23.80799999999999","15.558","50","88.7","97","300","887","948","103","61","8","22","12","5150","2385","500","1567","698","30","2067","10.3","0","50","1000","1997","3.994","86","5.115871004641933","0","42.6","3.604040404040404","10","700","103"
"158","BA","1000","2","0.1","30","0.1","0.5","1","platform","targeted","70","5","95","95","10.284984280761744","77.26327442411585","77.26327442411585","fixed","1","1","50","2351","8","50","22611930","v2.0-design-v1.0","11.099999999999994","9.9","1.199999999999994","83.84723195515068","true","24.936000000000003","16.648000000000003","50","88.9","99","300","889","945","103","56","10","26","11","5150","2393","461","1621","675","36","2082","10.3","0","50","1000","1997","3.994","81","5.115479658070397","0","43.3","3.596969696969697","10","700","103"
"159","BA","1000","2","0.1","30","0.1","0.5","1","platform","targeted","70","5","95","95","10.284984280761744","77.26327442411585","77.26327442411585","fixed","1","1","50","2351","9","50","22611931","v2.0-design-v1.0","13","11.700000000000001","1.299999999999999","84.09578270192995","true","26.672000000000008","17.468000000000004","50","87","117","300","870","919","103","49","8","32","14","5150","2353","445","1645","707","40","2090","10.3","0","50","1000","1997","3.994","89","5.783200619847918","0","48.2","3.5474747474747477","10","700","103"
"160","BA","1000","2","0.1","30","0.1","0.5","1","platform","targeted","70","5","95","95","10.284984280761744","77.26327442411585","77.26327442411585","fixed","1","1","50","2351","10","50","22611932","v2.0-design-v1.0","11.900000000000006","10","1.9000000000000057","83.69641602248771","true","25.64999999999999","17.252000000000006","50","88.1","100","300","881","929","103","48","13","24","18","5150","2382","464","1629","675","37","2093","10.3","0","50","1000","1997","3.994","78","5.619389783734657","0","48.9","3.54040404040404","10","700","103"
"161","BA","1000","2","0.1","30","0.1","0.5","1","platform","targeted","70","5","95","95","10.284984280761744","77.26327442411585","77.26327442411585","fixed","1","1","50","2351","11","50","22611933","v2.0-design-v1.0","9.700000000000003","10.6","-0.8999999999999968","83.65591397849462","true","24.554000000000006","15.982000000000001","50","90.3","106","300","903","954","103","51","6","20","26","5150","2334","456","1645","715","26","2101","10.3","0","50","1000","1997","3.994","92","5.2405560227353085","0","43.6","3.5939393939393938","10","700","103"
"163","BA","1000","2","0.1","30","0.1","0.5","1","platform","targeted","70","5","95","95","10.284984280761744","77.26327442411585","77.26327442411585","fixed","1","1","50","2351","13","50","22611935","v2.0-design-v1.0","11.299999999999997","9.8","1.4999999999999964","85.88652482269504","true","25.37599999999999","17.562000000000012","50","88.7","98","300","887","938","103","51","8","26","18","5150","2422","398","1581","749","34","1979","10.3","0","50","1000","1997","3.994","80","5.32111626242823","0","44.8","3.581818181818182","10","700","103"
"162","BA","1000","2","0.1","30","0.1","0.5","1","platform","targeted","70","5","95","95","10.284984280761744","77.26327442411585","77.26327442411585","fixed","1","1","50","2351","12","50","22611934","v2.0-design-v1.0","11.200000000000003","10.7","0.5000000000000036","84.31983385254414","true","23.318000000000012","14.632000000000007","50","88.8","107","300","888","938","103","50","7","26","20","5150","2436","453","1520","741","33","1973","10.3","0","50","1000","1997","3.994","84","4.954039413095782","0","39.6","3.6343434343434344","10","700","103"
"164","BA","1000","2","0.1","30","0.1","0.5","1","platform","targeted","70","5","95","95","10.284984280761744","77.26327442411585","77.26327442411585","fixed","1","1","50","2351","14","50","22611936","v2.0-design-v1.0","11.700000000000003","10.299999999999999","1.400000000000004","82.94766820932716","true","25.084","16.387999999999998","50","88.3","103","300","883","942","103","59","6","24","14","5150","2330","479","1604","737","30","2083","10.3","0","50","1000","1997","3.994","87","5.630245435472911","0","46.9","3.5606060606060606","10","700","103"
"165","BA","1000","2","0.1","30","0.1","0.5","1","platform","targeted","70","5","95","95","10.284984280761744","77.26327442411585","77.26327442411585","fixed","1","1","50","2351","15","50","22611937","v2.0-design-v1.0","11.5","10.100000000000001","1.3999999999999986","80.36297640653358","true","24.816","16.215999999999998","50","88.5","101","300","885","932","103","47","12","31","13","5150","2214","541","1775","620","43","2316","10.3","0","50","1000","1997","3.994","97","5.765345020309114","0","46.4","3.5656565656565657","10","700","103"
"166","BA","1000","2","0.1","30","0.1","0.5","1","platform","targeted","70","5","95","95","10.284984280761744","77.26327442411585","77.26327442411585","fixed","1","1","50","2351","16","50","22611938","v2.0-design-v1.0","11.299999999999997","10.7","0.5999999999999979","84.52422446845591","true","25.427999999999994","16.623999999999995","50","88.7","107","300","887","952","103","65","3","25","10","5150","2425","444","1592","689","28","2036","10.3","0","50","1000","1997","3.994","84","5.185060158652822","0","41.1","3.6191919191919193","10","700","103"
"168","BA","1000","2","0.1","30","0.1","0.5","1","platform","targeted","70","5","95","95","10.284984280761744","77.26327442411585","77.26327442411585","fixed","1","1","50","2351","18","50","22611940","v2.0-design-v1.0","11.5","10.4","1.0999999999999996","81.95621468926554","true","25.282000000000004","16.552","50","88.5","104","300","885","936","103","51","7","26","19","5150","2321","511","1633","685","33","2144","10.3","0","50","1000","1997","3.994","69","4.912646750795133","0","39.9","3.6313131313131315","10","700","103"
"167","BA","1000","2","0.1","30","0.1","0.5","1","platform","targeted","70","5","95","95","10.284984280761744","77.26327442411585","77.26327442411585","fixed","1","1","50","2351","17","50","22611939","v2.0-design-v1.0","10.700000000000003","9.9","0.8000000000000025","83.13169720013826","true","23.720000000000006","15.237999999999998","50","89.3","99","300","893","948","103","55","6","26","16","5150","2405","488","1507","750","32","1995","10.3","0","50","1000","1997","3.994","74","4.97380163483654","0","40.6","3.624242424242424","10","700","103"
"169","BA","1000","2","0.1","30","0.1","0.5","1","platform","targeted","70","5","95","95","10.284984280761744","77.26327442411585","77.26327442411585","fixed","1","1","50","2351","19","50","22611941","v2.0-design-v1.0","10.900000000000006","9.9","1.0000000000000053","83.22580645161291","true","23.10599999999999","14.74","50","89.1","99","300","891","945","103","54","6","28","15","5150","2322","468","1599","761","34","2067","10.3","0","50","1000","1997","3.994","80","5.20798301524563","0","43.8","3.591919191919192","10","700","103"
"170","BA","1000","2","0.1","30","0.1","0.5","1","platform","targeted","70","5","95","95","10.284984280761744","77.26327442411585","77.26327442411585","fixed","1","1","50","2351","20","50","22611942","v2.0-design-v1.0","10.900000000000006","10.299999999999999","0.6000000000000068","85.95890410958904","true","24.037999999999993","15.200000000000003","50","89.1","103","300","891","945","103","54","7","27","15","5150","2510","410","1518","712","34","1928","10.3","0","50","1000","1997","3.994","57","4.880141368831409","0","40.8","3.6222222222222222","10","700","103"
"171","BA","1000","2","0.1","30","0.1","0.5","1","platform","targeted","70","5","95","95","10.284984280761744","77.26327442411585","77.26327442411585","fixed","1","1","50","2351","21","50","22611943","v2.0-design-v1.0","10.399999999999991","10.100000000000001","0.29999999999999005","83.33915473279777","true","24.825999999999993","16.428000000000004","50","89.60000000000001","101","300","896","947","103","51","6","27","19","5150","2386","477","1611","676","33","2088","10.3","0","50","1000","1997","3.994","83","5.237881193707937","0","43.9","3.590909090909091","10","700","103"
"173","BA","1000","2","0.1","30","0.1","0.5","1","platform","targeted","70","5","95","95","10.284984280761744","77.26327442411585","77.26327442411585","fixed","1","1","50","2351","23","50","22611945","v2.0-design-v1.0","12.700000000000003","11.1","1.6000000000000032","82.9624478442281","true","25.518000000000008","16.128","50","87.3","111","300","873","942","103","69","9","19","6","5150","2386","490","1587","687","28","2077","10.3","0","50","1000","1997","3.994","53","4.611640839357628","0","39.5","3.6353535353535356","10","700","103"
"172","BA","1000","2","0.1","30","0.1","0.5","1","platform","targeted","70","5","95","95","10.284984280761744","77.26327442411585","77.26327442411585","fixed","1","1","50","2351","22","50","22611944","v2.0-design-v1.0","11","10.6","0.40000000000000036","83.48845225784213","true","24.991999999999997","16.490000000000002","50","89","106","300","890","937","103","47","12","24","20","5150","2422","479","1542","707","36","2021","10.3","0","50","1000","1997","3.994","68","4.79885329979912","0","37.6","3.6545454545454548","10","700","103"
"175","BA","1000","2","0.1","30","0.1","0.5","1","platform","targeted","70","5","95","95","10.284984280761744","77.26327442411585","77.26327442411585","fixed","1","1","50","2351","25","50","22611947","v2.0-design-v1.0","11.299999999999997","9.9","1.3999999999999968","82.88826423049895","true","23.892000000000003","15.630000000000003","50","88.7","99","300","887","941","103","54","4","38","7","5150","2359","487","1615","689","42","2102","10.3","0","50","1000","1997","3.994","117","5.939633258311786","0","45.7","3.5727272727272728","10","700","103"
"174","BA","1000","2","0.1","30","0.1","0.5","1","platform","targeted","70","5","95","95","10.284984280761744","77.26327442411585","77.26327442411585","fixed","1","1","50","2351","24","50","22611946","v2.0-design-v1.0","10.799999999999997","10.5","0.29999999999999716","82.10896309314587","true","25.637999999999998","16.989999999999995","50","89.2","105","300","892","936","103","44","12","26","21","5150","2336","509","1579","726","38","2088","10.3","0","50","1000","1997","3.994","64","5.056038718950581","0","42.9","3.601010101010101","10","700","103"
"176","BA","1000","2","0.1","30","0.1","0.5","1","platform","targeted","70","5","95","95","10.284984280761744","77.26327442411585","77.26327442411585","fixed","1","1","50","2351","26","50","22611948","v2.0-design-v1.0","11.5","10.299999999999999","1.200000000000001","82.77817150956767","true","27.095999999999993","18.42","50","88.5","103","300","885","930","103","45","8","31","19","5150","2336","486","1650","678","39","2136","10.3","0","50","1000","1997","3.994","95","5.373717599654892","0","43.6","3.5939393939393938","10","700","103"
"178","BA","1000","2","0.1","30","0.1","0.5","1","platform","targeted","70","5","95","95","10.284984280761744","77.26327442411585","77.26327442411585","fixed","1","1","50","2351","28","50","22611950","v2.0-design-v1.0","11.099999999999994","10.9","0.19999999999999396","83.26861983762795","true","23.895999999999994","14.694","50","88.9","109","300","889","941","103","52","5","29","17","5150","2359","474","1642","675","34","2116","10.3","0","50","1000","1997","3.994","85","5.118022875892414","0","41.6","3.614141414141414","10","700","103"
"177","BA","1000","2","0.1","30","0.1","0.5","1","platform","targeted","70","5","95","95","10.284984280761744","77.26327442411585","77.26327442411585","fixed","1","1","50","2351","27","50","22611949","v2.0-design-v1.0","11","9.8","1.1999999999999993","83.07365439093485","true","24.48400000000001","16.486","50","89","98","300","890","941","103","51","5","28","19","5150","2346","478","1627","699","33","2105","10.3","0","50","1000","1997","3.994","99","5.637707667815673","0","48.3","3.5464646464646465","10","700","103"
"179","BA","1000","2","0.1","30","0.1","0.5","1","platform","targeted","70","5","95","95","10.284984280761744","77.26327442411585","77.26327442411585","fixed","1","1","50","2351","29","50","22611951","v2.0-design-v1.0","11.599999999999994","10.299999999999999","1.2999999999999954","84.78638416116708","true","24.694000000000003","16.575999999999993","50","88.4","103","300","884","938","103","54","5","32","12","5150","2441","438","1556","715","37","1994","10.3","0","50","1000","1997","3.994","80","5.166493652048418","0","43","3.6","10","700","103"
"180","BA","1000","2","0.1","30","0.1","0.5","1","platform","targeted","70","5","95","95","10.284984280761744","77.26327442411585","77.26327442411585","fixed","1","1","50","2351","30","50","22611952","v2.0-design-v1.0","10.599999999999994","9.9","0.699999999999994","83.52292312995519","true","23.43799999999999","15.272000000000007","50","89.4","99","300","894","947","103","53","7","30","13","5150","2423","478","1526","723","37","2004","10.3","0","50","1000","1997","3.994","66","5.1422180434522895","0","43.2","3.597979797979798","10","700","103"
"181","BA","1000","2","0.1","30","0.1","0.5","1","platform","targeted","70","5","95","95","2.905369027872804","64.16994131179653","64.16994131179653","fixed","1","1","50","2352","1","50","22612923","v2.0-design-v1.0","2.299999999999997","2.3","-2.6645352591003757E-15","93.22222222222221","true","11.552","9.906000000000002","50","97.7","23","300","977","998","29","21","0","2","6","1450","839","61","101","449","2","162","2.9","0","50","1000","1997","3.994","88","5.569468824132412","0","46.6","3.5636363636363635","10","700","29"
"182","BA","1000","2","0.1","30","0.1","0.5","1","platform","targeted","70","5","95","95","2.905369027872804","64.16994131179653","64.16994131179653","fixed","1","1","50","2352","2","50","22612924","v2.0-design-v1.0","2.4000000000000057","2","0.4000000000000057","93.69988545246277","true","11.566000000000006","10.014","50","97.6","20","300","976","994","29","18","1","4","6","1450","818","55","125","452","5","180","2.9","0","50","1000","1997","3.994","100","5.783546784924743","0","48.4","3.5454545454545454","10","700","29"
"183","BA","1000","2","0.1","30","0.1","0.5","1","platform","targeted","70","5","95","95","2.905369027872804","64.16994131179653","64.16994131179653","fixed","1","1","50","2352","3","50","22612925","v2.0-design-v1.0","2","2.6","-0.6000000000000001","91.37931034482759","true","10.636","8.604000000000003","50","98","26","300","980","995","29","15","0","3","11","1450","795","75","110","470","3","185","2.9","0","50","1000","1997","3.994","58","4.886700711507073","0","42.4","3.606060606060606","10","700","29"
"184","BA","1000","2","0.1","30","0.1","0.5","1","platform","targeted","70","5","95","95","2.905369027872804","64.16994131179653","64.16994131179653","fixed","1","1","50","2352","4","50","22612926","v2.0-design-v1.0","2.1000000000000085","2.6","-0.49999999999999156","91.51982378854625","true","11.068","8.865999999999996","50","97.89999999999999","26","300","979","997","29","18","0","2","9","1450","831","77","115","427","2","192","2.9","0","50","1000","1997","3.994","101","5.300949354980104","0","41.4","3.6161616161616164","10","700","29"
"185","BA","1000","2","0.1","30","0.1","0.5","1","platform","targeted","70","5","95","95","2.905369027872804","64.16994131179653","64.16994131179653","fixed","1","1","50","2352","5","50","22612927","v2.0-design-v1.0","2.4000000000000057","2.3","0.10000000000000586","90.9090909090909","true","12.284000000000002","10.295999999999998","50","97.6","23","300","976","994","29","18","3","2","6","1450","830","83","132","405","5","215","2.9","0","50","1000","1997","3.994","100","5.586875439561638","0","46.6","3.5636363636363635","10","700","29"
"186","BA","1000","2","0.1","30","0.1","0.5","1","platform","targeted","70","5","95","95","2.905369027872804","64.16994131179653","64.16994131179653","fixed","1","1","50","2352","6","50","22612928","v2.0-design-v1.0","1.9000000000000057","2","-0.09999999999999432","94.27917620137299","true","10.740000000000002","9.306000000000004","50","98.1","20","300","981","999","29","18","0","0","11","1450","824","50","122","454","0","172","2.9","0","50","1000","1997","3.994","76","5.164555802451607","0","43.7","3.592929292929293","10","700","29"
"187","BA","1000","2","0.1","30","0.1","0.5","1","platform","targeted","70","5","95","95","2.905369027872804","64.16994131179653","64.16994131179653","fixed","1","1","50","2352","7","50","22612929","v2.0-design-v1.0","2","2","0","92.94797687861272","true","11.718000000000002","10.006","50","98","20","300","980","996","29","16","2","1","10","1450","804","61","102","483","3","163","2.9","0","50","1000","1997","3.994","70","5.301327010104922","0","44.4","3.585858585858586","10","700","29"
"188","BA","1000","2","0.1","30","0.1","0.5","1","platform","targeted","70","5","95","95","2.905369027872804","64.16994131179653","64.16994131179653","fixed","1","1","50","2352","8","50","22612930","v2.0-design-v1.0","1.9000000000000057","2","-0.09999999999999432","92.67734553775743","true","10.797999999999996","9.154000000000003","50","98.1","20","300","981","997","29","16","2","0","11","1450","810","64","109","467","2","173","2.9","0","50","1000","1997","3.994","60","4.859998311067968","0","41.7","3.613131313131313","10","700","29"
"189","BA","1000","2","0.1","30","0.1","0.5","1","platform","targeted","70","5","95","95","2.905369027872804","64.16994131179653","64.16994131179653","fixed","1","1","50","2352","9","50","22612931","v2.0-design-v1.0","2.1000000000000085","2.1","8.43769498715119E-15","93.77203290246769","true","11.39000000000001","9.840000000000002","50","97.89999999999999","21","300","979","996","29","17","1","2","9","1450","798","53","134","465","3","187","2.9","0","50","1000","1997","3.994","87","5.450474444639805","0","44.1","3.588888888888889","10","700","29"
"190","BA","1000","2","0.1","30","0.1","0.5","1","platform","targeted","70","5","95","95","2.905369027872804","64.16994131179653","64.16994131179653","fixed","1","1","50","2352","10","50","22612932","v2.0-design-v1.0","2","2.4","-0.3999999999999999","93.59823399558499","true","10.704000000000002","8.892000000000003","50","98","24","300","980","1000","29","20","0","0","9","1450","848","58","96","448","0","154","2.9","0","50","1000","1997","3.994","99","5.407143534362767","0","43.4","3.595959595959596","10","700","29"
"191","BA","1000","2","0.1","30","0.1","0.5","1","platform","targeted","70","5","95","95","2.905369027872804","64.16994131179653","64.16994131179653","fixed","1","1","50","2352","11","50","22612933","v2.0-design-v1.0","2.4000000000000057","2.3","0.10000000000000586","88.52838933951332","true","11.282000000000004","9.314000000000005","50","97.6","23","300","976","994","29","18","1","4","6","1450","764","99","158","429","5","257","2.9","0","50","1000","1997","3.994","95","5.421010178126514","0","44.8","3.581818181818182","10","700","29"
"192","BA","1000","2","0.1","30","0.1","0.5","1","platform","targeted","70","5","95","95","2.905369027872804","64.16994131179653","64.16994131179653","fixed","1","1","50","2352","12","50","22612934","v2.0-design-v1.0","2.200000000000003","2.1","0.10000000000000275","93.5632183908046","true","11.006000000000002","9.448","50","97.8","21","300","978","995","29","17","0","4","8","1450","814","56","109","471","4","165","2.9","0","50","1000","1997","3.994","63","4.958280805737858","0","42.3","3.607070707070707","10","700","29"
"193","BA","1000","2","0.1","30","0.1","0.5","1","platform","targeted","70","5","95","95","2.905369027872804","64.16994131179653","64.16994131179653","fixed","1","1","50","2352","13","50","22612935","v2.0-design-v1.0","2","2.1999999999999997","-0.19999999999999973","92.04035874439462","true","11.107999999999997","9.200000000000006","50","98","22","300","980","993","29","13","3","3","10","1450","821","71","116","442","6","187","2.9","0","50","1000","1997","3.994","80","5.701093444810947","0","50.2","3.5272727272727273","10","700","29"
"194","BA","1000","2","0.1","30","0.1","0.5","1","platform","targeted","70","5","95","95","2.905369027872804","64.16994131179653","64.16994131179653","fixed","1","1","50","2352","14","50","22612936","v2.0-design-v1.0","1.9000000000000057","2.3","-0.39999999999999414","92.97658862876254","true","12.032000000000005","10.021999999999998","50","98.1","23","300","981","998","29","17","0","1","11","1450","834","63","107","446","1","170","2.9","0","50","1000","1997","3.994","83","5.376883379326238","0","45.3","3.576767676767677","10","700","29"
"196","BA","1000","2","0.1","30","0.1","0.5","1","platform","targeted","70","5","95","95","2.905369027872804","64.16994131179653","64.16994131179653","fixed","1","1","50","2352","16","50","22612938","v2.0-design-v1.0","2.1000000000000085","2.1","8.43769498715119E-15","92.10220673635308","true","11.534000000000006","9.912000000000004","50","97.89999999999999","21","300","979","993","29","14","2","2","11","1450","793","68","119","470","4","187","2.9","0","50","1000","1997","3.994","92","5.488359143321981","0","45.8","3.5717171717171716","10","700","29"
"195","BA","1000","2","0.1","30","0.1","0.5","1","platform","targeted","70","5","95","95","2.905369027872804","64.16994131179653","64.16994131179653","fixed","1","1","50","2352","15","50","22612937","v2.0-design-v1.0","1.7000000000000028","2.3","-0.599999999999997","91.18993135011442","true","11.749999999999995","9.754000000000005","50","98.3","23","300","983","997","29","14","1","2","12","1450","797","77","109","467","3","186","2.9","0","50","1000","1997","3.994","66","4.782136847982579","0","39","3.6404040404040403","10","700","29"
"197","BA","1000","2","0.1","30","0.1","0.5","1","platform","targeted","70","5","95","95","2.905369027872804","64.16994131179653","64.16994131179653","fixed","1","1","50","2352","17","50","22612939","v2.0-design-v1.0","2.1000000000000085","2.6","-0.49999999999999156","94.29530201342283","true","10.474000000000006","8.581999999999999","50","97.89999999999999","26","300","979","996","29","17","2","1","9","1450","843","51","99","457","3","150","2.9","0","50","1000","1997","3.994","114","5.429497531396747","0","40.4","3.6262626262626263","10","700","29"
"198","BA","1000","2","0.1","30","0.1","0.5","1","platform","targeted","70","5","95","95","2.905369027872804","64.16994131179653","64.16994131179653","fixed","1","1","50","2352","18","50","22612940","v2.0-design-v1.0","1.7999999999999972","2.1999999999999997","-0.4000000000000026","93.63128491620112","true","10.642000000000001","8.882000000000003","50","98.2","22","300","982","1000","29","18","0","0","11","1450","838","57","91","464","0","148","2.9","0","50","1000","1997","3.994","58","5.003298611615832","0","43.8","3.591919191919192","10","700","29"
"199","BA","1000","2","0.1","30","0.1","0.5","1","platform","targeted","70","5","95","95","2.905369027872804","64.16994131179653","64.16994131179653","fixed","1","1","50","2352","19","50","22612941","v2.0-design-v1.0","1.7000000000000028","2.3","-0.599999999999997","92.82407407407408","true","10.838000000000001","9.024000000000001","50","98.3","23","300","983","998","29","15","0","1","13","1450","802","62","108","478","1","170","2.9","0","50","1000","1997","3.994","73","5.044145855088579","0","41.8","3.6121212121212123","10","700","29"
"200","BA","1000","2","0.1","30","0.1","0.5","1","platform","targeted","70","5","95","95","2.905369027872804","64.16994131179653","64.16994131179653","fixed","1","1","50","2352","20","50","22612942","v2.0-design-v1.0","1.7999999999999972","2.6","-0.8000000000000029","93.34085778781038","true","10.560000000000002","8.844000000000001","50","98.2","26","300","982","1000","29","18","0","0","11","1450","827","59","111","453","0","170","2.9","0","50","1000","1997","3.994","108","5.750916191098332","0","45.4","3.5757575757575757","10","700","29"
"201","BA","1000","2","0.1","30","0.1","0.5","1","platform","targeted","70","5","95","95","2.905369027872804","64.16994131179653","64.16994131179653","fixed","1","1","50","2352","21","50","22612943","v2.0-design-v1.0","2.4000000000000057","2.1","0.3000000000000056","94.15011037527594","true","11.323999999999996","9.614","50","97.6","21","300","976","996","29","20","1","1","7","1450","853","53","104","440","2","157","2.9","0","50","1000","1997","3.994","65","5.015887072405335","0","42","3.61010101010101","10","700","29"
"202","BA","1000","2","0.1","30","0.1","0.5","1","platform","targeted","70","5","95","95","2.905369027872804","64.16994131179653","64.16994131179653","fixed","1","1","50","2352","22","50","22612944","v2.0-design-v1.0","1.4000000000000057","2.3","-0.8999999999999941","93.75722543352602","true","11.443999999999996","9.516000000000004","50","98.6","23","300","986","999","29","13","0","1","15","1450","811","54","117","468","1","171","2.9","0","50","1000","1997","3.994","52","4.598381140043634","0","36.1","3.66969696969697","10","700","29"
"203","BA","1000","2","0.1","30","0.1","0.5","1","platform","targeted","70","5","95","95","2.905369027872804","64.16994131179653","64.16994131179653","fixed","1","1","50","2352","23","50","22612945","v2.0-design-v1.0","1.7999999999999972","2.4","-0.6000000000000028","92.69729093050648","true","10.913999999999994","9.038","50","98.2","24","300","982","998","29","16","1","0","12","1450","787","62","119","482","1","181","2.9","0","50","1000","1997","3.994","107","5.76378219446095","0","45.2","3.577777777777778","10","700","29"
"204","BA","1000","2","0.1","30","0.1","0.5","1","platform","targeted","70","5","95","95","2.905369027872804","64.16994131179653","64.16994131179653","fixed","1","1","50","2352","24","50","22612946","v2.0-design-v1.0","2","2.6","-0.6000000000000001","93.46846846846847","true","12.062000000000005","10.062000000000003","50","98","26","300","980","995","29","15","1","4","9","1450","830","58","106","456","5","164","2.9","0","50","1000","1997","3.994","89","5.227168190070719","0","41.9","3.611111111111111","10","700","29"
"205","BA","1000","2","0.1","30","0.1","0.5","1","platform","targeted","70","5","95","95","2.905369027872804","64.16994131179653","64.16994131179653","fixed","1","1","50","2352","25","50","22612947","v2.0-design-v1.0","2.200000000000003","2.3","-0.09999999999999698","94.25947187141217","true","10.664000000000009","8.810000000000004","50","97.8","23","300","978","997","29","19","0","1","9","1450","821","50","116","463","1","166","2.9","0","50","1000","1997","3.994","121","5.461299276709681","0","40.3","3.6272727272727274","10","700","29"
"206","BA","1000","2","0.1","30","0.1","0.5","1","platform","targeted","70","5","95","95","2.905369027872804","64.16994131179653","64.16994131179653","fixed","1","1","50","2352","26","50","22612948","v2.0-design-v1.0","1.7000000000000028","2.3","-0.599999999999997","93.03135888501743","true","11.769999999999998","9.798000000000007","50","98.3","23","300","983","995","29","12","3","2","12","1450","801","60","104","485","5","164","2.9","0","50","1000","1997","3.994","86","4.901222907192234","0","38.8","3.6424242424242426","10","700","29"
"208","BA","1000","2","0.1","30","0.1","0.5","1","platform","targeted","70","5","95","95","2.905369027872804","64.16994131179653","64.16994131179653","fixed","1","1","50","2352","28","50","22612950","v2.0-design-v1.0","2","2.1999999999999997","-0.19999999999999973","93.89671361502347","true","11.553999999999997","9.950000000000001","50","98","22","300","980","997","29","17","1","1","10","1450","800","52","98","500","2","150","2.9","0","50","1000","1997","3.994","99","5.338395120489147","0","40","3.6303030303030304","10","700","29"
"207","BA","1000","2","0.1","30","0.1","0.5","1","platform","targeted","70","5","95","95","2.905369027872804","64.16994131179653","64.16994131179653","fixed","1","1","50","2352","27","50","22612949","v2.0-design-v1.0","2.1000000000000085","2.4","-0.2999999999999914","92.43119266055045","true","11.410000000000002","9.586","50","97.89999999999999","24","300","979","996","29","17","1","1","10","1450","806","66","120","458","2","186","2.9","0","50","1000","1997","3.994","87","5.541721273636431","0","48.9","3.54040404040404","10","700","29"
"209","BA","1000","2","0.1","30","0.1","0.5","1","platform","targeted","70","5","95","95","2.905369027872804","64.16994131179653","64.16994131179653","fixed","1","1","50","2352","29","50","22612951","v2.0-design-v1.0","1.2999999999999972","2.1999999999999997","-0.9000000000000026","92.76018099547511","true","10.99","9.442","50","98.7","22","300","987","999","29","12","0","1","16","1450","820","64","108","458","1","172","2.9","0","50","1000","1997","3.994","76","5.205868329593534","0","43.7","3.592929292929293","10","700","29"
"210","BA","1000","2","0.1","30","0.1","0.5","1","platform","targeted","70","5","95","95","2.905369027872804","64.16994131179653","64.16994131179653","fixed","1","1","50","2352","30","50","22612952","v2.0-design-v1.0","1.5","2.1999999999999997","-0.6999999999999997","92.56756756756756","true","11.716000000000003","9.768","50","98.5","22","300","985","997","29","12","1","2","14","1450","822","66","107","455","3","173","2.9","0","50","1000","1997","3.994","80","5.407513773001887","0","45.9","3.5707070707070705","10","700","29"
"212","BA","1000","2","0.1","30","0.1","0.5","1","platform","targeted","70","5","95","95","26.793272052938235","75.1483527690034","75.1483527690034","fixed","1","1","50","2353","2","50","22613924","v2.0-design-v1.0","35.7","29.599999999999998","6.100000000000005","58.17918026840769","true","50.16800000000001","23.666","50","64.3","296","300","643","731","268","88","38","114","28","13400","3208","2306","6841","1045","152","9147","26.8","0","50","1000","1997","3.994","71","5.040771109004378","0","43.4","3.595959595959596","10","700","268"
"211","BA","1000","2","0.1","30","0.1","0.5","1","platform","targeted","70","5","95","95","26.793272052938235","75.1483527690034","75.1483527690034","fixed","1","1","50","2353","1","50","22613923","v2.0-design-v1.0","39.1","29.4","9.700000000000003","58.4458834412581","true","50.593999999999994","24.689999999999987","50","60.9","294","300","609","678","268","69","35","142","22","13400","3159","2246","6968","1027","177","9214","26.8","0","50","1000","1997","3.994","64","5.017483347171076","0","41.8","3.6121212121212123","10","700","268"
"213","BA","1000","2","0.1","30","0.1","0.5","1","platform","targeted","70","5","95","95","26.793272052938235","75.1483527690034","75.1483527690034","fixed","1","1","50","2353","3","50","22613925","v2.0-design-v1.0","37.3","29.299999999999997","8","59.535895576504714","true","51.67199999999999","25.754","50","62.7","293","300","627","705","268","78","41","122","27","13400","3284","2232","6808","1076","163","9040","26.8","0","50","1000","1997","3.994","82","4.859174371801803","0","38.8","3.6424242424242426","10","700","268"
"214","BA","1000","2","0.1","30","0.1","0.5","1","platform","targeted","70","5","95","95","26.793272052938235","75.1483527690034","75.1483527690034","fixed","1","1","50","2353","4","50","22613926","v2.0-design-v1.0","36.4","29.299999999999997","7.100000000000001","59.38634713144517","true","49.794","24.006000000000004","50","63.6","293","300","636","716","268","80","52","107","29","13400","3271","2237","6756","1136","159","8993","26.8","0","50","1000","1997","3.994","73","5.4134341474953915","0","45.5","3.5747474747474746","10","700","268"
"215","BA","1000","2","0.1","30","0.1","0.5","1","platform","targeted","70","5","95","95","26.793272052938235","75.1483527690034","75.1483527690034","fixed","1","1","50","2353","5","50","22613927","v2.0-design-v1.0","37.7","28.9","8.800000000000004","58.62388724035609","true","51.42999999999999","25.717999999999996","50","62.3","289","300","623","698","268","75","48","123","22","13400","3161","2231","6950","1058","171","9181","26.8","0","50","1000","1997","3.994","100","5.456715105238646","0","44.8","3.581818181818182","10","700","268"
"216","BA","1000","2","0.1","30","0.1","0.5","1","platform","targeted","70","5","95","95","26.793272052938235","75.1483527690034","75.1483527690034","fixed","1","1","50","2353","6","50","22613928","v2.0-design-v1.0","38.800000000000004","28.599999999999998","10.200000000000006","60.870350306970025","true","49.788000000000004","24.66000000000001","50","61.199999999999996","286","300","612","689","268","77","38","131","22","13400","3371","2167","6720","1142","169","8887","26.8","0","50","1000","1997","3.994","89","5.201636379161941","0","40.9","3.621212121212121","10","700","268"
"217","BA","1000","2","0.1","30","0.1","0.5","1","platform","targeted","70","5","95","95","26.793272052938235","75.1483527690034","75.1483527690034","fixed","1","1","50","2353","7","50","22613929","v2.0-design-v1.0","37.4","30.5","6.899999999999999","58.64152325155621","true","52.06000000000001","25.76200000000001","50","62.6","305","300","626","710","268","84","29","127","28","13400","3203","2259","6874","1064","156","9133","26.8","0","50","1000","1997","3.994","49","4.652914528939203","0","38.4","3.6464646464646466","10","700","268"
"218","BA","1000","2","0.1","30","0.1","0.5","1","platform","targeted","70","5","95","95","26.793272052938235","75.1483527690034","75.1483527690034","fixed","1","1","50","2353","8","50","22613930","v2.0-design-v1.0","40.2","29.2","11.000000000000004","58.70556061987238","true","52.236","26.594000000000005","50","59.8","292","300","598","666","268","68","44","137","19","13400","3220","2265","6881","1034","181","9146","26.8","0","50","1000","1997","3.994","65","4.8809617687283415","0","39.7","3.6333333333333333","10","700","268"
"219","BA","1000","2","0.1","30","0.1","0.5","1","platform","targeted","70","5","95","95","26.793272052938235","75.1483527690034","75.1483527690034","fixed","1","1","50","2353","9","50","22613931","v2.0-design-v1.0","37.2","30.5","6.700000000000003","58.46633645202714","true","52.37","25.33","50","62.8","305","300","628","710","268","82","47","102","37","13400","3187","2264","6874","1075","149","9138","26.8","0","50","1000","1997","3.994","89","5.530872856480657","0","47.2","3.5575757575757576","10","700","268"
"220","BA","1000","2","0.1","30","0.1","0.5","1","platform","targeted","70","5","95","95","26.793272052938235","75.1483527690034","75.1483527690034","fixed","1","1","50","2353","10","50","22613932","v2.0-design-v1.0","40","30.2","9.8","58.66305329719964","true","52.815999999999995","26.019999999999996","50","60","302","300","600","680","268","80","46","115","27","13400","3247","2288","6774","1091","161","9062","26.8","0","50","1000","1997","3.994","64","4.683577681633966","0","37.3","3.6575757575757577","10","700","268"
"221","BA","1000","2","0.1","30","0.1","0.5","1","platform","targeted","70","5","95","95","26.793272052938235","75.1483527690034","75.1483527690034","fixed","1","1","50","2353","11","50","22613933","v2.0-design-v1.0","37.5","30.3","7.199999999999999","59.6269884805266","true","49.82","23.100000000000005","50","62.5","303","300","625","700","268","75","44","127","22","13400","3261","2208","6792","1139","171","9000","26.8","0","50","1000","1997","3.994","172","7.061857675840973","0","52","3.5090909090909093","10","700","268"
"222","BA","1000","2","0.1","30","0.1","0.5","1","platform","targeted","70","5","95","95","26.793272052938235","75.1483527690034","75.1483527690034","fixed","1","1","50","2353","12","50","22613934","v2.0-design-v1.0","36","28.4","7.600000000000001","60.415899889584104","true","49.64","24.436000000000007","50","64","284","300","640","710","268","70","37","127","34","13400","3283","2151","6882","1084","164","9033","26.8","0","50","1000","1997","3.994","91","5.646401141067267","0","46.6","3.5636363636363635","10","700","268"
"223","BA","1000","2","0.1","30","0.1","0.5","1","platform","targeted","70","5","95","95","26.793272052938235","75.1483527690034","75.1483527690034","fixed","1","1","50","2353","13","50","22613935","v2.0-design-v1.0","39.5","28.999999999999996","10.500000000000004","57.605057642246194","true","52.06800000000001","26.574","50","60.5","290","300","605","676","268","71","41","135","21","13400","3098","2280","7024","998","176","9304","26.8","0","50","1000","1997","3.994","90","5.771418653439829","0","47.5","3.5545454545454547","10","700","268"
"224","BA","1000","2","0.1","30","0.1","0.5","1","platform","targeted","70","5","95","95","26.793272052938235","75.1483527690034","75.1483527690034","fixed","1","1","50","2353","14","50","22613936","v2.0-design-v1.0","37.1","29.5","7.600000000000001","59.24645067346196","true","50.633999999999986","24.73199999999998","50","62.9","295","300","629","703","268","74","44","125","25","13400","3255","2239","6877","1029","169","9116","26.8","0","50","1000","1997","3.994","64","4.928920597682431","0","40.6","3.624242424242424","10","700","268"
"226","BA","1000","2","0.1","30","0.1","0.5","1","platform","targeted","70","5","95","95","26.793272052938235","75.1483527690034","75.1483527690034","fixed","1","1","50","2353","16","50","22613938","v2.0-design-v1.0","38.1","29.7","8.400000000000002","59.75193241056984","true","49.352","23.228000000000005","50","61.9","297","300","619","702","268","83","45","121","19","13400","3324","2239","6730","1107","166","8969","26.8","0","50","1000","1997","3.994","83","5.339894987589022","0","44.1","3.588888888888889","10","700","268"
"227","BA","1000","2","0.1","30","0.1","0.5","1","platform","targeted","70","5","95","95","26.793272052938235","75.1483527690034","75.1483527690034","fixed","1","1","50","2353","17","50","22613939","v2.0-design-v1.0","35.3","28.599999999999998","6.699999999999999","60.879712746858175","true","48.374","22.992000000000008","50","64.7","286","300","647","717","268","70","36","133","29","13400","3391","2179","6682","1148","169","8861","26.8","0","50","1000","1997","3.994","69","5.098230669159237","0","42.4","3.606060606060606","10","700","268"
"225","BA","1000","2","0.1","30","0.1","0.5","1","platform","targeted","70","5","95","95","26.793272052938235","75.1483527690034","75.1483527690034","fixed","1","1","50","2353","15","50","22613937","v2.0-design-v1.0","40.7","29.7","11.000000000000004","58.808385435822","true","51.48600000000001","24.979999999999997","50","59.3","297","300","593","664","268","71","45","129","23","13400","3198","2240","6911","1051","174","9151","26.8","0","50","1000","1997","3.994","83","5.19084857310525","0","42.2","3.608080808080808","10","700","268"
"228","BA","1000","2","0.1","30","0.1","0.5","1","platform","targeted","70","5","95","95","26.793272052938235","75.1483527690034","75.1483527690034","fixed","1","1","50","2353","18","50","22613940","v2.0-design-v1.0","39","29.599999999999998","9.400000000000002","57.82262543973338","true","52.99199999999999","26.768000000000008","50","61","296","300","610","694","268","84","46","116","22","13400","3123","2278","6926","1073","162","9204","26.8","0","50","1000","1997","3.994","82","5.165524818123184","0","42.8","3.602020202020202","10","700","268"
"229","BA","1000","2","0.1","30","0.1","0.5","1","platform","targeted","70","5","95","95","26.793272052938235","75.1483527690034","75.1483527690034","fixed","1","1","50","2353","19","50","22613941","v2.0-design-v1.0","38","28.7","9.3","59.46619217081851","true","51.30199999999999","25.703999999999997","50","62","287","300","620","696","268","76","31","131","30","13400","3342","2278","6734","1046","162","9012","26.8","0","50","1000","1997","3.994","62","4.813016635035558","0","39.7","3.6333333333333333","10","700","268"
"230","BA","1000","2","0.1","30","0.1","0.5","1","platform","targeted","70","5","95","95","26.793272052938235","75.1483527690034","75.1483527690034","fixed","1","1","50","2353","20","50","22613942","v2.0-design-v1.0","36.1","27.3","8.8","54.917287765860756","true","52.336000000000006","27.61599999999999","50","63.9","273","300","639","710","268","71","48","116","33","13400","3021","2480","6973","926","164","9453","26.8","0","50","1000","1997","3.994","79","5.110781161826831","0","40.5","3.625252525252525","10","700","268"
"231","BA","1000","2","0.1","30","0.1","0.5","1","platform","targeted","70","5","95","95","26.793272052938235","75.1483527690034","75.1483527690034","fixed","1","1","50","2353","21","50","22613943","v2.0-design-v1.0","38.9","29.299999999999997","9.600000000000001","59.3681917211329","true","50.13000000000002","23.898000000000003","50","61.1","293","300","611","686","268","75","53","120","20","13400","3270","2238","6814","1078","173","9052","26.8","0","50","1000","1997","3.994","76","5.313397801425761","0","45.7","3.5727272727272728","10","700","268"
"232","BA","1000","2","0.1","30","0.1","0.5","1","platform","targeted","70","5","95","95","26.793272052938235","75.1483527690034","75.1483527690034","fixed","1","1","50","2353","22","50","22613944","v2.0-design-v1.0","38.2","29.4","8.800000000000004","56.4097779436462","true","51.89199999999999","25.664","50","61.8","294","300","618","692","268","74","35","127","32","13400","3023","2336","6980","1061","162","9316","26.8","0","50","1000","1997","3.994","92","5.34682640007626","0","43.1","3.598989898989899","10","700","268"
"233","BA","1000","2","0.1","30","0.1","0.5","1","platform","targeted","70","5","95","95","26.793272052938235","75.1483527690034","75.1483527690034","fixed","1","1","50","2353","23","50","22613945","v2.0-design-v1.0","38.4","29.099999999999998","9.3","58.55408388520972","true","50.894000000000005","25.147999999999993","50","61.6","291","300","616","704","268","88","39","117","24","13400","3183","2253","6903","1061","156","9156","26.8","0","50","1000","1997","3.994","150","6.289477046744176","0","46.8","3.5616161616161617","10","700","268"
"235","BA","1000","2","0.1","30","0.1","0.5","1","platform","targeted","70","5","95","95","26.793272052938235","75.1483527690034","75.1483527690034","fixed","1","1","50","2353","25","50","22613947","v2.0-design-v1.0","38.800000000000004","30.099999999999998","8.700000000000006","60.25901942645698","true","50.20800000000001","23.738000000000003","50","61.199999999999996","301","300","612","688","268","76","40","127","25","13400","3257","2148","6962","1033","167","9110","26.8","0","50","1000","1997","3.994","73","5.600833271338583","0","49.4","3.5353535353535355","10","700","268"
"234","BA","1000","2","0.1","30","0.1","0.5","1","platform","targeted","70","5","95","95","26.793272052938235","75.1483527690034","75.1483527690034","fixed","1","1","50","2353","24","50","22613946","v2.0-design-v1.0","35.2","28.499999999999996","6.700000000000006","59.4039971448965","true","48.847999999999985","23.382","50","64.8","285","300","648","722","268","74","36","130","28","13400","3329","2275","6667","1129","166","8942","26.8","0","50","1000","1997","3.994","97","5.862963272811663","0","48.9","3.54040404040404","10","700","268"
"237","BA","1000","2","0.1","30","0.1","0.5","1","platform","targeted","70","5","95","95","26.793272052938235","75.1483527690034","75.1483527690034","fixed","1","1","50","2353","27","50","22613949","v2.0-design-v1.0","38.1","29.099999999999998","9.000000000000004","59.54086317722681","true","51.80000000000002","26.01000000000001","50","61.9","291","300","619","684","268","65","44","139","20","13400","3242","2203","6855","1100","183","9058","26.8","0","50","1000","1997","3.994","97","5.3182937346716885","0","42.5","3.605050505050505","10","700","268"
"238","BA","1000","2","0.1","30","0.1","0.5","1","platform","targeted","70","5","95","95","26.793272052938235","75.1483527690034","75.1483527690034","fixed","1","1","50","2353","28","50","22613950","v2.0-design-v1.0","35.3","28.299999999999997","7","59.507624471798636","true","49.19200000000001","24.249999999999996","50","64.7","283","300","647","714","268","67","38","130","33","13400","3239","2204","6817","1140","168","9021","26.8","0","50","1000","1997","3.994","115","6.191793141110466","0","48.6","3.5434343434343436","10","700","268"
"236","BA","1000","2","0.1","30","0.1","0.5","1","platform","targeted","70","5","95","95","26.793272052938235","75.1483527690034","75.1483527690034","fixed","1","1","50","2353","26","50","22613948","v2.0-design-v1.0","39.5","29.5","10","58.42241061555473","true","53.00599999999999","26.954000000000015","50","60.5","295","300","605","685","268","80","51","114","23","13400","3170","2256","6933","1041","165","9189","26.8","0","50","1000","1997","3.994","77","5.267799703264505","0","44.7","3.5828282828282827","10","700","268"
"239","BA","1000","2","0.1","30","0.1","0.5","1","platform","targeted","70","5","95","95","26.793272052938235","75.1483527690034","75.1483527690034","fixed","1","1","50","2353","29","50","22613951","v2.0-design-v1.0","38.5","30.2","8.3","59.321408814309414","true","50.02600000000001","23.681999999999995","50","61.5","302","300","615","674","268","59","61","123","25","13400","3217","2206","6883","1094","184","9089","26.8","0","50","1000","1997","3.994","91","5.2066374055692615","0","41.1","3.6191919191919193","10","700","268"
"240","BA","1000","2","0.1","30","0.1","0.5","1","platform","targeted","70","5","95","95","26.793272052938235","75.1483527690034","75.1483527690034","fixed","1","1","50","2353","30","50","22613952","v2.0-design-v1.0","39.5","30.599999999999998","8.900000000000002","59.675090252707584","true","53.181999999999995","26.636","50","60.5","306","300","605","691","268","86","48","111","23","13400","3306","2234","6739","1121","159","8973","26.8","0","50","1000","1997","3.994","73","5.253909741094483","0","43.7","3.592929292929293","10","700","268"
"241","BA","1000","2","0.1","30","0.1","0.5","1","platform","targeted","70","5","95","95","36.62907094182932","87.99949384691818","87.99949384691818","fixed","1","1","50","2354","1","50","22614923","v2.0-design-v1.0","72.4","44.6","27.800000000000004","57.08568738229756","true","75.15","41.88200000000002","50","27.6","446","300","276","327","366","51","45","265","5","18300","2425","1823","13720","332","310","15543","36.6","0","50","1000","1997","3.994","75","5.0702733330335965","0","41.9","3.611111111111111","10","700","366"
"242","BA","1000","2","0.1","30","0.1","0.5","1","platform","targeted","70","5","95","95","36.62907094182932","87.99949384691818","87.99949384691818","fixed","1","1","50","2354","2","50","22614924","v2.0-design-v1.0","73.3","46.400000000000006","26.89999999999999","54.80292659900873","true","75.92200000000001","40.26599999999999","50","26.700000000000003","464","300","267","323","366","56","37","267","6","18300","2322","1915","13760","303","304","15675","36.6","0","50","1000","1997","3.994","79","5.166881134752429","0","42.5","3.605050505050505","10","700","366"
"243","BA","1000","2","0.1","30","0.1","0.5","1","platform","targeted","70","5","95","95","36.62907094182932","87.99949384691818","87.99949384691818","fixed","1","1","50","2354","3","50","22614925","v2.0-design-v1.0","73.7","46.5","27.200000000000003","53.060217176702864","true","77.82400000000001","42.047999999999995","50","26.3","465","300","263","309","366","46","46","268","6","18300","2150","1902","13961","287","314","15863","36.6","0","50","1000","1997","3.994","81","5.427838006557064","0","46.1","3.5686868686868687","10","700","366"
"244","BA","1000","2","0.1","30","0.1","0.5","1","platform","targeted","70","5","95","95","36.62907094182932","87.99949384691818","87.99949384691818","fixed","1","1","50","2354","4","50","22614926","v2.0-design-v1.0","73.3","47.699999999999996","25.6","56.412705994745636","true","76.638","41.33000000000001","50","26.700000000000003","477","300","267","319","366","52","34","276","4","18300","2362","1825","13789","324","310","15614","36.6","0","50","1000","1997","3.994","58","4.638262333835525","0","38","3.6505050505050507","10","700","366"
"245","BA","1000","2","0.1","30","0.1","0.5","1","platform","targeted","70","5","95","95","36.62907094182932","87.99949384691818","87.99949384691818","fixed","1","1","50","2354","5","50","22614927","v2.0-design-v1.0","71","44.800000000000004","26.199999999999996","56.31603123564538","true","73.742","38.952000000000005","50","28.999999999999996","448","300","290","339","366","49","33","282","2","18300","2452","1902","13629","317","315","15531","36.6","0","50","1000","1997","3.994","49","4.756531150806069","0","39.1","3.639393939393939","10","700","366"
"246","BA","1000","2","0.1","30","0.1","0.5","1","platform","targeted","70","5","95","95","36.62907094182932","87.99949384691818","87.99949384691818","fixed","1","1","50","2354","6","50","22614928","v2.0-design-v1.0","69.7","44.800000000000004","24.9","57.06018518518518","true","73.67399999999999","39.518","50","30.3","448","300","303","348","366","45","37","278","6","18300","2465","1855","13588","392","315","15443","36.6","0","50","1000","1997","3.994","80","5.285821024581123","0","42.8","3.602020202020202","10","700","366"
"247","BA","1000","2","0.1","30","0.1","0.5","1","platform","targeted","70","5","95","95","36.62907094182932","87.99949384691818","87.99949384691818","fixed","1","1","50","2354","7","50","22614929","v2.0-design-v1.0","71.5","45.7","25.799999999999997","55.66732090284593","true","75.472","40.61199999999998","50","28.499999999999996","457","300","285","334","366","49","39","271","7","18300","2269","1807","13910","314","310","15717","36.6","0","50","1000","1997","3.994","127","6.126785576589232","0","49.4","3.5353535353535355","10","700","366"
"248","BA","1000","2","0.1","30","0.1","0.5","1","platform","targeted","70","5","95","95","36.62907094182932","87.99949384691818","87.99949384691818","fixed","1","1","50","2354","8","50","22614930","v2.0-design-v1.0","73.2","45.7","27.5","55.68263045032166","true","76.43599999999999","42.55799999999999","50","26.8","457","300","268","313","366","45","46","271","4","18300","2337","1860","13770","333","317","15630","36.6","0","50","1000","1997","3.994","73","5.328447837443491","0","45.5","3.5747474747474746","10","700","366"
"249","BA","1000","2","0.1","30","0.1","0.5","1","platform","targeted","70","5","95","95","36.62907094182932","87.99949384691818","87.99949384691818","fixed","1","1","50","2354","9","50","22614931","v2.0-design-v1.0","72.9","45.6","27.300000000000004","55.23326081701716","true","76.80000000000001","41.994","50","27.1","456","300","271","312","366","41","30","292","3","18300","2285","1852","13890","273","322","15742","36.6","0","50","1000","1997","3.994","76","5.311513548526079","0","44.7","3.5828282828282827","10","700","366"
"250","BA","1000","2","0.1","30","0.1","0.5","1","platform","targeted","70","5","95","95","36.62907094182932","87.99949384691818","87.99949384691818","fixed","1","1","50","2354","10","50","22614932","v2.0-design-v1.0","71.1","44.800000000000004","26.29999999999999","56.368689207966646","true","75.56800000000001","41.587999999999994","50","28.9","448","300","289","348","366","59","38","266","3","18300","2434","1884","13616","366","304","15500","36.6","0","50","1000","1997","3.994","70","5.118805150244156","0","42.3","3.607070707070707","10","700","366"
"251","BA","1000","2","0.1","30","0.1","0.5","1","platform","targeted","70","5","95","95","36.62907094182932","87.99949384691818","87.99949384691818","fixed","1","1","50","2354","11","50","22614933","v2.0-design-v1.0","70","45.300000000000004","24.699999999999996","55.865921787709496","true","74.15200000000003","39.838000000000015","50","30","453","300","300","346","366","46","35","275","10","18300","2400","1896","13653","351","310","15549","36.6","0","50","1000","1997","3.994","92","5.639482934433591","0","45.3","3.576767676767677","10","700","366"
"252","BA","1000","2","0.1","30","0.1","0.5","1","platform","targeted","70","5","95","95","36.62907094182932","87.99949384691818","87.99949384691818","fixed","1","1","50","2354","12","50","22614934","v2.0-design-v1.0","72.19999999999999","45.1","27.099999999999987","54.62607861936721","true","76.06999999999998","41.44799999999999","50","27.800000000000004","451","300","278","329","366","51","34","272","9","18300","2279","1893","13791","337","306","15684","36.6","0","50","1000","1997","3.994","88","5.298493940549332","0","43.9","3.590909090909091","10","700","366"
"253","BA","1000","2","0.1","30","0.1","0.5","1","platform","targeted","70","5","95","95","36.62907094182932","87.99949384691818","87.99949384691818","fixed","1","1","50","2354","13","50","22614935","v2.0-design-v1.0","73.5","47.199999999999996","26.300000000000004","53.71200797209765","true","76.88799999999999","41.586000000000006","50","26.5","472","300","265","316","366","51","31","277","7","18300","2156","1858","14012","274","308","15870","36.6","0","50","1000","1997","3.994","125","6.043052414341849","0","49","3.5393939393939395","10","700","366"
"254","BA","1000","2","0.1","30","0.1","0.5","1","platform","targeted","70","5","95","95","36.62907094182932","87.99949384691818","87.99949384691818","fixed","1","1","50","2354","14","50","22614936","v2.0-design-v1.0","73.5","46.300000000000004","27.199999999999996","53.38759875508738","true","77.01599999999999","42.48","50","26.5","463","300","265","308","366","43","35","280","8","18300","2230","1947","13814","309","315","15761","36.6","0","50","1000","1997","3.994","70","4.886700711507076","0","40.8","3.6222222222222222","10","700","366"
"255","BA","1000","2","0.1","30","0.1","0.5","1","platform","targeted","70","5","95","95","36.62907094182932","87.99949384691818","87.99949384691818","fixed","1","1","50","2354","15","50","22614937","v2.0-design-v1.0","73.9","45.300000000000004","28.6","53.507062834875796","true","76.83200000000002","42.123999999999995","50","26.1","453","300","261","313","366","52","38","266","10","18300","2197","1909","13871","323","304","15780","36.6","0","50","1000","1997","3.994","92","5.170947950105725","0","41.2","3.618181818181818","10","700","366"
"256","BA","1000","2","0.1","30","0.1","0.5","1","platform","targeted","70","5","95","95","36.62907094182932","87.99949384691818","87.99949384691818","fixed","1","1","50","2354","16","50","22614938","v2.0-design-v1.0","70.9","44.7","26.200000000000003","55.4696650269384","true","75.34399999999998","40.632000000000005","50","29.099999999999998","447","300","291","343","366","52","33","273","8","18300","2368","1901","13681","350","306","15582","36.6","0","50","1000","1997","3.994","73","4.879115674973253","0","39.6","3.6343434343434344","10","700","366"
"257","BA","1000","2","0.1","30","0.1","0.5","1","platform","targeted","70","5","95","95","36.62907094182932","87.99949384691818","87.99949384691818","fixed","1","1","50","2354","17","50","22614939","v2.0-design-v1.0","72.9","46.300000000000004","26.6","54.98928316265778","true","76.05000000000001","41.156000000000006","50","27.1","463","300","271","311","366","40","23","296","7","18300","2309","1890","13822","279","319","15712","36.6","0","50","1000","1997","3.994","74","4.9142765606052325","0","39.2","3.6383838383838385","10","700","366"
"258","BA","1000","2","0.1","30","0.1","0.5","1","platform","targeted","70","5","95","95","36.62907094182932","87.99949384691818","87.99949384691818","fixed","1","1","50","2354","18","50","22614940","v2.0-design-v1.0","71.9","45.4","26.500000000000007","55.25339925834364","true","75.958","41.57599999999999","50","28.1","454","300","281","321","366","40","40","280","6","18300","2235","1810","13983","272","320","15793","36.6","0","50","1000","1997","3.994","105","5.667281718962099","0","44.1","3.588888888888889","10","700","366"
"259","BA","1000","2","0.1","30","0.1","0.5","1","platform","targeted","70","5","95","95","36.62907094182932","87.99949384691818","87.99949384691818","fixed","1","1","50","2354","19","50","22614941","v2.0-design-v1.0","71.5","45.5","26","55.32595325953259","true","75.19600000000001","40.51","50","28.499999999999996","455","300","285","334","366","49","34","277","6","18300","2249","1816","13923","312","311","15739","36.6","0","50","1000","1997","3.994","71","5.424886486682768","0","46.7","3.562626262626263","10","700","366"
"260","BA","1000","2","0.1","30","0.1","0.5","1","platform","targeted","70","5","95","95","36.62907094182932","87.99949384691818","87.99949384691818","fixed","1","1","50","2354","20","50","22614942","v2.0-design-v1.0","70.5","46.1","24.4","56.15942028985508","true","75.47799999999998","41.32599999999999","50","29.5","461","300","295","345","366","50","45","257","14","18300","2325","1815","13840","320","302","15655","36.6","0","50","1000","1997","3.994","97","5.31000566479548","0","43.6","3.5939393939393938","10","700","366"
"261","BA","1000","2","0.1","30","0.1","0.5","1","platform","targeted","70","5","95","95","36.62907094182932","87.99949384691818","87.99949384691818","fixed","1","1","50","2354","21","50","22614943","v2.0-design-v1.0","74.1","47","27.099999999999994","53.41049002708692","true","77.83800000000001","42.47999999999999","50","25.900000000000002","470","300","259","310","366","51","26","283","6","18300","2169","1892","13960","279","309","15852","36.6","0","50","1000","1997","3.994","111","5.6476419734133065","0","46.7","3.562626262626263","10","700","366"
"262","BA","1000","2","0.1","30","0.1","0.5","1","platform","targeted","70","5","95","95","36.62907094182932","87.99949384691818","87.99949384691818","fixed","1","1","50","2354","22","50","22614944","v2.0-design-v1.0","69.5","43.4","26.1","55.50469766321369","true","75.07999999999998","42.44200000000001","50","30.5","434","300","305","351","366","46","26","283","11","18300","2304","1847","13851","298","309","15698","36.6","0","50","1000","1997","3.994","96","5.3098171492206845","0","43.1","3.598989898989899","10","700","366"
"264","BA","1000","2","0.1","30","0.1","0.5","1","platform","targeted","70","5","95","95","36.62907094182932","87.99949384691818","87.99949384691818","fixed","1","1","50","2354","24","50","22614946","v2.0-design-v1.0","71","45.7","25.299999999999997","53.43276515151515","true","75.878","40.251999999999995","50","28.999999999999996","457","300","290","329","366","39","40","280","7","18300","2257","1967","13750","326","320","15717","36.6","0","50","1000","1997","3.994","130","5.826827259831543","0","44.7","3.5828282828282827","10","700","366"
"263","BA","1000","2","0.1","30","0.1","0.5","1","platform","targeted","70","5","95","95","36.62907094182932","87.99949384691818","87.99949384691818","fixed","1","1","50","2354","23","50","22614945","v2.0-design-v1.0","69.4","46.800000000000004","22.6","56.79151624548736","true","72.922","37.24","50","30.599999999999998","468","300","306","362","366","56","32","271","7","18300","2517","1915","13541","327","303","15456","36.6","0","50","1000","1997","3.994","79","5.52236004444299","0","46.2","3.5676767676767676","10","700","366"
"265","BA","1000","2","0.1","30","0.1","0.5","1","platform","targeted","70","5","95","95","36.62907094182932","87.99949384691818","87.99949384691818","fixed","1","1","50","2354","25","50","22614947","v2.0-design-v1.0","75.1","47.199999999999996","27.9","53.4923339011925","true","76.73800000000001","41.116000000000014","50","24.9","472","300","249","289","366","40","34","289","3","18300","2198","1911","13923","268","323","15834","36.6","0","50","1000","1997","3.994","89","5.075995442248703","0","39.5","3.6353535353535356","10","700","366"
"266","BA","1000","2","0.1","30","0.1","0.5","1","platform","targeted","70","5","95","95","36.62907094182932","87.99949384691818","87.99949384691818","fixed","1","1","50","2354","26","50","22614948","v2.0-design-v1.0","73.6","47.199999999999996","26.4","55.454108601633834","true","76.96000000000002","41.724","50","26.400000000000002","472","300","264","324","366","60","35","264","7","18300","2308","1854","13833","305","299","15687","36.6","0","50","1000","1997","3.994","58","4.674806714487533","0","38.2","3.6484848484848484","10","700","366"
"268","BA","1000","2","0.1","30","0.1","0.5","1","platform","targeted","70","5","95","95","36.62907094182932","87.99949384691818","87.99949384691818","fixed","1","1","50","2354","28","50","22614950","v2.0-design-v1.0","72","45.2","26.799999999999997","55.28846153846154","true","75.63199999999998","41.23400000000001","50","28.000000000000004","452","300","280","335","366","55","40","268","3","18300","2300","1860","13823","317","308","15683","36.6","0","50","1000","1997","3.994","97","5.6045852099308195","0","46.6","3.5636363636363635","10","700","366"
"267","BA","1000","2","0.1","30","0.1","0.5","1","platform","targeted","70","5","95","95","36.62907094182932","87.99949384691818","87.99949384691818","fixed","1","1","50","2354","27","50","22614949","v2.0-design-v1.0","71.4","44.800000000000004","26.6","55.34709193245778","true","75.192","41.08","50","28.599999999999998","448","300","286","332","366","46","44","270","6","18300","2360","1904","13713","323","314","15617","36.6","0","50","1000","1997","3.994","80","4.824856810646632","0","37.6","3.6545454545454548","10","700","366"
"269","BA","1000","2","0.1","30","0.1","0.5","1","platform","targeted","70","5","95","95","36.62907094182932","87.99949384691818","87.99949384691818","fixed","1","1","50","2354","29","50","22614951","v2.0-design-v1.0","72.8","45.6","27.199999999999996","54.83415666901905","true","75.994","41.766000000000005","50","27.200000000000003","456","300","272","323","366","51","41","272","2","18300","2331","1920","13727","322","313","15647","36.6","0","50","1000","1997","3.994","87","5.221420039340558","0","43.6","3.5939393939393938","10","700","366"
"270","BA","1000","2","0.1","30","0.1","0.5","1","platform","targeted","70","5","95","95","36.62907094182932","87.99949384691818","87.99949384691818","fixed","1","1","50","2354","30","50","22614952","v2.0-design-v1.0","71.7","45.6","26.1","56.11007462686567","true","75.03200000000001","40.372","50","28.299999999999997","456","300","283","332","366","49","44","269","4","18300","2406","1882","13691","321","313","15573","36.6","0","50","1000","1997","3.994","55","4.802814907013484","0","39","3.6404040404040403","10","700","366"
"271","BA","1000","2","0.1","30","0.1","0.5","1","platform","targeted","70","5","95","95","97.50110758724796","60.435411142557506","60.435411142557506","fixed","1","1","50","2355","1","50","22615923","v2.0-design-v1.0","100","100","0","4.184527454582568","true","98.83800000000002","3.588000000000002","50","0","1000","300","0","0","975","0","373","602","0","48750","820","18776","28599","555","975","47375","97.5","0","50","1000","1997","3.994","117","5.452310674538971","0","43","3.6","10","700","975"
"272","BA","1000","2","0.1","30","0.1","0.5","1","platform","targeted","70","5","95","95","97.50110758724796","60.435411142557506","60.435411142557506","fixed","1","1","50","2355","2","50","22615924","v2.0-design-v1.0","100","100","0","3.1136561173884147","true","99.146","3.968000000000001","50","0","1000","300","0","0","975","0","373","602","0","48750","609","18950","28786","405","975","47736","97.5","0","50","1000","1997","3.994","65","5.098427008201439","0","43.9","3.590909090909091","10","700","975"
"273","BA","1000","2","0.1","30","0.1","0.5","1","platform","targeted","70","5","95","95","97.50110758724796","60.435411142557506","60.435411142557506","fixed","1","1","50","2355","3","50","22615925","v2.0-design-v1.0","100","100","0","3.072784646422844","true","99.10799999999999","4.093999999999999","50","0","1000","300","0","0","975","0","368","607","0","48750","594","18737","28992","427","975","47729","97.5","0","50","1000","1997","3.994","79","5.027647684677315","0","42.3","3.607070707070707","10","700","975"
"274","BA","1000","2","0.1","30","0.1","0.5","1","platform","targeted","70","5","95","95","97.50110758724796","60.435411142557506","60.435411142557506","fixed","1","1","50","2355","4","50","22615926","v2.0-design-v1.0","100","100","0","3.4599589322381927","true","99.084","3.9879999999999995","50","0","1000","300","0","0","975","0","395","580","0","48750","674","18806","28833","437","975","47639","97.5","0","50","1000","1997","3.994","87","4.980237621516338","0","40.3","3.6272727272727274","10","700","975"
"275","BA","1000","2","0.1","30","0.1","0.5","1","platform","targeted","70","5","95","95","97.50110758724796","60.435411142557506","60.435411142557506","fixed","1","1","50","2355","5","50","22615927","v2.0-design-v1.0","100","100","0","3.0734440047283753","true","99.21600000000001","3.9139999999999993","50","0","1000","300","0","0","975","0","396","579","0","48750","598","18859","28921","372","975","47780","97.5","0","50","1000","1997","3.994","82","5.087223588937656","0","41.1","3.6191919191919193","10","700","975"
"276","BA","1000","2","0.1","30","0.1","0.5","1","platform","targeted","70","5","95","95","97.50110758724796","60.435411142557506","60.435411142557506","fixed","1","1","50","2355","6","50","22615928","v2.0-design-v1.0","100","100","0","3.8158630150906965","true","99.006","3.7160000000000015","50","0","1000","300","0","0","975","0","393","582","0","48750","751","18930","28600","469","975","47530","97.5","0","50","1000","1997","3.994","71","5.134425608218141","0","43.7","3.592929292929293","10","700","975"
"277","BA","1000","2","0.1","30","0.1","0.5","1","platform","targeted","70","5","95","95","97.50110758724796","60.435411142557506","60.435411142557506","fixed","1","1","50","2355","7","50","22615929","v2.0-design-v1.0","100","100","0","3.4392619169656586","true","99.04599999999999","3.8099999999999987","50","0","1000","300","0","0","975","0","374","601","0","48750","671","18839","28779","461","975","47618","97.5","0","50","1000","1997","3.994","69","5.174044330573003","0","44.6","3.583838383838384","10","700","975"
"278","BA","1000","2","0.1","30","0.1","0.5","1","platform","targeted","70","5","95","95","97.50110758724796","60.435411142557506","60.435411142557506","fixed","1","1","50","2355","8","50","22615930","v2.0-design-v1.0","100","100","0","3.6707509278560173","true","98.98400000000001","3.726000000000001","50","0","1000","300","0","0","975","0","411","564","0","48750","722","18947","28598","483","975","47545","97.5","0","50","1000","1997","3.994","77","5.37632484778113","0","45.9","3.5707070707070705","10","700","975"
"280","BA","1000","2","0.1","30","0.1","0.5","1","platform","targeted","70","5","95","95","97.50110758724796","60.435411142557506","60.435411142557506","fixed","1","1","50","2355","10","50","22615932","v2.0-design-v1.0","100","100","0","2.5777414075286416","true","99.35799999999999","3.9000000000000004","50","0","1000","300","0","0","975","0","387","588","0","48750","504","19048","28892","306","975","47940","97.5","0","50","1000","1997","3.994","90","5.504022007428583","0","44.5","3.584848484848485","10","700","975"
"279","BA","1000","2","0.1","30","0.1","0.5","1","platform","targeted","70","5","95","95","97.50110758724796","60.435411142557506","60.435411142557506","fixed","1","1","50","2355","9","50","22615931","v2.0-design-v1.0","100","100","0","3.10603723130721","true","99.194","3.9320000000000004","50","0","1000","300","0","0","975","0","339","636","0","48750","604","18842","28920","384","975","47762","97.5","0","50","1000","1997","3.994","92","5.762218944744038","0","51.1","3.518181818181818","10","700","975"
"282","BA","1000","2","0.1","30","0.1","0.5","1","platform","targeted","70","5","95","95","97.50110758724796","60.435411142557506","60.435411142557506","fixed","1","1","50","2355","12","50","22615934","v2.0-design-v1.0","100","100","0","3.3846153846153846","true","99.138","3.986","50","0","1000","300","0","0","975","0","395","580","0","48750","660","18840","28837","413","975","47677","97.5","0","50","1000","1997","3.994","113","6.0953356853513405","0","48.3","3.5464646464646465","10","700","975"
"281","BA","1000","2","0.1","30","0.1","0.5","1","platform","targeted","70","5","95","95","97.50110758724796","60.435411142557506","60.435411142557506","fixed","1","1","50","2355","11","50","22615933","v2.0-design-v1.0","100","100","0","2.7367992674738018","true","99.28","4.0120000000000005","50","0","1000","300","0","0","975","0","400","575","0","48750","538","19120","28746","346","975","47866","97.5","0","50","1000","1997","3.994","101","5.416207095311186","0","43.2","3.597979797979798","10","700","975"
"284","BA","1000","2","0.1","30","0.1","0.5","1","platform","targeted","70","5","95","95","97.50110758724796","60.435411142557506","60.435411142557506","fixed","1","1","50","2355","14","50","22615936","v2.0-design-v1.0","100","100","0","3.229278794402583","true","99.196","3.978000000000001","50","0","1000","300","0","0","975","0","376","599","0","48750","630","18879","28853","388","975","47732","97.5","0","50","1000","1997","3.994","99","5.834209629590114","0","50.2","3.5272727272727273","10","700","975"
"283","BA","1000","2","0.1","30","0.1","0.5","1","platform","targeted","70","5","95","95","97.50110758724796","60.435411142557506","60.435411142557506","fixed","1","1","50","2355","13","50","22615935","v2.0-design-v1.0","100","100","0","3.1162790697674416","true","99.15799999999999","4.2200000000000015","50","0","1000","300","0","0","975","0","371","604","0","48750","603","18747","28998","402","975","47745","97.5","0","50","1000","1997","3.994","66","5.203560419658922","0","45.2","3.577777777777778","10","700","975"
"286","BA","1000","2","0.1","30","0.1","0.5","1","platform","targeted","70","5","95","95","97.50110758724796","60.435411142557506","60.435411142557506","fixed","1","1","50","2355","16","50","22615938","v2.0-design-v1.0","100","100","0","2.744710713728752","true","99.354","4.07","50","0","1000","300","0","0","975","0","392","583","0","48750","528","18709","29209","304","975","47918","97.5","0","50","1000","1997","3.994","77","5.217392565753999","0","43.8","3.591919191919192","10","700","975"
"285","BA","1000","2","0.1","30","0.1","0.5","1","platform","targeted","70","5","95","95","97.50110758724796","60.435411142557506","60.435411142557506","fixed","1","1","50","2355","15","50","22615937","v2.0-design-v1.0","100","100","0","3.182374541003672","true","99.2","3.95","50","0","1000","300","0","0","975","0","404","571","0","48750","624","18984","28768","374","975","47752","97.5","0","50","1000","1997","3.994","58","4.6059938318650735","0","37.1","3.6595959595959595","10","700","975"
"287","BA","1000","2","0.1","30","0.1","0.5","1","platform","targeted","70","5","95","95","97.50110758724796","60.435411142557506","60.435411142557506","fixed","1","1","50","2355","17","50","22615939","v2.0-design-v1.0","100","100","0","3.5072448927346267","true","99","3.761999999999999","50","0","1000","300","0","0","975","0","404","571","0","48750","685","18846","28745","474","975","47591","97.5","0","50","1000","1997","3.994","65","5.222953498093123","0","44.3","3.5868686868686868","10","700","975"
"288","BA","1000","2","0.1","30","0.1","0.5","1","platform","targeted","70","5","95","95","97.50110758724796","60.435411142557506","60.435411142557506","fixed","1","1","50","2355","18","50","22615940","v2.0-design-v1.0","100","100","0","3.7221480644830067","true","98.984","3.816","50","0","1000","300","0","0","975","0","387","588","0","48750","725","18753","28792","480","975","47545","97.5","0","50","1000","1997","3.994","114","5.825796417993331","0","47.4","3.5555555555555554","10","700","975"
"290","BA","1000","2","0.1","30","0.1","0.5","1","platform","targeted","70","5","95","95","97.50110758724796","60.435411142557506","60.435411142557506","fixed","1","1","50","2355","20","50","22615942","v2.0-design-v1.0","100","100","0","3.686873902716101","true","98.94","3.8960000000000004","50","0","1000","300","0","0","975","0","353","622","0","48750","714","18652","28882","502","975","47534","97.5","0","50","1000","1997","3.994","76","5.072641885220722","0","40.8","3.6222222222222222","10","700","975"
"289","BA","1000","2","0.1","30","0.1","0.5","1","platform","targeted","70","5","95","95","97.50110758724796","60.435411142557506","60.435411142557506","fixed","1","1","50","2355","19","50","22615941","v2.0-design-v1.0","100","100","0","2.9449293114887967","true","99.154","3.9999999999999996","50","0","1000","300","0","0","975","0","411","564","0","48750","577","19016","28754","403","975","47770","97.5","0","50","1000","1997","3.994","68","5.198171311623435","0","44.9","3.580808080808081","10","700","975"
"291","BA","1000","2","0.1","30","0.1","0.5","1","platform","targeted","70","5","95","95","97.50110758724796","60.435411142557506","60.435411142557506","fixed","1","1","50","2355","21","50","22615943","v2.0-design-v1.0","100","100","0","3.1120012324757353","true","99.134","3.772","50","0","1000","300","0","0","975","0","382","593","0","48750","606","18867","28867","410","975","47734","97.5","0","50","1000","1997","3.994","90","5.533225151806182","0","47.5","3.5545454545454547","10","700","975"
"292","BA","1000","2","0.1","30","0.1","0.5","1","platform","targeted","70","5","95","95","97.50110758724796","60.435411142557506","60.435411142557506","fixed","1","1","50","2355","22","50","22615944","v2.0-design-v1.0","100","100","0","3.6036036036036037","true","98.928","3.8960000000000012","50","0","1000","300","0","0","975","0","401","574","0","48750","700","18725","28806","519","975","47531","97.5","0","50","1000","1997","3.994","83","5.397693868597868","0","44.9","3.580808080808081","10","700","975"
"293","BA","1000","2","0.1","30","0.1","0.5","1","platform","targeted","70","5","95","95","97.50110758724796","60.435411142557506","60.435411142557506","fixed","1","1","50","2355","23","50","22615945","v2.0-design-v1.0","100","100","0","3.7238687143664286","true","99.00400000000002","3.9000000000000012","50","0","1000","300","0","0","975","0","384","591","0","48750","725","18744","28805","476","975","47549","97.5","0","50","1000","1997","3.994","90","5.2432294872011225","0","43.8","3.591919191919192","10","700","975"
"294","BA","1000","2","0.1","30","0.1","0.5","1","platform","targeted","70","5","95","95","97.50110758724796","60.435411142557506","60.435411142557506","fixed","1","1","50","2355","24","50","22615946","v2.0-design-v1.0","100","100","0","3.552617990292265","true","98.962","4.042","50","0","1000","300","0","0","975","0","375","600","0","48750","688","18678","28884","500","975","47562","97.5","0","50","1000","1997","3.994","65","4.940888217352855","0","41.2","3.618181818181818","10","700","975"
"295","BA","1000","2","0.1","30","0.1","0.5","1","platform","targeted","70","5","95","95","97.50110758724796","60.435411142557506","60.435411142557506","fixed","1","1","50","2355","25","50","22615947","v2.0-design-v1.0","100","100","0","3.2897100333589937","true","99.01799999999999","3.6819999999999986","50","0","1000","300","0","0","975","0","379","596","0","48750","641","18844","28802","463","975","47646","97.5","0","50","1000","1997","3.994","81","4.8057318962941515","0","37.1","3.6595959595959595","10","700","975"
"296","BA","1000","2","0.1","30","0.1","0.5","1","platform","targeted","70","5","95","95","97.50110758724796","60.435411142557506","60.435411142557506","fixed","1","1","50","2355","26","50","22615948","v2.0-design-v1.0","100","100","0","2.556122448979592","true","99.36399999999999","3.9360000000000004","50","0","1000","300","0","0","975","0","402","573","0","48750","501","19099","28854","296","975","47953","97.5","0","50","1000","1997","3.994","77","5.131695460400801","0","43.8","3.591919191919192","10","700","975"
"297","BA","1000","2","0.1","30","0.1","0.5","1","platform","targeted","70","5","95","95","97.50110758724796","60.435411142557506","60.435411142557506","fixed","1","1","50","2355","27","50","22615949","v2.0-design-v1.0","100","100","0","2.554933665008292","true","99.334","4.080000000000001","50","0","1000","300","0","0","975","0","366","609","0","48750","493","18803","29137","317","975","47940","97.5","0","50","1000","1997","3.994","65","5.213745980305046","0","43.3","3.596969696969697","10","700","975"
"298","BA","1000","2","0.1","30","0.1","0.5","1","platform","targeted","70","5","95","95","97.50110758724796","60.435411142557506","60.435411142557506","fixed","1","1","50","2355","28","50","22615950","v2.0-design-v1.0","100","100","0","3.1893109450189416","true","99.13799999999999","3.7539999999999996","50","0","1000","300","0","0","975","0","401","574","0","48750","623","18911","28801","415","975","47712","97.5","0","50","1000","1997","3.994","94","5.339520060312009","0","43.3","3.596969696969697","10","700","975"
"300","BA","1000","2","0.1","30","0.1","0.5","1","platform","targeted","70","5","95","95","97.50110758724796","60.435411142557506","60.435411142557506","fixed","1","1","50","2355","30","50","22615952","v2.0-design-v1.0","100","100","0","2.679028788034013","true","99.32600000000001","4.172000000000001","50","0","1000","300","0","0","975","0","390","585","0","48750","523","18999","28909","319","975","47908","97.5","0","50","1000","1997","3.994","77","4.959491965973983","0","40.6","3.624242424242424","10","700","975"
"299","BA","1000","2","0.1","30","0.1","0.5","1","platform","targeted","70","5","95","95","97.50110758724796","60.435411142557506","60.435411142557506","fixed","1","1","50","2355","29","50","22615951","v2.0-design-v1.0","100","100","0","4.677828513444951","true","98.652","3.6379999999999986","50","0","1000","300","0","0","975","0","397","578","0","48750","922","18788","28398","642","975","47186","97.5","0","50","1000","1997","3.994","71","4.956463510460907","0","39.7","3.6333333333333333","10","700","975"
"302","BA","1000","2","0.1","30","0.1","0.5","1","platform","targeted","70","5","95","95","4.073756190099703","91.62620460869033","91.62620460869033","fixed","1","1","50","2356","2","50","22616924","v2.0-design-v1.0","6.3999999999999915","1.7999999999999998","4.599999999999992","98.13278008298755","true","16.881999999999998","15.711999999999996","50","93.60000000000001","18","300","936","967","41","31","1","5","4","2050","1419","27","462","142","6","489","4.1","0","50","1000","1997","3.994","83","5.174431247851173","0","40.4","3.6262626262626263","10","700","41"
"301","BA","1000","2","0.1","30","0.1","0.5","1","platform","targeted","70","5","95","95","4.073756190099703","91.62620460869033","91.62620460869033","fixed","1","1","50","2356","1","50","22616923","v2.0-design-v1.0","5.800000000000011","2.6","3.2000000000000113","96.78096571028692","true","18.11399999999999","16.229999999999997","50","94.19999999999999","26","300","942","973","41","31","0","6","4","2050","1383","46","478","143","6","524","4.1","0","50","1000","1997","3.994","72","4.916923849333041","0","40.6","3.624242424242424","10","700","41"
"303","BA","1000","2","0.1","30","0.1","0.5","1","platform","targeted","70","5","95","95","4.073756190099703","91.62620460869033","91.62620460869033","fixed","1","1","50","2356","3","50","22616925","v2.0-design-v1.0","6.1000000000000085","2.6","3.5000000000000084","96.9718309859155","true","17.233999999999995","15.506000000000002","50","93.89999999999999","26","300","939","974","41","35","1","3","2","2050","1377","43","493","137","4","536","4.1","0","50","1000","1997","3.994","62","5.0976416066598755","0","44.1","3.588888888888889","10","700","41"
"304","BA","1000","2","0.1","30","0.1","0.5","1","platform","targeted","70","5","95","95","4.073756190099703","91.62620460869033","91.62620460869033","fixed","1","1","50","2356","4","50","22616926","v2.0-design-v1.0","4.900000000000006","2.8000000000000003","2.1000000000000054","96.76085458304617","true","16.936000000000007","14.924","50","95.1","28","300","951","980","41","29","0","6","6","2050","1404","47","460","139","6","507","4.1","0","50","1000","1997","3.994","60","4.7034121748030975","0","38.6","3.6444444444444444","10","700","41"
"305","BA","1000","2","0.1","30","0.1","0.5","1","platform","targeted","70","5","95","95","4.073756190099703","91.62620460869033","91.62620460869033","fixed","1","1","50","2356","5","50","22616927","v2.0-design-v1.0","5.900000000000006","2.4","3.5000000000000058","97.01897018970189","true","17.149999999999995","15.782","50","94.1","24","300","941","969","41","28","1","9","3","2050","1432","44","449","125","10","493","4.1","0","50","1000","1997","3.994","84","5.3906421716733295","0","42.8","3.602020202020202","10","700","41"
"306","BA","1000","2","0.1","30","0.1","0.5","1","platform","targeted","70","5","95","95","4.073756190099703","91.62620460869033","91.62620460869033","fixed","1","1","50","2356","6","50","22616928","v2.0-design-v1.0","6","2.5","3.5","97.09851551956815","true","17.407999999999998","15.668000000000005","50","94","25","300","940","971","41","31","1","5","4","2050","1439","43","429","139","6","472","4.1","0","50","1000","1997","3.994","63","4.833769681038729","0","39.5","3.6353535353535356","10","700","41"
"307","BA","1000","2","0.1","30","0.1","0.5","1","platform","targeted","70","5","95","95","4.073756190099703","91.62620460869033","91.62620460869033","fixed","1","1","50","2356","7","50","22616929","v2.0-design-v1.0","6.699999999999989","2.1999999999999997","4.499999999999989","96.61971830985917","true","18.100000000000005","16.186","50","93.30000000000001","22","300","933","967","41","34","1","4","2","2050","1372","48","509","121","5","557","4.1","0","50","1000","1997","3.994","82","5.0310312337805305","0","41.8","3.6121212121212123","10","700","41"
"308","BA","1000","2","0.1","30","0.1","0.5","1","platform","targeted","70","5","95","95","4.073756190099703","91.62620460869033","91.62620460869033","fixed","1","1","50","2356","8","50","22616930","v2.0-design-v1.0","5.800000000000011","2.4","3.4000000000000115","96.73913043478261","true","18.003999999999998","16.427999999999997","50","94.19999999999999","24","300","942","970","41","28","0","11","2","2050","1335","45","544","126","11","589","4.1","0","50","1000","1997","3.994","98","5.571625167489906","0","43.6","3.5939393939393938","10","700","41"
"309","BA","1000","2","0.1","30","0.1","0.5","1","platform","targeted","70","5","95","95","4.073756190099703","91.62620460869033","91.62620460869033","fixed","1","1","50","2356","9","50","22616931","v2.0-design-v1.0","5.900000000000006","2.6","3.3000000000000056","96.96969696969697","true","17.413999999999998","15.405999999999992","50","94.1","26","300","941","974","41","33","1","5","2","2050","1472","46","393","139","6","439","4.1","0","50","1000","1997","3.994","91","5.509475321509138","0","45.3","3.576767676767677","10","700","41"
"310","BA","1000","2","0.1","30","0.1","0.5","1","platform","targeted","70","5","95","95","4.073756190099703","91.62620460869033","91.62620460869033","fixed","1","1","50","2356","10","50","22616932","v2.0-design-v1.0","5.700000000000003","2.3","3.400000000000003","97.2508591065292","true","16.177999999999994","14.647999999999998","50","94.3","23","300","943","975","41","32","1","5","3","2050","1415","40","479","116","6","519","4.1","0","50","1000","1997","3.994","64","4.997693562128519","0","40.9","3.621212121212121","10","700","41"
"312","BA","1000","2","0.1","30","0.1","0.5","1","platform","targeted","70","5","95","95","4.073756190099703","91.62620460869033","91.62620460869033","fixed","1","1","50","2356","12","50","22616934","v2.0-design-v1.0","4.900000000000006","2.6","2.3000000000000056","96.2909090909091","true","17.288000000000007","15.467999999999995","50","95.1","26","300","951","976","41","25","0","12","4","2050","1324","51","536","139","12","587","4.1","0","50","1000","1997","3.994","77","5.284874066039208","0","44.7","3.5828282828282827","10","700","41"
"313","BA","1000","2","0.1","30","0.1","0.5","1","platform","targeted","70","5","95","95","4.073756190099703","91.62620460869033","91.62620460869033","fixed","1","1","50","2356","13","50","22616935","v2.0-design-v1.0","5.800000000000011","2.1","3.7000000000000113","98.25503355704697","true","17.279999999999994","16.304000000000002","50","94.19999999999999","21","300","942","975","41","33","0","6","2","2050","1464","26","419","141","6","445","4.1","0","50","1000","1997","3.994","113","6.075761588383731","0","46.2","3.5676767676767676","10","700","41"
"311","BA","1000","2","0.1","30","0.1","0.5","1","platform","targeted","70","5","95","95","4.073756190099703","91.62620460869033","91.62620460869033","fixed","1","1","50","2356","11","50","22616933","v2.0-design-v1.0","5.5","2.1999999999999997","3.3000000000000003","97.63066202090592","true","16.750000000000004","15.342","50","94.5","22","300","945","981","41","36","0","4","1","2050","1401","34","469","146","4","503","4.1","0","50","1000","1997","3.994","104","5.272358273274081","0","40.7","3.6232323232323234","10","700","41"
"314","BA","1000","2","0.1","30","0.1","0.5","1","platform","targeted","70","5","95","95","4.073756190099703","91.62620460869033","91.62620460869033","fixed","1","1","50","2356","14","50","22616936","v2.0-design-v1.0","5.5","2.1999999999999997","3.3000000000000003","96.63978494623656","true","17.150000000000002","15.418000000000001","50","94.5","22","300","945","976","41","31","1","4","5","2050","1438","50","449","113","5","499","4.1","0","50","1000","1997","3.994","93","5.346077491445894","0","44.2","3.587878787878788","10","700","41"
"315","BA","1000","2","0.1","30","0.1","0.5","1","platform","targeted","70","5","95","95","4.073756190099703","91.62620460869033","91.62620460869033","fixed","1","1","50","2356","15","50","22616937","v2.0-design-v1.0","5.700000000000003","2","3.700000000000003","97.77003484320558","true","17.07400000000001","15.906000000000004","50","94.3","20","300","943","976","41","33","0","6","2","2050","1403","32","485","130","6","517","4.1","0","50","1000","1997","3.994","84","5.704428499376987","0","49.9","3.5303030303030303","10","700","41"
"316","BA","1000","2","0.1","30","0.1","0.5","1","platform","targeted","70","5","95","95","4.073756190099703","91.62620460869033","91.62620460869033","fixed","1","1","50","2356","16","50","22616938","v2.0-design-v1.0","5.900000000000006","2.5","3.4000000000000057","97.30476848652384","true","16.072","14.288","50","94.1","25","300","941","970","41","29","0","9","3","2050","1408","39","467","136","9","506","4.1","0","50","1000","1997","3.994","89","5.5829323059780185","0","47.2","3.5575757575757576","10","700","41"
"317","BA","1000","2","0.1","30","0.1","0.5","1","platform","targeted","70","5","95","95","4.073756190099703","91.62620460869033","91.62620460869033","fixed","1","1","50","2356","17","50","22616939","v2.0-design-v1.0","6.599999999999994","2.7","3.899999999999994","96.3963963963964","true","17.84199999999999","16.030000000000005","50","93.4","27","300","934","960","41","26","3","10","2","2050","1391","52","494","113","13","546","4.1","0","50","1000","1997","3.994","105","5.856471827155184","0","49.2","3.5373737373737373","10","700","41"
"318","BA","1000","2","0.1","30","0.1","0.5","1","platform","targeted","70","5","95","95","4.073756190099703","91.62620460869033","91.62620460869033","fixed","1","1","50","2356","18","50","22616940","v2.0-design-v1.0","6.799999999999997","1.9","4.899999999999997","97.94293297942933","true","17.315999999999995","16.026","50","93.2","19","300","932","961","41","29","0","8","4","2050","1476","31","413","130","8","444","4.1","0","50","1000","1997","3.994","80","5.279378356950349","0","43.8","3.591919191919192","10","700","41"
"319","BA","1000","2","0.1","30","0.1","0.5","1","platform","targeted","70","5","95","95","4.073756190099703","91.62620460869033","91.62620460869033","fixed","1","1","50","2356","19","50","22616941","v2.0-design-v1.0","5.400000000000006","2","3.4000000000000057","98.04318488529015","true","16.020000000000007","14.714000000000004","50","94.6","20","300","946","977","41","31","1","6","3","2050","1453","29","432","136","7","461","4.1","0","50","1000","1997","3.994","102","5.356739554865306","0","42.9","3.601010101010101","10","700","41"
"320","BA","1000","2","0.1","30","0.1","0.5","1","platform","targeted","70","5","95","95","4.073756190099703","91.62620460869033","91.62620460869033","fixed","1","1","50","2356","20","50","22616942","v2.0-design-v1.0","5.300000000000011","2.3","3.0000000000000115","97.76876267748479","true","16.089999999999996","14.684000000000001","50","94.69999999999999","23","300","947","972","41","25","2","9","5","2050","1446","33","423","148","11","456","4.1","0","50","1000","1997","3.994","83","5.315093057907277","0","44.8","3.581818181818182","10","700","41"
"321","BA","1000","2","0.1","30","0.1","0.5","1","platform","targeted","70","5","95","95","4.073756190099703","91.62620460869033","91.62620460869033","fixed","1","1","50","2356","21","50","22616943","v2.0-design-v1.0","6.299999999999997","2.5","3.799999999999997","97.2108843537415","true","17.725999999999996","16.116","50","93.7","25","300","937","964","41","27","0","12","2","2050","1429","41","476","104","12","517","4.1","0","50","1000","1997","3.994","65","4.914480248827543","0","39.8","3.632323232323232","10","700","41"
"322","BA","1000","2","0.1","30","0.1","0.5","1","platform","targeted","70","5","95","95","4.073756190099703","91.62620460869033","91.62620460869033","fixed","1","1","50","2356","22","50","22616944","v2.0-design-v1.0","6.5","2.1999999999999997","4.300000000000001","97.4107767669699","true","18.573999999999998","16.997999999999994","50","93.5","22","300","935","966","41","31","0","8","2","2050","1392","37","496","125","8","533","4.1","0","50","1000","1997","3.994","69","5.273117651804261","0","45.4","3.5757575757575757","10","700","41"
"323","BA","1000","2","0.1","30","0.1","0.5","1","platform","targeted","70","5","95","95","4.073756190099703","91.62620460869033","91.62620460869033","fixed","1","1","50","2356","23","50","22616945","v2.0-design-v1.0","6.799999999999997","2.5","4.299999999999997","96.58236500341764","true","18.413999999999998","16.778000000000002","50","93.2","25","300","932","961","41","29","1","8","3","2050","1413","50","453","134","9","503","4.1","0","50","1000","1997","3.994","73","5.5561528808011325","0","48.6","3.5434343434343436","10","700","41"
"324","BA","1000","2","0.1","30","0.1","0.5","1","platform","targeted","70","5","95","95","4.073756190099703","91.62620460869033","91.62620460869033","fixed","1","1","50","2356","24","50","22616946","v2.0-design-v1.0","6","2.7","3.3","96.49595687331536","true","18.185999999999996","16.739999999999995","50","94","27","300","940","967","41","27","2","10","2","2050","1432","52","444","122","12","496","4.1","0","50","1000","1997","3.994","84","5.452127079378247","0","44.3","3.5868686868686868","10","700","41"
"325","BA","1000","2","0.1","30","0.1","0.5","1","platform","targeted","70","5","95","95","4.073756190099703","91.62620460869033","91.62620460869033","fixed","1","1","50","2356","25","50","22616947","v2.0-design-v1.0","5.5","2.8000000000000003","2.6999999999999997","96.58430232558139","true","16.146","14.152000000000001","50","94.5","28","300","945","974","41","29","1","8","3","2050","1329","47","541","133","9","588","4.1","0","50","1000","1997","3.994","74","4.885881275249709","0","39.5","3.6353535353535356","10","700","41"
"326","BA","1000","2","0.1","30","0.1","0.5","1","platform","targeted","70","5","95","95","4.073756190099703","91.62620460869033","91.62620460869033","fixed","1","1","50","2356","26","50","22616948","v2.0-design-v1.0","5.900000000000006","3","2.9000000000000057","97.03903095558546","true","17.387999999999998","15.696000000000003","50","94.1","30","300","941","972","41","31","2","3","5","2050","1442","44","447","117","5","491","4.1","0","50","1000","1997","3.994","66","4.894887529241481","0","40.5","3.625252525252525","10","700","41"
"327","BA","1000","2","0.1","30","0.1","0.5","1","platform","targeted","70","5","95","95","4.073756190099703","91.62620460869033","91.62620460869033","fixed","1","1","50","2356","27","50","22616949","v2.0-design-v1.0","5.5","2.6","2.9","96.75862068965517","true","16.68","14.962000000000003","50","94.5","26","300","945","975","41","30","0","7","4","2050","1403","47","485","115","7","532","4.1","0","50","1000","1997","3.994","77","4.945545715330344","0","41.4","3.6161616161616164","10","700","41"
"328","BA","1000","2","0.1","30","0.1","0.5","1","platform","targeted","70","5","95","95","4.073756190099703","91.62620460869033","91.62620460869033","fixed","1","1","50","2356","28","50","22616950","v2.0-design-v1.0","5","2.6","2.4","96.48885887913572","true","17.097999999999992","15.218000000000002","50","95","26","300","950","980","41","30","0","5","6","2050","1429","52","444","125","5","496","4.1","0","50","1000","1997","3.994","91","5.26038360156705","0","43.4","3.595959595959596","10","700","41"
"329","BA","1000","2","0.1","30","0.1","0.5","1","platform","targeted","70","5","95","95","4.073756190099703","91.62620460869033","91.62620460869033","fixed","1","1","50","2356","29","50","22616951","v2.0-design-v1.0","5.800000000000011","2.4","3.4000000000000115","96.85714285714285","true","17.926","16.304000000000002","50","94.19999999999999","24","300","942","975","41","33","1","5","2","2050","1356","44","521","129","6","565","4.1","0","50","1000","1997","3.994","75","5.2294656812442355","0","44.4","3.585858585858586","10","700","41"
"330","BA","1000","2","0.1","30","0.1","0.5","1","platform","targeted","70","5","95","95","4.073756190099703","91.62620460869033","91.62620460869033","fixed","1","1","50","2356","30","50","22616952","v2.0-design-v1.0","6.8999999999999915","2.1","4.799999999999992","97.6158038147139","true","18.250000000000004","16.64399999999999","50","93.10000000000001","21","300","931","965","41","34","0","6","1","2050","1433","35","440","142","6","475","4.1","0","50","1000","1997","3.994","80","5.409734672720015","0","46","3.56969696969697","10","700","41"
"331","BA","1000","2","0.1","30","0.1","0.5","1","platform","targeted","70","5","95","95","36.73578667803569","84.22801403746759","84.22801403746759","fixed","1","1","50","2357","1","50","22617923","v2.0-design-v1.0","67.5","46.800000000000004","20.699999999999996","51.388056720591166","true","73.18999999999998","35.529999999999994","50","32.5","468","300","325","398","367","73","48","239","7","18350","2573","2434","12842","501","287","15276","36.7","0","50","1000","1997","3.994","54","4.655280403545585","0","35.7","3.6737373737373735","10","700","367"
"333","BA","1000","2","0.1","30","0.1","0.5","1","platform","targeted","70","5","95","95","36.73578667803569","84.22801403746759","84.22801403746759","fixed","1","1","50","2357","3","50","22617925","v2.0-design-v1.0","70.8","48.6","22.199999999999996","49.2096078833915","true","75.214","36.65200000000001","50","29.2","486","300","292","348","367","56","47","254","10","18350","2397","2474","13027","452","301","15501","36.7","0","50","1000","1997","3.994","53","4.672879176674664","0","37.3","3.6575757575757577","10","700","367"
"332","BA","1000","2","0.1","30","0.1","0.5","1","platform","targeted","70","5","95","95","36.73578667803569","84.22801403746759","84.22801403746759","fixed","1","1","50","2357","2","50","22617924","v2.0-design-v1.0","71","48.1","22.9","49.75278121137207","true","74.83999999999999","36.72000000000001","50","28.999999999999996","481","300","290","332","367","42","39","277","9","18350","2415","2439","13050","446","316","15489","36.7","0","50","1000","1997","3.994","64","5.131500394260552","0","44.5","3.584848484848485","10","700","367"
"334","BA","1000","2","0.1","30","0.1","0.5","1","platform","targeted","70","5","95","95","36.73578667803569","84.22801403746759","84.22801403746759","fixed","1","1","50","2357","4","50","22617926","v2.0-design-v1.0","72.1","47.599999999999994","24.5","51.10014394406745","true","75.72800000000001","37.748000000000005","50","27.900000000000002","476","300","279","327","367","48","39","269","11","18350","2485","2378","13026","461","308","15404","36.7","0","50","1000","1997","3.994","56","4.577216939900795","0","36.1","3.66969696969697","10","700","367"
"335","BA","1000","2","0.1","30","0.1","0.5","1","platform","targeted","70","5","95","95","36.73578667803569","84.22801403746759","84.22801403746759","fixed","1","1","50","2357","5","50","22617927","v2.0-design-v1.0","69","46.5","22.5","51.449710057988405","true","73.26400000000001","36.43200000000001","50","31","465","300","310","354","367","44","44","269","10","18350","2573","2428","12859","490","313","15287","36.7","0","50","1000","1997","3.994","68","5.027249470360224","0","41.8","3.6121212121212123","10","700","367"
"336","BA","1000","2","0.1","30","0.1","0.5","1","platform","targeted","70","5","95","95","36.73578667803569","84.22801403746759","84.22801403746759","fixed","1","1","50","2357","6","50","22617928","v2.0-design-v1.0","67.69999999999999","48.4","19.29999999999999","51.397087760724126","true","72.092","34.50600000000001","50","32.300000000000004","484","300","323","388","367","65","50","244","8","18350","2612","2470","12809","459","294","15279","36.7","0","50","1000","1997","3.994","94","5.491823387921723","0","44.7","3.5828282828282827","10","700","367"
"337","BA","1000","2","0.1","30","0.1","0.5","1","platform","targeted","70","5","95","95","36.73578667803569","84.22801403746759","84.22801403746759","fixed","1","1","50","2357","7","50","22617929","v2.0-design-v1.0","67.1","47","20.099999999999994","51.75958877026493","true","71.14000000000004","34.175999999999995","50","32.9","470","300","329","398","367","69","56","233","9","18350","2618","2440","12749","543","289","15189","36.7","0","50","1000","1997","3.994","109","5.39101354357666","0","41.7","3.613131313131313","10","700","367"
"338","BA","1000","2","0.1","30","0.1","0.5","1","platform","targeted","70","5","95","95","36.73578667803569","84.22801403746759","84.22801403746759","fixed","1","1","50","2357","8","50","22617930","v2.0-design-v1.0","69.4","47.5","21.900000000000006","49.4656180681589","true","73.80199999999999","36.288000000000004","50","30.599999999999998","475","300","306","349","367","43","57","255","12","18350","2453","2506","12912","479","312","15418","36.7","0","50","1000","1997","3.994","58","4.709792579949363","0","37.3","3.6575757575757577","10","700","367"
"339","BA","1000","2","0.1","30","0.1","0.5","1","platform","targeted","70","5","95","95","36.73578667803569","84.22801403746759","84.22801403746759","fixed","1","1","50","2357","9","50","22617931","v2.0-design-v1.0","69.1","46.9","22.199999999999996","50.144568360181744","true","74.916","37.576","50","30.9","469","300","309","375","367","66","44","248","9","18350","2428","2414","13067","441","292","15481","36.7","0","50","1000","1997","3.994","77","5.168818112555383","0","42.7","3.603030303030303","10","700","367"
"340","BA","1000","2","0.1","30","0.1","0.5","1","platform","targeted","70","5","95","95","36.73578667803569","84.22801403746759","84.22801403746759","fixed","1","1","50","2357","10","50","22617932","v2.0-design-v1.0","69.2","48.1","21.1","47.96493425172198","true","74.76","36.402","50","30.8","481","300","308","351","367","43","52","261","11","18350","2298","2493","13152","407","313","15645","36.7","0","50","1000","1997","3.994","131","6.059924643647559","0","48.7","3.5424242424242425","10","700","367"
"341","BA","1000","2","0.1","30","0.1","0.5","1","platform","targeted","70","5","95","95","36.73578667803569","84.22801403746759","84.22801403746759","fixed","1","1","50","2357","11","50","22617933","v2.0-design-v1.0","68.2","46.7","21.5","52.46863617968434","true","72.87200000000003","35.756","50","31.8","467","300","318","373","367","55","44","259","9","18350","2593","2349","12929","479","303","15278","36.7","0","50","1000","1997","3.994","56","4.783601869600643","0","38.4","3.6464646464646466","10","700","367"
"342","BA","1000","2","0.1","30","0.1","0.5","1","platform","targeted","70","5","95","95","36.73578667803569","84.22801403746759","84.22801403746759","fixed","1","1","50","2357","12","50","22617934","v2.0-design-v1.0","65.69999999999999","45.800000000000004","19.899999999999984","51.06682769726248","true","72.06799999999998","34.96800000000001","50","34.300000000000004","458","300","343","404","367","61","52","240","14","18350","2537","2431","12873","509","292","15304","36.7","0","50","1000","1997","3.994","79","4.842872847537643","0","39.3","3.6373737373737374","10","700","367"
"343","BA","1000","2","0.1","30","0.1","0.5","1","platform","targeted","70","5","95","95","36.73578667803569","84.22801403746759","84.22801403746759","fixed","1","1","50","2357","13","50","22617935","v2.0-design-v1.0","71.80000000000001","47.9","23.900000000000013","47.09664039817503","true","76.11000000000001","38.528","50","28.199999999999996","479","300","282","331","367","49","52","259","7","18350","2271","2551","13106","422","311","15657","36.7","0","50","1000","1997","3.994","73","5.184480961759119","0","45.1","3.5787878787878786","10","700","367"
"344","BA","1000","2","0.1","30","0.1","0.5","1","platform","targeted","70","5","95","95","36.73578667803569","84.22801403746759","84.22801403746759","fixed","1","1","50","2357","14","50","22617936","v2.0-design-v1.0","68.9","46.5","22.400000000000006","51.52003221260318","true","72.98","36.007999999999996","50","31.1","465","300","311","376","367","65","52","244","6","18350","2559","2408","12902","481","296","15310","36.7","0","50","1000","1997","3.994","78","5.512199955403309","0","46.7","3.562626262626263","10","700","367"
"345","BA","1000","2","0.1","30","0.1","0.5","1","platform","targeted","70","5","95","95","36.73578667803569","84.22801403746759","84.22801403746759","fixed","1","1","50","2357","15","50","22617937","v2.0-design-v1.0","71.5","48.5","23","48.05713085486242","true","76.16","37.422000000000004","50","28.499999999999996","485","300","285","334","367","49","63","248","7","18350","2288","2473","13139","450","311","15612","36.7","0","50","1000","1997","3.994","78","5.07303653640496","0","39.8","3.632323232323232","10","700","367"
"346","BA","1000","2","0.1","30","0.1","0.5","1","platform","targeted","70","5","95","95","36.73578667803569","84.22801403746759","84.22801403746759","fixed","1","1","50","2357","16","50","22617938","v2.0-design-v1.0","71.2","46.5","24.700000000000003","48.49904194166489","true","75.688","39.554","50","28.799999999999997","465","300","288","339","367","51","49","258","9","18350","2278","2419","13246","407","307","15665","36.7","0","50","1000","1997","3.994","59","4.940483010027694","0","42.4","3.606060606060606","10","700","367"
"348","BA","1000","2","0.1","30","0.1","0.5","1","platform","targeted","70","5","95","95","36.73578667803569","84.22801403746759","84.22801403746759","fixed","1","1","50","2357","18","50","22617940","v2.0-design-v1.0","69.6","47.199999999999996","22.4","50.5735354362966","true","74.33200000000001","36.51800000000001","50","30.4","472","300","304","349","367","45","49","261","12","18350","2469","2413","12991","477","310","15404","36.7","0","50","1000","1997","3.994","72","5.145915316485915","0","42.4","3.606060606060606","10","700","367"
"347","BA","1000","2","0.1","30","0.1","0.5","1","platform","targeted","70","5","95","95","36.73578667803569","84.22801403746759","84.22801403746759","fixed","1","1","50","2357","17","50","22617939","v2.0-design-v1.0","67","47.199999999999996","19.800000000000004","51.77502991623454","true","72.14199999999998","34.68000000000001","50","33","472","300","330","387","367","57","41","261","8","18350","2596","2418","12854","482","302","15272","36.7","0","50","1000","1997","3.994","130","5.870982237448227","0","45.2","3.577777777777778","10","700","367"
"350","BA","1000","2","0.1","30","0.1","0.5","1","platform","targeted","70","5","95","95","36.73578667803569","84.22801403746759","84.22801403746759","fixed","1","1","50","2357","20","50","22617942","v2.0-design-v1.0","68.7","47.599999999999994","21.10000000000001","51.63109142166734","true","73.106","35.818000000000005","50","31.3","476","300","313","360","367","47","61","246","13","18350","2564","2402","12913","471","307","15315","36.7","0","50","1000","1997","3.994","63","4.952018425499487","0","42.9","3.601010101010101","10","700","367"
"351","BA","1000","2","0.1","30","0.1","0.5","1","platform","targeted","70","5","95","95","36.73578667803569","84.22801403746759","84.22801403746759","fixed","1","1","50","2357","21","50","22617943","v2.0-design-v1.0","70.3","46.9","23.4","49.25623297716321","true","73.962","36.978","50","29.7","469","300","297","345","367","48","46","265","8","18350","2351","2422","13170","407","311","15592","36.7","0","50","1000","1997","3.994","120","6.138048520469676","0","51.1","3.518181818181818","10","700","367"
"349","BA","1000","2","0.1","30","0.1","0.5","1","platform","targeted","70","5","95","95","36.73578667803569","84.22801403746759","84.22801403746759","fixed","1","1","50","2357","19","50","22617941","v2.0-design-v1.0","65.8","43.9","21.9","51.81996086105675","true","69.74200000000002","34.858","50","34.2","439","300","342","400","367","58","48","253","8","18350","2648","2462","12750","490","301","15212","36.7","0","50","1000","1997","3.994","140","6.5172416280539","0","54.3","3.485858585858586","10","700","367"
"352","BA","1000","2","0.1","30","0.1","0.5","1","platform","targeted","70","5","95","95","36.73578667803569","84.22801403746759","84.22801403746759","fixed","1","1","50","2357","22","50","22617944","v2.0-design-v1.0","70","47.4","22.6","48.9383846794338","true","75.14200000000001","37.556","50","30","474","300","300","355","367","55","54","246","12","18350","2351","2453","13088","458","300","15541","36.7","0","50","1000","1997","3.994","131","5.9750870843583535","0","46.1","3.5686868686868687","10","700","367"
"353","BA","1000","2","0.1","30","0.1","0.5","1","platform","targeted","70","5","95","95","36.73578667803569","84.22801403746759","84.22801403746759","fixed","1","1","50","2357","23","50","22617945","v2.0-design-v1.0","65.4","46.7","18.700000000000003","54.85314141217662","true","70.70200000000003","33.79800000000001","50","34.599999999999994","467","300","346","407","367","61","34","259","13","18350","2820","2321","12622","587","293","14943","36.7","0","50","1000","1997","3.994","60","4.86576197934502","0","40.3","3.6272727272727274","10","700","367"
"354","BA","1000","2","0.1","30","0.1","0.5","1","platform","targeted","70","5","95","95","36.73578667803569","84.22801403746759","84.22801403746759","fixed","1","1","50","2357","24","50","22617946","v2.0-design-v1.0","71.1","49.6","21.499999999999993","49.375260308204915","true","75.65199999999999","36.99600000000001","50","28.9","496","300","289","340","367","51","47","260","9","18350","2371","2431","13104","444","307","15535","36.7","0","50","1000","1997","3.994","108","5.511110263489219","0","44.6","3.583838383838384","10","700","367"
"355","BA","1000","2","0.1","30","0.1","0.5","1","platform","targeted","70","5","95","95","36.73578667803569","84.22801403746759","84.22801403746759","fixed","1","1","50","2357","25","50","22617947","v2.0-design-v1.0","67.4","45.5","21.900000000000006","51.54276247670325","true","73.434","36.541999999999994","50","32.6","455","300","326","380","367","54","53","252","8","18350","2489","2340","13052","469","305","15392","36.7","0","50","1000","1997","3.994","71","5.122128483374873","0","41.9","3.611111111111111","10","700","367"
"357","BA","1000","2","0.1","30","0.1","0.5","1","platform","targeted","70","5","95","95","36.73578667803569","84.22801403746759","84.22801403746759","fixed","1","1","50","2357","27","50","22617949","v2.0-design-v1.0","70.2","47.699999999999996","22.500000000000007","51.20616257855261","true","74.742","37.626","50","29.799999999999997","477","300","298","365","367","67","47","246","7","18350","2526","2407","12935","482","293","15342","36.7","0","50","1000","1997","3.994","64","4.651193136991573","0","37.1","3.6595959595959595","10","700","367"
"358","BA","1000","2","0.1","30","0.1","0.5","1","platform","targeted","70","5","95","95","36.73578667803569","84.22801403746759","84.22801403746759","fixed","1","1","50","2357","28","50","22617950","v2.0-design-v1.0","73.3","46.800000000000004","26.499999999999993","47.273853779429984","true","76.60000000000004","39.348000000000006","50","26.700000000000003","468","300","267","327","367","60","54","245","8","18350","2289","2553","13105","403","299","15658","36.7","0","50","1000","1997","3.994","79","5.302082239656039","0","45.2","3.577777777777778","10","700","367"
"356","BA","1000","2","0.1","30","0.1","0.5","1","platform","targeted","70","5","95","95","36.73578667803569","84.22801403746759","84.22801403746759","fixed","1","1","50","2357","26","50","22617948","v2.0-design-v1.0","71.5","47.5","24","50.07144315166361","true","75.76400000000001","37.58","50","28.499999999999996","475","300","285","333","367","48","56","253","10","18350","2453","2446","12993","458","309","15439","36.7","0","50","1000","1997","3.994","77","4.911627845031421","0","40.4","3.6262626262626263","10","700","367"
"359","BA","1000","2","0.1","30","0.1","0.5","1","platform","targeted","70","5","95","95","36.73578667803569","84.22801403746759","84.22801403746759","fixed","1","1","50","2357","29","50","22617951","v2.0-design-v1.0","66.3","46.7","19.599999999999994","52.15043008601721","true","72.47200000000002","34.90999999999999","50","33.7","467","300","337","409","367","72","30","249","16","18350","2607","2392","12888","463","279","15280","36.7","0","50","1000","1997","3.994","90","5.328635693904988","0","44.6","3.583838383838384","10","700","367"
"360","BA","1000","2","0.1","30","0.1","0.5","1","platform","targeted","70","5","95","95","36.73578667803569","84.22801403746759","84.22801403746759","fixed","1","1","50","2357","30","50","22617952","v2.0-design-v1.0","69.5","47.9","21.6","50.71789686552073","true","74.416","36.538","50","30.5","479","300","305","379","367","74","38","245","10","18350","2508","2437","12932","473","283","15369","36.7","0","50","1000","1997","3.994","69","5.092730102793574","0","42.9","3.601010101010101","10","700","367"
"361","BA","1000","2","0.1","30","0.1","0.5","1","platform","targeted","70","5","95","95","22.394374417269674","72.35588936999629","72.35588936999629","fixed","1","1","50","2358","1","50","22618923","v2.0-design-v1.0","29.5","23.1","6.399999999999999","61.496680748340374","true","44.24600000000002","23.302000000000007","50","70.5","231","300","705","782","224","77","41","84","22","11200","3057","1914","5141","1088","125","7055","22.4","0","50","1000","1997","3.994","90","5.611368055247434","0","46.3","3.566666666666667","10","700","224"
"362","BA","1000","2","0.1","30","0.1","0.5","1","platform","targeted","70","5","95","95","22.394374417269674","72.35588936999629","72.35588936999629","fixed","1","1","50","2358","2","50","22618924","v2.0-design-v1.0","28.10000000000001","25.4","2.70000000000001","62.060797473351755","true","44.31800000000001","22.698000000000008","50","71.89999999999999","254","300","719","800","224","81","32","81","30","11200","3144","1922","4931","1203","113","6853","22.4","0","50","1000","1997","3.994","96","5.3707363376737","0","42","3.61010101010101","10","700","224"
"363","BA","1000","2","0.1","30","0.1","0.5","1","platform","targeted","70","5","95","95","22.394374417269674","72.35588936999629","72.35588936999629","fixed","1","1","50","2358","3","50","22618925","v2.0-design-v1.0","28.10000000000001","25.7","2.4000000000000092","64.49473273507608","true","42.373999999999995","20.456000000000007","50","71.89999999999999","257","300","719","797","224","78","35","82","29","11200","3306","1820","4796","1278","117","6616","22.4","0","50","1000","1997","3.994","76","5.341019611505871","0","47","3.5595959595959594","10","700","224"
"364","BA","1000","2","0.1","30","0.1","0.5","1","platform","targeted","70","5","95","95","22.394374417269674","72.35588936999629","72.35588936999629","fixed","1","1","50","2358","4","50","22618926","v2.0-design-v1.0","28.200000000000003","25.900000000000002","2.3000000000000007","63.83714230843096","true","41.175999999999995","19.254","50","71.8","259","300","718","787","224","69","24","98","33","11200","3324","1883","4685","1308","122","6568","22.4","0","50","1000","1997","3.994","68","4.925873346750621","0","40.9","3.621212121212121","10","700","224"
"366","BA","1000","2","0.1","30","0.1","0.5","1","platform","targeted","70","5","95","95","22.394374417269674","72.35588936999629","72.35588936999629","fixed","1","1","50","2358","6","50","22618928","v2.0-design-v1.0","29.5","28.199999999999996","1.3000000000000043","64.96047430830039","true","43.94399999999999","20.446","50","70.5","282","300","705","798","224","93","21","75","35","11200","3287","1773","4873","1267","96","6646","22.4","0","50","1000","1997","3.994","109","5.298871770673639","0","41.3","3.617171717171717","10","700","224"
"365","BA","1000","2","0.1","30","0.1","0.5","1","platform","targeted","70","5","95","95","22.394374417269674","72.35588936999629","72.35588936999629","fixed","1","1","50","2358","5","50","22618927","v2.0-design-v1.0","29.200000000000003","27.500000000000004","1.6999999999999993","66.05522301602626","true","43.855999999999995","20.947999999999997","50","70.8","275","300","708","799","224","91","25","79","29","11200","3421","1758","4667","1354","104","6425","22.4","0","50","1000","1997","3.994","74","5.144748043629773","0","42.7","3.603030303030303","10","700","224"
"367","BA","1000","2","0.1","30","0.1","0.5","1","platform","targeted","70","5","95","95","22.394374417269674","72.35588936999629","72.35588936999629","fixed","1","1","50","2358","7","50","22618929","v2.0-design-v1.0","33.39999999999999","27.800000000000004","5.599999999999987","61.91035427676649","true","45.818000000000005","22.682000000000002","50","66.60000000000001","278","300","666","730","224","64","46","86","28","11200","3163","1946","4908","1183","132","6854","22.4","0","50","1000","1997","3.994","75","5.1538846054724985","0","42.8","3.602020202020202","10","700","224"
"368","BA","1000","2","0.1","30","0.1","0.5","1","platform","targeted","70","5","95","95","22.394374417269674","72.35588936999629","72.35588936999629","fixed","1","1","50","2358","8","50","22618930","v2.0-design-v1.0","26.799999999999997","26.900000000000002","-0.10000000000000497","65.6733746130031","true","41.806000000000004","19.060000000000006","50","73.2","269","300","732","807","224","75","32","79","38","11200","3394","1774","4780","1252","111","6554","22.4","0","50","1000","1997","3.994","104","5.66798818718688","0","46.7","3.562626262626263","10","700","224"
"369","BA","1000","2","0.1","30","0.1","0.5","1","platform","targeted","70","5","95","95","22.394374417269674","72.35588936999629","72.35588936999629","fixed","1","1","50","2358","9","50","22618931","v2.0-design-v1.0","29.299999999999997","26.700000000000003","2.5999999999999943","62.85770672982041","true","44.154","21.311999999999994","50","70.7","267","300","707","774","224","67","40","84","33","11200","3185","1882","4867","1266","124","6749","22.4","0","50","1000","1997","3.994","83","5.882224457173047","0","51.1","3.518181818181818","10","700","224"
"370","BA","1000","2","0.1","30","0.1","0.5","1","platform","targeted","70","5","95","95","22.394374417269674","72.35588936999629","72.35588936999629","fixed","1","1","50","2358","10","50","22618932","v2.0-design-v1.0","31.799999999999997","27.800000000000004","3.999999999999993","63.2120253164557","true","45.450000000000024","21.456","50","68.2","278","300","682","754","224","72","38","91","23","11200","3196","1860","4946","1198","129","6806","22.4","0","50","1000","1997","3.994","70","5.375766258205687","0","44.4","3.585858585858586","10","700","224"
"372","BA","1000","2","0.1","30","0.1","0.5","1","platform","targeted","70","5","95","95","22.394374417269674","72.35588936999629","72.35588936999629","fixed","1","1","50","2358","12","50","22618934","v2.0-design-v1.0","30.200000000000003","27.800000000000004","2.3999999999999986","62.57387988560534","true","46.256","22.760000000000005","50","69.8","278","300","698","768","224","70","41","87","26","11200","3282","1963","4765","1190","128","6728","22.4","0","50","1000","1997","3.994","64","5.1977861615288585","0","43.1","3.598989898989899","10","700","224"
"371","BA","1000","2","0.1","30","0.1","0.5","1","platform","targeted","70","5","95","95","22.394374417269674","72.35588936999629","72.35588936999629","fixed","1","1","50","2358","11","50","22618933","v2.0-design-v1.0","31.599999999999994","27.700000000000003","3.8999999999999915","64.10105757931845","true","43.93199999999999","21.348000000000006","50","68.4","277","300","684","763","224","79","35","87","23","11200","3273","1833","4886","1208","122","6719","22.4","0","50","1000","1997","3.994","104","5.493463583400011","0","43.5","3.594949494949495","10","700","224"
"373","BA","1000","2","0.1","30","0.1","0.5","1","platform","targeted","70","5","95","95","22.394374417269674","72.35588936999629","72.35588936999629","fixed","1","1","50","2358","13","50","22618935","v2.0-design-v1.0","30.700000000000003","27.1","3.6000000000000014","64.55476144485223","true","42.558","20.038","50","69.3","271","300","693","770","224","77","28","97","22","11200","3342","1835","4735","1288","125","6570","22.4","0","50","1000","1997","3.994","77","5.0702733330335965","0","42.4","3.606060606060606","10","700","224"
"374","BA","1000","2","0.1","30","0.1","0.5","1","platform","targeted","70","5","95","95","22.394374417269674","72.35588936999629","72.35588936999629","fixed","1","1","50","2358","14","50","22618936","v2.0-design-v1.0","28.60000000000001","27.800000000000004","0.8000000000000043","65.25157232704403","true","43.57000000000001","20.221999999999994","50","71.39999999999999","278","300","714","797","224","83","33","77","31","11200","3320","1768","4823","1289","110","6591","22.4","0","50","1000","1997","3.994","88","5.328635693904983","0","43.8","3.591919191919192","10","700","224"
"375","BA","1000","2","0.1","30","0.1","0.5","1","platform","targeted","70","5","95","95","22.394374417269674","72.35588936999629","72.35588936999629","fixed","1","1","50","2358","15","50","22618937","v2.0-design-v1.0","31.200000000000003","28.199999999999996","3.000000000000007","63.23558354654596","true","44.30000000000001","20.526","50","68.8","282","300","688","760","224","72","34","90","28","11200","3213","1868","4894","1225","124","6762","22.4","0","50","1000","1997","3.994","80","5.485987610272187","0","47.1","3.5585858585858587","10","700","224"
"376","BA","1000","2","0.1","30","0.1","0.5","1","platform","targeted","70","5","95","95","22.394374417269674","72.35588936999629","72.35588936999629","fixed","1","1","50","2358","16","50","22618938","v2.0-design-v1.0","31","26.5","4.5","62.64165689722548","true","44.38200000000002","21.442000000000004","50","69","265","300","690","752","224","62","30","99","33","11200","3206","1912","4826","1256","129","6738","22.4","0","50","1000","1997","3.994","93","5.112152002640179","0","40.3","3.6272727272727274","10","700","224"
"377","BA","1000","2","0.1","30","0.1","0.5","1","platform","targeted","70","5","95","95","22.394374417269674","72.35588936999629","72.35588936999629","fixed","1","1","50","2358","17","50","22618939","v2.0-design-v1.0","31.599999999999994","27.3","4.299999999999994","63.065027755749405","true","45.414000000000016","22.42000000000001","50","68.4","273","300","684","765","224","81","27","89","27","11200","3181","1863","5015","1141","116","6878","22.4","0","50","1000","1997","3.994","117","5.514015630043887","0","42","3.61010101010101","10","700","224"
"378","BA","1000","2","0.1","30","0.1","0.5","1","platform","targeted","70","5","95","95","22.394374417269674","72.35588936999629","72.35588936999629","fixed","1","1","50","2358","18","50","22618940","v2.0-design-v1.0","30.60000000000001","25.8","4.800000000000008","63.97626112759644","true","45.486","23.400000000000006","50","69.39999999999999","258","300","694","769","224","75","31","91","27","11200","3234","1821","4953","1192","122","6774","22.4","0","50","1000","1997","3.994","45","4.513128884967971","0","34.8","3.682828282828283","10","700","224"
"379","BA","1000","2","0.1","30","0.1","0.5","1","platform","targeted","70","5","95","95","22.394374417269674","72.35588936999629","72.35588936999629","fixed","1","1","50","2358","19","50","22618941","v2.0-design-v1.0","29.700000000000003","27.400000000000002","2.3000000000000007","65.07936507936508","true","45.114","22.591999999999995","50","70.3","274","300","703","774","224","71","34","77","42","11200","3321","1782","4804","1293","111","6586","22.4","0","50","1000","1997","3.994","85","4.907346130654118","0","38.6","3.6444444444444444","10","700","224"
"380","BA","1000","2","0.1","30","0.1","0.5","1","platform","targeted","70","5","95","95","22.394374417269674","72.35588936999629","72.35588936999629","fixed","1","1","50","2358","20","50","22618942","v2.0-design-v1.0","31.39999999999999","28.1","3.29999999999999","64.65035638605279","true","44.152000000000015","20.836","50","68.60000000000001","281","300","686","770","224","84","28","91","21","11200","3356","1835","4744","1265","119","6579","22.4","0","50","1000","1997","3.994","78","5.257718859696429","0","43.6","3.5939393939393938","10","700","224"
"381","BA","1000","2","0.1","30","0.1","0.5","1","platform","targeted","70","5","95","95","22.394374417269674","72.35588936999629","72.35588936999629","fixed","1","1","50","2358","21","50","22618943","v2.0-design-v1.0","32","27.400000000000002","4.599999999999998","63.806187974314064","true","45","22.035999999999994","50","68","274","300","680","761","224","81","29","89","25","11200","3279","1860","4835","1226","118","6695","22.4","0","50","1000","1997","3.994","82","5.2634273688982915","0","42.5","3.605050505050505","10","700","224"
"382","BA","1000","2","0.1","30","0.1","0.5","1","platform","targeted","70","5","95","95","22.394374417269674","72.35588936999629","72.35588936999629","fixed","1","1","50","2358","22","50","22618944","v2.0-design-v1.0","28.700000000000003","27.500000000000004","1.1999999999999993","64.48745802883666","true","43.577999999999996","20.434","50","71.3","275","300","713","781","224","68","33","94","29","11200","3265","1798","4858","1279","127","6656","22.4","0","50","1000","1997","3.994","91","5.666751809994501","0","48.5","3.5444444444444443","10","700","224"
"383","BA","1000","2","0.1","30","0.1","0.5","1","platform","targeted","70","5","95","95","22.394374417269674","72.35588936999629","72.35588936999629","fixed","1","1","50","2358","23","50","22618945","v2.0-design-v1.0","29.299999999999997","27.400000000000002","1.899999999999995","64.12198912198912","true","43.786","20.606000000000005","50","70.7","274","300","707","785","224","78","33","91","22","11200","3301","1847","4772","1280","124","6619","22.4","0","50","1000","1997","3.994","98","5.485622668034683","0","44.7","3.5828282828282827","10","700","224"
"384","BA","1000","2","0.1","30","0.1","0.5","1","platform","targeted","70","5","95","95","22.394374417269674","72.35588936999629","72.35588936999629","fixed","1","1","50","2358","24","50","22618946","v2.0-design-v1.0","29.900000000000006","27.900000000000002","2.0000000000000036","63.400464756003096","true","44.352","20.746","50","70.1","279","300","701","765","224","64","27","94","39","11200","3274","1890","4774","1262","121","6664","22.4","0","50","1000","1997","3.994","80","5.344392063324549","0","43.1","3.598989898989899","10","700","224"
"386","BA","1000","2","0.1","30","0.1","0.5","1","platform","targeted","70","5","95","95","22.394374417269674","72.35588936999629","72.35588936999629","fixed","1","1","50","2358","26","50","22618948","v2.0-design-v1.0","30.200000000000003","27","3.200000000000003","63.891081294396216","true","43.934000000000005","21.261999999999997","50","69.8","270","300","698","774","224","76","31","80","37","11200","3238","1830","4853","1279","111","6683","22.4","0","50","1000","1997","3.994","78","5.201636379161939","0","45","3.5797979797979798","10","700","224"
"387","BA","1000","2","0.1","30","0.1","0.5","1","platform","targeted","70","5","95","95","22.394374417269674","72.35588936999629","72.35588936999629","fixed","1","1","50","2358","27","50","22618949","v2.0-design-v1.0","31.299999999999997","27.500000000000004","3.7999999999999936","63.045625123444594","true","45.202000000000005","21.945999999999998","50","68.7","275","300","687","767","224","80","38","85","21","11200","3192","1871","4900","1237","123","6771","22.4","0","50","1000","1997","3.994","66","5.22984849831381","0","44","3.5898989898989897","10","700","224"
"385","BA","1000","2","0.1","30","0.1","0.5","1","platform","targeted","70","5","95","95","22.394374417269674","72.35588936999629","72.35588936999629","fixed","1","1","50","2358","25","50","22618947","v2.0-design-v1.0","29.10000000000001","27","2.1000000000000085","64.47419480015522","true","43.464000000000006","21.011999999999993","50","70.89999999999999","270","300","709","787","224","78","36","80","30","11200","3323","1831","4789","1257","116","6620","22.4","0","50","1000","1997","3.994","84","5.263807716061783","0","44.6","3.583838383838384","10","700","224"
"388","BA","1000","2","0.1","30","0.1","0.5","1","platform","targeted","70","5","95","95","22.394374417269674","72.35588936999629","72.35588936999629","fixed","1","1","50","2358","28","50","22618950","v2.0-design-v1.0","29.900000000000006","28.000000000000004","1.9000000000000021","62.945046439628484","true","45.552","22.15","50","70.1","280","300","701","784","224","83","30","77","34","11200","3253","1915","4840","1192","107","6755","22.4","0","50","1000","1997","3.994","64","5.118414028013175","0","43.4","3.595959595959596","10","700","224"
"389","BA","1000","2","0.1","30","0.1","0.5","1","platform","targeted","70","5","95","95","22.394374417269674","72.35588936999629","72.35588936999629","fixed","1","1","50","2358","29","50","22618951","v2.0-design-v1.0","30.900000000000006","27.500000000000004","3.400000000000002","62.696232339089484","true","44.784000000000006","21.31","50","69.1","275","300","691","758","224","67","26","102","29","11200","3195","1901","4920","1184","128","6821","22.4","0","50","1000","1997","3.994","82","5.312644180461184","0","44.6","3.583838383838384","10","700","224"
"390","BA","1000","2","0.1","30","0.1","0.5","1","platform","targeted","70","5","95","95","22.394374417269674","72.35588936999629","72.35588936999629","fixed","1","1","50","2358","30","50","22618952","v2.0-design-v1.0","26.5","22.1","4.399999999999999","64.32957021192315","true","40.312","20.382","50","73.5","221","300","735","811","224","76","32","93","23","11200","3248","1801","4916","1235","125","6717","22.4","0","50","1000","1997","3.994","78","5.355057482477714","0","45.7","3.5727272727272728","10","700","224"
"392","BA","1000","2","0.1","30","0.1","0.5","1","platform","targeted","70","5","95","95","45.83546286114932","84.72012632405628","84.72012632405628","fixed","1","1","50","2359","2","50","22619924","v2.0-design-v1.0","69.4","50.7","18.700000000000003","44.961379558110295","true","75.45000000000002","32.593999999999994","50","30.599999999999998","507","300","306","360","458","54","63","329","12","22900","2503","3064","16860","473","392","19924","45.8","0","50","1000","1997","3.994","98","5.654904238087663","0","49.3","3.536363636363636","10","700","458"
"391","BA","1000","2","0.1","30","0.1","0.5","1","platform","targeted","70","5","95","95","45.83546286114932","84.72012632405628","84.72012632405628","fixed","1","1","50","2359","1","50","22619923","v2.0-design-v1.0","74.9","49.5","25.400000000000006","41.26625211984172","true","78.85999999999999","36.488","50","25.1","495","300","251","303","458","52","56","341","9","22900","2190","3117","17209","384","397","20326","45.8","0","50","1000","1997","3.994","81","5.037394102047133","0","40.6","3.624242424242424","10","700","458"
"393","BA","1000","2","0.1","30","0.1","0.5","1","platform","targeted","70","5","95","95","45.83546286114932","84.72012632405628","84.72012632405628","fixed","1","1","50","2359","3","50","22619925","v2.0-design-v1.0","70.9","49.6","21.300000000000004","44.35705139930492","true","75.13","32.558000000000014","50","29.099999999999998","496","300","291","341","458","50","55","341","12","22900","2425","3042","16949","484","396","19991","45.8","0","50","1000","1997","3.994","93","5.6306010041262535","0","46.2","3.5676767676767676","10","700","458"
"394","BA","1000","2","0.1","30","0.1","0.5","1","platform","targeted","70","5","95","95","45.83546286114932","84.72012632405628","84.72012632405628","fixed","1","1","50","2359","4","50","22619926","v2.0-design-v1.0","71.9","50.1","21.800000000000004","44.3733534060971","true","76.18800000000002","33.426","50","28.1","501","300","281","336","458","55","59","334","10","22900","2358","2956","17155","431","393","20111","45.8","0","50","1000","1997","3.994","91","4.9584826863215365","0","39.1","3.639393939393939","10","700","458"
"395","BA","1000","2","0.1","30","0.1","0.5","1","platform","targeted","70","5","95","95","45.83546286114932","84.72012632405628","84.72012632405628","fixed","1","1","50","2359","5","50","22619927","v2.0-design-v1.0","75.9","49.6","26.300000000000004","39.93001555209953","true","79.558","37.557999999999986","50","24.099999999999998","496","300","241","285","458","44","65","344","5","22900","2054","3090","17407","349","409","20497","45.8","0","50","1000","1997","3.994","89","5.533767847189334","0","45.7","3.5727272727272728","10","700","458"
"396","BA","1000","2","0.1","30","0.1","0.5","1","platform","targeted","70","5","95","95","45.83546286114932","84.72012632405628","84.72012632405628","fixed","1","1","50","2359","6","50","22619928","v2.0-design-v1.0","71.4","50.8","20.60000000000001","44.68704512372635","true","75.49","32.75200000000001","50","28.599999999999998","508","300","286","359","458","73","57","320","8","22900","2456","3040","16993","411","377","20033","45.8","0","50","1000","1997","3.994","60","5.075798235521937","0","44.1","3.588888888888889","10","700","458"
"397","BA","1000","2","0.1","30","0.1","0.5","1","platform","targeted","70","5","95","95","45.83546286114932","84.72012632405628","84.72012632405628","fixed","1","1","50","2359","7","50","22619929","v2.0-design-v1.0","72.5","47.5","25","42.45371236207219","true","76.47600000000001","35.312","50","27.500000000000004","475","300","275","318","458","43","55","350","10","22900","2270","3077","17152","401","405","20229","45.8","0","50","1000","1997","3.994","71","5.1258402470461535","0","43","3.6","10","700","458"
"398","BA","1000","2","0.1","30","0.1","0.5","1","platform","targeted","70","5","95","95","45.83546286114932","84.72012632405628","84.72012632405628","fixed","1","1","50","2359","8","50","22619930","v2.0-design-v1.0","73.5","51.2","22.299999999999997","42.46084166823929","true","78.066","34.972","50","26.5","512","300","265","318","458","53","60","338","7","22900","2250","3049","17219","382","398","20268","45.8","0","50","1000","1997","3.994","105","5.540456719500708","0","44.4","3.585858585858586","10","700","458"
"399","BA","1000","2","0.1","30","0.1","0.5","1","platform","targeted","70","5","95","95","45.83546286114932","84.72012632405628","84.72012632405628","fixed","1","1","50","2359","9","50","22619931","v2.0-design-v1.0","73.1","50.7","22.39999999999999","44.34606161224866","true","76.84599999999999","33.738000000000014","50","26.900000000000002","507","300","269","308","458","39","40","371","8","22900","2404","3017","17018","461","411","20035","45.8","0","50","1000","1997","3.994","64","5.006498679619214","0","43.1","3.598989898989899","10","700","458"
"400","BA","1000","2","0.1","30","0.1","0.5","1","platform","targeted","70","5","95","95","45.83546286114932","84.72012632405628","84.72012632405628","fixed","1","1","50","2359","10","50","22619932","v2.0-design-v1.0","71.1","49.3","21.799999999999997","45.29536611248673","true","74.808","32.89000000000001","50","28.9","493","300","289","342","458","53","65","331","9","22900","2561","3093","16811","435","396","19904","45.8","0","50","1000","1997","3.994","61","4.930138970685331","0","41.4","3.6161616161616164","10","700","458"
"401","BA","1000","2","0.1","30","0.1","0.5","1","platform","targeted","70","5","95","95","45.83546286114932","84.72012632405628","84.72012632405628","fixed","1","1","50","2359","11","50","22619933","v2.0-design-v1.0","73.1","49.8","23.299999999999997","42.42594675665542","true","77.41199999999999","35.518","50","26.900000000000002","498","300","269","315","458","46","55","350","7","22900","2263","3071","17174","392","405","20245","45.8","0","50","1000","1997","3.994","58","4.861851663882961","0","38.6","3.6444444444444444","10","700","458"
"402","BA","1000","2","0.1","30","0.1","0.5","1","platform","targeted","70","5","95","95","45.83546286114932","84.72012632405628","84.72012632405628","fixed","1","1","50","2359","12","50","22619934","v2.0-design-v1.0","69.8","49.7","20.099999999999994","45.056931140430144","true","75.51800000000001","34.26","50","30.2","497","300","302","366","458","64","52","331","11","22900","2493","3040","16845","522","383","19885","45.8","0","50","1000","1997","3.994","79","5.306422723654992","0","46.7","3.562626262626263","10","700","458"
"403","BA","1000","2","0.1","30","0.1","0.5","1","platform","targeted","70","5","95","95","45.83546286114932","84.72012632405628","84.72012632405628","fixed","1","1","50","2359","13","50","22619935","v2.0-design-v1.0","72.4","51.6","20.800000000000004","43.93181397072448","true","76.134","32.717999999999996","50","27.6","516","300","276","319","458","43","53","353","9","22900","2371","3026","17113","390","406","20139","45.8","0","50","1000","1997","3.994","78","5.544791133010207","0","48.1","3.5484848484848484","10","700","458"
"404","BA","1000","2","0.1","30","0.1","0.5","1","platform","targeted","70","5","95","95","45.83546286114932","84.72012632405628","84.72012632405628","fixed","1","1","50","2359","14","50","22619936","v2.0-design-v1.0","70.3","48","22.299999999999997","44.632152588555854","true","74.70400000000001","33.804000000000016","50","29.7","480","300","297","344","458","47","67","335","9","22900","2457","3048","17000","395","402","20048","45.8","0","50","1000","1997","3.994","80","5.269129693576313","0","43.5","3.594949494949495","10","700","458"
"405","BA","1000","2","0.1","30","0.1","0.5","1","platform","targeted","70","5","95","95","45.83546286114932","84.72012632405628","84.72012632405628","fixed","1","1","50","2359","15","50","22619937","v2.0-design-v1.0","73.8","50.1","23.699999999999996","42.54425990144187","true","77.11000000000001","34.594000000000015","50","26.200000000000003","501","300","262","313","458","51","75","325","7","22900","2331","3148","17018","403","400","20166","45.8","0","50","1000","1997","3.994","60","5.076192641314121","0","43.9","3.590909090909091","10","700","458"
"406","BA","1000","2","0.1","30","0.1","0.5","1","platform","targeted","70","5","95","95","45.83546286114932","84.72012632405628","84.72012632405628","fixed","1","1","50","2359","16","50","22619938","v2.0-design-v1.0","72.4","49.3","23.10000000000001","43.92817475009256","true","76.244","34.074","50","27.6","493","300","276","323","458","47","57","343","11","22900","2373","3029","17103","395","400","20132","45.8","0","50","1000","1997","3.994","97","5.237498963760784","0","41.3","3.617171717171717","10","700","458"
"407","BA","1000","2","0.1","30","0.1","0.5","1","platform","targeted","70","5","95","95","45.83546286114932","84.72012632405628","84.72012632405628","fixed","1","1","50","2359","17","50","22619939","v2.0-design-v1.0","70.6","50.7","19.89999999999999","44.180522565320665","true","76.216","33.16800000000001","50","29.4","507","300","294","354","458","60","59","328","11","22900","2418","3055","16978","449","387","20033","45.8","0","50","1000","1997","3.994","103","5.411399749348329","0","45.2","3.577777777777778","10","700","458"
"408","BA","1000","2","0.1","30","0.1","0.5","1","platform","targeted","70","5","95","95","45.83546286114932","84.72012632405628","84.72012632405628","fixed","1","1","50","2359","18","50","22619940","v2.0-design-v1.0","73","50.5","22.5","43.52292181852768","true","76.75200000000001","34.24199999999999","50","27","505","300","270","318","458","48","64","337","9","22900","2288","2969","17223","420","401","20192","45.8","0","50","1000","1997","3.994","84","5.240938029726296","0","44","3.5898989898989897","10","700","458"
"409","BA","1000","2","0.1","30","0.1","0.5","1","platform","targeted","70","5","95","95","45.83546286114932","84.72012632405628","84.72012632405628","fixed","1","1","50","2359","19","50","22619941","v2.0-design-v1.0","70.2","47.199999999999996","23.000000000000007","43.32409972299169","true","75.37600000000002","34.98000000000002","50","29.799999999999997","472","300","298","357","458","59","46","339","14","22900","2346","3069","17016","469","385","20085","45.8","0","50","1000","1997","3.994","101","6.050005501366657","0","50.2","3.5272727272727273","10","700","458"
"410","BA","1000","2","0.1","30","0.1","0.5","1","platform","targeted","70","5","95","95","45.83546286114932","84.72012632405628","84.72012632405628","fixed","1","1","50","2359","20","50","22619942","v2.0-design-v1.0","70.1","48.5","21.599999999999994","44.09983483207928","true","74.95","33.22399999999999","50","29.9","485","300","299","352","458","53","66","329","10","22900","2403","3046","17013","438","395","20059","45.8","0","50","1000","1997","3.994","128","5.895313284187615","0","45.3","3.576767676767677","10","700","458"
"412","BA","1000","2","0.1","30","0.1","0.5","1","platform","targeted","70","5","95","95","45.83546286114932","84.72012632405628","84.72012632405628","fixed","1","1","50","2359","22","50","22619944","v2.0-design-v1.0","71.6","49.2","22.39999999999999","44.676487040835354","true","75.714","34.05400000000001","50","28.4","492","300","284","336","458","52","56","339","11","22900","2396","2967","17071","466","395","20038","45.8","0","50","1000","1997","3.994","81","5.459832760604825","0","47.4","3.5555555555555554","10","700","458"
"413","BA","1000","2","0.1","30","0.1","0.5","1","platform","targeted","70","5","95","95","45.83546286114932","84.72012632405628","84.72012632405628","fixed","1","1","50","2359","23","50","22619945","v2.0-design-v1.0","69.5","48.5","21","44.826961406051815","true","74.83000000000001","33.577999999999996","50","30.5","485","300","305","339","458","34","62","354","8","22900","2474","3045","16948","433","416","19993","45.8","0","50","1000","1997","3.994","90","5.7630874691589655","0","50.5","3.5242424242424244","10","700","458"
"411","BA","1000","2","0.1","30","0.1","0.5","1","platform","targeted","70","5","95","95","45.83546286114932","84.72012632405628","84.72012632405628","fixed","1","1","50","2359","21","50","22619943","v2.0-design-v1.0","72.9","50.4","22.500000000000007","43.75343973582829","true","76.64399999999998","34.16","50","27.1","504","300","271","332","458","61","63","327","7","22900","2385","3066","17018","431","390","20084","45.8","0","50","1000","1997","3.994","100","5.561375090109713","0","44.6","3.583838383838384","10","700","458"
"414","BA","1000","2","0.1","30","0.1","0.5","1","platform","targeted","70","5","95","95","45.83546286114932","84.72012632405628","84.72012632405628","fixed","1","1","50","2359","24","50","22619946","v2.0-design-v1.0","72.8","49.7","23.099999999999994","44.53546825544591","true","76.82800000000003","34.25399999999999","50","27.200000000000003","497","300","272","322","458","50","56","347","5","22900","2392","2979","17128","401","403","20107","45.8","0","50","1000","1997","3.994","65","4.945140889642913","0","41.3","3.617171717171717","10","700","458"
"415","BA","1000","2","0.1","30","0.1","0.5","1","platform","targeted","70","5","95","95","45.83546286114932","84.72012632405628","84.72012632405628","fixed","1","1","50","2359","25","50","22619947","v2.0-design-v1.0","72","50.8","21.200000000000003","44.1826748822037","true","75.888","32.71400000000001","50","28.000000000000004","508","300","280","331","458","51","61","337","9","22900","2438","3080","16914","468","398","19994","45.8","0","50","1000","1997","3.994","82","5.275774615902172","0","42.1","3.609090909090909","10","700","458"
"416","BA","1000","2","0.1","30","0.1","0.5","1","platform","targeted","70","5","95","95","45.83546286114932","84.72012632405628","84.72012632405628","fixed","1","1","50","2359","26","50","22619948","v2.0-design-v1.0","73.1","49.2","23.89999999999999","42.86772878844016","true","76.91599999999998","34.684","50","26.900000000000002","492","300","269","318","458","49","64","336","9","22900","2314","3084","17117","385","400","20201","45.8","0","50","1000","1997","3.994","81","5.070075903738481","0","41.6","3.614141414141414","10","700","458"
"417","BA","1000","2","0.1","30","0.1","0.5","1","platform","targeted","70","5","95","95","45.83546286114932","84.72012632405628","84.72012632405628","fixed","1","1","50","2359","27","50","22619949","v2.0-design-v1.0","71.2","49.5","21.700000000000003","45.40648924535181","true","75.54","33.14400000000001","50","28.799999999999997","495","300","288","330","458","42","59","352","5","22900","2491","2995","16988","426","411","19983","45.8","0","50","1000","1997","3.994","58","5.11097701873976","0","43","3.6","10","700","458"
"418","BA","1000","2","0.1","30","0.1","0.5","1","platform","targeted","70","5","95","95","45.83546286114932","84.72012632405628","84.72012632405628","fixed","1","1","50","2359","28","50","22619950","v2.0-design-v1.0","70.9","49.9","21.000000000000007","44.19690980955803","true","75.616","32.95799999999999","50","29.099999999999998","499","300","291","348","458","57","71","321","9","22900","2460","3106","16891","443","392","19997","45.8","0","50","1000","1997","3.994","83","5.557413863376448","0","47.1","3.5585858585858587","10","700","458"
"419","BA","1000","2","0.1","30","0.1","0.5","1","platform","targeted","70","5","95","95","45.83546286114932","84.72012632405628","84.72012632405628","fixed","1","1","50","2359","29","50","22619951","v2.0-design-v1.0","71.1","50.3","20.799999999999997","44.57980225988701","true","75.89200000000001","33.742","50","28.9","503","300","289","345","458","56","58","336","8","22900","2525","3139","16790","446","394","19929","45.8","0","50","1000","1997","3.994","68","5.175398414494164","0","43.2","3.597979797979798","10","700","458"
"420","BA","1000","2","0.1","30","0.1","0.5","1","platform","targeted","70","5","95","95","45.83546286114932","84.72012632405628","84.72012632405628","fixed","1","1","50","2359","30","50","22619952","v2.0-design-v1.0","72.19999999999999","49.3","22.89999999999999","43.129913889928865","true","76.54199999999999","34.412","50","27.800000000000004","493","300","278","317","458","39","62","347","10","22900","2304","3038","17155","403","409","20193","45.8","0","50","1000","1997","3.994","71","4.904897758569685","0","38.9","3.6414141414141414","10","700","458"
"421","BA","1000","2","0.1","30","0.1","0.5","1","platform","targeted","70","5","95","95","9.287970000988064","75.7397763705398","75.7397763705398","fixed","1","1","50","2360","1","50","22620923","v2.0-design-v1.0","9.200000000000003","9.5","-0.29999999999999716","83.54716981132076","true","22.063999999999997","14.404000000000007","50","90.8","95","300","908","954","93","46","6","23","18","4650","2214","436","1284","716","29","1720","9.3","0","50","1000","1997","3.994","70","5.0677061522591815","0","41.6","3.614141414141414","10","700","93"
"422","BA","1000","2","0.1","30","0.1","0.5","1","platform","targeted","70","5","95","95","9.287970000988064","75.7397763705398","75.7397763705398","fixed","1","1","50","2360","2","50","22620924","v2.0-design-v1.0","9.099999999999994","9.4","-0.30000000000000604","85.76171154555514","true","21.895999999999994","14.521999999999991","50","90.9","94","300","909","961","93","52","8","18","15","4650","2325","386","1192","747","26","1578","9.3","0","50","1000","1997","3.994","81","5.192969375119677","0","42.8","3.602020202020202","10","700","93"
"423","BA","1000","2","0.1","30","0.1","0.5","1","platform","targeted","70","5","95","95","9.287970000988064","75.7397763705398","75.7397763705398","fixed","1","1","50","2360","3","50","22620925","v2.0-design-v1.0","9.299999999999997","9.1","0.1999999999999975","84.29438543247343","true","22.094000000000005","14.3","50","90.7","91","300","907","955","93","48","3","29","13","4650","2222","414","1316","698","32","1730","9.3","0","50","1000","1997","3.994","69","5.234057638138813","0","45.6","3.573737373737374","10","700","93"
"424","BA","1000","2","0.1","30","0.1","0.5","1","platform","targeted","70","5","95","95","9.287970000988064","75.7397763705398","75.7397763705398","fixed","1","1","50","2360","4","50","22620926","v2.0-design-v1.0","8.899999999999991","9.6","-0.7000000000000082","83.09587986137852","true","23.506","15.519999999999998","50","91.10000000000001","96","300","911","953","93","42","10","24","17","4650","2158","439","1334","719","34","1773","9.3","0","50","1000","1997","3.994","124","5.94300288434085","0","48.2","3.5474747474747477","10","700","93"
"425","BA","1000","2","0.1","30","0.1","0.5","1","platform","targeted","70","5","95","95","9.287970000988064","75.7397763705398","75.7397763705398","fixed","1","1","50","2360","5","50","22620927","v2.0-design-v1.0","10.099999999999994","9.9","0.19999999999999396","84.15195702225633","true","23.974000000000004","16.31","50","89.9","99","300","899","951","93","52","7","18","16","4650","2193","413","1350","694","25","1763","9.3","0","50","1000","1997","3.994","88","5.294336029569136","0","45.1","3.5787878787878786","10","700","93"
"426","BA","1000","2","0.1","30","0.1","0.5","1","platform","targeted","70","5","95","95","9.287970000988064","75.7397763705398","75.7397763705398","fixed","1","1","50","2360","6","50","22620928","v2.0-design-v1.0","11","10.100000000000001","0.8999999999999986","84.34055492208286","true","23.569999999999997","15.641999999999998","50","89","101","300","890","942","93","52","2","32","7","4650","2219","412","1302","717","34","1714","9.3","0","50","1000","1997","3.994","105","5.501293323231197","0","45.2","3.577777777777778","10","700","93"
"427","BA","1000","2","0.1","30","0.1","0.5","1","platform","targeted","70","5","95","95","9.287970000988064","75.7397763705398","75.7397763705398","fixed","1","1","50","2360","7","50","22620929","v2.0-design-v1.0","9.799999999999997","9.9","-0.1000000000000032","85.42973072666913","true","21.924","13.918","50","90.2","99","300","902","951","93","49","6","23","15","4650","2316","395","1203","736","29","1598","9.3","0","50","1000","1997","3.994","72","4.772708114136318","0","38.5","3.6454545454545455","10","700","93"
"428","BA","1000","2","0.1","30","0.1","0.5","1","platform","targeted","70","5","95","95","9.287970000988064","75.7397763705398","75.7397763705398","fixed","1","1","50","2360","8","50","22620930","v2.0-design-v1.0","9.799999999999997","9.1","0.6999999999999975","83.77752027809964","true","23.556000000000004","15.712000000000003","50","90.2","91","300","902","946","93","44","8","25","16","4650","2169","420","1334","727","33","1754","9.3","0","50","1000","1997","3.994","71","5.091157420850766","0","41.8","3.6121212121212123","10","700","93"
"429","BA","1000","2","0.1","30","0.1","0.5","1","platform","targeted","70","5","95","95","9.287970000988064","75.7397763705398","75.7397763705398","fixed","1","1","50","2360","9","50","22620931","v2.0-design-v1.0","9.299999999999997","9.5","-0.20000000000000284","83.53989155693262","true","22.596000000000004","14.87","50","90.7","95","300","907","953","93","46","10","21","16","4650","2157","425","1391","677","31","1816","9.3","0","50","1000","1997","3.994","87","5.426731374723951","0","44.3","3.5868686868686868","10","700","93"
"430","BA","1000","2","0.1","30","0.1","0.5","1","platform","targeted","70","5","95","95","9.287970000988064","75.7397763705398","75.7397763705398","fixed","1","1","50","2360","10","50","22620932","v2.0-design-v1.0","8.899999999999991","8.9","-8.881784197001252E-15","85.13360933383515","true","21.810000000000006","14.339999999999996","50","91.10000000000001","89","300","911","964","93","53","5","24","11","4650","2262","395","1298","695","29","1693","9.3","0","50","1000","1997","3.994","85","5.634333120229014","0","48.4","3.5454545454545454","10","700","93"
"431","BA","1000","2","0.1","30","0.1","0.5","1","platform","targeted","70","5","95","95","9.287970000988064","75.7397763705398","75.7397763705398","fixed","1","1","50","2360","11","50","22620933","v2.0-design-v1.0","9.899999999999991","9.3","0.5999999999999908","84.74062854979174","true","24.59800000000001","16.820000000000007","50","90.10000000000001","93","300","901","948","93","47","4","22","20","4650","2238","403","1285","724","26","1688","9.3","0","50","1000","1997","3.994","60","4.824649338681635","0","40","3.6303030303030304","10","700","93"
"432","BA","1000","2","0.1","30","0.1","0.5","1","platform","targeted","70","5","95","95","9.287970000988064","75.7397763705398","75.7397763705398","fixed","1","1","50","2360","12","50","22620934","v2.0-design-v1.0","9.5","9.8","-0.3000000000000007","82.80254777070064","true","22.624000000000002","14.308","50","90.5","98","300","905","955","93","50","4","21","18","4650","2210","459","1235","746","25","1694","9.3","0","50","1000","1997","3.994","89","5.643386555235402","0","48.1","3.5484848484848484","10","700","93"
"433","BA","1000","2","0.1","30","0.1","0.5","1","platform","targeted","70","5","95","95","9.287970000988064","75.7397763705398","75.7397763705398","fixed","1","1","50","2360","13","50","22620935","v2.0-design-v1.0","9.700000000000003","9.2","0.5000000000000036","84.46048632218846","true","22.923999999999996","15.514","50","90.3","92","300","903","952","93","49","9","21","14","4650","2223","409","1283","735","30","1692","9.3","0","50","1000","1997","3.994","73","5.469907118396417","0","48.6","3.5434343434343436","10","700","93"
"434","BA","1000","2","0.1","30","0.1","0.5","1","platform","targeted","70","5","95","95","9.287970000988064","75.7397763705398","75.7397763705398","fixed","1","1","50","2360","14","50","22620936","v2.0-design-v1.0","9.299999999999997","9.700000000000001","-0.4000000000000039","84.73484848484848","true","22.647999999999993","14.605999999999996","50","90.7","97","300","907","957","93","50","9","19","15","4650","2237","403","1303","707","28","1706","9.3","0","50","1000","1997","3.994","119","5.539553289810521","0","41.6","3.614141414141414","10","700","93"
"435","BA","1000","2","0.1","30","0.1","0.5","1","platform","targeted","70","5","95","95","9.287970000988064","75.7397763705398","75.7397763705398","fixed","1","1","50","2360","15","50","22620937","v2.0-design-v1.0","10.299999999999997","9.4","0.8999999999999968","84.24425179042593","true","23.209999999999994","15.490000000000002","50","89.7","94","300","897","942","93","45","10","26","12","4650","2235","418","1271","726","36","1689","9.3","0","50","1000","1997","3.994","96","5.215281695475619","0","39.9","3.6313131313131315","10","700","93"
"436","BA","1000","2","0.1","30","0.1","0.5","1","platform","targeted","70","5","95","95","9.287970000988064","75.7397763705398","75.7397763705398","fixed","1","1","50","2360","16","50","22620938","v2.0-design-v1.0","10","8.9","1.0999999999999996","83.98643556895252","true","22.959999999999994","15.489999999999995","50","90","89","300","900","947","93","47","9","24","13","4650","2229","425","1278","718","33","1703","9.3","0","50","1000","1997","3.994","57","4.688277289574907","0","37.3","3.6575757575757577","10","700","93"
"437","BA","1000","2","0.1","30","0.1","0.5","1","platform","targeted","70","5","95","95","9.287970000988064","75.7397763705398","75.7397763705398","fixed","1","1","50","2360","17","50","22620939","v2.0-design-v1.0","10.200000000000003","9.3","0.9000000000000021","81.98372723750484","true","25.19600000000001","17.474000000000004","50","89.8","93","300","898","939","93","41","6","24","22","4650","2116","465","1415","654","30","1880","9.3","0","50","1000","1997","3.994","81","5.529243758104397","0","46.3","3.566666666666667","10","700","93"
"438","BA","1000","2","0.1","30","0.1","0.5","1","platform","targeted","70","5","95","95","9.287970000988064","75.7397763705398","75.7397763705398","fixed","1","1","50","2360","18","50","22620940","v2.0-design-v1.0","9.200000000000003","8.799999999999999","0.4000000000000039","83.62748779571912","true","20.675999999999995","13.554","50","90.8","88","300","908","954","93","46","5","28","14","4650","2227","436","1240","747","33","1676","9.3","0","50","1000","1997","3.994","62","4.875832004667268","0","42","3.61010101010101","10","700","93"
"439","BA","1000","2","0.1","30","0.1","0.5","1","platform","targeted","70","5","95","95","9.287970000988064","75.7397763705398","75.7397763705398","fixed","1","1","50","2360","19","50","22620941","v2.0-design-v1.0","10.700000000000003","8.5","2.200000000000003","84.58980044345898","true","22.502000000000006","15.329999999999998","50","89.3","85","300","893","946","93","53","9","20","11","4650","2289","417","1250","694","29","1667","9.3","0","50","1000","1997","3.994","72","5.186218358386073","0","43.4","3.595959595959596","10","700","93"
"440","BA","1000","2","0.1","30","0.1","0.5","1","platform","targeted","70","5","95","95","9.287970000988064","75.7397763705398","75.7397763705398","fixed","1","1","50","2360","20","50","22620942","v2.0-design-v1.0","8.799999999999997","8.9","-0.1000000000000032","83.4165067178503","true","20.893999999999995","13.345999999999998","50","91.2","89","300","912","961","93","49","11","22","11","4650","2173","432","1342","703","33","1774","9.3","0","50","1000","1997","3.994","74","4.906734152166789","0","41.6","3.614141414141414","10","700","93"
"442","BA","1000","2","0.1","30","0.1","0.5","1","platform","targeted","70","5","95","95","9.287970000988064","75.7397763705398","75.7397763705398","fixed","1","1","50","2360","22","50","22620944","v2.0-design-v1.0","10.299999999999997","8.7","1.5999999999999979","83.86973180076627","true","23.282000000000007","15.753999999999998","50","89.7","87","300","897","950","93","53","8","21","11","4650","2189","421","1348","692","29","1769","9.3","0","50","1000","1997","3.994","74","5.167849714404494","0","44","3.5898989898989897","10","700","93"
"441","BA","1000","2","0.1","30","0.1","0.5","1","platform","targeted","70","5","95","95","9.287970000988064","75.7397763705398","75.7397763705398","fixed","1","1","50","2360","21","50","22620943","v2.0-design-v1.0","10.200000000000003","9","1.2000000000000028","85.44134505158578","true","22.00000000000001","14.688000000000011","50","89.8","90","300","898","949","93","51","6","22","14","4650","2236","381","1293","740","28","1674","9.3","0","50","1000","1997","3.994","92","5.351691751643074","0","43.2","3.597979797979798","10","700","93"
"443","BA","1000","2","0.1","30","0.1","0.5","1","platform","targeted","70","5","95","95","9.287970000988064","75.7397763705398","75.7397763705398","fixed","1","1","50","2360","23","50","22620945","v2.0-design-v1.0","10.299999999999997","8.9","1.3999999999999968","83.83141762452108","true","23.09","15.607999999999997","50","89.7","89","300","897","945","93","48","8","24","13","4650","2188","422","1352","688","32","1774","9.3","0","50","1000","1997","3.994","100","5.642677006865065","0","47.4","3.5555555555555554","10","700","93"
"444","BA","1000","2","0.1","30","0.1","0.5","1","platform","targeted","70","5","95","95","9.287970000988064","75.7397763705398","75.7397763705398","fixed","1","1","50","2360","24","50","22620946","v2.0-design-v1.0","9.799999999999997","9.6","0.1999999999999975","84.76331360946746","true","24.288000000000007","16.330000000000005","50","90.2","96","300","902","951","93","49","9","17","18","4650","2292","412","1262","684","26","1674","9.3","0","50","1000","1997","3.994","96","5.410844780738141","0","43.9","3.590909090909091","10","700","93"
"445","BA","1000","2","0.1","30","0.1","0.5","1","platform","targeted","70","5","95","95","9.287970000988064","75.7397763705398","75.7397763705398","fixed","1","1","50","2360","25","50","22620947","v2.0-design-v1.0","10.5","8.7","1.8000000000000007","83.6560805577072","true","23.919999999999995","16.604000000000006","50","89.5","87","300","895","950","93","55","7","19","12","4650","2160","422","1394","674","26","1816","9.3","0","50","1000","1997","3.994","91","5.236925566531314","0","43.1","3.598989898989899","10","700","93"
"446","BA","1000","2","0.1","30","0.1","0.5","1","platform","targeted","70","5","95","95","9.287970000988064","75.7397763705398","75.7397763705398","fixed","1","1","50","2360","26","50","22620948","v2.0-design-v1.0","10.700000000000003","9.6","1.1000000000000032","84.35043055035567","true","23.611999999999995","15.704000000000006","50","89.3","96","300","893","953","93","60","8","13","12","4650","2253","418","1273","706","21","1691","9.3","0","50","1000","1997","3.994","76","5.414913229709703","0","46","3.56969696969697","10","700","93"
"447","BA","1000","2","0.1","30","0.1","0.5","1","platform","targeted","70","5","95","95","9.287970000988064","75.7397763705398","75.7397763705398","fixed","1","1","50","2360","27","50","22620949","v2.0-design-v1.0","10.099999999999994","9.3","0.7999999999999936","85.74601999259534","true","21.812","14.036","50","89.9","93","300","899","951","93","52","4","25","12","4650","2316","385","1197","752","29","1582","9.3","0","50","1000","1997","3.994","58","4.81779775158475","0","37.9","3.6515151515151514","10","700","93"
"448","BA","1000","2","0.1","30","0.1","0.5","1","platform","targeted","70","5","95","95","9.287970000988064","75.7397763705398","75.7397763705398","fixed","1","1","50","2360","28","50","22620950","v2.0-design-v1.0","9.099999999999994","9.3","-0.2000000000000064","84.40797186400938","true","21.979999999999997","14.554000000000004","50","90.9","93","300","909","957","93","48","7","20","18","4650","2160","399","1359","732","27","1758","9.3","0","50","1000","1997","3.994","114","5.816338521251476","0","46.6","3.5636363636363635","10","700","93"
"449","BA","1000","2","0.1","30","0.1","0.5","1","platform","targeted","70","5","95","95","9.287970000988064","75.7397763705398","75.7397763705398","fixed","1","1","50","2360","29","50","22620951","v2.0-design-v1.0","9.799999999999997","9.4","0.3999999999999968","81.5548780487805","true","23.237999999999992","15.354000000000001","50","90.2","94","300","902","945","93","43","10","24","16","4650","2140","484","1327","699","34","1811","9.3","0","50","1000","1997","3.994","68","5.168818112555381","0","43.3","3.596969696969697","10","700","93"
"450","BA","1000","2","0.1","30","0.1","0.5","1","platform","targeted","70","5","95","95","9.287970000988064","75.7397763705398","75.7397763705398","fixed","1","1","50","2360","30","50","22620952","v2.0-design-v1.0","10","8.7","1.3000000000000007","84.00592373195113","true","22.978","15.502","50","90","87","300","900","946","93","46","9","21","17","4650","2269","432","1267","682","30","1699","9.3","0","50","1000","1997","3.994","84","5.177718877340937","0","43.7","3.592929292929293","10","700","93"
"451","BA","1000","2","0.1","30","0.1","0.5","1","platform","targeted","70","5","95","95","32.980370104815954","97.087718381083","97.087718381083","fixed","1","1","50","2361","1","50","22621923","v2.0-design-v1.0","72.5","24.099999999999998","48.400000000000006","84.9166062364032","true","73.86200000000002","59.442","50","27.500000000000004","241","300","275","320","330","45","5","279","1","16500","2342","416","13663","79","284","14079","33","0","50","1000","1997","3.994","60","4.801981156046216","0","39.8","3.632323232323232","10","700","330"
"452","BA","1000","2","0.1","30","0.1","0.5","1","platform","targeted","70","5","95","95","32.980370104815954","97.087718381083","97.087718381083","fixed","1","1","50","2361","2","50","22621924","v2.0-design-v1.0","75.5","23","52.5","83.7037037037037","true","76.93200000000002","63.114000000000004","50","24.5","230","300","245","279","330","34","6","290","0","16500","2034","396","14016","54","296","14412","33","0","50","1000","1997","3.994","74","5.1515534067407724","0","42.3","3.607070707070707","10","700","330"
"453","BA","1000","2","0.1","30","0.1","0.5","1","platform","targeted","70","5","95","95","32.980370104815954","97.087718381083","97.087718381083","fixed","1","1","50","2361","3","50","22621925","v2.0-design-v1.0","78","24.9","53.1","82.26857887874837","true","78.99200000000002","64.44799999999998","50","22","249","300","220","250","330","30","10","290","0","16500","1893","408","14133","66","300","14541","33","0","50","1000","1997","3.994","135","6.052817575361156","0","46.7","3.562626262626263","10","700","330"
"454","BA","1000","2","0.1","30","0.1","0.5","1","platform","targeted","70","5","95","95","32.980370104815954","97.087718381083","97.087718381083","fixed","1","1","50","2361","4","50","22621926","v2.0-design-v1.0","74.2","24.8","49.400000000000006","84.26067073170732","true","75.54400000000001","60.887999999999984","50","25.8","248","300","258","297","330","39","10","279","2","16500","2211","413","13820","56","289","14233","33","0","50","1000","1997","3.994","61","5.1338406987673695","0","43.9","3.590909090909091","10","700","330"
"455","BA","1000","2","0.1","30","0.1","0.5","1","platform","targeted","70","5","95","95","32.980370104815954","97.087718381083","97.087718381083","fixed","1","1","50","2361","5","50","22621927","v2.0-design-v1.0","77.1","25.1","51.99999999999999","82.17901984609153","true","78.14399999999998","63.359999999999985","50","22.900000000000002","251","300","229","262","330","33","6","288","3","16500","2029","440","13984","47","294","14424","33","0","50","1000","1997","3.994","65","4.76157921667135","0","39","3.6404040404040403","10","700","330"
"456","BA","1000","2","0.1","30","0.1","0.5","1","platform","targeted","70","5","95","95","32.980370104815954","97.087718381083","97.087718381083","fixed","1","1","50","2361","6","50","22621928","v2.0-design-v1.0","76.7","25.6","51.1","83.35282651072124","true","77.91399999999997","63.13","50","23.3","256","300","233","264","330","31","11","286","2","16500","2138","427","13854","81","297","14281","33","0","50","1000","1997","3.994","84","5.445697349249174","0","47.5","3.5545454545454547","10","700","330"
"457","BA","1000","2","0.1","30","0.1","0.5","1","platform","targeted","70","5","95","95","32.980370104815954","97.087718381083","97.087718381083","fixed","1","1","50","2361","7","50","22621929","v2.0-design-v1.0","78.7","24.8","53.900000000000006","82.993762993763","true","79.44","63.98000000000002","50","21.3","248","300","213","259","330","46","9","274","1","16500","1996","409","14058","37","283","14467","33","0","50","1000","1997","3.994","66","5.22161174631254","0","44","3.5898989898989897","10","700","330"
"458","BA","1000","2","0.1","30","0.1","0.5","1","platform","targeted","70","5","95","95","32.980370104815954","97.087718381083","97.087718381083","fixed","1","1","50","2361","8","50","22621930","v2.0-design-v1.0","75.8","25.900000000000002","49.89999999999999","82.76137270550679","true","77.748","62.25800000000002","50","24.2","259","300","242","279","330","37","13","280","0","16500","2074","432","13923","71","293","14355","33","0","50","1000","1997","3.994","76","5.08505868420628","0","40.3","3.6272727272727274","10","700","330"
"459","BA","1000","2","0.1","30","0.1","0.5","1","platform","targeted","70","5","95","95","32.980370104815954","97.087718381083","97.087718381083","fixed","1","1","50","2361","9","50","22621931","v2.0-design-v1.0","75.8","25.5","50.3","82.43978243978243","true","76.35600000000004","59.83","50","24.2","255","300","242","283","330","41","11","277","1","16500","2122","452","13847","79","288","14299","33","0","50","1000","1997","3.994","51","4.715102988927825","0","38.2","3.6484848484848484","10","700","330"
"460","BA","1000","2","0.1","30","0.1","0.5","1","platform","targeted","70","5","95","95","32.980370104815954","97.087718381083","97.087718381083","fixed","1","1","50","2361","10","50","22621932","v2.0-design-v1.0","76.4","25.7","50.7","83.67737003058105","true","76.57600000000001","60.51999999999999","50","23.599999999999998","257","300","236","277","330","41","7","281","1","16500","2189","427","13815","69","288","14242","33","0","50","1000","1997","3.994","85","5.185253209906989","0","41.8","3.6121212121212123","10","700","330"
"461","BA","1000","2","0.1","30","0.1","0.5","1","platform","targeted","70","5","95","95","32.980370104815954","97.087718381083","97.087718381083","fixed","1","1","50","2361","11","50","22621933","v2.0-design-v1.0","75.8","27.900000000000002","47.89999999999999","82.06018518518519","true","76.15799999999999","59.11399999999999","50","24.2","279","300","242","290","330","48","12","267","3","16500","2127","465","13845","63","279","14310","33","0","50","1000","1997","3.994","71","5.328072104650261","0","46.6","3.5636363636363635","10","700","330"
"462","BA","1000","2","0.1","30","0.1","0.5","1","platform","targeted","70","5","95","95","32.980370104815954","97.087718381083","97.087718381083","fixed","1","1","50","2361","12","50","22621934","v2.0-design-v1.0","75.1","23.200000000000003","51.89999999999999","84.44029850746269","true","75.04800000000002","59.88399999999998","50","24.9","232","300","249","309","330","60","6","263","1","16500","2263","417","13756","64","269","14173","33","0","50","1000","1997","3.994","73","5.138907702262447","0","44.2","3.587878787878788","10","700","330"
"463","BA","1000","2","0.1","30","0.1","0.5","1","platform","targeted","70","5","95","95","32.980370104815954","97.087718381083","97.087718381083","fixed","1","1","50","2361","13","50","22621935","v2.0-design-v1.0","75.1","23.799999999999997","51.3","83.83280757097792","true","76.80599999999998","62.181999999999995","50","24.9","238","300","249","292","330","43","13","270","4","16500","2126","410","13893","71","283","14303","33","0","50","1000","1997","3.994","60","4.879525978389057","0","41.8","3.6121212121212123","10","700","330"
"464","BA","1000","2","0.1","30","0.1","0.5","1","platform","targeted","70","5","95","95","32.980370104815954","97.087718381083","97.087718381083","fixed","1","1","50","2361","14","50","22621936","v2.0-design-v1.0","77","26.8","50.2","82.7732715334106","true","76.98400000000001","61.99799999999999","50","23","268","300","230","269","330","39","10","280","1","16500","2143","446","13850","61","290","14296","33","0","50","1000","1997","3.994","70","5.155632312776429","0","43.4","3.595959595959596","10","700","330"
"465","BA","1000","2","0.1","30","0.1","0.5","1","platform","targeted","70","5","95","95","32.980370104815954","97.087718381083","97.087718381083","fixed","1","1","50","2361","15","50","22621937","v2.0-design-v1.0","77.6","25.4","52.199999999999996","82.66613290632506","true","78.006","62.114","50","22.400000000000002","254","300","224","261","330","37","8","284","1","16500","2065","433","13938","64","292","14371","33","0","50","1000","1997","3.994","55","5.044145855088586","0","40.9","3.621212121212121","10","700","330"
"466","BA","1000","2","0.1","30","0.1","0.5","1","platform","targeted","70","5","95","95","32.980370104815954","97.087718381083","97.087718381083","fixed","1","1","50","2361","16","50","22621938","v2.0-design-v1.0","76.2","22.2","54","85.23622047244095","true","76.98400000000001","63.80200000000001","50","23.799999999999997","222","300","238","281","330","43","4","281","2","16500","2165","375","13892","68","285","14267","33","0","50","1000","1997","3.994","73","5.078164210790317","0","42.1","3.609090909090909","10","700","330"
"467","BA","1000","2","0.1","30","0.1","0.5","1","platform","targeted","70","5","95","95","32.980370104815954","97.087718381083","97.087718381083","fixed","1","1","50","2361","17","50","22621939","v2.0-design-v1.0","77.9","24.6","53.300000000000004","82.80687724910037","true","78.68799999999999","63.632000000000005","50","22.1","246","300","221","262","330","41","10","279","0","16500","2071","430","13936","63","289","14366","33","0","50","1000","1997","3.994","66","4.947973973905516","0","41.2","3.618181818181818","10","700","330"
"468","BA","1000","2","0.1","30","0.1","0.5","1","platform","targeted","70","5","95","95","32.980370104815954","97.087718381083","97.087718381083","fixed","1","1","50","2361","18","50","22621940","v2.0-design-v1.0","77.1","24.099999999999998","53","83.23586744639377","true","76.53599999999997","62.31200000000002","50","22.900000000000002","241","300","229","270","330","41","5","284","0","16500","2135","430","13872","63","289","14302","33","0","50","1000","1997","3.994","79","5.272927817424364","0","43.9","3.590909090909091","10","700","330"
"469","BA","1000","2","0.1","30","0.1","0.5","1","platform","targeted","70","5","95","95","32.980370104815954","97.087718381083","97.087718381083","fixed","1","1","50","2361","19","50","22621941","v2.0-design-v1.0","75.3","25","50.3","83.46605991657187","true","75.122","60.52799999999999","50","24.7","250","300","247","294","330","47","5","278","0","16500","2201","436","13778","85","283","14214","33","0","50","1000","1997","3.994","108","5.333142263844677","0","43.3","3.596969696969697","10","700","330"
"470","BA","1000","2","0.1","30","0.1","0.5","1","platform","targeted","70","5","95","95","32.980370104815954","97.087718381083","97.087718381083","fixed","1","1","50","2361","20","50","22621942","v2.0-design-v1.0","76.1","24.9","51.199999999999996","83.28161365399535","true","76.85799999999999","61.52399999999999","50","23.9","249","300","239","271","330","32","12","286","0","16500","2147","431","13867","55","298","14298","33","0","50","1000","1997","3.994","65","4.988070252597167","0","41.5","3.6151515151515152","10","700","330"
"471","BA","1000","2","0.1","30","0.1","0.5","1","platform","targeted","70","5","95","95","32.980370104815954","97.087718381083","97.087718381083","fixed","1","1","50","2361","21","50","22621943","v2.0-design-v1.0","78.2","25","53.2","83.73322488816592","true","78.56399999999998","63.85199999999998","50","21.8","250","300","218","253","330","35","6","288","1","16500","2059","400","13983","58","294","14383","33","0","50","1000","1997","3.994","58","5.075995442248704","0","43.3","3.596969696969697","10","700","330"
"472","BA","1000","2","0.1","30","0.1","0.5","1","platform","targeted","70","5","95","95","32.980370104815954","97.087718381083","97.087718381083","fixed","1","1","50","2361","22","50","22621944","v2.0-design-v1.0","74.3","24","50.3","84.67680608365019","true","75.146","60.746","50","25.7","240","300","257","297","330","40","10","279","1","16500","2227","403","13803","67","289","14206","33","0","50","1000","1997","3.994","75","5.147860183072613","0","42.6","3.604040404040404","10","700","330"
"473","BA","1000","2","0.1","30","0.1","0.5","1","platform","targeted","70","5","95","95","32.980370104815954","97.087718381083","97.087718381083","fixed","1","1","50","2361","23","50","22621945","v2.0-design-v1.0","78.9","25.900000000000002","53","82.23684210526315","true","78.21800000000002","63.422","50","21.099999999999998","259","300","211","250","330","39","7","283","1","16500","2000","432","14019","49","290","14451","33","0","50","1000","1997","3.994","93","5.306234080788373","0","43.5","3.594949494949495","10","700","330"
"475","BA","1000","2","0.1","30","0.1","0.5","1","platform","targeted","70","5","95","95","32.980370104815954","97.087718381083","97.087718381083","fixed","1","1","50","2361","25","50","22621947","v2.0-design-v1.0","77.4","24","53.400000000000006","83.18794607454402","true","77.72600000000001","63.146","50","22.6","240","300","226","264","330","38","16","274","2","16500","2098","424","13916","62","290","14340","33","0","50","1000","1997","3.994","72","5.367007431406137","0","44.3","3.5868686868686868","10","700","330"
"474","BA","1000","2","0.1","30","0.1","0.5","1","platform","targeted","70","5","95","95","32.980370104815954","97.087718381083","97.087718381083","fixed","1","1","50","2361","24","50","22621946","v2.0-design-v1.0","72.1","25.3","46.8","83.01390454716272","true","74.07000000000001","58.44200000000001","50","27.900000000000002","253","300","279","319","330","40","15","273","2","16500","2209","452","13774","65","288","14226","33","0","50","1000","1997","3.994","88","5.302082239656043","0","42.8","3.602020202020202","10","700","330"
"476","BA","1000","2","0.1","30","0.1","0.5","1","platform","targeted","70","5","95","95","32.980370104815954","97.087718381083","97.087718381083","fixed","1","1","50","2361","26","50","22621948","v2.0-design-v1.0","75.7","24.9","50.800000000000004","84.0742172400464","true","76.75200000000001","62.58200000000002","50","24.3","249","300","243","284","330","41","8","279","2","16500","2175","412","13845","68","287","14257","33","0","50","1000","1997","3.994","127","5.720899640152118","0","43.9","3.590909090909091","10","700","330"
"477","BA","1000","2","0.1","30","0.1","0.5","1","platform","targeted","70","5","95","95","32.980370104815954","97.087718381083","97.087718381083","fixed","1","1","50","2361","27","50","22621949","v2.0-design-v1.0","77","25.3","51.7","81.83953033268102","true","77.354","61.21999999999999","50","23","253","300","230","265","330","35","13","281","1","16500","2091","464","13875","70","294","14339","33","0","50","1000","1997","3.994","89","5.651894187607177","0","46.9","3.5606060606060606","10","700","330"
"478","BA","1000","2","0.1","30","0.1","0.5","1","platform","targeted","70","5","95","95","32.980370104815954","97.087718381083","97.087718381083","fixed","1","1","50","2361","28","50","22621950","v2.0-design-v1.0","77.8","25.1","52.699999999999996","83.4281072298944","true","78.536","63.849999999999994","50","22.2","251","300","222","261","330","39","10","280","1","16500","2054","408","13972","66","290","14380","33","0","50","1000","1997","3.994","60","4.959693797258299","0","41.3","3.617171717171717","10","700","330"
"479","BA","1000","2","0.1","30","0.1","0.5","1","platform","targeted","70","5","95","95","32.980370104815954","97.087718381083","97.087718381083","fixed","1","1","50","2361","29","50","22621951","v2.0-design-v1.0","73.4","24.3","49.10000000000001","84.15545590433483","true","74.58","59.72","50","26.6","243","300","266","313","330","47","5","275","3","16500","2252","424","13763","61","280","14187","33","0","50","1000","1997","3.994","69","4.847418020086712","0","40.3","3.6272727272727274","10","700","330"
"480","BA","1000","2","0.1","30","0.1","0.5","1","platform","targeted","70","5","95","95","32.980370104815954","97.087718381083","97.087718381083","fixed","1","1","50","2361","30","50","22621952","v2.0-design-v1.0","78.4","24.099999999999998","54.30000000000001","82.39901071723","true","78.71799999999999","63.874","50","21.6","241","300","216","247","330","31","7","292","0","16500","1999","427","14027","47","299","14454","33","0","50","1000","1997","3.994","81","5.053068127137948","0","41.8","3.6121212121212123","10","700","330"
"481","BA","1000","2","0.1","30","0.1","0.5","1","platform","targeted","70","5","95","95","17.996463570677157","63.83425014497426","63.83425014497426","fixed","1","1","50","2362","1","50","22622923","v2.0-design-v1.0","17.60000000000001","18.6","-0.9999999999999929","66.5862749397062","true","31.693999999999992","14.873999999999999","50","82.39999999999999","186","300","824","900","180","76","18","44","42","9000","3037","1524","2805","1634","62","4329","18","0","50","1000","1997","3.994","88","5.126816580320401","0","40.1","3.6292929292929292","10","700","180"
"482","BA","1000","2","0.1","30","0.1","0.5","1","platform","targeted","70","5","95","95","17.996463570677157","63.83425014497426","63.83425014497426","fixed","1","1","50","2362","2","50","22622924","v2.0-design-v1.0","17.5","18.8","-1.3000000000000007","66.45374449339208","true","29.513999999999992","12.612000000000005","50","82.5","188","300","825","897","180","72","27","50","31","9000","3017","1523","2720","1740","77","4243","18","0","50","1000","1997","3.994","76","5.3443920633245465","0","45.4","3.5757575757575757","10","700","180"
"483","BA","1000","2","0.1","30","0.1","0.5","1","platform","targeted","70","5","95","95","17.996463570677157","63.83425014497426","63.83425014497426","fixed","1","1","50","2362","3","50","22622925","v2.0-design-v1.0","16.799999999999997","18.8","-2.0000000000000036","64.88294314381271","true","30.407999999999983","13.425999999999993","50","83.2","188","300","832","892","180","60","22","54","44","9000","2910","1575","2806","1709","76","4381","18","0","50","1000","1997","3.994","141","6.116647560337091","0","46.4","3.5656565656565657","10","700","180"
"484","BA","1000","2","0.1","30","0.1","0.5","1","platform","targeted","70","5","95","95","17.996463570677157","63.83425014497426","63.83425014497426","fixed","1","1","50","2362","4","50","22622926","v2.0-design-v1.0","16.900000000000006","20.200000000000003","-3.299999999999997","66.386368665634","true","31.88999999999999","13.856","50","83.1","202","300","831","890","180","59","31","50","40","9000","3000","1519","2811","1670","81","4330","18","0","50","1000","1997","3.994","72","5.38952790242438","0","45.7","3.5727272727272728","10","700","180"
"485","BA","1000","2","0.1","30","0.1","0.5","1","platform","targeted","70","5","95","95","17.996463570677157","63.83425014497426","63.83425014497426","fixed","1","1","50","2362","5","50","22622927","v2.0-design-v1.0","17.900000000000006","22","-4.099999999999994","65.29035107087657","true","33.34800000000001","14.174000000000001","50","82.1","220","300","821","892","180","71","20","45","44","9000","2957","1572","2818","1653","65","4390","18","0","50","1000","1997","3.994","111","5.340082441356161","0","41","3.6202020202020204","10","700","180"
"486","BA","1000","2","0.1","30","0.1","0.5","1","platform","targeted","70","5","95","95","17.996463570677157","63.83425014497426","63.83425014497426","fixed","1","1","50","2362","6","50","22622928","v2.0-design-v1.0","17.900000000000006","18.9","-0.9999999999999929","64.52105607680558","true","32.686","15.387999999999995","50","82.1","189","300","821","888","180","67","31","44","38","9000","2957","1626","2827","1590","75","4453","18","0","50","1000","1997","3.994","97","5.040969686020273","0","39.4","3.6363636363636362","10","700","180"
"487","BA","1000","2","0.1","30","0.1","0.5","1","platform","targeted","70","5","95","95","17.996463570677157","63.83425014497426","63.83425014497426","fixed","1","1","50","2362","7","50","22622929","v2.0-design-v1.0","17.900000000000006","20.4","-2.499999999999993","67.35492284286025","true","31.756000000000004","13.58","50","82.1","204","300","821","890","180","69","25","43","43","9000","3099","1502","2624","1775","68","4126","18","0","50","1000","1997","3.994","72","4.809271576142588","0","39.4","3.6363636363636362","10","700","180"
"488","BA","1000","2","0.1","30","0.1","0.5","1","platform","targeted","70","5","95","95","17.996463570677157","63.83425014497426","63.83425014497426","fixed","1","1","50","2362","8","50","22622930","v2.0-design-v1.0","17.700000000000003","20","-2.299999999999997","65.51276503678062","true","33.66600000000001","15.642000000000007","50","82.3","200","300","823","886","180","63","31","48","38","9000","3028","1594","2687","1691","79","4281","18","0","50","1000","1997","3.994","68","5.190462879638461","0","44.5","3.584848484848485","10","700","180"
"489","BA","1000","2","0.1","30","0.1","0.5","1","platform","targeted","70","5","95","95","17.996463570677157","63.83425014497426","63.83425014497426","fixed","1","1","50","2362","9","50","22622931","v2.0-design-v1.0","17.60000000000001","20.200000000000003","-2.5999999999999943","65.4553320354748","true","29.894000000000002","12.023999999999994","50","82.39999999999999","202","300","824","899","180","75","21","45","39","9000","3026","1597","2700","1677","66","4297","18","0","50","1000","1997","3.994","77","5.286578469285385","0","45.7","3.5727272727272728","10","700","180"
"490","BA","1000","2","0.1","30","0.1","0.5","1","platform","targeted","70","5","95","95","17.996463570677157","63.83425014497426","63.83425014497426","fixed","1","1","50","2362","10","50","22622932","v2.0-design-v1.0","17.700000000000003","18.9","-1.1999999999999957","65.62150055991042","true","31.493999999999996","14.950000000000003","50","82.3","189","300","823","892","180","69","24","49","38","9000","2930","1535","2792","1743","73","4327","18","0","50","1000","1997","3.994","122","5.841582669798324","0","45","3.5797979797979798","10","700","180"
"491","BA","1000","2","0.1","30","0.1","0.5","1","platform","targeted","70","5","95","95","17.996463570677157","63.83425014497426","63.83425014497426","fixed","1","1","50","2362","11","50","22622933","v2.0-design-v1.0","17.200000000000003","20.1","-2.8999999999999986","67.39466137215972","true","31.432000000000002","13.723999999999998","50","82.8","201","300","828","892","180","64","28","46","42","9000","3055","1478","2712","1755","74","4190","18","0","50","1000","1997","3.994","86","5.224678101209794","0","44.2","3.587878787878788","10","700","180"
"492","BA","1000","2","0.1","30","0.1","0.5","1","platform","targeted","70","5","95","95","17.996463570677157","63.83425014497426","63.83425014497426","fixed","1","1","50","2362","12","50","22622934","v2.0-design-v1.0","18.30000000000001","19.900000000000002","-1.5999999999999908","64.48230668414155","true","33.986","15.993999999999998","50","81.69999999999999","199","300","817","878","180","61","24","49","46","9000","2952","1626","2849","1573","73","4475","18","0","50","1000","1997","3.994","69","5.070075903738482","0","41.6","3.614141414141414","10","700","180"
"493","BA","1000","2","0.1","30","0.1","0.5","1","platform","targeted","70","5","95","95","17.996463570677157","63.83425014497426","63.83425014497426","fixed","1","1","50","2362","13","50","22622935","v2.0-design-v1.0","18.200000000000003","19.8","-1.5999999999999979","65.24961848702856","true","32.306000000000004","14.557999999999993","50","81.8","198","300","818","888","180","70","31","46","33","9000","2993","1594","2729","1684","77","4323","18","0","50","1000","1997","3.994","113","5.3874844769139605","0","42","3.61010101010101","10","700","180"
"494","BA","1000","2","0.1","30","0.1","0.5","1","platform","targeted","70","5","95","95","17.996463570677157","63.83425014497426","63.83425014497426","fixed","1","1","50","2362","14","50","22622936","v2.0-design-v1.0","16.900000000000006","20.1","-3.1999999999999957","65.12455516014235","true","31.938000000000002","13.659999999999995","50","83.1","201","300","831","892","180","61","27","50","42","9000","2928","1568","2839","1665","77","4407","18","0","50","1000","1997","3.994","107","5.787180268097361","0","48","3.5494949494949495","10","700","180"
"495","BA","1000","2","0.1","30","0.1","0.5","1","platform","targeted","70","5","95","95","17.996463570677157","63.83425014497426","63.83425014497426","fixed","1","1","50","2362","15","50","22622937","v2.0-design-v1.0","18.30000000000001","18.5","-0.19999999999998863","64.52259069663921","true","31.392000000000003","14.45","50","81.69999999999999","185","300","817","885","180","68","30","48","34","9000","2899","1594","2925","1582","78","4519","18","0","50","1000","1997","3.994","73","5.086239655564197","0","42.3","3.607070707070707","10","700","180"
"496","BA","1000","2","0.1","30","0.1","0.5","1","platform","targeted","70","5","95","95","17.996463570677157","63.83425014497426","63.83425014497426","fixed","1","1","50","2362","16","50","22622938","v2.0-design-v1.0","14.5","19.400000000000002","-4.900000000000002","65.19661090593092","true","29.490000000000013","12.010000000000007","50","85.5","194","300","855","911","180","56","21","44","59","9000","3001","1602","2703","1694","65","4305","18","0","50","1000","1997","3.994","52","4.731844709450454","0","38.8","3.6424242424242426","10","700","180"
"497","BA","1000","2","0.1","30","0.1","0.5","1","platform","targeted","70","5","95","95","17.996463570677157","63.83425014497426","63.83425014497426","fixed","1","1","50","2362","17","50","22622939","v2.0-design-v1.0","17.400000000000006","21.4","-3.999999999999993","68.0086114101184","true","32.164","13.387999999999995","50","82.6","214","300","826","892","180","66","24","44","46","9000","3159","1486","2559","1796","68","4045","18","0","50","1000","1997","3.994","57","4.760948501152952","0","40","3.6303030303030304","10","700","180"
"498","BA","1000","2","0.1","30","0.1","0.5","1","platform","targeted","70","5","95","95","17.996463570677157","63.83425014497426","63.83425014497426","fixed","1","1","50","2362","18","50","22622940","v2.0-design-v1.0","17.700000000000003","18.3","-0.5999999999999979","65.93454864924226","true","31.06","14.562000000000006","50","82.3","183","300","823","892","180","69","33","40","38","9000","3002","1551","2734","1713","73","4285","18","0","50","1000","1997","3.994","79","5.4379716379855685","0","46.1","3.5686868686868687","10","700","180"
"499","BA","1000","2","0.1","30","0.1","0.5","1","platform","targeted","70","5","95","95","17.996463570677157","63.83425014497426","63.83425014497426","fixed","1","1","50","2362","19","50","22622941","v2.0-design-v1.0","17.5","20.1","-2.6000000000000014","67.44735711216158","true","30.600000000000005","12.84","50","82.5","201","300","825","900","180","75","24","48","33","9000","3139","1515","2596","1750","72","4111","18","0","50","1000","1997","3.994","92","5.297171322887707","0","41.9","3.611111111111111","10","700","180"
"500","BA","1000","2","0.1","30","0.1","0.5","1","platform","targeted","70","5","95","95","17.996463570677157","63.83425014497426","63.83425014497426","fixed","1","1","50","2362","20","50","22622942","v2.0-design-v1.0","19.19999999999999","20.1","-0.9000000000000128","65.0828729281768","true","33.658","15.561999999999996","50","80.80000000000001","201","300","808","876","180","68","25","49","38","9000","2945","1580","2863","1612","74","4443","18","0","50","1000","1997","3.994","99","5.721949379774746","0","45.4","3.5757575757575757","10","700","180"
"501","BA","1000","2","0.1","30","0.1","0.5","1","platform","targeted","70","5","95","95","17.996463570677157","63.83425014497426","63.83425014497426","fixed","1","1","50","2362","21","50","22622943","v2.0-design-v1.0","18.400000000000006","19.7","-1.2999999999999936","66.23978803267829","true","30.62600000000001","13.062000000000001","50","81.6","197","300","816","892","180","76","34","42","28","9000","3000","1529","2769","1702","76","4298","18","0","50","1000","1997","3.994","102","5.303781112950836","0","42.8","3.602020202020202","10","700","180"
"502","BA","1000","2","0.1","30","0.1","0.5","1","platform","targeted","70","5","95","95","17.996463570677157","63.83425014497426","63.83425014497426","fixed","1","1","50","2362","22","50","22622944","v2.0-design-v1.0","16.700000000000003","19.3","-2.599999999999998","67.09691533581274","true","31.136","13.677999999999997","50","83.3","193","300","833","909","180","76","29","38","37","9000","3067","1504","2728","1701","67","4232","18","0","50","1000","1997","3.994","67","5.505476752677662","0","47.6","3.5535353535353535","10","700","180"
"503","BA","1000","2","0.1","30","0.1","0.5","1","platform","targeted","70","5","95","95","17.996463570677157","63.83425014497426","63.83425014497426","fixed","1","1","50","2362","23","50","22622945","v2.0-design-v1.0","18.89999999999999","21","-2.1000000000000085","66.17100371747212","true","33.047999999999995","14.248000000000005","50","81.10000000000001","210","300","811","879","180","68","34","45","33","9000","3026","1547","2715","1712","79","4262","18","0","50","1000","1997","3.994","77","4.954645548625291","0","41","3.6202020202020204","10","700","180"
"504","BA","1000","2","0.1","30","0.1","0.5","1","platform","targeted","70","5","95","95","17.996463570677157","63.83425014497426","63.83425014497426","fixed","1","1","50","2362","24","50","22622946","v2.0-design-v1.0","18.10000000000001","19.7","-1.5999999999999908","64.9325206791467","true","32.175999999999995","14.178000000000003","50","81.89999999999999","197","300","819","884","180","65","35","39","41","9000","2983","1611","2721","1685","74","4332","18","0","50","1000","1997","3.994","102","5.713370861987388","0","45.1","3.5787878787878786","10","700","180"
"505","BA","1000","2","0.1","30","0.1","0.5","1","platform","targeted","70","5","95","95","17.996463570677157","63.83425014497426","63.83425014497426","fixed","1","1","50","2362","25","50","22622947","v2.0-design-v1.0","16.299999999999997","19.1","-2.8000000000000043","66.80598328200615","true","30.983999999999995","13.92200000000001","50","83.7","191","300","837","908","180","71","18","48","43","9000","3037","1509","2705","1749","66","4214","18","0","50","1000","1997","3.994","81","5.169399064367794","0","42.9","3.601010101010101","10","700","180"
"506","BA","1000","2","0.1","30","0.1","0.5","1","platform","targeted","70","5","95","95","17.996463570677157","63.83425014497426","63.83425014497426","fixed","1","1","50","2362","26","50","22622948","v2.0-design-v1.0","16.400000000000006","20","-3.5999999999999943","66.89880304679","true","31.672000000000015","13.924000000000003","50","83.6","200","300","836","892","180","56","32","39","53","9000","3074","1521","2626","1779","71","4147","18","0","50","1000","1997","3.994","68","4.846798474813592","0","40","3.6303030303030304","10","700","180"
"507","BA","1000","2","0.1","30","0.1","0.5","1","platform","targeted","70","5","95","95","17.996463570677157","63.83425014497426","63.83425014497426","fixed","1","1","50","2362","27","50","22622949","v2.0-design-v1.0","19.5","19.400000000000002","0.09999999999999787","68.04759806081975","true","32.032000000000004","14.638000000000007","50","80.5","194","300","805","882","180","77","33","39","31","9000","3088","1450","2689","1773","72","4139","18","0","50","1000","1997","3.994","69","4.5303960630929865","0","34.5","3.6858585858585857","10","700","180"
"508","BA","1000","2","0.1","30","0.1","0.5","1","platform","targeted","70","5","95","95","17.996463570677157","63.83425014497426","63.83425014497426","fixed","1","1","50","2362","28","50","22622950","v2.0-design-v1.0","17.200000000000003","19.7","-2.4999999999999964","67.12299000434594","true","31.014","13.594000000000001","50","82.8","197","300","828","895","180","67","27","47","39","9000","3089","1513","2690","1708","74","4203","18","0","50","1000","1997","3.994","63","4.961308151947274","0","40.3","3.6272727272727274","10","700","180"
"509","BA","1000","2","0.1","30","0.1","0.5","1","platform","targeted","70","5","95","95","17.996463570677157","63.83425014497426","63.83425014497426","fixed","1","1","50","2362","29","50","22622951","v2.0-design-v1.0","17.5","20.1","-2.6000000000000014","67.04323267434282","true","30.932000000000006","12.897999999999998","50","82.5","201","300","825","886","180","61","29","51","39","9000","3086","1517","2602","1795","80","4119","18","0","50","1000","1997","3.994","55","4.761579216671346","0","38","3.6505050505050507","10","700","180"
"511","BA","1000","2","0.1","30","0.1","0.5","1","platform","targeted","70","5","95","95","37.985871138025416","95.80445195466837","95.80445195466837","fixed","1","1","50","2363","1","50","22623923","v2.0-design-v1.0","78.6","36.1","42.49999999999999","74.04779686333084","true","79.414","57.45600000000003","50","21.4","361","300","214","249","380","35","13","332","0","19000","1983","695","16231","91","345","16926","38","0","50","1000","1997","3.994","92","5.442755514221403","0","43.4","3.595959595959596","10","700","380"
"510","BA","1000","2","0.1","30","0.1","0.5","1","platform","targeted","70","5","95","95","17.996463570677157","63.83425014497426","63.83425014497426","fixed","1","1","50","2362","30","50","22622952","v2.0-design-v1.0","18.30000000000001","20.599999999999998","-2.2999999999999865","67.21595836947094","true","31.364000000000004","13.122000000000003","50","81.69999999999999","206","300","817","883","180","66","21","54","39","9000","3100","1512","2683","1705","75","4195","18","0","50","1000","1997","3.994","91","5.2613349680138715","0","44.3","3.5868686868686868","10","700","180"
"512","BA","1000","2","0.1","30","0.1","0.5","1","platform","targeted","70","5","95","95","37.985871138025416","95.80445195466837","95.80445195466837","fixed","1","1","50","2363","2","50","22623924","v2.0-design-v1.0","76.8","35","41.8","75.90361445783132","true","78.87","57.878000000000014","50","23.200000000000003","350","300","232","268","380","36","12","330","2","19000","2142","680","16065","113","342","16745","38","0","50","1000","1997","3.994","89","5.144358893820331","0","41.2","3.618181818181818","10","700","380"
"513","BA","1000","2","0.1","30","0.1","0.5","1","platform","targeted","70","5","95","95","37.985871138025416","95.80445195466837","95.80445195466837","fixed","1","1","50","2363","3","50","22623925","v2.0-design-v1.0","82","37.1","44.9","70.49114331723028","true","82.28","59.48400000000001","50","18","371","300","180","215","380","35","16","329","0","19000","1751","733","16448","68","345","17181","38","0","50","1000","1997","3.994","99","5.581139051583736","0","46.4","3.5656565656565657","10","700","380"
"514","BA","1000","2","0.1","30","0.1","0.5","1","platform","targeted","70","5","95","95","37.985871138025416","95.80445195466837","95.80445195466837","fixed","1","1","50","2363","4","50","22623926","v2.0-design-v1.0","79.1","37.5","41.599999999999994","73.71172516803584","true","80.09600000000002","56.19200000000001","50","20.9","375","300","209","249","380","40","11","328","1","19000","1974","704","16233","89","339","16937","38","0","50","1000","1997","3.994","71","5.281084533867429","0","45.1","3.5787878787878786","10","700","380"
"515","BA","1000","2","0.1","30","0.1","0.5","1","platform","targeted","70","5","95","95","37.985871138025416","95.80445195466837","95.80445195466837","fixed","1","1","50","2363","5","50","22623927","v2.0-design-v1.0","75.4","35.5","39.900000000000006","76.0628795998571","true","76.98200000000001","55.126000000000005","50","24.6","355","300","246","289","380","43","12","323","2","19000","2129","670","16099","102","335","16769","38","0","50","1000","1997","3.994","105","5.734007572618194","0","46.1","3.5686868686868687","10","700","380"
"516","BA","1000","2","0.1","30","0.1","0.5","1","platform","targeted","70","5","95","95","37.985871138025416","95.80445195466837","95.80445195466837","fixed","1","1","50","2363","6","50","22623928","v2.0-design-v1.0","80.9","36.5","44.400000000000006","71.46728610143245","true","81.818","58.744000000000014","50","19.1","365","300","191","215","380","24","16","340","0","19000","1846","737","16345","72","356","17082","38","0","50","1000","1997","3.994","75","4.722315561698959","0","37.4","3.6565656565656566","10","700","380"
"517","BA","1000","2","0.1","30","0.1","0.5","1","platform","targeted","70","5","95","95","37.985871138025416","95.80445195466837","95.80445195466837","fixed","1","1","50","2363","7","50","22623929","v2.0-design-v1.0","78.2","37.4","40.800000000000004","72.73057371096586","true","79.00999999999998","55.206","50","21.8","374","300","218","248","380","30","19","330","1","19000","2003","751","16168","78","349","16919","38","0","50","1000","1997","3.994","97","5.407698882815789","0","46","3.56969696969697","10","700","380"
"518","BA","1000","2","0.1","30","0.1","0.5","1","platform","targeted","70","5","95","95","37.985871138025416","95.80445195466837","95.80445195466837","fixed","1","1","50","2363","8","50","22623930","v2.0-design-v1.0","80.4","35.5","44.900000000000006","72.65917602996255","true","80.252","57.34400000000002","50","19.6","355","300","196","233","380","37","11","332","0","19000","1940","730","16249","81","343","16979","38","0","50","1000","1997","3.994","72","5.0738257466834265","0","41.2","3.618181818181818","10","700","380"
"519","BA","1000","2","0.1","30","0.1","0.5","1","platform","targeted","70","5","95","95","37.985871138025416","95.80445195466837","95.80445195466837","fixed","1","1","50","2363","9","50","22623931","v2.0-design-v1.0","77.8","33.5","44.3","74.53323375653473","true","79.73800000000001","58.20000000000002","50","22.2","335","300","222","263","380","41","12","326","1","19000","1996","682","16237","85","338","16919","38","0","50","1000","1997","3.994","71","4.9852599547883845","0","41.3","3.617171717171717","10","700","380"
"520","BA","1000","2","0.1","30","0.1","0.5","1","platform","targeted","70","5","95","95","37.985871138025416","95.80445195466837","95.80445195466837","fixed","1","1","50","2363","10","50","22623932","v2.0-design-v1.0","78.5","35","43.5","74.13084112149532","true","79.87599999999999","56.874","50","21.5","350","300","215","249","380","34","13","332","1","19000","1983","692","16237","88","345","16929","38","0","50","1000","1997","3.994","78","5.111564544451338","0","41.5","3.6151515151515152","10","700","380"
"521","BA","1000","2","0.1","30","0.1","0.5","1","platform","targeted","70","5","95","95","37.985871138025416","95.80445195466837","95.80445195466837","fixed","1","1","50","2363","11","50","22623933","v2.0-design-v1.0","80.6","36.199999999999996","44.4","72.24505042958536","true","80.812","58.27400000000001","50","19.400000000000002","362","300","194","221","380","27","16","337","0","19000","1934","743","16242","81","353","16985","38","0","50","1000","1997","3.994","97","5.397508415657821","0","44.1","3.588888888888889","10","700","380"
"522","BA","1000","2","0.1","30","0.1","0.5","1","platform","targeted","70","5","95","95","37.985871138025416","95.80445195466837","95.80445195466837","fixed","1","1","50","2363","12","50","22623934","v2.0-design-v1.0","77.2","36.4","40.800000000000004","73.87258410880459","true","78.51","55.852000000000004","50","22.8","364","300","228","274","380","46","14","318","2","19000","2064","730","16102","104","332","16832","38","0","50","1000","1997","3.994","68","5.027846780008631","0","41","3.6202020202020204","10","700","380"
"523","BA","1000","2","0.1","30","0.1","0.5","1","platform","targeted","70","5","95","95","37.985871138025416","95.80445195466837","95.80445195466837","fixed","1","1","50","2363","13","50","22623935","v2.0-design-v1.0","77.5","35.099999999999994","42.400000000000006","73.76219732562342","true","78.83200000000001","56.016000000000005","50","22.5","351","300","225","262","380","37","11","331","1","19000","2041","726","16143","90","342","16869","38","0","50","1000","1997","3.994","97","5.430972238877618","0","44.5","3.584848484848485","10","700","380"
"524","BA","1000","2","0.1","30","0.1","0.5","1","platform","targeted","70","5","95","95","37.985871138025416","95.80445195466837","95.80445195466837","fixed","1","1","50","2363","14","50","22623936","v2.0-design-v1.0","79.3","36.9","42.4","70.49180327868852","true","80.64800000000001","56.98399999999999","50","20.7","369","300","207","252","380","45","13","322","0","19000","1892","792","16245","71","335","17037","38","0","50","1000","1997","3.994","106","5.4171310958208485","0","41.7","3.613131313131313","10","700","380"
"525","BA","1000","2","0.1","30","0.1","0.5","1","platform","targeted","70","5","95","95","37.985871138025416","95.80445195466837","95.80445195466837","fixed","1","1","50","2363","15","50","22623937","v2.0-design-v1.0","77.8","35.5","42.3","76","true","78.746","57.184000000000005","50","22.2","355","300","222","265","380","43","8","325","4","19000","2090","660","16146","104","333","16806","38","0","50","1000","1997","3.994","62","5.1533019046549615","0","45.9","3.5707070707070705","10","700","380"
"526","BA","1000","2","0.1","30","0.1","0.5","1","platform","targeted","70","5","95","95","37.985871138025416","95.80445195466837","95.80445195466837","fixed","1","1","50","2363","16","50","22623938","v2.0-design-v1.0","78","35.5","42.5","75.81746316924183","true","79.15400000000001","56.006","50","22","355","300","220","265","380","45","13","322","0","19000","2110","673","16120","97","335","16793","38","0","50","1000","1997","3.994","73","5.1377388373057915","0","43.6","3.5939393939393938","10","700","380"
"527","BA","1000","2","0.1","30","0.1","0.5","1","platform","targeted","70","5","95","95","37.985871138025416","95.80445195466837","95.80445195466837","fixed","1","1","50","2363","17","50","22623939","v2.0-design-v1.0","78.6","36.9","41.699999999999996","73.73926036608144","true","80.168","57.53","50","21.4","369","300","214","258","380","44","13","318","5","19000","1974","703","16234","89","331","16937","38","0","50","1000","1997","3.994","72","5.513652542948663","0","47.3","3.5565656565656565","10","700","380"
"528","BA","1000","2","0.1","30","0.1","0.5","1","platform","targeted","70","5","95","95","37.985871138025416","95.80445195466837","95.80445195466837","fixed","1","1","50","2363","18","50","22623940","v2.0-design-v1.0","79.9","35.8","44.10000000000001","72.6615969581749","true","80.668","57.664000000000016","50","20.1","358","300","201","239","380","38","8","334","0","19000","1911","719","16291","79","342","17010","38","0","50","1000","1997","3.994","56","4.8632926722145315","0","41.1","3.6191919191919193","10","700","380"
"529","BA","1000","2","0.1","30","0.1","0.5","1","platform","targeted","70","5","95","95","37.985871138025416","95.80445195466837","95.80445195466837","fixed","1","1","50","2363","19","50","22623941","v2.0-design-v1.0","80.6","36.1","44.49999999999999","72.48166730991895","true","81.20200000000001","58.998000000000005","50","19.400000000000002","361","300","194","229","380","35","16","328","1","19000","1878","713","16326","83","344","17039","38","0","50","1000","1997","3.994","89","5.182356685989563","0","43.7","3.592929292929293","10","700","380"
"530","BA","1000","2","0.1","30","0.1","0.5","1","platform","targeted","70","5","95","95","37.985871138025416","95.80445195466837","95.80445195466837","fixed","1","1","50","2363","20","50","22623942","v2.0-design-v1.0","80.2","37.2","43","72.08255159474672","true","80.82199999999997","57.298","50","19.8","372","300","198","241","380","43","18","318","1","19000","1921","744","16256","79","336","17000","38","0","50","1000","1997","3.994","98","5.714246810964373","0","47.5","3.5545454545454547","10","700","380"
"531","BA","1000","2","0.1","30","0.1","0.5","1","platform","targeted","70","5","95","95","37.985871138025416","95.80445195466837","95.80445195466837","fixed","1","1","50","2363","21","50","22623943","v2.0-design-v1.0","78.7","34.300000000000004","44.4","75.74484339190222","true","79.55399999999999","58.515999999999984","50","21.3","343","300","213","257","380","44","10","324","2","19000","1983","635","16293","89","334","16928","38","0","50","1000","1997","3.994","95","5.57880695911653","0","47.4","3.5555555555555554","10","700","380"
"532","BA","1000","2","0.1","30","0.1","0.5","1","platform","targeted","70","5","95","95","37.985871138025416","95.80445195466837","95.80445195466837","fixed","1","1","50","2363","22","50","22623944","v2.0-design-v1.0","78","37.2","40.8","73.15535780496847","true","79.592","55.35799999999999","50","22","372","300","220","257","380","37","9","334","0","19000","1973","724","16211","92","343","16935","38","0","50","1000","1997","3.994","75","5.584007982188515","0","48.7","3.5424242424242425","10","700","380"
"533","BA","1000","2","0.1","30","0.1","0.5","1","platform","targeted","70","5","95","95","37.985871138025416","95.80445195466837","95.80445195466837","fixed","1","1","50","2363","23","50","22623945","v2.0-design-v1.0","79.8","35.099999999999994","44.7","73.97366382649109","true","80.66199999999999","59.067999999999984","50","20.200000000000003","351","300","202","229","380","27","16","335","2","19000","1910","672","16336","82","351","17008","38","0","50","1000","1997","3.994","91","5.092926653889864","0","40.9","3.621212121212121","10","700","380"
"535","BA","1000","2","0.1","30","0.1","0.5","1","platform","targeted","70","5","95","95","37.985871138025416","95.80445195466837","95.80445195466837","fixed","1","1","50","2363","25","50","22623947","v2.0-design-v1.0","78.4","35","43.400000000000006","73.80952380952381","true","79.536","58.400000000000006","50","21.6","350","300","216","252","380","36","14","327","3","19000","1984","704","16228","84","341","16932","38","0","50","1000","1997","3.994","63","5.148637924002074","0","43.8","3.591919191919192","10","700","380"
"536","BA","1000","2","0.1","30","0.1","0.5","1","platform","targeted","70","5","95","95","37.985871138025416","95.80445195466837","95.80445195466837","fixed","1","1","50","2363","26","50","22623948","v2.0-design-v1.0","80.4","34.8","45.60000000000001","72.76234567901234","true","80.788","58.282","50","19.6","348","300","196","228","380","32","7","340","1","19000","1886","706","16331","77","347","17037","38","0","50","1000","1997","3.994","88","5.296415393076333","0","42","3.61010101010101","10","700","380"
"534","BA","1000","2","0.1","30","0.1","0.5","1","platform","targeted","70","5","95","95","37.985871138025416","95.80445195466837","95.80445195466837","fixed","1","1","50","2363","24","50","22623946","v2.0-design-v1.0","76.5","35.3","41.2","75.41446208112875","true","77.67399999999999","55.91199999999999","50","23.5","353","300","235","261","380","26","15","337","2","19000","2138","697","16069","96","352","16766","38","0","50","1000","1997","3.994","84","5.3485110610870485","0","44.4","3.585858585858586","10","700","380"
"537","BA","1000","2","0.1","30","0.1","0.5","1","platform","targeted","70","5","95","95","37.985871138025416","95.80445195466837","95.80445195466837","fixed","1","1","50","2363","27","50","22623949","v2.0-design-v1.0","79.1","36.4","42.699999999999996","74.16728349370837","true","80.052","57.57199999999999","50","20.9","364","300","209","243","380","34","13","330","3","19000","2004","698","16201","97","343","16899","38","0","50","1000","1997","3.994","72","5.2827901597424605","0","46.3","3.566666666666667","10","700","380"
"538","BA","1000","2","0.1","30","0.1","0.5","1","platform","targeted","70","5","95","95","37.985871138025416","95.80445195466837","95.80445195466837","fixed","1","1","50","2363","28","50","22623950","v2.0-design-v1.0","76","36.5","39.5","74.4463971880492","true","77.596","53.77799999999999","50","24","365","300","240","281","380","41","10","325","4","19000","2118","727","16046","109","335","16773","38","0","50","1000","1997","3.994","95","5.688789530851553","0","48.9","3.54040404040404","10","700","380"
"539","BA","1000","2","0.1","30","0.1","0.5","1","platform","targeted","70","5","95","95","37.985871138025416","95.80445195466837","95.80445195466837","fixed","1","1","50","2363","29","50","22623951","v2.0-design-v1.0","80.4","37.1","43.300000000000004","72.79874213836479","true","81.17999999999998","57.78199999999999","50","19.6","371","300","196","237","380","41","12","326","1","19000","1852","692","16386","70","338","17078","38","0","50","1000","1997","3.994","65","5.0152883383826525","0","42.2","3.608080808080808","10","700","380"
"540","BA","1000","2","0.1","30","0.1","0.5","1","platform","targeted","70","5","95","95","37.985871138025416","95.80445195466837","95.80445195466837","fixed","1","1","50","2363","30","50","22623952","v2.0-design-v1.0","76.4","35.699999999999996","40.70000000000001","75.39337127552729","true","77.72800000000001","55.60799999999999","50","23.599999999999998","357","300","236","286","380","50","15","313","2","19000","2252","735","15906","107","328","16641","38","0","50","1000","1997","3.994","59","5.069286109666879","0","42.5","3.605050505050505","10","700","380"
"541","BA","1000","2","0.1","30","0.1","0.5","1","platform","targeted","70","5","95","95","60.654881562550436","63.57646824647646","63.57646824647646","fixed","1","1","50","2364","1","50","22624923","v2.0-design-v1.0","99.1","97.8","1.2999999999999972","9.918289290681502","true","95.068","13.155999999999999","50","0.8999999999999999","978","300","9","20","607","11","232","360","4","30350","1141","10363","18199","647","592","28562","60.7","0","50","1000","1997","3.994","79","4.935617927303965","0","39.5","3.6353535353535356","10","700","607"
"542","BA","1000","2","0.1","30","0.1","0.5","1","platform","targeted","70","5","95","95","60.654881562550436","63.57646824647646","63.57646824647646","fixed","1","1","50","2364","2","50","22624924","v2.0-design-v1.0","98.5","97.2","1.2999999999999972","12.628600823045266","true","93.55400000000002","12.696000000000003","50","1.5","972","300","15","25","607","10","228","363","6","30350","1473","10191","17813","873","591","28004","60.7","0","50","1000","1997","3.994","88","5.27918874769919","0","45.3","3.576767676767677","10","700","607"
"543","BA","1000","2","0.1","30","0.1","0.5","1","platform","targeted","70","5","95","95","60.654881562550436","63.57646824647646","63.57646824647646","fixed","1","1","50","2364","3","50","22624925","v2.0-design-v1.0","97.8","98.6","-0.7999999999999972","12.170176192522561","true","94.156","11.522000000000006","50","2.1999999999999997","986","300","22","38","607","16","215","370","6","30350","1416","10219","17929","786","585","28148","60.7","0","50","1000","1997","3.994","78","5.434473065302415","0","45.8","3.5717171717171716","10","700","607"
"544","BA","1000","2","0.1","30","0.1","0.5","1","platform","targeted","70","5","95","95","60.654881562550436","63.57646824647646","63.57646824647646","fixed","1","1","50","2364","4","50","22624926","v2.0-design-v1.0","96.4","96.7","-0.29999999999999716","15.300918055083304","true","92.118","11.88","50","3.5999999999999996","967","300","36","56","607","20","212","364","11","30350","1800","9964","17503","1083","576","27467","60.7","0","50","1000","1997","3.994","90","5.336144529380585","0","44.5","3.584848484848485","10","700","607"
"545","BA","1000","2","0.1","30","0.1","0.5","1","platform","targeted","70","5","95","95","60.654881562550436","63.57646824647646","63.57646824647646","fixed","1","1","50","2364","5","50","22624927","v2.0-design-v1.0","98","97","1","13.926613243357233","true","93.25599999999997","12.514000000000015","50","2","970","300","20","28","607","8","224","372","3","30350","1651","10204","17522","973","596","27726","60.7","0","50","1000","1997","3.994","79","5.022867029216793","0","39.8","3.632323232323232","10","700","607"
"546","BA","1000","2","0.1","30","0.1","0.5","1","platform","targeted","70","5","95","95","60.654881562550436","63.57646824647646","63.57646824647646","fixed","1","1","50","2364","6","50","22624928","v2.0-design-v1.0","99.8","98.1","1.7000000000000028","9.164632019532611","true","95.40200000000003","13.63000000000001","50","0.2","981","300","2","2","607","0","226","381","0","30350","1051","10417","18299","583","607","28716","60.7","0","50","1000","1997","3.994","77","4.813848474675646","0","37.5","3.6555555555555554","10","700","607"
"547","BA","1000","2","0.1","30","0.1","0.5","1","platform","targeted","70","5","95","95","60.654881562550436","63.57646824647646","63.57646824647646","fixed","1","1","50","2364","7","50","22624929","v2.0-design-v1.0","95.5","98.1","-2.5999999999999943","13.35379892555641","true","93.09800000000001","11.474","50","4.5","981","300","45","65","607","20","199","370","18","30350","1566","10161","17694","929","569","27855","60.7","0","50","1000","1997","3.994","86","5.212401858369424","0","42.8","3.602020202020202","10","700","607"
"548","BA","1000","2","0.1","30","0.1","0.5","1","platform","targeted","70","5","95","95","60.654881562550436","63.57646824647646","63.57646824647646","fixed","1","1","50","2364","8","50","22624930","v2.0-design-v1.0","98.7","98.8","-0.09999999999999432","9.892749892749892","true","95.306","11.709999999999996","50","1.3","988","300","13","17","607","4","202","399","2","30350","1153","10502","18037","658","601","28539","60.7","0","50","1000","1997","3.994","50","4.499133939571719","0","36","3.6707070707070706","10","700","607"
"549","BA","1000","2","0.1","30","0.1","0.5","1","platform","targeted","70","5","95","95","60.654881562550436","63.57646824647646","63.57646824647646","fixed","1","1","50","2364","9","50","22624931","v2.0-design-v1.0","96.9","98.6","-1.6999999999999886","13.731771052853409","true","93.48","12.077999999999992","50","3.1","986","300","31","45","607","14","230","352","11","30350","1629","10234","17534","953","582","27768","60.7","0","50","1000","1997","3.994","82","5.472102695299847","0","49.3","3.536363636363636","10","700","607"
"550","BA","1000","2","0.1","30","0.1","0.5","1","platform","targeted","70","5","95","95","60.654881562550436","63.57646824647646","63.57646824647646","fixed","1","1","50","2364","10","50","22624932","v2.0-design-v1.0","96.8","97.7","-0.9000000000000057","14.19611831511145","true","92.76600000000002","10.692000000000005","50","3.2","977","300","32","46","607","14","220","364","9","30350","1675","10124","17527","1024","584","27651","60.7","0","50","1000","1997","3.994","78","4.992884225865128","0","42.3","3.607070707070707","10","700","607"
"551","BA","1000","2","0.1","30","0.1","0.5","1","platform","targeted","70","5","95","95","60.654881562550436","63.57646824647646","63.57646824647646","fixed","1","1","50","2364","11","50","22624933","v2.0-design-v1.0","96.4","97.89999999999999","-1.4999999999999858","14.939984676938792","true","92.71600000000001","11.651999999999997","50","3.5999999999999996","979","300","36","48","607","12","228","354","13","30350","1755","9992","17561","1042","582","27553","60.7","0","50","1000","1997","3.994","75","5.250479171612","0","43.5","3.594949494949495","10","700","607"
"552","BA","1000","2","0.1","30","0.1","0.5","1","platform","targeted","70","5","95","95","60.654881562550436","63.57646824647646","63.57646824647646","fixed","1","1","50","2364","12","50","22624934","v2.0-design-v1.0","98.5","99.4","-0.9000000000000057","12.782921810699587","true","94.01399999999998","10.152000000000001","50","1.5","994","300","15","27","607","12","210","381","4","30350","1491","10173","17870","816","591","28043","60.7","0","50","1000","1997","3.994","104","6.039904340670035","0","47.7","3.5525252525252524","10","700","607"
"553","BA","1000","2","0.1","30","0.1","0.5","1","platform","targeted","70","5","95","95","60.654881562550436","63.57646824647646","63.57646824647646","fixed","1","1","50","2364","13","50","22624935","v2.0-design-v1.0","97","97.6","-0.5999999999999943","11.961392623233367","true","93.74800000000005","13.048000000000002","50","3","976","300","30","51","607","21","205","370","11","30350","1388","10216","18005","741","575","28221","60.7","0","50","1000","1997","3.994","92","5.139686797887616","0","41.2","3.618181818181818","10","700","607"
"554","BA","1000","2","0.1","30","0.1","0.5","1","platform","targeted","70","5","95","95","60.654881562550436","63.57646824647646","63.57646824647646","fixed","1","1","50","2364","14","50","22624936","v2.0-design-v1.0","96.4","96.6","-0.19999999999998863","13.12344939686885","true","93.65799999999996","13.907999999999992","50","3.5999999999999996","966","300","36","47","607","11","219","369","8","30350","1534","10155","17774","887","588","27929","60.7","0","50","1000","1997","3.994","90","5.493099137839949","0","46.1","3.5686868686868687","10","700","607"
"555","BA","1000","2","0.1","30","0.1","0.5","1","platform","targeted","70","5","95","95","60.654881562550436","63.57646824647646","63.57646824647646","fixed","1","1","50","2364","15","50","22624937","v2.0-design-v1.0","99.1","98.7","0.3999999999999915","10.24713682941531","true","95.02799999999999","13.461999999999998","50","0.8999999999999999","987","300","9","11","607","2","216","388","1","30350","1190","10423","18132","605","604","28555","60.7","0","50","1000","1997","3.994","86","5.310571171368108","0","43.4","3.595959595959596","10","700","607"
"556","BA","1000","2","0.1","30","0.1","0.5","1","platform","targeted","70","5","95","95","60.654881562550436","63.57646824647646","63.57646824647646","fixed","1","1","50","2364","16","50","22624938","v2.0-design-v1.0","96.8","97.5","-0.7000000000000028","13.137809793328186","true","93.56200000000003","12.409999999999991","50","3.2","975","300","32","40","607","8","205","386","8","30350","1532","10129","17848","841","591","27977","60.7","0","50","1000","1997","3.994","82","5.503294490598357","0","47.3","3.5565656565656565","10","700","607"
"557","BA","1000","2","0.1","30","0.1","0.5","1","platform","targeted","70","5","95","95","60.654881562550436","63.57646824647646","63.57646824647646","fixed","1","1","50","2364","17","50","22624939","v2.0-design-v1.0","94.4","97.39999999999999","-2.999999999999986","14.385367928541045","true","92.796","11.432","50","5.6000000000000005","974","300","56","83","607","27","192","369","19","30350","1691","10064","17614","981","561","27678","60.7","0","50","1000","1997","3.994","110","5.970059095654408","0","50.2","3.5272727272727273","10","700","607"
"558","BA","1000","2","0.1","30","0.1","0.5","1","platform","targeted","70","5","95","95","60.654881562550436","63.57646824647646","63.57646824647646","fixed","1","1","50","2364","18","50","22624940","v2.0-design-v1.0","97.4","98.1","-0.6999999999999886","11.568627450980392","true","94.764","12.194","50","2.6","981","300","26","52","607","26","226","344","11","30350","1357","10373","17870","750","570","28243","60.7","0","50","1000","1997","3.994","102","5.728767998687214","0","47.5","3.5545454545454547","10","700","607"
"559","BA","1000","2","0.1","30","0.1","0.5","1","platform","targeted","70","5","95","95","60.654881562550436","63.57646824647646","63.57646824647646","fixed","1","1","50","2364","19","50","22624941","v2.0-design-v1.0","96.4","99.3","-2.8999999999999915","10.964987190435526","true","95.23199999999999","11.332","50","3.5999999999999996","993","300","36","56","607","20","191","383","13","30350","1284","10426","17947","693","574","28373","60.7","0","50","1000","1997","3.994","97","5.405106768527249","0","43.8","3.591919191919192","10","700","607"
"560","BA","1000","2","0.1","30","0.1","0.5","1","platform","targeted","70","5","95","95","60.654881562550436","63.57646824647646","63.57646824647646","fixed","1","1","50","2364","20","50","22624942","v2.0-design-v1.0","97.9","99","-1.0999999999999943","13.051643192488264","true","94.016","11.176000000000002","50","2.1","990","300","21","40","607","19","202","381","5","30350","1529","10186","17774","861","583","27960","60.7","0","50","1000","1997","3.994","84","5.559934970561864","0","47.6","3.5535353535353535","10","700","607"
"561","BA","1000","2","0.1","30","0.1","0.5","1","platform","targeted","70","5","95","95","60.654881562550436","63.57646824647646","63.57646824647646","fixed","1","1","50","2364","21","50","22624943","v2.0-design-v1.0","96.2","99.1","-2.8999999999999915","11.103448275862068","true","94.66399999999994","11.860000000000003","50","3.8","991","300","38","60","607","22","207","367","11","30350","1288","10312","18020","730","574","28332","60.7","0","50","1000","1997","3.994","84","5.351878792219283","0","43.6","3.5939393939393938","10","700","607"
"562","BA","1000","2","0.1","30","0.1","0.5","1","platform","targeted","70","5","95","95","60.654881562550436","63.57646824647646","63.57646824647646","fixed","1","1","50","2364","22","50","22624944","v2.0-design-v1.0","97.9","96.3","1.6000000000000085","13.486370157819225","true","92.97399999999999","12.177999999999995","50","2.1","963","300","21","32","607","11","216","377","3","30350","1598","10251","17602","899","593","27853","60.7","0","50","1000","1997","3.994","85","5.499655462864026","0","46.9","3.5606060606060606","10","700","607"
"563","BA","1000","2","0.1","30","0.1","0.5","1","platform","targeted","70","5","95","95","60.654881562550436","63.57646824647646","63.57646824647646","fixed","1","1","50","2364","23","50","22624945","v2.0-design-v1.0","98.6","98.5","0.09999999999999432","10.609714088873579","true","94.708","11.764000000000001","50","1.4000000000000001","985","300","14","27","607","13","198","392","4","30350","1232","10380","18008","730","590","28388","60.7","0","50","1000","1997","3.994","70","5.136959446243687","0","43.6","3.5939393939393938","10","700","607"
"564","BA","1000","2","0.1","30","0.1","0.5","1","platform","targeted","70","5","95","95","60.654881562550436","63.57646824647646","63.57646824647646","fixed","1","1","50","2364","24","50","22624946","v2.0-design-v1.0","97.7","98.5","-0.7999999999999972","14.162466900145212","true","93.01199999999999","10.942000000000002","50","2.3","985","300","23","31","607","8","226","369","4","30350","1658","10049","17700","943","595","27749","60.7","0","50","1000","1997","3.994","115","5.601548120059423","0","45.1","3.5787878787878786","10","700","607"
"565","BA","1000","2","0.1","30","0.1","0.5","1","platform","targeted","70","5","95","95","60.654881562550436","63.57646824647646","63.57646824647646","fixed","1","1","50","2364","25","50","22624947","v2.0-design-v1.0","99.9","98.1","1.8000000000000114","10.33918732782369","true","94.95399999999998","13.476000000000008","50","0.1","981","300","1","1","607","0","222","385","0","30350","1201","10415","18056","678","607","28471","60.7","0","50","1000","1997","3.994","67","4.728247066336556","0","39.4","3.6363636363636362","10","700","607"
"566","BA","1000","2","0.1","30","0.1","0.5","1","platform","targeted","70","5","95","95","60.654881562550436","63.57646824647646","63.57646824647646","fixed","1","1","50","2364","26","50","22624948","v2.0-design-v1.0","97.2","98.2","-1","12.366517395797452","true","93.62599999999996","12.260000000000005","50","2.8000000000000003","982","300","28","37","607","9","201","391","6","30350","1436","10176","17924","814","592","28100","60.7","0","50","1000","1997","3.994","75","5.300571672948112","0","44.9","3.580808080808081","10","700","607"
"567","BA","1000","2","0.1","30","0.1","0.5","1","platform","targeted","70","5","95","95","60.654881562550436","63.57646824647646","63.57646824647646","fixed","1","1","50","2364","27","50","22624949","v2.0-design-v1.0","97.8","97.1","0.7000000000000028","12.148326593822594","true","93.58","13.684000000000005","50","2.1999999999999997","971","300","22","34","607","12","217","374","4","30350","1412","10211","17828","899","591","28039","60.7","0","50","1000","1997","3.994","69","4.824649338681632","0","37.7","3.6535353535353536","10","700","607"
"568","BA","1000","2","0.1","30","0.1","0.5","1","platform","targeted","70","5","95","95","60.654881562550436","63.57646824647646","63.57646824647646","fixed","1","1","50","2364","28","50","22624950","v2.0-design-v1.0","97.6","97.1","0.5","14.246254289779861","true","92.74199999999999","12.77799999999999","50","2.4","971","300","24","40","607","16","222","363","6","30350","1702","10245","17471","932","585","27716","60.7","0","50","1000","1997","3.994","82","5.305290765840269","0","43.9","3.590909090909091","10","700","607"
"569","BA","1000","2","0.1","30","0.1","0.5","1","platform","targeted","70","5","95","95","60.654881562550436","63.57646824647646","63.57646824647646","fixed","1","1","50","2364","29","50","22624951","v2.0-design-v1.0","95.4","97.89999999999999","-2.499999999999986","15.407295088872042","true","91.93799999999997","11.251999999999999","50","4.6","979","300","46","67","607","21","207","372","7","30350","1829","10042","17426","1053","579","27468","60.7","0","50","1000","1997","3.994","85","5.427653583586863","0","46.1","3.5686868686868687","10","700","607"
"570","BA","1000","2","0.1","30","0.1","0.5","1","platform","targeted","70","5","95","95","60.654881562550436","63.57646824647646","63.57646824647646","fixed","1","1","50","2364","30","50","22624952","v2.0-design-v1.0","95.9","98","-2.0999999999999943","13.794570674836185","true","92.95999999999998","11.058000000000002","50","4.1000000000000005","980","300","41","70","607","29","196","372","10","30350","1621","10130","17671","928","568","27801","60.7","0","50","1000","1997","3.994","82","5.250669817607405","0","44.4","3.585858585858586","10","700","607"
"571","BA","1000","2","0.1","30","0.1","0.5","1","platform","targeted","70","5","95","95","19.419245125335564","87.02613944835439","87.02613944835439","fixed","1","1","50","2365","1","50","22625923","v2.0-design-v1.0","32.69999999999999","20.9","11.79999999999999","79.24281984334203","true","45.79599999999999","29.20799999999999","50","67.30000000000001","209","300","673","744","194","71","13","102","8","9700","3035","795","5395","475","115","6190","19.4","0","50","1000","1997","3.994","94","5.442939425493315","0","46.2","3.5676767676767676","10","700","194"
"572","BA","1000","2","0.1","30","0.1","0.5","1","platform","targeted","70","5","95","95","19.419245125335564","87.02613944835439","87.02613944835439","fixed","1","1","50","2365","2","50","22625924","v2.0-design-v1.0","33.2","18.8","14.400000000000002","77.55269641390638","true","46.425999999999995","31.15999999999999","50","66.8","188","300","668","727","194","59","11","109","15","9700","2833","820","5621","426","120","6441","19.4","0","50","1000","1997","3.994","72","5.158737886012089","0","42.4","3.606060606060606","10","700","194"
"573","BA","1000","2","0.1","30","0.1","0.5","1","platform","targeted","70","5","95","95","19.419245125335564","87.02613944835439","87.02613944835439","fixed","1","1","50","2365","3","50","22625925","v2.0-design-v1.0","31.89999999999999","20.200000000000003","11.699999999999989","78.66770347330223","true","45.198","29.16","50","68.10000000000001","202","300","681","747","194","66","20","95","13","9700","3035","823","5392","450","115","6215","19.4","0","50","1000","1997","3.994","96","5.537565225677125","0","46.9","3.5606060606060606","10","700","194"
"574","BA","1000","2","0.1","30","0.1","0.5","1","platform","targeted","70","5","95","95","19.419245125335564","87.02613944835439","87.02613944835439","fixed","1","1","50","2365","4","50","22625926","v2.0-design-v1.0","33.7","19.8","13.900000000000002","77.20547945205479","true","46.80199999999999","31.024","50","66.3","198","300","663","746","194","83","13","87","11","9700","2818","832","5622","428","100","6454","19.4","0","50","1000","1997","3.994","88","5.502021104670182","0","47.5","3.5545454545454547","10","700","194"
"575","BA","1000","2","0.1","30","0.1","0.5","1","platform","targeted","70","5","95","95","19.419245125335564","87.02613944835439","87.02613944835439","fixed","1","1","50","2365","5","50","22625927","v2.0-design-v1.0","33.39999999999999","20.1","13.29999999999999","76.870925684485","true","47.256000000000014","31.05599999999999","50","66.60000000000001","201","300","666","735","194","69","12","95","18","9700","2948","887","5427","438","107","6314","19.4","0","50","1000","1997","3.994","100","5.363275932555457","0","43.9","3.590909090909091","10","700","194"
"576","BA","1000","2","0.1","30","0.1","0.5","1","platform","targeted","70","5","95","95","19.419245125335564","87.02613944835439","87.02613944835439","fixed","1","1","50","2365","6","50","22625928","v2.0-design-v1.0","32.39999999999999","19.6","12.79999999999999","77.78654048370137","true","45.946000000000005","30.138","50","67.60000000000001","196","300","676","753","194","77","17","86","14","9700","2959","845","5439","457","103","6284","19.4","0","50","1000","1997","3.994","95","5.481424085947913","0","42.8","3.602020202020202","10","700","194"
"577","BA","1000","2","0.1","30","0.1","0.5","1","platform","targeted","70","5","95","95","19.419245125335564","87.02613944835439","87.02613944835439","fixed","1","1","50","2365","7","50","22625929","v2.0-design-v1.0","32.69999999999999","19.400000000000002","13.299999999999986","77.94479365946981","true","45.098","29.836000000000013","50","67.30000000000001","194","300","673","741","194","68","15","101","10","9700","2852","807","5602","439","116","6409","19.4","0","50","1000","1997","3.994","111","6.173011426368042","0","51.4","3.515151515151515","10","700","194"
"578","BA","1000","2","0.1","30","0.1","0.5","1","platform","targeted","70","5","95","95","19.419245125335564","87.02613944835439","87.02613944835439","fixed","1","1","50","2365","8","50","22625930","v2.0-design-v1.0","34.89999999999999","19.5","15.399999999999991","78.34862385321101","true","46.036000000000016","30.82600000000001","50","65.10000000000001","195","300","651","717","194","66","13","111","4","9700","2989","826","5415","470","124","6241","19.4","0","50","1000","1997","3.994","147","6.6104206871924625","0","52.2","3.507070707070707","10","700","194"
"579","BA","1000","2","0.1","30","0.1","0.5","1","platform","targeted","70","5","95","95","19.419245125335564","87.02613944835439","87.02613944835439","fixed","1","1","50","2365","9","50","22625931","v2.0-design-v1.0","36.3","19.3","16.999999999999996","77.51286914115416","true","48.05000000000001","32.364","50","63.7","193","300","637","695","194","58","18","110","8","9700","2861","830","5587","422","128","6417","19.4","0","50","1000","1997","3.994","97","5.925628833894113","0","50.3","3.526262626262626","10","700","194"
"580","BA","1000","2","0.1","30","0.1","0.5","1","platform","targeted","70","5","95","95","19.419245125335564","87.02613944835439","87.02613944835439","fixed","1","1","50","2365","10","50","22625932","v2.0-design-v1.0","36.7","19.900000000000002","16.8","77.07760044028619","true","49.00599999999999","33.09799999999999","50","63.3","199","300","633","706","194","73","12","98","11","9700","2801","833","5688","378","110","6521","19.4","0","50","1000","1997","3.994","87","5.417870182767138","0","44.2","3.587878787878788","10","700","194"
"581","BA","1000","2","0.1","30","0.1","0.5","1","platform","targeted","70","5","95","95","19.419245125335564","87.02613944835439","87.02613944835439","fixed","1","1","50","2365","11","50","22625933","v2.0-design-v1.0","30.60000000000001","19","11.600000000000009","77.49799089204393","true","44.504000000000005","29.412000000000003","50","69.39999999999999","190","300","694","764","194","70","16","99","9","9700","2893","840","5551","416","115","6391","19.4","0","50","1000","1997","3.994","83","5.612616632682603","0","49.7","3.5323232323232325","10","700","194"
"583","BA","1000","2","0.1","30","0.1","0.5","1","platform","targeted","70","5","95","95","19.419245125335564","87.02613944835439","87.02613944835439","fixed","1","1","50","2365","13","50","22625935","v2.0-design-v1.0","33.8","19.5","14.299999999999997","80.63824081523197","true","47.022","32.413999999999994","50","66.2","195","300","662","728","194","66","15","96","17","9700","3007","722","5505","466","111","6227","19.4","0","50","1000","1997","3.994","83","5.3673804386099455","0","45","3.5797979797979798","10","700","194"
"584","BA","1000","2","0.1","30","0.1","0.5","1","platform","targeted","70","5","95","95","19.419245125335564","87.02613944835439","87.02613944835439","fixed","1","1","50","2365","14","50","22625936","v2.0-design-v1.0","35.099999999999994","19.400000000000002","15.699999999999992","76.72139830508475","true","46.459999999999994","30.734","50","64.9","194","300","649","713","194","64","19","103","8","9700","2897","879","5499","425","122","6378","19.4","0","50","1000","1997","3.994","119","5.606549509047189","0","43.2","3.597979797979798","10","700","194"
"582","BA","1000","2","0.1","30","0.1","0.5","1","platform","targeted","70","5","95","95","19.419245125335564","87.02613944835439","87.02613944835439","fixed","1","1","50","2365","12","50","22625934","v2.0-design-v1.0","32.89999999999999","18.8","14.09999999999999","78.11993517017828","true","46.12599999999998","30.971999999999998","50","67.10000000000001","188","300","671","747","194","76","15","96","7","9700","2892","810","5574","424","111","6384","19.4","0","50","1000","1997","3.994","93","5.242847647171465","0","42.9","3.601010101010101","10","700","194"
"585","BA","1000","2","0.1","30","0.1","0.5","1","platform","targeted","70","5","95","95","19.419245125335564","87.02613944835439","87.02613944835439","fixed","1","1","50","2365","15","50","22625937","v2.0-design-v1.0","33.89999999999999","19.1","14.79999999999999","77.5805570726379","true","46.256","31.231999999999992","50","66.10000000000001","191","300","661","722","194","61","16","107","10","9700","2841","821","5641","397","123","6462","19.4","0","50","1000","1997","3.994","72","5.0690886419217","0","42.4","3.606060606060606","10","700","194"
"586","BA","1000","2","0.1","30","0.1","0.5","1","platform","targeted","70","5","95","95","19.419245125335564","87.02613944835439","87.02613944835439","fixed","1","1","50","2365","16","50","22625938","v2.0-design-v1.0","35.099999999999994","18.6","16.499999999999993","78.0349932705249","true","45.25200000000001","30.423999999999996","50","64.9","186","300","649","719","194","70","12","104","8","9700","2899","816","5581","404","116","6397","19.4","0","50","1000","1997","3.994","90","5.444042762653645","0","44.4","3.585858585858586","10","700","194"
"587","BA","1000","2","0.1","30","0.1","0.5","1","platform","targeted","70","5","95","95","19.419245125335564","87.02613944835439","87.02613944835439","fixed","1","1","50","2365","17","50","22625939","v2.0-design-v1.0","32","19.3","12.7","77.62333060779504","true","43.69200000000001","28.353999999999996","50","68","193","300","680","743","194","63","9","115","7","9700","2848","821","5614","417","124","6435","19.4","0","50","1000","1997","3.994","102","5.687733671183473","0","47.7","3.5525252525252524","10","700","194"
"588","BA","1000","2","0.1","30","0.1","0.5","1","platform","targeted","70","5","95","95","19.419245125335564","87.02613944835439","87.02613944835439","fixed","1","1","50","2365","18","50","22625940","v2.0-design-v1.0","30.400000000000006","18.8","11.600000000000005","78.25027085590466","true","43.34800000000002","28.291999999999994","50","69.6","188","300","696","763","194","67","13","105","9","9700","2889","803","5539","469","118","6342","19.4","0","50","1000","1997","3.994","71","5.170367172328927","0","45.2","3.577777777777778","10","700","194"
"589","BA","1000","2","0.1","30","0.1","0.5","1","platform","targeted","70","5","95","95","19.419245125335564","87.02613944835439","87.02613944835439","fixed","1","1","50","2365","19","50","22625941","v2.0-design-v1.0","31.39999999999999","19.2","12.199999999999992","77.1801140994295","true","45.07799999999998","29.359999999999992","50","68.60000000000001","192","300","686","750","194","64","20","99","11","9700","2841","840","5608","411","119","6448","19.4","0","50","1000","1997","3.994","125","6.037086251695495","0","48.5","3.5444444444444443","10","700","194"
"590","BA","1000","2","0.1","30","0.1","0.5","1","platform","targeted","70","5","95","95","19.419245125335564","87.02613944835439","87.02613944835439","fixed","1","1","50","2365","20","50","22625942","v2.0-design-v1.0","33.5","21.4","12.100000000000001","78.575225943647","true","47.825999999999986","31.427999999999987","50","66.5","214","300","665","726","194","61","16","105","12","9700","2956","806","5534","404","121","6340","19.4","0","50","1000","1997","3.994","79","4.8105202530604725","0","38.4","3.6464646464646466","10","700","194"
"592","BA","1000","2","0.1","30","0.1","0.5","1","platform","targeted","70","5","95","95","19.419245125335564","87.02613944835439","87.02613944835439","fixed","1","1","50","2365","22","50","22625944","v2.0-design-v1.0","33.89999999999999","19.7","14.199999999999992","78.60005343307508","true","46.90999999999999","31.35800000000001","50","66.10000000000001","197","300","661","730","194","69","7","106","12","9700","2942","801","5550","407","113","6351","19.4","0","50","1000","1997","3.994","89","5.6126166326826","0","47.1","3.5585858585858587","10","700","194"
"591","BA","1000","2","0.1","30","0.1","0.5","1","platform","targeted","70","5","95","95","19.419245125335564","87.02613944835439","87.02613944835439","fixed","1","1","50","2365","21","50","22625943","v2.0-design-v1.0","32.5","18.7","13.8","77.04782847718526","true","45.492","30.085999999999995","50","67.5","187","300","675","743","194","68","18","101","7","9700","2803","835","5652","410","119","6487","19.4","0","50","1000","1997","3.994","101","5.905153243975562","0","49.7","3.5323232323232325","10","700","194"
"594","BA","1000","2","0.1","30","0.1","0.5","1","platform","targeted","70","5","95","95","19.419245125335564","87.02613944835439","87.02613944835439","fixed","1","1","50","2365","24","50","22625946","v2.0-design-v1.0","34.3","19.5","14.799999999999997","78.69333333333334","true","46.38400000000001","31.703999999999997","50","65.7","195","300","657","718","194","61","12","108","13","9700","2951","799","5508","442","120","6307","19.4","0","50","1000","1997","3.994","68","5.144748043629766","0","43.8","3.591919191919192","10","700","194"
"593","BA","1000","2","0.1","30","0.1","0.5","1","platform","targeted","70","5","95","95","19.419245125335564","87.02613944835439","87.02613944835439","fixed","1","1","50","2365","23","50","22625945","v2.0-design-v1.0","33.39999999999999","20.1","13.29999999999999","78.17312798725438","true","44.443999999999996","28.776000000000003","50","66.60000000000001","201","300","666","733","194","67","21","105","1","9700","2944","822","5515","419","126","6337","19.4","0","50","1000","1997","3.994","68","5.094891747811905","0","42.3","3.607070707070707","10","700","194"
"595","BA","1000","2","0.1","30","0.1","0.5","1","platform","targeted","70","5","95","95","19.419245125335564","87.02613944835439","87.02613944835439","fixed","1","1","50","2365","25","50","22625947","v2.0-design-v1.0","34.39999999999999","18.9","15.499999999999993","76.8942436412316","true","45.391999999999996","29.953999999999997","50","65.60000000000001","189","300","656","706","194","50","15","119","10","9700","2872","863","5563","402","134","6426","19.4","0","50","1000","1997","3.994","91","5.503476378822039","0","43.9","3.590909090909091","10","700","194"
"596","BA","1000","2","0.1","30","0.1","0.5","1","platform","targeted","70","5","95","95","19.419245125335564","87.02613944835439","87.02613944835439","fixed","1","1","50","2365","26","50","22625948","v2.0-design-v1.0","34.099999999999994","20","14.099999999999994","78.04878048780488","true","45.722","29.977999999999994","50","65.9","200","300","659","726","194","67","12","104","11","9700","2944","828","5444","484","116","6272","19.4","0","50","1000","1997","3.994","64","4.8096878378016354","0","40.3","3.6272727272727274","10","700","194"
"598","BA","1000","2","0.1","30","0.1","0.5","1","platform","targeted","70","5","95","95","19.419245125335564","87.02613944835439","87.02613944835439","fixed","1","1","50","2365","28","50","22625950","v2.0-design-v1.0","31.10000000000001","19.7","11.40000000000001","78.81400208986416","true","43.738","27.676","50","68.89999999999999","197","300","689","753","194","64","15","96","19","9700","3017","811","5409","463","111","6220","19.4","0","50","1000","1997","3.994","118","5.842096720706891","0","45.3","3.576767676767677","10","700","194"
"597","BA","1000","2","0.1","30","0.1","0.5","1","platform","targeted","70","5","95","95","19.419245125335564","87.02613944835439","87.02613944835439","fixed","1","1","50","2365","27","50","22625949","v2.0-design-v1.0","32.3","19.8","12.499999999999996","79.35329976146302","true","46.418","31.088000000000008","50","67.7","198","300","677","747","194","70","11","98","15","9700","2994","779","5471","456","109","6250","19.4","0","50","1000","1997","3.994","60","4.802189607358805","0","39.2","3.6383838383838385","10","700","194"
"599","BA","1000","2","0.1","30","0.1","0.5","1","platform","targeted","70","5","95","95","19.419245125335564","87.02613944835439","87.02613944835439","fixed","1","1","50","2365","29","50","22625951","v2.0-design-v1.0","35.8","19","16.799999999999997","78.19853935623479","true","47.536","31.956000000000007","50","64.2","190","300","642","716","194","74","17","99","4","9700","2891","806","5602","401","116","6408","19.4","0","50","1000","1997","3.994","79","5.035804138697538","0","41","3.6202020202020204","10","700","194"
"600","BA","1000","2","0.1","30","0.1","0.5","1","platform","targeted","70","5","95","95","19.419245125335564","87.02613944835439","87.02613944835439","fixed","1","1","50","2365","30","50","22625952","v2.0-design-v1.0","32.39999999999999","18.3","14.09999999999999","78.45780533836614","true","45.97599999999999","31.613999999999983","50","67.60000000000001","183","300","676","742","194","66","14","97","17","9700","2910","799","5557","434","111","6356","19.4","0","50","1000","1997","3.994","69","5.101763615848141","0","41.9","3.611111111111111","10","700","194"
"601","BA","1000","2","0.1","30","0.1","0.5","1","platform","targeted","70","5","95","95","89.24042253818841","76.65737260689382","76.65737260689382","fixed","1","1","50","2366","1","50","22626923","v2.0-design-v1.0","100","99.9","0.09999999999999432","4.265799256505576","true","99.60799999999999","8.542000000000007","50","0","999","300","0","0","892","0","209","683","0","44600","459","10301","33702","138","892","44003","89.2","0","50","1000","1997","3.994","129","5.600118331368114","0","40.2","3.628282828282828","10","700","892"
"602","BA","1000","2","0.1","30","0.1","0.5","1","platform","targeted","70","5","95","95","89.24042253818841","76.65737260689382","76.65737260689382","fixed","1","1","50","2366","2","50","22626924","v2.0-design-v1.0","100","100","0","4.350649350649351","true","99.604","8.820000000000002","50","0","1000","300","0","0","892","0","224","668","0","44600","469","10311","33687","133","892","43998","89.2","0","50","1000","1997","3.994","74","4.978026189640295","0","39.4","3.6363636363636362","10","700","892"
"603","BA","1000","2","0.1","30","0.1","0.5","1","platform","targeted","70","5","95","95","89.24042253818841","76.65737260689382","76.65737260689382","fixed","1","1","50","2366","3","50","22626925","v2.0-design-v1.0","100","100","0","4.519355436191887","true","99.53399999999999","8.020000000000003","50","0","1000","300","0","0","892","0","218","674","0","44600","488","10310","33648","154","892","43958","89.2","0","50","1000","1997","3.994","75","5.40991970654197","0","47.3","3.5565656565656565","10","700","892"
"604","BA","1000","2","0.1","30","0.1","0.5","1","platform","targeted","70","5","95","95","89.24042253818841","76.65737260689382","76.65737260689382","fixed","1","1","50","2366","4","50","22626926","v2.0-design-v1.0","100","100","0","4.219642528100239","true","99.666","8.674000000000001","50","0","1000","300","0","0","892","0","212","680","0","44600","458","10396","33634","112","892","44030","89.2","0","50","1000","1997","3.994","63","4.955857597280661","0","43.2","3.597979797979798","10","700","892"
"605","BA","1000","2","0.1","30","0.1","0.5","1","platform","targeted","70","5","95","95","89.24042253818841","76.65737260689382","76.65737260689382","fixed","1","1","50","2366","5","50","22626927","v2.0-design-v1.0","100","100","0","4.790528233151184","true","99.53399999999999","8.435999999999996","50","0","1000","300","0","0","892","0","202","690","0","44600","526","10454","33461","159","892","43915","89.2","0","50","1000","1997","3.994","87","5.266849504561869","0","44.5","3.584848484848485","10","700","892"
"606","BA","1000","2","0.1","30","0.1","0.5","1","platform","targeted","70","5","95","95","89.24042253818841","76.65737260689382","76.65737260689382","fixed","1","1","50","2366","6","50","22626928","v2.0-design-v1.0","100","100","0","4.455724760293289","true","99.536","8.471999999999998","50","0","1000","300","0","0","892","0","221","671","0","44600","474","10164","33817","145","892","43981","89.2","0","50","1000","1997","3.994","80","5.500929396404225","0","48.2","3.5474747474747477","10","700","892"
"607","BA","1000","2","0.1","30","0.1","0.5","1","platform","targeted","70","5","95","95","89.24042253818841","76.65737260689382","76.65737260689382","fixed","1","1","50","2366","7","50","22626929","v2.0-design-v1.0","100","100","0","4.3286798463412355","true","99.56200000000001","8.423999999999996","50","0","1000","300","0","0","892","0","210","682","0","44600","462","10211","33789","138","892","44000","89.2","0","50","1000","1997","3.994","86","5.9579746106761675","0","52.3","3.506060606060606","10","700","892"
"608","BA","1000","2","0.1","30","0.1","0.5","1","platform","targeted","70","5","95","95","89.24042253818841","76.65737260689382","76.65737260689382","fixed","1","1","50","2366","8","50","22626930","v2.0-design-v1.0","100","100","0","4.24163326186259","true","99.53","8.974","50","0","1000","300","0","0","892","0","211","681","0","44600","455","10272","33717","156","892","43989","89.2","0","50","1000","1997","3.994","89","5.312832595724251","0","43.8","3.591919191919192","10","700","892"
"610","BA","1000","2","0.1","30","0.1","0.5","1","platform","targeted","70","5","95","95","89.24042253818841","76.65737260689382","76.65737260689382","fixed","1","1","50","2366","10","50","22626932","v2.0-design-v1.0","100","100","0","4.02872330504523","true","99.634","8.46","50","0","1000","300","0","0","892","0","205","687","0","44600","432","10291","33766","111","892","44057","89.2","0","50","1000","1997","3.994","81","5.180424770306069","0","43","3.6","10","700","892"
"609","BA","1000","2","0.1","30","0.1","0.5","1","platform","targeted","70","5","95","95","89.24042253818841","76.65737260689382","76.65737260689382","fixed","1","1","50","2366","9","50","22626931","v2.0-design-v1.0","100","100","0","4.896005889931898","true","99.52600000000001","8.742000000000004","50","0","1000","300","0","0","892","0","198","694","0","44600","532","10334","33575","159","892","43909","89.2","0","50","1000","1997","3.994","109","5.5447911330102055","0","44.2","3.587878787878788","10","700","892"
"612","BA","1000","2","0.1","30","0.1","0.5","1","platform","targeted","70","5","95","95","89.24042253818841","76.65737260689382","76.65737260689382","fixed","1","1","50","2366","12","50","22626934","v2.0-design-v1.0","100","100","0","3.965872867054191","true","99.662","8.88","50","0","1000","300","0","0","892","0","230","662","0","44600","423","10243","33821","113","892","44064","89.2","0","50","1000","1997","3.994","85","5.215857472091149","0","44","3.5898989898989897","10","700","892"
"611","BA","1000","2","0.1","30","0.1","0.5","1","platform","targeted","70","5","95","95","89.24042253818841","76.65737260689382","76.65737260689382","fixed","1","1","50","2366","11","50","22626933","v2.0-design-v1.0","100","100","0","4.62962962962963","true","99.53399999999999","9.134","50","0","1000","300","0","0","892","0","209","683","0","44600","500","10300","33641","159","892","43941","89.2","0","50","1000","1997","3.994","133","6.2929774801413325","0","49.1","3.5383838383838384","10","700","892"
"613","BA","1000","2","0.1","30","0.1","0.5","1","platform","targeted","70","5","95","95","89.24042253818841","76.65737260689382","76.65737260689382","fixed","1","1","50","2366","13","50","22626935","v2.0-design-v1.0","100","100","0","4.632558139534884","true","99.572","8.772","50","0","1000","300","0","0","892","0","217","675","0","44600","498","10252","33721","129","892","43973","89.2","0","50","1000","1997","3.994","91","5.303026125344468","0","42.1","3.609090909090909","10","700","892"
"614","BA","1000","2","0.1","30","0.1","0.5","1","platform","targeted","70","5","95","95","89.24042253818841","76.65737260689382","76.65737260689382","fixed","1","1","50","2366","14","50","22626936","v2.0-design-v1.0","100","100","0","4.605993340732519","true","99.59","8.952","50","0","1000","300","0","0","892","0","211","681","0","44600","498","10314","33650","138","892","43964","89.2","0","50","1000","1997","3.994","93","5.123496288103867","0","40","3.6303030303030304","10","700","892"
"615","BA","1000","2","0.1","30","0.1","0.5","1","platform","targeted","70","5","95","95","89.24042253818841","76.65737260689382","76.65737260689382","fixed","1","1","50","2366","15","50","22626937","v2.0-design-v1.0","100","100","0","4.4421775016229255","true","99.572","8.560000000000004","50","0","1000","300","0","0","892","0","210","682","0","44600","479","10304","33678","139","892","43982","89.2","0","50","1000","1997","3.994","84","5.499291427648304","0","46.4","3.5656565656565657","10","700","892"
"616","BA","1000","2","0.1","30","0.1","0.5","1","platform","targeted","70","5","95","95","89.24042253818841","76.65737260689382","76.65737260689382","fixed","1","1","50","2366","16","50","22626938","v2.0-design-v1.0","100","100","0","4.39201790376725","true","99.586","8.713999999999999","50","0","1000","300","0","0","892","0","209","683","0","44600","471","10253","33721","155","892","43974","89.2","0","50","1000","1997","3.994","105","5.70688466087518","0","46.1","3.5686868686868687","10","700","892"
"617","BA","1000","2","0.1","30","0.1","0.5","1","platform","targeted","70","5","95","95","89.24042253818841","76.65737260689382","76.65737260689382","fixed","1","1","50","2366","17","50","22626939","v2.0-design-v1.0","100","100","0","4.353500512724899","true","99.59200000000001","8.494000000000002","50","0","1000","300","0","0","892","0","221","671","0","44600","467","10260","33735","138","892","43995","89.2","0","50","1000","1997","3.994","71","5.2619057053173774","0","43.5","3.594949494949495","10","700","892"
"618","BA","1000","2","0.1","30","0.1","0.5","1","platform","targeted","70","5","95","95","89.24042253818841","76.65737260689382","76.65737260689382","fixed","1","1","50","2366","18","50","22626940","v2.0-design-v1.0","100","100","0","4.648335203890759","true","99.57600000000001","8.855999999999998","50","0","1000","300","0","0","892","0","214","678","0","44600","497","10195","33764","144","892","43959","89.2","0","50","1000","1997","3.994","97","5.00629873529606","0","37.4","3.6565656565656566","10","700","892"
"619","BA","1000","2","0.1","30","0.1","0.5","1","platform","targeted","70","5","95","95","89.24042253818841","76.65737260689382","76.65737260689382","fixed","1","1","50","2366","19","50","22626941","v2.0-design-v1.0","100","100","0","4.09652076318743","true","99.59200000000001","8.511999999999999","50","0","1000","300","0","0","892","0","210","682","0","44600","438","10254","33772","136","892","44026","89.2","0","50","1000","1997","3.994","89","5.369058650339992","0","45","3.5797979797979798","10","700","892"
"620","BA","1000","2","0.1","30","0.1","0.5","1","platform","targeted","70","5","95","95","89.24042253818841","76.65737260689382","76.65737260689382","fixed","1","1","50","2366","20","50","22626942","v2.0-design-v1.0","100","99.9","0.09999999999999432","4.262510562388508","true","99.64399999999999","8.582000000000003","50","0","999","300","0","0","892","0","223","669","0","44600","454","10197","33841","108","892","44038","89.2","0","50","1000","1997","3.994","99","5.378930832135396","0","43.9","3.590909090909091","10","700","892"
"622","BA","1000","2","0.1","30","0.1","0.5","1","platform","targeted","70","5","95","95","89.24042253818841","76.65737260689382","76.65737260689382","fixed","1","1","50","2366","22","50","22626944","v2.0-design-v1.0","100","100","0","5.163144234334446","true","99.446","8.812000000000003","50","0","1000","300","0","0","892","0","196","696","0","44600","557","10231","33628","184","892","43859","89.2","0","50","1000","1997","3.994","101","5.4583658504865395","0","45.1","3.5787878787878786","10","700","892"
"621","BA","1000","2","0.1","30","0.1","0.5","1","platform","targeted","70","5","95","95","89.24042253818841","76.65737260689382","76.65737260689382","fixed","1","1","50","2366","21","50","22626943","v2.0-design-v1.0","100","99.9","0.09999999999999432","4.193398419339841","true","99.58","8.628000000000007","50","0","999","300","0","0","892","0","191","701","0","44600","451","10304","33711","134","892","44015","89.2","0","50","1000","1997","3.994","62","4.76914129678589","0","39.3","3.6373737373737374","10","700","892"
"623","BA","1000","2","0.1","30","0.1","0.5","1","platform","targeted","70","5","95","95","89.24042253818841","76.65737260689382","76.65737260689382","fixed","1","1","50","2366","23","50","22626945","v2.0-design-v1.0","100","100","0","4.441327723235157","true","99.554","8.851999999999997","50","0","1000","300","0","0","892","0","217","675","0","44600","475","10220","33759","146","892","43979","89.2","0","50","1000","1997","3.994","74","5.347200815057957","0","46.1","3.5686868686868687","10","700","892"
"624","BA","1000","2","0.1","30","0.1","0.5","1","platform","targeted","70","5","95","95","89.24042253818841","76.65737260689382","76.65737260689382","fixed","1","1","50","2366","24","50","22626946","v2.0-design-v1.0","100","100","0","4.830469112865768","true","99.508","9.026","50","0","1000","300","0","0","892","0","209","683","0","44600","520","10245","33660","175","892","43905","89.2","0","50","1000","1997","3.994","84","5.4051067685272525","0","46.1","3.5686868686868687","10","700","892"
"625","BA","1000","2","0.1","30","0.1","0.5","1","platform","targeted","70","5","95","95","89.24042253818841","76.65737260689382","76.65737260689382","fixed","1","1","50","2366","25","50","22626947","v2.0-design-v1.0","100","100","0","4.335716275183363","true","99.64","8.618000000000002","50","0","1000","300","0","0","892","0","215","677","0","44600","467","10304","33700","129","892","44004","89.2","0","50","1000","1997","3.994","66","5.016485734967164","0","40.9","3.621212121212121","10","700","892"
"626","BA","1000","2","0.1","30","0.1","0.5","1","platform","targeted","70","5","95","95","89.24042253818841","76.65737260689382","76.65737260689382","fixed","1","1","50","2366","26","50","22626948","v2.0-design-v1.0","100","99.9","0.09999999999999432","4.684618222058281","true","99.48","8.706000000000008","50","0","999","300","0","0","892","0","209","683","0","44600","508","10336","33574","182","892","43910","89.2","0","50","1000","1997","3.994","96","5.797376438836239","0","48.7","3.5424242424242425","10","700","892"
"628","BA","1000","2","0.1","30","0.1","0.5","1","platform","targeted","70","5","95","95","89.24042253818841","76.65737260689382","76.65737260689382","fixed","1","1","50","2366","28","50","22626950","v2.0-design-v1.0","100","100","0","4.429143016655811","true","99.568","8.598000000000003","50","0","1000","300","0","0","892","0","209","683","0","44600","476","10271","33703","150","892","43974","89.2","0","50","1000","1997","3.994","104","5.780084201235594","0","48","3.5494949494949495","10","700","892"
"627","BA","1000","2","0.1","30","0.1","0.5","1","platform","targeted","70","5","95","95","89.24042253818841","76.65737260689382","76.65737260689382","fixed","1","1","50","2366","27","50","22626949","v2.0-design-v1.0","100","99.9","0.09999999999999432","4.202385389489378","true","99.602","7.9660000000000055","50","0","999","300","0","0","892","0","198","694","0","44600","451","10281","33726","142","892","44007","89.2","0","50","1000","1997","3.994","96","5.6424996058308885","0","48.5","3.5444444444444443","10","700","892"
"630","BA","1000","2","0.1","30","0.1","0.5","1","platform","targeted","70","5","95","95","89.24042253818841","76.65737260689382","76.65737260689382","fixed","1","1","50","2366","30","50","22626952","v2.0-design-v1.0","100","100","0","4.298074239464136","true","99.57600000000001","8.693999999999999","50","0","1000","300","0","0","892","0","229","663","0","44600","462","10287","33712","139","892","43999","89.2","0","50","1000","1997","3.994","90","5.564434106620981","0","48.8","3.5414141414141413","10","700","892"
"629","BA","1000","2","0.1","30","0.1","0.5","1","platform","targeted","70","5","95","95","89.24042253818841","76.65737260689382","76.65737260689382","fixed","1","1","50","2366","29","50","22626951","v2.0-design-v1.0","100","100","0","4.156206415620642","true","99.492","8.514000000000001","50","0","1000","300","0","0","892","0","214","678","0","44600","447","10308","33682","163","892","43990","89.2","0","50","1000","1997","3.994","73","5.274066721210464","0","43.6","3.5939393939393938","10","700","892"
"631","BA","1000","2","0.1","30","0.1","0.5","1","platform","targeted","70","5","95","95","24.71825564197335","70.11846849309842","70.11846849309842","fixed","1","1","50","2367","1","50","22627923","v2.0-design-v1.0","32.3","29.5","2.799999999999997","60.67850237300053","true","45.28","19.001999999999992","50","67.7","295","300","677","764","247","87","44","90","26","12350","3452","2237","5155","1506","134","7392","24.7","0","50","1000","1997","3.994","97","5.2018288152363255","0","41.2","3.618181818181818","10","700","247"
"632","BA","1000","2","0.1","30","0.1","0.5","1","platform","targeted","70","5","95","95","24.71825564197335","70.11846849309842","70.11846849309842","fixed","1","1","50","2367","2","50","22627924","v2.0-design-v1.0","34.2","30.4","3.8000000000000043","59.84168865435356","true","45.09400000000001","18.909999999999993","50","65.8","304","300","658","745","247","87","40","98","22","12350","3402","2283","5210","1455","138","7493","24.7","0","50","1000","1997","3.994","79","5.01089543625418","0","42.7","3.603030303030303","10","700","247"
"633","BA","1000","2","0.1","30","0.1","0.5","1","platform","targeted","70","5","95","95","24.71825564197335","70.11846849309842","70.11846849309842","fixed","1","1","50","2367","3","50","22627925","v2.0-design-v1.0","31.5","30.599999999999998","0.9000000000000021","58.63296546813813","true","45.76799999999999","19.42","50","68.5","306","300","685","758","247","73","40","105","29","12350","3294","2324","5350","1382","145","7674","24.7","0","50","1000","1997","3.994","66","5.080135015112463","0","42.6","3.604040404040404","10","700","247"
"634","BA","1000","2","0.1","30","0.1","0.5","1","platform","targeted","70","5","95","95","24.71825564197335","70.11846849309842","70.11846849309842","fixed","1","1","50","2367","4","50","22627926","v2.0-design-v1.0","31.39999999999999","30","1.3999999999999915","59.34959349593496","true","45.438","19.029999999999994","50","68.60000000000001","300","300","686","755","247","69","39","101","38","12350","3285","2250","5397","1418","140","7647","24.7","0","50","1000","1997","3.994","95","5.480693569430964","0","43.1","3.598989898989899","10","700","247"
"636","BA","1000","2","0.1","30","0.1","0.5","1","platform","targeted","70","5","95","95","24.71825564197335","70.11846849309842","70.11846849309842","fixed","1","1","50","2367","6","50","22627928","v2.0-design-v1.0","31.200000000000003","28.9","2.3000000000000043","59.41616233535066","true","45.785999999999994","20.5","50","68.8","289","300","688","761","247","73","43","98","33","12350","3338","2280","5367","1365","141","7647","24.7","0","50","1000","1997","3.994","61","5.077572820329183","0","41.9","3.611111111111111","10","700","247"
"635","BA","1000","2","0.1","30","0.1","0.5","1","platform","targeted","70","5","95","95","24.71825564197335","70.11846849309842","70.11846849309842","fixed","1","1","50","2367","5","50","22627927","v2.0-design-v1.0","31.599999999999994","30.099999999999998","1.4999999999999964","60.38006453926138","true","45.576","19.689999999999994","50","68.4","301","300","684","764","247","80","37","91","39","12350","3368","2210","5329","1443","128","7539","24.7","0","50","1000","1997","3.994","79","4.948176274997523","0","39","3.6404040404040403","10","700","247"
"638","BA","1000","2","0.1","30","0.1","0.5","1","platform","targeted","70","5","95","95","24.71825564197335","70.11846849309842","70.11846849309842","fixed","1","1","50","2367","8","50","22627930","v2.0-design-v1.0","32.3","29.7","2.599999999999998","59.423384943940206","true","45.88999999999999","19.846","50","67.7","297","300","677","761","247","84","39","91","33","12350","3339","2280","5364","1367","130","7644","24.7","0","50","1000","1997","3.994","82","5.479049551152453","0","47","3.5595959595959594","10","700","247"
"637","BA","1000","2","0.1","30","0.1","0.5","1","platform","targeted","70","5","95","95","24.71825564197335","70.11846849309842","70.11846849309842","fixed","1","1","50","2367","7","50","22627929","v2.0-design-v1.0","32","29.799999999999997","2.200000000000003","60.244811069717926","true","44.86400000000001","18.3","50","68","298","300","680","760","247","80","41","99","27","12350","3396","2241","5229","1484","140","7470","24.7","0","50","1000","1997","3.994","74","5.068496192526294","0","43.4","3.595959595959596","10","700","247"
"640","BA","1000","2","0.1","30","0.1","0.5","1","platform","targeted","70","5","95","95","24.71825564197335","70.11846849309842","70.11846849309842","fixed","1","1","50","2367","10","50","22627932","v2.0-design-v1.0","32.3","28.7","3.599999999999998","59.30295879469958","true","46.617999999999995","21.138","50","67.7","287","300","677","763","247","86","49","82","30","12350","3267","2242","5444","1397","131","7686","24.7","0","50","1000","1997","3.994","70","5.362529321199151","0","46.9","3.5606060606060606","10","700","247"
"639","BA","1000","2","0.1","30","0.1","0.5","1","platform","targeted","70","5","95","95","24.71825564197335","70.11846849309842","70.11846849309842","fixed","1","1","50","2367","9","50","22627931","v2.0-design-v1.0","31","27.700000000000003","3.299999999999997","60.835831423029454","true","43.42000000000001","18.663999999999998","50","69","277","300","690","776","247","86","40","98","23","12350","3450","2221","5167","1512","138","7388","24.7","0","50","1000","1997","3.994","63","5.219119006422738","0","43.7","3.592929292929293","10","700","247"
"642","BA","1000","2","0.1","30","0.1","0.5","1","platform","targeted","70","5","95","95","24.71825564197335","70.11846849309842","70.11846849309842","fixed","1","1","50","2367","12","50","22627934","v2.0-design-v1.0","32.89999999999999","30.2","2.699999999999992","59.822695035460995","true","45.63400000000001","19.505999999999997","50","67.10000000000001","302","300","671","740","247","69","22","120","36","12350","3374","2266","5285","1425","142","7551","24.7","0","50","1000","1997","3.994","102","5.302837361647445","0","42","3.61010101010101","10","700","247"
"641","BA","1000","2","0.1","30","0.1","0.5","1","platform","targeted","70","5","95","95","24.71825564197335","70.11846849309842","70.11846849309842","fixed","1","1","50","2367","11","50","22627933","v2.0-design-v1.0","32","29.099999999999998","2.900000000000002","59.7713663581927","true","46.024000000000015","20.516000000000005","50","68","291","300","680","763","247","83","40","85","39","12350","3294","2217","5488","1351","125","7705","24.7","0","50","1000","1997","3.994","56","4.887110378111767","0","42","3.61010101010101","10","700","247"
"643","BA","1000","2","0.1","30","0.1","0.5","1","platform","targeted","70","5","95","95","24.71825564197335","70.11846849309842","70.11846849309842","fixed","1","1","50","2367","13","50","22627935","v2.0-design-v1.0","32.39999999999999","30.8","1.5999999999999908","59.665787159190856","true","46.077999999999996","19.451999999999995","50","67.60000000000001","308","300","676","753","247","77","53","90","27","12350","3392","2293","5232","1433","143","7525","24.7","0","50","1000","1997","3.994","102","5.334643607816963","0","43.1","3.598989898989899","10","700","247"
"644","BA","1000","2","0.1","30","0.1","0.5","1","platform","targeted","70","5","95","95","24.71825564197335","70.11846849309842","70.11846849309842","fixed","1","1","50","2367","14","50","22627936","v2.0-design-v1.0","32.599999999999994","30.3","2.2999999999999936","59.043215365463276","true","45.088","18.714000000000002","50","67.4","303","300","674","744","247","70","40","104","33","12350","3320","2303","5330","1397","144","7633","24.7","0","50","1000","1997","3.994","86","5.570906479110822","0","46.7","3.562626262626263","10","700","247"
"645","BA","1000","2","0.1","30","0.1","0.5","1","platform","targeted","70","5","95","95","24.71825564197335","70.11846849309842","70.11846849309842","fixed","1","1","50","2367","15","50","22627937","v2.0-design-v1.0","31.69999999999999","30.3","1.399999999999988","59.451711162874034","true","45.71200000000001","19.308000000000003","50","68.30000000000001","303","300","683","760","247","77","43","99","28","12350","3318","2263","5288","1481","142","7551","24.7","0","50","1000","1997","3.994","96","5.350195191634461","0","45.3","3.576767676767677","10","700","247"
"646","BA","1000","2","0.1","30","0.1","0.5","1","platform","targeted","70","5","95","95","24.71825564197335","70.11846849309842","70.11846849309842","fixed","1","1","50","2367","16","50","22627938","v2.0-design-v1.0","31.799999999999997","31.6","0.19999999999999574","59.201419698314105","true","44.92","17.896","50","68.2","316","300","682","751","247","69","43","90","45","12350","3336","2299","5301","1414","133","7600","24.7","0","50","1000","1997","3.994","111","5.800828700592153","0","47","3.5595959595959594","10","700","247"
"648","BA","1000","2","0.1","30","0.1","0.5","1","platform","targeted","70","5","95","95","24.71825564197335","70.11846849309842","70.11846849309842","fixed","1","1","50","2367","18","50","22627940","v2.0-design-v1.0","34","31","3","59.87466427931961","true","46.64800000000002","20.672000000000004","50","66","310","300","660","743","247","83","45","93","26","12350","3344","2241","5354","1411","138","7595","24.7","0","50","1000","1997","3.994","88","5.42230258887913","0","44.6","3.583838383838384","10","700","247"
"647","BA","1000","2","0.1","30","0.1","0.5","1","platform","targeted","70","5","95","95","24.71825564197335","70.11846849309842","70.11846849309842","fixed","1","1","50","2367","17","50","22627939","v2.0-design-v1.0","31.39999999999999","28.799999999999997","2.5999999999999943","58.76233183856502","true","45.716","19.912","50","68.60000000000001","288","300","686","749","247","63","52","100","32","12350","3276","2299","5389","1386","152","7688","24.7","0","50","1000","1997","3.994","89","5.495467601957457","0","45.2","3.577777777777778","10","700","247"
"650","BA","1000","2","0.1","30","0.1","0.5","1","platform","targeted","70","5","95","95","24.71825564197335","70.11846849309842","70.11846849309842","fixed","1","1","50","2367","20","50","22627942","v2.0-design-v1.0","32.599999999999994","30","2.5999999999999943","58.754512635379065","true","47.615999999999985","21.84399999999999","50","67.4","300","300","674","752","247","78","35","92","42","12350","3255","2285","5407","1403","127","7692","24.7","0","50","1000","1997","3.994","92","5.023863374257214","0","39.6","3.6343434343434344","10","700","247"
"649","BA","1000","2","0.1","30","0.1","0.5","1","platform","targeted","70","5","95","95","24.71825564197335","70.11846849309842","70.11846849309842","fixed","1","1","50","2367","19","50","22627941","v2.0-design-v1.0","31.89999999999999","28.599999999999998","3.2999999999999936","59.296930763740185","true","44.996","19.57799999999999","50","68.10000000000001","286","300","681","771","247","90","38","85","34","12350","3323","2281","5327","1419","123","7608","24.7","0","50","1000","1997","3.994","76","5.282221678978057","0","43.4","3.595959595959596","10","700","247"
"652","BA","1000","2","0.1","30","0.1","0.5","1","platform","targeted","70","5","95","95","24.71825564197335","70.11846849309842","70.11846849309842","fixed","1","1","50","2367","22","50","22627944","v2.0-design-v1.0","33.599999999999994","29.099999999999998","4.4999999999999964","57.43231127846512","true","48.07200000000001","22.58999999999999","50","66.4","291","300","664","734","247","70","42","105","30","12350","3203","2374","5466","1307","147","7840","24.7","0","50","1000","1997","3.994","100","5.46771065985205","0","44.9","3.580808080808081","10","700","247"
"651","BA","1000","2","0.1","30","0.1","0.5","1","platform","targeted","70","5","95","95","24.71825564197335","70.11846849309842","70.11846849309842","fixed","1","1","50","2367","21","50","22627943","v2.0-design-v1.0","34.5","29.7","4.800000000000001","58.98675259577515","true","47.84600000000001","22.086","50","65.5","297","300","655","738","247","83","29","108","27","12350","3295","2291","5454","1310","137","7745","24.7","0","50","1000","1997","3.994","60","4.8881343944144735","0","39.1","3.639393939393939","10","700","247"
"654","BA","1000","2","0.1","30","0.1","0.5","1","platform","targeted","70","5","95","95","24.71825564197335","70.11846849309842","70.11846849309842","fixed","1","1","50","2367","24","50","22627946","v2.0-design-v1.0","29.60000000000001","29.5","0.10000000000000853","59.640465280225584","true","45.07999999999999","19.517999999999997","50","70.39999999999999","295","300","704","785","247","81","35","98","33","12350","3384","2290","5124","1552","133","7414","24.7","0","50","1000","1997","3.994","90","5.482702255642185","0","46.2","3.5676767676767676","10","700","247"
"653","BA","1000","2","0.1","30","0.1","0.5","1","platform","targeted","70","5","95","95","24.71825564197335","70.11846849309842","70.11846849309842","fixed","1","1","50","2367","23","50","22627945","v2.0-design-v1.0","31.799999999999997","29.4","2.3999999999999986","59.75039001560063","true","45.302","19.933999999999997","50","68.2","294","300","682","759","247","77","46","94","30","12350","3447","2322","5126","1455","140","7448","24.7","0","50","1000","1997","3.994","78","4.886291010555936","0","39.2","3.6383838383838385","10","700","247"
"655","BA","1000","2","0.1","30","0.1","0.5","1","platform","targeted","70","5","95","95","24.71825564197335","70.11846849309842","70.11846849309842","fixed","1","1","50","2367","25","50","22627947","v2.0-design-v1.0","35.5","30.2","5.300000000000001","58.162355040142735","true","48.656000000000006","22.364000000000015","50","64.5","302","300","645","727","247","82","31","110","24","12350","3260","2345","5417","1328","141","7762","24.7","0","50","1000","1997","3.994","70","4.859586358897176","0","39","3.6404040404040403","10","700","247"
"656","BA","1000","2","0.1","30","0.1","0.5","1","platform","targeted","70","5","95","95","24.71825564197335","70.11846849309842","70.11846849309842","fixed","1","1","50","2367","26","50","22627948","v2.0-design-v1.0","34.3","30.4","3.8999999999999986","59.19886565047855","true","46.97599999999999","20.406000000000002","50","65.7","304","300","657","732","247","75","49","92","31","12350","3340","2302","5382","1326","141","7684","24.7","0","50","1000","1997","3.994","78","5.226785176691616","0","43.2","3.597979797979798","10","700","247"
"658","BA","1000","2","0.1","30","0.1","0.5","1","platform","targeted","70","5","95","95","24.71825564197335","70.11846849309842","70.11846849309842","fixed","1","1","50","2367","28","50","22627950","v2.0-design-v1.0","35.099999999999994","30.4","4.699999999999996","57.70338372930166","true","48.744","22.28","50","64.9","304","300","649","734","247","85","34","101","27","12350","3206","2350","5446","1348","135","7796","24.7","0","50","1000","1997","3.994","57","4.953837351438218","0","42.1","3.609090909090909","10","700","247"
"657","BA","1000","2","0.1","30","0.1","0.5","1","platform","targeted","70","5","95","95","24.71825564197335","70.11846849309842","70.11846849309842","fixed","1","1","50","2367","27","50","22627949","v2.0-design-v1.0","31.5","29.7","1.8000000000000007","59.20014347202296","true","45.727999999999994","19.951999999999998","50","68.5","297","300","685","769","247","84","38","95","30","12350","3301","2275","5333","1441","133","7608","24.7","0","50","1000","1997","3.994","80","5.171528662659484","0","41.6","3.614141414141414","10","700","247"
"660","BA","1000","2","0.1","30","0.1","0.5","1","platform","targeted","70","5","95","95","24.71825564197335","70.11846849309842","70.11846849309842","fixed","1","1","50","2367","30","50","22627952","v2.0-design-v1.0","32","30.2","1.8000000000000007","60.3963963963964","true","47.734000000000016","21.406","50","68","302","300","680","750","247","70","51","87","39","12350","3352","2198","5318","1482","138","7516","24.7","0","50","1000","1997","3.994","58","4.806981492690712","0","39.7","3.6333333333333333","10","700","247"
"659","BA","1000","2","0.1","30","0.1","0.5","1","platform","targeted","70","5","95","95","24.71825564197335","70.11846849309842","70.11846849309842","fixed","1","1","50","2367","29","50","22627951","v2.0-design-v1.0","30.900000000000006","28.9","2.000000000000007","61.520696393675614","true","44.47400000000002","19.428","50","69.1","289","300","691","775","247","84","40","82","41","12350","3463","2166","5238","1483","122","7404","24.7","0","50","1000","1997","3.994","79","4.746629803818113","0","38.1","3.6494949494949496","10","700","247"
"661","BA","1000","2","0.1","30","0.1","0.5","1","platform","targeted","70","5","95","95","92.01380159761048","62.76657849904553","62.76657849904553","fixed","1","1","50","2368","1","50","22628923","v2.0-design-v1.0","100","100","0","4.705274043433299","true","98.77","4.648","50","0","1000","300","0","0","920","0","328","592","0","46000","819","16587","28071","523","920","44658","92","0","50","1000","1997","3.994","109","5.795649536812374","0","46.3","3.566666666666667","10","700","920"
"662","BA","1000","2","0.1","30","0.1","0.5","1","platform","targeted","70","5","95","95","92.01380159761048","62.76657849904553","62.76657849904553","fixed","1","1","50","2368","2","50","22628924","v2.0-design-v1.0","100","100","0","3.2429313329486438","true","99.25","4.340000000000002","50","0","1000","300","0","0","920","0","348","572","0","46000","562","16768","28354","316","920","45122","92","0","50","1000","1997","3.994","104","5.873198315948355","0","48.3","3.5464646464646465","10","700","920"
"664","BA","1000","2","0.1","30","0.1","0.5","1","platform","targeted","70","5","95","95","92.01380159761048","62.76657849904553","62.76657849904553","fixed","1","1","50","2368","4","50","22628926","v2.0-design-v1.0","100","100","0","3.380494027600603","true","99.16","4.499999999999999","50","0","1000","300","0","0","920","0","316","604","0","46000","583","16663","28421","333","920","45084","92","0","50","1000","1997","3.994","68","5.285631646445089","0","45.1","3.5787878787878786","10","700","920"
"663","BA","1000","2","0.1","30","0.1","0.5","1","platform","targeted","70","5","95","95","92.01380159761048","62.76657849904553","62.76657849904553","fixed","1","1","50","2368","3","50","22628925","v2.0-design-v1.0","100","100","0","3.313357151089086","true","99.18799999999999","4.766000000000001","50","0","1000","300","0","0","920","0","337","583","0","46000","575","16779","28316","330","920","45095","92","0","50","1000","1997","3.994","69","4.648394515482897","0","36","3.6707070707070706","10","700","920"
"665","BA","1000","2","0.1","30","0.1","0.5","1","platform","targeted","70","5","95","95","92.01380159761048","62.76657849904553","62.76657849904553","fixed","1","1","50","2368","5","50","22628927","v2.0-design-v1.0","100","100","0","3.6862655029857603","true","99.052","4.848000000000001","50","0","1000","300","0","0","920","0","354","566","0","46000","642","16774","28184","400","920","44958","92","0","50","1000","1997","3.994","88","5.158349791607048","0","39.4","3.6363636363636362","10","700","920"
"666","BA","1000","2","0.1","30","0.1","0.5","1","platform","targeted","70","5","95","95","92.01380159761048","62.76657849904553","62.76657849904553","fixed","1","1","50","2368","6","50","22628928","v2.0-design-v1.0","100","100","0","3.123011971545891","true","99.234","4.664000000000001","50","0","1000","300","0","0","920","0","338","582","0","46000","540","16751","28398","311","920","45149","92","0","50","1000","1997","3.994","66","5.207983015245628","0","44.3","3.5868686868686868","10","700","920"
"668","BA","1000","2","0.1","30","0.1","0.5","1","platform","targeted","70","5","95","95","92.01380159761048","62.76657849904553","62.76657849904553","fixed","1","1","50","2368","8","50","22628930","v2.0-design-v1.0","100","100","0","3.2775573572537517","true","99.192","4.655999999999999","50","0","1000","300","0","0","920","0","329","591","0","46000","570","16821","28287","322","920","45108","92","0","50","1000","1997","3.994","119","5.307177228068612","0","39.6","3.6343434343434344","10","700","920"
"667","BA","1000","2","0.1","30","0.1","0.5","1","platform","targeted","70","5","95","95","92.01380159761048","62.76657849904553","62.76657849904553","fixed","1","1","50","2368","7","50","22628929","v2.0-design-v1.0","100","100","0","4.023021582733813","true","99.044","4.518","50","0","1000","300","0","0","920","0","347","573","0","46000","699","16676","28219","406","920","44895","92","0","50","1000","1997","3.994","113","6.018487034644711","0","46.8","3.5616161616161617","10","700","920"
"670","BA","1000","2","0.1","30","0.1","0.5","1","platform","targeted","70","5","95","95","92.01380159761048","62.76657849904553","62.76657849904553","fixed","1","1","50","2368","10","50","22628932","v2.0-design-v1.0","100","100","0","3.0417814508723597","true","99.294","4.722000000000001","50","0","1000","300","0","0","920","0","332","588","0","46000","530","16894","28277","299","920","45171","92","0","50","1000","1997","3.994","82","5.305668111945381","0","44.4","3.585858585858586","10","700","920"
"669","BA","1000","2","0.1","30","0.1","0.5","1","platform","targeted","70","5","95","95","92.01380159761048","62.76657849904553","62.76657849904553","fixed","1","1","50","2368","9","50","22628931","v2.0-design-v1.0","100","100","0","4.2716007081263205","true","98.97200000000001","4.396","50","0","1000","300","0","0","920","0","360","560","0","46000","748","16763","28047","442","920","44810","92","0","50","1000","1997","3.994","71","5.014889142654405","0","42.9","3.601010101010101","10","700","920"
"672","BA","1000","2","0.1","30","0.1","0.5","1","platform","targeted","70","5","95","95","92.01380159761048","62.76657849904553","62.76657849904553","fixed","1","1","50","2368","12","50","22628934","v2.0-design-v1.0","100","100","0","3.169155082661175","true","99.28","4.623999999999999","50","0","1000","300","0","0","920","0","337","583","0","46000","554","16927","28223","296","920","45150","92","0","50","1000","1997","3.994","52","4.55397658126418","0","37.3","3.6575757575757577","10","700","920"
"671","BA","1000","2","0.1","30","0.1","0.5","1","platform","targeted","70","5","95","95","92.01380159761048","62.76657849904553","62.76657849904553","fixed","1","1","50","2368","11","50","22628933","v2.0-design-v1.0","100","100","0","4.038828219795459","true","98.89","4.628","50","0","1000","300","0","0","920","0","351","569","0","46000","699","16608","28217","476","920","44825","92","0","50","1000","1997","3.994","99","5.364209050618613","0","42.4","3.606060606060606","10","700","920"
"674","BA","1000","2","0.1","30","0.1","0.5","1","platform","targeted","70","5","95","95","92.01380159761048","62.76657849904553","62.76657849904553","fixed","1","1","50","2368","14","50","22628936","v2.0-design-v1.0","100","100","0","3.508771929824561","true","99.17","4.9719999999999995","50","0","1000","300","0","0","920","0","319","601","0","46000","600","16500","28549","351","920","45049","92","0","50","1000","1997","3.994","81","5.162229422702222","0","43.6","3.5939393939393938","10","700","920"
"673","BA","1000","2","0.1","30","0.1","0.5","1","platform","targeted","70","5","95","95","92.01380159761048","62.76657849904553","62.76657849904553","fixed","1","1","50","2368","13","50","22628935","v2.0-design-v1.0","100","100","0","3.0592181355540133","true","99.256","5.074","50","0","1000","300","0","0","920","0","325","595","0","46000","529","16763","28402","306","920","45165","92","0","50","1000","1997","3.994","129","5.632556230495137","0","42.8","3.602020202020202","10","700","920"
"675","BA","1000","2","0.1","30","0.1","0.5","1","platform","targeted","70","5","95","95","92.01380159761048","62.76657849904553","62.76657849904553","fixed","1","1","50","2368","15","50","22628937","v2.0-design-v1.0","100","100","0","2.9770506965720562","true","99.27600000000001","4.6640000000000015","50","0","1000","300","0","0","920","0","342","578","0","46000","515","16784","28411","290","920","45195","92","0","50","1000","1997","3.994","91","5.440916059595801","0","44.6","3.583838383838384","10","700","920"
"676","BA","1000","2","0.1","30","0.1","0.5","1","platform","targeted","70","5","95","95","92.01380159761048","62.76657849904553","62.76657849904553","fixed","1","1","50","2368","16","50","22628938","v2.0-design-v1.0","100","100","0","3.434655675768504","true","99.152","4.548000000000001","50","0","1000","300","0","0","920","0","330","590","0","46000","600","16869","28183","348","920","45052","92","0","50","1000","1997","3.994","84","5.41620709531118","0","45","3.5797979797979798","10","700","920"
"677","BA","1000","2","0.1","30","0.1","0.5","1","platform","targeted","70","5","95","95","92.01380159761048","62.76657849904553","62.76657849904553","fixed","1","1","50","2368","17","50","22628939","v2.0-design-v1.0","100","100","0","3.587521663778163","true","99.156","4.875999999999998","50","0","1000","300","0","0","920","0","319","601","0","46000","621","16689","28341","349","920","45030","92","0","50","1000","1997","3.994","81","5.522722559070334","0","47.7","3.5525252525252524","10","700","920"
"678","BA","1000","2","0.1","30","0.1","0.5","1","platform","targeted","70","5","95","95","92.01380159761048","62.76657849904553","62.76657849904553","fixed","1","1","50","2368","18","50","22628940","v2.0-design-v1.0","100","100","0","3.5850584017578355","true","99.038","4.819999999999999","50","0","1000","300","0","0","920","0","353","567","0","46000","620","16674","28292","414","920","44966","92","0","50","1000","1997","3.994","63","4.677803527922668","0","39.4","3.6363636363636362","10","700","920"
"680","BA","1000","2","0.1","30","0.1","0.5","1","platform","targeted","70","5","95","95","92.01380159761048","62.76657849904553","62.76657849904553","fixed","1","1","50","2368","20","50","22628942","v2.0-design-v1.0","100","100","0","3.470526682943844","true","99.256","4.853999999999998","50","0","1000","300","0","0","920","0","327","593","0","46000","597","16605","28490","308","920","45095","92","0","50","1000","1997","3.994","101","5.678927206278852","0","47.8","3.5515151515151517","10","700","920"
"679","BA","1000","2","0.1","30","0.1","0.5","1","platform","targeted","70","5","95","95","92.01380159761048","62.76657849904553","62.76657849904553","fixed","1","1","50","2368","19","50","22628941","v2.0-design-v1.0","100","100","0","3.4293552812071333","true","99.132","4.866","50","0","1000","300","0","0","920","0","335","585","0","46000","600","16896","28166","338","920","45062","92","0","50","1000","1997","3.994","64","5.036996658261275","0","42.2","3.608080808080808","10","700","920"
"682","BA","1000","2","0.1","30","0.1","0.5","1","platform","targeted","70","5","95","95","92.01380159761048","62.76657849904553","62.76657849904553","fixed","1","1","50","2368","22","50","22628944","v2.0-design-v1.0","100","100","0","3.442897579573682","true","99.18799999999999","4.614","50","0","1000","300","0","0","920","0","334","586","0","46000","596","16715","28357","332","920","45072","92","0","50","1000","1997","3.994","85","5.138518110152795","0","42.3","3.607070707070707","10","700","920"
"681","BA","1000","2","0.1","30","0.1","0.5","1","platform","targeted","70","5","95","95","92.01380159761048","62.76657849904553","62.76657849904553","fixed","1","1","50","2368","21","50","22628943","v2.0-design-v1.0","100","100","0","3.767498127772337","true","99.08","4.738","50","0","1000","300","0","0","920","0","333","587","0","46000","654","16705","28254","387","920","44959","92","0","50","1000","1997","3.994","82","5.223911681226357","0","42","3.61010101010101","10","700","920"
"683","BA","1000","2","0.1","30","0.1","0.5","1","platform","targeted","70","5","95","95","92.01380159761048","62.76657849904553","62.76657849904553","fixed","1","1","50","2368","23","50","22628945","v2.0-design-v1.0","100","100","0","3.2933958441859117","true","99.126","4.744000000000001","50","0","1000","300","0","0","920","0","343","577","0","46000","569","16708","28367","356","920","45075","92","0","50","1000","1997","3.994","133","5.868083025861051","0","46.1","3.5686868686868687","10","700","920"
"684","BA","1000","2","0.1","30","0.1","0.5","1","platform","targeted","70","5","95","95","92.01380159761048","62.76657849904553","62.76657849904553","fixed","1","1","50","2368","24","50","22628946","v2.0-design-v1.0","100","100","0","3.9281575898030128","true","98.98400000000001","4.481999999999999","50","0","1000","300","0","0","920","0","325","595","0","46000","678","16582","28312","428","920","44894","92","0","50","1000","1997","3.994","84","5.141828702164462","0","43","3.6","10","700","920"
"686","BA","1000","2","0.1","30","0.1","0.5","1","platform","targeted","70","5","95","95","92.01380159761048","62.76657849904553","62.76657849904553","fixed","1","1","50","2368","26","50","22628948","v2.0-design-v1.0","100","100","0","3.541858325666973","true","99.11200000000001","4.72","50","0","1000","300","0","0","920","0","342","578","0","46000","616","16776","28228","380","920","45004","92","0","50","1000","1997","3.994","58","4.730575265476945","0","39.4","3.6363636363636362","10","700","920"
"685","BA","1000","2","0.1","30","0.1","0.5","1","platform","targeted","70","5","95","95","92.01380159761048","62.76657849904553","62.76657849904553","fixed","1","1","50","2368","25","50","22628947","v2.0-design-v1.0","100","100","0","3.3562428407789233","true","99.09200000000001","5.033999999999999","50","0","1000","300","0","0","920","0","362","558","0","46000","586","16874","28172","368","920","45046","92","0","50","1000","1997","3.994","87","5.332766861808449","0","44.5","3.584848484848485","10","700","920"
"687","BA","1000","2","0.1","30","0.1","0.5","1","platform","targeted","70","5","95","95","92.01380159761048","62.76657849904553","62.76657849904553","fixed","1","1","50","2368","27","50","22628949","v2.0-design-v1.0","100","100","0","2.9583428702220185","true","99.24600000000001","4.688","50","0","1000","300","0","0","920","0","345","575","0","46000","517","16959","28230","294","920","45189","92","0","50","1000","1997","3.994","84","5.196630539971924","0","41.3","3.617171717171717","10","700","920"
"688","BA","1000","2","0.1","30","0.1","0.5","1","platform","targeted","70","5","95","95","92.01380159761048","62.76657849904553","62.76657849904553","fixed","1","1","50","2368","28","50","22628950","v2.0-design-v1.0","100","100","0","4.11249212440575","true","98.928","4.5280000000000005","50","0","1000","300","0","0","920","0","341","579","0","46000","718","16741","28089","452","920","44830","92","0","50","1000","1997","3.994","68","5.0226677364913455","0","41.8","3.6121212121212123","10","700","920"
"690","BA","1000","2","0.1","30","0.1","0.5","1","platform","targeted","70","5","95","95","92.01380159761048","62.76657849904553","62.76657849904553","fixed","1","1","50","2368","30","50","22628952","v2.0-design-v1.0","100","100","0","3.5175879396984926","true","99.11","4.619999999999999","50","0","1000","300","0","0","920","0","351","569","0","46000","609","16704","28318","369","920","45022","92","0","50","1000","1997","3.994","94","5.163780458988218","0","39.9","3.6313131313131315","10","700","920"
"689","BA","1000","2","0.1","30","0.1","0.5","1","platform","targeted","70","5","95","95","92.01380159761048","62.76657849904553","62.76657849904553","fixed","1","1","50","2368","29","50","22628951","v2.0-design-v1.0","100","100","0","3.4778049632995454","true","99.134","4.898","50","0","1000","300","0","0","920","0","358","562","0","46000","597","16569","28485","349","920","45054","92","0","50","1000","1997","3.994","56","4.783392608269233","0","40.2","3.628282828282828","10","700","920"
"692","BA","1000","2","0.1","30","0.1","0.5","1","platform","targeted","70","5","95","95","66.32061384071869","61.22763122930836","61.22763122930836","fixed","1","1","50","2369","2","50","22629924","v2.0-design-v1.0","100","99.9","0.09999999999999432","6.776196244700182","true","97.05000000000001","8.473999999999997","50","0","999","300","0","0","663","0","282","381","0","33150","895","12313","19361","581","663","31674","66.3","0","50","1000","1997","3.994","62","4.838944035570082","0","39.8","3.632323232323232","10","700","663"
"691","BA","1000","2","0.1","30","0.1","0.5","1","platform","targeted","70","5","95","95","66.32061384071869","61.22763122930836","61.22763122930836","fixed","1","1","50","2369","1","50","22629923","v2.0-design-v1.0","97","100","-3","11.720867208672086","true","94.64600000000002","7.405999999999999","50","3","1000","300","30","47","663","17","245","390","11","33150","1557","11727","18882","984","635","30609","66.3","0","50","1000","1997","3.994","97","5.703551042508024","0","47","3.5595959595959594","10","700","663"
"693","BA","1000","2","0.1","30","0.1","0.5","1","platform","targeted","70","5","95","95","66.32061384071869","61.22763122930836","61.22763122930836","fixed","1","1","50","2369","3","50","22629925","v2.0-design-v1.0","99.5","99.8","-0.29999999999999716","12.697470889267967","true","94.14800000000001","5.790000000000001","50","0.5","998","300","5","9","663","4","247","409","3","33150","1712","11771","18547","1120","656","30318","66.3","0","50","1000","1997","3.994","112","5.8294035669136886","0","47.8","3.5515151515151517","10","700","663"
"694","BA","1000","2","0.1","30","0.1","0.5","1","platform","targeted","70","5","95","95","66.32061384071869","61.22763122930836","61.22763122930836","fixed","1","1","50","2369","4","50","22629926","v2.0-design-v1.0","100","99.9","0.09999999999999432","8.325149202991614","true","96.38800000000003","7.88","50","0","999","300","0","0","663","0","257","406","0","33150","1102","12135","19256","657","663","31391","66.3","0","50","1000","1997","3.994","101","5.540276045348149","0","45.7","3.5727272727272728","10","700","663"
"696","BA","1000","2","0.1","30","0.1","0.5","1","platform","targeted","70","5","95","95","66.32061384071869","61.22763122930836","61.22763122930836","fixed","1","1","50","2369","6","50","22629928","v2.0-design-v1.0","100","100","0","8.557273682630235","true","96.32199999999999","8.1","50","0","1000","300","0","0","663","0","249","414","0","33150","1140","12182","19124","704","663","31306","66.3","0","50","1000","1997","3.994","78","5.11939177756226","0","41.7","3.613131313131313","10","700","663"
"695","BA","1000","2","0.1","30","0.1","0.5","1","platform","targeted","70","5","95","95","66.32061384071869","61.22763122930836","61.22763122930836","fixed","1","1","50","2369","5","50","22629927","v2.0-design-v1.0","99.6","99.8","-0.20000000000000284","8.14111261872456","true","96.472","8.707999999999995","50","0.4","998","300","4","5","663","1","260","401","1","33150","1080","12186","19234","650","661","31420","66.3","0","50","1000","1997","3.994","46","4.607080332400241","0","37.6","3.6545454545454548","10","700","663"
"697","BA","1000","2","0.1","30","0.1","0.5","1","platform","targeted","70","5","95","95","66.32061384071869","61.22763122930836","61.22763122930836","fixed","1","1","50","2369","7","50","22629929","v2.0-design-v1.0","100","99.6","0.4000000000000057","7.628020057741984","true","96.49799999999999","9.144","50","0","996","300","0","0","663","0","249","414","0","33150","1004","12158","19385","603","663","31543","66.3","0","50","1000","1997","3.994","82","5.096659684532588","0","42.6","3.604040404040404","10","700","663"
"698","BA","1000","2","0.1","30","0.1","0.5","1","platform","targeted","70","5","95","95","66.32061384071869","61.22763122930836","61.22763122930836","fixed","1","1","50","2369","8","50","22629930","v2.0-design-v1.0","97.3","99.9","-2.6000000000000085","9.941123188405797","true","95.31400000000002","7.64","50","2.7","999","300","27","43","663","16","255","378","14","33150","1317","11931","19035","867","633","30966","66.3","0","50","1000","1997","3.994","69","5.080135015112464","0","44.8","3.581818181818182","10","700","663"
"699","BA","1000","2","0.1","30","0.1","0.5","1","platform","targeted","70","5","95","95","66.32061384071869","61.22763122930836","61.22763122930836","fixed","1","1","50","2369","9","50","22629931","v2.0-design-v1.0","100","99.8","0.20000000000000284","7.036669970267592","true","96.88600000000005","9.106","50","0","998","300","0","0","663","0","255","408","0","33150","923","12194","19473","560","663","31667","66.3","0","50","1000","1997","3.994","87","4.999696086859767","0","40","3.6303030303030304","10","700","663"
"700","BA","1000","2","0.1","30","0.1","0.5","1","platform","targeted","70","5","95","95","66.32061384071869","61.22763122930836","61.22763122930836","fixed","1","1","50","2369","10","50","22629932","v2.0-design-v1.0","98.5","99.6","-1.0999999999999943","10.466856202304355","true","95.35199999999999","7.54","50","1.5","996","300","15","25","663","10","253","395","5","33150","1399","11967","18821","963","648","30788","66.3","0","50","1000","1997","3.994","124","5.4444104920189","0","38.9","3.6414141414141414","10","700","663"
"701","BA","1000","2","0.1","30","0.1","0.5","1","platform","targeted","70","5","95","95","66.32061384071869","61.22763122930836","61.22763122930836","fixed","1","1","50","2369","11","50","22629933","v2.0-design-v1.0","99.7","99.7","0","8.376210653753027","true","96.23399999999998","8.326","50","0.3","997","300","3","7","663","4","255","403","1","33150","1107","12109","19246","688","658","31355","66.3","0","50","1000","1997","3.994","73","5.115479658070397","0","43.2","3.597979797979798","10","700","663"
"702","BA","1000","2","0.1","30","0.1","0.5","1","platform","targeted","70","5","95","95","66.32061384071869","61.22763122930836","61.22763122930836","fixed","1","1","50","2369","12","50","22629934","v2.0-design-v1.0","99.8","99.9","-0.10000000000000853","10.131559050355362","true","95.40599999999996","8.316","50","0.2","999","300","2","5","663","3","250","409","1","33150","1340","11886","19022","902","659","30908","66.3","0","50","1000","1997","3.994","83","5.132475650824485","0","42.2","3.608080808080808","10","700","663"
"703","BA","1000","2","0.1","30","0.1","0.5","1","platform","targeted","70","5","95","95","66.32061384071869","61.22763122930836","61.22763122930836","fixed","1","1","50","2369","13","50","22629935","v2.0-design-v1.0","98.7","99.7","-1","11.52285027059531","true","94.87199999999997","6.692","50","1.3","997","300","13","20","663","7","252","403","1","33150","1533","11771","18887","959","655","30658","66.3","0","50","1000","1997","3.994","83","5.291120860456682","0","43.5","3.594949494949495","10","700","663"
"704","BA","1000","2","0.1","30","0.1","0.5","1","platform","targeted","70","5","95","95","66.32061384071869","61.22763122930836","61.22763122930836","fixed","1","1","50","2369","14","50","22629936","v2.0-design-v1.0","100","99.7","0.29999999999999716","6.808414385885546","true","96.95","8.776000000000003","50","0","997","300","0","0","663","0","252","411","0","33150","903","12360","19329","558","663","31689","66.3","0","50","1000","1997","3.994","70","5.13462056322843","0","42.5","3.605050505050505","10","700","663"
"705","BA","1000","2","0.1","30","0.1","0.5","1","platform","targeted","70","5","95","95","66.32061384071869","61.22763122930836","61.22763122930836","fixed","1","1","50","2369","15","50","22629937","v2.0-design-v1.0","100","100","0","8.097657138524529","true","96.77","7.902000000000007","50","0","1000","300","0","0","663","0","260","403","0","33150","1068","12121","19322","639","663","31443","66.3","0","50","1000","1997","3.994","70","5.228699963021709","0","43.4","3.595959595959596","10","700","663"
"706","BA","1000","2","0.1","30","0.1","0.5","1","platform","targeted","70","5","95","95","66.32061384071869","61.22763122930836","61.22763122930836","fixed","1","1","50","2369","16","50","22629938","v2.0-design-v1.0","100","99.7","0.29999999999999716","10.522337289288684","true","95.31999999999998","8.130000000000003","50","0","997","300","0","0","663","0","260","403","0","33150","1392","11837","19078","843","663","30915","66.3","0","50","1000","1997","3.994","94","5.516556570578818","0","44.8","3.581818181818182","10","700","663"
"707","BA","1000","2","0.1","30","0.1","0.5","1","platform","targeted","70","5","95","95","66.32061384071869","61.22763122930836","61.22763122930836","fixed","1","1","50","2369","17","50","22629939","v2.0-design-v1.0","99","99.8","-0.7999999999999972","11.426020977460388","true","94.67799999999997","6.867999999999996","50","1","998","300","10","18","663","8","238","414","3","33150","1536","11907","18745","962","652","30652","66.3","0","50","1000","1997","3.994","115","5.86535304703532","0","46.9","3.5606060606060606","10","700","663"
"708","BA","1000","2","0.1","30","0.1","0.5","1","platform","targeted","70","5","95","95","66.32061384071869","61.22763122930836","61.22763122930836","fixed","1","1","50","2369","18","50","22629940","v2.0-design-v1.0","98.4","99.4","-1","11.75292896336942","true","94.4","7.174000000000002","50","1.6","994","300","16","23","663","7","257","393","6","33150","1585","11901","18656","1008","650","30557","66.3","0","50","1000","1997","3.994","100","5.834038052669868","0","46.3","3.566666666666667","10","700","663"
"709","BA","1000","2","0.1","30","0.1","0.5","1","platform","targeted","70","5","95","95","66.32061384071869","61.22763122930836","61.22763122930836","fixed","1","1","50","2369","19","50","22629941","v2.0-design-v1.0","100","99.9","0.09999999999999432","6.233646298291519","true","97.37200000000003","9.49","50","0","999","300","0","0","663","0","243","420","0","33150","810","12184","19654","502","663","31838","66.3","0","50","1000","1997","3.994","72","5.104509772742131","0","42.3","3.607070707070707","10","700","663"
"710","BA","1000","2","0.1","30","0.1","0.5","1","platform","targeted","70","5","95","95","66.32061384071869","61.22763122930836","61.22763122930836","fixed","1","1","50","2369","20","50","22629942","v2.0-design-v1.0","99.8","99.8","0","9.538228614685844","true","96.024","8.586000000000002","50","0.2","998","300","2","2","663","0","263","399","1","33150","1260","11950","19139","801","662","31089","66.3","0","50","1000","1997","3.994","121","5.577730279878638","0","41.8","3.6121212121212123","10","700","663"
"711","BA","1000","2","0.1","30","0.1","0.5","1","platform","targeted","70","5","95","95","66.32061384071869","61.22763122930836","61.22763122930836","fixed","1","1","50","2369","21","50","22629943","v2.0-design-v1.0","100","100","0","6.627049796900858","true","97.22","7.982","50","0","1000","300","0","0","663","0","297","366","0","33150","881","12413","19341","515","663","31754","66.3","0","50","1000","1997","3.994","70","5.047914960203404","0","40.1","3.6292929292929292","10","700","663"
"712","BA","1000","2","0.1","30","0.1","0.5","1","platform","targeted","70","5","95","95","66.32061384071869","61.22763122930836","61.22763122930836","fixed","1","1","50","2369","22","50","22629944","v2.0-design-v1.0","99.2","100","-0.7999999999999972","10.677278870701306","true","95.17800000000003","7.539999999999999","50","0.8","1000","300","8","15","663","7","266","387","3","33150","1422","11896","18901","931","653","30797","66.3","0","50","1000","1997","3.994","87","5.267419644352405","0","43.7","3.592929292929293","10","700","663"
"713","BA","1000","2","0.1","30","0.1","0.5","1","platform","targeted","70","5","95","95","66.32061384071869","61.22763122930836","61.22763122930836","fixed","1","1","50","2369","23","50","22629945","v2.0-design-v1.0","98","99.9","-1.9000000000000057","10.142109199700823","true","95.38400000000001","7.336000000000001","50","2","999","300","20","36","663","16","216","425","6","33150","1356","12014","18900","880","641","30914","66.3","0","50","1000","1997","3.994","85","5.287903736446596","0","44.2","3.587878787878788","10","700","663"
"714","BA","1000","2","0.1","30","0.1","0.5","1","platform","targeted","70","5","95","95","66.32061384071869","61.22763122930836","61.22763122930836","fixed","1","1","50","2369","24","50","22629946","v2.0-design-v1.0","100","99.7","0.29999999999999716","7.944706061066382","true","96.53200000000002","9.220000000000004","50","0","997","300","0","0","663","0","261","402","0","33150","1046","12120","19365","619","663","31485","66.3","0","50","1000","1997","3.994","99","5.623841355478607","0","45.1","3.5787878787878786","10","700","663"
"715","BA","1000","2","0.1","30","0.1","0.5","1","platform","targeted","70","5","95","95","66.32061384071869","61.22763122930836","61.22763122930836","fixed","1","1","50","2369","25","50","22629947","v2.0-design-v1.0","97.9","99.9","-2","11.433005690636316","true","95.03799999999997","6.782","50","2.1","999","300","21","38","663","17","267","371","8","33150","1547","11984","18617","1002","638","30601","66.3","0","50","1000","1997","3.994","83","5.464597498977007","0","45.1","3.5787878787878786","10","700","663"
"716","BA","1000","2","0.1","30","0.1","0.5","1","platform","targeted","70","5","95","95","66.32061384071869","61.22763122930836","61.22763122930836","fixed","1","1","50","2369","26","50","22629948","v2.0-design-v1.0","97.1","99.9","-2.8000000000000114","12.750577539309935","true","94.27599999999998","7.032","50","2.9000000000000004","999","300","29","48","663","19","249","385","10","33150","1711","11708","18605","1126","634","30313","66.3","0","50","1000","1997","3.994","115","5.642499605830885","0","45.1","3.5787878787878786","10","700","663"
"717","BA","1000","2","0.1","30","0.1","0.5","1","platform","targeted","70","5","95","95","66.32061384071869","61.22763122930836","61.22763122930836","fixed","1","1","50","2369","27","50","22629949","v2.0-design-v1.0","97.5","99.8","-2.299999999999997","9.493957703927492","true","95.586","7.296000000000003","50","2.5","998","300","25","37","663","12","234","408","9","33150","1257","11983","19034","876","642","31017","66.3","0","50","1000","1997","3.994","71","5.017084326093697","0","39.7","3.6333333333333333","10","700","663"
"718","BA","1000","2","0.1","30","0.1","0.5","1","platform","targeted","70","5","95","95","66.32061384071869","61.22763122930836","61.22763122930836","fixed","1","1","50","2369","28","50","22629950","v2.0-design-v1.0","98.1","99.5","-1.4000000000000057","9.669917479369843","true","95.59400000000001","8.456000000000001","50","1.9","995","300","19","35","663","16","256","382","9","33150","1289","12041","19009","811","638","31050","66.3","0","50","1000","1997","3.994","60","4.858968365154633","0","41","3.6202020202020204","10","700","663"
"719","BA","1000","2","0.1","30","0.1","0.5","1","platform","targeted","70","5","95","95","66.32061384071869","61.22763122930836","61.22763122930836","fixed","1","1","50","2369","29","50","22629951","v2.0-design-v1.0","99.1","99.8","-0.7000000000000028","9.337486704148306","true","96.016","7.826000000000005","50","0.8999999999999999","998","300","9","17","663","8","266","385","4","33150","1229","11933","19208","780","651","31141","66.3","0","50","1000","1997","3.994","102","5.3544966742574935","0","43.2","3.597979797979798","10","700","663"
"720","BA","1000","2","0.1","30","0.1","0.5","1","platform","targeted","70","5","95","95","66.32061384071869","61.22763122930836","61.22763122930836","fixed","1","1","50","2369","30","50","22629952","v2.0-design-v1.0","100","99.7","0.29999999999999716","7.5512975256487636","true","96.58400000000003","7.805999999999999","50","0","997","300","0","0","663","0","252","411","0","33150","1001","12255","19261","633","663","31516","66.3","0","50","1000","1997","3.994","92","5.159125951222795","0","41","3.6202020202020204","10","700","663"
"721","BA","1000","2","0.1","30","0.1","0.5","1","platform","targeted","70","5","95","95","53.566320344078015","72.01513046884125","72.01513046884125","fixed","1","1","50","2370","1","50","22630923","v2.0-design-v1.0","95","83.6","11.400000000000006","18.038755137991778","true","91.43","26.49200000000001","50","5","836","300","50","73","536","23","137","370","6","26800","1536","6979","17725","560","507","24704","53.6","0","50","1000","1997","3.994","86","5.4854401878111805","0","45.2","3.577777777777778","10","700","536"
"722","BA","1000","2","0.1","30","0.1","0.5","1","platform","targeted","70","5","95","95","53.566320344078015","72.01513046884125","72.01513046884125","fixed","1","1","50","2370","2","50","22630924","v2.0-design-v1.0","94.6","77.3","17.299999999999997","20.963541666666664","true","89.15","28.078000000000003","50","5.4","773","300","54","82","536","28","130","373","5","26800","1771","6677","17641","711","503","24318","53.6","0","50","1000","1997","3.994","65","5.281653137026301","0","46.2","3.5676767676767676","10","700","536"
"723","BA","1000","2","0.1","30","0.1","0.5","1","platform","targeted","70","5","95","95","53.566320344078015","72.01513046884125","72.01513046884125","fixed","1","1","50","2370","3","50","22630925","v2.0-design-v1.0","92.6","76.4","16.19999999999999","22.582857142857144","true","87.84000000000003","27.26600000000001","50","7.3999999999999995","764","300","74","94","536","20","140","367","9","26800","1976","6774","17331","719","507","24105","53.6","0","50","1000","1997","3.994","81","5.1697863293071045","0","42.5","3.605050505050505","10","700","536"
"724","BA","1000","2","0.1","30","0.1","0.5","1","platform","targeted","70","5","95","95","53.566320344078015","72.01513046884125","72.01513046884125","fixed","1","1","50","2370","4","50","22630926","v2.0-design-v1.0","93.1","80.9","12.199999999999989","19.797368114591826","true","89.76400000000001","26.201999999999998","50","6.9","809","300","69","86","536","17","141","366","12","26800","1700","6887","17567","646","507","24454","53.6","0","50","1000","1997","3.994","67","4.915091262847724","0","39.6","3.6343434343434344","10","700","536"
"725","BA","1000","2","0.1","30","0.1","0.5","1","platform","targeted","70","5","95","95","53.566320344078015","72.01513046884125","72.01513046884125","fixed","1","1","50","2370","5","50","22630927","v2.0-design-v1.0","86.7","70.1","16.60000000000001","25.333632387574294","true","84.62400000000001","27.227999999999998","50","13.3","701","300","133","173","536","40","159","330","7","26800","2259","6658","17035","848","489","23693","53.6","0","50","1000","1997","3.994","86","5.689141440527755","0","48.5","3.5444444444444443","10","700","536"
"726","BA","1000","2","0.1","30","0.1","0.5","1","platform","targeted","70","5","95","95","53.566320344078015","72.01513046884125","72.01513046884125","fixed","1","1","50","2370","6","50","22630928","v2.0-design-v1.0","93.4","76.2","17.200000000000003","20.184571699006153","true","88.82199999999997","28.154000000000007","50","6.6000000000000005","762","300","66","89","536","23","134","374","5","26800","1706","6746","17693","655","508","24439","53.6","0","50","1000","1997","3.994","73","5.0893875727700095","0","41.9","3.611111111111111","10","700","536"
"727","BA","1000","2","0.1","30","0.1","0.5","1","platform","targeted","70","5","95","95","53.566320344078015","72.01513046884125","72.01513046884125","fixed","1","1","50","2370","7","50","22630929","v2.0-design-v1.0","91","78.10000000000001","12.899999999999991","22.46252431628333","true","88.11800000000001","25.810000000000006","50","9","781","300","90","122","536","32","159","333","12","26800","1963","6776","17284","777","492","24060","53.6","0","50","1000","1997","3.994","94","5.411029776599196","0","45.5","3.5747474747474746","10","700","536"
"728","BA","1000","2","0.1","30","0.1","0.5","1","platform","targeted","70","5","95","95","53.566320344078015","72.01513046884125","72.01513046884125","fixed","1","1","50","2370","8","50","22630930","v2.0-design-v1.0","97","79","18","18.4633431085044","true","90.50399999999998","27.964000000000002","50","3","790","300","30","43","536","13","137","384","2","26800","1574","6951","17670","605","521","24621","53.6","0","50","1000","1997","3.994","64","4.84452613094752","0","39","3.6404040404040403","10","700","536"
"729","BA","1000","2","0.1","30","0.1","0.5","1","platform","targeted","70","5","95","95","53.566320344078015","72.01513046884125","72.01513046884125","fixed","1","1","50","2370","9","50","22630931","v2.0-design-v1.0","92.8","76.6","16.200000000000003","21.634232388756118","true","87.61200000000002","26.524","50","7.199999999999999","766","300","72","103","536","31","138","362","5","26800","1901","6886","17300","713","500","24186","53.6","0","50","1000","1997","3.994","80","5.201251485653901","0","42.6","3.604040404040404","10","700","536"
"730","BA","1000","2","0.1","30","0.1","0.5","1","platform","targeted","70","5","95","95","53.566320344078015","72.01513046884125","72.01513046884125","fixed","1","1","50","2370","10","50","22630932","v2.0-design-v1.0","89.8","70.7","19.099999999999994","22.881257948895826","true","86.05400000000003","27.671999999999997","50","10.2","707","300","102","136","536","34","148","338","16","26800","1979","6670","17415","736","486","24085","53.6","0","50","1000","1997","3.994","87","5.107646429819899","0","40.6","3.624242424242424","10","700","536"
"731","BA","1000","2","0.1","30","0.1","0.5","1","platform","targeted","70","5","95","95","53.566320344078015","72.01513046884125","72.01513046884125","fixed","1","1","50","2370","11","50","22630933","v2.0-design-v1.0","93.9","79.60000000000001","14.299999999999997","19.49240931741801","true","90.116","27.24599999999999","50","6.1","796","300","61","86","536","25","127","373","11","26800","1682","6947","17535","636","500","24482","53.6","0","50","1000","1997","3.994","74","4.9028565145231315","0","40.7","3.6232323232323234","10","700","536"
"732","BA","1000","2","0.1","30","0.1","0.5","1","platform","targeted","70","5","95","95","53.566320344078015","72.01513046884125","72.01513046884125","fixed","1","1","50","2370","12","50","22630934","v2.0-design-v1.0","92.7","77.4","15.299999999999997","20.211515863689776","true","88.97599999999997","27.322000000000006","50","7.3","774","300","73","100","536","27","141","358","10","26800","1720","6790","17611","679","499","24401","53.6","0","50","1000","1997","3.994","59","4.875216070261055","0","42.2","3.608080808080808","10","700","536"
"733","BA","1000","2","0.1","30","0.1","0.5","1","platform","targeted","70","5","95","95","53.566320344078015","72.01513046884125","72.01513046884125","fixed","1","1","50","2370","13","50","22630935","v2.0-design-v1.0","92.6","76.3","16.299999999999997","23.36427180016042","true","86.536","25.440000000000005","50","7.3999999999999995","763","300","74","99","536","25","131","370","10","26800","2039","6688","17271","802","501","23959","53.6","0","50","1000","1997","3.994","108","5.32788422831712","0","40.9","3.621212121212121","10","700","536"
"734","BA","1000","2","0.1","30","0.1","0.5","1","platform","targeted","70","5","95","95","53.566320344078015","72.01513046884125","72.01513046884125","fixed","1","1","50","2370","14","50","22630936","v2.0-design-v1.0","91.2","76","15.200000000000003","22.111484528914126","true","87.72400000000002","26.817999999999994","50","8.799999999999999","760","300","88","116","536","28","130","363","15","26800","1908","6721","17381","790","493","24102","53.6","0","50","1000","1997","3.994","70","5.005098901621713","0","41","3.6202020202020204","10","700","536"
"735","BA","1000","2","0.1","30","0.1","0.5","1","platform","targeted","70","5","95","95","53.566320344078015","72.01513046884125","72.01513046884125","fixed","1","1","50","2370","15","50","22630937","v2.0-design-v1.0","90.9","70.6","20.30000000000001","21.362627088933035","true","87.47400000000003","29.285999999999998","50","9.1","706","300","91","114","536","23","147","354","12","26800","1828","6729","17560","683","501","24289","53.6","0","50","1000","1997","3.994","92","5.121737614930709","0","41.4","3.6161616161616164","10","700","536"
"736","BA","1000","2","0.1","30","0.1","0.5","1","platform","targeted","70","5","95","95","53.566320344078015","72.01513046884125","72.01513046884125","fixed","1","1","50","2370","16","50","22630938","v2.0-design-v1.0","95.7","77.8","17.900000000000006","18.577212261422787","true","89.44","27.851999999999993","50","4.3","778","300","43","50","536","7","145","381","3","26800","1606","7039","17517","638","526","24556","53.6","0","50","1000","1997","3.994","54","4.5732787886678","0","36.9","3.6616161616161618","10","700","536"
"737","BA","1000","2","0.1","30","0.1","0.5","1","platform","targeted","70","5","95","95","53.566320344078015","72.01513046884125","72.01513046884125","fixed","1","1","50","2370","17","50","22630939","v2.0-design-v1.0","89.9","74","15.900000000000006","23.430531732418526","true","86.182","26.657999999999998","50","10.100000000000001","740","300","101","123","536","22","154","352","8","26800","2049","6696","17275","780","506","23971","53.6","0","50","1000","1997","3.994","75","5.260573888620663","0","44.9","3.580808080808081","10","700","536"
"738","BA","1000","2","0.1","30","0.1","0.5","1","platform","targeted","70","5","95","95","53.566320344078015","72.01513046884125","72.01513046884125","fixed","1","1","50","2370","18","50","22630940","v2.0-design-v1.0","90.9","73.7","17.200000000000003","22.49264206474983","true","86.87800000000001","27.764","50","9.1","737","300","91","112","536","21","145","363","7","26800","1987","6847","17226","740","508","24073","53.6","0","50","1000","1997","3.994","82","5.078361325639769","0","41","3.6202020202020204","10","700","536"
"740","BA","1000","2","0.1","30","0.1","0.5","1","platform","targeted","70","5","95","95","53.566320344078015","72.01513046884125","72.01513046884125","fixed","1","1","50","2370","20","50","22630942","v2.0-design-v1.0","87.1","68.5","18.599999999999994","22.791539418617806","true","85.28599999999999","28.201999999999995","50","12.9","685","300","129","169","536","40","138","344","14","26800","2015","6826","17152","807","482","23978","53.6","0","50","1000","1997","3.994","86","5.273307479350286","0","43.2","3.597979797979798","10","700","536"
"739","BA","1000","2","0.1","30","0.1","0.5","1","platform","targeted","70","5","95","95","53.566320344078015","72.01513046884125","72.01513046884125","fixed","1","1","50","2370","19","50","22630941","v2.0-design-v1.0","83.6","66.5","17.099999999999994","28.061224489795915","true","81.352","25.902","50","16.400000000000002","665","300","164","208","536","44","118","356","18","26800","2530","6486","16740","1044","474","23226","53.6","0","50","1000","1997","3.994","82","5.248381608601781","0","42.8","3.602020202020202","10","700","536"
"742","BA","1000","2","0.1","30","0.1","0.5","1","platform","targeted","70","5","95","95","53.566320344078015","72.01513046884125","72.01513046884125","fixed","1","1","50","2370","22","50","22630944","v2.0-design-v1.0","94.4","78.4","16","19.581077900682516","true","90.25200000000002","28.526","50","5.6000000000000005","784","300","56","80","536","24","130","376","6","26800","1664","6834","17664","638","506","24498","53.6","0","50","1000","1997","3.994","58","4.838530290839903","0","38.3","3.6474747474747473","10","700","536"
"741","BA","1000","2","0.1","30","0.1","0.5","1","platform","targeted","70","5","95","95","53.566320344078015","72.01513046884125","72.01513046884125","fixed","1","1","50","2370","21","50","22630943","v2.0-design-v1.0","92.2","77.10000000000001","15.099999999999994","23.074269947114278","true","87.54400000000001","26.541999999999998","50","7.8","771","300","78","104","536","26","136","360","14","26800","2007","6691","17369","733","496","24060","53.6","0","50","1000","1997","3.994","83","5.405847499438651","0","46.1","3.5686868686868687","10","700","536"
"743","BA","1000","2","0.1","30","0.1","0.5","1","platform","targeted","70","5","95","95","53.566320344078015","72.01513046884125","72.01513046884125","fixed","1","1","50","2370","23","50","22630945","v2.0-design-v1.0","88.2","68.60000000000001","19.599999999999994","22.8677797833935","true","84.99199999999998","28.125999999999998","50","11.799999999999999","686","300","118","150","536","32","139","356","9","26800","2027","6837","17140","796","495","23977","53.6","0","50","1000","1997","3.994","83","5.091157420850764","0","42.3","3.607070707070707","10","700","536"
"744","BA","1000","2","0.1","30","0.1","0.5","1","platform","targeted","70","5","95","95","53.566320344078015","72.01513046884125","72.01513046884125","fixed","1","1","50","2370","24","50","22630946","v2.0-design-v1.0","83.5","62.2","21.299999999999997","25.627802690582957","true","82.29800000000003","28.94599999999999","50","16.5","622","300","165","188","536","23","144","360","9","26800","2286","6634","16978","902","504","23612","53.6","0","50","1000","1997","3.994","71","4.8610280387582145","0","40.6","3.624242424242424","10","700","536"
"745","BA","1000","2","0.1","30","0.1","0.5","1","platform","targeted","70","5","95","95","53.566320344078015","72.01513046884125","72.01513046884125","fixed","1","1","50","2370","25","50","22630947","v2.0-design-v1.0","95.7","78.9","16.799999999999997","19.997644564833355","true","89.72799999999998","28.20999999999999","50","4.3","789","300","43","50","536","7","146","378","5","26800","1698","6793","17664","645","524","24457","53.6","0","50","1000","1997","3.994","85","5.443123330551267","0","45.7","3.5727272727272728","10","700","536"
"746","BA","1000","2","0.1","30","0.1","0.5","1","platform","targeted","70","5","95","95","53.566320344078015","72.01513046884125","72.01513046884125","fixed","1","1","50","2370","26","50","22630948","v2.0-design-v1.0","79.7","61.1","18.6","26.724425191602798","true","79.98199999999999","26.770000000000014","50","20.3","611","300","203","250","536","47","140","324","25","26800","2406","6597","16824","973","464","23421","53.6","0","50","1000","1997","3.994","57","4.956665465061409","0","43.1","3.598989898989899","10","700","536"
"747","BA","1000","2","0.1","30","0.1","0.5","1","platform","targeted","70","5","95","95","53.566320344078015","72.01513046884125","72.01513046884125","fixed","1","1","50","2370","27","50","22630949","v2.0-design-v1.0","92.6","77.3","15.299999999999997","21.351289134438307","true","88.03399999999999","26.839999999999996","50","7.3999999999999995","773","300","74","85","536","11","158","355","12","26800","1855","6833","17394","718","513","24227","53.6","0","50","1000","1997","3.994","70","5.070470754641382","0","42.7","3.603030303030303","10","700","536"
"748","BA","1000","2","0.1","30","0.1","0.5","1","platform","targeted","70","5","95","95","53.566320344078015","72.01513046884125","72.01513046884125","fixed","1","1","50","2370","28","50","22630950","v2.0-design-v1.0","87.3","67.7","19.599999999999994","23.869148336153412","true","84.324","28.17","50","12.7","677","300","127","169","536","42","145","337","12","26800","2116","6749","17102","833","482","23851","53.6","0","50","1000","1997","3.994","97","5.5458742070768805","0","44.8","3.581818181818182","10","700","536"
"749","BA","1000","2","0.1","30","0.1","0.5","1","platform","targeted","70","5","95","95","53.566320344078015","72.01513046884125","72.01513046884125","fixed","1","1","50","2370","29","50","22630951","v2.0-design-v1.0","89.8","77.60000000000001","12.199999999999989","22.373743210447245","true","87.156","25.650000000000006","50","10.2","776","300","102","137","536","35","130","361","10","26800","1936","6717","17368","779","491","24085","53.6","0","50","1000","1997","3.994","81","5.469358086455648","0","46.1","3.5686868686868687","10","700","536"
"750","BA","1000","2","0.1","30","0.1","0.5","1","platform","targeted","70","5","95","95","53.566320344078015","72.01513046884125","72.01513046884125","fixed","1","1","50","2370","30","50","22630952","v2.0-design-v1.0","83.6","66.7","16.89999999999999","26.73510377147958","true","82.39800000000001","26.472","50","16.400000000000002","667","300","164","208","536","44","154","314","24","26800","2396","6566","16930","908","468","23496","53.6","0","50","1000","1997","3.994","98","5.59117386826998","0","47.8","3.5515151515151517","10","700","536"
"751","BA","1000","2","0.1","30","0.1","0.5","1","platform","targeted","70","5","95","95","20.418056826474576","79.31447927217776","79.31447927217776","fixed","1","1","50","2371","1","50","22631923","v2.0-design-v1.0","30.80000000000001","22.5","8.300000000000011","70.60267857142857","true","46.66799999999999","28.539999999999996","50","69.19999999999999","225","300","692","762","204","70","20","94","20","10200","3163","1317","4864","856","114","6181","20.4","0","50","1000","1997","3.994","87","5.279378356950344","0","42.4","3.606060606060606","10","700","204"
"752","BA","1000","2","0.1","30","0.1","0.5","1","platform","targeted","70","5","95","95","20.418056826474576","79.31447927217776","79.31447927217776","fixed","1","1","50","2371","2","50","22631924","v2.0-design-v1.0","29.700000000000003","20.599999999999998","9.100000000000005","71.396697902722","true","42.472","24.927999999999994","50","70.3","206","300","703","774","204","71","28","84","21","10200","3200","1282","4860","858","112","6142","20.4","0","50","1000","1997","3.994","72","5.175398414494159","0","43.9","3.590909090909091","10","700","204"
"753","BA","1000","2","0.1","30","0.1","0.5","1","platform","targeted","70","5","95","95","20.418056826474576","79.31447927217776","79.31447927217776","fixed","1","1","50","2371","3","50","22631925","v2.0-design-v1.0","31.299999999999997","19.900000000000002","11.399999999999995","69.41037735849058","true","44.56","27.386000000000003","50","68.7","199","300","687","748","204","61","20","104","19","10200","2943","1297","5251","709","124","6548","20.4","0","50","1000","1997","3.994","81","5.096266862708022","0","42.3","3.607070707070707","10","700","204"
"754","BA","1000","2","0.1","30","0.1","0.5","1","platform","targeted","70","5","95","95","20.418056826474576","79.31447927217776","79.31447927217776","fixed","1","1","50","2371","4","50","22631926","v2.0-design-v1.0","30.30000000000001","21.9","8.400000000000013","67.94171220400729","true","45.346000000000004","26.726000000000003","50","69.69999999999999","219","300","697","770","204","73","30","83","18","10200","2984","1408","5025","783","113","6433","20.4","0","50","1000","1997","3.994","104","5.347013610844326","0","42.3","3.607070707070707","10","700","204"
"755","BA","1000","2","0.1","30","0.1","0.5","1","platform","targeted","70","5","95","95","20.418056826474576","79.31447927217776","79.31447927217776","fixed","1","1","50","2371","5","50","22631927","v2.0-design-v1.0","27.200000000000003","20.1","7.100000000000001","70.37791355510296","true","43.105999999999995","25.465999999999998","50","72.8","201","300","728","798","204","70","23","91","20","10200","3110","1309","4919","862","114","6228","20.4","0","50","1000","1997","3.994","71","5.014689532873498","0","41.2","3.618181818181818","10","700","204"
"756","BA","1000","2","0.1","30","0.1","0.5","1","platform","targeted","70","5","95","95","20.418056826474576","79.31447927217776","79.31447927217776","fixed","1","1","50","2371","6","50","22631928","v2.0-design-v1.0","30.60000000000001","21.5","9.100000000000009","71.40575079872204","true","44.895999999999994","26.26","50","69.39999999999999","215","300","694","771","204","77","19","89","19","10200","3129","1253","4999","819","108","6252","20.4","0","50","1000","1997","3.994","75","5.246855581535806","0","45","3.5797979797979798","10","700","204"
"758","BA","1000","2","0.1","30","0.1","0.5","1","platform","targeted","70","5","95","95","20.418056826474576","79.31447927217776","79.31447927217776","fixed","1","1","50","2371","8","50","22631930","v2.0-design-v1.0","28.5","19.900000000000002","8.599999999999998","70.51700046576619","true","41.89","24.74199999999999","50","71.5","199","300","715","790","204","75","18","94","17","10200","3028","1266","5093","813","112","6359","20.4","0","50","1000","1997","3.994","72","4.961509909350224","0","39.5","3.6353535353535356","10","700","204"
"759","BA","1000","2","0.1","30","0.1","0.5","1","platform","targeted","70","5","95","95","20.418056826474576","79.31447927217776","79.31447927217776","fixed","1","1","50","2371","9","50","22631931","v2.0-design-v1.0","30.10000000000001","20.200000000000003","9.900000000000006","68.2217090069284","true","44.54","27.116000000000003","50","69.89999999999999","202","300","699","764","204","65","27","98","14","10200","2954","1376","5132","738","125","6508","20.4","0","50","1000","1997","3.994","91","5.529424792737349","0","46","3.56969696969697","10","700","204"
"757","BA","1000","2","0.1","30","0.1","0.5","1","platform","targeted","70","5","95","95","20.418056826474576","79.31447927217776","79.31447927217776","fixed","1","1","50","2371","7","50","22631929","v2.0-design-v1.0","27.799999999999997","21.099999999999998","6.699999999999999","70.55757026291931","true","42.952","25.291999999999998","50","72.2","211","300","722","782","204","60","26","92","26","10200","3113","1299","4980","808","118","6279","20.4","0","50","1000","1997","3.994","122","5.9418237325984","0","47.3","3.5565656565656565","10","700","204"
"760","BA","1000","2","0.1","30","0.1","0.5","1","platform","targeted","70","5","95","95","20.418056826474576","79.31447927217776","79.31447927217776","fixed","1","1","50","2371","10","50","22631932","v2.0-design-v1.0","28.799999999999997","20.5","8.299999999999997","69.67176258992805","true","42.44000000000002","24.684","50","71.2","205","300","712","775","204","63","34","90","17","10200","3099","1349","4923","829","124","6272","20.4","0","50","1000","1997","3.994","74","5.330701678051428","0","45.2","3.577777777777778","10","700","204"
"761","BA","1000","2","0.1","30","0.1","0.5","1","platform","targeted","70","5","95","95","20.418056826474576","79.31447927217776","79.31447927217776","fixed","1","1","50","2371","11","50","22631933","v2.0-design-v1.0","30.60000000000001","21.3","9.300000000000008","70.21372328458942","true","43.37200000000001","25.201999999999998","50","69.39999999999999","213","300","694","753","204","59","25","105","15","10200","3121","1324","4936","819","130","6260","20.4","0","50","1000","1997","3.994","99","5.446064966893393","0","42.3","3.607070707070707","10","700","204"
"762","BA","1000","2","0.1","30","0.1","0.5","1","platform","targeted","70","5","95","95","20.418056826474576","79.31447927217776","79.31447927217776","fixed","1","1","50","2371","12","50","22631934","v2.0-design-v1.0","30.700000000000003","21.2","9.500000000000004","70.80575211139009","true","44.066","26.257999999999996","50","69.3","212","300","693","761","204","68","22","98","16","10200","3102","1279","5045","774","120","6324","20.4","0","50","1000","1997","3.994","86","5.556513190737403","0","46.8","3.5616161616161617","10","700","204"
"763","BA","1000","2","0.1","30","0.1","0.5","1","platform","targeted","70","5","95","95","20.418056826474576","79.31447927217776","79.31447927217776","fixed","1","1","50","2371","13","50","22631935","v2.0-design-v1.0","27.700000000000003","20.3","7.400000000000002","70.18264840182648","true","42.50399999999999","24.864","50","72.3","203","300","723","791","204","68","25","93","18","10200","3074","1306","5013","807","118","6319","20.4","0","50","1000","1997","3.994","95","5.477222285425693","0","45","3.5797979797979798","10","700","204"
"764","BA","1000","2","0.1","30","0.1","0.5","1","platform","targeted","70","5","95","95","20.418056826474576","79.31447927217776","79.31447927217776","fixed","1","1","50","2371","14","50","22631936","v2.0-design-v1.0","28.10000000000001","20.200000000000003","7.900000000000006","69.98187584956955","true","41.97599999999999","24.409999999999997","50","71.89999999999999","202","300","719","786","204","67","30","85","22","10200","3089","1325","5014","772","115","6339","20.4","0","50","1000","1997","3.994","85","5.552728770325155","0","46","3.56969696969697","10","700","204"
"765","BA","1000","2","0.1","30","0.1","0.5","1","platform","targeted","70","5","95","95","20.418056826474576","79.31447927217776","79.31447927217776","fixed","1","1","50","2371","15","50","22631937","v2.0-design-v1.0","30.30000000000001","20.3","10.00000000000001","69.72559604138551","true","42.66400000000001","25.206","50","69.69999999999999","203","300","697","764","204","67","26","92","19","10200","3100","1346","4973","781","118","6319","20.4","0","50","1000","1997","3.994","91","5.670283601030553","0","48.6","3.5434343434343436","10","700","204"
"766","BA","1000","2","0.1","30","0.1","0.5","1","platform","targeted","70","5","95","95","20.418056826474576","79.31447927217776","79.31447927217776","fixed","1","1","50","2371","16","50","22631938","v2.0-design-v1.0","29.5","20.9","8.600000000000001","69.7080291970803","true","43.448","25.441999999999993","50","70.5","209","300","705","788","204","83","26","87","8","10200","3056","1328","4975","841","113","6303","20.4","0","50","1000","1997","3.994","112","5.5031125963629135","0","44.1","3.588888888888889","10","700","204"
"767","BA","1000","2","0.1","30","0.1","0.5","1","platform","targeted","70","5","95","95","20.418056826474576","79.31447927217776","79.31447927217776","fixed","1","1","50","2371","17","50","22631939","v2.0-design-v1.0","26.400000000000006","20.4","6.000000000000007","70.07034263671432","true","40.22999999999999","22.385999999999996","50","73.6","204","300","736","813","204","77","14","91","22","10200","3088","1319","4911","882","105","6230","20.4","0","50","1000","1997","3.994","66","4.8678187784324445","0","39.1","3.639393939393939","10","700","204"
"768","BA","1000","2","0.1","30","0.1","0.5","1","platform","targeted","70","5","95","95","20.418056826474576","79.31447927217776","79.31447927217776","fixed","1","1","50","2371","18","50","22631940","v2.0-design-v1.0","27.200000000000003","19.7","7.5000000000000036","69.17839310031775","true","41.20400000000001","23.84","50","72.8","197","300","728","787","204","59","29","95","21","10200","3048","1358","4996","798","124","6354","20.4","0","50","1000","1997","3.994","82","5.393426837647186","0","45.6","3.573737373737374","10","700","204"
"769","BA","1000","2","0.1","30","0.1","0.5","1","platform","targeted","70","5","95","95","20.418056826474576","79.31447927217776","79.31447927217776","fixed","1","1","50","2371","19","50","22631941","v2.0-design-v1.0","27.900000000000006","20.5","7.400000000000006","70.1794231205996","true","42.328","24.472000000000012","50","72.1","205","300","721","783","204","62","30","92","20","10200","3090","1313","4995","802","122","6308","20.4","0","50","1000","1997","3.994","131","5.726496027830342","0","43.5","3.594949494949495","10","700","204"
"770","BA","1000","2","0.1","30","0.1","0.5","1","platform","targeted","70","5","95","95","20.418056826474576","79.31447927217776","79.31447927217776","fixed","1","1","50","2371","20","50","22631942","v2.0-design-v1.0","27.10000000000001","21.3","5.800000000000008","71.16163890139576","true","40.51999999999999","22.052000000000003","50","72.89999999999999","213","300","729","801","204","72","16","93","23","10200","3161","1281","4944","814","109","6225","20.4","0","50","1000","1997","3.994","76","5.406958405536249","0","48.9","3.54040404040404","10","700","204"
"771","BA","1000","2","0.1","30","0.1","0.5","1","platform","targeted","70","5","95","95","20.418056826474576","79.31447927217776","79.31447927217776","fixed","1","1","50","2371","21","50","22631943","v2.0-design-v1.0","30.10000000000001","23.599999999999998","6.500000000000011","70.36783184829793","true","43.58000000000001","24.154","50","69.89999999999999","236","300","699","775","204","76","21","87","20","10200","3080","1297","4969","854","108","6266","20.4","0","50","1000","1997","3.994","81","5.250860456680927","0","45.3","3.576767676767677","10","700","204"
"772","BA","1000","2","0.1","30","0.1","0.5","1","platform","targeted","70","5","95","95","20.418056826474576","79.31447927217776","79.31447927217776","fixed","1","1","50","2371","22","50","22631944","v2.0-design-v1.0","27.799999999999997","20","7.799999999999997","71.10418521816563","true","41.652","24.567999999999994","50","72.2","200","300","722","793","204","71","20","91","22","10200","3194","1298","4903","805","111","6201","20.4","0","50","1000","1997","3.994","63","5.036002911568387","0","41.5","3.6151515151515152","10","700","204"
"774","BA","1000","2","0.1","30","0.1","0.5","1","platform","targeted","70","5","95","95","20.418056826474576","79.31447927217776","79.31447927217776","fixed","1","1","50","2371","24","50","22631946","v2.0-design-v1.0","31.599999999999994","21.5","10.099999999999994","69.80419910356215","true","45.482000000000006","26.961999999999993","50","68.4","215","300","684","760","204","76","23","94","11","10200","2959","1280","5259","702","117","6539","20.4","0","50","1000","1997","3.994","83","5.489818039070327","0","46.5","3.5646464646464646","10","700","204"
"773","BA","1000","2","0.1","30","0.1","0.5","1","platform","targeted","70","5","95","95","20.418056826474576","79.31447927217776","79.31447927217776","fixed","1","1","50","2371","23","50","22631945","v2.0-design-v1.0","26.299999999999997","20.3","5.9999999999999964","71.52110788474425","true","40.2","22.653999999999996","50","73.7","203","300","737","808","204","71","25","87","21","10200","3202","1275","4837","886","112","6112","20.4","0","50","1000","1997","3.994","110","5.468076797546262","0","41.3","3.617171717171717","10","700","204"
"775","BA","1000","2","0.1","30","0.1","0.5","1","platform","targeted","70","5","95","95","20.418056826474576","79.31447927217776","79.31447927217776","fixed","1","1","50","2371","25","50","22631947","v2.0-design-v1.0","27.299999999999997","20.4","6.899999999999999","70.25287356321839","true","42.900000000000006","25.24199999999999","50","72.7","204","300","727","799","204","72","26","86","20","10200","3056","1294","5016","834","112","6310","20.4","0","50","1000","1997","3.994","65","4.692332254005672","0","37.5","3.6555555555555554","10","700","204"
"777","BA","1000","2","0.1","30","0.1","0.5","1","platform","targeted","70","5","95","95","20.418056826474576","79.31447927217776","79.31447927217776","fixed","1","1","50","2371","27","50","22631949","v2.0-design-v1.0","28.700000000000003","20.4","8.300000000000004","69.55932203389831","true","41.76999999999998","23.784000000000002","50","71.3","204","300","713","794","204","81","22","82","19","10200","3078","1347","4937","838","104","6284","20.4","0","50","1000","1997","3.994","83","5.490729652069208","0","47","3.5595959595959594","10","700","204"
"776","BA","1000","2","0.1","30","0.1","0.5","1","platform","targeted","70","5","95","95","20.418056826474576","79.31447927217776","79.31447927217776","fixed","1","1","50","2371","26","50","22631948","v2.0-design-v1.0","29.299999999999997","20.1","9.199999999999996","70.24525682554373","true","43.698","26.127999999999997","50","70.7","201","300","707","776","204","69","32","88","15","10200","3036","1286","5091","787","120","6377","20.4","0","50","1000","1997","3.994","133","5.869447539114268","0","44","3.5898989898989897","10","700","204"
"778","BA","1000","2","0.1","30","0.1","0.5","1","platform","targeted","70","5","95","95","20.418056826474576","79.31447927217776","79.31447927217776","fixed","1","1","50","2371","28","50","22631950","v2.0-design-v1.0","27","21.5","5.5","70.93806104129264","true","41.434000000000005","23.259999999999987","50","73","215","300","730","802","204","72","23","88","21","10200","3161","1295","4813","931","111","6108","20.4","0","50","1000","1997","3.994","96","5.580600962898804","0","47.2","3.5575757575757576","10","700","204"
"779","BA","1000","2","0.1","30","0.1","0.5","1","platform","targeted","70","5","95","95","20.418056826474576","79.31447927217776","79.31447927217776","fixed","1","1","50","2371","29","50","22631951","v2.0-design-v1.0","29.400000000000006","21.3","8.100000000000005","69.89571263035921","true","43.02","24.531999999999993","50","70.6","213","300","706","777","204","71","24","89","20","10200","3016","1299","5052","833","113","6351","20.4","0","50","1000","1997","3.994","78","5.547498421697717","0","48.2","3.5474747474747477","10","700","204"
"780","BA","1000","2","0.1","30","0.1","0.5","1","platform","targeted","70","5","95","95","20.418056826474576","79.31447927217776","79.31447927217776","fixed","1","1","50","2371","30","50","22631952","v2.0-design-v1.0","29.299999999999997","21.099999999999998","8.2","70.89874857792947","true","43.91","25.736","50","70.7","211","300","707","781","204","74","28","88","14","10200","3116","1279","5018","787","116","6297","20.4","0","50","1000","1997","3.994","86","5.063556418526753","0","39.7","3.6333333333333333","10","700","204"
"781","BA","1000","2","0.1","30","0.1","0.5","1","platform","targeted","70","5","95","95","75.04923044503948","98.76073948030881","98.76073948030881","fixed","1","1","50","2372","1","50","22632923","v2.0-design-v1.0","100","36.3","63.7","45.412844036697244","true","99.624","80.63600000000001","50","0","363","300","0","0","750","0","14","736","0","37500","396","476","36625","3","750","37101","75","0","50","1000","1997","3.994","71","4.929123680763157","0","41.6","3.614141414141414","10","700","750"
"782","BA","1000","2","0.1","30","0.1","0.5","1","platform","targeted","70","5","95","95","75.04923044503948","98.76073948030881","98.76073948030881","fixed","1","1","50","2372","2","50","22632924","v2.0-design-v1.0","100","37.6","62.4","46.281908990011104","true","99.63","79.69600000000001","50","0","376","300","0","0","750","0","6","744","0","37500","417","484","36593","6","750","37077","75","0","50","1000","1997","3.994","109","5.481606699865646","0","41.9","3.611111111111111","10","700","750"
"783","BA","1000","2","0.1","30","0.1","0.5","1","platform","targeted","70","5","95","95","75.04923044503948","98.76073948030881","98.76073948030881","fixed","1","1","50","2372","3","50","22632925","v2.0-design-v1.0","100","37.5","62.5","45.45454545454545","true","99.698","79.194","50","0","375","300","0","0","750","0","6","744","0","37500","405","486","36605","4","750","37091","75","0","50","1000","1997","3.994","91","5.373903873613925","0","42.8","3.602020202020202","10","700","750"
"784","BA","1000","2","0.1","30","0.1","0.5","1","platform","targeted","70","5","95","95","75.04923044503948","98.76073948030881","98.76073948030881","fixed","1","1","50","2372","4","50","22632926","v2.0-design-v1.0","100","37.1","62.9","46.349557522123895","true","99.64","78.73199999999999","50","0","371","300","0","0","750","0","5","745","0","37500","419","485","36586","10","750","37071","75","0","50","1000","1997","3.994","103","5.312267329886933","0","40.7","3.6232323232323234","10","700","750"
"785","BA","1000","2","0.1","30","0.1","0.5","1","platform","targeted","70","5","95","95","75.04923044503948","98.76073948030881","98.76073948030881","fixed","1","1","50","2372","5","50","22632927","v2.0-design-v1.0","100","37.6","62.4","46.38487208008899","true","99.67399999999999","79.44800000000001","50","0","376","300","0","0","750","0","8","742","0","37500","417","482","36595","6","750","37077","75","0","50","1000","1997","3.994","45","4.789666471154836","0","38.8","3.6424242424242426","10","700","750"
"786","BA","1000","2","0.1","30","0.1","0.5","1","platform","targeted","70","5","95","95","75.04923044503948","98.76073948030881","98.76073948030881","fixed","1","1","50","2372","6","50","22632928","v2.0-design-v1.0","100","35.6","64.4","48.75","true","99.618","80.274","50","0","356","300","0","0","750","0","6","744","0","37500","429","451","36615","5","750","37066","75","0","50","1000","1997","3.994","71","5.157767595245686","0","43.5","3.594949494949495","10","700","750"
"787","BA","1000","2","0.1","30","0.1","0.5","1","platform","targeted","70","5","95","95","75.04923044503948","98.76073948030881","98.76073948030881","fixed","1","1","50","2372","7","50","22632929","v2.0-design-v1.0","100","37.2","62.8","47.737556561085974","true","99.648","78.542","50","0","372","300","0","0","750","0","4","746","0","37500","422","462","36612","4","750","37074","75","0","50","1000","1997","3.994","92","5.636642239466295","0","45.9","3.5707070707070705","10","700","750"
"788","BA","1000","2","0.1","30","0.1","0.5","1","platform","targeted","70","5","95","95","75.04923044503948","98.76073948030881","98.76073948030881","fixed","1","1","50","2372","8","50","22632930","v2.0-design-v1.0","100","34.1","65.9","47.67580452920143","true","99.63","80.33600000000006","50","0","341","300","0","0","750","0","10","740","0","37500","400","439","36651","10","750","37090","75","0","50","1000","1997","3.994","84","5.340644763180417","0","43.4","3.595959595959596","10","700","750"
"789","BA","1000","2","0.1","30","0.1","0.5","1","platform","targeted","70","5","95","95","75.04923044503948","98.76073948030881","98.76073948030881","fixed","1","1","50","2372","9","50","22632931","v2.0-design-v1.0","100","34","66","48.51013110846246","true","99.704","80.85600000000001","50","0","340","300","0","0","750","0","11","739","0","37500","407","432","36658","3","750","37090","75","0","50","1000","1997","3.994","52","4.82298924166591","0","39.4","3.6363636363636362","10","700","750"
"790","BA","1000","2","0.1","30","0.1","0.5","1","platform","targeted","70","5","95","95","75.04923044503948","98.76073948030881","98.76073948030881","fixed","1","1","50","2372","10","50","22632932","v2.0-design-v1.0","100","34.9","65.1","48.93138357705287","true","99.64","81.12600000000002","50","0","349","300","0","0","750","0","12","738","0","37500","435","454","36604","7","750","37058","75","0","50","1000","1997","3.994","69","5.034412508854356","0","41.3","3.617171717171717","10","700","750"
"791","BA","1000","2","0.1","30","0.1","0.5","1","platform","targeted","70","5","95","95","75.04923044503948","98.76073948030881","98.76073948030881","fixed","1","1","50","2372","11","50","22632933","v2.0-design-v1.0","100","34.5","65.5","48.69169510807736","true","99.598","80.36200000000001","50","0","345","300","0","0","750","0","8","742","0","37500","428","451","36617","4","750","37068","75","0","50","1000","1997","3.994","77","5.209136118311657","0","44.5","3.584848484848485","10","700","750"
"792","BA","1000","2","0.1","30","0.1","0.5","1","platform","targeted","70","5","95","95","75.04923044503948","98.76073948030881","98.76073948030881","fixed","1","1","50","2372","12","50","22632934","v2.0-design-v1.0","100","35.9","64.1","47.57396449704142","true","99.616","79.78599999999997","50","0","359","300","0","0","750","0","5","745","0","37500","402","443","36654","1","750","37097","75","0","50","1000","1997","3.994","65","5.204329836688773","0","44.3","3.5868686868686868","10","700","750"
"793","BA","1000","2","0.1","30","0.1","0.5","1","platform","targeted","70","5","95","95","75.04923044503948","98.76073948030881","98.76073948030881","fixed","1","1","50","2372","13","50","22632935","v2.0-design-v1.0","100","35.199999999999996","64.80000000000001","49.53379953379953","true","99.66","80.214","50","0","352","300","0","0","750","0","9","741","0","37500","425","433","36635","7","750","37068","75","0","50","1000","1997","3.994","111","5.674342443152521","0","46.1","3.5686868686868687","10","700","750"
"794","BA","1000","2","0.1","30","0.1","0.5","1","platform","targeted","70","5","95","95","75.04923044503948","98.76073948030881","98.76073948030881","fixed","1","1","50","2372","14","50","22632936","v2.0-design-v1.0","100","34.8","65.2","50","true","99.554","79.70599999999999","50","0","348","300","0","0","750","0","6","744","0","37500","442","442","36608","8","750","37050","75","0","50","1000","1997","3.994","78","5.380233350971945","0","46","3.56969696969697","10","700","750"
"795","BA","1000","2","0.1","30","0.1","0.5","1","platform","targeted","70","5","95","95","75.04923044503948","98.76073948030881","98.76073948030881","fixed","1","1","50","2372","15","50","22632937","v2.0-design-v1.0","100","32.1","67.9","49.21402660217654","true","99.64399999999999","81.43600000000004","50","0","321","300","0","0","750","0","6","744","0","37500","407","420","36671","2","750","37091","75","0","50","1000","1997","3.994","70","5.031230195218379","0","40.2","3.628282828282828","10","700","750"
"797","BA","1000","2","0.1","30","0.1","0.5","1","platform","targeted","70","5","95","95","75.04923044503948","98.76073948030881","98.76073948030881","fixed","1","1","50","2372","17","50","22632939","v2.0-design-v1.0","100","37.8","62.2","48.23261117445838","true","99.646","79.73599999999999","50","0","378","300","0","0","750","0","11","739","0","37500","423","454","36617","6","750","37071","75","0","50","1000","1997","3.994","70","5.019677396124283","0","41.1","3.6191919191919193","10","700","750"
"798","BA","1000","2","0.1","30","0.1","0.5","1","platform","targeted","70","5","95","95","75.04923044503948","98.76073948030881","98.76073948030881","fixed","1","1","50","2372","18","50","22632940","v2.0-design-v1.0","100","35.3","64.7","48.095238095238095","true","99.67","80.51399999999998","50","0","353","300","0","0","750","0","6","744","0","37500","404","436","36657","3","750","37093","75","0","50","1000","1997","3.994","80","5.437419381428052","0","46.8","3.5616161616161617","10","700","750"
"796","BA","1000","2","0.1","30","0.1","0.5","1","platform","targeted","70","5","95","95","75.04923044503948","98.76073948030881","98.76073948030881","fixed","1","1","50","2372","16","50","22632938","v2.0-design-v1.0","100","35","65","49.2485549132948","true","99.67","81.15400000000001","50","0","350","300","0","0","750","0","7","743","0","37500","426","439","36629","6","750","37068","75","0","50","1000","1997","3.994","104","5.253909741094483","0","39.6","3.6343434343434344","10","700","750"
"799","BA","1000","2","0.1","30","0.1","0.5","1","platform","targeted","70","5","95","95","75.04923044503948","98.76073948030881","98.76073948030881","fixed","1","1","50","2372","19","50","22632941","v2.0-design-v1.0","100","35.5","64.5","47.49124854142357","true","99.63","79.65799999999999","50","0","355","300","0","0","750","0","6","744","0","37500","407","450","36635","8","750","37085","75","0","50","1000","1997","3.994","77","5.045931571615425","0","41.1","3.6191919191919193","10","700","750"
"800","BA","1000","2","0.1","30","0.1","0.5","1","platform","targeted","70","5","95","95","75.04923044503948","98.76073948030881","98.76073948030881","fixed","1","1","50","2372","20","50","22632942","v2.0-design-v1.0","100","36","64","46.893317702227435","true","99.682","80.59800000000001","50","0","360","300","0","0","750","0","11","739","0","37500","400","453","36641","6","750","37094","75","0","50","1000","1997","3.994","76","4.991280083994166","0","39.8","3.632323232323232","10","700","750"
"801","BA","1000","2","0.1","30","0.1","0.5","1","platform","targeted","70","5","95","95","75.04923044503948","98.76073948030881","98.76073948030881","fixed","1","1","50","2372","21","50","22632943","v2.0-design-v1.0","100","34.8","65.2","48.47417840375587","true","99.596","80.63999999999999","50","0","348","300","0","0","750","0","8","742","0","37500","413","439","36641","7","750","37080","75","0","50","1000","1997","3.994","85","5.462765399118446","0","45.6","3.573737373737374","10","700","750"
"802","BA","1000","2","0.1","30","0.1","0.5","1","platform","targeted","70","5","95","95","75.04923044503948","98.76073948030881","98.76073948030881","fixed","1","1","50","2372","22","50","22632944","v2.0-design-v1.0","100","36.1","63.9","48.4641638225256","true","99.64","79.904","50","0","361","300","0","0","750","0","10","740","0","37500","426","453","36613","8","750","37066","75","0","50","1000","1997","3.994","76","5.121933052881313","0","42.6","3.604040404040404","10","700","750"
"803","BA","1000","2","0.1","30","0.1","0.5","1","platform","targeted","70","5","95","95","75.04923044503948","98.76073948030881","98.76073948030881","fixed","1","1","50","2372","23","50","22632945","v2.0-design-v1.0","100","36.9","63.1","47.87472035794183","true","99.554","79.73599999999999","50","0","369","300","0","0","750","0","9","741","0","37500","428","466","36601","5","750","37067","75","0","50","1000","1997","3.994","66","4.9713859917208785","0","40.9","3.621212121212121","10","700","750"
"805","BA","1000","2","0.1","30","0.1","0.5","1","platform","targeted","70","5","95","95","75.04923044503948","98.76073948030881","98.76073948030881","fixed","1","1","50","2372","25","50","22632947","v2.0-design-v1.0","100","34.9","65.1","46.2253193960511","true","99.742","80.16199999999999","50","0","349","300","0","0","750","0","6","744","0","37500","398","463","36634","5","750","37097","75","0","50","1000","1997","3.994","96","5.317917284449257","0","43.7","3.592929292929293","10","700","750"
"806","BA","1000","2","0.1","30","0.1","0.5","1","platform","targeted","70","5","95","95","75.04923044503948","98.76073948030881","98.76073948030881","fixed","1","1","50","2372","26","50","22632948","v2.0-design-v1.0","100","35.4","64.6","45.63758389261745","true","99.63600000000001","80.746","50","0","354","300","0","0","750","0","14","736","0","37500","408","486","36602","4","750","37088","75","0","50","1000","1997","3.994","94","5.399548047672047","0","43.9","3.590909090909091","10","700","750"
"804","BA","1000","2","0.1","30","0.1","0.5","1","platform","targeted","70","5","95","95","75.04923044503948","98.76073948030881","98.76073948030881","fixed","1","1","50","2372","24","50","22632946","v2.0-design-v1.0","100","36.5","63.5","47.1444568868981","true","99.574","79.752","50","0","365","300","0","0","750","0","5","745","0","37500","421","472","36598","9","750","37070","75","0","50","1000","1997","3.994","87","5.176172017693835","0","42.6","3.604040404040404","10","700","750"
"807","BA","1000","2","0.1","30","0.1","0.5","1","platform","targeted","70","5","95","95","75.04923044503948","98.76073948030881","98.76073948030881","fixed","1","1","50","2372","27","50","22632949","v2.0-design-v1.0","100","37.3","62.7","46.32516703786192","true","99.62200000000001","78.50799999999998","50","0","373","300","0","0","750","0","8","742","0","37500","416","482","36598","4","750","37080","75","0","50","1000","1997","3.994","113","5.9677112511898445","0","48","3.5494949494949495","10","700","750"
"809","BA","1000","2","0.1","30","0.1","0.5","1","platform","targeted","70","5","95","95","75.04923044503948","98.76073948030881","98.76073948030881","fixed","1","1","50","2372","29","50","22632951","v2.0-design-v1.0","100","37.4","62.6","46.94570135746606","true","99.676","78.422","50","0","374","300","0","0","750","0","8","742","0","37500","415","469","36613","3","750","37082","75","0","50","1000","1997","3.994","73","5.667634964082108","0","49.7","3.5323232323232325","10","700","750"
"808","BA","1000","2","0.1","30","0.1","0.5","1","platform","targeted","70","5","95","95","75.04923044503948","98.76073948030881","98.76073948030881","fixed","1","1","50","2372","28","50","22632950","v2.0-design-v1.0","100","35.9","64.1","46.52777777777778","true","99.67399999999999","80.55199999999999","50","0","359","300","0","0","750","0","10","740","0","37500","402","462","36632","4","750","37094","75","0","50","1000","1997","3.994","70","4.771449541882491","0","37.7","3.6535353535353536","10","700","750"
"810","BA","1000","2","0.1","30","0.1","0.5","1","platform","targeted","70","5","95","95","75.04923044503948","98.76073948030881","98.76073948030881","fixed","1","1","50","2372","30","50","22632952","v2.0-design-v1.0","100","33.900000000000006","66.1","48.275862068965516","true","99.66799999999999","81.366","50","0","339","300","0","0","750","0","7","743","0","37500","406","435","36656","3","750","37091","75","0","50","1000","1997","3.994","60","4.647102275564796","0","36.1","3.66969696969697","10","700","750"
"811","BA","1000","2","0.1","30","0.1","0.5","1","platform","targeted","70","5","95","95","42.13750819200796","95.3981075500259","95.3981075500259","fixed","1","1","50","2373","1","50","22633923","v2.0-design-v1.0","81.3","42","39.3","66.8918918918919","true","81.864","54.60199999999999","50","18.7","420","300","187","224","421","37","16","368","0","21050","1881","931","18138","100","384","19069","42.1","0","50","1000","1997","3.994","83","5.130915151343881","0","43.1","3.598989898989899","10","700","421"
"812","BA","1000","2","0.1","30","0.1","0.5","1","platform","targeted","70","5","95","95","42.13750819200796","95.3981075500259","95.3981075500259","fixed","1","1","50","2373","2","50","22633924","v2.0-design-v1.0","78.4","40.6","37.800000000000004","68.72766261615439","true","81.052","54.850000000000016","50","21.6","406","300","216","247","421","31","17","368","5","21050","1923","875","18158","94","385","19033","42.1","0","50","1000","1997","3.994","73","5.534129614545588","0","47.9","3.5505050505050506","10","700","421"
"813","BA","1000","2","0.1","30","0.1","0.5","1","platform","targeted","70","5","95","95","42.13750819200796","95.3981075500259","95.3981075500259","fixed","1","1","50","2373","3","50","22633925","v2.0-design-v1.0","75.1","39.7","35.39999999999999","70.7090788601723","true","77.19799999999998","50.11","50","24.9","397","300","249","287","421","38","18","365","0","21050","2134","884","17921","111","383","18805","42.1","0","50","1000","1997","3.994","155","6.362267083551487","0","46.9","3.5606060606060606","10","700","421"
"814","BA","1000","2","0.1","30","0.1","0.5","1","platform","targeted","70","5","95","95","42.13750819200796","95.3981075500259","95.3981075500259","fixed","1","1","50","2373","4","50","22633926","v2.0-design-v1.0","81","42.3","38.7","66.92223439211391","true","82.38599999999998","55.022","50","19","423","300","190","213","421","23","24","373","1","21050","1833","906","18237","74","397","19143","42.1","0","50","1000","1997","3.994","59","4.981242493271801","0","43","3.6","10","700","421"
"815","BA","1000","2","0.1","30","0.1","0.5","1","platform","targeted","70","5","95","95","42.13750819200796","95.3981075500259","95.3981075500259","fixed","1","1","50","2373","5","50","22633927","v2.0-design-v1.0","80.1","40.5","39.599999999999994","69.37956204379562","true","81.27999999999999","55.006","50","19.900000000000002","405","300","199","234","421","35","11","374","1","21050","1901","839","18208","102","385","19047","42.1","0","50","1000","1997","3.994","69","4.988270927570669","0","39.1","3.639393939393939","10","700","421"
"816","BA","1000","2","0.1","30","0.1","0.5","1","platform","targeted","70","5","95","95","42.13750819200796","95.3981075500259","95.3981075500259","fixed","1","1","50","2373","6","50","22633928","v2.0-design-v1.0","80","40.6","39.4","68.30065359477125","true","81.404","54.94399999999999","50","20","406","300","200","234","421","34","20","367","0","21050","1881","873","18203","93","387","19076","42.1","0","50","1000","1997","3.994","87","5.221611746312547","0","43","3.6","10","700","421"
"817","BA","1000","2","0.1","30","0.1","0.5","1","platform","targeted","70","5","95","95","42.13750819200796","95.3981075500259","95.3981075500259","fixed","1","1","50","2373","7","50","22633929","v2.0-design-v1.0","79.7","41.199999999999996","38.50000000000001","68.49842492124606","true","80.226","53.816","50","20.3","412","300","203","240","421","37","16","367","1","21050","1957","900","18112","81","383","19012","42.1","0","50","1000","1997","3.994","93","5.52453477538918","0","44","3.5898989898989897","10","700","421"
"818","BA","1000","2","0.1","30","0.1","0.5","1","platform","targeted","70","5","95","95","42.13750819200796","95.3981075500259","95.3981075500259","fixed","1","1","50","2373","8","50","22633930","v2.0-design-v1.0","79.5","41.9","37.6","67.46278989269643","true","80.936","54.75399999999999","50","20.5","419","300","205","231","421","26","26","365","4","21050","1949","940","18068","93","391","19008","42.1","0","50","1000","1997","3.994","117","5.59546899493449","0","44.5","3.584848484848485","10","700","421"
"819","BA","1000","2","0.1","30","0.1","0.5","1","platform","targeted","70","5","95","95","42.13750819200796","95.3981075500259","95.3981075500259","fixed","1","1","50","2373","9","50","22633931","v2.0-design-v1.0","77.8","41.8","36","69.51724137931035","true","79.25600000000003","51.90599999999999","50","22.2","418","300","222","259","421","37","22","360","2","21050","2016","884","18054","96","382","18938","42.1","0","50","1000","1997","3.994","73","5.197786161528856","0","46.2","3.5676767676767676","10","700","421"
"820","BA","1000","2","0.1","30","0.1","0.5","1","platform","targeted","70","5","95","95","42.13750819200796","95.3981075500259","95.3981075500259","fixed","1","1","50","2373","10","50","22633932","v2.0-design-v1.0","77.5","41","36.5","68.87550200803213","true","79.72400000000002","52.54800000000001","50","22.5","410","300","225","269","421","44","25","348","4","21050","2058","930","17950","112","373","18880","42.1","0","50","1000","1997","3.994","96","5.2909316720174955","0","41.9","3.611111111111111","10","700","421"
"822","BA","1000","2","0.1","30","0.1","0.5","1","platform","targeted","70","5","95","95","42.13750819200796","95.3981075500259","95.3981075500259","fixed","1","1","50","2373","12","50","22633934","v2.0-design-v1.0","79.5","42.3","37.2","68.084345961401","true","80.822","53.45399999999999","50","20.5","423","300","205","232","421","27","13","378","3","21050","1905","893","18165","87","391","19058","42.1","0","50","1000","1997","3.994","100","5.566412574445848","0","45.3","3.576767676767677","10","700","421"
"821","BA","1000","2","0.1","30","0.1","0.5","1","platform","targeted","70","5","95","95","42.13750819200796","95.3981075500259","95.3981075500259","fixed","1","1","50","2373","11","50","22633933","v2.0-design-v1.0","76.4","39.7","36.7","70.94455852156058","true","78.16799999999999","52.71199999999999","50","23.599999999999998","397","300","236","283","421","47","14","357","3","21050","2073","849","18008","120","371","18857","42.1","0","50","1000","1997","3.994","86","5.5924269543051865","0","48.7","3.5424242424242425","10","700","421"
"824","BA","1000","2","0.1","30","0.1","0.5","1","platform","targeted","70","5","95","95","42.13750819200796","95.3981075500259","95.3981075500259","fixed","1","1","50","2373","14","50","22633936","v2.0-design-v1.0","81","40.300000000000004","40.699999999999996","68.12194203989462","true","81.514","55.794000000000004","50","19","403","300","190","212","421","22","20","379","0","21050","1810","847","18320","73","399","19167","42.1","0","50","1000","1997","3.994","106","5.461482563534529","0","42.1","3.609090909090909","10","700","421"
"823","BA","1000","2","0.1","30","0.1","0.5","1","platform","targeted","70","5","95","95","42.13750819200796","95.3981075500259","95.3981075500259","fixed","1","1","50","2373","13","50","22633935","v2.0-design-v1.0","80.7","41.5","39.2","66.6545189504373","true","81.63999999999999","54.67199999999999","50","19.3","415","300","193","224","421","31","21","366","3","21050","1829","915","18209","97","387","19124","42.1","0","50","1000","1997","3.994","76","5.174237792828678","0","42.2","3.608080808080808","10","700","421"
"826","BA","1000","2","0.1","30","0.1","0.5","1","platform","targeted","70","5","95","95","42.13750819200796","95.3981075500259","95.3981075500259","fixed","1","1","50","2373","16","50","22633938","v2.0-design-v1.0","80.3","40","40.3","68.97182583241859","true","81.536","55.59199999999998","50","19.7","400","300","197","230","421","33","16","369","3","21050","1885","848","18226","91","385","19074","42.1","0","50","1000","1997","3.994","65","5.179265274996899","0","44.2","3.587878787878788","10","700","421"
"825","BA","1000","2","0.1","30","0.1","0.5","1","platform","targeted","70","5","95","95","42.13750819200796","95.3981075500259","95.3981075500259","fixed","1","1","50","2373","15","50","22633937","v2.0-design-v1.0","78.5","41.699999999999996","36.800000000000004","71.13543091655266","true","79.77","53.11000000000002","50","21.5","417","300","215","247","421","32","20","365","4","21050","2080","844","18024","102","385","18868","42.1","0","50","1000","1997","3.994","61","4.830869621641761","0","40.7","3.6232323232323234","10","700","421"
"827","BA","1000","2","0.1","30","0.1","0.5","1","platform","targeted","70","5","95","95","42.13750819200796","95.3981075500259","95.3981075500259","fixed","1","1","50","2373","17","50","22633939","v2.0-design-v1.0","79.1","40.5","38.599999999999994","67.76173285198556","true","81.52400000000003","54.922000000000004","50","20.9","405","300","209","255","421","46","24","348","3","21050","1877","893","18176","104","372","19069","42.1","0","50","1000","1997","3.994","89","5.781296341426142","0","50.5","3.5242424242424244","10","700","421"
"828","BA","1000","2","0.1","30","0.1","0.5","1","platform","targeted","70","5","95","95","42.13750819200796","95.3981075500259","95.3981075500259","fixed","1","1","50","2373","18","50","22633940","v2.0-design-v1.0","79.1","39.7","39.39999999999999","69.7080291970803","true","80.72399999999999","54.926","50","20.9","397","300","209","251","421","42","13","364","2","21050","1910","830","18206","104","377","19036","42.1","0","50","1000","1997","3.994","59","4.955453614001487","0","41.7","3.613131313131313","10","700","421"
"830","BA","1000","2","0.1","30","0.1","0.5","1","platform","targeted","70","5","95","95","42.13750819200796","95.3981075500259","95.3981075500259","fixed","1","1","50","2373","20","50","22633942","v2.0-design-v1.0","80.8","40.1","40.699999999999996","66.67904903417534","true","82.04800000000002","55.50399999999999","50","19.2","401","300","192","221","421","29","19","370","3","21050","1795","897","18280","78","389","19177","42.1","0","50","1000","1997","3.994","71","5.177718877340937","0","43.6","3.5939393939393938","10","700","421"
"829","BA","1000","2","0.1","30","0.1","0.5","1","platform","targeted","70","5","95","95","42.13750819200796","95.3981075500259","95.3981075500259","fixed","1","1","50","2373","19","50","22633941","v2.0-design-v1.0","80.6","41.199999999999996","39.4","68.52972588109647","true","81.27399999999999","54.99799999999998","50","19.400000000000002","412","300","194","233","421","39","17","365","0","21050","1925","884","18147","94","382","19031","42.1","0","50","1000","1997","3.994","73","4.805731896294151","0","39.7","3.6333333333333333","10","700","421"
"832","BA","1000","2","0.1","30","0.1","0.5","1","platform","targeted","70","5","95","95","42.13750819200796","95.3981075500259","95.3981075500259","fixed","1","1","50","2373","22","50","22633944","v2.0-design-v1.0","80.1","40.300000000000004","39.79999999999999","68.71301775147928","true","81.06600000000003","55.464000000000006","50","19.900000000000002","403","300","199","240","421","41","21","357","2","21050","1858","846","18267","79","378","19113","42.1","0","50","1000","1997","3.994","106","5.388784928256361","0","43.5","3.594949494949495","10","700","421"
"831","BA","1000","2","0.1","30","0.1","0.5","1","platform","targeted","70","5","95","95","42.13750819200796","95.3981075500259","95.3981075500259","fixed","1","1","50","2373","21","50","22633943","v2.0-design-v1.0","77","40.300000000000004","36.699999999999996","71.49901380670612","true","78.92","52.76599999999999","50","23","403","300","230","268","421","38","18","364","1","21050","2175","867","17896","112","382","18763","42.1","0","50","1000","1997","3.994","73","5.351878792219282","0","46.5","3.5646464646464646","10","700","421"
"833","BA","1000","2","0.1","30","0.1","0.5","1","platform","targeted","70","5","95","95","42.13750819200796","95.3981075500259","95.3981075500259","fixed","1","1","50","2373","23","50","22633945","v2.0-design-v1.0","79.4","40.699999999999996","38.70000000000001","69.05352711804325","true","80.808","54.4","50","20.599999999999998","407","300","206","248","421","42","19","357","3","21050","1948","873","18125","104","376","18998","42.1","0","50","1000","1997","3.994","66","4.906530142375358","0","42.4","3.606060606060606","10","700","421"
"834","BA","1000","2","0.1","30","0.1","0.5","1","platform","targeted","70","5","95","95","42.13750819200796","95.3981075500259","95.3981075500259","fixed","1","1","50","2373","24","50","22633946","v2.0-design-v1.0","77.6","41.099999999999994","36.5","69.85167299068644","true","79.75600000000001","53.034000000000006","50","22.400000000000002","411","300","224","256","421","32","19","369","1","21050","2025","874","18043","108","388","18917","42.1","0","50","1000","1997","3.994","62","4.950805436944014","0","41.4","3.6161616161616164","10","700","421"
"835","BA","1000","2","0.1","30","0.1","0.5","1","platform","targeted","70","5","95","95","42.13750819200796","95.3981075500259","95.3981075500259","fixed","1","1","50","2373","25","50","22633947","v2.0-design-v1.0","77.1","39.7","37.39999999999999","70.28753993610223","true","78.66199999999999","52.73999999999999","50","22.900000000000002","397","300","229","269","421","40","16","365","0","21050","1980","837","18130","103","381","18967","42.1","0","50","1000","1997","3.994","84","5.602798885856534","0","47.9","3.5505050505050506","10","700","421"
"836","BA","1000","2","0.1","30","0.1","0.5","1","platform","targeted","70","5","95","95","42.13750819200796","95.3981075500259","95.3981075500259","fixed","1","1","50","2373","26","50","22633948","v2.0-design-v1.0","78.4","40.699999999999996","37.70000000000001","69.8576512455516","true","79.628","53.43600000000001","50","21.6","407","300","216","264","421","48","27","342","4","21050","1963","847","18156","84","369","19003","42.1","0","50","1000","1997","3.994","64","4.991079530008994","0","41.9","3.611111111111111","10","700","421"
"837","BA","1000","2","0.1","30","0.1","0.5","1","platform","targeted","70","5","95","95","42.13750819200796","95.3981075500259","95.3981075500259","fixed","1","1","50","2373","27","50","22633949","v2.0-design-v1.0","78.4","41.699999999999996","36.70000000000001","69.51219512195121","true","79.942","53.18000000000001","50","21.6","417","300","216","243","421","27","22","371","1","21050","1995","875","18095","85","393","18970","42.1","0","50","1000","1997","3.994","111","5.468442910725846","0","42.8","3.602020202020202","10","700","421"
"838","BA","1000","2","0.1","30","0.1","0.5","1","platform","targeted","70","5","95","95","42.13750819200796","95.3981075500259","95.3981075500259","fixed","1","1","50","2373","28","50","22633950","v2.0-design-v1.0","78.5","40.5","38","70.65032345931222","true","79.142","52.953999999999986","50","21.5","405","300","215","255","421","40","18","363","0","21050","2075","862","18017","96","381","18879","42.1","0","50","1000","1997","3.994","67","5.321304377714191","0","44.5","3.584848484848485","10","700","421"
"839","BA","1000","2","0.1","30","0.1","0.5","1","platform","targeted","70","5","95","95","42.13750819200796","95.3981075500259","95.3981075500259","fixed","1","1","50","2373","29","50","22633951","v2.0-design-v1.0","79.7","40.8","38.900000000000006","66.76449009537784","true","81.60400000000001","55.970000000000006","50","20.3","408","300","203","233","421","30","25","362","4","21050","1820","906","18228","96","387","19134","42.1","0","50","1000","1997","3.994","129","6.168307062072405","0","48.6","3.5434343434343436","10","700","421"
"840","BA","1000","2","0.1","30","0.1","0.5","1","platform","targeted","70","5","95","95","42.13750819200796","95.3981075500259","95.3981075500259","fixed","1","1","50","2373","30","50","22633952","v2.0-design-v1.0","79.2","38.5","40.7","69.22511935365407","true","80.77","55.816","50","20.8","385","300","208","248","421","40","17","363","1","21050","1885","838","18238","89","380","19076","42.1","0","50","1000","1997","3.994","80","5.168237095439276","0","44.6","3.583838383838384","10","700","421"
"841","BA","1000","2","0.1","30","0.1","0.5","1","platform","targeted","70","5","95","95","26.434256210664923","96.6377938870691","96.6377938870691","fixed","1","1","50","2374","1","50","22634923","v2.0-design-v1.0","60.4","19.5","40.9","87.92203271841281","true","65.35600000000001","53.076","50","39.6","195","300","396","442","264","46","7","207","4","13200","2526","347","10238","89","214","10585","26.4","0","50","1000","1997","3.994","76","5.111956190744986","0","42.5","3.605050505050505","10","700","264"
"842","BA","1000","2","0.1","30","0.1","0.5","1","platform","targeted","70","5","95","95","26.434256210664923","96.6377938870691","96.6377938870691","fixed","1","1","50","2374","2","50","22634924","v2.0-design-v1.0","59.9","20.5","39.4","88.379705400982","true","64.50200000000001","52.808000000000014","50","40.1","205","300","401","469","264","68","8","187","1","13200","2700","355","10061","84","195","10416","26.4","0","50","1000","1997","3.994","80","5.296604385643499","0","44.4","3.585858585858586","10","700","264"
"843","BA","1000","2","0.1","30","0.1","0.5","1","platform","targeted","70","5","95","95","26.434256210664923","96.6377938870691","96.6377938870691","fixed","1","1","50","2374","3","50","22634925","v2.0-design-v1.0","60.6","19.8","40.8","87.9491833030853","true","65.10600000000001","53.643999999999984","50","39.4","198","300","394","446","264","52","5","204","3","13200","2423","332","10364","81","209","10696","26.4","0","50","1000","1997","3.994","83","5.256005097941732","0","43.8","3.591919191919192","10","700","264"
"844","BA","1000","2","0.1","30","0.1","0.5","1","platform","targeted","70","5","95","95","26.434256210664923","96.6377938870691","96.6377938870691","fixed","1","1","50","2374","4","50","22634926","v2.0-design-v1.0","59.1","18.7","40.400000000000006","88.52292020373514","true","63.906000000000034","52.00999999999999","50","40.9","187","300","409","461","264","52","6","206","0","13200","2607","338","10153","102","212","10491","26.4","0","50","1000","1997","3.994","75","5.411214766135709","0","47.4","3.5555555555555554","10","700","264"
"845","BA","1000","2","0.1","30","0.1","0.5","1","platform","targeted","70","5","95","95","26.434256210664923","96.6377938870691","96.6377938870691","fixed","1","1","50","2374","5","50","22634927","v2.0-design-v1.0","63.1","21.099999999999998","42","87.6950998185118","true","66.56800000000001","54.05399999999998","50","36.9","211","300","369","413","264","44","7","213","0","13200","2416","339","10374","71","220","10713","26.4","0","50","1000","1997","3.994","79","5.325629195346427","0","43.6","3.5939393939393938","10","700","264"
"846","BA","1000","2","0.1","30","0.1","0.5","1","platform","targeted","70","5","95","95","26.434256210664923","96.6377938870691","96.6377938870691","fixed","1","1","50","2374","6","50","22634928","v2.0-design-v1.0","61.199999999999996","21.9","39.3","85.64356435643565","true","65.558","51.30800000000002","50","38.800000000000004","219","300","388","444","264","56","10","197","1","13200","2422","406","10272","100","207","10678","26.4","0","50","1000","1997","3.994","99","5.682803732160576","0","46.3","3.566666666666667","10","700","264"
"847","BA","1000","2","0.1","30","0.1","0.5","1","platform","targeted","70","5","95","95","26.434256210664923","96.6377938870691","96.6377938870691","fixed","1","1","50","2374","7","50","22634929","v2.0-design-v1.0","62.5","20.1","42.4","87.58941344778255","true","66.082","53.770000000000024","50","37.5","201","300","375","434","264","59","8","195","2","13200","2449","347","10319","85","203","10666","26.4","0","50","1000","1997","3.994","64","4.9580789169341","0","41.2","3.618181818181818","10","700","264"
"848","BA","1000","2","0.1","30","0.1","0.5","1","platform","targeted","70","5","95","95","26.434256210664923","96.6377938870691","96.6377938870691","fixed","1","1","50","2374","8","50","22634930","v2.0-design-v1.0","59.599999999999994","19.8","39.8","88.53858784893268","true","63.848","51.77799999999999","50","40.400000000000006","198","300","404","467","264","63","6","194","1","13200","2696","349","10040","115","200","10389","26.4","0","50","1000","1997","3.994","57","4.828382470069783","0","39.2","3.6383838383838385","10","700","264"
"849","BA","1000","2","0.1","30","0.1","0.5","1","platform","targeted","70","5","95","95","26.434256210664923","96.6377938870691","96.6377938870691","fixed","1","1","50","2374","9","50","22634931","v2.0-design-v1.0","61.4","19.3","42.099999999999994","87.78378378378379","true","66.32000000000002","54.256","50","38.6","193","300","386","440","264","54","8","200","2","13200","2436","339","10336","89","208","10675","26.4","0","50","1000","1997","3.994","83","5.131695460400805","0","41.8","3.6121212121212123","10","700","264"
"850","BA","1000","2","0.1","30","0.1","0.5","1","platform","targeted","70","5","95","95","26.434256210664923","96.6377938870691","96.6377938870691","fixed","1","1","50","2374","10","50","22634932","v2.0-design-v1.0","62","20.4","41.6","88.48381601362863","true","65.764","54.022000000000006","50","38","204","300","380","429","264","49","6","209","0","13200","2597","338","10182","83","215","10520","26.4","0","50","1000","1997","3.994","64","4.8595863588971735","0","39.6","3.6343434343434344","10","700","264"
"852","BA","1000","2","0.1","30","0.1","0.5","1","platform","targeted","70","5","95","95","26.434256210664923","96.6377938870691","96.6377938870691","fixed","1","1","50","2374","12","50","22634934","v2.0-design-v1.0","64","19.900000000000002","44.099999999999994","86.97878566203366","true","68.60799999999999","56.25","50","36","199","300","360","413","264","53","9","199","3","13200","2378","356","10395","71","208","10751","26.4","0","50","1000","1997","3.994","81","5.3030261253444735","0","43.3","3.596969696969697","10","700","264"
"851","BA","1000","2","0.1","30","0.1","0.5","1","platform","targeted","70","5","95","95","26.434256210664923","96.6377938870691","96.6377938870691","fixed","1","1","50","2374","11","50","22634933","v2.0-design-v1.0","62","19.400000000000002","42.599999999999994","88.55230715040507","true","67.31599999999999","55.288000000000004","50","38","194","300","380","425","264","45","8","209","2","13200","2514","325","10266","95","217","10591","26.4","0","50","1000","1997","3.994","80","5.070470754641385","0","40.3","3.6272727272727274","10","700","264"
"853","BA","1000","2","0.1","30","0.1","0.5","1","platform","targeted","70","5","95","95","26.434256210664923","96.6377938870691","96.6377938870691","fixed","1","1","50","2374","13","50","22634935","v2.0-design-v1.0","57.2","19","38.2","88.69269949066214","true","63.42800000000001","51.99999999999999","50","42.8","190","300","428","485","264","57","4","199","4","13200","2612","333","10171","84","203","10504","26.4","0","50","1000","1997","3.994","109","5.744646635343628","0","47.4","3.5555555555555554","10","700","264"
"854","BA","1000","2","0.1","30","0.1","0.5","1","platform","targeted","70","5","95","95","26.434256210664923","96.6377938870691","96.6377938870691","fixed","1","1","50","2374","14","50","22634936","v2.0-design-v1.0","60","20.9","39.1","87.11096075778079","true","64.86000000000001","51.6","50","40","209","300","400","447","264","47","6","207","4","13200","2575","381","10145","99","213","10526","26.4","0","50","1000","1997","3.994","64","5.0880105986379105","0","43.4","3.595959595959596","10","700","264"
"856","BA","1000","2","0.1","30","0.1","0.5","1","platform","targeted","70","5","95","95","26.434256210664923","96.6377938870691","96.6377938870691","fixed","1","1","50","2374","16","50","22634938","v2.0-design-v1.0","63.1","21.2","41.900000000000006","87.19747457032621","true","66.69999999999999","53.93999999999999","50","36.9","212","300","369","426","264","57","6","199","2","13200","2486","365","10275","74","205","10640","26.4","0","50","1000","1997","3.994","78","5.217392565754","0","44.7","3.5828282828282827","10","700","264"
"855","BA","1000","2","0.1","30","0.1","0.5","1","platform","targeted","70","5","95","95","26.434256210664923","96.6377938870691","96.6377938870691","fixed","1","1","50","2374","15","50","22634937","v2.0-design-v1.0","58.2","18.3","39.900000000000006","89.72881355932203","true","63.857999999999976","52.972000000000016","50","41.8","183","300","418","467","264","49","8","205","2","13200","2647","303","10146","104","213","10449","26.4","0","50","1000","1997","3.994","93","5.256195543507826","0","44.3","3.5868686868686868","10","700","264"
"858","BA","1000","2","0.1","30","0.1","0.5","1","platform","targeted","70","5","95","95","26.434256210664923","96.6377938870691","96.6377938870691","fixed","1","1","50","2374","18","50","22634940","v2.0-design-v1.0","63.7","20.1","43.6","86.69558929862617","true","67.39","54.495999999999995","50","36.3","201","300","363","405","264","42","7","214","1","13200","2398","368","10353","81","221","10721","26.4","0","50","1000","1997","3.994","111","5.443123330551265","0","41.7","3.613131313131313","10","700","264"
"857","BA","1000","2","0.1","30","0.1","0.5","1","platform","targeted","70","5","95","95","26.434256210664923","96.6377938870691","96.6377938870691","fixed","1","1","50","2374","17","50","22634939","v2.0-design-v1.0","60.199999999999996","19.8","40.39999999999999","88.09605488850771","true","64.66799999999999","52.64","50","39.800000000000004","198","300","398","449","264","51","8","204","1","13200","2568","347","10192","93","212","10539","26.4","0","50","1000","1997","3.994","79","5.346077491445896","0","45.9","3.5707070707070705","10","700","264"
"859","BA","1000","2","0.1","30","0.1","0.5","1","platform","targeted","70","5","95","95","26.434256210664923","96.6377938870691","96.6377938870691","fixed","1","1","50","2374","19","50","22634941","v2.0-design-v1.0","62.8","19.7","43.099999999999994","87.68221574344022","true","67.558","55.358000000000004","50","37.2","197","300","372","433","264","61","10","192","1","13200","2406","338","10387","69","202","10725","26.4","0","50","1000","1997","3.994","57","5.056038718950585","0","44.4","3.585858585858586","10","700","264"
"860","BA","1000","2","0.1","30","0.1","0.5","1","platform","targeted","70","5","95","95","26.434256210664923","96.6377938870691","96.6377938870691","fixed","1","1","50","2374","20","50","22634942","v2.0-design-v1.0","60.199999999999996","19.400000000000002","40.8","88.36312653347353","true","65.78399999999999","54.08000000000002","50","39.800000000000004","194","300","398","457","264","59","2","200","3","13200","2521","332","10257","90","202","10589","26.4","0","50","1000","1997","3.994","78","5.11371822787627","0","42.2","3.608080808080808","10","700","264"
"861","BA","1000","2","0.1","30","0.1","0.5","1","platform","targeted","70","5","95","95","26.434256210664923","96.6377938870691","96.6377938870691","fixed","1","1","50","2374","21","50","22634943","v2.0-design-v1.0","62.2","20.3","41.900000000000006","87.47838118298166","true","66.67200000000001","53.596","50","37.8","203","300","378","432","264","54","4","203","3","13200","2529","362","10234","75","207","10596","26.4","0","50","1000","1997","3.994","62","5.007698177909783","0","42.5","3.605050505050505","10","700","264"
"862","BA","1000","2","0.1","30","0.1","0.5","1","platform","targeted","70","5","95","95","26.434256210664923","96.6377938870691","96.6377938870691","fixed","1","1","50","2374","22","50","22634944","v2.0-design-v1.0","59.599999999999994","20.4","39.199999999999996","87.46418338108882","true","65.50999999999998","52.925999999999995","50","40.400000000000006","204","300","404","463","264","59","7","196","2","13200","2442","350","10333","75","203","10683","26.4","0","50","1000","1997","3.994","76","5.265138714761991","0","45.8","3.5717171717171716","10","700","264"
"863","BA","1000","2","0.1","30","0.1","0.5","1","platform","targeted","70","5","95","95","26.434256210664923","96.6377938870691","96.6377938870691","fixed","1","1","50","2374","23","50","22634945","v2.0-design-v1.0","62","20.200000000000003","41.8","88.08290155440415","true","66.196","53.812","50","38","202","300","380","434","264","54","5","204","1","13200","2550","345","10212","93","209","10557","26.4","0","50","1000","1997","3.994","55","4.869463592191197","0","40.6","3.624242424242424","10","700","264"
"864","BA","1000","2","0.1","30","0.1","0.5","1","platform","targeted","70","5","95","95","26.434256210664923","96.6377938870691","96.6377938870691","fixed","1","1","50","2374","24","50","22634946","v2.0-design-v1.0","61.9","21.2","40.7","86.81013536966331","true","65.67400000000002","53.218","50","38.1","212","300","381","435","264","54","6","202","2","13200","2501","380","10222","97","208","10602","26.4","0","50","1000","1997","3.994","77","5.236352106513012","0","44.6","3.583838383838384","10","700","264"
"865","BA","1000","2","0.1","30","0.1","0.5","1","platform","targeted","70","5","95","95","26.434256210664923","96.6377938870691","96.6377938870691","fixed","1","1","50","2374","25","50","22634947","v2.0-design-v1.0","60.699999999999996","21.6","39.099999999999994","87.46565934065934","true","65.56199999999998","52.32000000000001","50","39.300000000000004","216","300","393","450","264","57","9","195","3","13200","2547","365","10191","97","204","10556","26.4","0","50","1000","1997","3.994","75","5.121737614930713","0","42","3.61010101010101","10","700","264"
"866","BA","1000","2","0.1","30","0.1","0.5","1","platform","targeted","70","5","95","95","26.434256210664923","96.6377938870691","96.6377938870691","fixed","1","1","50","2374","26","50","22634948","v2.0-design-v1.0","61.6","21.4","40.2","88.37209302325581","true","65.93599999999998","52.856000000000016","50","38.4","214","300","384","436","264","52","12","196","4","13200","2584","340","10204","72","208","10544","26.4","0","50","1000","1997","3.994","81","5.199326590722776","0","44.2","3.587878787878788","10","700","264"
"867","BA","1000","2","0.1","30","0.1","0.5","1","platform","targeted","70","5","95","95","26.434256210664923","96.6377938870691","96.6377938870691","fixed","1","1","50","2374","27","50","22634949","v2.0-design-v1.0","62","20.1","41.9","87.43455497382199","true","66.382","54.17400000000001","50","38","201","300","380","439","264","59","4","201","0","13200","2505","360","10245","90","205","10605","26.4","0","50","1000","1997","3.994","129","5.698107794034116","0","43","3.6","10","700","264"
"868","BA","1000","2","0.1","30","0.1","0.5","1","platform","targeted","70","5","95","95","26.434256210664923","96.6377938870691","96.6377938870691","fixed","1","1","50","2374","28","50","22634950","v2.0-design-v1.0","61","20.599999999999998","40.400000000000006","86.64506839452844","true","65.878","53.174000000000014","50","39","206","300","390","439","264","49","7","206","2","13200","2407","371","10347","75","213","10718","26.4","0","50","1000","1997","3.994","98","5.921742229363865","0","48","3.5494949494949495","10","700","264"
"869","BA","1000","2","0.1","30","0.1","0.5","1","platform","targeted","70","5","95","95","26.434256210664923","96.6377938870691","96.6377938870691","fixed","1","1","50","2374","29","50","22634951","v2.0-design-v1.0","59.599999999999994","20.5","39.099999999999994","88.50694444444444","true","64.83599999999998","52.43200000000001","50","40.400000000000006","205","300","404","457","264","53","9","201","1","13200","2549","331","10235","85","210","10566","26.4","0","50","1000","1997","3.994","80","5.335581733272607","0","46.1","3.5686868686868687","10","700","264"
"870","BA","1000","2","0.1","30","0.1","0.5","1","platform","targeted","70","5","95","95","26.434256210664923","96.6377938870691","96.6377938870691","fixed","1","1","50","2374","30","50","22634952","v2.0-design-v1.0","63.9","21.9","42","86.11111111111111","true","67.31199999999998","54.035999999999994","50","36.1","219","300","361","420","264","59","5","199","1","13200","2449","395","10268","88","204","10663","26.4","0","50","1000","1997","3.994","81","5.243611299425175","0","44.7","3.5828282828282827","10","700","264"
"871","BA","1000","2","0.1","30","0.1","0.5","1","platform","targeted","70","5","95","95","86.46462552346715","81.84139071740138","81.84139071740138","fixed","1","1","50","2375","1","50","22635923","v2.0-design-v1.0","100","100","0","5.303678357570573","true","99.584","12.006000000000002","50","0","1000","300","0","0","865","0","159","706","0","43250","434","7749","34953","114","865","42702","86.5","0","50","1000","1997","3.994","75","4.9071421463051115","0","40.2","3.628282828282828","10","700","865"
"872","BA","1000","2","0.1","30","0.1","0.5","1","platform","targeted","70","5","95","95","86.46462552346715","81.84139071740138","81.84139071740138","fixed","1","1","50","2375","2","50","22635924","v2.0-design-v1.0","100","99.9","0.09999999999999432","5.456085168158722","true","99.6","11.832","50","0","999","300","0","0","865","0","163","702","0","43250","451","7815","34879","105","865","42694","86.5","0","50","1000","1997","3.994","77","5.088404057841294","0","42.2","3.608080808080808","10","700","865"
"873","BA","1000","2","0.1","30","0.1","0.5","1","platform","targeted","70","5","95","95","86.46462552346715","81.84139071740138","81.84139071740138","fixed","1","1","50","2375","3","50","22635925","v2.0-design-v1.0","100","100","0","5.568559812738696","true","99.6","12.249999999999998","50","0","1000","300","0","0","865","0","170","695","0","43250","452","7665","35038","95","865","42703","86.5","0","50","1000","1997","3.994","67","5.172689892185756","0","44.6","3.583838383838384","10","700","865"
"874","BA","1000","2","0.1","30","0.1","0.5","1","platform","targeted","70","5","95","95","86.46462552346715","81.84139071740138","81.84139071740138","fixed","1","1","50","2375","4","50","22635926","v2.0-design-v1.0","100","99.7","0.29999999999999716","5.28671667069925","true","99.602","12.11","50","0","997","300","0","0","865","0","169","696","0","43250","437","7829","34870","114","865","42699","86.5","0","50","1000","1997","3.994","76","5.678398384069941","0","49.9","3.5303030303030303","10","700","865"
"876","BA","1000","2","0.1","30","0.1","0.5","1","platform","targeted","70","5","95","95","86.46462552346715","81.84139071740138","81.84139071740138","fixed","1","1","50","2375","6","50","22635928","v2.0-design-v1.0","100","100","0","5.18167062055188","true","99.704","12.394","50","0","1000","300","0","0","865","0","150","715","0","43250","415","7594","35166","75","865","42760","86.5","0","50","1000","1997","3.994","86","5.27045934826763","0","42","3.61010101010101","10","700","865"
"875","BA","1000","2","0.1","30","0.1","0.5","1","platform","targeted","70","5","95","95","86.46462552346715","81.84139071740138","81.84139071740138","fixed","1","1","50","2375","5","50","22635927","v2.0-design-v1.0","100","99.9","0.09999999999999432","5.582943061375401","true","99.51799999999999","11.860000000000007","50","0","999","300","0","0","865","0","158","707","0","43250","453","7661","35015","121","865","42676","86.5","0","50","1000","1997","3.994","101","5.5505650858964515","0","46.8","3.5616161616161617","10","700","865"
"877","BA","1000","2","0.1","30","0.1","0.5","1","platform","targeted","70","5","95","95","86.46462552346715","81.84139071740138","81.84139071740138","fixed","1","1","50","2375","7","50","22635929","v2.0-design-v1.0","100","100","0","5.121527777777778","true","99.704","12.45","50","0","1000","300","0","0","865","0","138","727","0","43250","413","7651","35110","76","865","42761","86.5","0","50","1000","1997","3.994","78","5.0976416066598755","0","40.6","3.624242424242424","10","700","865"
"878","BA","1000","2","0.1","30","0.1","0.5","1","platform","targeted","70","5","95","95","86.46462552346715","81.84139071740138","81.84139071740138","fixed","1","1","50","2375","8","50","22635930","v2.0-design-v1.0","100","100","0","5.234657039711191","true","99.646","11.290000000000004","50","0","1000","300","0","0","865","0","169","696","0","43250","435","7875","34838","102","865","42713","86.5","0","50","1000","1997","3.994","73","4.803023322141269","0","37.8","3.6525252525252525","10","700","865"
"879","BA","1000","2","0.1","30","0.1","0.5","1","platform","targeted","70","5","95","95","86.46462552346715","81.84139071740138","81.84139071740138","fixed","1","1","50","2375","9","50","22635931","v2.0-design-v1.0","100","99.9","0.09999999999999432","5.142578601023641","true","99.71","11.25799999999999","50","0","999","300","0","0","865","0","159","706","0","43250","422","7784","34965","79","865","42749","86.5","0","50","1000","1997","3.994","93","5.582573701182017","0","48.3","3.5464646464646465","10","700","865"
"880","BA","1000","2","0.1","30","0.1","0.5","1","platform","targeted","70","5","95","95","86.46462552346715","81.84139071740138","81.84139071740138","fixed","1","1","50","2375","10","50","22635932","v2.0-design-v1.0","100","100","0","5.579975579975581","true","99.586","11.924","50","0","1000","300","0","0","865","0","156","709","0","43250","457","7733","34952","108","865","42685","86.5","0","50","1000","1997","3.994","72","5.083089788878578","0","42.2","3.608080808080808","10","700","865"
"881","BA","1000","2","0.1","30","0.1","0.5","1","platform","targeted","70","5","95","95","86.46462552346715","81.84139071740138","81.84139071740138","fixed","1","1","50","2375","11","50","22635933","v2.0-design-v1.0","100","99.9","0.09999999999999432","5.412960609911054","true","99.63600000000001","12.134000000000004","50","0","999","300","0","0","865","0","147","718","0","43250","426","7444","35279","101","865","42723","86.5","0","50","1000","1997","3.994","105","5.549302547055681","0","44.7","3.5828282828282827","10","700","865"
"882","BA","1000","2","0.1","30","0.1","0.5","1","platform","targeted","70","5","95","95","86.46462552346715","81.84139071740138","81.84139071740138","fixed","1","1","50","2375","12","50","22635934","v2.0-design-v1.0","100","100","0","5.758133824432167","true","99.552","12.166000000000004","50","0","1000","300","0","0","865","0","147","718","0","43250","469","7676","34982","123","865","42658","86.5","0","50","1000","1997","3.994","88","5.223528429064897","0","43.2","3.597979797979798","10","700","865"
"884","BA","1000","2","0.1","30","0.1","0.5","1","platform","targeted","70","5","95","95","86.46462552346715","81.84139071740138","81.84139071740138","fixed","1","1","50","2375","14","50","22635936","v2.0-design-v1.0","100","100","0","4.882788776873557","true","99.71600000000001","12.354000000000003","50","0","1000","300","0","0","865","0","179","686","0","43250","402","7831","34943","74","865","42774","86.5","0","50","1000","1997","3.994","106","5.738195787082451","0","46.1","3.5686868686868687","10","700","865"
"883","BA","1000","2","0.1","30","0.1","0.5","1","platform","targeted","70","5","95","95","86.46462552346715","81.84139071740138","81.84139071740138","fixed","1","1","50","2375","13","50","22635935","v2.0-design-v1.0","100","100","0","5.6245434623813","true","99.624","12.262000000000015","50","0","1000","300","0","0","865","0","164","701","0","43250","462","7752","34932","104","865","42684","86.5","0","50","1000","1997","3.994","76","5.274825853787752","0","44.7","3.5828282828282827","10","700","865"
"885","BA","1000","2","0.1","30","0.1","0.5","1","platform","targeted","70","5","95","95","86.46462552346715","81.84139071740138","81.84139071740138","fixed","1","1","50","2375","15","50","22635937","v2.0-design-v1.0","100","99.9","0.09999999999999432","5.157869366112316","true","99.646","12.432","50","0","999","300","0","0","865","0","149","716","0","43250","428","7870","34839","113","865","42709","86.5","0","50","1000","1997","3.994","78","5.239409834648876","0","44.3","3.5868686868686868","10","700","865"
"886","BA","1000","2","0.1","30","0.1","0.5","1","platform","targeted","70","5","95","95","86.46462552346715","81.84139071740138","81.84139071740138","fixed","1","1","50","2375","16","50","22635938","v2.0-design-v1.0","100","100","0","5.461982675649663","true","99.63799999999999","11.650000000000004","50","0","1000","300","0","0","865","0","177","688","0","43250","454","7858","34844","94","865","42702","86.5","0","50","1000","1997","3.994","78","5.383767170759603","0","45.7","3.5727272727272728","10","700","865"
"887","BA","1000","2","0.1","30","0.1","0.5","1","platform","targeted","70","5","95","95","86.46462552346715","81.84139071740138","81.84139071740138","fixed","1","1","50","2375","17","50","22635939","v2.0-design-v1.0","100","99.9","0.09999999999999432","5.382716049382716","true","99.632","12.137999999999987","50","0","999","300","0","0","865","0","174","691","0","43250","436","7664","35044","106","865","42708","86.5","0","50","1000","1997","3.994","69","4.941698532325123","0","40.2","3.628282828282828","10","700","865"
"888","BA","1000","2","0.1","30","0.1","0.5","1","platform","targeted","70","5","95","95","86.46462552346715","81.84139071740138","81.84139071740138","fixed","1","1","50","2375","18","50","22635940","v2.0-design-v1.0","100","100","0","5.336398838334946","true","99.618","11.354000000000001","50","0","1000","300","0","0","865","0","161","704","0","43250","441","7823","34893","93","865","42716","86.5","0","50","1000","1997","3.994","71","4.744309483209586","0","39.1","3.639393939393939","10","700","865"
"889","BA","1000","2","0.1","30","0.1","0.5","1","platform","targeted","70","5","95","95","86.46462552346715","81.84139071740138","81.84139071740138","fixed","1","1","50","2375","19","50","22635941","v2.0-design-v1.0","100","100","0","5.666467423789599","true","99.604","11.590000000000005","50","0","1000","300","0","0","865","0","168","697","0","43250","474","7891","34762","123","865","42653","86.5","0","50","1000","1997","3.994","76","5.137933666598108","0","44.2","3.587878787878788","10","700","865"
"890","BA","1000","2","0.1","30","0.1","0.5","1","platform","targeted","70","5","95","95","86.46462552346715","81.84139071740138","81.84139071740138","fixed","1","1","50","2375","20","50","22635942","v2.0-design-v1.0","100","99.9","0.09999999999999432","5.459839844697889","true","99.63","12.069999999999999","50","0","999","300","0","0","865","0","164","701","0","43250","450","7792","34906","102","865","42698","86.5","0","50","1000","1997","3.994","81","5.057226467100268","0","42.4","3.606060606060606","10","700","865"
"891","BA","1000","2","0.1","30","0.1","0.5","1","platform","targeted","70","5","95","95","86.46462552346715","81.84139071740138","81.84139071740138","fixed","1","1","50","2375","21","50","22635943","v2.0-design-v1.0","100","100","0","5.0981330780277645","true","99.71","12.154000000000005","50","0","1000","300","0","0","865","0","145","720","0","43250","426","7930","34817","77","865","42747","86.5","0","50","1000","1997","3.994","71","4.989876036823234","0","40.7","3.6232323232323234","10","700","865"
"892","BA","1000","2","0.1","30","0.1","0.5","1","platform","targeted","70","5","95","95","86.46462552346715","81.84139071740138","81.84139071740138","fixed","1","1","50","2375","22","50","22635944","v2.0-design-v1.0","100","100","0","5.555555555555555","true","99.666","12.143999999999998","50","0","1000","300","0","0","865","0","168","697","0","43250","452","7684","35013","101","865","42697","86.5","0","50","1000","1997","3.994","66","5.497288803054109","0","48.2","3.5474747474747477","10","700","865"
"893","BA","1000","2","0.1","30","0.1","0.5","1","platform","targeted","70","5","95","95","86.46462552346715","81.84139071740138","81.84139071740138","fixed","1","1","50","2375","23","50","22635945","v2.0-design-v1.0","100","100","0","5.266963962878149","true","99.632","12.118000000000002","50","0","1000","300","0","0","865","0","163","702","0","43250","437","7860","34851","102","865","42711","86.5","0","50","1000","1997","3.994","61","4.916313063072169","0","41.7","3.613131313131313","10","700","865"
"895","BA","1000","2","0.1","30","0.1","0.5","1","platform","targeted","70","5","95","95","86.46462552346715","81.84139071740138","81.84139071740138","fixed","1","1","50","2375","25","50","22635947","v2.0-design-v1.0","100","100","0","6.039225065773738","true","99.55","12.262","50","0","1000","300","0","0","865","0","156","709","0","43250","505","7857","34761","127","865","42618","86.5","0","50","1000","1997","3.994","79","5.3999188070861805","0","46","3.56969696969697","10","700","865"
"894","BA","1000","2","0.1","30","0.1","0.5","1","platform","targeted","70","5","95","95","86.46462552346715","81.84139071740138","81.84139071740138","fixed","1","1","50","2375","24","50","22635946","v2.0-design-v1.0","100","100","0","4.8235009671179885","true","99.69200000000001","11.108000000000006","50","0","1000","300","0","0","865","0","157","708","0","43250","399","7873","34901","77","865","42774","86.5","0","50","1000","1997","3.994","122","6.145708562381884","0","51.4","3.515151515151515","10","700","865"
"896","BA","1000","2","0.1","30","0.1","0.5","1","platform","targeted","70","5","95","95","86.46462552346715","81.84139071740138","81.84139071740138","fixed","1","1","50","2375","26","50","22635948","v2.0-design-v1.0","100","100","0","5.242812273496013","true","99.652","11.868000000000004","50","0","1000","300","0","0","865","0","142","723","0","43250","434","7844","34876","96","865","42720","86.5","0","50","1000","1997","3.994","117","5.678398384069939","0","44.2","3.587878787878788","10","700","865"
"897","BA","1000","2","0.1","30","0.1","0.5","1","platform","targeted","70","5","95","95","86.46462552346715","81.84139071740138","81.84139071740138","fixed","1","1","50","2375","27","50","22635949","v2.0-design-v1.0","100","100","0","5.085161132214189","true","99.694","12.252","50","0","1000","300","0","0","865","0","175","690","0","43250","415","7746","35007","82","865","42753","86.5","0","50","1000","1997","3.994","123","5.908034264361463","0","47.6","3.5535353535353535","10","700","865"
"898","BA","1000","2","0.1","30","0.1","0.5","1","platform","targeted","70","5","95","95","86.46462552346715","81.84139071740138","81.84139071740138","fixed","1","1","50","2375","28","50","22635950","v2.0-design-v1.0","100","99.9","0.09999999999999432","5.247634263241982","true","99.63799999999999","12.11","50","0","999","300","0","0","865","0","157","708","0","43250","427","7710","35015","98","865","42725","86.5","0","50","1000","1997","3.994","66","4.878705337050565","0","38.9","3.6414141414141414","10","700","865"
"899","BA","1000","2","0.1","30","0.1","0.5","1","platform","targeted","70","5","95","95","86.46462552346715","81.84139071740138","81.84139071740138","fixed","1","1","50","2375","29","50","22635951","v2.0-design-v1.0","100","100","0","5.608050067492944","true","99.61","12.43200000000001","50","0","1000","300","0","0","865","0","156","709","0","43250","457","7692","34994","107","865","42686","86.5","0","50","1000","1997","3.994","69","5.088207332042767","0","43.2","3.597979797979798","10","700","865"
"900","BA","1000","2","0.1","30","0.1","0.5","1","platform","targeted","70","5","95","95","86.46462552346715","81.84139071740138","81.84139071740138","fixed","1","1","50","2375","30","50","22635952","v2.0-design-v1.0","100","100","0","5.5174944947394176","true","99.574","12.034000000000002","50","0","1000","300","0","0","865","0","140","725","0","43250","451","7723","34960","116","865","42683","86.5","0","50","1000","1997","3.994","57","4.99609096443658","0","42.3","3.607070707070707","10","700","865"
"902","BA","1000","2","0.1","30","0.1","0.5","1","platform","targeted","70","5","95","95","10.73426071770381","77.07241929371077","77.07241929371077","fixed","1","1","50","2376","2","50","22636924","v2.0-design-v1.0","12.099999999999994","10.100000000000001","1.999999999999993","81.07452339688041","true","26.186000000000007","17.572000000000006","50","87.9","101","300","879","937","107","58","9","23","17","5350","2339","546","1760","705","32","2306","10.7","0","50","1000","1997","3.994","73","5.624197329005756","0","48.4","3.5454545454545454","10","700","107"
"901","BA","1000","2","0.1","30","0.1","0.5","1","platform","targeted","70","5","95","95","10.73426071770381","77.07241929371077","77.07241929371077","fixed","1","1","50","2376","1","50","22636923","v2.0-design-v1.0","12.799999999999997","10.7","2.099999999999998","81.10289172831204","true","25.51599999999999","16.245999999999995","50","87.2","107","300","872","920","107","48","13","29","17","5350","2412","562","1683","693","42","2245","10.7","0","50","1000","1997","3.994","70","5.329574876889177","0","45","3.5797979797979798","10","700","107"
"903","BA","1000","2","0.1","30","0.1","0.5","1","platform","targeted","70","5","95","95","10.73426071770381","77.07241929371077","77.07241929371077","fixed","1","1","50","2376","3","50","22636925","v2.0-design-v1.0","11.700000000000003","10.299999999999999","1.400000000000004","83.03480905711389","true","26.24000000000001","17.676","50","88.3","103","300","883","941","107","58","8","27","14","5350","2457","502","1641","750","35","2143","10.7","0","50","1000","1997","3.994","79","5.335581733272608","0","42.9","3.601010101010101","10","700","107"
"904","BA","1000","2","0.1","30","0.1","0.5","1","platform","targeted","70","5","95","95","10.73426071770381","77.07241929371077","77.07241929371077","fixed","1","1","50","2376","4","50","22636926","v2.0-design-v1.0","12.099999999999994","10","2.0999999999999943","82.6221610461115","true","25.298000000000005","16.884","50","87.9","100","300","879","932","107","53","7","34","13","5350","2401","505","1731","713","41","2236","10.7","0","50","1000","1997","3.994","65","5.1713350990538824","0","44.2","3.587878787878788","10","700","107"
"906","BA","1000","2","0.1","30","0.1","0.5","1","platform","targeted","70","5","95","95","10.73426071770381","77.07241929371077","77.07241929371077","fixed","1","1","50","2376","6","50","22636928","v2.0-design-v1.0","11.900000000000006","10.299999999999999","1.6000000000000068","82.19840995506395","true","26.362","17.556000000000008","50","88.1","103","300","881","932","107","51","11","30","15","5350","2378","515","1733","724","41","2248","10.7","0","50","1000","1997","3.994","91","5.400104177247421","0","44.3","3.5868686868686868","10","700","107"
"905","BA","1000","2","0.1","30","0.1","0.5","1","platform","targeted","70","5","95","95","10.73426071770381","77.07241929371077","77.07241929371077","fixed","1","1","50","2376","5","50","22636927","v2.0-design-v1.0","12.099999999999994","11.200000000000001","0.8999999999999932","83.09388573337787","true","25.64199999999999","16.118","50","87.9","112","300","879","937","107","58","11","26","12","5350","2487","506","1596","761","37","2102","10.7","0","50","1000","1997","3.994","106","5.612794978214275","0","45.7","3.5727272727272728","10","700","107"
"907","BA","1000","2","0.1","30","0.1","0.5","1","platform","targeted","70","5","95","95","10.73426071770381","77.07241929371077","77.07241929371077","fixed","1","1","50","2376","7","50","22636929","v2.0-design-v1.0","11.700000000000003","10.8","0.9000000000000021","82.2771941714673","true","24.82","15.921999999999993","50","88.3","108","300","883","933","107","50","6","29","22","5350","2428","523","1669","730","35","2192","10.7","0","50","1000","1997","3.994","84","5.4352097940654875","0","47.1","3.5585858585858587","10","700","107"
"909","BA","1000","2","0.1","30","0.1","0.5","1","platform","targeted","70","5","95","95","10.73426071770381","77.07241929371077","77.07241929371077","fixed","1","1","50","2376","9","50","22636931","v2.0-design-v1.0","10.299999999999997","10.2","0.09999999999999787","82.19368274904546","true","24.46","15.692","50","89.7","102","300","897","942","107","45","8","32","22","5350","2368","513","1745","724","40","2258","10.7","0","50","1000","1997","3.994","92","5.223528429064896","0","42.5","3.605050505050505","10","700","107"
"908","BA","1000","2","0.1","30","0.1","0.5","1","platform","targeted","70","5","95","95","10.73426071770381","77.07241929371077","77.07241929371077","fixed","1","1","50","2376","8","50","22636930","v2.0-design-v1.0","11.099999999999994","10.2","0.899999999999995","81.61790017211705","true","25.552000000000003","17.016000000000002","50","88.9","102","300","889","935","107","46","11","28","22","5350","2371","534","1736","709","39","2270","10.7","0","50","1000","1997","3.994","76","5.1883410530614515","0","43.6","3.5939393939393938","10","700","107"
"910","BA","1000","2","0.1","30","0.1","0.5","1","platform","targeted","70","5","95","95","10.73426071770381","77.07241929371077","77.07241929371077","fixed","1","1","50","2376","10","50","22636932","v2.0-design-v1.0","13.5","10.299999999999999","3.200000000000001","81.75929082850324","true","27.414000000000005","18.778000000000006","50","86.5","103","300","865","917","107","52","8","33","14","5350","2398","535","1771","646","41","2306","10.7","0","50","1000","1997","3.994","81","5.2759643478514615","0","43.8","3.591919191919192","10","700","107"
"911","BA","1000","2","0.1","30","0.1","0.5","1","platform","targeted","70","5","95","95","10.73426071770381","77.07241929371077","77.07241929371077","fixed","1","1","50","2376","11","50","22636933","v2.0-design-v1.0","12.299999999999997","10.2","2.099999999999998","81.97614991482112","true","24.992000000000008","16.601999999999997","50","87.7","102","300","877","929","107","52","8","36","11","5350","2406","529","1745","670","44","2274","10.7","0","50","1000","1997","3.994","96","5.29112086045668","0","41.9","3.611111111111111","10","700","107"
"913","BA","1000","2","0.1","30","0.1","0.5","1","platform","targeted","70","5","95","95","10.73426071770381","77.07241929371077","77.07241929371077","fixed","1","1","50","2376","13","50","22636935","v2.0-design-v1.0","12.400000000000006","10.7","1.7000000000000064","81.97891873512411","true","27.665999999999993","18.462","50","87.6","107","300","876","930","107","54","6","29","18","5350","2411","530","1713","696","35","2243","10.7","0","50","1000","1997","3.994","111","5.61956791431009","0","42.9","3.601010101010101","10","700","107"
"914","BA","1000","2","0.1","30","0.1","0.5","1","platform","targeted","70","5","95","95","10.73426071770381","77.07241929371077","77.07241929371077","fixed","1","1","50","2376","14","50","22636936","v2.0-design-v1.0","13.299999999999997","10.8","2.4999999999999964","82.34295415959252","true","27.727999999999998","18.344000000000005","50","86.7","108","300","867","929","107","62","9","23","13","5350","2425","520","1694","711","32","2214","10.7","0","50","1000","1997","3.994","115","6.065703319216751","0","51.1","3.518181818181818","10","700","107"
"912","BA","1000","2","0.1","30","0.1","0.5","1","platform","targeted","70","5","95","95","10.73426071770381","77.07241929371077","77.07241929371077","fixed","1","1","50","2376","12","50","22636934","v2.0-design-v1.0","12.700000000000003","10.100000000000001","2.6000000000000014","82.4731555247662","true","25.92","17.32","50","87.3","101","300","873","921","107","48","8","38","13","5350","2381","506","1730","733","46","2236","10.7","0","50","1000","1997","3.994","76","5.069878466755152","0","41.5","3.6151515151515152","10","700","107"
"915","BA","1000","2","0.1","30","0.1","0.5","1","platform","targeted","70","5","95","95","10.73426071770381","77.07241929371077","77.07241929371077","fixed","1","1","50","2376","15","50","22636937","v2.0-design-v1.0","11.599999999999994","10.2","1.399999999999995","82.28769497400347","true","25.666","17.296000000000003","50","88.4","102","300","884","935","107","51","9","29","18","5350","2374","511","1763","702","38","2274","10.7","0","50","1000","1997","3.994","57","4.6842188149045505","0","36.3","3.6676767676767676","10","700","107"
"916","BA","1000","2","0.1","30","0.1","0.5","1","platform","targeted","70","5","95","95","10.73426071770381","77.07241929371077","77.07241929371077","fixed","1","1","50","2376","16","50","22636938","v2.0-design-v1.0","13","10.299999999999999","2.700000000000001","81.86274509803921","true","28.257999999999996","19.647999999999996","50","87","103","300","870","914","107","44","5","39","19","5350","2338","518","1821","673","44","2339","10.7","0","50","1000","1997","3.994","81","5.268179734758262","0","44","3.5898989898989897","10","700","107"
"917","BA","1000","2","0.1","30","0.1","0.5","1","platform","targeted","70","5","95","95","10.73426071770381","77.07241929371077","77.07241929371077","fixed","1","1","50","2376","17","50","22636939","v2.0-design-v1.0","11.200000000000003","10.299999999999999","0.9000000000000039","82.80773143438454","true","24.428000000000008","15.563999999999998","50","88.8","103","300","888","949","107","61","3","27","16","5350","2442","507","1658","743","30","2165","10.7","0","50","1000","1997","3.994","66","4.8387371676272375","0","39.6","3.6343434343434344","10","700","107"
"918","BA","1000","2","0.1","30","0.1","0.5","1","platform","targeted","70","5","95","95","10.73426071770381","77.07241929371077","77.07241929371077","fixed","1","1","50","2376","18","50","22636940","v2.0-design-v1.0","12","11","1","82.93193717277487","true","25.666","16.638000000000005","50","88","110","300","880","933","107","53","13","27","14","5350","2376","489","1757","728","40","2246","10.7","0","50","1000","1997","3.994","102","5.2867678135051355","0","41.6","3.614141414141414","10","700","107"
"919","BA","1000","2","0.1","30","0.1","0.5","1","platform","targeted","70","5","95","95","10.73426071770381","77.07241929371077","77.07241929371077","fixed","1","1","50","2376","19","50","22636941","v2.0-design-v1.0","10.5","9.9","0.5999999999999996","81.50170648464163","true","23.87","15.143999999999998","50","89.5","99","300","895","946","107","51","8","28","20","5350","2388","542","1713","707","36","2255","10.7","0","50","1000","1997","3.994","55","5.079740915417602","0","43.6","3.5939393939393938","10","700","107"
"920","BA","1000","2","0.1","30","0.1","0.5","1","platform","targeted","70","5","95","95","10.73426071770381","77.07241929371077","77.07241929371077","fixed","1","1","50","2376","20","50","22636942","v2.0-design-v1.0","11.900000000000006","12","-0.09999999999999432","82.28399196249163","true","24.002000000000002","14.234000000000005","50","88.1","120","300","881","940","107","59","9","26","13","5350","2457","529","1619","745","35","2148","10.7","0","50","1000","1997","3.994","82","5.074417573841717","0","43.1","3.598989898989899","10","700","107"
"921","BA","1000","2","0.1","30","0.1","0.5","1","platform","targeted","70","5","95","95","10.73426071770381","77.07241929371077","77.07241929371077","fixed","1","1","50","2376","21","50","22636943","v2.0-design-v1.0","12","10","2","83.48813209494324","true","23.598000000000006","15.233999999999995","50","88","100","300","880","939","107","59","10","25","13","5350","2427","480","1673","770","35","2153","10.7","0","50","1000","1997","3.994","55","4.583336227135306","0","37.4","3.6565656565656566","10","700","107"
"922","BA","1000","2","0.1","30","0.1","0.5","1","platform","targeted","70","5","95","95","10.73426071770381","77.07241929371077","77.07241929371077","fixed","1","1","50","2376","22","50","22636944","v2.0-design-v1.0","12","11.4","0.5999999999999996","82.08403361344537","true","27.028000000000006","17.625999999999998","50","88","114","300","880","931","107","51","7","33","16","5350","2442","533","1652","723","40","2185","10.7","0","50","1000","1997","3.994","84","5.293957875728692","0","43","3.6","10","700","107"
"923","BA","1000","2","0.1","30","0.1","0.5","1","platform","targeted","70","5","95","95","10.73426071770381","77.07241929371077","77.07241929371077","fixed","1","1","50","2376","23","50","22636945","v2.0-design-v1.0","11.5","10.100000000000001","1.3999999999999986","82.78516445066481","true","25.073999999999998","16.706","50","88.5","101","300","885","926","107","41","17","32","17","5350","2366","492","1772","720","49","2264","10.7","0","50","1000","1997","3.994","81","5.458732614972241","0","47.3","3.5565656565656565","10","700","107"
"924","BA","1000","2","0.1","30","0.1","0.5","1","platform","targeted","70","5","95","95","10.73426071770381","77.07241929371077","77.07241929371077","fixed","1","1","50","2376","24","50","22636946","v2.0-design-v1.0","12.299999999999997","10.8","1.4999999999999964","81.81818181818183","true","25.096","15.731999999999992","50","87.7","108","300","877","924","107","47","12","32","16","5350","2376","528","1735","711","44","2263","10.7","0","50","1000","1997","3.994","71","4.7743856943861","0","38.5","3.6454545454545455","10","700","107"
"925","BA","1000","2","0.1","30","0.1","0.5","1","platform","targeted","70","5","95","95","10.73426071770381","77.07241929371077","77.07241929371077","fixed","1","1","50","2376","25","50","22636947","v2.0-design-v1.0","11.799999999999997","10.100000000000001","1.6999999999999957","82.24426958604174","true","25.048000000000002","16.361999999999995","50","88.2","101","300","882","943","107","61","8","23","15","5350","2404","519","1709","718","31","2228","10.7","0","50","1000","1997","3.994","60","5.051879401320402","0","42.4","3.606060606060606","10","700","107"
"926","BA","1000","2","0.1","30","0.1","0.5","1","platform","targeted","70","5","95","95","10.73426071770381","77.07241929371077","77.07241929371077","fixed","1","1","50","2376","26","50","22636948","v2.0-design-v1.0","11.599999999999994","10.7","0.899999999999995","83.66574965612105","true","25.587999999999997","16.758000000000003","50","88.4","107","300","884","934","107","50","9","32","16","5350","2433","475","1707","735","41","2182","10.7","0","50","1000","1997","3.994","75","5.340269888543313","0","43.8","3.591919191919192","10","700","107"
"928","BA","1000","2","0.1","30","0.1","0.5","1","platform","targeted","70","5","95","95","10.73426071770381","77.07241929371077","77.07241929371077","fixed","1","1","50","2376","28","50","22636950","v2.0-design-v1.0","11.5","10.2","1.3000000000000007","82.39339752407153","true","26.052","17.372","50","88.5","102","300","885","944","107","59","5","27","16","5350","2396","512","1727","715","32","2239","10.7","0","50","1000","1997","3.994","95","5.526346397440573","0","44.7","3.5828282828282827","10","700","107"
"927","BA","1000","2","0.1","30","0.1","0.5","1","platform","targeted","70","5","95","95","10.73426071770381","77.07241929371077","77.07241929371077","fixed","1","1","50","2376","27","50","22636949","v2.0-design-v1.0","11.700000000000003","11.3","0.40000000000000213","84.1434797184043","true","26.55399999999999","17.182000000000006","50","88.3","113","300","883","945","107","62","4","20","21","5350","2510","473","1589","778","24","2062","10.7","0","50","1000","1997","3.994","85","5.275205379110058","0","43.2","3.597979797979798","10","700","107"
"930","BA","1000","2","0.1","30","0.1","0.5","1","platform","targeted","70","5","95","95","10.73426071770381","77.07241929371077","77.07241929371077","fixed","1","1","50","2376","30","50","22636952","v2.0-design-v1.0","12.299999999999997","10.6","1.6999999999999975","82.25918225918227","true","27.537999999999997","18.467999999999996","50","87.7","106","300","877","925","107","48","9","31","19","5350","2374","512","1824","640","40","2336","10.7","0","50","1000","1997","3.994","63","5.065137670352062","0","43.1","3.598989898989899","10","700","107"
"931","BA","1000","2","0.1","30","0.1","0.5","1","platform","targeted","70","5","95","95","83.12292299921575","63.0647493336318","63.0647493336318","fixed","1","1","50","2377","1","50","22637923","v2.0-design-v1.0","100","100","0","4.794824633728674","true","98.66400000000002","5.334000000000003","50","0","1000","300","0","0","831","0","306","525","0","41550","756","15011","25353","430","831","40364","83.1","0","50","1000","1997","3.994","81","5.3111366177280805","0","42.3","3.607070707070707","10","700","831"
"929","BA","1000","2","0.1","30","0.1","0.5","1","platform","targeted","70","5","95","95","10.73426071770381","77.07241929371077","77.07241929371077","fixed","1","1","50","2376","29","50","22636951","v2.0-design-v1.0","12.700000000000003","11.3","1.4000000000000021","82.59986459038592","true","25.97000000000001","16.684000000000005","50","87.3","113","300","873","938","107","65","8","22","12","5350","2440","514","1648","748","30","2162","10.7","0","50","1000","1997","3.994","77","5.298116083480423","0","44.6","3.583838383838384","10","700","107"
"932","BA","1000","2","0.1","30","0.1","0.5","1","platform","targeted","70","5","95","95","83.12292299921575","63.0647493336318","63.0647493336318","fixed","1","1","50","2377","2","50","22637924","v2.0-design-v1.0","100","100","0","4.724659799058884","true","98.694","5.522000000000003","50","0","1000","300","0","0","831","0","308","523","0","41550","743","14983","25387","437","831","40370","83.1","0","50","1000","1997","3.994","98","5.3569264191941794","0","43.7","3.592929292929293","10","700","831"
"933","BA","1000","2","0.1","30","0.1","0.5","1","platform","targeted","70","5","95","95","83.12292299921575","63.0647493336318","63.0647493336318","fixed","1","1","50","2377","3","50","22637925","v2.0-design-v1.0","100","100","0","5.1751643162529515","true","98.53400000000002","5.574000000000005","50","0","1000","300","0","0","831","0","309","522","0","41550","811","14860","25405","474","831","40265","83.1","0","50","1000","1997","3.994","77","5.096463277405013","0","42","3.61010101010101","10","700","831"
"934","BA","1000","2","0.1","30","0.1","0.5","1","platform","targeted","70","5","95","95","83.12292299921575","63.0647493336318","63.0647493336318","fixed","1","1","50","2377","4","50","22637926","v2.0-design-v1.0","100","100","0","4.056989522105801","true","98.992","5.5820000000000025","50","0","1000","300","0","0","831","0","317","514","0","41550","635","15017","25578","320","831","40595","83.1","0","50","1000","1997","3.994","70","5.116457968374416","0","42.5","3.605050505050505","10","700","831"
"935","BA","1000","2","0.1","30","0.1","0.5","1","platform","targeted","70","5","95","95","83.12292299921575","63.0647493336318","63.0647493336318","fixed","1","1","50","2377","5","50","22637927","v2.0-design-v1.0","100","100","0","4.108108108108108","true","98.854","5.246000000000001","50","0","1000","300","0","0","831","0","299","532","0","41550","646","15079","25455","370","831","40534","83.1","0","50","1000","1997","3.994","73","5.436314700007482","0","48.4","3.5454545454545454","10","700","831"
"936","BA","1000","2","0.1","30","0.1","0.5","1","platform","targeted","70","5","95","95","83.12292299921575","63.0647493336318","63.0647493336318","fixed","1","1","50","2377","6","50","22637928","v2.0-design-v1.0","100","100","0","4.5759291804986","true","98.76","5.860000000000005","50","0","1000","300","0","0","831","0","293","538","0","41550","703","14660","25770","417","831","40430","83.1","0","50","1000","1997","3.994","99","5.458915987974507","0","41.7","3.613131313131313","10","700","831"
"937","BA","1000","2","0.1","30","0.1","0.5","1","platform","targeted","70","5","95","95","83.12292299921575","63.0647493336318","63.0647493336318","fixed","1","1","50","2377","7","50","22637929","v2.0-design-v1.0","100","100","0","3.488893156648102","true","99.014","5.638000000000002","50","0","1000","300","0","0","831","0","316","515","0","41550","545","15076","25621","308","831","40697","83.1","0","50","1000","1997","3.994","57","4.7718691028500215","0","38.3","3.6474747474747473","10","700","831"
"938","BA","1000","2","0.1","30","0.1","0.5","1","platform","targeted","70","5","95","95","83.12292299921575","63.0647493336318","63.0647493336318","fixed","1","1","50","2377","8","50","22637930","v2.0-design-v1.0","100","100","0","4.3072","true","98.88","5.647999999999997","50","0","1000","300","0","0","831","0","309","522","0","41550","673","14952","25541","384","831","40493","83.1","0","50","1000","1997","3.994","70","5.407883986293447","0","46.4","3.5656565656565657","10","700","831"
"939","BA","1000","2","0.1","30","0.1","0.5","1","platform","targeted","70","5","95","95","83.12292299921575","63.0647493336318","63.0647493336318","fixed","1","1","50","2377","9","50","22637931","v2.0-design-v1.0","100","100","0","4.852170537620496","true","98.662","5.480000000000002","50","0","1000","300","0","0","831","0","301","530","0","41550","750","14707","25634","459","831","40341","83.1","0","50","1000","1997","3.994","73","5.319046555187893","0","46.7","3.562626262626263","10","700","831"
"940","BA","1000","2","0.1","30","0.1","0.5","1","platform","targeted","70","5","95","95","83.12292299921575","63.0647493336318","63.0647493336318","fixed","1","1","50","2377","10","50","22637932","v2.0-design-v1.0","100","100","0","5.128854555815868","true","98.618","5","50","0","1000","300","0","0","831","0","303","528","0","41550","810","14983","25280","477","831","40263","83.1","0","50","1000","1997","3.994","81","4.662800200062793","0","36.7","3.6636363636363636","10","700","831"
"942","BA","1000","2","0.1","30","0.1","0.5","1","platform","targeted","70","5","95","95","83.12292299921575","63.0647493336318","63.0647493336318","fixed","1","1","50","2377","12","50","22637934","v2.0-design-v1.0","100","100","0","3.9491514486674837","true","98.868","5.356000000000002","50","0","1000","300","0","0","831","0","292","539","0","41550","612","14885","25660","393","831","40545","83.1","0","50","1000","1997","3.994","60","5.149221152609235","0","43.5","3.594949494949495","10","700","831"
"943","BA","1000","2","0.1","30","0.1","0.5","1","platform","targeted","70","5","95","95","83.12292299921575","63.0647493336318","63.0647493336318","fixed","1","1","50","2377","13","50","22637935","v2.0-design-v1.0","100","100","0","3.925567167983686","true","98.95400000000001","5.73","50","0","1000","300","0","0","831","0","306","525","0","41550","616","15076","25530","328","831","40606","83.1","0","50","1000","1997","3.994","76","5.254481284919899","0","43.8","3.591919191919192","10","700","831"
"941","BA","1000","2","0.1","30","0.1","0.5","1","platform","targeted","70","5","95","95","83.12292299921575","63.0647493336318","63.0647493336318","fixed","1","1","50","2377","11","50","22637933","v2.0-design-v1.0","100","100","0","3.993010613512814","true","98.96800000000002","5.76","50","0","1000","300","0","0","831","0","288","543","0","41550","617","14835","25743","355","831","40578","83.1","0","50","1000","1997","3.994","74","5.1377388373057915","0","41.8","3.6121212121212123","10","700","831"
"944","BA","1000","2","0.1","30","0.1","0.5","1","platform","targeted","70","5","95","95","83.12292299921575","63.0647493336318","63.0647493336318","fixed","1","1","50","2377","14","50","22637936","v2.0-design-v1.0","100","100","0","3.8774073837097704","true","98.93799999999999","5.5139999999999985","50","0","1000","300","0","0","831","0","318","513","0","41550","606","15023","25595","326","831","40618","83.1","0","50","1000","1997","3.994","77","4.98305075177794","0","39.3","3.6373737373737374","10","700","831"
"945","BA","1000","2","0.1","30","0.1","0.5","1","platform","targeted","70","5","95","95","83.12292299921575","63.0647493336318","63.0647493336318","fixed","1","1","50","2377","15","50","22637937","v2.0-design-v1.0","100","100","0","5.00675719158247","true","98.45400000000001","5.572","50","0","1000","300","0","0","831","0","329","502","0","41550","778","14761","25506","505","831","40267","83.1","0","50","1000","1997","3.994","83","5.312455758515653","0","45.4","3.5757575757575757","10","700","831"
"946","BA","1000","2","0.1","30","0.1","0.5","1","platform","targeted","70","5","95","95","83.12292299921575","63.0647493336318","63.0647493336318","fixed","1","1","50","2377","16","50","22637938","v2.0-design-v1.0","100","100","0","4.353959602436679","true","98.74600000000002","5.11","50","0","1000","300","0","0","831","0","297","534","0","41550","679","14916","25575","380","831","40491","83.1","0","50","1000","1997","3.994","72","4.6533447774281225","0","37.5","3.6555555555555554","10","700","831"
"947","BA","1000","2","0.1","30","0.1","0.5","1","platform","targeted","70","5","95","95","83.12292299921575","63.0647493336318","63.0647493336318","fixed","1","1","50","2377","17","50","22637939","v2.0-design-v1.0","100","100","0","3.560963180022933","true","99.054","5.352","50","0","1000","300","0","0","831","0","317","514","0","41550","559","15139","25563","289","831","40702","83.1","0","50","1000","1997","3.994","87","5.246664796943996","0","42.6","3.604040404040404","10","700","831"
"948","BA","1000","2","0.1","30","0.1","0.5","1","platform","targeted","70","5","95","95","83.12292299921575","63.0647493336318","63.0647493336318","fixed","1","1","50","2377","18","50","22637940","v2.0-design-v1.0","100","100","0","3.406826508967024","true","99.08400000000002","5.706000000000001","50","0","1000","300","0","0","831","0","317","514","0","41550","530","15027","25678","315","831","40705","83.1","0","50","1000","1997","3.994","56","4.831905556952786","0","40.8","3.6222222222222222","10","700","831"
"949","BA","1000","2","0.1","30","0.1","0.5","1","platform","targeted","70","5","95","95","83.12292299921575","63.0647493336318","63.0647493336318","fixed","1","1","50","2377","19","50","22637941","v2.0-design-v1.0","100","100","0","4.957940351771603","true","98.53399999999998","5.092","50","0","1000","300","0","0","831","0","320","511","0","41550","778","14914","25405","453","831","40319","83.1","0","50","1000","1997","3.994","89","5.5171009055845905","0","45.3","3.576767676767677","10","700","831"
"950","BA","1000","2","0.1","30","0.1","0.5","1","platform","targeted","70","5","95","95","83.12292299921575","63.0647493336318","63.0647493336318","fixed","1","1","50","2377","20","50","22637942","v2.0-design-v1.0","100","100","0","4.047573374256666","true","98.83800000000001","5.492000000000001","50","0","1000","300","0","0","831","0","322","509","0","41550","633","15006","25538","373","831","40544","83.1","0","50","1000","1997","3.994","83","5.162617225460023","0","42.8","3.602020202020202","10","700","831"
"951","BA","1000","2","0.1","30","0.1","0.5","1","platform","targeted","70","5","95","95","83.12292299921575","63.0647493336318","63.0647493336318","fixed","1","1","50","2377","21","50","22637943","v2.0-design-v1.0","100","100","0","4.2722526423023055","true","98.81","5.540000000000003","50","0","1000","300","0","0","831","0","313","518","0","41550","671","15035","25452","392","831","40487","83.1","0","50","1000","1997","3.994","85","5.381535554553632","0","44.2","3.587878787878788","10","700","831"
"952","BA","1000","2","0.1","30","0.1","0.5","1","platform","targeted","70","5","95","95","83.12292299921575","63.0647493336318","63.0647493336318","fixed","1","1","50","2377","22","50","22637944","v2.0-design-v1.0","100","100","0","4.0406623617415764","true","98.83200000000001","5.7059999999999995","50","0","1000","300","0","0","831","0","303","528","0","41550","632","15009","25533","376","831","40542","83.1","0","50","1000","1997","3.994","60","5.000697048509424","0","41.9","3.611111111111111","10","700","831"
"953","BA","1000","2","0.1","30","0.1","0.5","1","platform","targeted","70","5","95","95","83.12292299921575","63.0647493336318","63.0647493336318","fixed","1","1","50","2377","23","50","22637945","v2.0-design-v1.0","100","100","0","3.7968981272926188","true","99.02","5.882000000000001","50","0","1000","300","0","0","831","0","313","518","0","41550","590","14949","25683","328","831","40632","83.1","0","50","1000","1997","3.994","66","4.818628765861001","0","41.4","3.6161616161616164","10","700","831"
"954","BA","1000","2","0.1","30","0.1","0.5","1","platform","targeted","70","5","95","95","83.12292299921575","63.0647493336318","63.0647493336318","fixed","1","1","50","2377","24","50","22637946","v2.0-design-v1.0","100","100","0","4.250947152122262","true","98.78200000000001","5.476000000000002","50","0","1000","300","0","0","831","0","294","537","0","41550","662","14911","25578","399","831","40489","83.1","0","50","1000","1997","3.994","74","4.956059576571534","0","40.5","3.625252525252525","10","700","831"
"955","BA","1000","2","0.1","30","0.1","0.5","1","platform","targeted","70","5","95","95","83.12292299921575","63.0647493336318","63.0647493336318","fixed","1","1","50","2377","25","50","22637947","v2.0-design-v1.0","100","100","0","3.9486233865327147","true","98.95200000000001","5.500000000000003","50","0","1000","300","0","0","831","0","319","512","0","41550","621","15106","25493","330","831","40599","83.1","0","50","1000","1997","3.994","68","5.10195981893173","0","43.2","3.597979797979798","10","700","831"
"956","BA","1000","2","0.1","30","0.1","0.5","1","platform","targeted","70","5","95","95","83.12292299921575","63.0647493336318","63.0647493336318","fixed","1","1","50","2377","26","50","22637948","v2.0-design-v1.0","100","100","0","4.3768023069529","true","98.75200000000001","5.374000000000003","50","0","1000","300","0","0","831","0","286","545","0","41550","683","14922","25537","408","831","40459","83.1","0","50","1000","1997","3.994","86","5.050492200911841","0","40.2","3.628282828282828","10","700","831"
"957","BA","1000","2","0.1","30","0.1","0.5","1","platform","targeted","70","5","95","95","83.12292299921575","63.0647493336318","63.0647493336318","fixed","1","1","50","2377","27","50","22637949","v2.0-design-v1.0","100","100","0","5.124134865705758","true","98.68800000000002","5.235999999999999","50","0","1000","300","0","0","831","0","309","522","0","41550","807","14942","25357","444","831","40299","83.1","0","50","1000","1997","3.994","78","5.212977953064742","0","42.7","3.603030303030303","10","700","831"
"958","BA","1000","2","0.1","30","0.1","0.5","1","platform","targeted","70","5","95","95","83.12292299921575","63.0647493336318","63.0647493336318","fixed","1","1","50","2377","28","50","22637950","v2.0-design-v1.0","100","100","0","4.028925619834711","true","98.89399999999999","5.848","50","0","1000","300","0","0","831","0","287","544","0","41550","624","14864","25673","389","831","40537","83.1","0","50","1000","1997","3.994","103","5.640902745464036","0","47","3.5595959595959594","10","700","831"
"959","BA","1000","2","0.1","30","0.1","0.5","1","platform","targeted","70","5","95","95","83.12292299921575","63.0647493336318","63.0647493336318","fixed","1","1","50","2377","29","50","22637951","v2.0-design-v1.0","100","100","0","4.142315843555327","true","98.77799999999999","5.412000000000002","50","0","1000","300","0","0","831","0","289","542","0","41550","645","14926","25577","402","831","40503","83.1","0","50","1000","1997","3.994","133","6.213579690691417","0","48.7","3.5424242424242425","10","700","831"
"960","BA","1000","2","0.1","30","0.1","0.5","1","platform","targeted","70","5","95","95","83.12292299921575","63.0647493336318","63.0647493336318","fixed","1","1","50","2377","30","50","22637952","v2.0-design-v1.0","100","100","0","4.008425352652071","true","98.96799999999999","5.63","50","0","1000","300","0","0","831","0","301","530","0","41550","628","15039","25524","359","831","40563","83.1","0","50","1000","1997","3.994","100","5.567851018567653","0","46.2","3.5676767676767676","10","700","831"
"961","BA","1000","2","0.1","30","0.1","0.5","1","platform","targeted","70","5","95","95","2.6530120288697763","66.59239100764572","66.59239100764572","fixed","1","1","50","2378","1","50","22638923","v2.0-design-v1.0","2.200000000000003","1.7999999999999998","0.400000000000003","94.06674907292954","true","11.010000000000002","9.65","50","97.8","18","300","978","997","27","19","1","1","6","1350","761","48","97","444","2","145","2.7","0","50","1000","1997","3.994","69","5.0528700255889625","0","43.6","3.5939393939393938","10","700","27"
"962","BA","1000","2","0.1","30","0.1","0.5","1","platform","targeted","70","5","95","95","2.6530120288697763","66.59239100764572","66.59239100764572","fixed","1","1","50","2378","2","50","22638924","v2.0-design-v1.0","2.4000000000000057","1.9","0.5000000000000058","94.33526011560693","true","11.461999999999998","9.916000000000006","50","97.6","19","300","976","997","27","21","0","2","4","1350","816","49","103","382","2","152","2.7","0","50","1000","1997","3.994","75","5.529605821443376","0","48.3","3.5464646464646465","10","700","27"
"963","BA","1000","2","0.1","30","0.1","0.5","1","platform","targeted","70","5","95","95","2.6530120288697763","66.59239100764572","66.59239100764572","fixed","1","1","50","2378","3","50","22638925","v2.0-design-v1.0","2.1000000000000085","2.1","8.43769498715119E-15","94.29928741092637","true","11.610000000000007","9.948000000000004","50","97.89999999999999","21","300","979","998","27","19","0","1","7","1350","794","48","99","409","1","147","2.7","0","50","1000","1997","3.994","63","5.043352000346527","0","39.8","3.632323232323232","10","700","27"
"964","BA","1000","2","0.1","30","0.1","0.5","1","platform","targeted","70","5","95","95","2.6530120288697763","66.59239100764572","66.59239100764572","fixed","1","1","50","2378","4","50","22638926","v2.0-design-v1.0","1.9000000000000057","2.1","-0.1999999999999944","92.7360774818402","true","10.036000000000007","8.526000000000003","50","98.1","21","300","981","997","27","16","0","3","8","1350","766","60","105","419","3","165","2.7","0","50","1000","1997","3.994","103","5.203560419658924","0","40.9","3.621212121212121","10","700","27"
"965","BA","1000","2","0.1","30","0.1","0.5","1","platform","targeted","70","5","95","95","2.6530120288697763","66.59239100764572","66.59239100764572","fixed","1","1","50","2378","5","50","22638927","v2.0-design-v1.0","1.7000000000000028","2.1","-0.39999999999999725","93.15726290516207","true","11.474000000000007","9.872000000000003","50","98.3","21","300","983","994","27","11","0","3","13","1350","776","57","121","396","3","178","2.7","0","50","1000","1997","3.994","76","5.181390818188753","0","44","3.5898989898989897","10","700","27"
"966","BA","1000","2","0.1","30","0.1","0.5","1","platform","targeted","70","5","95","95","2.6530120288697763","66.59239100764572","66.59239100764572","fixed","1","1","50","2378","6","50","22638928","v2.0-design-v1.0","2","1.7999999999999998","0.20000000000000018","94.09638554216868","true","11.085999999999999","9.750000000000002","50","98","18","300","980","998","27","18","0","2","7","1350","781","49","112","408","2","161","2.7","0","50","1000","1997","3.994","76","5.525984120543639","0","46.6","3.5636363636363635","10","700","27"
"967","BA","1000","2","0.1","30","0.1","0.5","1","platform","targeted","70","5","95","95","2.6530120288697763","66.59239100764572","66.59239100764572","fixed","1","1","50","2378","7","50","22638929","v2.0-design-v1.0","2.4000000000000057","2","0.4000000000000057","94.88095238095238","true","11.870000000000003","10.334000000000003","50","97.6","20","300","976","997","27","21","0","0","6","1350","797","43","107","403","0","150","2.7","0","50","1000","1997","3.994","89","5.4918233879217215","0","45.8","3.5717171717171716","10","700","27"
"968","BA","1000","2","0.1","30","0.1","0.5","1","platform","targeted","70","5","95","95","2.6530120288697763","66.59239100764572","66.59239100764572","fixed","1","1","50","2378","8","50","22638930","v2.0-design-v1.0","1.9000000000000057","2.1999999999999997","-0.29999999999999405","91.73967459324155","true","11.162000000000003","9.524","50","98.1","22","300","981","997","27","16","0","2","9","1350","733","66","119","432","2","185","2.7","0","50","1000","1997","3.994","107","5.6628642957457425","0","45.4","3.5757575757575757","10","700","27"
"969","BA","1000","2","0.1","30","0.1","0.5","1","platform","targeted","70","5","95","95","2.6530120288697763","66.59239100764572","66.59239100764572","fixed","1","1","50","2378","9","50","22638931","v2.0-design-v1.0","2.1000000000000085","1.7999999999999998","0.3000000000000087","94.70655926352129","true","11.625999999999998","10.23","50","97.89999999999999","18","300","979","996","27","17","1","2","7","1350","823","46","105","376","3","151","2.7","0","50","1000","1997","3.994","135","6.0645480246052195","0","47.5","3.5545454545454547","10","700","27"
"970","BA","1000","2","0.1","30","0.1","0.5","1","platform","targeted","70","5","95","95","2.6530120288697763","66.59239100764572","66.59239100764572","fixed","1","1","50","2378","10","50","22638932","v2.0-design-v1.0","1.9000000000000057","1.9","5.773159728050814E-15","93.17073170731707","true","11.318","9.844000000000007","50","98.1","19","300","981","996","27","15","2","1","9","1350","764","56","109","421","3","165","2.7","0","50","1000","1997","3.994","102","5.322997116127175","0","44.5","3.584848484848485","10","700","27"
"971","BA","1000","2","0.1","30","0.1","0.5","1","platform","targeted","70","5","95","95","2.6530120288697763","66.59239100764572","66.59239100764572","fixed","1","1","50","2378","11","50","22638933","v2.0-design-v1.0","2.1000000000000085","2.3","-0.1999999999999913","93.279258400927","true","11.53800000000001","9.672000000000006","50","97.89999999999999","23","300","979","996","27","17","1","2","7","1350","805","58","91","396","3","149","2.7","0","50","1000","1997","3.994","73","4.77878654061894","0","37","3.6606060606060606","10","700","27"
"972","BA","1000","2","0.1","30","0.1","0.5","1","platform","targeted","70","5","95","95","2.6530120288697763","66.59239100764572","66.59239100764572","fixed","1","1","50","2378","12","50","22638934","v2.0-design-v1.0","1.7000000000000028","1.7999999999999998","-0.09999999999999698","93.83477188655979","true","11.56","10.234000000000004","50","98.3","18","300","983","1000","27","17","0","0","10","1350","761","50","106","433","0","156","2.7","0","50","1000","1997","3.994","69","5.268369740225112","0","45.7","3.5727272727272728","10","700","27"
"973","BA","1000","2","0.1","30","0.1","0.5","1","platform","targeted","70","5","95","95","2.6530120288697763","66.59239100764572","66.59239100764572","fixed","1","1","50","2378","13","50","22638935","v2.0-design-v1.0","1.7999999999999972","2.3","-0.5000000000000027","93.26923076923077","true","11.679999999999996","9.754","50","98.2","23","300","982","997","27","15","0","2","10","1350","776","56","118","400","2","174","2.7","0","50","1000","1997","3.994","103","6.159050080807774","0","49.5","3.5343434343434343","10","700","27"
"974","BA","1000","2","0.1","30","0.1","0.5","1","platform","targeted","70","5","95","95","2.6530120288697763","66.59239100764572","66.59239100764572","fixed","1","1","50","2378","14","50","22638936","v2.0-design-v1.0","1.9000000000000057","2.1999999999999997","-0.29999999999999405","93.57476635514018","true","11.211999999999998","9.43200000000001","50","98.1","22","300","981","997","27","16","2","1","8","1350","801","55","122","372","3","177","2.7","0","50","1000","1997","3.994","92","5.115871004641929","0","41.7","3.613131313131313","10","700","27"
"975","BA","1000","2","0.1","30","0.1","0.5","1","platform","targeted","70","5","95","95","2.6530120288697763","66.59239100764572","66.59239100764572","fixed","1","1","50","2378","15","50","22638937","v2.0-design-v1.0","2.200000000000003","2","0.20000000000000284","93.25581395348837","true","10.878000000000004","9.171999999999999","50","97.8","20","300","978","997","27","19","1","2","5","1350","802","58","98","392","3","156","2.7","0","50","1000","1997","3.994","82","5.462215649331298","0","46.2","3.5676767676767676","10","700","27"
"976","BA","1000","2","0.1","30","0.1","0.5","1","platform","targeted","70","5","95","95","2.6530120288697763","66.59239100764572","66.59239100764572","fixed","1","1","50","2378","16","50","22638938","v2.0-design-v1.0","1.9000000000000057","2.3","-0.39999999999999414","92.28028503562945","true","11.783999999999999","10.006000000000002","50","98.1","23","300","981","998","27","17","0","2","8","1350","777","65","114","394","2","179","2.7","0","50","1000","1997","3.994","86","5.257338072028797","0","44.1","3.588888888888889","10","700","27"
"977","BA","1000","2","0.1","30","0.1","0.5","1","platform","targeted","70","5","95","95","2.6530120288697763","66.59239100764572","66.59239100764572","fixed","1","1","50","2378","17","50","22638939","v2.0-design-v1.0","1.7999999999999972","2.1999999999999997","-0.4000000000000026","94.79905437352247","true","11.743999999999996","10.246000000000004","50","98.2","22","300","982","996","27","14","1","2","10","1350","802","44","96","408","3","140","2.7","0","50","1000","1997","3.994","71","4.769980787877098","0","36.7","3.6636363636363636","10","700","27"
"978","BA","1000","2","0.1","30","0.1","0.5","1","platform","targeted","70","5","95","95","2.6530120288697763","66.59239100764572","66.59239100764572","fixed","1","1","50","2378","18","50","22638940","v2.0-design-v1.0","2.200000000000003","2.1","0.10000000000000275","94.11764705882352","true","11.698000000000004","10.080000000000005","50","97.8","21","300","978","997","27","19","1","2","5","1350","800","50","113","387","3","163","2.7","0","50","1000","1997","3.994","96","5.427284718845999","0","43.8","3.591919191919192","10","700","27"
"979","BA","1000","2","0.1","30","0.1","0.5","1","platform","targeted","70","5","95","95","2.6530120288697763","66.59239100764572","66.59239100764572","fixed","1","1","50","2378","19","50","22638941","v2.0-design-v1.0","1.9000000000000057","1.9","5.773159728050814E-15","94.18604651162791","true","12.040000000000006","10.403999999999995","50","98.1","19","300","981","999","27","18","0","0","9","1350","810","50","100","390","0","150","2.7","0","50","1000","1997","3.994","87","5.423410124393807","0","46","3.56969696969697","10","700","27"
"980","BA","1000","2","0.1","30","0.1","0.5","1","platform","targeted","70","5","95","95","2.6530120288697763","66.59239100764572","66.59239100764572","fixed","1","1","50","2378","20","50","22638942","v2.0-design-v1.0","2","1.7000000000000002","0.2999999999999998","96.42445213379469","true","10.388000000000002","9.068000000000005","50","98","17","300","980","997","27","17","1","1","8","1350","836","31","84","399","2","115","2.7","0","50","1000","1997","3.994","66","4.910201021758072","0","40.6","3.624242424242424","10","700","27"
"981","BA","1000","2","0.1","30","0.1","0.5","1","platform","targeted","70","5","95","95","2.6530120288697763","66.59239100764572","66.59239100764572","fixed","1","1","50","2378","21","50","22638943","v2.0-design-v1.0","2.200000000000003","2.3","-0.09999999999999698","94.33962264150944","true","11.014","9.426000000000004","50","97.8","23","300","978","995","27","17","3","2","5","1350","800","48","108","394","5","156","2.7","0","50","1000","1997","3.994","87","5.3569264191941794","0","44","3.5898989898989897","10","700","27"
"982","BA","1000","2","0.1","30","0.1","0.5","1","platform","targeted","70","5","95","95","2.6530120288697763","66.59239100764572","66.59239100764572","fixed","1","1","50","2378","22","50","22638944","v2.0-design-v1.0","1.7999999999999972","2","-0.20000000000000284","94.58850056369785","true","11.13","9.610000000000003","50","98.2","20","300","982","999","27","17","1","0","9","1350","839","48","81","382","1","129","2.7","0","50","1000","1997","3.994","93","5.402513410548007","0","45.6","3.573737373737374","10","700","27"
"983","BA","1000","2","0.1","30","0.1","0.5","1","platform","targeted","70","5","95","95","2.6530120288697763","66.59239100764572","66.59239100764572","fixed","1","1","50","2378","23","50","22638945","v2.0-design-v1.0","2.1000000000000085","2","0.10000000000000853","92.63803680981594","true","11.302000000000003","9.706000000000003","50","97.89999999999999","20","300","979","993","27","14","1","3","9","1350","755","60","100","435","4","160","2.7","0","50","1000","1997","3.994","93","5.627044306527854","0","46.8","3.5616161616161617","10","700","27"
"984","BA","1000","2","0.1","30","0.1","0.5","1","platform","targeted","70","5","95","95","2.6530120288697763","66.59239100764572","66.59239100764572","fixed","1","1","50","2378","24","50","22638946","v2.0-design-v1.0","1.5999999999999943","2","-0.4000000000000057","94.35096153846155","true","11.606000000000002","10.176000000000004","50","98.4","20","300","984","999","27","15","0","0","12","1350","785","47","113","405","0","160","2.7","0","50","1000","1997","3.994","103","5.342706103512382","0","41.2","3.618181818181818","10","700","27"
"986","BA","1000","2","0.1","30","0.1","0.5","1","platform","targeted","70","5","95","95","2.6530120288697763","66.59239100764572","66.59239100764572","fixed","1","1","50","2378","26","50","22638948","v2.0-design-v1.0","1.7999999999999972","1.7999999999999998","-2.6645352591003757E-15","93.61702127659575","true","12.009999999999998","10.484000000000002","50","98.2","18","300","982","997","27","15","1","1","10","1350","748","51","111","440","2","162","2.7","0","50","1000","1997","3.994","78","5.838325962983752","0","54","3.488888888888889","10","700","27"
"985","BA","1000","2","0.1","30","0.1","0.5","1","platform","targeted","70","5","95","95","2.6530120288697763","66.59239100764572","66.59239100764572","fixed","1","1","50","2378","25","50","22638947","v2.0-design-v1.0","2.200000000000003","2.1","0.10000000000000275","94.3577430972389","true","11.278000000000004","9.614","50","97.8","21","300","978","997","27","19","0","1","7","1350","786","47","99","418","1","146","2.7","0","50","1000","1997","3.994","82","5.440180103595788","0","44","3.5898989898989897","10","700","27"
"987","BA","1000","2","0.1","30","0.1","0.5","1","platform","targeted","70","5","95","95","2.6530120288697763","66.59239100764572","66.59239100764572","fixed","1","1","50","2378","27","50","22638949","v2.0-design-v1.0","2.1000000000000085","1.9","0.20000000000000862","93.53293413173652","true","10.384","8.864000000000006","50","97.89999999999999","19","300","979","996","27","17","1","1","8","1350","781","54","117","398","2","171","2.7","0","50","1000","1997","3.994","74","5.1326706799003","0","44.9","3.580808080808081","10","700","27"
"988","BA","1000","2","0.1","30","0.1","0.5","1","platform","targeted","70","5","95","95","2.6530120288697763","66.59239100764572","66.59239100764572","fixed","1","1","50","2378","28","50","22638950","v2.0-design-v1.0","2.200000000000003","1.9","0.30000000000000293","94.30232558139535","true","10.324000000000002","9","50","97.8","19","300","978","997","27","19","1","2","5","1350","811","49","113","377","3","162","2.7","0","50","1000","1997","3.994","85","4.9758137749239175","0","41.7","3.613131313131313","10","700","27"
"989","BA","1000","2","0.1","30","0.1","0.5","1","platform","targeted","70","5","95","95","2.6530120288697763","66.59239100764572","66.59239100764572","fixed","1","1","50","2378","29","50","22638951","v2.0-design-v1.0","2.200000000000003","1.9","0.30000000000000293","93.69797859690844","true","11.333999999999998","9.919999999999996","50","97.8","19","300","978","997","27","19","1","2","5","1350","788","53","102","407","3","155","2.7","0","50","1000","1997","3.994","84","5.3145280324981","0","44","3.5898989898989897","10","700","27"
"990","BA","1000","2","0.1","30","0.1","0.5","1","platform","targeted","70","5","95","95","2.6530120288697763","66.59239100764572","66.59239100764572","fixed","1","1","50","2378","30","50","22638952","v2.0-design-v1.0","2","1.5","0.5","94.60093896713614","true","10.5","9.334000000000005","50","98","15","300","980","997","27","17","1","1","8","1350","806","46","83","415","2","129","2.7","0","50","1000","1997","3.994","73","5.145526254955887","0","42.4","3.606060606060606","10","700","27"
"991","BA","1000","2","0.1","30","0.1","0.5","1","platform","targeted","70","5","95","95","31.21490586975449","76.93730736522403","76.93730736522403","fixed","1","1","50","2379","1","50","22639923","v2.0-design-v1.0","54.8","39.900000000000006","14.899999999999991","52.84356093344857","true","62.61200000000001","30.30000000000002","50","45.2","399","300","452","527","312","75","37","183","17","15600","3057","2728","8910","905","220","11638","31.2","0","50","1000","1997","3.994","72","5.03560535798043","0","42.1","3.609090909090909","10","700","312"
"992","BA","1000","2","0.1","30","0.1","0.5","1","platform","targeted","70","5","95","95","31.21490586975449","76.93730736522403","76.93730736522403","fixed","1","1","50","2379","2","50","22639924","v2.0-design-v1.0","53.9","37.1","16.799999999999997","53.79891208984032","true","61.452000000000005","31.368000000000002","50","46.1","371","300","461","534","312","73","56","167","16","15600","3066","2633","8992","909","223","11625","31.2","0","50","1000","1997","3.994","107","5.474297391623134","0","43.9","3.590909090909091","10","700","312"
"994","BA","1000","2","0.1","30","0.1","0.5","1","platform","targeted","70","5","95","95","31.21490586975449","76.93730736522403","76.93730736522403","fixed","1","1","50","2379","4","50","22639926","v2.0-design-v1.0","52.5","36.9","15.600000000000001","52.212865077943015","true","61.55399999999998","31.25000000000001","50","47.5","369","300","475","537","312","62","53","180","17","15600","2914","2667","9130","889","233","11797","31.2","0","50","1000","1997","3.994","100","6.169280673143706","0","52.1","3.508080808080808","10","700","312"
"993","BA","1000","2","0.1","30","0.1","0.5","1","platform","targeted","70","5","95","95","31.21490586975449","76.93730736522403","76.93730736522403","fixed","1","1","50","2379","3","50","22639925","v2.0-design-v1.0","47.099999999999994","32.2","14.899999999999991","52.67780265197176","true","56.50200000000001","28.396000000000008","50","52.900000000000006","322","300","529","592","312","63","43","178","28","15600","3059","2748","8922","871","221","11670","31.2","0","50","1000","1997","3.994","131","6.034764484417162","0","48.5","3.5444444444444443","10","700","312"
"996","BA","1000","2","0.1","30","0.1","0.5","1","platform","targeted","70","5","95","95","31.21490586975449","76.93730736522403","76.93730736522403","fixed","1","1","50","2379","6","50","22639928","v2.0-design-v1.0","50.1","35.3","14.800000000000004","54.16234887737479","true","58.614","29.17","50","49.9","353","300","499","568","312","69","61","165","17","15600","3136","2654","8841","969","226","11495","31.2","0","50","1000","1997","3.994","68","5.167268588399926","0","43.9","3.590909090909091","10","700","312"
"995","BA","1000","2","0.1","30","0.1","0.5","1","platform","targeted","70","5","95","95","31.21490586975449","76.93730736522403","76.93730736522403","fixed","1","1","50","2379","5","50","22639927","v2.0-design-v1.0","43.400000000000006","31.1","12.300000000000004","55.76989920055614","true","54.644","26.827999999999992","50","56.599999999999994","311","300","566","648","312","82","48","161","21","15600","3209","2545","8865","981","209","11410","31.2","0","50","1000","1997","3.994","113","5.575576297662063","0","42.9","3.601010101010101","10","700","312"
"998","BA","1000","2","0.1","30","0.1","0.5","1","platform","targeted","70","5","95","95","31.21490586975449","76.93730736522403","76.93730736522403","fixed","1","1","50","2379","8","50","22639930","v2.0-design-v1.0","51.300000000000004","33.5","17.800000000000004","53.7638244737781","true","61.316000000000024","32.474","50","48.699999999999996","335","300","487","560","312","73","47","172","20","15600","3014","2592","9106","888","219","11698","31.2","0","50","1000","1997","3.994","95","5.5543509805210105","0","47.9","3.5505050505050506","10","700","312"
"997","BA","1000","2","0.1","30","0.1","0.5","1","platform","targeted","70","5","95","95","31.21490586975449","76.93730736522403","76.93730736522403","fixed","1","1","50","2379","7","50","22639929","v2.0-design-v1.0","54.199999999999996","38.6","15.599999999999994","54.425317336115455","true","62.04599999999999","30.436000000000003","50","45.800000000000004","386","300","458","531","312","73","43","171","25","15600","3130","2621","8937","912","214","11558","31.2","0","50","1000","1997","3.994","85","4.979031507708565","0","39.2","3.6383838383838385","10","700","312"
"1000","BA","1000","2","0.1","30","0.1","0.5","1","platform","targeted","70","5","95","95","31.21490586975449","76.93730736522403","76.93730736522403","fixed","1","1","50","2379","10","50","22639932","v2.0-design-v1.0","49.2","34.5","14.700000000000003","54.782458563535904","true","58.995999999999995","29.520000000000003","50","50.8","345","300","508","577","312","69","51","167","25","15600","3173","2619","8892","916","218","11511","31.2","0","50","1000","1997","3.994","79","5.3073658374123855","0","45.8","3.5717171717171716","10","700","312"
"999","BA","1000","2","0.1","30","0.1","0.5","1","platform","targeted","70","5","95","95","31.21490586975449","76.93730736522403","76.93730736522403","fixed","1","1","50","2379","9","50","22639931","v2.0-design-v1.0","43.7","31.2","12.500000000000004","53.64421416234888","true","54.486","26.721999999999998","50","56.3","312","300","563","632","312","69","51","167","25","15600","3106","2684","8888","922","218","11572","31.2","0","50","1000","1997","3.994","81","5.137154305094819","0","43.3","3.596969696969697","10","700","312"
"1001","BA","1000","2","0.1","30","0.1","0.5","1","platform","targeted","70","5","95","95","31.21490586975449","76.93730736522403","76.93730736522403","fixed","1","1","50","2379","11","50","22639933","v2.0-design-v1.0","46.5","31.2","15.3","53.219927095990286","true","57.86600000000001","29.771999999999995","50","53.5","312","300","535","614","312","79","49","162","22","15600","3066","2695","8937","902","211","11632","31.2","0","50","1000","1997","3.994","84","5.1406605013743425","0","42.8","3.602020202020202","10","700","312"
"1002","BA","1000","2","0.1","30","0.1","0.5","1","platform","targeted","70","5","95","95","31.21490586975449","76.93730736522403","76.93730736522403","fixed","1","1","50","2379","12","50","22639934","v2.0-design-v1.0","49.5","35.699999999999996","13.800000000000004","52.85515320334262","true","59.66600000000001","28.48","50","50.5","357","300","505","575","312","70","45","176","21","15600","3036","2708","8951","905","221","11659","31.2","0","50","1000","1997","3.994","64","4.858144251210071","0","39.6","3.6343434343434344","10","700","312"
"1003","BA","1000","2","0.1","30","0.1","0.5","1","platform","targeted","70","5","95","95","31.21490586975449","76.93730736522403","76.93730736522403","fixed","1","1","50","2379","13","50","22639935","v2.0-design-v1.0","47.599999999999994","32","15.599999999999994","55.97716588314305","true","55.83800000000001","27.56599999999999","50","52.400000000000006","320","300","524","609","312","85","51","160","16","15600","3334","2622","8664","980","211","11286","31.2","0","50","1000","1997","3.994","69","4.990477819695101","0","42.5","3.605050505050505","10","700","312"
"1004","BA","1000","2","0.1","30","0.1","0.5","1","platform","targeted","70","5","95","95","31.21490586975449","76.93730736522403","76.93730736522403","fixed","1","1","50","2379","14","50","22639936","v2.0-design-v1.0","52.1","37.7","14.399999999999999","54.04322063436737","true","60.868","29.440000000000005","50","47.9","377","300","479","553","312","74","44","175","19","15600","3101","2637","8923","939","219","11560","31.2","0","50","1000","1997","3.994","75","4.863498495693971","0","38.9","3.6414141414141414","10","700","312"
"1006","BA","1000","2","0.1","30","0.1","0.5","1","platform","targeted","70","5","95","95","31.21490586975449","76.93730736522403","76.93730736522403","fixed","1","1","50","2379","16","50","22639938","v2.0-design-v1.0","46.199999999999996","31.900000000000002","14.299999999999994","52.38342867048015","true","57.37000000000001","28.784000000000002","50","53.800000000000004","319","300","538","608","312","70","49","174","19","15600","3022","2747","8982","849","223","11729","31.2","0","50","1000","1997","3.994","80","5.025257925441957","0","41.5","3.6151515151515152","10","700","312"
"1005","BA","1000","2","0.1","30","0.1","0.5","1","platform","targeted","70","5","95","95","31.21490586975449","76.93730736522403","76.93730736522403","fixed","1","1","50","2379","15","50","22639937","v2.0-design-v1.0","44.099999999999994","31.6","12.499999999999993","53.01805674978504","true","56.03600000000002","27.815999999999995","50","55.900000000000006","316","300","559","637","312","78","50","157","27","15600","3083","2732","8890","895","207","11622","31.2","0","50","1000","1997","3.994","86","5.33464360781696","0","43.9","3.590909090909091","10","700","312"
"1007","BA","1000","2","0.1","30","0.1","0.5","1","platform","targeted","70","5","95","95","31.21490586975449","76.93730736522403","76.93730736522403","fixed","1","1","50","2379","17","50","22639939","v2.0-design-v1.0","51.2","36.3","14.900000000000006","54.523396880415945","true","61.066","31.131999999999994","50","48.8","363","300","488","570","312","82","47","168","15","15600","3146","2624","8890","940","215","11514","31.2","0","50","1000","1997","3.994","81","5.316976042285139","0","44.9","3.580808080808081","10","700","312"
"1008","BA","1000","2","0.1","30","0.1","0.5","1","platform","targeted","70","5","95","95","31.21490586975449","76.93730736522403","76.93730736522403","fixed","1","1","50","2379","18","50","22639940","v2.0-design-v1.0","49.8","34.1","15.699999999999996","54.661535770509005","true","59.464000000000006","30.200000000000003","50","50.2","341","300","502","568","312","66","46","181","19","15600","3125","2592","8904","979","227","11496","31.2","0","50","1000","1997","3.994","122","5.735403983928139","0","46.3","3.566666666666667","10","700","312"
"1009","BA","1000","2","0.1","30","0.1","0.5","1","platform","targeted","70","5","95","95","31.21490586975449","76.93730736522403","76.93730736522403","fixed","1","1","50","2379","19","50","22639941","v2.0-design-v1.0","43.300000000000004","31.2","12.100000000000005","55.10273391068093","true","54.82200000000001","27.016","50","56.699999999999996","312","300","567","655","312","88","47","157","20","15600","3245","2644","8788","923","204","11432","31.2","0","50","1000","1997","3.994","91","4.826723657022554","0","36.1","3.66969696969697","10","700","312"
"1010","BA","1000","2","0.1","30","0.1","0.5","1","platform","targeted","70","5","95","95","31.21490586975449","76.93730736522403","76.93730736522403","fixed","1","1","50","2379","20","50","22639942","v2.0-design-v1.0","45.3","31.4","13.899999999999999","54.52800558366777","true","55.52399999999998","27.498000000000005","50","54.7","314","300","547","604","312","57","53","184","18","15600","3125","2606","8989","880","237","11595","31.2","0","50","1000","1997","3.994","67","4.987066756605008","0","41.8","3.6121212121212123","10","700","312"
"1011","BA","1000","2","0.1","30","0.1","0.5","1","platform","targeted","70","5","95","95","31.21490586975449","76.93730736522403","76.93730736522403","fixed","1","1","50","2379","21","50","22639943","v2.0-design-v1.0","52.800000000000004","39.5","13.300000000000004","53.164994811483915","true","61.01599999999999","29.03199999999999","50","47.199999999999996","395","300","472","533","312","61","57","171","23","15600","3074","2708","8941","877","228","11649","31.2","0","50","1000","1997","3.994","65","5.079543854103994","0","42.2","3.608080808080808","10","700","312"
"1012","BA","1000","2","0.1","30","0.1","0.5","1","platform","targeted","70","5","95","95","31.21490586975449","76.93730736522403","76.93730736522403","fixed","1","1","50","2379","22","50","22639944","v2.0-design-v1.0","53.1","38.7","14.399999999999999","52.355555555555554","true","62.875999999999976","31.55000000000002","50","46.9","387","300","469","550","312","81","42","165","24","15600","2945","2680","9057","918","207","11737","31.2","0","50","1000","1997","3.994","123","5.889877303871015","0","44.1","3.588888888888889","10","700","312"
"1013","BA","1000","2","0.1","30","0.1","0.5","1","platform","targeted","70","5","95","95","31.21490586975449","76.93730736522403","76.93730736522403","fixed","1","1","50","2379","23","50","22639945","v2.0-design-v1.0","51","35","16","52.09335471227507","true","60.95400000000001","30.693999999999992","50","49","350","300","490","552","312","62","54","177","19","15600","2924","2689","9140","847","231","11829","31.2","0","50","1000","1997","3.994","81","5.361595910800311","0","44","3.5898989898989897","10","700","312"
"1014","BA","1000","2","0.1","30","0.1","0.5","1","platform","targeted","70","5","95","95","31.21490586975449","76.93730736522403","76.93730736522403","fixed","1","1","50","2379","24","50","22639946","v2.0-design-v1.0","48.9","33.800000000000004","15.099999999999994","53.92715346107371","true","58.232000000000006","29.311999999999994","50","51.1","338","300","511","570","312","59","51","184","18","15600","3124","2669","8905","902","235","11574","31.2","0","50","1000","1997","3.994","60","5.115675335098389","0","44.5","3.584848484848485","10","700","312"
"1015","BA","1000","2","0.1","30","0.1","0.5","1","platform","targeted","70","5","95","95","31.21490586975449","76.93730736522403","76.93730736522403","fixed","1","1","50","2379","25","50","22639947","v2.0-design-v1.0","47.699999999999996","32.6","15.099999999999994","55.10660247592847","true","57.05799999999999","28.760000000000005","50","52.300000000000004","326","300","523","600","312","77","49","173","13","15600","3205","2611","8810","974","222","11421","31.2","0","50","1000","1997","3.994","92","5.291877546577195","0","43.5","3.594949494949495","10","700","312"
"1016","BA","1000","2","0.1","30","0.1","0.5","1","platform","targeted","70","5","95","95","31.21490586975449","76.93730736522403","76.93730736522403","fixed","1","1","50","2379","26","50","22639948","v2.0-design-v1.0","44.699999999999996","31.3","13.399999999999995","52.56566359366847","true","55.864","27.622000000000003","50","55.300000000000004","313","300","553","627","312","74","48","162","28","15600","3022","2727","8912","939","210","11639","31.2","0","50","1000","1997","3.994","81","5.35468361685698","0","44","3.5898989898989897","10","700","312"
"1017","BA","1000","2","0.1","30","0.1","0.5","1","platform","targeted","70","5","95","95","31.21490586975449","76.93730736522403","76.93730736522403","fixed","1","1","50","2379","27","50","22639949","v2.0-design-v1.0","53","39.4","13.600000000000001","54.68324250681199","true","59.947999999999986","28.50199999999999","50","47","394","300","470","560","312","90","50","150","22","15600","3211","2661","8817","911","200","11478","31.2","0","50","1000","1997","3.994","99","5.9819518342885445","0","48.7","3.5424242424242425","10","700","312"
"1018","BA","1000","2","0.1","30","0.1","0.5","1","platform","targeted","70","5","95","95","31.21490586975449","76.93730736522403","76.93730736522403","fixed","1","1","50","2379","28","50","22639950","v2.0-design-v1.0","51.7","36.3","15.400000000000006","52.12504390586582","true","61.16400000000001","30.23","50","48.3","363","300","483","543","312","60","48","181","23","15600","2968","2726","8977","929","229","11703","31.2","0","50","1000","1997","3.994","70","5.440916059595796","0","48.4","3.5454545454545454","10","700","312"
"1019","BA","1000","2","0.1","30","0.1","0.5","1","platform","targeted","70","5","95","95","31.21490586975449","76.93730736522403","76.93730736522403","fixed","1","1","50","2379","29","50","22639951","v2.0-design-v1.0","52.1","35.6","16.5","51.33967156439066","true","61.72999999999998","31.621999999999993","50","47.9","356","300","479","549","312","70","51","169","22","15600","2970","2815","8966","849","220","11781","31.2","0","50","1000","1997","3.994","72","5.081120130619005","0","43.2","3.597979797979798","10","700","312"
"1020","BA","1000","2","0.1","30","0.1","0.5","1","platform","targeted","70","5","95","95","31.21490586975449","76.93730736522403","76.93730736522403","fixed","1","1","50","2379","30","50","22639952","v2.0-design-v1.0","42.7","30.8","11.900000000000002","56.84873234643526","true","55.23200000000001","28.185999999999993","50","57.3","308","300","573","643","312","70","55","162","25","15600","3341","2536","8712","1011","217","11248","31.2","0","50","1000","1997","3.994","92","4.9782272694953065","0","39.1","3.639393939393939","10","700","312"
"1021","BA","1000","2","0.1","30","0.1","0.5","1","platform","targeted","70","5","95","95","44.710417831831755","65.04636074940626","65.04636074940626","fixed","1","1","50","2380","1","50","22640923","v2.0-design-v1.0","57.7","50.2","7.5","32.64248704663213","true","67.354","20.675999999999995","50","42.3","502","300","423","484","447","61","104","243","39","22350","2961","6110","11734","1545","347","17844","44.7","0","50","1000","1997","3.994","104","5.51201835504439","0","45.7","3.5727272727272728","10","700","447"
"1022","BA","1000","2","0.1","30","0.1","0.5","1","platform","targeted","70","5","95","95","44.710417831831755","65.04636074940626","65.04636074940626","fixed","1","1","50","2380","2","50","22640924","v2.0-design-v1.0","56.2","48.8","7.400000000000006","35.4188647393965","true","64.174","18.912","50","43.8","488","300","438","528","447","90","108","213","36","22350","3357","6121","11134","1738","321","17255","44.7","0","50","1000","1997","3.994","77","5.133255722669023","0","43.2","3.597979797979798","10","700","447"
"1023","BA","1000","2","0.1","30","0.1","0.5","1","platform","targeted","70","5","95","95","44.710417831831755","65.04636074940626","65.04636074940626","fixed","1","1","50","2380","3","50","22640925","v2.0-design-v1.0","57.5","50.2","7.299999999999997","34.22309027777778","true","66.77","20.522","50","42.5","502","300","425","480","447","55","125","222","45","22350","3154","6062","11323","1811","347","17385","44.7","0","50","1000","1997","3.994","90","5.314716380975572","0","42.1","3.609090909090909","10","700","447"
"1024","BA","1000","2","0.1","30","0.1","0.5","1","platform","targeted","70","5","95","95","44.710417831831755","65.04636074940626","65.04636074940626","fixed","1","1","50","2380","4","50","22640926","v2.0-design-v1.0","57.5","48.6","8.899999999999999","33.390761279207496","true","65.63400000000001","20.416000000000007","50","42.5","486","300","425","492","447","67","121","224","35","22350","3101","6186","11407","1656","345","17593","44.7","0","50","1000","1997","3.994","65","5.133840698767368","0","43","3.6","10","700","447"
"1025","BA","1000","2","0.1","30","0.1","0.5","1","platform","targeted","70","5","95","95","44.710417831831755","65.04636074940626","65.04636074940626","fixed","1","1","50","2380","5","50","22640927","v2.0-design-v1.0","57.800000000000004","50.2","7.600000000000001","34.70492690850027","true","65.278","18.824","50","42.199999999999996","502","300","422","501","447","79","114","226","28","22350","3205","6030","11348","1767","340","17378","44.7","0","50","1000","1997","3.994","96","5.546235184764947","0","44.3","3.5868686868686868","10","700","447"
"1026","BA","1000","2","0.1","30","0.1","0.5","1","platform","targeted","70","5","95","95","44.710417831831755","65.04636074940626","65.04636074940626","fixed","1","1","50","2380","6","50","22640928","v2.0-design-v1.0","57.7","50","7.700000000000003","32.98135976726646","true","67.486","21.372000000000007","50","42.3","500","300","423","507","447","84","115","208","40","22350","3061","6220","11391","1678","323","17611","44.7","0","50","1000","1997","3.994","70","5.315093057907276","0","45.3","3.576767676767677","10","700","447"
"1028","BA","1000","2","0.1","30","0.1","0.5","1","platform","targeted","70","5","95","95","44.710417831831755","65.04636074940626","65.04636074940626","fixed","1","1","50","2380","8","50","22640930","v2.0-design-v1.0","57","50.4","6.600000000000001","34.58606249328895","true","66.56599999999999","20.314000000000007","50","43","504","300","430","499","447","69","105","228","45","22350","3221","6092","11313","1724","333","17405","44.7","0","50","1000","1997","3.994","74","5.277671628456789","0","45.2","3.577777777777778","10","700","447"
"1027","BA","1000","2","0.1","30","0.1","0.5","1","platform","targeted","70","5","95","95","44.710417831831755","65.04636074940626","65.04636074940626","fixed","1","1","50","2380","7","50","22640929","v2.0-design-v1.0","57.800000000000004","49.8","8.000000000000007","34.128674904132936","true","65.77800000000002","19.667999999999992","50","42.199999999999996","498","300","422","486","447","64","132","210","41","22350","3204","6184","11209","1753","342","17393","44.7","0","50","1000","1997","3.994","75","5.0491046193812785","0","40.7","3.6232323232323234","10","700","447"
"1030","BA","1000","2","0.1","30","0.1","0.5","1","platform","targeted","70","5","95","95","44.710417831831755","65.04636074940626","65.04636074940626","fixed","1","1","50","2380","10","50","22640932","v2.0-design-v1.0","56.2","47.8","8.400000000000006","33.509490940465916","true","65.304","20.86000000000001","50","43.8","478","300","438","521","447","83","131","195","38","22350","3107","6165","11437","1641","326","17602","44.7","0","50","1000","1997","3.994","94","5.556152880801134","0","44","3.5898989898989897","10","700","447"
"1029","BA","1000","2","0.1","30","0.1","0.5","1","platform","targeted","70","5","95","95","44.710417831831755","65.04636074940626","65.04636074940626","fixed","1","1","50","2380","9","50","22640931","v2.0-design-v1.0","58.900000000000006","50.8","8.100000000000009","33.84748139359293","true","67.538","20.58199999999999","50","41.099999999999994","508","300","411","485","447","74","120","210","43","22350","3138","6133","11332","1747","330","17465","44.7","0","50","1000","1997","3.994","67","4.739876626076923","0","38.3","3.6474747474747473","10","700","447"
"1031","BA","1000","2","0.1","30","0.1","0.5","1","platform","targeted","70","5","95","95","44.710417831831755","65.04636074940626","65.04636074940626","fixed","1","1","50","2380","11","50","22640933","v2.0-design-v1.0","56.8","49.7","7.099999999999994","35.410120273052335","true","65.25399999999999","19.432","50","43.2","497","300","432","495","447","63","120","221","43","22350","3268","5961","11320","1801","341","17281","44.7","0","50","1000","1997","3.994","60","4.894887529241487","0","40.9","3.621212121212121","10","700","447"
"1033","BA","1000","2","0.1","30","0.1","0.5","1","platform","targeted","70","5","95","95","44.710417831831755","65.04636074940626","65.04636074940626","fixed","1","1","50","2380","13","50","22640935","v2.0-design-v1.0","57","50.5","6.5","35.06422817330721","true","65.25600000000003","18.40199999999999","50","43","505","300","430","507","447","77","109","220","41","22350","3221","5965","11344","1820","329","17309","44.7","0","50","1000","1997","3.994","79","4.779833763930573","0","37.8","3.6525252525252525","10","700","447"
"1032","BA","1000","2","0.1","30","0.1","0.5","1","platform","targeted","70","5","95","95","44.710417831831755","65.04636074940626","65.04636074940626","fixed","1","1","50","2380","12","50","22640934","v2.0-design-v1.0","54.6","49.5","5.100000000000001","35.55031109204033","true","64.68999999999998","18.855999999999998","50","45.4","495","300","454","528","447","74","112","214","47","22350","3314","6008","11255","1773","326","17263","44.7","0","50","1000","1997","3.994","64","5.169399064367788","0","44.2","3.587878787878788","10","700","447"
"1034","BA","1000","2","0.1","30","0.1","0.5","1","platform","targeted","70","5","95","95","44.710417831831755","65.04636074940626","65.04636074940626","fixed","1","1","50","2380","14","50","22640936","v2.0-design-v1.0","57.5","52.300000000000004","5.199999999999996","35.77401372212693","true","65.41799999999999","17.244","50","42.5","523","300","425","505","447","80","108","221","38","22350","3337","5991","11175","1847","329","17166","44.7","0","50","1000","1997","3.994","71","5.116262321279085","0","43.1","3.598989898989899","10","700","447"
"1035","BA","1000","2","0.1","30","0.1","0.5","1","platform","targeted","70","5","95","95","44.710417831831755","65.04636074940626","65.04636074940626","fixed","1","1","50","2380","15","50","22640937","v2.0-design-v1.0","56.9","49.5","7.399999999999999","34.8230322239831","true","64.50200000000001","18.953999999999997","50","43.1","495","300","431","511","447","80","115","211","41","22350","3296","6169","11110","1775","326","17279","44.7","0","50","1000","1997","3.994","56","4.816758782123623","0","39.7","3.6333333333333333","10","700","447"
"1036","BA","1000","2","0.1","30","0.1","0.5","1","platform","targeted","70","5","95","95","44.710417831831755","65.04636074940626","65.04636074940626","fixed","1","1","50","2380","16","50","22640938","v2.0-design-v1.0","56.7","50","6.700000000000003","34.65229110512129","true","67.18","21.086","50","43.3","500","300","433","502","447","69","101","231","46","22350","3214","6061","11358","1717","332","17419","44.7","0","50","1000","1997","3.994","100","5.54767886063538","0","45.5","3.5747474747474746","10","700","447"
"1037","BA","1000","2","0.1","30","0.1","0.5","1","platform","targeted","70","5","95","95","44.710417831831755","65.04636074940626","65.04636074940626","fixed","1","1","50","2380","17","50","22640939","v2.0-design-v1.0","59.2","50.9","8.300000000000004","33.28963181470556","true","68.88","22.035999999999998","50","40.8","509","300","408","479","447","71","118","208","50","22350","3047","6106","11598","1599","326","17704","44.7","0","50","1000","1997","3.994","105","5.354496674257495","0","40.8","3.6222222222222222","10","700","447"
"1038","BA","1000","2","0.1","30","0.1","0.5","1","platform","targeted","70","5","95","95","44.710417831831755","65.04636074940626","65.04636074940626","fixed","1","1","50","2380","18","50","22640940","v2.0-design-v1.0","57.300000000000004","48.9","8.400000000000006","34.86941506583208","true","65.25000000000003","19.965999999999998","50","42.699999999999996","489","300","427","497","447","70","121","216","40","22350","3231","6035","11326","1758","337","17361","44.7","0","50","1000","1997","3.994","83","5.3863695544380255","0","45.3","3.576767676767677","10","700","447"
"1039","BA","1000","2","0.1","30","0.1","0.5","1","platform","targeted","70","5","95","95","44.710417831831755","65.04636074940626","65.04636074940626","fixed","1","1","50","2380","19","50","22640941","v2.0-design-v1.0","57.9","50.4","7.5","34.442142000218126","true","66.58400000000002","20.214000000000002","50","42.1","504","300","421","506","447","85","113","198","51","22350","3158","6011","11439","1742","311","17450","44.7","0","50","1000","1997","3.994","91","5.321492486350255","0","44.2","3.587878787878788","10","700","447"
"1040","BA","1000","2","0.1","30","0.1","0.5","1","platform","targeted","70","5","95","95","44.710417831831755","65.04636074940626","65.04636074940626","fixed","1","1","50","2380","20","50","22640942","v2.0-design-v1.0","55.6","49.6","6","35.7389801210026","true","64.38200000000002","18.706000000000003","50","44.4","496","300","444","508","447","64","114","228","41","22350","3308","5948","11207","1887","342","17155","44.7","0","50","1000","1997","3.994","90","5.375952461179763","0","44.9","3.580808080808081","10","700","447"
"1041","BA","1000","2","0.1","30","0.1","0.5","1","platform","targeted","70","5","95","95","44.710417831831755","65.04636074940626","65.04636074940626","fixed","1","1","50","2380","21","50","22640943","v2.0-design-v1.0","60.099999999999994","51.2","8.899999999999991","33.61408882082696","true","67.88199999999999","20.736","50","39.900000000000006","512","300","399","460","447","61","106","231","49","22350","3073","6069","11526","1682","337","17595","44.7","0","50","1000","1997","3.994","69","5.236352106513016","0","45.3","3.576767676767677","10","700","447"
"1043","BA","1000","2","0.1","30","0.1","0.5","1","platform","targeted","70","5","95","95","44.710417831831755","65.04636074940626","65.04636074940626","fixed","1","1","50","2380","23","50","22640945","v2.0-design-v1.0","57.5","48","9.5","34.310213828286116","true","65.798","21.233999999999995","50","42.5","480","300","425","494","447","69","114","226","38","22350","3161","6052","11325","1812","340","17377","44.7","0","50","1000","1997","3.994","77","5.064544758772847","0","42.8","3.602020202020202","10","700","447"
"1042","BA","1000","2","0.1","30","0.1","0.5","1","platform","targeted","70","5","95","95","44.710417831831755","65.04636074940626","65.04636074940626","fixed","1","1","50","2380","22","50","22640944","v2.0-design-v1.0","55.9","50","5.899999999999999","35.65319649347873","true","65.20599999999999","19.06","50","44.1","500","300","441","511","447","70","114","217","46","22350","3335","6019","11127","1869","331","17146","44.7","0","50","1000","1997","3.994","93","5.76829586942601","0","48.4","3.5454545454545454","10","700","447"
"1044","BA","1000","2","0.1","30","0.1","0.5","1","platform","targeted","70","5","95","95","44.710417831831755","65.04636074940626","65.04636074940626","fixed","1","1","50","2380","24","50","22640946","v2.0-design-v1.0","57.9","49.8","8.100000000000001","35.48870570602719","true","66.17399999999998","20.055999999999997","50","42.1","498","300","421","491","447","70","109","228","40","22350","3315","6026","11321","1688","337","17347","44.7","0","50","1000","1997","3.994","50","4.83211271736424","0","39.4","3.6363636363636362","10","700","447"
"1045","BA","1000","2","0.1","30","0.1","0.5","1","platform","targeted","70","5","95","95","44.710417831831755","65.04636074940626","65.04636074940626","fixed","1","1","50","2380","25","50","22640947","v2.0-design-v1.0","59.1","49.8","9.300000000000004","32.67596426236653","true","67.87200000000003","21.846000000000004","50","40.9","498","300","409","470","447","61","127","221","38","22350","2999","6179","11638","1534","348","17817","44.7","0","50","1000","1997","3.994","60","4.591409919082038","0","36.6","3.6646464646464647","10","700","447"
"1046","BA","1000","2","0.1","30","0.1","0.5","1","platform","targeted","70","5","95","95","44.710417831831755","65.04636074940626","65.04636074940626","fixed","1","1","50","2380","26","50","22640948","v2.0-design-v1.0","57.4","48.6","8.799999999999997","34.87050595563326","true","65.858","20.734","50","42.6","486","300","426","494","447","68","114","227","38","22350","3191","5960","11462","1737","341","17422","44.7","0","50","1000","1997","3.994","88","5.231570828473345","0","42.4","3.606060606060606","10","700","447"
"1047","BA","1000","2","0.1","30","0.1","0.5","1","platform","targeted","70","5","95","95","44.710417831831755","65.04636074940626","65.04636074940626","fixed","1","1","50","2380","27","50","22640949","v2.0-design-v1.0","56.6","49.1","7.5","34.76877386508273","true","64.82400000000001","19.206","50","43.4","491","300","434","498","447","64","130","214","39","22350","3278","6150","11150","1772","344","17300","44.7","0","50","1000","1997","3.994","73","5.070668168562758","0","41","3.6202020202020204","10","700","447"
"1048","BA","1000","2","0.1","30","0.1","0.5","1","platform","targeted","70","5","95","95","44.710417831831755","65.04636074940626","65.04636074940626","fixed","1","1","50","2380","28","50","22640950","v2.0-design-v1.0","58.1","49.6","8.5","33.27630453378956","true","66.414","20.235999999999994","50","41.9","496","300","419","488","447","69","123","217","38","22350","3112","6240","11312","1686","340","17552","44.7","0","50","1000","1997","3.994","59","5.088994189607782","0","43.7","3.592929292929293","10","700","447"
"1049","BA","1000","2","0.1","30","0.1","0.5","1","platform","targeted","70","5","95","95","44.710417831831755","65.04636074940626","65.04636074940626","fixed","1","1","50","2380","29","50","22640951","v2.0-design-v1.0","54.8","49.7","5.099999999999994","34.72727272727273","true","64.858","18.892000000000007","50","45.2","497","300","452","536","447","84","108","204","51","22350","3247","6103","11195","1805","312","17298","44.7","0","50","1000","1997","3.994","71","5.164943430536345","0","43.3","3.596969696969697","10","700","447"
"1051","BA","1000","2","0.1","30","0.1","0.5","1","platform","targeted","70","5","95","95","52.5939596825866","97.75899611501848","97.75899611501848","fixed","1","1","50","2381","1","50","22641923","v2.0-design-v1.0","98.6","35.8","62.8","64.3324607329843","true","93.49999999999999","72.67999999999998","50","1.4000000000000001","358","300","14","17","526","3","13","510","0","26300","983","545","24748","24","523","25293","52.6","0","50","1000","1997","3.994","93","5.431340853183805","0","45.2","3.577777777777778","10","700","526"
"1050","BA","1000","2","0.1","30","0.1","0.5","1","platform","targeted","70","5","95","95","44.710417831831755","65.04636074940626","65.04636074940626","fixed","1","1","50","2380","30","50","22640952","v2.0-design-v1.0","57.5","48.6","8.899999999999999","33.91455972101134","true","66.04999999999998","20.872","50","42.5","486","300","425","504","447","79","120","212","36","22350","3112","6064","11468","1706","332","17532","44.7","0","50","1000","1997","3.994","110","5.369245085930863","0","41.2","3.618181818181818","10","700","447"
"1053","BA","1000","2","0.1","30","0.1","0.5","1","platform","targeted","70","5","95","95","52.5939596825866","97.75899611501848","97.75899611501848","fixed","1","1","50","2381","3","50","22641925","v2.0-design-v1.0","99","37.4","61.6","58.61823361823362","true","95.16199999999999","73.42199999999998","50","1","374","300","10","13","526","3","18","505","0","26300","823","581","24875","21","523","25456","52.6","0","50","1000","1997","3.994","97","5.358234287027265","0","43.2","3.597979797979798","10","700","526"
"1052","BA","1000","2","0.1","30","0.1","0.5","1","platform","targeted","70","5","95","95","52.5939596825866","97.75899611501848","97.75899611501848","fixed","1","1","50","2381","2","50","22641924","v2.0-design-v1.0","97.4","36.199999999999996","61.20000000000001","65.64978645515558","true","92.17399999999999","71.24199999999999","50","2.6","362","300","26","33","526","7","10","509","0","26300","1076","563","24641","20","519","25204","52.6","0","50","1000","1997","3.994","95","5.230614048400363","0","43.6","3.5939393939393938","10","700","526"
"1054","BA","1000","2","0.1","30","0.1","0.5","1","platform","targeted","70","5","95","95","52.5939596825866","97.75899611501848","97.75899611501848","fixed","1","1","50","2381","4","50","22641926","v2.0-design-v1.0","99.8","37.4","62.4","58.57988165680473","true","95.83000000000001","74.46999999999997","50","0.2","374","300","2","2","526","0","12","514","0","26300","792","560","24927","21","526","25487","52.6","0","50","1000","1997","3.994","89","5.210481082694098","0","42.9","3.601010101010101","10","700","526"
"1055","BA","1000","2","0.1","30","0.1","0.5","1","platform","targeted","70","5","95","95","52.5939596825866","97.75899611501848","97.75899611501848","fixed","1","1","50","2381","5","50","22641927","v2.0-design-v1.0","98.4","34.599999999999994","63.80000000000001","62.42464835900871","true","93.862","73.032","50","1.6","346","300","16","23","526","7","12","507","0","26300","932","561","24785","22","519","25346","52.6","0","50","1000","1997","3.994","76","4.859792339347583","0","37.4","3.6565656565656566","10","700","526"
"1057","BA","1000","2","0.1","30","0.1","0.5","1","platform","targeted","70","5","95","95","52.5939596825866","97.75899611501848","97.75899611501848","fixed","1","1","50","2381","7","50","22641929","v2.0-design-v1.0","99.4","35.4","64","62.46630727762803","true","94.82600000000001","74.82400000000001","50","0.6","354","300","6","9","526","3","17","506","0","26300","927","557","24791","25","523","25348","52.6","0","50","1000","1997","3.994","73","5.16920542101826","0","45.4","3.5757575757575757","10","700","526"
"1056","BA","1000","2","0.1","30","0.1","0.5","1","platform","targeted","70","5","95","95","52.5939596825866","97.75899611501848","97.75899611501848","fixed","1","1","50","2381","6","50","22641928","v2.0-design-v1.0","98.1","34.9","63.199999999999996","66.83417085427136","true","93.03600000000002","72.14999999999999","50","1.9","349","300","19","29","526","10","13","503","0","26300","1064","528","24686","22","516","25214","52.6","0","50","1000","1997","3.994","50","4.808647116090659","0","41","3.6202020202020204","10","700","526"
"1059","BA","1000","2","0.1","30","0.1","0.5","1","platform","targeted","70","5","95","95","52.5939596825866","97.75899611501848","97.75899611501848","fixed","1","1","50","2381","9","50","22641931","v2.0-design-v1.0","97.6","36.3","61.3","65.32544378698225","true","92.544","70.61999999999999","50","2.4","363","300","24","29","526","5","8","513","0","26300","1104","586","24582","28","521","25168","52.6","0","50","1000","1997","3.994","93","5.774713093419555","0","48.7","3.5424242424242425","10","700","526"
"1058","BA","1000","2","0.1","30","0.1","0.5","1","platform","targeted","70","5","95","95","52.5939596825866","97.75899611501848","97.75899611501848","fixed","1","1","50","2381","8","50","22641930","v2.0-design-v1.0","94","34.599999999999994","59.400000000000006","69.98867497168743","true","90.022","70.562","50","6","346","300","60","68","526","8","11","506","1","26300","1236","530","24508","26","517","25038","52.6","0","50","1000","1997","3.994","68","4.86905244084222","0","40.1","3.6292929292929292","10","700","526"
"1060","BA","1000","2","0.1","30","0.1","0.5","1","platform","targeted","70","5","95","95","52.5939596825866","97.75899611501848","97.75899611501848","fixed","1","1","50","2381","10","50","22641932","v2.0-design-v1.0","96.5","35.3","61.2","66.11519607843137","true","92.044","71.70400000000001","50","3.5000000000000004","353","300","35","38","526","3","10","513","0","26300","1079","553","24647","21","523","25200","52.6","0","50","1000","1997","3.994","64","5.149804315164254","0","44.7","3.5828282828282827","10","700","526"
"1061","BA","1000","2","0.1","30","0.1","0.5","1","platform","targeted","70","5","95","95","52.5939596825866","97.75899611501848","97.75899611501848","fixed","1","1","50","2381","11","50","22641933","v2.0-design-v1.0","96.8","36.3","60.5","66.70513560300057","true","91.72200000000002","71.06","50","3.2","363","300","32","40","526","8","11","507","0","26300","1156","577","24545","22","518","25122","52.6","0","50","1000","1997","3.994","97","5.449005015198239","0","44.1","3.588888888888889","10","700","526"
"1062","BA","1000","2","0.1","30","0.1","0.5","1","platform","targeted","70","5","95","95","52.5939596825866","97.75899611501848","97.75899611501848","fixed","1","1","50","2381","12","50","22641934","v2.0-design-v1.0","99.2","36.9","62.300000000000004","60.0275671950379","true","94.93399999999998","73.616","50","0.8","369","300","8","11","526","3","6","517","0","26300","871","580","24828","21","523","25408","52.6","0","50","1000","1997","3.994","75","5.21662507538898","0","43.5","3.594949494949495","10","700","526"
"1063","BA","1000","2","0.1","30","0.1","0.5","1","platform","targeted","70","5","95","95","52.5939596825866","97.75899611501848","97.75899611501848","fixed","1","1","50","2381","13","50","22641935","v2.0-design-v1.0","98.6","34.4","64.19999999999999","61.78861788617886","true","94.33399999999997","73.74599999999998","50","1.4000000000000001","344","300","14","27","526","13","14","499","0","26300","912","564","24801","23","513","25365","52.6","0","50","1000","1997","3.994","55","4.8717243043605825","0","41","3.6202020202020204","10","700","526"
"1065","BA","1000","2","0.1","30","0.1","0.5","1","platform","targeted","70","5","95","95","52.5939596825866","97.75899611501848","97.75899611501848","fixed","1","1","50","2381","15","50","22641937","v2.0-design-v1.0","98.4","36.5","61.900000000000006","61.47271531886916","true","94.21799999999999","72.58599999999998","50","1.6","365","300","16","18","526","2","6","518","0","26300","935","586","24758","21","524","25344","52.6","0","50","1000","1997","3.994","110","5.472468539143172","0","44.1","3.588888888888889","10","700","526"
"1064","BA","1000","2","0.1","30","0.1","0.5","1","platform","targeted","70","5","95","95","52.5939596825866","97.75899611501848","97.75899611501848","fixed","1","1","50","2381","14","50","22641936","v2.0-design-v1.0","97.1","39.300000000000004","57.79999999999999","62.70990156340475","true","92.06399999999998","68.68599999999998","50","2.9000000000000004","393","300","29","38","526","9","21","496","0","26300","1083","644","24546","27","517","25190","52.6","0","50","1000","1997","3.994","80","5.080332053495487","0","40.9","3.621212121212121","10","700","526"
"1067","BA","1000","2","0.1","30","0.1","0.5","1","platform","targeted","70","5","95","95","52.5939596825866","97.75899611501848","97.75899611501848","fixed","1","1","50","2381","17","50","22641939","v2.0-design-v1.0","98.7","33.900000000000006","64.8","64.69414893617021","true","94.55799999999999","75.91600000000001","50","1.3","339","300","13","14","526","1","20","505","0","26300","973","531","24774","22","525","25305","52.6","0","50","1000","1997","3.994","78","5.341581834671863","0","45.9","3.5707070707070705","10","700","526"
"1066","BA","1000","2","0.1","30","0.1","0.5","1","platform","targeted","70","5","95","95","52.5939596825866","97.75899611501848","97.75899611501848","fixed","1","1","50","2381","16","50","22641938","v2.0-design-v1.0","99.3","36.7","62.599999999999994","63.52785145888594","true","94.28800000000003","71.83799999999998","50","0.7000000000000001","367","300","7","9","526","2","8","516","0","26300","958","550","24777","15","524","25327","52.6","0","50","1000","1997","3.994","86","5.453412115703674","0","45.3","3.576767676767677","10","700","526"
"1068","BA","1000","2","0.1","30","0.1","0.5","1","platform","targeted","70","5","95","95","52.5939596825866","97.75899611501848","97.75899611501848","fixed","1","1","50","2381","18","50","22641940","v2.0-design-v1.0","98.1","33.4","64.69999999999999","65.97131681877445","true","93.42000000000002","73.69200000000001","50","1.9","334","300","19","22","526","3","10","513","0","26300","1012","522","24741","25","523","25263","52.6","0","50","1000","1997","3.994","74","5.558854636061711","0","47.6","3.5535353535353535","10","700","526"
"1069","BA","1000","2","0.1","30","0.1","0.5","1","platform","targeted","70","5","95","95","52.5939596825866","97.75899611501848","97.75899611501848","fixed","1","1","50","2381","19","50","22641941","v2.0-design-v1.0","97.8","36.199999999999996","61.6","64.55916473317865","true","91.99800000000003","70.37599999999999","50","2.1999999999999997","362","300","22","27","526","5","10","511","0","26300","1113","611","24540","36","521","25151","52.6","0","50","1000","1997","3.994","85","4.812392660945598","0","39.6","3.6343434343434344","10","700","526"
"1071","BA","1000","2","0.1","30","0.1","0.5","1","platform","targeted","70","5","95","95","52.5939596825866","97.75899611501848","97.75899611501848","fixed","1","1","50","2381","21","50","22641943","v2.0-design-v1.0","96.9","32.9","64","69.2638036809816","true","91.684","73.22800000000001","50","3.1","329","300","31","40","526","9","6","511","0","26300","1129","501","24644","26","517","25145","52.6","0","50","1000","1997","3.994","101","5.331264989323485","0","43.6","3.5939393939393938","10","700","526"
"1070","BA","1000","2","0.1","30","0.1","0.5","1","platform","targeted","70","5","95","95","52.5939596825866","97.75899611501848","97.75899611501848","fixed","1","1","50","2381","20","50","22641942","v2.0-design-v1.0","91.5","34.2","57.3","73.15041646251838","true","87.72800000000001","67.20599999999999","50","8.5","342","300","85","104","526","19","14","493","0","26300","1493","548","24217","42","507","24765","52.6","0","50","1000","1997","3.994","91","6.0681782098738","0","53.4","3.494949494949495","10","700","526"
"1072","BA","1000","2","0.1","30","0.1","0.5","1","platform","targeted","70","5","95","95","52.5939596825866","97.75899611501848","97.75899611501848","fixed","1","1","50","2381","22","50","22641944","v2.0-design-v1.0","98.8","35.9","62.9","61.57534246575342","true","94.39600000000002","73.48600000000002","50","1.2","359","300","12","13","526","1","9","516","0","26300","899","561","24821","19","525","25382","52.6","0","50","1000","1997","3.994","70","5.09646327740501","0","43.2","3.597979797979798","10","700","526"
"1073","BA","1000","2","0.1","30","0.1","0.5","1","platform","targeted","70","5","95","95","52.5939596825866","97.75899611501848","97.75899611501848","fixed","1","1","50","2381","23","50","22641945","v2.0-design-v1.0","98.7","34.4","64.30000000000001","64.91803278688525","true","93.76000000000002","73.3","50","1.3","344","300","13","17","526","4","9","513","0","26300","990","535","24754","21","522","25289","52.6","0","50","1000","1997","3.994","74","4.8175899756177945","0","37.7","3.6535353535353536","10","700","526"
"1074","BA","1000","2","0.1","30","0.1","0.5","1","platform","targeted","70","5","95","95","52.5939596825866","97.75899611501848","97.75899611501848","fixed","1","1","50","2381","24","50","22641946","v2.0-design-v1.0","99.5","34.300000000000004","65.19999999999999","61.71266808209484","true","94.79199999999997","75.43799999999999","50","0.5","343","300","5","5","526","0","9","517","0","26300","872","541","24873","14","526","25414","52.6","0","50","1000","1997","3.994","93","6.04222413292264","0","50.7","3.522222222222222","10","700","526"
"1075","BA","1000","2","0.1","30","0.1","0.5","1","platform","targeted","70","5","95","95","52.5939596825866","97.75899611501848","97.75899611501848","fixed","1","1","50","2381","25","50","22641947","v2.0-design-v1.0","97.9","34.699999999999996","63.20000000000001","65.10611735330836","true","92.89799999999997","72.286","50","2.1","347","300","21","23","526","2","7","517","0","26300","1043","559","24680","18","524","25239","52.6","0","50","1000","1997","3.994","93","5.249144455767764","0","41.7","3.613131313131313","10","700","526"
"1076","BA","1000","2","0.1","30","0.1","0.5","1","platform","targeted","70","5","95","95","52.5939596825866","97.75899611501848","97.75899611501848","fixed","1","1","50","2381","26","50","22641948","v2.0-design-v1.0","92.1","33.2","58.89999999999999","72.1004810261892","true","88.384","69.26","50","7.9","332","300","79","92","526","13","5","508","0","26300","1349","522","24394","35","513","24916","52.6","0","50","1000","1997","3.994","83","5.219310797912417","0","43.4","3.595959595959596","10","700","526"
"1077","BA","1000","2","0.1","30","0.1","0.5","1","platform","targeted","70","5","95","95","52.5939596825866","97.75899611501848","97.75899611501848","fixed","1","1","50","2381","27","50","22641949","v2.0-design-v1.0","93.3","35.699999999999996","57.6","68.60787576261785","true","89.94000000000004","69.02400000000002","50","6.7","357","300","67","85","526","18","10","497","1","26300","1237","566","24473","24","507","25039","52.6","0","50","1000","1997","3.994","64","5.124863727771512","0","44.2","3.587878787878788","10","700","526"
"1079","BA","1000","2","0.1","30","0.1","0.5","1","platform","targeted","70","5","95","95","52.5939596825866","97.75899611501848","97.75899611501848","fixed","1","1","50","2381","29","50","22641951","v2.0-design-v1.0","99.3","35","64.3","60.69651741293532","true","94.91000000000004","74.714","50","0.7000000000000001","350","300","7","7","526","0","15","511","0","26300","854","553","24876","17","526","25429","52.6","0","50","1000","1997","3.994","88","5.255243246661518","0","42.3","3.607070707070707","10","700","526"
"1080","BA","1000","2","0.1","30","0.1","0.5","1","platform","targeted","70","5","95","95","52.5939596825866","97.75899611501848","97.75899611501848","fixed","1","1","50","2381","30","50","22641952","v2.0-design-v1.0","87.5","35.699999999999996","51.800000000000004","72.34830940250116","true","85.83800000000001","64.39000000000001","50","12.5","357","300","125","147","526","22","7","495","2","26300","1562","597","24089","52","502","24686","52.6","0","50","1000","1997","3.994","88","5.252575896981733","0","42.8","3.602020202020202","10","700","526"
"1078","BA","1000","2","0.1","30","0.1","0.5","1","platform","targeted","70","5","95","95","52.5939596825866","97.75899611501848","97.75899611501848","fixed","1","1","50","2381","28","50","22641950","v2.0-design-v1.0","89.3","33.4","55.9","74.10881801125704","true","86.21","66.88399999999999","50","10.7","334","300","107","131","526","24","8","492","2","26300","1580","552","24122","46","500","24674","52.6","0","50","1000","1997","3.994","63","4.862263424127236","0","40.8","3.6222222222222222","10","700","526"
"1081","BA","1000","2","0.1","30","0.1","0.5","1","platform","targeted","70","5","95","95","6.857775021764604","84.43944106807348","84.43944106807348","fixed","1","1","50","2382","1","50","22642923","v2.0-design-v1.0","8.899999999999991","6.3","2.5999999999999917","90.88291746641075","true","21.962000000000003","17.315999999999995","50","91.10000000000001","63","300","911","948","69","37","5","22","5","3450","1894","190","1037","329","27","1227","6.9","0","50","1000","1997","3.994","101","5.867571251582083","0","48.6","3.5434343434343436","10","700","69"
"1082","BA","1000","2","0.1","30","0.1","0.5","1","platform","targeted","70","5","95","95","6.857775021764604","84.43944106807348","84.43944106807348","fixed","1","1","50","2382","2","50","22642924","v2.0-design-v1.0","9.399999999999991","6.3","3.0999999999999917","90.28571428571428","true","22.635999999999996","17.647999999999996","50","90.60000000000001","63","300","906","946","69","40","3","19","7","3450","1896","204","1020","330","22","1224","6.9","0","50","1000","1997","3.994","68","5.103921434937448","0","43.5","3.594949494949495","10","700","69"
"1083","BA","1000","2","0.1","30","0.1","0.5","1","platform","targeted","70","5","95","95","6.857775021764604","84.43944106807348","84.43944106807348","fixed","1","1","50","2382","3","50","22642925","v2.0-design-v1.0","9.099999999999994","5.800000000000001","3.2999999999999936","91.70593779453345","true","21.586","17.191999999999997","50","90.9","58","300","909","955","69","46","1","15","7","3450","1946","176","976","352","16","1152","6.9","0","50","1000","1997","3.994","77","5.456715105238652","0","47.4","3.5555555555555554","10","700","69"
"1084","BA","1000","2","0.1","30","0.1","0.5","1","platform","targeted","70","5","95","95","6.857775021764604","84.43944106807348","84.43944106807348","fixed","1","1","50","2382","4","50","22642926","v2.0-design-v1.0","7.8999999999999915","6","1.8999999999999915","90.49904030710174","true","21.954000000000004","17.31","50","92.10000000000001","60","300","921","963","69","42","2","17","8","3450","1886","198","1004","362","19","1202","6.9","0","50","1000","1997","3.994","118","5.822187034256276","0","44.1","3.588888888888889","10","700","69"
"1085","BA","1000","2","0.1","30","0.1","0.5","1","platform","targeted","70","5","95","95","6.857775021764604","84.43944106807348","84.43944106807348","fixed","1","1","50","2382","5","50","22642927","v2.0-design-v1.0","9.099999999999994","5.800000000000001","3.2999999999999936","91.78654292343388","true","21.761999999999997","17.322000000000003","50","90.9","58","300","909","952","69","43","2","17","7","3450","1978","177","968","327","19","1145","6.9","0","50","1000","1997","3.994","99","5.4372352834439175","0","44.8","3.581818181818182","10","700","69"
"1086","BA","1000","2","0.1","30","0.1","0.5","1","platform","targeted","70","5","95","95","6.857775021764604","84.43944106807348","84.43944106807348","fixed","1","1","50","2382","6","50","22642928","v2.0-design-v1.0","7.699999999999989","5.800000000000001","1.899999999999988","90.17608897126969","true","20.060000000000006","15.252","50","92.30000000000001","58","300","923","958","69","35","7","20","7","3450","1946","212","933","359","27","1145","6.9","0","50","1000","1997","3.994","102","5.355057482477716","0","43.4","3.595959595959596","10","700","69"
"1087","BA","1000","2","0.1","30","0.1","0.5","1","platform","targeted","70","5","95","95","6.857775021764604","84.43944106807348","84.43944106807348","fixed","1","1","50","2382","7","50","22642929","v2.0-design-v1.0","8.399999999999991","6.1","2.299999999999992","90.79518072289157","true","19.920000000000005","15.11","50","91.60000000000001","61","300","916","954","69","38","5","20","6","3450","1884","191","1012","363","25","1203","6.9","0","50","1000","1997","3.994","75","4.692545576122184","0","36.9","3.6616161616161618","10","700","69"
"1088","BA","1000","2","0.1","30","0.1","0.5","1","platform","targeted","70","5","95","95","6.857775021764604","84.43944106807348","84.43944106807348","fixed","1","1","50","2382","8","50","22642930","v2.0-design-v1.0","9.099999999999994","6","3.0999999999999943","90.78185328185329","true","21.339999999999996","16.720000000000006","50","90.9","60","300","909","951","69","42","2","18","7","3450","1881","191","1004","374","20","1195","6.9","0","50","1000","1997","3.994","86","5.758222045138675","0","51","3.519191919191919","10","700","69"
"1089","BA","1000","2","0.1","30","0.1","0.5","1","platform","targeted","70","5","95","95","6.857775021764604","84.43944106807348","84.43944106807348","fixed","1","1","50","2382","9","50","22642931","v2.0-design-v1.0","8.700000000000003","6.7","2.0000000000000027","90.70649596965387","true","21.624000000000002","16.688000000000002","50","91.3","67","300","913","956","69","43","5","15","6","3450","1913","196","991","350","20","1187","6.9","0","50","1000","1997","3.994","75","4.7743856943861","0","39.1","3.639393939393939","10","700","69"
"1090","BA","1000","2","0.1","30","0.1","0.5","1","platform","targeted","70","5","95","95","6.857775021764604","84.43944106807348","84.43944106807348","fixed","1","1","50","2382","10","50","22642932","v2.0-design-v1.0","8.899999999999991","5.5","3.3999999999999915","92.89719626168224","true","22.662","18.354","50","91.10000000000001","55","300","911","959","69","48","1","14","6","3450","1988","152","943","367","15","1095","6.9","0","50","1000","1997","3.994","102","5.247427893692245","0","39.4","3.6363636363636362","10","700","69"
"1091","BA","1000","2","0.1","30","0.1","0.5","1","platform","targeted","70","5","95","95","6.857775021764604","84.43944106807348","84.43944106807348","fixed","1","1","50","2382","11","50","22642933","v2.0-design-v1.0","7.099999999999994","5.800000000000001","1.2999999999999936","93.05621162021728","true","20.756","16.479999999999997","50","92.9","58","300","929","978","69","49","1","10","9","3450","1970","147","978","355","11","1125","6.9","0","50","1000","1997","3.994","57","4.704050604754589","0","39","3.6404040404040403","10","700","69"
"1092","BA","1000","2","0.1","30","0.1","0.5","1","platform","targeted","70","5","95","95","6.857775021764604","84.43944106807348","84.43944106807348","fixed","1","1","50","2382","12","50","22642934","v2.0-design-v1.0","8","6.2","1.7999999999999998","90.3957528957529","true","20.48","15.493999999999998","50","92","62","300","920","958","69","38","4","20","7","3450","1873","199","1024","354","24","1223","6.9","0","50","1000","1997","3.994","91","5.669577418830086","0","47.2","3.5575757575757576","10","700","69"
"1093","BA","1000","2","0.1","30","0.1","0.5","1","platform","targeted","70","5","95","95","6.857775021764604","84.43944106807348","84.43944106807348","fixed","1","1","50","2382","13","50","22642935","v2.0-design-v1.0","9","5.6000000000000005","3.3999999999999995","89.77045908183634","true","19.851999999999997","15.330000000000002","50","91","56","300","910","952","69","42","2","18","7","3450","1799","205","1089","357","20","1294","6.9","0","50","1000","1997","3.994","64","5.083680537544402","0","44.9","3.580808080808081","10","700","69"
"1094","BA","1000","2","0.1","30","0.1","0.5","1","platform","targeted","70","5","95","95","6.857775021764604","84.43944106807348","84.43944106807348","fixed","1","1","50","2382","14","50","22642936","v2.0-design-v1.0","8.099999999999994","6.9","1.199999999999994","91.044061302682","true","21.678000000000008","16.354000000000006","50","91.9","69","300","919","961","69","42","2","13","12","3450","1901","187","1002","360","15","1189","6.9","0","50","1000","1997","3.994","114","6.132827698180989","0","46.7","3.562626262626263","10","700","69"
"1095","BA","1000","2","0.1","30","0.1","0.5","1","platform","targeted","70","5","95","95","6.857775021764604","84.43944106807348","84.43944106807348","fixed","1","1","50","2382","15","50","22642937","v2.0-design-v1.0","8.299999999999997","5.7","2.599999999999997","91.46576663452267","true","21.192000000000007","16.650000000000002","50","91.7","57","300","917","961","69","44","0","20","5","3450","1897","177","1030","346","20","1207","6.9","0","50","1000","1997","3.994","98","5.588845963094626","0","46.6","3.5636363636363635","10","700","69"
"1096","BA","1000","2","0.1","30","0.1","0.5","1","platform","targeted","70","5","95","95","6.857775021764604","84.43944106807348","84.43944106807348","fixed","1","1","50","2382","16","50","22642938","v2.0-design-v1.0","7","6.1","0.9000000000000004","92.12855146716349","true","20.418000000000003","15.941999999999997","50","93","61","300","930","967","69","37","2","12","18","3450","1978","169","920","383","14","1089","6.9","0","50","1000","1997","3.994","69","4.8756267018441495","0","39.5","3.6353535353535356","10","700","69"
"1097","BA","1000","2","0.1","30","0.1","0.5","1","platform","targeted","70","5","95","95","6.857775021764604","84.43944106807348","84.43944106807348","fixed","1","1","50","2382","17","50","22642939","v2.0-design-v1.0","9.899999999999991","6.5","3.3999999999999915","91.38095238095238","true","22.332000000000008","17.534000000000002","50","90.10000000000001","65","300","901","938","69","37","4","20","8","3450","1919","181","1014","336","24","1195","6.9","0","50","1000","1997","3.994","121","6.047192119697612","0","48.5","3.5444444444444443","10","700","69"
"1098","BA","1000","2","0.1","30","0.1","0.5","1","platform","targeted","70","5","95","95","6.857775021764604","84.43944106807348","84.43944106807348","fixed","1","1","50","2382","18","50","22642940","v2.0-design-v1.0","9.700000000000003","6.2","3.5000000000000027","92.10404087320019","true","21.076000000000004","16.576","50","90.3","62","300","903","950","69","47","8","9","5","3450","1983","170","941","356","17","1111","6.9","0","50","1000","1997","3.994","94","5.593321843882143","0","46.6","3.5636363636363635","10","700","69"
"1099","BA","1000","2","0.1","30","0.1","0.5","1","platform","targeted","70","5","95","95","6.857775021764604","84.43944106807348","84.43944106807348","fixed","1","1","50","2382","19","50","22642941","v2.0-design-v1.0","9.099999999999994","6.3","2.7999999999999945","90.97963142580019","true","22.50999999999999","17.932000000000002","50","90.9","63","300","909","952","69","43","4","15","7","3450","1876","186","1053","335","19","1239","6.9","0","50","1000","1997","3.994","131","6.216961847608123","0","51","3.519191919191919","10","700","69"
"1101","BA","1000","2","0.1","30","0.1","0.5","1","platform","targeted","70","5","95","95","6.857775021764604","84.43944106807348","84.43944106807348","fixed","1","1","50","2382","21","50","22642943","v2.0-design-v1.0","7.299999999999997","5.8999999999999995","1.3999999999999977","91.76300578034682","true","20.753999999999998","16.432","50","92.7","59","300","927","970","69","43","2","12","12","3450","1905","171","1001","373","14","1172","6.9","0","50","1000","1997","3.994","82","5.257528469310035","0","44.1","3.588888888888889","10","700","69"
"1100","BA","1000","2","0.1","30","0.1","0.5","1","platform","targeted","70","5","95","95","6.857775021764604","84.43944106807348","84.43944106807348","fixed","1","1","50","2382","20","50","22642942","v2.0-design-v1.0","8.700000000000003","6.1","2.600000000000003","92.20898258478461","true","21.85600000000001","17.218000000000004","50","91.3","61","300","913","963","69","50","2","13","4","3450","2012","170","909","359","15","1079","6.9","0","50","1000","1997","3.994","65","5.213553984101922","0","44.5","3.584848484848485","10","700","69"
"1102","BA","1000","2","0.1","30","0.1","0.5","1","platform","targeted","70","5","95","95","6.857775021764604","84.43944106807348","84.43944106807348","fixed","1","1","50","2382","22","50","22642944","v2.0-design-v1.0","8.899999999999991","6.4","2.499999999999991","91.38173302107728","true","22.468000000000004","17.714000000000002","50","91.10000000000001","64","300","911","959","69","48","1","12","8","3450","1951","184","994","321","13","1178","6.9","0","50","1000","1997","3.994","67","5.1686244474404015","0","43.7","3.592929292929293","10","700","69"
"1103","BA","1000","2","0.1","30","0.1","0.5","1","platform","targeted","70","5","95","95","6.857775021764604","84.43944106807348","84.43944106807348","fixed","1","1","50","2382","23","50","22642945","v2.0-design-v1.0","8.799999999999997","6.7","2.099999999999997","90.72063178677196","true","21.480000000000008","16.522000000000006","50","91.2","67","300","912","949","69","37","5","18","9","3450","1838","188","1106","318","23","1294","6.9","0","50","1000","1997","3.994","105","5.571804825100115","0","45.3","3.576767676767677","10","700","69"
"1104","BA","1000","2","0.1","30","0.1","0.5","1","platform","targeted","70","5","95","95","6.857775021764604","84.43944106807348","84.43944106807348","fixed","1","1","50","2382","24","50","22642946","v2.0-design-v1.0","9.599999999999994","6.1","3.4999999999999947","90.63948100092678","true","21.516","16.651999999999997","50","90.4","61","300","904","945","69","41","1","20","7","3450","1956","202","982","310","21","1184","6.9","0","50","1000","1997","3.994","63","4.90897770030197","0","42.2","3.608080808080808","10","700","69"
"1105","BA","1000","2","0.1","30","0.1","0.5","1","platform","targeted","70","5","95","95","6.857775021764604","84.43944106807348","84.43944106807348","fixed","1","1","50","2382","25","50","22642947","v2.0-design-v1.0","9.299999999999997","6.3","2.9999999999999973","91.1625708884688","true","21.782000000000007","16.727999999999998","50","90.7","63","300","907","949","69","42","2","18","7","3450","1929","187","999","335","20","1186","6.9","0","50","1000","1997","3.994","68","5.01309236849821","0","40.8","3.6222222222222222","10","700","69"
"1106","BA","1000","2","0.1","30","0.1","0.5","1","platform","targeted","70","5","95","95","6.857775021764604","84.43944106807348","84.43944106807348","fixed","1","1","50","2382","26","50","22642948","v2.0-design-v1.0","8.799999999999997","5.800000000000001","2.9999999999999964","91.48834997622444","true","22.390000000000008","18.08199999999999","50","91.2","58","300","912","947","69","35","1","18","15","3450","1924","179","1009","338","19","1188","6.9","0","50","1000","1997","3.994","77","4.894887529241485","0","37.8","3.6525252525252525","10","700","69"
"1107","BA","1000","2","0.1","30","0.1","0.5","1","platform","targeted","70","5","95","95","6.857775021764604","84.43944106807348","84.43944106807348","fixed","1","1","50","2382","27","50","22642949","v2.0-design-v1.0","8.200000000000003","6.4","1.8000000000000025","90.69083782459579","true","21.717999999999996","16.921999999999997","50","91.8","64","300","918","956","69","38","3","20","8","3450","1851","190","1076","333","23","1266","6.9","0","50","1000","1997","3.994","127","5.703902041453587","0","44.5","3.584848484848485","10","700","69"
"1108","BA","1000","2","0.1","30","0.1","0.5","1","platform","targeted","70","5","95","95","6.857775021764604","84.43944106807348","84.43944106807348","fixed","1","1","50","2382","28","50","22642950","v2.0-design-v1.0","9.700000000000003","6","3.700000000000003","90.93067426400759","true","22.20400000000001","17.488","50","90.3","60","300","903","945","69","42","4","19","4","3450","1915","191","1000","344","23","1191","6.9","0","50","1000","1997","3.994","63","5.065730512534745","0","41.6","3.614141414141414","10","700","69"
"1109","BA","1000","2","0.1","30","0.1","0.5","1","platform","targeted","70","5","95","95","6.857775021764604","84.43944106807348","84.43944106807348","fixed","1","1","50","2382","29","50","22642951","v2.0-design-v1.0","8.5","5.8999999999999995","2.6000000000000005","90.50305594734368","true","20.932000000000013","16.328","50","91.5","59","300","915","953","69","38","4","16","11","3450","1925","202","1002","321","20","1204","6.9","0","50","1000","1997","3.994","71","5.035207773003736","0","42.6","3.604040404040404","10","700","69"
"1110","BA","1000","2","0.1","30","0.1","0.5","1","platform","targeted","70","5","95","95","6.857775021764604","84.43944106807348","84.43944106807348","fixed","1","1","50","2382","30","50","22642952","v2.0-design-v1.0","9.099999999999994","5.8999999999999995","3.199999999999995","91.53414405986904","true","21.699999999999992","17.205999999999992","50","90.9","59","300","909","951","69","42","5","16","6","3450","1957","181","945","367","21","1126","6.9","0","50","1000","1997","3.994","79","5.269319664788771","0","43.2","3.597979797979798","10","700","69"
"1111","BA","1000","2","0.1","30","0.1","0.5","1","platform","targeted","70","5","95","95","13.724322401319391","82.71769153808444","82.71769153808444","fixed","1","1","50","2383","1","50","22643923","v2.0-design-v1.0","20.599999999999994","14.7","5.899999999999995","81.56490812092471","true","33.73599999999999","21.798","50","79.4","147","300","794","858","137","64","13","51","9","6850","2752","622","2929","547","64","3551","13.7","0","50","1000","1997","3.994","93","5.108038376525373","0","41.6","3.614141414141414","10","700","137"
"1112","BA","1000","2","0.1","30","0.1","0.5","1","platform","targeted","70","5","95","95","13.724322401319391","82.71769153808444","82.71769153808444","fixed","1","1","50","2383","2","50","22643924","v2.0-design-v1.0","19.69999999999999","13.700000000000001","5.999999999999988","80.00603136308806","true","34.754000000000005","23.010000000000005","50","80.30000000000001","137","300","803","862","137","59","16","48","14","6850","2653","663","2970","564","64","3633","13.7","0","50","1000","1997","3.994","85","5.439812088257782","0","47.3","3.5565656565656565","10","700","137"
"1113","BA","1000","2","0.1","30","0.1","0.5","1","platform","targeted","70","5","95","95","13.724322401319391","82.71769153808444","82.71769153808444","fixed","1","1","50","2383","3","50","22643925","v2.0-design-v1.0","18","13.3","4.699999999999999","81.67202572347267","true","32.896","21.862","50","82","133","300","820","881","137","61","9","56","11","6850","2794","627","2823","606","65","3450","13.7","0","50","1000","1997","3.994","68","4.950603243289895","0","39.6","3.6343434343434344","10","700","137"
"1114","BA","1000","2","0.1","30","0.1","0.5","1","platform","targeted","70","5","95","95","13.724322401319391","82.71769153808444","82.71769153808444","fixed","1","1","50","2383","4","50","22643926","v2.0-design-v1.0","17.200000000000003","14.799999999999999","2.400000000000004","84.50506186726659","true","30.210000000000004","18.682","50","82.8","148","300","828","899","137","71","7","48","11","6850","3005","551","2693","601","55","3244","13.7","0","50","1000","1997","3.994","68","4.9091816083807664","0","40.7","3.6232323232323234","10","700","137"
"1115","BA","1000","2","0.1","30","0.1","0.5","1","platform","targeted","70","5","95","95","13.724322401319391","82.71769153808444","82.71769153808444","fixed","1","1","50","2383","5","50","22643927","v2.0-design-v1.0","18.60000000000001","13.700000000000001","4.9000000000000075","80.01808318264014","true","32.19000000000001","20.486000000000004","50","81.39999999999999","137","300","814","870","137","56","9","61","11","6850","2655","663","2981","551","70","3644","13.7","0","50","1000","1997","3.994","99","5.819779534813487","0","48.5","3.5444444444444443","10","700","137"
"1116","BA","1000","2","0.1","30","0.1","0.5","1","platform","targeted","70","5","95","95","13.724322401319391","82.71769153808444","82.71769153808444","fixed","1","1","50","2383","6","50","22643928","v2.0-design-v1.0","17","13.5","3.5","81.39740566037736","true","32.072","20.68599999999999","50","83","135","300","830","892","137","62","9","55","11","6850","2761","631","2885","573","64","3516","13.7","0","50","1000","1997","3.994","77","4.8492761809861245","0","39.9","3.6313131313131315","10","700","137"
"1117","BA","1000","2","0.1","30","0.1","0.5","1","platform","targeted","70","5","95","95","13.724322401319391","82.71769153808444","82.71769153808444","fixed","1","1","50","2383","7","50","22643929","v2.0-design-v1.0","19.39999999999999","13.8","5.599999999999991","80.44291952588895","true","34.29600000000001","23.07999999999999","50","80.60000000000001","138","300","806","859","137","53","10","60","14","6850","2579","627","3095","549","70","3722","13.7","0","50","1000","1997","3.994","94","5.544068966084443","0","48.3","3.5464646464646465","10","700","137"
"1118","BA","1000","2","0.1","30","0.1","0.5","1","platform","targeted","70","5","95","95","13.724322401319391","82.71769153808444","82.71769153808444","fixed","1","1","50","2383","8","50","22643930","v2.0-design-v1.0","16.700000000000003","14.000000000000002","2.700000000000001","83.03206997084548","true","31.73","20.291999999999998","50","83.3","140","300","833","891","137","58","11","50","18","6850","2848","582","2839","581","61","3421","13.7","0","50","1000","1997","3.994","83","5.265899134401796","0","44.1","3.588888888888889","10","700","137"
"1119","BA","1000","2","0.1","30","0.1","0.5","1","platform","targeted","70","5","95","95","13.724322401319391","82.71769153808444","82.71769153808444","fixed","1","1","50","2383","9","50","22643931","v2.0-design-v1.0","18.799999999999997","14.099999999999998","4.699999999999999","81.9618366129994","true","33.49999999999999","21.912","50","81.2","141","300","812","877","137","65","8","48","16","6850","2749","605","2904","592","56","3509","13.7","0","50","1000","1997","3.994","113","5.70021547456378","0","44.4","3.585858585858586","10","700","137"
"1120","BA","1000","2","0.1","30","0.1","0.5","1","platform","targeted","70","5","95","95","13.724322401319391","82.71769153808444","82.71769153808444","fixed","1","1","50","2383","10","50","22643932","v2.0-design-v1.0","18.799999999999997","12.6","6.1999999999999975","80.88147706968434","true","31.986","21.477999999999987","50","81.2","126","300","812","879","137","67","13","48","9","6850","2716","642","2979","513","61","3621","13.7","0","50","1000","1997","3.994","71","5.128378326943538","0","42.5","3.605050505050505","10","700","137"
"1121","BA","1000","2","0.1","30","0.1","0.5","1","platform","targeted","70","5","95","95","13.724322401319391","82.71769153808444","82.71769153808444","fixed","1","1","50","2383","11","50","22643933","v2.0-design-v1.0","19.799999999999997","13.3","6.4999999999999964","80.60109289617486","true","34.518","23.899999999999995","50","80.2","133","300","802","865","137","63","16","45","13","6850","2655","639","3030","526","61","3669","13.7","0","50","1000","1997","3.994","89","5.6746952487482645","0","46.5","3.5646464646464646","10","700","137"
"1122","BA","1000","2","0.1","30","0.1","0.5","1","platform","targeted","70","5","95","95","13.724322401319391","82.71769153808444","82.71769153808444","fixed","1","1","50","2383","12","50","22643934","v2.0-design-v1.0","19.69999999999999","14.7","4.999999999999989","82.90125254879115","true","33.74199999999999","22.225999999999996","50","80.30000000000001","147","300","803","865","137","62","8","55","12","6850","2846","587","2868","549","63","3455","13.7","0","50","1000","1997","3.994","84","5.225635968116338","0","42.5","3.605050505050505","10","700","137"
"1123","BA","1000","2","0.1","30","0.1","0.5","1","platform","targeted","70","5","95","95","13.724322401319391","82.71769153808444","82.71769153808444","fixed","1","1","50","2383","13","50","22643935","v2.0-design-v1.0","18.400000000000006","13","5.400000000000006","81.76211453744493","true","32.72","21.91999999999999","50","81.6","130","300","816","882","137","66","6","56","9","6850","2784","621","2857","588","62","3478","13.7","0","50","1000","1997","3.994","49","4.689985070334427","0","39.9","3.6313131313131315","10","700","137"
"1124","BA","1000","2","0.1","30","0.1","0.5","1","platform","targeted","70","5","95","95","13.724322401319391","82.71769153808444","82.71769153808444","fixed","1","1","50","2383","14","50","22643936","v2.0-design-v1.0","21.599999999999994","14.299999999999999","7.299999999999995","80.94089264173702","true","35.67","23.851999999999993","50","78.4","143","300","784","848","137","64","11","50","12","6850","2684","632","3043","491","61","3675","13.7","0","50","1000","1997","3.994","86","5.416576714429807","0","43.8","3.591919191919192","10","700","137"
"1125","BA","1000","2","0.1","30","0.1","0.5","1","platform","targeted","70","5","95","95","13.724322401319391","82.71769153808444","82.71769153808444","fixed","1","1","50","2383","15","50","22643937","v2.0-design-v1.0","19.799999999999997","13.700000000000001","6.099999999999996","82.73273273273273","true","34.71600000000001","23.634000000000004","50","80.2","137","300","802","868","137","66","4","57","10","6850","2755","575","2955","565","61","3530","13.7","0","50","1000","1997","3.994","68","5.017483347171076","0","41.5","3.6151515151515152","10","700","137"
"1126","BA","1000","2","0.1","30","0.1","0.5","1","platform","targeted","70","5","95","95","13.724322401319391","82.71769153808444","82.71769153808444","fixed","1","1","50","2383","16","50","22643938","v2.0-design-v1.0","18.60000000000001","14.399999999999999","4.20000000000001","82.57465932154247","true","33.488","21.34","50","81.39999999999999","144","300","814","881","137","67","9","47","14","6850","2848","601","2809","592","56","3410","13.7","0","50","1000","1997","3.994","61","4.921197230571246","0","41.8","3.6121212121212123","10","700","137"
"1127","BA","1000","2","0.1","30","0.1","0.5","1","platform","targeted","70","5","95","95","13.724322401319391","82.71769153808444","82.71769153808444","fixed","1","1","50","2383","17","50","22643939","v2.0-design-v1.0","19.69999999999999","13.600000000000001","6.099999999999987","80.63848655039905","true","33.91799999999999","22.629999999999985","50","80.30000000000001","136","300","803","859","137","56","10","60","11","6850","2728","655","2932","535","70","3587","13.7","0","50","1000","1997","3.994","90","5.619389783734662","0","46.9","3.5606060606060606","10","700","137"
"1128","BA","1000","2","0.1","30","0.1","0.5","1","platform","targeted","70","5","95","95","13.724322401319391","82.71769153808444","82.71769153808444","fixed","1","1","50","2383","18","50","22643940","v2.0-design-v1.0","19.5","14.499999999999998","5.000000000000002","81.45580589254766","true","33.062","20.889999999999997","50","80.5","145","300","805","872","137","67","5","55","10","6850","2820","642","2811","577","60","3453","13.7","0","50","1000","1997","3.994","52","4.835012031147516","0","39.9","3.6313131313131315","10","700","137"
"1129","BA","1000","2","0.1","30","0.1","0.5","1","platform","targeted","70","5","95","95","13.724322401319391","82.71769153808444","82.71769153808444","fixed","1","1","50","2383","19","50","22643941","v2.0-design-v1.0","20.19999999999999","13.900000000000002","6.2999999999999865","81.33612941881367","true","34.163999999999994","22.744","50","79.80000000000001","139","300","798","858","137","60","9","55","13","6850","2715","623","2969","543","64","3592","13.7","0","50","1000","1997","3.994","103","5.73697454037202","0","47.4","3.5555555555555554","10","700","137"
"1130","BA","1000","2","0.1","30","0.1","0.5","1","platform","targeted","70","5","95","95","13.724322401319391","82.71769153808444","82.71769153808444","fixed","1","1","50","2383","20","50","22643942","v2.0-design-v1.0","18.10000000000001","13.200000000000001","4.9000000000000075","81.2910938433951","true","33.632","22.826000000000004","50","81.89999999999999","132","300","819","881","137","62","10","52","13","6850","2720","626","2989","515","62","3615","13.7","0","50","1000","1997","3.994","66","4.952624808371053","0","40.9","3.621212121212121","10","700","137"
"1131","BA","1000","2","0.1","30","0.1","0.5","1","platform","targeted","70","5","95","95","13.724322401319391","82.71769153808444","82.71769153808444","fixed","1","1","50","2383","21","50","22643943","v2.0-design-v1.0","19.5","14.299999999999999","5.200000000000001","83.05033353547606","true","33.784","22.200000000000003","50","80.5","143","300","805","865","137","60","11","53","13","6850","2739","559","2977","575","64","3536","13.7","0","50","1000","1997","3.994","68","4.923027544123644","0","38.6","3.6444444444444444","10","700","137"
"1132","BA","1000","2","0.1","30","0.1","0.5","1","platform","targeted","70","5","95","95","13.724322401319391","82.71769153808444","82.71769153808444","fixed","1","1","50","2383","22","50","22643944","v2.0-design-v1.0","17","13.600000000000001","3.3999999999999986","83.19054652880354","true","31.313999999999997","20.12000000000001","50","83","136","300","830","903","137","73","10","42","12","6850","2816","569","2860","605","52","3429","13.7","0","50","1000","1997","3.994","94","5.106666431444486","0","38.5","3.6454545454545455","10","700","137"
"1133","BA","1000","2","0.1","30","0.1","0.5","1","platform","targeted","70","5","95","95","13.724322401319391","82.71769153808444","82.71769153808444","fixed","1","1","50","2383","23","50","22643945","v2.0-design-v1.0","18.10000000000001","13.700000000000001","4.4000000000000075","82.50368188512518","true","32.67399999999999","21.393999999999995","50","81.89999999999999","137","300","819","879","137","60","6","58","13","6850","2801","594","2884","571","64","3478","13.7","0","50","1000","1997","3.994","122","5.630423222606409","0","43","3.6","10","700","137"
"1134","BA","1000","2","0.1","30","0.1","0.5","1","platform","targeted","70","5","95","95","13.724322401319391","82.71769153808444","82.71769153808444","fixed","1","1","50","2383","24","50","22643946","v2.0-design-v1.0","18.30000000000001","14.000000000000002","4.30000000000001","83.0477908025248","true","34.384","22.975999999999996","50","81.69999999999999","140","300","817","881","137","64","10","46","17","6850","2763","564","2935","588","56","3499","13.7","0","50","1000","1997","3.994","75","5.201828815236322","0","42.2","3.608080808080808","10","700","137"
"1135","BA","1000","2","0.1","30","0.1","0.5","1","platform","targeted","70","5","95","95","13.724322401319391","82.71769153808444","82.71769153808444","fixed","1","1","50","2383","25","50","22643947","v2.0-design-v1.0","17.700000000000003","14.7","3.0000000000000036","82.87292817679558","true","31.412000000000003","19.837999999999994","50","82.3","147","300","823","888","137","65","13","48","11","6850","2850","589","2848","563","61","3437","13.7","0","50","1000","1997","3.994","105","5.435209794065488","0","41.3","3.617171717171717","10","700","137"
"1136","BA","1000","2","0.1","30","0.1","0.5","1","platform","targeted","70","5","95","95","13.724322401319391","82.71769153808444","82.71769153808444","fixed","1","1","50","2383","26","50","22643948","v2.0-design-v1.0","19.5","14.499999999999998","5.000000000000002","82.830626450116","true","34.12999999999999","22.371999999999993","50","80.5","145","300","805","875","137","70","8","46","13","6850","2856","592","2854","548","54","3446","13.7","0","50","1000","1997","3.994","72","4.701070523196174","0","36","3.6707070707070706","10","700","137"
"1137","BA","1000","2","0.1","30","0.1","0.5","1","platform","targeted","70","5","95","95","13.724322401319391","82.71769153808444","82.71769153808444","fixed","1","1","50","2383","27","50","22643949","v2.0-design-v1.0","17.700000000000003","13.600000000000001","4.100000000000001","81.21645796064401","true","32.706","21.226000000000003","50","82.3","136","300","823","883","137","60","7","54","16","6850","2724","630","2905","591","61","3535","13.7","0","50","1000","1997","3.994","74","5.1947039327519775","0","43","3.6","10","700","137"
"1138","BA","1000","2","0.1","30","0.1","0.5","1","platform","targeted","70","5","95","95","13.724322401319391","82.71769153808444","82.71769153808444","fixed","1","1","50","2383","28","50","22643950","v2.0-design-v1.0","19","14.7","4.300000000000001","83.78941106484235","true","34.117999999999995","22.625999999999994","50","81","147","300","810","878","137","68","12","44","13","6850","2817","545","2884","604","56","3429","13.7","0","50","1000","1997","3.994","63","4.937240154209663","0","41.6","3.614141414141414","10","700","137"
"1139","BA","1000","2","0.1","30","0.1","0.5","1","platform","targeted","70","5","95","95","13.724322401319391","82.71769153808444","82.71769153808444","fixed","1","1","50","2383","29","50","22643951","v2.0-design-v1.0","19.099999999999994","14.099999999999998","4.9999999999999964","82.04278397107562","true","33.388","21.697999999999997","50","80.9","141","300","809","875","137","66","11","47","13","6850","2723","596","2983","548","58","3579","13.7","0","50","1000","1997","3.994","114","5.423594691657857","0","41.7","3.613131313131313","10","700","137"
"1140","BA","1000","2","0.1","30","0.1","0.5","1","platform","targeted","70","5","95","95","13.724322401319391","82.71769153808444","82.71769153808444","fixed","1","1","50","2383","30","50","22643952","v2.0-design-v1.0","18.799999999999997","13.5","5.299999999999997","79.99378689033861","true","34.55800000000001","23.354","50","81.2","135","300","812","870","137","58","13","52","14","6850","2575","644","3109","522","65","3753","13.7","0","50","1000","1997","3.994","127","5.859547618912099","0","46.2","3.5676767676767676","10","700","137"
"1141","BA","1000","2","0.1","30","0.1","0.5","1","platform","targeted","70","5","95","95","77.29955744132958","77.16912408171716","77.16912408171716","fixed","1","1","50","2384","1","50","22644923","v2.0-design-v1.0","100","100","0","5.614650729246628","true","99.27799999999999","11.090000000000007","50","0","1000","300","0","0","773","0","165","608","0","38650","512","8607","29384","147","773","37991","77.3","0","50","1000","1997","3.994","94","5.051086762022345","0","41.1","3.6191919191919193","10","700","773"
"1142","BA","1000","2","0.1","30","0.1","0.5","1","platform","targeted","70","5","95","95","77.29955744132958","77.16912408171716","77.16912408171716","fixed","1","1","50","2384","2","50","22644924","v2.0-design-v1.0","100","99.9","0.09999999999999432","5.6356487549148095","true","99.31400000000002","11.517999999999999","50","0","999","300","0","0","773","0","184","589","0","38650","516","8640","29341","153","773","37981","77.3","0","50","1000","1997","3.994","65","5.110781161826831","0","43.9","3.590909090909091","10","700","773"
"1143","BA","1000","2","0.1","30","0.1","0.5","1","platform","targeted","70","5","95","95","77.29955744132958","77.16912408171716","77.16912408171716","fixed","1","1","50","2384","3","50","22644925","v2.0-design-v1.0","100","100","0","5.800513698630137","true","99.214","11.512","50","0","1000","300","0","0","773","0","178","595","0","38650","542","8802","29138","168","773","37940","77.3","0","50","1000","1997","3.994","59","5.232527433596813","0","46.3","3.566666666666667","10","700","773"
"1144","BA","1000","2","0.1","30","0.1","0.5","1","platform","targeted","70","5","95","95","77.29955744132958","77.16912408171716","77.16912408171716","fixed","1","1","50","2384","4","50","22644926","v2.0-design-v1.0","100","99.9","0.09999999999999432","5.197802197802197","true","99.35799999999999","11.498","50","0","999","300","0","0","773","0","163","610","0","38650","473","8627","29423","127","773","38050","77.3","0","50","1000","1997","3.994","73","4.758635162376762","0","38.4","3.6464646464646466","10","700","773"
"1145","BA","1000","2","0.1","30","0.1","0.5","1","platform","targeted","70","5","95","95","77.29955744132958","77.16912408171716","77.16912408171716","fixed","1","1","50","2384","5","50","22644927","v2.0-design-v1.0","100","99.9","0.09999999999999432","5.3347969264544455","true","99.26599999999999","11.396000000000008","50","0","999","300","0","0","773","0","175","598","0","38650","486","8624","29389","151","773","38013","77.3","0","50","1000","1997","3.994","74","5.380791476810527","0","46.8","3.5616161616161617","10","700","773"
"1146","BA","1000","2","0.1","30","0.1","0.5","1","platform","targeted","70","5","95","95","77.29955744132958","77.16912408171716","77.16912408171716","fixed","1","1","50","2384","6","50","22644928","v2.0-design-v1.0","100","100","0","5.981892649277862","true","99.242","11.530000000000005","50","0","1000","300","0","0","773","0","180","593","0","38650","555","8723","29198","174","773","37921","77.3","0","50","1000","1997","3.994","67","4.808230764333486","0","38.5","3.6454545454545455","10","700","773"
"1147","BA","1000","2","0.1","30","0.1","0.5","1","platform","targeted","70","5","95","95","77.29955744132958","77.16912408171716","77.16912408171716","fixed","1","1","50","2384","7","50","22644929","v2.0-design-v1.0","100","99.9","0.09999999999999432","5.607678205542975","true","99.21800000000002","11.156000000000008","50","0","999","300","0","0","773","0","171","602","0","38650","520","8753","29200","177","773","37953","77.3","0","50","1000","1997","3.994","111","5.749349443112577","0","46.9","3.5606060606060606","10","700","773"
"1148","BA","1000","2","0.1","30","0.1","0.5","1","platform","targeted","70","5","95","95","77.29955744132958","77.16912408171716","77.16912408171716","fixed","1","1","50","2384","8","50","22644930","v2.0-design-v1.0","100","100","0","6.634093376764387","true","98.97200000000001","11.329999999999998","50","0","1000","300","0","0","773","0","161","612","0","38650","611","8599","29224","216","773","37823","77.3","0","50","1000","1997","3.994","103","5.41934805427122","0","45.1","3.5787878787878786","10","700","773"
"1149","BA","1000","2","0.1","30","0.1","0.5","1","platform","targeted","70","5","95","95","77.29955744132958","77.16912408171716","77.16912408171716","fixed","1","1","50","2384","9","50","22644931","v2.0-design-v1.0","100","100","0","5.68684579691378","true","99.262","11.12","50","0","1000","300","0","0","773","0","160","613","0","38650","527","8740","29240","143","773","37980","77.3","0","50","1000","1997","3.994","67","4.948176274997519","0","41.1","3.6191919191919193","10","700","773"
"1150","BA","1000","2","0.1","30","0.1","0.5","1","platform","targeted","70","5","95","95","77.29955744132958","77.16912408171716","77.16912408171716","fixed","1","1","50","2384","10","50","22644932","v2.0-design-v1.0","100","100","0","6.333225073075674","true","99.10599999999998","11.562000000000001","50","0","1000","300","0","0","773","0","180","593","0","38650","585","8652","29218","195","773","37870","77.3","0","50","1000","1997","3.994","90","5.4605660678890935","0","44.9","3.580808080808081","10","700","773"
"1151","BA","1000","2","0.1","30","0.1","0.5","1","platform","targeted","70","5","95","95","77.29955744132958","77.16912408171716","77.16912408171716","fixed","1","1","50","2384","11","50","22644933","v2.0-design-v1.0","100","99.9","0.09999999999999432","5.443285528031291","true","99.25800000000001","11.755999999999998","50","0","999","300","0","0","773","0","188","585","0","38650","501","8703","29303","143","773","38006","77.3","0","50","1000","1997","3.994","78","5.093516261671087","0","41.4","3.6161616161616164","10","700","773"
"1152","BA","1000","2","0.1","30","0.1","0.5","1","platform","targeted","70","5","95","95","77.29955744132958","77.16912408171716","77.16912408171716","fixed","1","1","50","2384","12","50","22644934","v2.0-design-v1.0","100","100","0","4.906391220142027","true","99.338","11.022","50","0","1000","300","0","0","773","0","200","573","0","38650","456","8838","29211","145","773","38049","77.3","0","50","1000","1997","3.994","78","4.824856810646629","0","39.3","3.6373737373737374","10","700","773"
"1153","BA","1000","2","0.1","30","0.1","0.5","1","platform","targeted","70","5","95","95","77.29955744132958","77.16912408171716","77.16912408171716","fixed","1","1","50","2384","13","50","22644935","v2.0-design-v1.0","100","99.8","0.20000000000000284","5.427631578947369","true","99.28599999999999","11.446","50","0","998","300","0","0","773","0","172","601","0","38650","495","8625","29375","155","773","38000","77.3","0","50","1000","1997","3.994","82","5.2937687886786255","0","43.2","3.597979797979798","10","700","773"
"1154","BA","1000","2","0.1","30","0.1","0.5","1","platform","targeted","70","5","95","95","77.29955744132958","77.16912408171716","77.16912408171716","fixed","1","1","50","2384","14","50","22644936","v2.0-design-v1.0","100","100","0","5.525283347863993","true","99.17800000000001","11.248","50","0","1000","300","0","0","773","0","162","611","0","38650","507","8669","29299","175","773","37968","77.3","0","50","1000","1997","3.994","83","5.637707667815679","0","46.4","3.5656565656565657","10","700","773"
"1155","BA","1000","2","0.1","30","0.1","0.5","1","platform","targeted","70","5","95","95","77.29955744132958","77.16912408171716","77.16912408171716","fixed","1","1","50","2384","15","50","22644937","v2.0-design-v1.0","100","100","0","5.8083570334718875","true","99.23800000000001","11.837999999999997","50","0","1000","300","0","0","773","0","175","598","0","38650","531","8611","29359","149","773","37970","77.3","0","50","1000","1997","3.994","63","5.072049850867946","0","42.1","3.609090909090909","10","700","773"
"1156","BA","1000","2","0.1","30","0.1","0.5","1","platform","targeted","70","5","95","95","77.29955744132958","77.16912408171716","77.16912408171716","fixed","1","1","50","2384","16","50","22644938","v2.0-design-v1.0","100","99.8","0.20000000000000284","5.552477003214008","true","99.19800000000001","12.247999999999996","50","0","998","300","0","0","773","0","197","576","0","38650","501","8522","29455","172","773","37977","77.3","0","50","1000","1997","3.994","76","4.998694924772949","0","39.9","3.6313131313131315","10","700","773"
"1157","BA","1000","2","0.1","30","0.1","0.5","1","platform","targeted","70","5","95","95","77.29955744132958","77.16912408171716","77.16912408171716","fixed","1","1","50","2384","17","50","22644939","v2.0-design-v1.0","100","99.9","0.09999999999999432","5.222972225296005","true","99.42","11.980000000000004","50","0","999","300","0","0","773","0","185","588","0","38650","472","8565","29495","118","773","38060","77.3","0","50","1000","1997","3.994","82","5.0403739315024305","0","41.4","3.6161616161616164","10","700","773"
"1158","BA","1000","2","0.1","30","0.1","0.5","1","platform","targeted","70","5","95","95","77.29955744132958","77.16912408171716","77.16912408171716","fixed","1","1","50","2384","18","50","22644940","v2.0-design-v1.0","100","99.9","0.09999999999999432","5.179369752480645","true","99.368","11.443999999999999","50","0","999","300","0","0","773","0","182","591","0","38650","475","8696","29351","128","773","38047","77.3","0","50","1000","1997","3.994","76","5.053464306938501","0","41.6","3.614141414141414","10","700","773"
"1159","BA","1000","2","0.1","30","0.1","0.5","1","platform","targeted","70","5","95","95","77.29955744132958","77.16912408171716","77.16912408171716","fixed","1","1","50","2384","19","50","22644941","v2.0-design-v1.0","100","100","0","5.590933621154884","true","99.15","11.463999999999997","50","0","1000","300","0","0","773","0","168","605","0","38650","518","8747","29208","177","773","37955","77.3","0","50","1000","1997","3.994","96","5.224486506754438","0","41.9","3.611111111111111","10","700","773"
"1160","BA","1000","2","0.1","30","0.1","0.5","1","platform","targeted","70","5","95","95","77.29955744132958","77.16912408171716","77.16912408171716","fixed","1","1","50","2384","20","50","22644942","v2.0-design-v1.0","100","100","0","5.670158764445405","true","99.21600000000001","11.418000000000001","50","0","1000","300","0","0","773","0","176","597","0","38650","525","8734","29220","171","773","37954","77.3","0","50","1000","1997","3.994","63","4.80323172822579","0","40","3.6303030303030304","10","700","773"
"1161","BA","1000","2","0.1","30","0.1","0.5","1","platform","targeted","70","5","95","95","77.29955744132958","77.16912408171716","77.16912408171716","fixed","1","1","50","2384","21","50","22644943","v2.0-design-v1.0","100","99.9","0.09999999999999432","5.4292242411054294","true","99.296","10.806000000000004","50","0","999","300","0","0","773","0","180","593","0","38650","499","8692","29328","131","773","38020","77.3","0","50","1000","1997","3.994","52","4.54517575266596","0","36.4","3.6666666666666665","10","700","773"
"1162","BA","1000","2","0.1","30","0.1","0.5","1","platform","targeted","70","5","95","95","77.29955744132958","77.16912408171716","77.16912408171716","fixed","1","1","50","2384","22","50","22644944","v2.0-design-v1.0","100","100","0","5.993316805001617","true","99.21799999999999","10.994000000000003","50","0","1000","300","0","0","773","0","158","615","0","38650","556","8721","29210","163","773","37931","77.3","0","50","1000","1997","3.994","77","5.310571171368113","0","46.2","3.5676767676767676","10","700","773"
"1163","BA","1000","2","0.1","30","0.1","0.5","1","platform","targeted","70","5","95","95","77.29955744132958","77.16912408171716","77.16912408171716","fixed","1","1","50","2384","23","50","22644945","v2.0-design-v1.0","100","100","0","5.562812976268234","true","99.20200000000001","10.648","50","0","1000","300","0","0","773","0","177","596","0","38650","511","8675","29297","167","773","37972","77.3","0","50","1000","1997","3.994","65","4.889362930880648","0","40.1","3.6292929292929292","10","700","773"
"1164","BA","1000","2","0.1","30","0.1","0.5","1","platform","targeted","70","5","95","95","77.29955744132958","77.16912408171716","77.16912408171716","fixed","1","1","50","2384","24","50","22644946","v2.0-design-v1.0","100","99.8","0.20000000000000284","5.461085676913015","true","99.294","11.470000000000011","50","0","998","300","0","0","773","0","181","592","0","38650","501","8673","29328","148","773","38001","77.3","0","50","1000","1997","3.994","74","4.793426847354704","0","38.3","3.6474747474747473","10","700","773"
"1165","BA","1000","2","0.1","30","0.1","0.5","1","platform","targeted","70","5","95","95","77.29955744132958","77.16912408171716","77.16912408171716","fixed","1","1","50","2384","25","50","22644947","v2.0-design-v1.0","100","99.9","0.09999999999999432","4.865103936311367","true","99.37200000000001","11.723999999999998","50","0","999","300","0","0","773","0","176","597","0","38650","440","8604","29479","127","773","38083","77.3","0","50","1000","1997","3.994","93","5.568030797954227","0","48.2","3.5474747474747477","10","700","773"
"1166","BA","1000","2","0.1","30","0.1","0.5","1","platform","targeted","70","5","95","95","77.29955744132958","77.16912408171716","77.16912408171716","fixed","1","1","50","2384","26","50","22644948","v2.0-design-v1.0","100","99.9","0.09999999999999432","5.440330111847106","true","99.28","11.433999999999996","50","0","999","300","0","0","773","0","176","597","0","38650","501","8708","29304","137","773","38012","77.3","0","50","1000","1997","3.994","66","5.042955026112693","0","41.5","3.6151515151515152","10","700","773"
"1167","BA","1000","2","0.1","30","0.1","0.5","1","platform","targeted","70","5","95","95","77.29955744132958","77.16912408171716","77.16912408171716","fixed","1","1","50","2384","27","50","22644949","v2.0-design-v1.0","100","99.9","0.09999999999999432","5.54834523036989","true","99.26","11.516000000000005","50","0","999","300","0","0","773","0","180","593","0","38650","513","8733","29256","148","773","37989","77.3","0","50","1000","1997","3.994","100","5.391013543576655","0","43.1","3.598989898989899","10","700","773"
"1168","BA","1000","2","0.1","30","0.1","0.5","1","platform","targeted","70","5","95","95","77.29955744132958","77.16912408171716","77.16912408171716","fixed","1","1","50","2384","28","50","22644950","v2.0-design-v1.0","100","100","0","4.926266296217141","true","99.462","10.860000000000005","50","0","1000","300","0","0","773","0","185","588","0","38650","461","8897","29178","114","773","38075","77.3","0","50","1000","1997","3.994","63","4.940888217352857","0","42.3","3.607070707070707","10","700","773"
"1169","BA","1000","2","0.1","30","0.1","0.5","1","platform","targeted","70","5","95","95","77.29955744132958","77.16912408171716","77.16912408171716","fixed","1","1","50","2384","29","50","22644951","v2.0-design-v1.0","100","99.9","0.09999999999999432","5.801195002715915","true","99.204","10.902000000000003","50","0","999","300","0","0","773","0","177","596","0","38650","534","8671","29277","168","773","37948","77.3","0","50","1000","1997","3.994","93","5.462398905407925","0","44.3","3.5868686868686868","10","700","773"
"1170","BA","1000","2","0.1","30","0.1","0.5","1","platform","targeted","70","5","95","95","77.29955744132958","77.16912408171716","77.16912408171716","fixed","1","1","50","2384","30","50","22644952","v2.0-design-v1.0","100","99.9","0.09999999999999432","5.5237045203969135","true","99.31200000000001","11.902000000000001","50","0","999","300","0","0","773","0","190","583","0","38650","501","8569","29447","133","773","38016","77.3","0","50","1000","1997","3.994","89","5.4671614073350545","0","45.8","3.5717171717171716","10","700","773"
"1171","BA","1000","2","0.1","30","0.1","0.5","1","platform","targeted","70","5","95","95","95.96099966032835","66.24921688134502","66.24921688134502","fixed","1","1","50","2385","1","50","22645923","v2.0-design-v1.0","100","100","0","3.128072763028515","true","99.38600000000001","5.092","50","0","1000","300","0","0","960","0","329","631","0","48000","509","15763","31449","279","960","47212","96","0","50","1000","1997","3.994","64","5.212401858369424","0","44.3","3.5868686868686868","10","700","960"
"1172","BA","1000","2","0.1","30","0.1","0.5","1","platform","targeted","70","5","95","95","95.96099966032835","66.24921688134502","66.24921688134502","fixed","1","1","50","2385","2","50","22645924","v2.0-design-v1.0","100","100","0","3.7520490559164594","true","99.21799999999999","4.940000000000001","50","0","1000","300","0","0","960","0","326","634","0","48000","618","15853","31169","360","960","47022","96","0","50","1000","1997","3.994","69","5.295848374907453","0","45.7","3.5727272727272728","10","700","960"
"1173","BA","1000","2","0.1","30","0.1","0.5","1","platform","targeted","70","5","95","95","95.96099966032835","66.24921688134502","66.24921688134502","fixed","1","1","50","2385","3","50","22645925","v2.0-design-v1.0","100","100","0","3.6165815706297106","true","99.29","5.296000000000001","50","0","1000","300","0","0","960","0","326","634","0","48000","595","15857","31229","319","960","47086","96","0","50","1000","1997","3.994","114","5.582932305978019","0","44.7","3.5828282828282827","10","700","960"
"1174","BA","1000","2","0.1","30","0.1","0.5","1","platform","targeted","70","5","95","95","95.96099966032835","66.24921688134502","66.24921688134502","fixed","1","1","50","2385","4","50","22645926","v2.0-design-v1.0","100","100","0","3.5134805416615835","true","99.428","5.079999999999999","50","0","1000","300","0","0","960","0","294","666","0","48000","576","15818","31351","255","960","47169","96","0","50","1000","1997","3.994","66","4.8080225749346255","0","39.1","3.639393939393939","10","700","960"
"1175","BA","1000","2","0.1","30","0.1","0.5","1","platform","targeted","70","5","95","95","95.96099966032835","66.24921688134502","66.24921688134502","fixed","1","1","50","2385","5","50","22645927","v2.0-design-v1.0","100","100","0","2.8731141431748513","true","99.50399999999999","4.757999999999999","50","0","1000","300","0","0","960","0","334","626","0","48000","478","16159","31145","218","960","47304","96","0","50","1000","1997","3.994","79","4.995489857753575","0","40.9","3.621212121212121","10","700","960"
"1176","BA","1000","2","0.1","30","0.1","0.5","1","platform","targeted","70","5","95","95","95.96099966032835","66.24921688134502","66.24921688134502","fixed","1","1","50","2385","6","50","22645928","v2.0-design-v1.0","100","100","0","3.1929889072746214","true","99.36399999999999","4.995999999999999","50","0","1000","300","0","0","960","0","306","654","0","48000","521","15796","31399","284","960","47195","96","0","50","1000","1997","3.994","55","4.991079530008984","0","41.4","3.6161616161616164","10","700","960"
"1177","BA","1000","2","0.1","30","0.1","0.5","1","platform","targeted","70","5","95","95","95.96099966032835","66.24921688134502","66.24921688134502","fixed","1","1","50","2385","7","50","22645929","v2.0-design-v1.0","100","100","0","3.385178408051235","true","99.38599999999998","5.04","50","0","1000","300","0","0","960","0","340","620","0","48000","555","15840","31332","273","960","47172","96","0","50","1000","1997","3.994","99","5.322620998558338","0","41.8","3.6121212121212123","10","700","960"
"1178","BA","1000","2","0.1","30","0.1","0.5","1","platform","targeted","70","5","95","95","95.96099966032835","66.24921688134502","66.24921688134502","fixed","1","1","50","2385","8","50","22645930","v2.0-design-v1.0","100","100","0","3.6662452591656134","true","99.23","5.121999999999999","50","0","1000","300","0","0","960","0","310","650","0","48000","609","16002","31032","357","960","47034","96","0","50","1000","1997","3.994","51","4.673950129153036","0","37.5","3.6555555555555554","10","700","960"
"1179","BA","1000","2","0.1","30","0.1","0.5","1","platform","targeted","70","5","95","95","95.96099966032835","66.24921688134502","66.24921688134502","fixed","1","1","50","2385","9","50","22645931","v2.0-design-v1.0","100","100","0","3.1822623992181773","true","99.506","5.145999999999999","50","0","1000","300","0","0","960","0","295","665","0","48000","521","15851","31400","228","960","47251","96","0","50","1000","1997","3.994","71","5.017084326093698","0","41","3.6202020202020204","10","700","960"
"1180","BA","1000","2","0.1","30","0.1","0.5","1","platform","targeted","70","5","95","95","95.96099966032835","66.24921688134502","66.24921688134502","fixed","1","1","50","2385","10","50","22645932","v2.0-design-v1.0","100","100","0","3.2129963898916967","true","99.368","5.3020000000000005","50","0","1000","300","0","0","960","0","323","637","0","48000","534","16086","31094","286","960","47180","96","0","50","1000","1997","3.994","75","5.1205648305811025","0","43.5","3.594949494949495","10","700","960"
"1181","BA","1000","2","0.1","30","0.1","0.5","1","platform","targeted","70","5","95","95","95.96099966032835","66.24921688134502","66.24921688134502","fixed","1","1","50","2385","11","50","22645933","v2.0-design-v1.0","100","100","0","3.233481788786529","true","99.42200000000001","4.996","50","0","1000","300","0","0","960","0","333","627","0","48000","530","15861","31349","260","960","47210","96","0","50","1000","1997","3.994","57","4.902243975568316","0","39.3","3.6373737373737374","10","700","960"
"1182","BA","1000","2","0.1","30","0.1","0.5","1","platform","targeted","70","5","95","95","95.96099966032835","66.24921688134502","66.24921688134502","fixed","1","1","50","2385","12","50","22645934","v2.0-design-v1.0","100","100","0","4.0733197556008145","true","99.288","4.877999999999999","50","0","1000","300","0","0","960","0","324","636","0","48000","680","16014","30985","321","960","46999","96","0","50","1000","1997","3.994","90","5.856984571284816","0","51.8","3.511111111111111","10","700","960"
"1183","BA","1000","2","0.1","30","0.1","0.5","1","platform","targeted","70","5","95","95","95.96099966032835","66.24921688134502","66.24921688134502","fixed","1","1","50","2385","13","50","22645935","v2.0-design-v1.0","100","100","0","3.0557584611638666","true","99.396","4.92","50","0","1000","300","0","0","960","0","317","643","0","48000","502","15926","31294","278","960","47220","96","0","50","1000","1997","3.994","97","5.367380438609943","0","43.1","3.598989898989899","10","700","960"
"1184","BA","1000","2","0.1","30","0.1","0.5","1","platform","targeted","70","5","95","95","95.96099966032835","66.24921688134502","66.24921688134502","fixed","1","1","50","2385","14","50","22645936","v2.0-design-v1.0","100","100","0","2.872628726287263","true","99.51","4.896000000000002","50","0","1000","300","0","0","960","0","326","634","0","48000","477","16128","31179","216","960","47307","96","0","50","1000","1997","3.994","77","4.996291317259921","0","41.1","3.6191919191919193","10","700","960"
"1185","BA","1000","2","0.1","30","0.1","0.5","1","platform","targeted","70","5","95","95","95.96099966032835","66.24921688134502","66.24921688134502","fixed","1","1","50","2385","15","50","22645937","v2.0-design-v1.0","100","100","0","3.091463414634146","true","99.47","4.856","50","0","1000","300","0","0","960","0","334","626","0","48000","507","15893","31368","232","960","47261","96","0","50","1000","1997","3.994","62","4.825479173019935","0","39.9","3.6313131313131315","10","700","960"
"1186","BA","1000","2","0.1","30","0.1","0.5","1","platform","targeted","70","5","95","95","95.96099966032835","66.24921688134502","66.24921688134502","fixed","1","1","50","2385","16","50","22645938","v2.0-design-v1.0","100","100","0","4.202651745529741","true","99.13799999999999","4.7","50","0","1000","300","0","0","960","0","320","640","0","48000","691","15751","31168","390","960","46919","96","0","50","1000","1997","3.994","108","5.547498421697713","0","43.3","3.596969696969697","10","700","960"
"1187","BA","1000","2","0.1","30","0.1","0.5","1","platform","targeted","70","5","95","95","95.96099966032835","66.24921688134502","66.24921688134502","fixed","1","1","50","2385","17","50","22645939","v2.0-design-v1.0","100","100","0","3.281912605248602","true","99.39","4.823999999999999","50","0","1000","300","0","0","960","0","339","621","0","48000","534","15737","31453","276","960","47190","96","0","50","1000","1997","3.994","96","5.2388366465666145","0","41.9","3.611111111111111","10","700","960"
"1188","BA","1000","2","0.1","30","0.1","0.5","1","platform","targeted","70","5","95","95","95.96099966032835","66.24921688134502","66.24921688134502","fixed","1","1","50","2385","18","50","22645940","v2.0-design-v1.0","100","100","0","3.4248239008987125","true","99.336","5.184000000000001","50","0","1000","300","0","0","960","0","325","635","0","48000","564","15904","31231","301","960","47135","96","0","50","1000","1997","3.994","65","4.746840685813709","0","38.5","3.6454545454545455","10","700","960"
"1189","BA","1000","2","0.1","30","0.1","0.5","1","platform","targeted","70","5","95","95","95.96099966032835","66.24921688134502","66.24921688134502","fixed","1","1","50","2385","19","50","22645941","v2.0-design-v1.0","100","100","0","3.421339469540995","true","99.322","5.052000000000001","50","0","1000","300","0","0","960","0","325","635","0","48000","565","15949","31176","310","960","47125","96","0","50","1000","1997","3.994","84","5.021073109921332","0","39.2","3.6383838383838385","10","700","960"
"1190","BA","1000","2","0.1","30","0.1","0.5","1","platform","targeted","70","5","95","95","95.96099966032835","66.24921688134502","66.24921688134502","fixed","1","1","50","2385","20","50","22645942","v2.0-design-v1.0","100","100","0","3.4933704667917906","true","99.368","5.096000000000001","50","0","1000","300","0","0","960","0","313","647","0","48000","577","15940","31197","286","960","47137","96","0","50","1000","1997","3.994","56","4.74789495529402","0","39.4","3.6363636363636362","10","700","960"
"1191","BA","1000","2","0.1","30","0.1","0.5","1","platform","targeted","70","5","95","95","95.96099966032835","66.24921688134502","66.24921688134502","fixed","1","1","50","2385","21","50","22645943","v2.0-design-v1.0","100","100","0","3.249380926496346","true","99.318","5.142","50","0","1000","300","0","0","960","0","321","639","0","48000","538","16019","31129","314","960","47148","96","0","50","1000","1997","3.994","67","4.911220223537526","0","41","3.6202020202020204","10","700","960"
"1192","BA","1000","2","0.1","30","0.1","0.5","1","platform","targeted","70","5","95","95","95.96099966032835","66.24921688134502","66.24921688134502","fixed","1","1","50","2385","22","50","22645944","v2.0-design-v1.0","100","100","0","3.156024022551783","true","99.488","5.044","50","0","1000","300","0","0","960","0","325","635","0","48000","515","15803","31448","234","960","47251","96","0","50","1000","1997","3.994","78","5.2438021951119955","0","45","3.5797979797979798","10","700","960"
"1193","BA","1000","2","0.1","30","0.1","0.5","1","platform","targeted","70","5","95","95","95.96099966032835","66.24921688134502","66.24921688134502","fixed","1","1","50","2385","23","50","22645945","v2.0-design-v1.0","100","100","0","2.9685610640870617","true","99.42200000000001","5.098","50","0","1000","300","0","0","960","0","325","635","0","48000","491","16049","31197","263","960","47246","96","0","50","1000","1997","3.994","75","5.260573888620664","0","45.7","3.5727272727272728","10","700","960"
"1194","BA","1000","2","0.1","30","0.1","0.5","1","platform","targeted","70","5","95","95","95.96099966032835","66.24921688134502","66.24921688134502","fixed","1","1","50","2385","24","50","22645946","v2.0-design-v1.0","100","100","0","3.1775814066093693","true","99.42400000000002","5.038000000000001","50","0","1000","300","0","0","960","0","312","648","0","48000","525","15997","31221","257","960","47218","96","0","50","1000","1997","3.994","95","5.369804353866043","0","44","3.5898989898989897","10","700","960"
"1195","BA","1000","2","0.1","30","0.1","0.5","1","platform","targeted","70","5","95","95","95.96099966032835","66.24921688134502","66.24921688134502","fixed","1","1","50","2385","25","50","22645947","v2.0-design-v1.0","100","100","0","2.8717449501095156","true","99.49","4.993999999999999","50","0","1000","300","0","0","960","0","317","643","0","48000","472","15964","31341","223","960","47305","96","0","50","1000","1997","3.994","76","5.444042762653644","0","47.3","3.5565656565656565","10","700","960"
"1196","BA","1000","2","0.1","30","0.1","0.5","1","platform","targeted","70","5","95","95","95.96099966032835","66.24921688134502","66.24921688134502","fixed","1","1","50","2385","26","50","22645948","v2.0-design-v1.0","100","100","0","3.4741556712262436","true","99.35600000000001","5.310000000000002","50","0","1000","300","0","0","960","0","352","608","0","48000","574","15948","31192","286","960","47140","96","0","50","1000","1997","3.994","121","5.4234101243938095","0","40","3.6303030303030304","10","700","960"
"1197","BA","1000","2","0.1","30","0.1","0.5","1","platform","targeted","70","5","95","95","95.96099966032835","66.24921688134502","66.24921688134502","fixed","1","1","50","2385","27","50","22645949","v2.0-design-v1.0","100","100","0","4.315726290516206","true","99.164","4.776","50","0","1000","300","0","0","960","0","322","638","0","48000","719","15941","30960","380","960","46901","96","0","50","1000","1997","3.994","89","5.3811635285429515","0","44.1","3.588888888888889","10","700","960"
"1198","BA","1000","2","0.1","30","0.1","0.5","1","platform","targeted","70","5","95","95","95.96099966032835","66.24921688134502","66.24921688134502","fixed","1","1","50","2385","28","50","22645950","v2.0-design-v1.0","100","100","0","3.382344043081019","true","99.376","5.377999999999999","50","0","1000","300","0","0","960","0","331","629","0","48000","559","15968","31186","287","960","47154","96","0","50","1000","1997","3.994","66","5.085058684206286","0","42.4","3.606060606060606","10","700","960"
"1199","BA","1000","2","0.1","30","0.1","0.5","1","platform","targeted","70","5","95","95","95.96099966032835","66.24921688134502","66.24921688134502","fixed","1","1","50","2385","29","50","22645951","v2.0-design-v1.0","100","100","0","3.393637688198155","true","99.38","4.98","50","0","1000","300","0","0","960","0","334","626","0","48000","559","15913","31254","274","960","47167","96","0","50","1000","1997","3.994","111","5.574678559436492","0","46","3.56969696969697","10","700","960"
"1200","BA","1000","2","0.1","30","0.1","0.5","1","platform","targeted","70","5","95","95","95.96099966032835","66.24921688134502","66.24921688134502","fixed","1","1","50","2385","30","50","22645952","v2.0-design-v1.0","100","100","0","3.5103729391008094","true","99.346","4.709999999999999","50","0","1000","300","0","0","960","0","327","633","0","48000","577","15860","31266","297","960","47126","96","0","50","1000","1997","3.994","59","4.77648184114403","0","40.1","3.6292929292929292","10","700","960"
"1201","BA","1000","2","0.1","30","0.1","0.5","1","platform","targeted","70","5","95","95","58.8982020630392","95.04019831932115","95.04019831932115","fixed","1","1","50","2386","1","50","22646923","v2.0-design-v1.0","100","64.1","35.900000000000006","27.282051282051285","true","98.44400000000002","56.633999999999986","50","0","641","300","0","0","589","0","27","562","0","29450","532","1418","27473","27","589","28891","58.9","0","50","1000","1997","3.994","64","4.96292198151397","0","40.6","3.624242424242424","10","700","589"
"1202","BA","1000","2","0.1","30","0.1","0.5","1","platform","targeted","70","5","95","95","58.8982020630392","95.04019831932115","95.04019831932115","fixed","1","1","50","2386","2","50","22646924","v2.0-design-v1.0","100","63.4","36.6","28.95","true","97.89","57.522","50","0","634","300","0","0","589","0","28","561","0","29450","579","1421","27411","39","589","28832","58.9","0","50","1000","1997","3.994","85","5.3759524611797636","0","44.9","3.580808080808081","10","700","589"
"1203","BA","1000","2","0.1","30","0.1","0.5","1","platform","targeted","70","5","95","95","58.8982020630392","95.04019831932115","95.04019831932115","fixed","1","1","50","2386","3","50","22646925","v2.0-design-v1.0","100","61.5","38.5","27.05761316872428","true","98.46","58.574","50","0","615","300","0","0","589","0","28","561","0","29450","526","1418","27483","23","589","28901","58.9","0","50","1000","1997","3.994","62","4.828797084293473","0","39.9","3.6313131313131315","10","700","589"
"1204","BA","1000","2","0.1","30","0.1","0.5","1","platform","targeted","70","5","95","95","58.8982020630392","95.04019831932115","95.04019831932115","fixed","1","1","50","2386","4","50","22646926","v2.0-design-v1.0","100","62.2","37.8","28.91260162601626","true","98.33000000000004","58.302000000000014","50","0","622","300","0","0","589","0","31","558","0","29450","569","1399","27447","35","589","28846","58.9","0","50","1000","1997","3.994","57","4.8756267018441495","0","39.6","3.6343434343434344","10","700","589"
"1205","BA","1000","2","0.1","30","0.1","0.5","1","platform","targeted","70","5","95","95","58.8982020630392","95.04019831932115","95.04019831932115","fixed","1","1","50","2386","5","50","22646927","v2.0-design-v1.0","100","62.8","37.2","31.17505995203837","true","97.80799999999999","56.90200000000001","50","0","628","300","0","0","589","0","23","566","0","29450","650","1435","27326","39","589","28761","58.9","0","50","1000","1997","3.994","88","6.003499479970521","0","52.2","3.507070707070707","10","700","589"
"1206","BA","1000","2","0.1","30","0.1","0.5","1","platform","targeted","70","5","95","95","58.8982020630392","95.04019831932115","95.04019831932115","fixed","1","1","50","2386","6","50","22646928","v2.0-design-v1.0","100","63.4","36.6","30.836575875486382","true","98.052","57.355999999999995","50","0","634","300","0","0","589","0","29","560","0","29450","634","1422","27360","34","589","28782","58.9","0","50","1000","1997","3.994","115","5.455430846938271","0","42.3","3.607070707070707","10","700","589"
"1207","BA","1000","2","0.1","30","0.1","0.5","1","platform","targeted","70","5","95","95","58.8982020630392","95.04019831932115","95.04019831932115","fixed","1","1","50","2386","7","50","22646929","v2.0-design-v1.0","100","62.1","37.9","28.680203045685282","true","98.41799999999999","59.11","50","0","621","300","0","0","589","0","23","566","0","29450","565","1405","27452","28","589","28857","58.9","0","50","1000","1997","3.994","78","5.3338929886541875","0","46","3.56969696969697","10","700","589"
"1208","BA","1000","2","0.1","30","0.1","0.5","1","platform","targeted","70","5","95","95","58.8982020630392","95.04019831932115","95.04019831932115","fixed","1","1","50","2386","8","50","22646930","v2.0-design-v1.0","100","64.8","35.2","28.12022414671421","true","98.29799999999999","57.42599999999999","50","0","648","300","0","0","589","0","28","561","0","29450","552","1411","27458","29","589","28869","58.9","0","50","1000","1997","3.994","94","5.60476381102516","0","47.8","3.5515151515151517","10","700","589"
"1209","BA","1000","2","0.1","30","0.1","0.5","1","platform","targeted","70","5","95","95","58.8982020630392","95.04019831932115","95.04019831932115","fixed","1","1","50","2386","9","50","22646931","v2.0-design-v1.0","100","62.8","37.2","27.718765806777945","true","98.30000000000001","57.975999999999985","50","0","628","300","0","0","589","0","30","559","0","29450","548","1429","27453","20","589","28882","58.9","0","50","1000","1997","3.994","79","5.320175586225341","0","44.9","3.580808080808081","10","700","589"
"1210","BA","1000","2","0.1","30","0.1","0.5","1","platform","targeted","70","5","95","95","58.8982020630392","95.04019831932115","95.04019831932115","fixed","1","1","50","2386","10","50","22646932","v2.0-design-v1.0","100","62.1","37.9","27.82258064516129","true","98.28800000000001","58.25400000000001","50","0","621","300","0","0","589","0","36","553","0","29450","552","1432","27435","31","589","28867","58.9","0","50","1000","1997","3.994","59","4.844319501378016","0","41.2","3.618181818181818","10","700","589"
"1211","BA","1000","2","0.1","30","0.1","0.5","1","platform","targeted","70","5","95","95","58.8982020630392","95.04019831932115","95.04019831932115","fixed","1","1","50","2386","11","50","22646933","v2.0-design-v1.0","100","62.6","37.4","28.57142857142857","true","98.34599999999999","58.134000000000015","50","0","626","300","0","0","589","0","25","564","0","29450","564","1410","27452","24","589","28862","58.9","0","50","1000","1997","3.994","60","4.818421025728352","0","38.9","3.6414141414141414","10","700","589"
"1212","BA","1000","2","0.1","30","0.1","0.5","1","platform","targeted","70","5","95","95","58.8982020630392","95.04019831932115","95.04019831932115","fixed","1","1","50","2386","12","50","22646934","v2.0-design-v1.0","100","64.5","35.5","28.271484375","true","97.88599999999998","57.086000000000006","50","0","645","300","0","0","589","0","22","567","0","29450","579","1469","27370","32","589","28839","58.9","0","50","1000","1997","3.994","93","4.909997156014653","0","38","3.6505050505050507","10","700","589"
"1213","BA","1000","2","0.1","30","0.1","0.5","1","platform","targeted","70","5","95","95","58.8982020630392","95.04019831932115","95.04019831932115","fixed","1","1","50","2386","13","50","22646935","v2.0-design-v1.0","100","62.1","37.9","27.22567287784679","true","98.486","58.11399999999999","50","0","621","300","0","0","589","0","28","561","0","29450","526","1406","27492","26","589","28898","58.9","0","50","1000","1997","3.994","98","5.207021900959989","0","41.7","3.613131313131313","10","700","589"
"1214","BA","1000","2","0.1","30","0.1","0.5","1","platform","targeted","70","5","95","95","58.8982020630392","95.04019831932115","95.04019831932115","fixed","1","1","50","2386","14","50","22646936","v2.0-design-v1.0","100","62","38","27.46975806451613","true","98.14200000000001","57.71399999999998","50","0","620","300","0","0","589","0","29","560","0","29450","545","1439","27441","25","589","28880","58.9","0","50","1000","1997","3.994","82","5.197015775709447","0","42.7","3.603030303030303","10","700","589"
"1215","BA","1000","2","0.1","30","0.1","0.5","1","platform","targeted","70","5","95","95","58.8982020630392","95.04019831932115","95.04019831932115","fixed","1","1","50","2386","15","50","22646937","v2.0-design-v1.0","100","64.1","35.900000000000006","27.79220779220779","true","98.44400000000003","58.546000000000014","50","0","641","300","0","0","589","0","35","554","0","29450","535","1390","27503","22","589","28893","58.9","0","50","1000","1997","3.994","90","5.1338406987673695","0","41.5","3.6151515151515152","10","700","589"
"1216","BA","1000","2","0.1","30","0.1","0.5","1","platform","targeted","70","5","95","95","58.8982020630392","95.04019831932115","95.04019831932115","fixed","1","1","50","2386","16","50","22646938","v2.0-design-v1.0","100","62.9","37.1","27.035490605427974","true","98.456","58.461999999999996","50","0","629","300","0","0","589","0","22","567","0","29450","518","1398","27505","29","589","28903","58.9","0","50","1000","1997","3.994","90","5.523628741549743","0","46.9","3.5606060606060606","10","700","589"
"1217","BA","1000","2","0.1","30","0.1","0.5","1","platform","targeted","70","5","95","95","58.8982020630392","95.04019831932115","95.04019831932115","fixed","1","1","50","2386","17","50","22646939","v2.0-design-v1.0","100","63","37","28.978745463970967","true","98.36000000000004","57.966","50","0","630","300","0","0","589","0","17","572","0","29450","559","1370","27491","30","589","28861","58.9","0","50","1000","1997","3.994","88","5.206829656813733","0","41.3","3.617171717171717","10","700","589"
"1218","BA","1000","2","0.1","30","0.1","0.5","1","platform","targeted","70","5","95","95","58.8982020630392","95.04019831932115","95.04019831932115","fixed","1","1","50","2386","18","50","22646940","v2.0-design-v1.0","100","64","36","28.184948352188883","true","98.208","56.76999999999999","50","0","640","300","0","0","589","0","25","564","0","29450","573","1460","27393","24","589","28853","58.9","0","50","1000","1997","3.994","59","5.00709846468341","0","43","3.6","10","700","589"
"1219","BA","1000","2","0.1","30","0.1","0.5","1","platform","targeted","70","5","95","95","58.8982020630392","95.04019831932115","95.04019831932115","fixed","1","1","50","2386","19","50","22646941","v2.0-design-v1.0","100","62.5","37.5","27.73722627737226","true","98.09600000000002","57.66799999999999","50","0","625","300","0","0","589","0","21","568","0","29450","570","1485","27368","27","589","28853","58.9","0","50","1000","1997","3.994","74","5.069681022082709","0","42.2","3.608080808080808","10","700","589"
"1220","BA","1000","2","0.1","30","0.1","0.5","1","platform","targeted","70","5","95","95","58.8982020630392","95.04019831932115","95.04019831932115","fixed","1","1","50","2386","20","50","22646942","v2.0-design-v1.0","100","62.6","37.4","28.960645812310798","true","98.22200000000001","58.27399999999999","50","0","626","300","0","0","589","0","21","568","0","29450","574","1408","27441","27","589","28849","58.9","0","50","1000","1997","3.994","94","5.810484121458876","0","47.8","3.5515151515151517","10","700","589"
"1221","BA","1000","2","0.1","30","0.1","0.5","1","platform","targeted","70","5","95","95","58.8982020630392","95.04019831932115","95.04019831932115","fixed","1","1","50","2386","21","50","22646943","v2.0-design-v1.0","100","64.5","35.5","25.86639879457559","true","98.45200000000001","55.60600000000002","50","0","645","300","0","0","589","0","29","560","0","29450","515","1476","27437","22","589","28913","58.9","0","50","1000","1997","3.994","89","5.5005654454992285","0","45.2","3.577777777777778","10","700","589"
"1222","BA","1000","2","0.1","30","0.1","0.5","1","platform","targeted","70","5","95","95","58.8982020630392","95.04019831932115","95.04019831932115","fixed","1","1","50","2386","22","50","22646944","v2.0-design-v1.0","100","64.4","35.599999999999994","26.78304239401496","true","98.37400000000004","56.26800000000001","50","0","644","300","0","0","589","0","36","553","0","29450","537","1468","27409","36","589","28877","58.9","0","50","1000","1997","3.994","68","4.781508844164856","0","38.2","3.6484848484848484","10","700","589"
"1223","BA","1000","2","0.1","30","0.1","0.5","1","platform","targeted","70","5","95","95","58.8982020630392","95.04019831932115","95.04019831932115","fixed","1","1","50","2386","23","50","22646945","v2.0-design-v1.0","100","61.4","38.6","29.438775510204078","true","97.95200000000001","58.76799999999999","50","0","614","300","0","0","589","0","30","559","0","29450","577","1383","27465","25","589","28848","58.9","0","50","1000","1997","3.994","53","4.55353694381616","0","37","3.6606060606060606","10","700","589"
"1224","BA","1000","2","0.1","30","0.1","0.5","1","platform","targeted","70","5","95","95","58.8982020630392","95.04019831932115","95.04019831932115","fixed","1","1","50","2386","24","50","22646946","v2.0-design-v1.0","100","63.1","36.9","29.166666666666668","true","97.70200000000001","57.277999999999984","50","0","631","300","0","0","589","0","35","554","0","29450","609","1479","27332","30","589","28811","58.9","0","50","1000","1997","3.994","80","5.479780286835586","0","46.3","3.566666666666667","10","700","589"
"1225","BA","1000","2","0.1","30","0.1","0.5","1","platform","targeted","70","5","95","95","58.8982020630392","95.04019831932115","95.04019831932115","fixed","1","1","50","2386","25","50","22646947","v2.0-design-v1.0","100","62.9","37.1","27.70780856423174","true","98.15600000000002","58.424000000000014","50","0","629","300","0","0","589","0","31","558","0","29450","550","1435","27431","34","589","28866","58.9","0","50","1000","1997","3.994","70","5.050293998320233","0","42","3.61010101010101","10","700","589"
"1226","BA","1000","2","0.1","30","0.1","0.5","1","platform","targeted","70","5","95","95","58.8982020630392","95.04019831932115","95.04019831932115","fixed","1","1","50","2386","26","50","22646948","v2.0-design-v1.0","100","62.7","37.3","27.54462132175591","true","98.30600000000003","56.46000000000001","50","0","627","300","0","0","589","0","32","557","0","29450","571","1502","27347","30","589","28849","58.9","0","50","1000","1997","3.994","86","5.116457968374418","0","41.8","3.6121212121212123","10","700","589"
"1227","BA","1000","2","0.1","30","0.1","0.5","1","platform","targeted","70","5","95","95","58.8982020630392","95.04019831932115","95.04019831932115","fixed","1","1","50","2386","27","50","22646949","v2.0-design-v1.0","100","62.2","37.8","27.516113039167077","true","98.35400000000001","57.67600000000002","50","0","622","300","0","0","589","0","33","556","0","29450","555","1462","27404","29","589","28866","58.9","0","50","1000","1997","3.994","44","4.66580472520375","0","38.1","3.6494949494949496","10","700","589"
"1228","BA","1000","2","0.1","30","0.1","0.5","1","platform","targeted","70","5","95","95","58.8982020630392","95.04019831932115","95.04019831932115","fixed","1","1","50","2386","28","50","22646950","v2.0-design-v1.0","100","61.9","38.1","27.577450482478415","true","98.208","57.416","50","0","619","300","0","0","589","0","23","566","0","29450","543","1426","27456","25","589","28882","58.9","0","50","1000","1997","3.994","61","4.867201829969001","0","41.6","3.614141414141414","10","700","589"
"1229","BA","1000","2","0.1","30","0.1","0.5","1","platform","targeted","70","5","95","95","58.8982020630392","95.04019831932115","95.04019831932115","fixed","1","1","50","2386","29","50","22646951","v2.0-design-v1.0","100","64.1","35.900000000000006","26.619789050728276","true","98.412","56.94799999999999","50","0","641","300","0","0","589","0","30","559","0","29450","530","1461","27437","22","589","28898","58.9","0","50","1000","1997","3.994","72","5.000697048509424","0","42.2","3.608080808080808","10","700","589"
"1230","BA","1000","2","0.1","30","0.1","0.5","1","platform","targeted","70","5","95","95","58.8982020630392","95.04019831932115","95.04019831932115","fixed","1","1","50","2386","30","50","22646952","v2.0-design-v1.0","100","63.800000000000004","36.199999999999996","28.59259259259259","true","98.36800000000002","57.574000000000005","50","0","638","300","0","0","589","0","30","559","0","29450","579","1446","27399","26","589","28845","58.9","0","50","1000","1997","3.994","68","5.045931571615429","0","43.7","3.592929292929293","10","700","589"
"1231","BA","1000","2","0.1","30","0.1","0.5","1","platform","targeted","70","5","95","95","48.85872292267218","75.77974139403581","75.77974139403581","fixed","1","1","50","2387","1","50","22647923","v2.0-design-v1.0","65.5","49.2","16.299999999999997","36.08208485458895","true","71.28399999999999","26.39800000000001","50","34.5","492","300","345","398","489","53","103","318","15","24450","2866","5077","15547","960","421","20624","48.9","0","50","1000","1997","3.994","74","5.024062619554529","0","42.5","3.605050505050505","10","700","489"
"1232","BA","1000","2","0.1","30","0.1","0.5","1","platform","targeted","70","5","95","95","48.85872292267218","75.77974139403581","75.77974139403581","fixed","1","1","50","2387","2","50","22647924","v2.0-design-v1.0","68.2","50.3","17.900000000000006","35.144268260982585","true","74.00999999999998","28.550000000000015","50","31.8","503","300","318","377","489","59","108","305","17","24450","2704","4990","15872","884","413","20862","48.9","0","50","1000","1997","3.994","68","4.97581377492392","0","39.9","3.6313131313131315","10","700","489"
"1233","BA","1000","2","0.1","30","0.1","0.5","1","platform","targeted","70","5","95","95","48.85872292267218","75.77974139403581","75.77974139403581","fixed","1","1","50","2387","3","50","22647925","v2.0-design-v1.0","67.3","49","18.299999999999997","35.645994832041346","true","73.26600000000002","28.471999999999984","50","32.7","490","300","327","374","489","47","103","321","18","24450","2759","4981","15826","884","424","20807","48.9","0","50","1000","1997","3.994","87","5.597615322375878","0","47.9","3.5505050505050506","10","700","489"
"1234","BA","1000","2","0.1","30","0.1","0.5","1","platform","targeted","70","5","95","95","48.85872292267218","75.77974139403581","75.77974139403581","fixed","1","1","50","2387","4","50","22647926","v2.0-design-v1.0","66.1","50","16.099999999999994","35.48839581739352","true","72.07199999999997","26.25199999999999","50","33.900000000000006","500","300","339","393","489","54","89","329","17","24450","2783","5059","15702","906","418","20761","48.9","0","50","1000","1997","3.994","59","4.674164290203301","0","37.7","3.6535353535353536","10","700","489"
"1235","BA","1000","2","0.1","30","0.1","0.5","1","platform","targeted","70","5","95","95","48.85872292267218","75.77974139403581","75.77974139403581","fixed","1","1","50","2387","5","50","22647927","v2.0-design-v1.0","69.6","50.1","19.499999999999993","33.752566735112936","true","74.722","28.857999999999993","50","30.4","501","300","304","363","489","59","106","311","13","24450","2630","5162","15825","833","417","20987","48.9","0","50","1000","1997","3.994","90","4.925873346750618","0","37.3","3.6575757575757577","10","700","489"
"1236","BA","1000","2","0.1","30","0.1","0.5","1","platform","targeted","70","5","95","95","48.85872292267218","75.77974139403581","75.77974139403581","fixed","1","1","50","2387","6","50","22647928","v2.0-design-v1.0","62.7","49.9","12.800000000000004","36.00203977562468","true","70.414","25.094000000000005","50","37.3","499","300","373","449","489","76","103","284","26","24450","2824","5020","15671","935","387","20691","48.9","0","50","1000","1997","3.994","98","5.427838006557063","0","43.3","3.596969696969697","10","700","489"
"1237","BA","1000","2","0.1","30","0.1","0.5","1","platform","targeted","70","5","95","95","48.85872292267218","75.77974139403581","75.77974139403581","fixed","1","1","50","2387","7","50","22647929","v2.0-design-v1.0","68","51.2","16.799999999999997","33.92156862745098","true","73.716","27.167999999999992","50","32","512","300","320","369","489","49","112","313","15","24450","2595","5055","16019","781","425","21074","48.9","0","50","1000","1997","3.994","86","5.544971660045763","0","46.1","3.5686868686868687","10","700","489"
"1239","BA","1000","2","0.1","30","0.1","0.5","1","platform","targeted","70","5","95","95","48.85872292267218","75.77974139403581","75.77974139403581","fixed","1","1","50","2387","9","50","22647931","v2.0-design-v1.0","68.1","49.5","18.599999999999994","33.88822829964328","true","74.01599999999998","28.791999999999984","50","31.900000000000002","495","300","319","380","489","61","101","312","15","24450","2565","5004","16064","817","413","21068","48.9","0","50","1000","1997","3.994","89","5.372413501102345","0","46.1","3.5686868686868687","10","700","489"
"1238","BA","1000","2","0.1","30","0.1","0.5","1","platform","targeted","70","5","95","95","48.85872292267218","75.77974139403581","75.77974139403581","fixed","1","1","50","2387","8","50","22647930","v2.0-design-v1.0","65.4","49.4","16.000000000000007","35.5288647810926","true","71.874","26.86000000000001","50","34.599999999999994","494","300","346","415","489","69","91","308","21","24450","2751","4992","15780","927","399","20772","48.9","0","50","1000","1997","3.994","93","5.449556097670852","0","44.6","3.583838383838384","10","700","489"
"1240","BA","1000","2","0.1","30","0.1","0.5","1","platform","targeted","70","5","95","95","48.85872292267218","75.77974139403581","75.77974139403581","fixed","1","1","50","2387","10","50","22647932","v2.0-design-v1.0","67","50.6","16.4","35.78361589232561","true","72.68999999999998","26.869999999999994","50","33","506","300","330","395","489","65","101","309","14","24450","2765","4962","15886","837","410","20848","48.9","0","50","1000","1997","3.994","57","4.849689008945155","0","39.5","3.6353535353535356","10","700","489"
"1241","BA","1000","2","0.1","30","0.1","0.5","1","platform","targeted","70","5","95","95","48.85872292267218","75.77974139403581","75.77974139403581","fixed","1","1","50","2387","11","50","22647933","v2.0-design-v1.0","67.69999999999999","51.300000000000004","16.399999999999984","34.25673039406945","true","73.70800000000001","27.387999999999998","50","32.300000000000004","513","300","323","369","489","46","103","315","25","24450","2634","5055","15879","882","418","20934","48.9","0","50","1000","1997","3.994","109","5.432262279517937","0","42.4","3.606060606060606","10","700","489"
"1242","BA","1000","2","0.1","30","0.1","0.5","1","platform","targeted","70","5","95","95","48.85872292267218","75.77974139403581","75.77974139403581","fixed","1","1","50","2387","12","50","22647934","v2.0-design-v1.0","67.1","50.3","16.799999999999997","35.03201024327785","true","73.15200000000003","27.202","50","32.9","503","300","329","403","489","74","98","298","19","24450","2736","5074","15767","873","396","20841","48.9","0","50","1000","1997","3.994","61","4.957675114662362","0","41.9","3.611111111111111","10","700","489"
"1243","BA","1000","2","0.1","30","0.1","0.5","1","platform","targeted","70","5","95","95","48.85872292267218","75.77974139403581","75.77974139403581","fixed","1","1","50","2387","13","50","22647935","v2.0-design-v1.0","68","49.6","18.4","34.31047667601326","true","73.394","27.892000000000003","50","32","496","300","320","389","489","69","101","301","18","24450","2692","5154","15762","842","402","20916","48.9","0","50","1000","1997","3.994","102","5.534129614545588","0","44.1","3.588888888888889","10","700","489"
"1244","BA","1000","2","0.1","30","0.1","0.5","1","platform","targeted","70","5","95","95","48.85872292267218","75.77974139403581","75.77974139403581","fixed","1","1","50","2387","14","50","22647936","v2.0-design-v1.0","68.9","49.4","19.500000000000007","34.01660612350804","true","73.44800000000001","28.767999999999994","50","31.1","494","300","311","351","489","40","103","335","11","24450","2622","5086","15883","859","438","20969","48.9","0","50","1000","1997","3.994","53","4.84535256110857","0","38.3","3.6474747474747473","10","700","489"
"1246","BA","1000","2","0.1","30","0.1","0.5","1","platform","targeted","70","5","95","95","48.85872292267218","75.77974139403581","75.77974139403581","fixed","1","1","50","2387","16","50","22647938","v2.0-design-v1.0","66.1","49","17.099999999999994","35.51437699680511","true","71.77","27.348000000000006","50","33.900000000000006","490","300","339","401","489","62","98","311","18","24450","2779","5046","15778","847","409","20824","48.9","0","50","1000","1997","3.994","65","4.989274181367143","0","42.3","3.607070707070707","10","700","489"
"1245","BA","1000","2","0.1","30","0.1","0.5","1","platform","targeted","70","5","95","95","48.85872292267218","75.77974139403581","75.77974139403581","fixed","1","1","50","2387","15","50","22647937","v2.0-design-v1.0","65.5","49.7","15.799999999999997","35.267685197072794","true","72.12599999999998","27.006","50","34.5","497","300","345","401","489","56","92","317","24","24450","2747","5042","15864","797","409","20906","48.9","0","50","1000","1997","3.994","81","5.283169112935509","0","45","3.5797979797979798","10","700","489"
"1247","BA","1000","2","0.1","30","0.1","0.5","1","platform","targeted","70","5","95","95","48.85872292267218","75.77974139403581","75.77974139403581","fixed","1","1","50","2387","17","50","22647939","v2.0-design-v1.0","78.5","55.400000000000006","23.099999999999994","32.316668876806794","true","79.12800000000003","31.097999999999992","50","21.5","554","300","215","244","489","29","102","342","16","24450","2437","5104","16122","787","444","21226","48.9","0","50","1000","1997","3.994","148","6.2614031310217895","0","47.4","3.5555555555555554","10","700","489"
"1248","BA","1000","2","0.1","30","0.1","0.5","1","platform","targeted","70","5","95","95","48.85872292267218","75.77974139403581","75.77974139403581","fixed","1","1","50","2387","18","50","22647940","v2.0-design-v1.0","68.8","51.6","17.199999999999996","34.53422542460113","true","73.51399999999998","26.396","50","31.2","516","300","312","370","489","58","97","318","16","24450","2684","5088","15810","868","415","20898","48.9","0","50","1000","1997","3.994","97","5.249716518396344","0","41.9","3.611111111111111","10","700","489"
"1249","BA","1000","2","0.1","30","0.1","0.5","1","platform","targeted","70","5","95","95","48.85872292267218","75.77974139403581","75.77974139403581","fixed","1","1","50","2387","19","50","22647941","v2.0-design-v1.0","65.5","49.9","15.600000000000001","36.075220672892414","true","71.61600000000001","25.869999999999994","50","34.5","499","300","345","408","489","63","81","327","18","24450","2820","4997","15743","890","408","20740","48.9","0","50","1000","1997","3.994","60","4.958886422832697","0","40.9","3.621212121212121","10","700","489"
"1250","BA","1000","2","0.1","30","0.1","0.5","1","platform","targeted","70","5","95","95","48.85872292267218","75.77974139403581","75.77974139403581","fixed","1","1","50","2387","20","50","22647942","v2.0-design-v1.0","69.4","49.5","19.900000000000006","33.27117741076185","true","73.834","28.84","50","30.599999999999998","495","300","306","354","489","48","87","338","16","24450","2498","5010","16198","744","425","21208","48.9","0","50","1000","1997","3.994","85","5.47667398682429","0","46.1","3.5686868686868687","10","700","489"
"1251","BA","1000","2","0.1","30","0.1","0.5","1","platform","targeted","70","5","95","95","48.85872292267218","75.77974139403581","75.77974139403581","fixed","1","1","50","2387","21","50","22647943","v2.0-design-v1.0","66.4","49.1","17.300000000000004","34.731607803136555","true","71.70400000000001","26.62599999999999","50","33.6","491","300","336","390","489","54","106","313","16","24450","2724","5119","15732","875","419","20851","48.9","0","50","1000","1997","3.994","78","5.2803263010770225","0","46.3","3.566666666666667","10","700","489"
"1252","BA","1000","2","0.1","30","0.1","0.5","1","platform","targeted","70","5","95","95","48.85872292267218","75.77974139403581","75.77974139403581","fixed","1","1","50","2387","22","50","22647944","v2.0-design-v1.0","63.1","50.8","12.300000000000004","36.33866133866134","true","71.094","24.686000000000014","50","36.9","508","300","369","437","489","68","99","294","28","24450","2910","5098","15454","988","393","20552","48.9","0","50","1000","1997","3.994","97","5.9817844950939225","0","48.1","3.5484848484848484","10","700","489"
"1253","BA","1000","2","0.1","30","0.1","0.5","1","platform","targeted","70","5","95","95","48.85872292267218","75.77974139403581","75.77974139403581","fixed","1","1","50","2387","23","50","22647945","v2.0-design-v1.0","66.4","48.9","17.500000000000007","34.078068823831536","true","73.12400000000001","28.200000000000003","50","33.6","489","300","336","399","489","63","101","303","22","24450","2654","5134","15863","799","404","20997","48.9","0","50","1000","1997","3.994","82","5.299816228139607","0","45.3","3.576767676767677","10","700","489"
"1254","BA","1000","2","0.1","30","0.1","0.5","1","platform","targeted","70","5","95","95","48.85872292267218","75.77974139403581","75.77974139403581","fixed","1","1","50","2387","24","50","22647946","v2.0-design-v1.0","65.4","49.6","15.800000000000004","35.07434235608082","true","71.47800000000001","26.248","50","34.599999999999994","496","300","346","396","489","50","102","318","19","24450","2760","5109","15698","883","420","20807","48.9","0","50","1000","1997","3.994","93","5.517282338652273","0","45.2","3.577777777777778","10","700","489"
"1256","BA","1000","2","0.1","30","0.1","0.5","1","platform","targeted","70","5","95","95","48.85872292267218","75.77974139403581","75.77974139403581","fixed","1","1","50","2387","26","50","22647948","v2.0-design-v1.0","68.4","50.4","18.000000000000007","32.56947188199658","true","75.42399999999999","29.162","50","31.6","504","300","316","367","489","51","90","323","25","24450","2473","5120","16085","772","413","21205","48.9","0","50","1000","1997","3.994","73","4.900814420275661","0","39.9","3.6313131313131315","10","700","489"
"1255","BA","1000","2","0.1","30","0.1","0.5","1","platform","targeted","70","5","95","95","48.85872292267218","75.77974139403581","75.77974139403581","fixed","1","1","50","2387","25","50","22647947","v2.0-design-v1.0","64.30000000000001","50.1","14.20000000000001","35.191815856777495","true","71.94600000000003","26.237999999999996","50","35.699999999999996","501","300","357","417","489","60","114","292","23","24450","2752","5068","15695","935","406","20763","48.9","0","50","1000","1997","3.994","68","4.9570693495790925","0","41.3","3.617171717171717","10","700","489"
"1257","BA","1000","2","0.1","30","0.1","0.5","1","platform","targeted","70","5","95","95","48.85872292267218","75.77974139403581","75.77974139403581","fixed","1","1","50","2387","27","50","22647949","v2.0-design-v1.0","67.69999999999999","50.5","17.19999999999999","34.34330466041854","true","74.44400000000002","28.467999999999996","50","32.300000000000004","505","300","323","380","489","57","92","318","22","24450","2675","5114","15776","885","410","20890","48.9","0","50","1000","1997","3.994","69","4.948783128654393","0","40.1","3.6292929292929292","10","700","489"
"1258","BA","1000","2","0.1","30","0.1","0.5","1","platform","targeted","70","5","95","95","48.85872292267218","75.77974139403581","75.77974139403581","fixed","1","1","50","2387","28","50","22647950","v2.0-design-v1.0","64.2","50","14.200000000000003","36.71368661837591","true","70.80999999999999","25.639999999999997","50","35.8","500","300","358","425","489","67","88","312","22","24450","2889","4980","15642","939","400","20622","48.9","0","50","1000","1997","3.994","70","5.048113256202494","0","41.2","3.618181818181818","10","700","489"
"1259","BA","1000","2","0.1","30","0.1","0.5","1","platform","targeted","70","5","95","95","48.85872292267218","75.77974139403581","75.77974139403581","fixed","1","1","50","2387","29","50","22647951","v2.0-design-v1.0","66.9","49.4","17.500000000000007","35.51259221572119","true","72.16","27.194000000000003","50","33.1","494","300","331","391","489","60","119","293","17","24450","2792","5070","15708","880","412","20778","48.9","0","50","1000","1997","3.994","66","5.1252543578082195","0","43.1","3.598989898989899","10","700","489"
"1260","BA","1000","2","0.1","30","0.1","0.5","1","platform","targeted","70","5","95","95","48.85872292267218","75.77974139403581","75.77974139403581","fixed","1","1","50","2387","30","50","22647952","v2.0-design-v1.0","73.8","53.5","20.299999999999997","32.832145171743356","true","75.954","29.577999999999996","50","26.200000000000003","535","300","262","302","489","40","112","320","17","24450","2533","5182","15941","794","432","21123","48.9","0","50","1000","1997","3.994","99","5.691604199024937","0","47.7","3.5525252525252524","10","700","489"
"1262","BA","1000","2","0.1","30","0.1","0.5","1","platform","targeted","70","5","95","95","6.96844631826665","86.4646102070833","86.4646102070833","fixed","1","1","50","2388","2","50","22648924","v2.0-design-v1.0","9.599999999999994","6","3.5999999999999943","92.4306535025858","true","21.934000000000005","17.208000000000002","50","90.4","60","300","904","948","70","44","5","16","5","3500","1966","161","1065","308","21","1226","7","0","50","1000","1997","3.994","76","5.141439331393336","0","42","3.61010101010101","10","700","70"
"1261","BA","1000","2","0.1","30","0.1","0.5","1","platform","targeted","70","5","95","95","6.96844631826665","86.4646102070833","86.4646102070833","fixed","1","1","50","2388","1","50","22648923","v2.0-design-v1.0","10.200000000000003","6.2","4.000000000000003","91.2639405204461","true","22.789999999999996","17.781999999999996","50","89.8","62","300","898","938","70","40","2","23","5","3500","1964","188","1051","297","25","1239","7","0","50","1000","1997","3.994","77","5.098623339682967","0","41.5","3.6151515151515152","10","700","70"
"1263","BA","1000","2","0.1","30","0.1","0.5","1","platform","targeted","70","5","95","95","6.96844631826665","86.4646102070833","86.4646102070833","fixed","1","1","50","2388","3","50","22648925","v2.0-design-v1.0","8.899999999999991","5.5","3.3999999999999915","92.82144479781917","true","20.54","16.492000000000004","50","91.10000000000001","55","300","911","956","70","45","2","15","8","3500","2043","158","979","320","17","1137","7","0","50","1000","1997","3.994","82","5.216241287859781","0","43.8","3.591919191919192","10","700","70"
"1264","BA","1000","2","0.1","30","0.1","0.5","1","platform","targeted","70","5","95","95","6.96844631826665","86.4646102070833","86.4646102070833","fixed","1","1","50","2388","4","50","22648926","v2.0-design-v1.0","10","5.4","4.6","93.11475409836065","true","23.122000000000007","19.134000000000004","50","90","54","300","900","941","70","41","1","23","5","3500","1988","147","1056","309","24","1203","7","0","50","1000","1997","3.994","71","5.2470463591906045","0","44.7","3.5828282828282827","10","700","70"
"1265","BA","1000","2","0.1","30","0.1","0.5","1","platform","targeted","70","5","95","95","6.96844631826665","86.4646102070833","86.4646102070833","fixed","1","1","50","2388","5","50","22648927","v2.0-design-v1.0","8.599999999999994","5.800000000000001","2.7999999999999936","91.75774134790528","true","20.690000000000005","16.248","50","91.4","58","300","914","961","70","47","5","11","7","3500","2015","181","995","309","16","1176","7","0","50","1000","1997","3.994","80","4.950603243289889","0","40.5","3.625252525252525","10","700","70"
"1266","BA","1000","2","0.1","30","0.1","0.5","1","platform","targeted","70","5","95","95","6.96844631826665","86.4646102070833","86.4646102070833","fixed","1","1","50","2388","6","50","22648928","v2.0-design-v1.0","8.299999999999997","6.1","2.1999999999999975","91.64222873900293","true","21.19","16.378000000000007","50","91.7","61","300","917","954","70","37","2","18","13","3500","1875","171","1131","323","20","1302","7","0","50","1000","1997","3.994","108","5.934912567779535","0","49","3.5393939393939395","10","700","70"
"1267","BA","1000","2","0.1","30","0.1","0.5","1","platform","targeted","70","5","95","95","6.96844631826665","86.4646102070833","86.4646102070833","fixed","1","1","50","2388","7","50","22648929","v2.0-design-v1.0","9.5","5.8999999999999995","3.6000000000000005","92.57703081232494","true","22.818","18.460000000000004","50","90.5","59","300","905","945","70","40","3","21","6","3500","1983","159","1045","313","24","1204","7","0","50","1000","1997","3.994","90","5.652248394392431","0","47","3.5595959595959594","10","700","70"
"1268","BA","1000","2","0.1","30","0.1","0.5","1","platform","targeted","70","5","95","95","6.96844631826665","86.4646102070833","86.4646102070833","fixed","1","1","50","2388","8","50","22648930","v2.0-design-v1.0","8.299999999999997","5.800000000000001","2.4999999999999964","91.54205607476635","true","21.158000000000005","16.608000000000015","50","91.7","58","300","917","964","70","47","4","13","6","3500","1959","181","1031","329","17","1212","7","0","50","1000","1997","3.994","80","5.181584006152247","0","41.9","3.611111111111111","10","700","70"
"1269","BA","1000","2","0.1","30","0.1","0.5","1","platform","targeted","70","5","95","95","6.96844631826665","86.4646102070833","86.4646102070833","fixed","1","1","50","2388","9","50","22648931","v2.0-design-v1.0","8.700000000000003","5.8999999999999995","2.8000000000000034","92.71644525881814","true","22.594000000000005","17.881999999999994","50","91.3","59","300","913","959","70","46","2","14","8","3500","2024","159","965","352","16","1124","7","0","50","1000","1997","3.994","72","5.084271217570295","0","40.9","3.621212121212121","10","700","70"
"1270","BA","1000","2","0.1","30","0.1","0.5","1","platform","targeted","70","5","95","95","6.96844631826665","86.4646102070833","86.4646102070833","fixed","1","1","50","2388","10","50","22648932","v2.0-design-v1.0","8.599999999999994","5.800000000000001","2.7999999999999936","92.7038626609442","true","22.399999999999995","17.868000000000002","50","91.4","58","300","914","953","70","39","5","16","10","3500","1944","153","1088","315","21","1241","7","0","50","1000","1997","3.994","70","5.134425608218143","0","42.9","3.601010101010101","10","700","70"
"1271","BA","1000","2","0.1","30","0.1","0.5","1","platform","targeted","70","5","95","95","6.96844631826665","86.4646102070833","86.4646102070833","fixed","1","1","50","2388","11","50","22648933","v2.0-design-v1.0","9.399999999999991","6.2","3.1999999999999913","91.44641999038924","true","22.136000000000003","17.523999999999997","50","90.60000000000001","62","300","906","952","70","46","4","13","7","3500","1903","178","1147","272","17","1325","7","0","50","1000","1997","3.994","63","4.681653755018815","0","36.6","3.6646464646464647","10","700","70"
"1272","BA","1000","2","0.1","30","0.1","0.5","1","platform","targeted","70","5","95","95","6.96844631826665","86.4646102070833","86.4646102070833","fixed","1","1","50","2388","12","50","22648934","v2.0-design-v1.0","9","6.1","2.9000000000000004","92.87366959740861","true","22.15600000000001","17.868","50","91","61","300","910","954","70","44","1","18","7","3500","2007","154","1034","305","19","1188","7","0","50","1000","1997","3.994","66","4.8793208309939695","0","41.4","3.6161616161616164","10","700","70"
"1273","BA","1000","2","0.1","30","0.1","0.5","1","platform","targeted","70","5","95","95","6.96844631826665","86.4646102070833","86.4646102070833","fixed","1","1","50","2388","13","50","22648935","v2.0-design-v1.0","9.299999999999997","6.1","3.1999999999999975","91.34751773049645","true","22.431999999999995","17.630000000000006","50","90.7","61","300","907","955","70","48","2","14","6","3500","1932","183","1104","281","16","1287","7","0","50","1000","1997","3.994","92","5.510928627221934","0","44.1","3.588888888888889","10","700","70"
"1274","BA","1000","2","0.1","30","0.1","0.5","1","platform","targeted","70","5","95","95","6.96844631826665","86.4646102070833","86.4646102070833","fixed","1","1","50","2388","14","50","22648936","v2.0-design-v1.0","7.8999999999999915","5.800000000000001","2.0999999999999908","92.70983213429257","true","21.421999999999997","17.038","50","92.10000000000001","58","300","921","957","70","36","2","22","10","3500","1933","152","1094","321","24","1246","7","0","50","1000","1997","3.994","87","5.786142362873855","0","48.8","3.5414141414141413","10","700","70"
"1275","BA","1000","2","0.1","30","0.1","0.5","1","platform","targeted","70","5","95","95","6.96844631826665","86.4646102070833","86.4646102070833","fixed","1","1","50","2388","15","50","22648937","v2.0-design-v1.0","8.099999999999994","6.5","1.5999999999999943","90.88410444342647","true","21.155999999999995","16.438000000000002","50","91.9","65","300","919","960","70","41","4","16","9","3500","1984","199","1026","291","20","1225","7","0","50","1000","1997","3.994","61","4.975009016546058","0","41.9","3.611111111111111","10","700","70"
"1276","BA","1000","2","0.1","30","0.1","0.5","1","platform","targeted","70","5","95","95","6.96844631826665","86.4646102070833","86.4646102070833","fixed","1","1","50","2388","16","50","22648938","v2.0-design-v1.0","9.200000000000003","5.800000000000001","3.400000000000002","92.55924170616113","true","22.36799999999999","17.578000000000003","50","90.8","58","300","908","954","70","46","1","16","7","3500","1953","157","1089","301","17","1246","7","0","50","1000","1997","3.994","80","5.181390818188755","0","43.7","3.592929292929293","10","700","70"
"1277","BA","1000","2","0.1","30","0.1","0.5","1","platform","targeted","70","5","95","95","6.96844631826665","86.4646102070833","86.4646102070833","fixed","1","1","50","2388","17","50","22648939","v2.0-design-v1.0","8.799999999999997","5.7","3.099999999999997","93.38303821062442","true","22.827999999999992","18.44","50","91.2","57","300","912","954","70","42","3","14","11","3500","2004","142","1051","303","17","1193","7","0","50","1000","1997","3.994","81","5.068693683352304","0","42.8","3.602020202020202","10","700","70"
"1278","BA","1000","2","0.1","30","0.1","0.5","1","platform","targeted","70","5","95","95","6.96844631826665","86.4646102070833","86.4646102070833","fixed","1","1","50","2388","18","50","22648940","v2.0-design-v1.0","10.200000000000003","5.8999999999999995","4.300000000000003","91.51429910923582","true","22.954000000000004","18.197999999999993","50","89.8","59","300","898","946","70","48","4","12","6","3500","1952","181","1065","302","16","1246","7","0","50","1000","1997","3.994","94","5.4370511792262395","0","45.4","3.5757575757575757","10","700","70"
"1279","BA","1000","2","0.1","30","0.1","0.5","1","platform","targeted","70","5","95","95","6.96844631826665","86.4646102070833","86.4646102070833","fixed","1","1","50","2388","19","50","22648941","v2.0-design-v1.0","9.5","6.1","3.4000000000000004","93.12242090784044","true","22.103999999999996","17.670000000000005","50","90.5","61","300","905","948","70","43","2","21","4","3500","2031","150","999","320","23","1149","7","0","50","1000","1997","3.994","56","4.649471107726286","0","36.9","3.6616161616161618","10","700","70"
"1280","BA","1000","2","0.1","30","0.1","0.5","1","platform","targeted","70","5","95","95","6.96844631826665","86.4646102070833","86.4646102070833","fixed","1","1","50","2388","20","50","22648942","v2.0-design-v1.0","9.5","5.800000000000001","3.6999999999999993","92.31499051233396","true","22.855999999999998","18.477999999999994","50","90.5","58","300","905","953","70","48","2","10","10","3500","1946","162","1063","329","12","1225","7","0","50","1000","1997","3.994","72","5.171141528202894","0","43.7","3.592929292929293","10","700","70"
"1281","BA","1000","2","0.1","30","0.1","0.5","1","platform","targeted","70","5","95","95","6.96844631826665","86.4646102070833","86.4646102070833","fixed","1","1","50","2388","21","50","22648943","v2.0-design-v1.0","8.799999999999997","6.1","2.6999999999999975","91.32726401533301","true","21.202","16.69","50","91.2","61","300","912","946","70","34","4","25","7","3500","1906","181","1126","287","29","1307","7","0","50","1000","1997","3.994","99","5.60226287756557","0","48","3.5494949494949495","10","700","70"
"1282","BA","1000","2","0.1","30","0.1","0.5","1","platform","targeted","70","5","95","95","6.96844631826665","86.4646102070833","86.4646102070833","fixed","1","1","50","2388","22","50","22648944","v2.0-design-v1.0","7.599999999999994","5.6000000000000005","1.9999999999999938","91.58745247148289","true","21.344","17.154000000000007","50","92.4","56","300","924","971","70","47","2","12","9","3500","1927","177","1048","348","14","1225","7","0","50","1000","1997","3.994","67","4.959290126475611","0","41.9","3.611111111111111","10","700","70"
"1283","BA","1000","2","0.1","30","0.1","0.5","1","platform","targeted","70","5","95","95","6.96844631826665","86.4646102070833","86.4646102070833","fixed","1","1","50","2388","23","50","22648945","v2.0-design-v1.0","8.700000000000003","6.7","2.0000000000000027","91.75977653631286","true","21.628","16.464","50","91.3","67","300","913","946","70","33","2","23","12","3500","1971","177","1041","311","25","1218","7","0","50","1000","1997","3.994","111","5.529605821443374","0","44","3.5898989898989897","10","700","70"
"1284","BA","1000","2","0.1","30","0.1","0.5","1","platform","targeted","70","5","95","95","6.96844631826665","86.4646102070833","86.4646102070833","fixed","1","1","50","2388","24","50","22648946","v2.0-design-v1.0","10.399999999999991","5.6000000000000005","4.799999999999991","92.62027090144792","true","21.465999999999998","17.286000000000005","50","89.60000000000001","56","300","896","942","70","46","6","18","0","3500","1983","158","1058","301","24","1216","7","0","50","1000","1997","3.994","76","5.1848671002106475","0","42.7","3.603030303030303","10","700","70"
"1285","BA","1000","2","0.1","30","0.1","0.5","1","platform","targeted","70","5","95","95","6.96844631826665","86.4646102070833","86.4646102070833","fixed","1","1","50","2388","25","50","22648947","v2.0-design-v1.0","9.399999999999991","6.1","3.299999999999992","92.54629629629629","true","22.428","17.981999999999996","50","90.60000000000001","61","300","906","958","70","52","1","12","5","3500","1999","161","1024","316","13","1185","7","0","50","1000","1997","3.994","77","5.0698784667551555","0","41","3.6202020202020204","10","700","70"
"1286","BA","1000","2","0.1","30","0.1","0.5","1","platform","targeted","70","5","95","95","6.96844631826665","86.4646102070833","86.4646102070833","fixed","1","1","50","2388","26","50","22648948","v2.0-design-v1.0","9.599999999999994","5.800000000000001","3.7999999999999936","93.10185185185185","true","22.214000000000006","18.099999999999994","50","90.4","58","300","904","955","70","51","1","14","4","3500","2011","149","1033","307","15","1182","7","0","50","1000","1997","3.994","64","4.782764769339883","0","38.2","3.6484848484848484","10","700","70"
"1287","BA","1000","2","0.1","30","0.1","0.5","1","platform","targeted","70","5","95","95","6.96844631826665","86.4646102070833","86.4646102070833","fixed","1","1","50","2388","27","50","22648949","v2.0-design-v1.0","9.399999999999991","5.3","4.099999999999992","93.25095057034221","true","22.330000000000005","18.406000000000002","50","90.60000000000001","53","300","906","952","70","46","2","16","6","3500","1962","142","1085","311","18","1227","7","0","50","1000","1997","3.994","75","5.103333029306231","0","42","3.61010101010101","10","700","70"
"1288","BA","1000","2","0.1","30","0.1","0.5","1","platform","targeted","70","5","95","95","6.96844631826665","86.4646102070833","86.4646102070833","fixed","1","1","50","2388","28","50","22648950","v2.0-design-v1.0","9","6.1","2.9000000000000004","91.71793658305727","true","22.570000000000004","17.97200000000001","50","91","61","300","910","955","70","45","3","17","5","3500","1938","175","1116","271","20","1291","7","0","50","1000","1997","3.994","68","4.854846396492214","0","39.1","3.639393939393939","10","700","70"
"1289","BA","1000","2","0.1","30","0.1","0.5","1","platform","targeted","70","5","95","95","6.96844631826665","86.4646102070833","86.4646102070833","fixed","1","1","50","2388","29","50","22648951","v2.0-design-v1.0","8.799999999999997","6.1","2.6999999999999975","92.24734656206738","true","22.741999999999997","18.236000000000004","50","91.2","61","300","912","954","70","42","4","14","10","3500","1999","168","1002","331","18","1170","7","0","50","1000","1997","3.994","82","5.181777186913266","0","40.8","3.6222222222222222","10","700","70"
"1290","BA","1000","2","0.1","30","0.1","0.5","1","platform","targeted","70","5","95","95","6.96844631826665","86.4646102070833","86.4646102070833","fixed","1","1","50","2388","30","50","22648952","v2.0-design-v1.0","8.200000000000003","6.4","1.8000000000000025","92.16611609249647","true","22.008000000000003","17.324","50","91.8","64","300","918","961","70","43","3","17","7","3500","1953","166","1091","290","20","1257","7","0","50","1000","1997","3.994","94","5.784239052928344","0","47.8","3.5515151515151517","10","700","70"
"1291","BA","1000","2","0.1","30","0.1","0.5","1","platform","targeted","70","5","95","95","1.819593335752306","75.84850988985465","75.84850988985465","fixed","1","1","50","2389","1","50","22649923","v2.0-design-v1.0","1.4000000000000057","1","0.4000000000000057","97.19626168224299","true","10.692","9.983999999999998","50","98.6","10","300","986","997","18","11","0","1","6","900","624","18","57","201","1","75","1.8","0","50","1000","1997","3.994","92","5.356178922763181","0","43.8","3.591919191919192","10","700","18"
"1292","BA","1000","2","0.1","30","0.1","0.5","1","platform","targeted","70","5","95","95","1.819593335752306","75.84850988985465","75.84850988985465","fixed","1","1","50","2389","2","50","22649924","v2.0-design-v1.0","1.2999999999999972","0.7000000000000001","0.5999999999999971","98.42271293375394","true","10.62","10.052000000000001","50","98.7","7","300","987","999","18","12","0","0","6","900","624","10","49","217","0","59","1.8","0","50","1000","1997","3.994","86","5.148637924002075","0","41.4","3.6161616161616164","10","700","18"
"1293","BA","1000","2","0.1","30","0.1","0.5","1","platform","targeted","70","5","95","95","1.819593335752306","75.84850988985465","75.84850988985465","fixed","1","1","50","2389","3","50","22649925","v2.0-design-v1.0","1.5","1.0999999999999999","0.40000000000000013","96.58914728682171","true","11.097999999999997","10.245999999999995","50","98.5","11","300","985","996","18","11","1","1","5","900","623","22","59","196","2","81","1.8","0","50","1000","1997","3.994","94","5.164555802451609","0","40.1","3.6292929292929292","10","700","18"
"1294","BA","1000","2","0.1","30","0.1","0.5","1","platform","targeted","70","5","95","95","1.819593335752306","75.84850988985465","75.84850988985465","fixed","1","1","50","2389","4","50","22649926","v2.0-design-v1.0","1.2999999999999972","0.8999999999999999","0.39999999999999725","97.0404984423676","true","10.676000000000005","9.911999999999999","50","98.7","9","300","987","997","18","10","1","1","6","900","623","19","49","209","2","68","1.8","0","50","1000","1997","3.994","89","5.678398384069942","0","48.4","3.5454545454545454","10","700","18"
"1295","BA","1000","2","0.1","30","0.1","0.5","1","platform","targeted","70","5","95","95","1.819593335752306","75.84850988985465","75.84850988985465","fixed","1","1","50","2389","5","50","22649927","v2.0-design-v1.0","1.5","0.7000000000000001","0.7999999999999999","97.54224270353302","true","10.184000000000001","9.576000000000002","50","98.5","7","300","985","998","18","13","1","1","3","900","635","16","62","187","2","78","1.8","0","50","1000","1997","3.994","72","5.219886130100072","0","43.9","3.590909090909091","10","700","18"
"1296","BA","1000","2","0.1","30","0.1","0.5","1","platform","targeted","70","5","95","95","1.819593335752306","75.84850988985465","75.84850988985465","fixed","1","1","50","2389","6","50","22649928","v2.0-design-v1.0","1.5999999999999943","0.8999999999999999","0.6999999999999944","96.78407350689126","true","10.386000000000001","9.72","50","98.4","9","300","984","999","18","15","1","0","2","900","632","21","52","195","1","73","1.8","0","50","1000","1997","3.994","97","5.9648590547928135","0","53.4","3.494949494949495","10","700","18"
"1297","BA","1000","2","0.1","30","0.1","0.5","1","platform","targeted","70","5","95","95","1.819593335752306","75.84850988985465","75.84850988985465","fixed","1","1","50","2389","7","50","22649929","v2.0-design-v1.0","1.7000000000000028","0.8","0.9000000000000028","97.90419161676647","true","11.868000000000002","11.341999999999995","50","98.3","8","300","983","997","18","14","0","0","4","900","654","14","68","164","0","82","1.8","0","50","1000","1997","3.994","103","5.65455019766717","0","47.3","3.5565656565656565","10","700","18"
"1298","BA","1000","2","0.1","30","0.1","0.5","1","platform","targeted","70","5","95","95","1.819593335752306","75.84850988985465","75.84850988985465","fixed","1","1","50","2389","8","50","22649930","v2.0-design-v1.0","1.7999999999999972","1.3","0.4999999999999971","97.03125","true","11.142000000000001","10.046000000000003","50","98.2","13","300","982","997","18","15","1","1","1","900","621","19","54","206","2","73","1.8","0","50","1000","1997","3.994","70","4.870285790760497","0","39.7","3.6333333333333333","10","700","18"
"1300","BA","1000","2","0.1","30","0.1","0.5","1","platform","targeted","70","5","95","95","1.819593335752306","75.84850988985465","75.84850988985465","fixed","1","1","50","2389","10","50","22649932","v2.0-design-v1.0","1.5","0.8999999999999999","0.6000000000000001","97.2972972972973","true","10.242000000000003","9.520000000000003","50","98.5","9","300","985","998","18","13","0","1","4","900","612","17","59","212","1","76","1.8","0","50","1000","1997","3.994","90","5.549843670299614","0","47.4","3.5555555555555554","10","700","18"
"1301","BA","1000","2","0.1","30","0.1","0.5","1","platform","targeted","70","5","95","95","1.819593335752306","75.84850988985465","75.84850988985465","fixed","1","1","50","2389","11","50","22649933","v2.0-design-v1.0","1.4000000000000057","1.0999999999999999","0.3000000000000058","96.75925925925925","true","11.032","10.184000000000001","50","98.6","11","300","986","996","18","10","0","2","6","900","627","21","57","195","2","78","1.8","0","50","1000","1997","3.994","78","5.391199219935106","0","45.2","3.577777777777778","10","700","18"
"1299","BA","1000","2","0.1","30","0.1","0.5","1","platform","targeted","70","5","95","95","1.819593335752306","75.84850988985465","75.84850988985465","fixed","1","1","50","2389","9","50","22649931","v2.0-design-v1.0","1.5999999999999943","0.6","0.9999999999999943","98.8906497622821","true","10.118000000000002","9.768000000000002","50","98.4","6","300","984","998","18","14","0","0","4","900","624","7","57","212","0","64","1.8","0","50","1000","1997","3.994","57","4.889158196240714","0","42.7","3.603030303030303","10","700","18"
"1302","BA","1000","2","0.1","30","0.1","0.5","1","platform","targeted","70","5","95","95","1.819593335752306","75.84850988985465","75.84850988985465","fixed","1","1","50","2389","12","50","22649934","v2.0-design-v1.0","1.4000000000000057","1.0999999999999999","0.3000000000000058","96.81528662420382","true","9.732000000000001","8.903999999999998","50","98.6","11","300","986","997","18","11","0","2","5","900","608","20","47","225","2","67","1.8","0","50","1000","1997","3.994","77","4.944533588965933","0","38.7","3.6434343434343432","10","700","18"
"1304","BA","1000","2","0.1","30","0.1","0.5","1","platform","targeted","70","5","95","95","1.819593335752306","75.84850988985465","75.84850988985465","fixed","1","1","50","2389","14","50","22649936","v2.0-design-v1.0","1.2999999999999972","1.0999999999999999","0.1999999999999973","96.8562874251497","true","10.761999999999999","9.946000000000002","50","98.7","11","300","987","997","18","10","0","0","8","900","647","21","56","176","0","77","1.8","0","50","1000","1997","3.994","87","5.280705431081133","0","42.9","3.601010101010101","10","700","18"
"1303","BA","1000","2","0.1","30","0.1","0.5","1","platform","targeted","70","5","95","95","1.819593335752306","75.84850988985465","75.84850988985465","fixed","1","1","50","2389","13","50","22649935","v2.0-design-v1.0","1.5999999999999943","1.3","0.29999999999999427","96.88473520249221","true","10.802","9.738000000000007","50","98.4","13","300","984","998","18","14","0","0","4","900","622","20","49","209","0","69","1.8","0","50","1000","1997","3.994","72","5.166299899798165","0","43.7","3.592929292929293","10","700","18"
"1305","BA","1000","2","0.1","30","0.1","0.5","1","platform","targeted","70","5","95","95","1.819593335752306","75.84850988985465","75.84850988985465","fixed","1","1","50","2389","15","50","22649937","v2.0-design-v1.0","1.2999999999999972","1.4000000000000001","-0.10000000000000298","96.11801242236024","true","9.794000000000002","8.758000000000003","50","98.7","14","300","987","998","18","11","1","0","6","900","619","25","57","199","1","82","1.8","0","50","1000","1997","3.994","76","4.985259954788388","0","38.8","3.6424242424242426","10","700","18"
"1306","BA","1000","2","0.1","30","0.1","0.5","1","platform","targeted","70","5","95","95","1.819593335752306","75.84850988985465","75.84850988985465","fixed","1","1","50","2389","16","50","22649938","v2.0-design-v1.0","1.5999999999999943","0.8","0.7999999999999943","97.1830985915493","true","11.405999999999997","10.732000000000001","50","98.4","8","300","984","996","18","12","0","1","5","900","621","18","70","191","1","88","1.8","0","50","1000","1997","3.994","96","5.652602578982167","0","49.1","3.5383838383838384","10","700","18"
"1307","BA","1000","2","0.1","30","0.1","0.5","1","platform","targeted","70","5","95","95","1.819593335752306","75.84850988985465","75.84850988985465","fixed","1","1","50","2389","17","50","22649939","v2.0-design-v1.0","1.7999999999999972","0.8","0.9999999999999971","97.51552795031056","true","11.517999999999997","10.964000000000004","50","98.2","8","300","982","999","18","17","0","1","0","900","628","16","56","200","1","72","1.8","0","50","1000","1997","3.994","103","5.485622668034683","0","44","3.5898989898989897","10","700","18"
"1308","BA","1000","2","0.1","30","0.1","0.5","1","platform","targeted","70","5","95","95","1.819593335752306","75.84850988985465","75.84850988985465","fixed","1","1","50","2389","18","50","22649940","v2.0-design-v1.0","1.5999999999999943","0.7000000000000001","0.8999999999999942","97.87878787878788","true","10.324000000000002","9.934000000000003","50","98.4","7","300","984","999","18","15","0","0","3","900","646","14","41","199","0","55","1.8","0","50","1000","1997","3.994","72","4.970983270407835","0","39.3","3.6373737373737374","10","700","18"
"1309","BA","1000","2","0.1","30","0.1","0.5","1","platform","targeted","70","5","95","95","1.819593335752306","75.84850988985465","75.84850988985465","fixed","1","1","50","2389","19","50","22649941","v2.0-design-v1.0","0.9000000000000057","1.3","-0.39999999999999436","96.86028257456829","true","10.228000000000002","9.206000000000005","50","99.1","13","300","991","999","18","8","1","0","9","900","617","20","51","212","1","71","1.8","0","50","1000","1997","3.994","68","4.846591942123184","0","39.2","3.6383838383838385","10","700","18"
"1310","BA","1000","2","0.1","30","0.1","0.5","1","platform","targeted","70","5","95","95","1.819593335752306","75.84850988985465","75.84850988985465","fixed","1","1","50","2389","20","50","22649942","v2.0-design-v1.0","1.7000000000000028","0.8999999999999999","0.8000000000000029","97.13831478537361","true","10.183999999999997","9.446000000000002","50","98.3","9","300","983","999","18","16","0","0","2","900","611","18","69","202","0","87","1.8","0","50","1000","1997","3.994","59","4.790084436511408","0","40.6","3.624242424242424","10","700","18"
"1311","BA","1000","2","0.1","30","0.1","0.5","1","platform","targeted","70","5","95","95","1.819593335752306","75.84850988985465","75.84850988985465","fixed","1","1","50","2389","21","50","22649943","v2.0-design-v1.0","1.4000000000000057","1","0.4000000000000057","97.22222222222221","true","11.557999999999998","10.868","50","98.6","10","300","986","999","18","13","0","0","5","900","630","18","60","192","0","78","1.8","0","50","1000","1997","3.994","108","5.4073286568510985","0","42.1","3.609090909090909","10","700","18"
"1312","BA","1000","2","0.1","30","0.1","0.5","1","platform","targeted","70","5","95","95","1.819593335752306","75.84850988985465","75.84850988985465","fixed","1","1","50","2389","22","50","22649944","v2.0-design-v1.0","1.5","1","0.5","96.0122699386503","true","10.112000000000002","9.338","50","98.5","10","300","985","997","18","12","0","2","4","900","626","26","56","192","2","82","1.8","0","50","1000","1997","3.994","70","5.047914960203408","0","42.3","3.607070707070707","10","700","18"
"1313","BA","1000","2","0.1","30","0.1","0.5","1","platform","targeted","70","5","95","95","1.819593335752306","75.84850988985465","75.84850988985465","fixed","1","1","50","2389","23","50","22649945","v2.0-design-v1.0","1.5","1","0.5","96.52996845425868","true","10.538","9.814000000000004","50","98.5","10","300","985","998","18","13","0","1","4","900","612","22","75","191","1","97","1.8","0","50","1000","1997","3.994","99","5.398621037738158","0","43.2","3.597979797979798","10","700","18"
"1314","BA","1000","2","0.1","30","0.1","0.5","1","platform","targeted","70","5","95","95","1.819593335752306","75.84850988985465","75.84850988985465","fixed","1","1","50","2389","24","50","22649946","v2.0-design-v1.0","1.7000000000000028","1.4000000000000001","0.3000000000000027","96.93251533742331","true","10.786","9.708","50","98.3","14","300","983","996","18","13","0","1","4","900","632","20","44","204","1","64","1.8","0","50","1000","1997","3.994","97","5.22850851594422","0","40.7","3.6232323232323234","10","700","18"
"1315","BA","1000","2","0.1","30","0.1","0.5","1","platform","targeted","70","5","95","95","1.819593335752306","75.84850988985465","75.84850988985465","fixed","1","1","50","2389","25","50","22649947","v2.0-design-v1.0","1.4000000000000057","1.2","0.20000000000000573","96.53092006033182","true","10.753999999999996","9.938000000000002","50","98.6","12","300","986","1000","18","14","0","0","4","900","640","23","66","171","0","89","1.8","0","50","1000","1997","3.994","91","5.004498876911542","0","38.5","3.6454545454545455","10","700","18"
"1316","BA","1000","2","0.1","30","0.1","0.5","1","platform","targeted","70","5","95","95","1.819593335752306","75.84850988985465","75.84850988985465","fixed","1","1","50","2389","26","50","22649948","v2.0-design-v1.0","1.7999999999999972","1","0.7999999999999972","97.57942511346445","true","10.552000000000005","9.797999999999998","50","98.2","10","300","982","998","18","16","0","0","2","900","645","16","45","194","0","61","1.8","0","50","1000","1997","3.994","80","5.079543854103993","0","42","3.61010101010101","10","700","18"
"1317","BA","1000","2","0.1","30","0.1","0.5","1","platform","targeted","70","5","95","95","1.819593335752306","75.84850988985465","75.84850988985465","fixed","1","1","50","2389","27","50","22649949","v2.0-design-v1.0","1.4000000000000057","0.8999999999999999","0.5000000000000058","98.34087481146304","true","10.518000000000004","9.878000000000002","50","98.6","9","300","986","998","18","12","0","1","5","900","652","11","43","194","1","54","1.8","0","50","1000","1997","3.994","83","5.453412115703667","0","47.1","3.5585858585858587","10","700","18"
"1318","BA","1000","2","0.1","30","0.1","0.5","1","platform","targeted","70","5","95","95","1.819593335752306","75.84850988985465","75.84850988985465","fixed","1","1","50","2389","28","50","22649950","v2.0-design-v1.0","1.4000000000000057","0.8999999999999999","0.5000000000000058","96.57853810264385","true","9.870000000000003","9.228000000000002","50","98.6","9","300","986","996","18","10","0","2","6","900","621","22","52","205","2","74","1.8","0","50","1000","1997","3.994","72","5.057820236578744","0","42.7","3.603030303030303","10","700","18"
"1319","BA","1000","2","0.1","30","0.1","0.5","1","platform","targeted","70","5","95","95","1.819593335752306","75.84850988985465","75.84850988985465","fixed","1","1","50","2389","29","50","22649951","v2.0-design-v1.0","1.2999999999999972","1.2","0.0999999999999972","95.6661316211878","true","10.850000000000001","9.960000000000003","50","98.7","12","300","987","996","18","9","1","1","7","900","596","27","84","193","2","111","1.8","0","50","1000","1997","3.994","112","5.857497270530686","0","49.5","3.5343434343434343","10","700","18"
"1320","BA","1000","2","0.1","30","0.1","0.5","1","platform","targeted","70","5","95","95","1.819593335752306","75.84850988985465","75.84850988985465","fixed","1","1","50","2389","30","50","22649952","v2.0-design-v1.0","1.5999999999999943","1.2","0.39999999999999436","97.12121212121212","true","11.755999999999997","10.747999999999996","50","98.4","12","300","984","997","18","13","0","1","4","900","641","19","61","179","1","80","1.8","0","50","1000","1997","3.994","90","5.040373931502429","0","39.6","3.6343434343434344","10","700","18"
"1321","BA","1000","2","0.1","30","0.1","0.5","1","platform","targeted","70","5","95","95","46.95828121895208","61.51146268060309","61.51146268060309","fixed","1","1","50","2390","1","50","22650923","v2.0-design-v1.0","55.7","50.7","5","31.878965348950704","true","65.75200000000001","18.56","50","44.3","507","300","443","506","470","63","142","209","56","23500","3266","6979","11232","2023","351","18211","47","0","50","1000","1997","3.994","91","5.491823387921721","0","45.4","3.5757575757575757","10","700","470"
"1322","BA","1000","2","0.1","30","0.1","0.5","1","platform","targeted","70","5","95","95","46.95828121895208","61.51146268060309","61.51146268060309","fixed","1","1","50","2390","2","50","22650924","v2.0-design-v1.0","53.599999999999994","49.7","3.8999999999999915","33.500442347390155","true","63.22199999999999","16.468","50","46.400000000000006","497","300","464","547","470","83","129","198","60","23500","3408","6765","11099","2228","327","17864","47","0","50","1000","1997","3.994","69","5.368499304720521","0","47.2","3.5575757575757576","10","700","470"
"1323","BA","1000","2","0.1","30","0.1","0.5","1","platform","targeted","70","5","95","95","46.95828121895208","61.51146268060309","61.51146268060309","fixed","1","1","50","2390","3","50","22650925","v2.0-design-v1.0","51.5","48.3","3.200000000000003","32.668741489982494","true","62.06200000000003","16.772000000000002","50","48.5","483","300","485","575","470","90","128","201","51","23500","3359","6923","11093","2125","329","18016","47","0","50","1000","1997","3.994","88","5.68949332843745","0","48.9","3.54040404040404","10","700","470"
"1324","BA","1000","2","0.1","30","0.1","0.5","1","platform","targeted","70","5","95","95","46.95828121895208","61.51146268060309","61.51146268060309","fixed","1","1","50","2390","4","50","22650926","v2.0-design-v1.0","56.7","50.3","6.400000000000006","31.790333560245067","true","64.97399999999999","17.958","50","43.3","503","300","433","504","470","71","152","206","41","23500","3269","7014","11246","1971","358","18260","47","0","50","1000","1997","3.994","65","4.639988522991559","0","37.8","3.6525252525252525","10","700","470"
"1325","BA","1000","2","0.1","30","0.1","0.5","1","platform","targeted","70","5","95","95","46.95828121895208","61.51146268060309","61.51146268060309","fixed","1","1","50","2390","5","50","22650927","v2.0-design-v1.0","53.699999999999996","48.8","4.899999999999999","32.40104519500629","true","64.23799999999999","18.327999999999996","50","46.300000000000004","488","300","463","554","470","91","121","208","50","23500","3348","6985","11142","2025","329","18127","47","0","50","1000","1997","3.994","72","4.997092648224052","0","41","3.6202020202020204","10","700","470"
"1326","BA","1000","2","0.1","30","0.1","0.5","1","platform","targeted","70","5","95","95","46.95828121895208","61.51146268060309","61.51146268060309","fixed","1","1","50","2390","6","50","22650928","v2.0-design-v1.0","52.6","48.3","4.300000000000004","33.67524675827366","true","63.083999999999975","17.595999999999993","50","47.4","483","300","474","546","470","72","135","210","53","23500","3480","6854","10983","2183","345","17837","47","0","50","1000","1997","3.994","97","5.508203364465061","0","46","3.56969696969697","10","700","470"
"1327","BA","1000","2","0.1","30","0.1","0.5","1","platform","targeted","70","5","95","95","46.95828121895208","61.51146268060309","61.51146268060309","fixed","1","1","50","2390","7","50","22650929","v2.0-design-v1.0","54.8","48.4","6.399999999999999","31.818181818181817","true","63.404","17.872000000000003","50","45.2","484","300","452","534","470","82","150","201","37","23500","3290","7050","11095","2065","351","18145","47","0","50","1000","1997","3.994","72","5.2074063679610205","0","44.1","3.588888888888889","10","700","470"
"1328","BA","1000","2","0.1","30","0.1","0.5","1","platform","targeted","70","5","95","95","46.95828121895208","61.51146268060309","61.51146268060309","fixed","1","1","50","2390","8","50","22650930","v2.0-design-v1.0","53.9","49.3","4.600000000000001","32.92978208232446","true","64.49600000000001","18.059999999999995","50","46.1","493","300","461","523","470","62","130","221","57","23500","3400","6925","11080","2095","351","18005","47","0","50","1000","1997","3.994","86","5.459282715500975","0","46.9","3.5606060606060606","10","700","470"
"1329","BA","1000","2","0.1","30","0.1","0.5","1","platform","targeted","70","5","95","95","46.95828121895208","61.51146268060309","61.51146268060309","fixed","1","1","50","2390","9","50","22650931","v2.0-design-v1.0","57.1","51.800000000000004","5.299999999999997","32.49756097560976","true","65.23200000000001","16.86","50","42.9","518","300","429","499","470","70","131","221","48","23500","3331","6919","11155","2095","352","18074","47","0","50","1000","1997","3.994","78","5.15621475023592","0","43.1","3.598989898989899","10","700","470"
"1330","BA","1000","2","0.1","30","0.1","0.5","1","platform","targeted","70","5","95","95","46.95828121895208","61.51146268060309","61.51146268060309","fixed","1","1","50","2390","10","50","22650932","v2.0-design-v1.0","55.8","51.5","4.299999999999997","32.69044388447374","true","65.15400000000001","16.967999999999996","50","44.2","515","300","442","520","470","78","142","199","51","23500","3373","6945","11094","2088","341","18039","47","0","50","1000","1997","3.994","93","5.109409953220621","0","41.7","3.613131313131313","10","700","470"
"1331","BA","1000","2","0.1","30","0.1","0.5","1","platform","targeted","70","5","95","95","46.95828121895208","61.51146268060309","61.51146268060309","fixed","1","1","50","2390","11","50","22650933","v2.0-design-v1.0","59.2","50.9","8.300000000000004","30.959036144578313","true","67.244","19.438000000000002","50","40.8","509","300","408","478","470","70","136","223","41","23500","3212","7163","11159","1966","359","18322","47","0","50","1000","1997","3.994","79","5.11215200264018","0","40.3","3.6272727272727274","10","700","470"
"1332","BA","1000","2","0.1","30","0.1","0.5","1","platform","targeted","70","5","95","95","46.95828121895208","61.51146268060309","61.51146268060309","fixed","1","1","50","2390","12","50","22650934","v2.0-design-v1.0","56.4","49.9","6.5","33.3140710777232","true","63.83600000000001","16.976000000000003","50","43.6","499","300","436","525","470","89","127","211","43","23500","3459","6924","10954","2163","338","17878","47","0","50","1000","1997","3.994","122","5.931538345753779","0","48.5","3.5444444444444443","10","700","470"
"1333","BA","1000","2","0.1","30","0.1","0.5","1","platform","targeted","70","5","95","95","46.95828121895208","61.51146268060309","61.51146268060309","fixed","1","1","50","2390","13","50","22650935","v2.0-design-v1.0","55.8","52","3.799999999999997","33.708414872798436","true","64.08","15.654000000000007","50","44.2","520","300","442","510","470","68","129","225","48","23500","3445","6775","11129","2151","354","17904","47","0","50","1000","1997","3.994","65","4.741143579606331","0","37.2","3.6585858585858584","10","700","470"
"1334","BA","1000","2","0.1","30","0.1","0.5","1","platform","targeted","70","5","95","95","46.95828121895208","61.51146268060309","61.51146268060309","fixed","1","1","50","2390","14","50","22650936","v2.0-design-v1.0","56.2","51.1","5.100000000000001","31.2745483110762","true","65.662","17.496000000000002","50","43.8","511","300","438","512","470","74","129","214","53","23500","3185","6999","11275","2041","343","18274","47","0","50","1000","1997","3.994","69","4.881782030754311","0","40.8","3.6222222222222222","10","700","470"
"1335","BA","1000","2","0.1","30","0.1","0.5","1","platform","targeted","70","5","95","95","46.95828121895208","61.51146268060309","61.51146268060309","fixed","1","1","50","2390","15","50","22650937","v2.0-design-v1.0","54","47.5","6.5","32.355470616340185","true","62.394000000000005","17.998","50","46","475","300","460","554","470","94","134","197","45","23500","3386","7079","11022","2013","331","18101","47","0","50","1000","1997","3.994","87","5.452494263517717","0","44.7","3.5828282828282827","10","700","470"
"1336","BA","1000","2","0.1","30","0.1","0.5","1","platform","targeted","70","5","95","95","46.95828121895208","61.51146268060309","61.51146268060309","fixed","1","1","50","2390","16","50","22650938","v2.0-design-v1.0","52.900000000000006","49.4","3.500000000000007","32.31784224313573","true","64.06800000000003","17.54","50","47.099999999999994","494","300","471","549","470","78","126","209","57","23500","3331","6976","11159","2034","335","18135","47","0","50","1000","1997","3.994","111","5.8995566586625","0","47.5","3.5545454545454547","10","700","470"
"1337","BA","1000","2","0.1","30","0.1","0.5","1","platform","targeted","70","5","95","95","46.95828121895208","61.51146268060309","61.51146268060309","fixed","1","1","50","2390","17","50","22650939","v2.0-design-v1.0","53.5","49.2","4.299999999999997","33.27155676941085","true","63.668","17.555999999999997","50","46.5","492","300","465","536","470","71","132","206","61","23500","3411","6841","11108","2140","338","17949","47","0","50","1000","1997","3.994","110","5.9279933455685825","0","50.2","3.5272727272727273","10","700","470"
"1338","BA","1000","2","0.1","30","0.1","0.5","1","platform","targeted","70","5","95","95","46.95828121895208","61.51146268060309","61.51146268060309","fixed","1","1","50","2390","18","50","22650940","v2.0-design-v1.0","56.3","50.8","5.5","32.14846818538884","true","65.882","18.468000000000004","50","43.7","508","300","437","515","470","78","130","218","44","23500","3274","6910","11205","2111","348","18115","47","0","50","1000","1997","3.994","101","5.556333038689886","0","46","3.56969696969697","10","700","470"
"1339","BA","1000","2","0.1","30","0.1","0.5","1","platform","targeted","70","5","95","95","46.95828121895208","61.51146268060309","61.51146268060309","fixed","1","1","50","2390","19","50","22650941","v2.0-design-v1.0","61","53.1","7.899999999999999","30.794277257030096","true","68.874","19.616000000000003","50","39","531","300","390","468","470","78","150","201","41","23500","3121","7014","11444","1921","351","18458","47","0","50","1000","1997","3.994","64","4.630270338047584","0","38.8","3.6424242424242426","10","700","470"
"1340","BA","1000","2","0.1","30","0.1","0.5","1","platform","targeted","70","5","95","95","46.95828121895208","61.51146268060309","61.51146268060309","fixed","1","1","50","2390","20","50","22650942","v2.0-design-v1.0","56.3","50.2","6.099999999999994","31.70779475127301","true","64.74800000000003","17.814","50","43.7","502","300","437","510","470","73","132","220","45","23500","3238","6974","11209","2079","352","18183","47","0","50","1000","1997","3.994","61","5.114109709237568","0","43.6","3.5939393939393938","10","700","470"
"1341","BA","1000","2","0.1","30","0.1","0.5","1","platform","targeted","70","5","95","95","46.95828121895208","61.51146268060309","61.51146268060309","fixed","1","1","50","2390","21","50","22650943","v2.0-design-v1.0","58.7","50.8","7.900000000000006","33.009614450810915","true","64.94000000000001","17.54","50","41.3","508","300","413","492","470","79","128","228","35","23500","3399","6898","11132","2071","356","18030","47","0","50","1000","1997","3.994","82","5.278999131637714","0","44.6","3.583838383838384","10","700","470"
"1342","BA","1000","2","0.1","30","0.1","0.5","1","platform","targeted","70","5","95","95","46.95828121895208","61.51146268060309","61.51146268060309","fixed","1","1","50","2390","22","50","22650944","v2.0-design-v1.0","55.199999999999996","51","4.199999999999996","33.46345271786865","true","64.58999999999997","16.932000000000002","50","44.800000000000004","510","300","448","523","470","75","118","213","64","23500","3429","6818","10961","2292","331","17779","47","0","50","1000","1997","3.994","88","5.271978542991013","0","43.8","3.591919191919192","10","700","470"
"1343","BA","1000","2","0.1","30","0.1","0.5","1","platform","targeted","70","5","95","95","46.95828121895208","61.51146268060309","61.51146268060309","fixed","1","1","50","2390","23","50","22650945","v2.0-design-v1.0","51.5","50","1.5","34.31580981832238","true","60.896000000000015","13.825999999999999","50","48.5","500","300","485","564","470","79","133","204","54","23500","3551","6797","10875","2277","337","17672","47","0","50","1000","1997","3.994","91","5.7296415937467415","0","48.2","3.5474747474747477","10","700","470"
"1344","BA","1000","2","0.1","30","0.1","0.5","1","platform","targeted","70","5","95","95","46.95828121895208","61.51146268060309","61.51146268060309","fixed","1","1","50","2390","24","50","22650946","v2.0-design-v1.0","56.2","49.4","6.800000000000004","30.97570532915361","true","65.694","19.342000000000006","50","43.8","494","300","438","521","470","83","129","211","47","23500","3162","7046","11293","1999","340","18339","47","0","50","1000","1997","3.994","65","4.728247066336554","0","37.2","3.6585858585858584","10","700","470"
"1345","BA","1000","2","0.1","30","0.1","0.5","1","platform","targeted","70","5","95","95","46.95828121895208","61.51146268060309","61.51146268060309","fixed","1","1","50","2390","25","50","22650947","v2.0-design-v1.0","57.800000000000004","50","7.800000000000004","31.775061124694375","true","66.834","20.177999999999994","50","42.199999999999996","500","300","422","496","470","74","129","218","49","23500","3249","6976","11232","2043","347","18208","47","0","50","1000","1997","3.994","73","5.1987489832642355","0","43.5","3.594949494949495","10","700","470"
"1346","BA","1000","2","0.1","30","0.1","0.5","1","platform","targeted","70","5","95","95","46.95828121895208","61.51146268060309","61.51146268060309","fixed","1","1","50","2390","26","50","22650948","v2.0-design-v1.0","56.2","50.7","5.5","32.142857142857146","true","65.07000000000001","17.374","50","43.8","507","300","438","501","470","63","139","224","44","23500","3294","6954","11180","2072","363","18134","47","0","50","1000","1997","3.994","89","5.175011569527613","0","41.8","3.6121212121212123","10","700","470"
"1347","BA","1000","2","0.1","30","0.1","0.5","1","platform","targeted","70","5","95","95","46.95828121895208","61.51146268060309","61.51146268060309","fixed","1","1","50","2390","27","50","22650949","v2.0-design-v1.0","51.7","47.8","3.9000000000000057","32.49097472924188","true","62.65599999999999","17.606","50","48.3","478","300","483","568","470","85","111","215","59","23500","3330","6919","11223","2028","326","18142","47","0","50","1000","1997","3.994","77","5.225061269044141","0","43","3.6","10","700","470"
"1348","BA","1000","2","0.1","30","0.1","0.5","1","platform","targeted","70","5","95","95","46.95828121895208","61.51146268060309","61.51146268060309","fixed","1","1","50","2390","28","50","22650950","v2.0-design-v1.0","55.199999999999996","51.300000000000004","3.8999999999999915","32.06873250313737","true","65.09599999999999","17.235999999999997","50","44.800000000000004","513","300","448","519","470","71","138","204","57","23500","3322","7037","11142","1999","342","18179","47","0","50","1000","1997","3.994","67","5.187376299524912","0","43.6","3.5939393939393938","10","700","470"
"1349","BA","1000","2","0.1","30","0.1","0.5","1","platform","targeted","70","5","95","95","46.95828121895208","61.51146268060309","61.51146268060309","fixed","1","1","50","2390","29","50","22650951","v2.0-design-v1.0","57.800000000000004","50.6","7.200000000000003","31.02908058356996","true","67.06800000000001","19.714","50","42.199999999999996","506","300","422","483","470","61","139","219","51","23500","3169","7044","11326","1961","358","18370","47","0","50","1000","1997","3.994","100","5.087617109005724","0","39.6","3.6343434343434344","10","700","470"
"1350","BA","1000","2","0.1","30","0.1","0.5","1","platform","targeted","70","5","95","95","46.95828121895208","61.51146268060309","61.51146268060309","fixed","1","1","50","2390","30","50","22650952","v2.0-design-v1.0","52.5","46.800000000000004","5.699999999999996","31.58839648492866","true","62.17199999999997","17.977999999999998","50","47.5","468","300","475","556","470","81","142","195","52","23500","3343","7240","10848","2069","337","18088","47","0","50","1000","1997","3.994","77","5.32243292980684","0","44.9","3.580808080808081","10","700","470"
"1351","BA","1000","2","0.1","30","0.1","0.5","1","platform","targeted","70","5","95","95","23.84743217319084","92.61844834935494","92.61844834935494","fixed","1","1","50","2391","1","50","22651923","v2.0-design-v1.0","50.9","24.7","26.2","80.96330275229357","true","58.946000000000005","42.332","50","49.1","247","300","491","552","238","61","19","149","9","11900","2824","664","8176","236","168","8840","23.8","0","50","1000","1997","3.994","77","5.316787773856707","0","45.1","3.5787878787878786","10","700","238"
"1352","BA","1000","2","0.1","30","0.1","0.5","1","platform","targeted","70","5","95","95","23.84743217319084","92.61844834935494","92.61844834935494","fixed","1","1","50","2391","2","50","22651924","v2.0-design-v1.0","49.1","24.099999999999998","25.000000000000004","82.25538971807629","true","56.762","39.681999999999995","50","50.9","241","300","509","572","238","63","11","160","4","11900","2976","642","8071","211","171","8713","23.8","0","50","1000","1997","3.994","86","5.214321926497542","0","42.4","3.606060606060606","10","700","238"
"1353","BA","1000","2","0.1","30","0.1","0.5","1","platform","targeted","70","5","95","95","23.84743217319084","92.61844834935494","92.61844834935494","fixed","1","1","50","2391","3","50","22651925","v2.0-design-v1.0","52.400000000000006","24.4","28.000000000000007","80.95098326973877","true","61.53600000000002","44.751999999999995","50","47.599999999999994","244","300","476","543","238","67","17","146","8","11900","2758","649","8260","233","163","8909","23.8","0","50","1000","1997","3.994","84","5.532501475153213","0","49","3.5393939393939395","10","700","238"
"1354","BA","1000","2","0.1","30","0.1","0.5","1","platform","targeted","70","5","95","95","23.84743217319084","92.61844834935494","92.61844834935494","fixed","1","1","50","2391","4","50","22651926","v2.0-design-v1.0","54.8","24.4","30.4","79.91097922848664","true","61.75000000000002","44.58800000000001","50","45.2","244","300","452","514","238","62","6","163","7","11900","2693","677","8329","201","169","9006","23.8","0","50","1000","1997","3.994","62","4.761368987448311","0","38.8","3.6424242424242426","10","700","238"
"1355","BA","1000","2","0.1","30","0.1","0.5","1","platform","targeted","70","5","95","95","23.84743217319084","92.61844834935494","92.61844834935494","fixed","1","1","50","2391","5","50","22651927","v2.0-design-v1.0","53","23.799999999999997","29.200000000000003","81.01907032181168","true","61.529999999999994","44.37999999999999","50","47","238","300","470","535","238","65","10","157","6","11900","2719","637","8321","223","167","8958","23.8","0","50","1000","1997","3.994","67","4.765361756747603","0","39.1","3.639393939393939","10","700","238"
"1356","BA","1000","2","0.1","30","0.1","0.5","1","platform","targeted","70","5","95","95","23.84743217319084","92.61844834935494","92.61844834935494","fixed","1","1","50","2391","6","50","22651928","v2.0-design-v1.0","50.6","24.7","25.900000000000002","79.67128027681662","true","58.81399999999999","41.65000000000002","50","49.4","247","300","494","558","238","64","12","160","2","11900","2763","705","8228","204","172","8933","23.8","0","50","1000","1997","3.994","125","6.40398118165375","0","48.4","3.5454545454545454","10","700","238"
"1357","BA","1000","2","0.1","30","0.1","0.5","1","platform","targeted","70","5","95","95","23.84743217319084","92.61844834935494","92.61844834935494","fixed","1","1","50","2391","7","50","22651929","v2.0-design-v1.0","51.800000000000004","25","26.800000000000004","81.11826697892272","true","60.72400000000002","42.923999999999985","50","48.199999999999996","250","300","482","538","238","56","13","163","6","11900","2771","645","8229","255","176","8874","23.8","0","50","1000","1997","3.994","88","5.21489780908112","0","41.9","3.611111111111111","10","700","238"
"1358","BA","1000","2","0.1","30","0.1","0.5","1","platform","targeted","70","5","95","95","23.84743217319084","92.61844834935494","92.61844834935494","fixed","1","1","50","2391","8","50","22651930","v2.0-design-v1.0","50.6","25.4","25.200000000000003","79.80990783410138","true","58.85399999999998","40.94399999999999","50","49.4","254","300","494","547","238","53","15","167","3","11900","2771","701","8188","240","182","8889","23.8","0","50","1000","1997","3.994","70","5.1099976591067025","0","43.7","3.592929292929293","10","700","238"
"1359","BA","1000","2","0.1","30","0.1","0.5","1","platform","targeted","70","5","95","95","23.84743217319084","92.61844834935494","92.61844834935494","fixed","1","1","50","2391","9","50","22651931","v2.0-design-v1.0","53.699999999999996","25","28.699999999999996","79.60665658093798","true","62.09600000000001","44.306000000000004","50","46.300000000000004","250","300","463","518","238","55","8","168","7","11900","2631","674","8417","178","176","9091","23.8","0","50","1000","1997","3.994","77","5.291688385191051","0","42.5","3.605050505050505","10","700","238"
"1360","BA","1000","2","0.1","30","0.1","0.5","1","platform","targeted","70","5","95","95","23.84743217319084","92.61844834935494","92.61844834935494","fixed","1","1","50","2391","10","50","22651932","v2.0-design-v1.0","51.7","25.1","26.6","80.14163470050161","true","59.885999999999996","42.666000000000004","50","48.3","251","300","483","549","238","66","17","150","5","11900","2716","673","8299","212","167","8972","23.8","0","50","1000","1997","3.994","107","5.520909747898832","0","43.9","3.590909090909091","10","700","238"
"1361","BA","1000","2","0.1","30","0.1","0.5","1","platform","targeted","70","5","95","95","23.84743217319084","92.61844834935494","92.61844834935494","fixed","1","1","50","2391","11","50","22651933","v2.0-design-v1.0","51.6","25.2","26.400000000000002","81.30287648054146","true","59.202","41.446000000000005","50","48.4","252","300","484","552","238","68","7","160","3","11900","2883","663","8133","221","167","8796","23.8","0","50","1000","1997","3.994","66","4.859380369715617","0","41.6","3.614141414141414","10","700","238"
"1362","BA","1000","2","0.1","30","0.1","0.5","1","platform","targeted","70","5","95","95","23.84743217319084","92.61844834935494","92.61844834935494","fixed","1","1","50","2391","12","50","22651934","v2.0-design-v1.0","54.5","25.4","29.1","79.06295754026354","true","60.854","42.885999999999996","50","45.5","254","300","455","511","238","56","14","164","4","11900","2700","715","8285","200","178","9000","23.8","0","50","1000","1997","3.994","78","5.286010395932437","0","44.5","3.584848484848485","10","700","238"
"1363","BA","1000","2","0.1","30","0.1","0.5","1","platform","targeted","70","5","95","95","23.84743217319084","92.61844834935494","92.61844834935494","fixed","1","1","50","2391","13","50","22651935","v2.0-design-v1.0","56.2","24.8","31.400000000000002","79.89515880357693","true","62.98199999999998","45.68599999999999","50","43.8","248","300","438","486","238","48","13","173","4","11900","2591","652","8458","199","186","9110","23.8","0","50","1000","1997","3.994","86","5.226976686889392","0","43.4","3.595959595959596","10","700","238"
"1364","BA","1000","2","0.1","30","0.1","0.5","1","platform","targeted","70","5","95","95","23.84743217319084","92.61844834935494","92.61844834935494","fixed","1","1","50","2391","14","50","22651936","v2.0-design-v1.0","53.8","25.5","28.299999999999997","79.92533026995979","true","61.472000000000016","44.14200000000002","50","46.2","255","300","462","520","238","58","19","159","2","11900","2783","699","8186","232","178","8885","23.8","0","50","1000","1997","3.994","58","4.509578727586447","0","33.7","3.693939393939394","10","700","238"
"1365","BA","1000","2","0.1","30","0.1","0.5","1","platform","targeted","70","5","95","95","23.84743217319084","92.61844834935494","92.61844834935494","fixed","1","1","50","2391","15","50","22651937","v2.0-design-v1.0","51.4","26.900000000000002","24.499999999999996","80.17341040462428","true","59.443999999999996","40.746","50","48.6","269","300","486","543","238","57","11","161","9","11900","2774","686","8222","218","172","8908","23.8","0","50","1000","1997","3.994","97","5.38989935110248","0","43.7","3.592929292929293","10","700","238"
"1366","BA","1000","2","0.1","30","0.1","0.5","1","platform","targeted","70","5","95","95","23.84743217319084","92.61844834935494","92.61844834935494","fixed","1","1","50","2391","16","50","22651938","v2.0-design-v1.0","52.1","25.4","26.700000000000003","81.75734652313064","true","60.22999999999998","43.07","50","47.9","254","300","479","540","238","61","11","160","6","11900","2810","627","8264","199","171","8891","23.8","0","50","1000","1997","3.994","62","4.697236211649137","0","37.3","3.6575757575757577","10","700","238"
"1367","BA","1000","2","0.1","30","0.1","0.5","1","platform","targeted","70","5","95","95","23.84743217319084","92.61844834935494","92.61844834935494","fixed","1","1","50","2391","17","50","22651939","v2.0-design-v1.0","52","25.7","26.3","79.34621099554235","true","60.228","42.776","50","48","257","300","480","538","238","58","17","158","5","11900","2670","695","8334","201","175","9029","23.8","0","50","1000","1997","3.994","128","6.035096220143195","0","45.7","3.5727272727272728","10","700","238"
"1368","BA","1000","2","0.1","30","0.1","0.5","1","platform","targeted","70","5","95","95","23.84743217319084","92.61844834935494","92.61844834935494","fixed","1","1","50","2391","18","50","22651940","v2.0-design-v1.0","52.5","24.3","28.2","80.40303738317756","true","60.464000000000006","43.099999999999994","50","47.5","243","300","475","537","238","62","14","157","5","11900","2753","671","8266","210","171","8937","23.8","0","50","1000","1997","3.994","65","4.890591158733452","0","38","3.6505050505050507","10","700","238"
"1369","BA","1000","2","0.1","30","0.1","0.5","1","platform","targeted","70","5","95","95","23.84743217319084","92.61844834935494","92.61844834935494","fixed","1","1","50","2391","19","50","22651941","v2.0-design-v1.0","50.4","23.9","26.5","80.94678035871803","true","58.584","42.08799999999999","50","49.6","239","300","496","556","238","60","11","166","1","11900","2753","648","8304","195","177","8952","23.8","0","50","1000","1997","3.994","85","5.57198447691762","0","48","3.5494949494949495","10","700","238"
"1370","BA","1000","2","0.1","30","0.1","0.5","1","platform","targeted","70","5","95","95","23.84743217319084","92.61844834935494","92.61844834935494","fixed","1","1","50","2391","20","50","22651942","v2.0-design-v1.0","50","23.599999999999998","26.400000000000002","79.47307469600463","true","57.88000000000002","40.866","50","50","236","300","500","566","238","66","10","161","1","11900","2745","709","8225","221","171","8934","23.8","0","50","1000","1997","3.994","81","4.835426076918687","0","38.6","3.6444444444444444","10","700","238"
"1371","BA","1000","2","0.1","30","0.1","0.5","1","platform","targeted","70","5","95","95","23.84743217319084","92.61844834935494","92.61844834935494","fixed","1","1","50","2391","21","50","22651943","v2.0-design-v1.0","49.6","22.8","26.8","81.8962962962963","true","59.364000000000004","42.702000000000005","50","50.4","228","300","504","568","238","64","5","166","3","11900","2764","611","8324","201","171","8935","23.8","0","50","1000","1997","3.994","101","5.378186394026226","0","41.5","3.6151515151515152","10","700","238"
"1372","BA","1000","2","0.1","30","0.1","0.5","1","platform","targeted","70","5","95","95","23.84743217319084","92.61844834935494","92.61844834935494","fixed","1","1","50","2391","22","50","22651944","v2.0-design-v1.0","56.6","25.8","30.8","78.76712328767124","true","64.12800000000001","45.894000000000005","50","43.4","258","300","434","495","238","61","18","156","3","11900","2530","682","8467","221","174","9149","23.8","0","50","1000","1997","3.994","80","5.383581238074413","0","45.8","3.5717171717171716","10","700","238"
"1373","BA","1000","2","0.1","30","0.1","0.5","1","platform","targeted","70","5","95","95","23.84743217319084","92.61844834935494","92.61844834935494","fixed","1","1","50","2391","23","50","22651945","v2.0-design-v1.0","51.4","23.799999999999997","27.6","81.90058479532163","true","60.38800000000001","43.55599999999998","50","48.6","238","300","486","547","238","61","10","165","2","11900","2801","619","8260","220","175","8879","23.8","0","50","1000","1997","3.994","83","5.40640298102103","0","47.5","3.5545454545454547","10","700","238"
"1374","BA","1000","2","0.1","30","0.1","0.5","1","platform","targeted","70","5","95","95","23.84743217319084","92.61844834935494","92.61844834935494","fixed","1","1","50","2391","24","50","22651946","v2.0-design-v1.0","51.7","24.2","27.500000000000004","81.63800641212474","true","60.51399999999998","44.233999999999995","50","48.3","242","300","483","538","238","55","7","169","7","11900","2801","630","8222","247","176","8852","23.8","0","50","1000","1997","3.994","99","5.547859293704437","0","43.5","3.594949494949495","10","700","238"
"1375","BA","1000","2","0.1","30","0.1","0.5","1","platform","targeted","70","5","95","95","23.84743217319084","92.61844834935494","92.61844834935494","fixed","1","1","50","2391","25","50","22651947","v2.0-design-v1.0","52.6","24.8","27.8","79.24139958835636","true","60.33599999999999","42.343999999999994","50","47.4","248","300","474","548","238","74","13","143","8","11900","2695","706","8269","230","156","8975","23.8","0","50","1000","1997","3.994","105","5.664631678410517","0","44.7","3.5828282828282827","10","700","238"
"1376","BA","1000","2","0.1","30","0.1","0.5","1","platform","targeted","70","5","95","95","23.84743217319084","92.61844834935494","92.61844834935494","fixed","1","1","50","2391","26","50","22651948","v2.0-design-v1.0","49.4","24","25.4","81.37829912023462","true","58.303999999999995","41.96999999999999","50","50.6","240","300","506","563","238","57","15","159","7","11900","2775","635","8276","214","174","8911","23.8","0","50","1000","1997","3.994","68","5.228699963021705","0","44.8","3.581818181818182","10","700","238"
"1377","BA","1000","2","0.1","30","0.1","0.5","1","platform","targeted","70","5","95","95","23.84743217319084","92.61844834935494","92.61844834935494","fixed","1","1","50","2391","27","50","22651949","v2.0-design-v1.0","50.8","23.7","27.099999999999998","82.45206275421266","true","58.29999999999998","42.05200000000001","50","49.2","237","300","492","558","238","66","11","157","4","11900","2838","604","8204","254","168","8808","23.8","0","50","1000","1997","3.994","85","5.238645569935734","0","41.7","3.613131313131313","10","700","238"
"1378","BA","1000","2","0.1","30","0.1","0.5","1","platform","targeted","70","5","95","95","23.84743217319084","92.61844834935494","92.61844834935494","fixed","1","1","50","2391","28","50","22651950","v2.0-design-v1.0","52.1","24.8","27.3","79.65355255431591","true","59.83800000000001","42.174","50","47.9","248","300","479","538","238","59","7","164","8","11900","2713","693","8275","219","171","8968","23.8","0","50","1000","1997","3.994","66","5.126621328540478","0","42.6","3.604040404040404","10","700","238"
"1379","BA","1000","2","0.1","30","0.1","0.5","1","platform","targeted","70","5","95","95","23.84743217319084","92.61844834935494","92.61844834935494","fixed","1","1","50","2391","29","50","22651951","v2.0-design-v1.0","49.6","25.7","23.900000000000002","80.33850493653031","true","57.26199999999998","39.208","50","50.4","257","300","504","566","238","62","18","153","5","11900","2848","697","8144","211","171","8841","23.8","0","50","1000","1997","3.994","111","5.953604740777618","0","49.2","3.5373737373737373","10","700","238"
"1381","BA","1000","2","0.1","30","0.1","0.5","1","platform","targeted","70","5","95","95","84.83152282943803","86.81213668338907","86.81213668338907","fixed","1","1","50","2392","1","50","22652923","v2.0-design-v1.0","100","99.7","0.29999999999999716","7.4676959221345856","true","99.656","17.922000000000008","50","0","997","300","0","0","848","0","131","717","0","42400","445","5514","36368","73","848","41882","84.8","0","50","1000","1997","3.994","58","4.800938763722451","0","38.3","3.6474747474747473","10","700","848"
"1380","BA","1000","2","0.1","30","0.1","0.5","1","platform","targeted","70","5","95","95","23.84743217319084","92.61844834935494","92.61844834935494","fixed","1","1","50","2391","30","50","22651952","v2.0-design-v1.0","53.3","25.5","27.799999999999997","79.28275044457617","true","61.38600000000001","43.826000000000015","50","46.7","255","300","467","539","238","72","12","151","3","11900","2675","699","8314","212","163","9013","23.8","0","50","1000","1997","3.994","75","5.287714432902355","0","44.2","3.587878787878788","10","700","238"
"1382","BA","1000","2","0.1","30","0.1","0.5","1","platform","targeted","70","5","95","95","84.83152282943803","86.81213668338907","86.81213668338907","fixed","1","1","50","2392","2","50","22652924","v2.0-design-v1.0","100","99.5","0.5","7.004149377593361","true","99.704","16.826","50","0","995","300","0","0","848","0","108","740","0","42400","422","5603","36298","77","848","41901","84.8","0","50","1000","1997","3.994","60","5.018081819295604","0","41.4","3.6161616161616164","10","700","848"
"1383","BA","1000","2","0.1","30","0.1","0.5","1","platform","targeted","70","5","95","95","84.83152282943803","86.81213668338907","86.81213668338907","fixed","1","1","50","2392","3","50","22652925","v2.0-design-v1.0","100","99.8","0.20000000000000284","7.1046472751588094","true","99.704","17.09","50","0","998","300","0","0","848","0","104","744","0","42400","425","5557","36353","65","848","41910","84.8","0","50","1000","1997","3.994","69","5.107058453360989","0","43","3.6","10","700","848"
"1384","BA","1000","2","0.1","30","0.1","0.5","1","platform","targeted","70","5","95","95","84.83152282943803","86.81213668338907","86.81213668338907","fixed","1","1","50","2392","4","50","22652926","v2.0-design-v1.0","100","99.4","0.5999999999999943","7.279175814896133","true","99.68","17.073999999999998","50","0","994","300","0","0","848","0","118","730","0","42400","431","5490","36411","68","848","41901","84.8","0","50","1000","1997","3.994","125","5.617073572200694","0","42.9","3.601010101010101","10","700","848"
"1385","BA","1000","2","0.1","30","0.1","0.5","1","platform","targeted","70","5","95","95","84.83152282943803","86.81213668338907","86.81213668338907","fixed","1","1","50","2392","5","50","22652927","v2.0-design-v1.0","100","99.3","0.7000000000000028","7.098191651174582","true","99.64","17.864000000000004","50","0","993","300","0","0","848","0","111","737","0","42400","420","5497","36394","89","848","41891","84.8","0","50","1000","1997","3.994","127","5.786142362873854","0","42.8","3.602020202020202","10","700","848"
"1386","BA","1000","2","0.1","30","0.1","0.5","1","platform","targeted","70","5","95","95","84.83152282943803","86.81213668338907","86.81213668338907","fixed","1","1","50","2392","6","50","22652928","v2.0-design-v1.0","100","99.8","0.20000000000000284","6.8121693121693125","true","99.73","17.056000000000008","50","0","998","300","0","0","848","0","113","735","0","42400","412","5636","36308","44","848","41944","84.8","0","50","1000","1997","3.994","132","6.329773300050355","0","49.5","3.5343434343434343","10","700","848"
"1387","BA","1000","2","0.1","30","0.1","0.5","1","platform","targeted","70","5","95","95","84.83152282943803","86.81213668338907","86.81213668338907","fixed","1","1","50","2392","7","50","22652929","v2.0-design-v1.0","100","99.5","0.5","7.376640637979731","true","99.66799999999999","17.666000000000004","50","0","995","300","0","0","848","0","131","717","0","42400","444","5575","36300","81","848","41875","84.8","0","50","1000","1997","3.994","64","4.991881697604896","0","41.4","3.6161616161616164","10","700","848"
"1388","BA","1000","2","0.1","30","0.1","0.5","1","platform","targeted","70","5","95","95","84.83152282943803","86.81213668338907","86.81213668338907","fixed","1","1","50","2392","8","50","22652930","v2.0-design-v1.0","100","99.4","0.5999999999999943","7.100491442128452","true","99.66799999999999","17.936","50","0","994","300","0","0","848","0","106","742","0","42400","419","5482","36423","76","848","41905","84.8","0","50","1000","1997","3.994","68","5.108626240200194","0","44.1","3.588888888888889","10","700","848"
"1389","BA","1000","2","0.1","30","0.1","0.5","1","platform","targeted","70","5","95","95","84.83152282943803","86.81213668338907","86.81213668338907","fixed","1","1","50","2392","9","50","22652931","v2.0-design-v1.0","100","99.7","0.29999999999999716","7.264814194844325","true","99.686","16.896","50","0","997","300","0","0","848","0","116","732","0","42400","434","5540","36355","71","848","41895","84.8","0","50","1000","1997","3.994","115","5.972238410481615","0","49.1","3.5383838383838384","10","700","848"
"1390","BA","1000","2","0.1","30","0.1","0.5","1","platform","targeted","70","5","95","95","84.83152282943803","86.81213668338907","86.81213668338907","fixed","1","1","50","2392","10","50","22652932","v2.0-design-v1.0","100","99.6","0.4000000000000057","6.513535684987695","true","99.728","16.764","50","0","996","300","0","0","848","0","104","744","0","42400","397","5698","36244","61","848","41942","84.8","0","50","1000","1997","3.994","66","5.084861828980191","0","44.3","3.5868686868686868","10","700","848"
"1391","BA","1000","2","0.1","30","0.1","0.5","1","platform","targeted","70","5","95","95","84.83152282943803","86.81213668338907","86.81213668338907","fixed","1","1","50","2392","11","50","22652933","v2.0-design-v1.0","100","99.3","0.7000000000000028","7.552770448548812","true","99.66","17.586","50","0","993","300","0","0","848","0","110","738","0","42400","458","5606","36262","74","848","41868","84.8","0","50","1000","1997","3.994","129","6.172524934260245","0","49.5","3.5343434343434343","10","700","848"
"1392","BA","1000","2","0.1","30","0.1","0.5","1","platform","targeted","70","5","95","95","84.83152282943803","86.81213668338907","86.81213668338907","fixed","1","1","50","2392","12","50","22652934","v2.0-design-v1.0","100","99.8","0.20000000000000284","7.4566571284295575","true","99.66","16.974","50","0","998","300","0","0","848","0","110","738","0","42400","443","5498","36394","65","848","41892","84.8","0","50","1000","1997","3.994","85","5.426546914144511","0","44.1","3.588888888888889","10","700","848"
"1393","BA","1000","2","0.1","30","0.1","0.5","1","platform","targeted","70","5","95","95","84.83152282943803","86.81213668338907","86.81213668338907","fixed","1","1","50","2392","13","50","22652935","v2.0-design-v1.0","100","99.6","0.4000000000000057","7.615950710251583","true","99.678","17.304000000000002","50","0","996","300","0","0","848","0","105","743","0","42400","445","5398","36488","69","848","41886","84.8","0","50","1000","1997","3.994","81","5.408624336854719","0","45","3.5797979797979798","10","700","848"
"1394","BA","1000","2","0.1","30","0.1","0.5","1","platform","targeted","70","5","95","95","84.83152282943803","86.81213668338907","86.81213668338907","fixed","1","1","50","2392","14","50","22652936","v2.0-design-v1.0","100","99.8","0.20000000000000284","7.159391534391535","true","99.666","16.158","50","0","998","300","0","0","848","0","112","736","0","42400","433","5615","36284","68","848","41899","84.8","0","50","1000","1997","3.994","60","4.880346481734843","0","40.2","3.628282828282828","10","700","848"
"1395","BA","1000","2","0.1","30","0.1","0.5","1","platform","targeted","70","5","95","95","84.83152282943803","86.81213668338907","86.81213668338907","fixed","1","1","50","2392","15","50","22652937","v2.0-design-v1.0","100","99.5","0.5","7.144060657118787","true","99.712","17.486","50","0","995","300","0","0","848","0","109","739","0","42400","424","5511","36411","54","848","41922","84.8","0","50","1000","1997","3.994","90","5.603156196230767","0","48.4","3.5454545454545454","10","700","848"
"1396","BA","1000","2","0.1","30","0.1","0.5","1","platform","targeted","70","5","95","95","84.83152282943803","86.81213668338907","86.81213668338907","fixed","1","1","50","2392","16","50","22652938","v2.0-design-v1.0","100","99.7","0.29999999999999716","6.768414067684141","true","99.66","17.092","50","0","997","300","0","0","848","0","112","736","0","42400","408","5620","36300","72","848","41920","84.8","0","50","1000","1997","3.994","82","5.109997659106702","0","40.9","3.621212121212121","10","700","848"
"1397","BA","1000","2","0.1","30","0.1","0.5","1","platform","targeted","70","5","95","95","84.83152282943803","86.81213668338907","86.81213668338907","fixed","1","1","50","2392","17","50","22652939","v2.0-design-v1.0","100","99.5","0.5","7.491912140303082","true","99.686","17.268","50","0","995","300","0","0","848","0","101","747","0","42400","440","5433","36459","68","848","41892","84.8","0","50","1000","1997","3.994","81","5.031031233780527","0","41.3","3.617171717171717","10","700","848"
"1398","BA","1000","2","0.1","30","0.1","0.5","1","platform","targeted","70","5","95","95","84.83152282943803","86.81213668338907","86.81213668338907","fixed","1","1","50","2392","18","50","22652940","v2.0-design-v1.0","100","99.6","0.4000000000000057","7.024725724578353","true","99.72399999999999","16.699999999999996","50","0","996","300","0","0","848","0","111","737","0","42400","429","5678","36238","55","848","41916","84.8","0","50","1000","1997","3.994","78","5.053266220920825","0","41.4","3.6161616161616164","10","700","848"
"1399","BA","1000","2","0.1","30","0.1","0.5","1","platform","targeted","70","5","95","95","84.83152282943803","86.81213668338907","86.81213668338907","fixed","1","1","50","2392","19","50","22652941","v2.0-design-v1.0","100","99.7","0.29999999999999716","7.051282051282051","true","99.69200000000001","17.562","50","0","997","300","0","0","848","0","115","733","0","42400","429","5655","36250","66","848","41905","84.8","0","50","1000","1997","3.994","90","5.588487737769057","0","45.3","3.576767676767677","10","700","848"
"1400","BA","1000","2","0.1","30","0.1","0.5","1","platform","targeted","70","5","95","95","84.83152282943803","86.81213668338907","86.81213668338907","fixed","1","1","50","2392","20","50","22652942","v2.0-design-v1.0","100","99.5","0.5","7.25241747249083","true","99.596","16.779999999999998","50","0","995","300","0","0","848","0","104","744","0","42400","435","5563","36316","86","848","41879","84.8","0","50","1000","1997","3.994","78","5.184094794545981","0","41.4","3.6161616161616164","10","700","848"
"1401","BA","1000","2","0.1","30","0.1","0.5","1","platform","targeted","70","5","95","95","84.83152282943803","86.81213668338907","86.81213668338907","fixed","1","1","50","2392","21","50","22652943","v2.0-design-v1.0","100","99.7","0.29999999999999716","7.000000000000001","true","99.714","17.453999999999997","50","0","997","300","0","0","848","0","108","740","0","42400","413","5487","36450","50","848","41937","84.8","0","50","1000","1997","3.994","106","5.622061149753844","0","46.7","3.562626262626263","10","700","848"
"1402","BA","1000","2","0.1","30","0.1","0.5","1","platform","targeted","70","5","95","95","84.83152282943803","86.81213668338907","86.81213668338907","fixed","1","1","50","2392","22","50","22652944","v2.0-design-v1.0","100","99.4","0.5999999999999943","6.6302005635670485","true","99.686","17.308000000000003","50","0","994","300","0","0","848","0","115","733","0","42400","400","5633","36301","66","848","41934","84.8","0","50","1000","1997","3.994","88","5.336519693811907","0","45.3","3.576767676767677","10","700","848"
"1403","BA","1000","2","0.1","30","0.1","0.5","1","platform","targeted","70","5","95","95","84.83152282943803","86.81213668338907","86.81213668338907","fixed","1","1","50","2392","23","50","22652945","v2.0-design-v1.0","100","99.6","0.4000000000000057","7.233333333333333","true","99.682","17.288","50","0","996","300","0","0","848","0","131","717","0","42400","434","5566","36348","52","848","41914","84.8","0","50","1000","1997","3.994","71","4.891614446365511","0","39.6","3.6343434343434344","10","700","848"
"1404","BA","1000","2","0.1","30","0.1","0.5","1","platform","targeted","70","5","95","95","84.83152282943803","86.81213668338907","86.81213668338907","fixed","1","1","50","2392","24","50","22652946","v2.0-design-v1.0","100","99.4","0.5999999999999943","6.942794092683754","true","99.704","18.279999999999994","50","0","994","300","0","0","848","0","115","733","0","42400","409","5482","36456","53","848","41938","84.8","0","50","1000","1997","3.994","62","4.926482947725909","0","40.4","3.6262626262626263","10","700","848"
"1405","BA","1000","2","0.1","30","0.1","0.5","1","platform","targeted","70","5","95","95","84.83152282943803","86.81213668338907","86.81213668338907","fixed","1","1","50","2392","25","50","22652947","v2.0-design-v1.0","100","99.5","0.5","7.193041150886584","true","99.712","16.194","50","0","995","300","0","0","848","0","122","726","0","42400","430","5548","36366","56","848","41914","84.8","0","50","1000","1997","3.994","89","5.260003006808225","0","43.9","3.590909090909091","10","700","848"
"1406","BA","1000","2","0.1","30","0.1","0.5","1","platform","targeted","70","5","95","95","84.83152282943803","86.81213668338907","86.81213668338907","fixed","1","1","50","2392","26","50","22652948","v2.0-design-v1.0","100","99.5","0.5","7.504627292613159","true","99.678","16.962","50","0","995","300","0","0","848","0","92","756","0","42400","446","5497","36398","59","848","41895","84.8","0","50","1000","1997","3.994","84","5.278809508765185","0","45.3","3.576767676767677","10","700","848"
"1407","BA","1000","2","0.1","30","0.1","0.5","1","platform","targeted","70","5","95","95","84.83152282943803","86.81213668338907","86.81213668338907","fixed","1","1","50","2392","27","50","22652949","v2.0-design-v1.0","100","99.2","0.7999999999999972","7.243225158916025","true","99.65","16.70799999999999","50","0","992","300","0","0","848","0","100","748","0","42400","433","5545","36342","80","848","41887","84.8","0","50","1000","1997","3.994","73","5.008697540384224","0","41.2","3.618181818181818","10","700","848"
"1408","BA","1000","2","0.1","30","0.1","0.5","1","platform","targeted","70","5","95","95","84.83152282943803","86.81213668338907","86.81213668338907","fixed","1","1","50","2392","28","50","22652950","v2.0-design-v1.0","100","99.3","0.7000000000000028","7.062194505309287","true","99.712","17.418000000000003","50","0","993","300","0","0","848","0","116","732","0","42400","419","5514","36405","62","848","41919","84.8","0","50","1000","1997","3.994","64","5.088600776034388","0","44.3","3.5868686868686868","10","700","848"
"1409","BA","1000","2","0.1","30","0.1","0.5","1","platform","targeted","70","5","95","95","84.83152282943803","86.81213668338907","86.81213668338907","fixed","1","1","50","2392","29","50","22652951","v2.0-design-v1.0","100","99.6","0.4000000000000057","7.300997126922428","true","99.708","16.682000000000002","50","0","996","300","0","0","848","0","116","732","0","42400","432","5485","36434","49","848","41919","84.8","0","50","1000","1997","3.994","81","5.393612430927437","0","46.1","3.5686868686868687","10","700","848"
"1410","BA","1000","2","0.1","30","0.1","0.5","1","platform","targeted","70","5","95","95","84.83152282943803","86.81213668338907","86.81213668338907","fixed","1","1","50","2392","30","50","22652952","v2.0-design-v1.0","100","99.2","0.7999999999999972","7.781372382087519","true","99.65","17.770000000000003","50","0","992","300","0","0","848","0","126","722","0","42400","457","5416","36457","70","848","41873","84.8","0","50","1000","1997","3.994","65","5.085452371797985","0","44.7","3.5828282828282827","10","700","848"
"1411","BA","1000","2","0.1","30","0.1","0.5","1","platform","targeted","70","5","95","95","92.15185667941128","78.32854621832516","78.32854621832516","fixed","1","1","50","2393","1","50","22653923","v2.0-design-v1.0","100","100","0","4.433925811437404","true","99.648","8.668000000000006","50","0","1000","300","0","0","922","0","214","708","0","46100","459","9893","35629","119","922","45522","92.2","0","50","1000","1997","3.994","89","5.441100033041982","0","45.7","3.5727272727272728","10","700","922"
"1412","BA","1000","2","0.1","30","0.1","0.5","1","platform","targeted","70","5","95","95","92.15185667941128","78.32854621832516","78.32854621832516","fixed","1","1","50","2393","2","50","22653924","v2.0-design-v1.0","100","99.9","0.09999999999999432","4.623253983867794","true","99.60799999999999","9.573999999999998","50","0","999","300","0","0","922","0","189","733","0","46100","470","9696","35793","141","922","45489","92.2","0","50","1000","1997","3.994","79","5.157767595245689","0","43","3.6","10","700","922"
"1413","BA","1000","2","0.1","30","0.1","0.5","1","platform","targeted","70","5","95","95","92.15185667941128","78.32854621832516","78.32854621832516","fixed","1","1","50","2393","3","50","22653925","v2.0-design-v1.0","100","100","0","4.5663852647736","true","99.656","8.759999999999998","50","0","1000","300","0","0","922","0","205","717","0","46100","476","9948","35545","131","922","45493","92.2","0","50","1000","1997","3.994","89","5.334268311438628","0","44.7","3.5828282828282827","10","700","922"
"1415","BA","1000","2","0.1","30","0.1","0.5","1","platform","targeted","70","5","95","95","92.15185667941128","78.32854621832516","78.32854621832516","fixed","1","1","50","2393","5","50","22653927","v2.0-design-v1.0","100","100","0","4.672535551900939","true","99.67200000000001","8.677999999999995","50","0","1000","300","0","0","922","0","196","726","0","46100","483","9854","35638","125","922","45492","92.2","0","50","1000","1997","3.994","81","5.395839052369799","0","44","3.5898989898989897","10","700","922"
"1414","BA","1000","2","0.1","30","0.1","0.5","1","platform","targeted","70","5","95","95","92.15185667941128","78.32854621832516","78.32854621832516","fixed","1","1","50","2393","4","50","22653926","v2.0-design-v1.0","100","100","0","4.406974516190841","true","99.67","9.05","50","0","1000","300","0","0","922","0","205","717","0","46100","460","9978","35539","123","922","45517","92.2","0","50","1000","1997","3.994","96","5.4493724097055045","0","45.4","3.5757575757575757","10","700","922"
"1416","BA","1000","2","0.1","30","0.1","0.5","1","platform","targeted","70","5","95","95","92.15185667941128","78.32854621832516","78.32854621832516","fixed","1","1","50","2393","6","50","22653928","v2.0-design-v1.0","100","100","0","4.753969809841207","true","99.62","8.948000000000004","50","0","1000","300","0","0","922","0","189","733","0","46100","485","9717","35761","137","922","45478","92.2","0","50","1000","1997","3.994","57","4.5528774080456635","0","34.6","3.684848484848485","10","700","922"
"1417","BA","1000","2","0.1","30","0.1","0.5","1","platform","targeted","70","5","95","95","92.15185667941128","78.32854621832516","78.32854621832516","fixed","1","1","50","2393","7","50","22653929","v2.0-design-v1.0","100","100","0","4.44985394352483","true","99.65","9.218000000000007","50","0","1000","300","0","0","922","0","195","727","0","46100","457","9813","35697","133","922","45510","92.2","0","50","1000","1997","3.994","70","5.1076464298199005","0","43.4","3.595959595959596","10","700","922"
"1419","BA","1000","2","0.1","30","0.1","0.5","1","platform","targeted","70","5","95","95","92.15185667941128","78.32854621832516","78.32854621832516","fixed","1","1","50","2393","9","50","22653931","v2.0-design-v1.0","100","100","0","4.295185932545402","true","99.67","8.726","50","0","1000","300","0","0","922","0","187","735","0","46100","447","9960","35577","116","922","45537","92.2","0","50","1000","1997","3.994","72","5.195474661371841","0","43.3","3.596969696969697","10","700","922"
"1418","BA","1000","2","0.1","30","0.1","0.5","1","platform","targeted","70","5","95","95","92.15185667941128","78.32854621832516","78.32854621832516","fixed","1","1","50","2393","8","50","22653930","v2.0-design-v1.0","100","100","0","4.53125","true","99.69","8.725999999999999","50","0","1000","300","0","0","922","0","194","728","0","46100","464","9776","35750","110","922","45526","92.2","0","50","1000","1997","3.994","98","5.840897198211944","0","48.6","3.5434343434343436","10","700","922"
"1421","BA","1000","2","0.1","30","0.1","0.5","1","platform","targeted","70","5","95","95","92.15185667941128","78.32854621832516","78.32854621832516","fixed","1","1","50","2393","11","50","22653933","v2.0-design-v1.0","100","100","0","4.4459644322845415","true","99.59200000000001","8.89","50","0","1000","300","0","0","922","0","211","711","0","46100","455","9779","35731","135","922","45510","92.2","0","50","1000","1997","3.994","86","5.3712954503373505","0","44","3.5898989898989897","10","700","922"
"1420","BA","1000","2","0.1","30","0.1","0.5","1","platform","targeted","70","5","95","95","92.15185667941128","78.32854621832516","78.32854621832516","fixed","1","1","50","2393","10","50","22653932","v2.0-design-v1.0","100","100","0","4.24109275002388","true","99.706","8.894","50","0","1000","300","0","0","922","0","200","722","0","46100","444","10025","35529","102","922","45554","92.2","0","50","1000","1997","3.994","61","4.989474807919045","0","42.2","3.608080808080808","10","700","922"
"1422","BA","1000","2","0.1","30","0.1","0.5","1","platform","targeted","70","5","95","95","92.15185667941128","78.32854621832516","78.32854621832516","fixed","1","1","50","2393","12","50","22653934","v2.0-design-v1.0","100","100","0","4.37548942834769","true","99.694","9.151999999999996","50","0","1000","300","0","0","922","0","197","725","0","46100","447","9769","35764","120","922","45533","92.2","0","50","1000","1997","3.994","51","5.095481128208395","0","44.8","3.581818181818182","10","700","922"
"1423","BA","1000","2","0.1","30","0.1","0.5","1","platform","targeted","70","5","95","95","92.15185667941128","78.32854621832516","78.32854621832516","fixed","1","1","50","2393","13","50","22653935","v2.0-design-v1.0","100","100","0","4.138851802403204","true","99.682","9.218","50","0","1000","300","0","0","922","0","210","712","0","46100","434","10052","35497","117","922","45549","92.2","0","50","1000","1997","3.994","83","5.518552203107111","0","47","3.5595959595959594","10","700","922"
"1425","BA","1000","2","0.1","30","0.1","0.5","1","platform","targeted","70","5","95","95","92.15185667941128","78.32854621832516","78.32854621832516","fixed","1","1","50","2393","15","50","22653937","v2.0-design-v1.0","100","100","0","4.15746519443111","true","99.646","8.847999999999999","50","0","1000","300","0","0","922","0","224","698","0","46100","433","9982","35565","120","922","45547","92.2","0","50","1000","1997","3.994","72","5.36047560377795","0","46.2","3.5676767676767676","10","700","922"
"1424","BA","1000","2","0.1","30","0.1","0.5","1","platform","targeted","70","5","95","95","92.15185667941128","78.32854621832516","78.32854621832516","fixed","1","1","50","2393","14","50","22653936","v2.0-design-v1.0","100","100","0","4.048192771084337","true","99.67200000000001","9.021999999999998","50","0","1000","300","0","0","922","0","222","700","0","46100","420","9955","35606","119","922","45561","92.2","0","50","1000","1997","3.994","74","5.35561823197346","0","47.3","3.5565656565656565","10","700","922"
"1427","BA","1000","2","0.1","30","0.1","0.5","1","platform","targeted","70","5","95","95","92.15185667941128","78.32854621832516","78.32854621832516","fixed","1","1","50","2393","17","50","22653939","v2.0-design-v1.0","100","100","0","4.794184104528932","true","99.66","8.998","50","0","1000","300","0","0","922","0","189","733","0","46100","488","9691","35790","131","922","45481","92.2","0","50","1000","1997","3.994","66","5.294525096360946","0","45.9","3.5707070707070705","10","700","922"
"1426","BA","1000","2","0.1","30","0.1","0.5","1","platform","targeted","70","5","95","95","92.15185667941128","78.32854621832516","78.32854621832516","fixed","1","1","50","2393","16","50","22653938","v2.0-design-v1.0","100","100","0","4.261781130596649","true","99.696","9.256000000000004","50","0","1000","300","0","0","922","0","211","711","0","46100","435","9772","35778","115","922","45550","92.2","0","50","1000","1997","3.994","116","5.872686987440472","0","47.1","3.5585858585858587","10","700","922"
"1429","BA","1000","2","0.1","30","0.1","0.5","1","platform","targeted","70","5","95","95","92.15185667941128","78.32854621832516","78.32854621832516","fixed","1","1","50","2393","19","50","22653941","v2.0-design-v1.0","100","100","0","4.3246388053912534","true","99.65","8.994000000000002","50","0","1000","300","0","0","922","0","184","738","0","46100","446","9867","35662","125","922","45529","92.2","0","50","1000","1997","3.994","68","4.9637286995365155","0","41.9","3.611111111111111","10","700","922"
"1428","BA","1000","2","0.1","30","0.1","0.5","1","platform","targeted","70","5","95","95","92.15185667941128","78.32854621832516","78.32854621832516","fixed","1","1","50","2393","18","50","22653940","v2.0-design-v1.0","100","100","0","4.463067628142662","true","99.59","8.638000000000003","50","0","1000","300","0","0","922","0","197","725","0","46100","458","9804","35681","157","922","45485","92.2","0","50","1000","1997","3.994","66","4.8764478612760405","0","40.8","3.6222222222222222","10","700","922"
"1431","BA","1000","2","0.1","30","0.1","0.5","1","platform","targeted","70","5","95","95","92.15185667941128","78.32854621832516","78.32854621832516","fixed","1","1","50","2393","21","50","22653943","v2.0-design-v1.0","100","100","0","4.274169993184695","true","99.63","8.742","50","0","1000","300","0","0","922","0","196","726","0","46100","439","9832","35698","131","922","45530","92.2","0","50","1000","1997","3.994","77","5.04275652727685","0","41.9","3.611111111111111","10","700","922"
"1430","BA","1000","2","0.1","30","0.1","0.5","1","platform","targeted","70","5","95","95","92.15185667941128","78.32854621832516","78.32854621832516","fixed","1","1","50","2393","20","50","22653942","v2.0-design-v1.0","100","100","0","4.336360972751245","true","99.694","8.655999999999997","50","0","1000","300","0","0","922","0","193","729","0","46100","444","9795","35739","122","922","45534","92.2","0","50","1000","1997","3.994","57","4.865144770059111","0","40.3","3.6272727272727274","10","700","922"
"1432","BA","1000","2","0.1","30","0.1","0.5","1","platform","targeted","70","5","95","95","92.15185667941128","78.32854621832516","78.32854621832516","fixed","1","1","50","2393","22","50","22653944","v2.0-design-v1.0","100","100","0","4.274084124830393","true","99.68799999999999","9.036000000000003","50","0","1000","300","0","0","922","0","206","716","0","46100","441","9877","35682","100","922","45559","92.2","0","50","1000","1997","3.994","111","6.0732897879855186","0","51.4","3.515151515151515","10","700","922"
"1433","BA","1000","2","0.1","30","0.1","0.5","1","platform","targeted","70","5","95","95","92.15185667941128","78.32854621832516","78.32854621832516","fixed","1","1","50","2393","23","50","22653945","v2.0-design-v1.0","100","100","0","4.511791073864744","true","99.656","8.788","50","0","1000","300","0","0","922","0","204","718","0","46100","463","9799","35717","121","922","45516","92.2","0","50","1000","1997","3.994","117","5.8583516695640965","0","47.8","3.5515151515151517","10","700","922"
"1434","BA","1000","2","0.1","30","0.1","0.5","1","platform","targeted","70","5","95","95","92.15185667941128","78.32854621832516","78.32854621832516","fixed","1","1","50","2393","24","50","22653946","v2.0-design-v1.0","100","100","0","4.368507911853218","true","99.66","9.461999999999998","50","0","1000","300","0","0","922","0","213","709","0","46100","450","9851","35676","123","922","45527","92.2","0","50","1000","1997","3.994","106","5.795304094657116","0","49.2","3.5373737373737373","10","700","922"
"1435","BA","1000","2","0.1","30","0.1","0.5","1","platform","targeted","70","5","95","95","92.15185667941128","78.32854621832516","78.32854621832516","fixed","1","1","50","2393","25","50","22653947","v2.0-design-v1.0","100","100","0","4.182254196642686","true","99.714","9.034","50","0","1000","300","0","0","922","0","208","714","0","46100","436","9989","35573","102","922","45562","92.2","0","50","1000","1997","3.994","60","4.965341742379723","0","43.8","3.591919191919192","10","700","922"
"1437","BA","1000","2","0.1","30","0.1","0.5","1","platform","targeted","70","5","95","95","92.15185667941128","78.32854621832516","78.32854621832516","fixed","1","1","50","2393","27","50","22653949","v2.0-design-v1.0","100","100","0","4.467189592500478","true","99.67399999999999","8.613999999999999","50","0","1000","300","0","0","922","0","219","703","0","46100","467","9987","35532","114","922","45519","92.2","0","50","1000","1997","3.994","61","4.744309483209584","0","39.6","3.6343434343434344","10","700","922"
"1436","BA","1000","2","0.1","30","0.1","0.5","1","platform","targeted","70","5","95","95","92.15185667941128","78.32854621832516","78.32854621832516","fixed","1","1","50","2393","26","50","22653948","v2.0-design-v1.0","100","100","0","4.357842196198886","true","99.65799999999999","8.902000000000005","50","0","1000","300","0","0","922","0","206","716","0","46100","454","9964","35562","120","922","45526","92.2","0","50","1000","1997","3.994","61","5.011694432133803","0","41.8","3.6121212121212123","10","700","922"
"1438","BA","1000","2","0.1","30","0.1","0.5","1","platform","targeted","70","5","95","95","92.15185667941128","78.32854621832516","78.32854621832516","fixed","1","1","50","2393","28","50","22653950","v2.0-design-v1.0","100","100","0","4.378935317687464","true","99.63600000000001","8.778000000000002","50","0","1000","300","0","0","922","0","201","721","0","46100","459","10023","35487","131","922","45510","92.2","0","50","1000","1997","3.994","59","5.007698177909785","0","42","3.61010101010101","10","700","922"
"1439","BA","1000","2","0.1","30","0.1","0.5","1","platform","targeted","70","5","95","95","92.15185667941128","78.32854621832516","78.32854621832516","fixed","1","1","50","2393","29","50","22653951","v2.0-design-v1.0","100","100","0","4.545454545454546","true","99.64399999999999","8.718000000000002","50","0","1000","300","0","0","922","0","205","717","0","46100","461","9681","35826","132","922","45507","92.2","0","50","1000","1997","3.994","117","6.044708636692328","0","50.5","3.5242424242424244","10","700","922"
"1440","BA","1000","2","0.1","30","0.1","0.5","1","platform","targeted","70","5","95","95","92.15185667941128","78.32854621832516","78.32854621832516","fixed","1","1","50","2393","30","50","22653952","v2.0-design-v1.0","100","100","0","4.700732705300219","true","99.62799999999999","8.726","50","0","1000","300","0","0","922","0","208","714","0","46100","494","10015","35459","132","922","45474","92.2","0","50","1000","1997","3.994","71","5.058611820801582","0","42.1","3.609090909090909","10","700","922"
"1441","BA","1000","2","0.1","30","0.1","0.5","1","platform","targeted","70","5","95","95","23.387727005228996","80.55365422764912","80.55365422764912","fixed","1","1","50","2394","1","50","22654923","v2.0-design-v1.0","39.2","27.800000000000004","11.399999999999999","67.23067037909617","true","52.33999999999998","29.564000000000018","50","60.8","278","300","608","693","234","85","26","111","12","11700","3139","1530","6283","748","137","7813","23.4","0","50","1000","1997","3.994","55","4.848656873142643","0","38.9","3.6414141414141414","10","700","234"
"1442","BA","1000","2","0.1","30","0.1","0.5","1","platform","targeted","70","5","95","95","23.387727005228996","80.55365422764912","80.55365422764912","fixed","1","1","50","2394","2","50","22654924","v2.0-design-v1.0","38","28.499999999999996","9.500000000000004","66.88172043010752","true","50.31199999999999","27.159999999999997","50","62","285","300","620","699","234","79","26","114","15","11700","3110","1540","6283","767","140","7823","23.4","0","50","1000","1997","3.994","84","5.562274975484653","0","46.8","3.5616161616161617","10","700","234"
"1443","BA","1000","2","0.1","30","0.1","0.5","1","platform","targeted","70","5","95","95","23.387727005228996","80.55365422764912","80.55365422764912","fixed","1","1","50","2394","3","50","22654925","v2.0-design-v1.0","39.300000000000004","29.5","9.800000000000004","65.57196385276615","true","54.68600000000001","30.764000000000006","50","60.699999999999996","295","300","607","680","234","73","28","112","21","11700","2975","1562","6474","689","140","8036","23.4","0","50","1000","1997","3.994","85","5.523266286398874","0","45.2","3.577777777777778","10","700","234"
"1444","BA","1000","2","0.1","30","0.1","0.5","1","platform","targeted","70","5","95","95","23.387727005228996","80.55365422764912","80.55365422764912","fixed","1","1","50","2394","4","50","22654926","v2.0-design-v1.0","37.4","28.499999999999996","8.900000000000002","67.70080747981301","true","50.54599999999999","27.167999999999996","50","62.6","285","300","626","706","234","80","29","117","8","11700","3186","1520","6182","812","146","7702","23.4","0","50","1000","1997","3.994","92","5.496014025652595","0","46.1","3.5686868686868687","10","700","234"
"1445","BA","1000","2","0.1","30","0.1","0.5","1","platform","targeted","70","5","95","95","23.387727005228996","80.55365422764912","80.55365422764912","fixed","1","1","50","2394","5","50","22654927","v2.0-design-v1.0","39.1","28.199999999999996","10.900000000000006","67.6163549369291","true","50.84000000000004","27.715999999999998","50","60.9","282","300","609","682","234","73","34","107","20","11700","3109","1489","6322","780","141","7811","23.4","0","50","1000","1997","3.994","88","5.641612516984103","0","47.3","3.5565656565656565","10","700","234"
"1446","BA","1000","2","0.1","30","0.1","0.5","1","platform","targeted","70","5","95","95","23.387727005228996","80.55365422764912","80.55365422764912","fixed","1","1","50","2394","6","50","22654928","v2.0-design-v1.0","38","28.799999999999997","9.200000000000003","68.12672762066767","true","50.53800000000001","27.156000000000002","50","62","288","300","620","693","234","73","28","114","19","11700","3204","1499","6240","757","142","7739","23.4","0","50","1000","1997","3.994","71","5.160289971754738","0","43.7","3.592929292929293","10","700","234"
"1447","BA","1000","2","0.1","30","0.1","0.5","1","platform","targeted","70","5","95","95","23.387727005228996","80.55365422764912","80.55365422764912","fixed","1","1","50","2394","7","50","22654929","v2.0-design-v1.0","37.5","28.000000000000004","9.499999999999996","66.72318779143704","true","50.26000000000001","27.345999999999986","50","62.5","280","300","625","699","234","74","25","112","23","11700","3148","1570","6223","759","137","7793","23.4","0","50","1000","1997","3.994","120","5.362715983783091","0","41.2","3.618181818181818","10","700","234"
"1448","BA","1000","2","0.1","30","0.1","0.5","1","platform","targeted","70","5","95","95","23.387727005228996","80.55365422764912","80.55365422764912","fixed","1","1","50","2394","8","50","22654930","v2.0-design-v1.0","38.9","28.4","10.5","67.31770833333334","true","49.92200000000002","26.85599999999998","50","61.1","284","300","611","679","234","68","29","130","7","11700","3102","1506","6350","742","159","7856","23.4","0","50","1000","1997","3.994","73","5.321680588337127","0","45.3","3.576767676767677","10","700","234"
"1449","BA","1000","2","0.1","30","0.1","0.5","1","platform","targeted","70","5","95","95","23.387727005228996","80.55365422764912","80.55365422764912","fixed","1","1","50","2394","9","50","22654931","v2.0-design-v1.0","38.4","27.6","10.799999999999997","68.52320675105486","true","50.025999999999996","27.129999999999995","50","61.6","276","300","616","677","234","61","27","132","14","11700","3248","1492","6191","769","159","7683","23.4","0","50","1000","1997","3.994","87","5.1412446349494285","0","41.6","3.614141414141414","10","700","234"
"1450","BA","1000","2","0.1","30","0.1","0.5","1","platform","targeted","70","5","95","95","23.387727005228996","80.55365422764912","80.55365422764912","fixed","1","1","50","2394","10","50","22654932","v2.0-design-v1.0","39.800000000000004","28.599999999999998","11.200000000000006","67.52117699509586","true","53.350000000000016","30.488000000000003","50","60.199999999999996","286","300","602","667","234","65","29","122","18","11700","3029","1457","6479","735","151","7936","23.4","0","50","1000","1997","3.994","69","5.141439331393333","0","44.2","3.587878787878788","10","700","234"
"1451","BA","1000","2","0.1","30","0.1","0.5","1","platform","targeted","70","5","95","95","23.387727005228996","80.55365422764912","80.55365422764912","fixed","1","1","50","2394","11","50","22654933","v2.0-design-v1.0","35.7","27","8.700000000000003","67.32905982905983","true","48.80399999999999","26.706","50","64.3","270","300","643","714","234","71","40","105","18","11700","3151","1529","6234","786","145","7763","23.4","0","50","1000","1997","3.994","68","4.734594003753677","0","37.8","3.6525252525252525","10","700","234"
"1452","BA","1000","2","0.1","30","0.1","0.5","1","platform","targeted","70","5","95","95","23.387727005228996","80.55365422764912","80.55365422764912","fixed","1","1","50","2394","12","50","22654934","v2.0-design-v1.0","40.6","29.799999999999997","10.800000000000004","67.32887065428633","true","52.776","28.815999999999995","50","59.4","298","300","594","659","234","65","34","117","18","11700","3118","1513","6339","730","151","7852","23.4","0","50","1000","1997","3.994","83","5.445513531120601","0","46.1","3.5686868686868687","10","700","234"
"1453","BA","1000","2","0.1","30","0.1","0.5","1","platform","targeted","70","5","95","95","23.387727005228996","80.55365422764912","80.55365422764912","fixed","1","1","50","2394","13","50","22654935","v2.0-design-v1.0","40.1","28.999999999999996","11.100000000000005","65.35068372298191","true","54.063999999999986","30.235999999999994","50","59.9","290","300","599","663","234","64","25","120","25","11700","2963","1571","6456","710","145","8027","23.4","0","50","1000","1997","3.994","81","5.133255722669017","0","41.1","3.6191919191919193","10","700","234"
"1454","BA","1000","2","0.1","30","0.1","0.5","1","platform","targeted","70","5","95","95","23.387727005228996","80.55365422764912","80.55365422764912","fixed","1","1","50","2394","14","50","22654936","v2.0-design-v1.0","35.900000000000006","28.000000000000004","7.900000000000002","67.53660089115213","true","51.10799999999999","28.238000000000003","50","64.1","280","300","641","710","234","69","25","116","24","11700","3183","1530","6226","761","141","7756","23.4","0","50","1000","1997","3.994","74","5.313397801425757","0","44.3","3.5868686868686868","10","700","234"
"1455","BA","1000","2","0.1","30","0.1","0.5","1","platform","targeted","70","5","95","95","23.387727005228996","80.55365422764912","80.55365422764912","fixed","1","1","50","2394","15","50","22654937","v2.0-design-v1.0","37.8","28.799999999999997","9","66.78148546824542","true","51.67199999999998","28.688","50","62.2","288","300","622","705","234","83","26","107","18","11700","3102","1543","6317","738","133","7860","23.4","0","50","1000","1997","3.994","65","4.963527032322932","0","41.4","3.6161616161616164","10","700","234"
"1456","BA","1000","2","0.1","30","0.1","0.5","1","platform","targeted","70","5","95","95","23.387727005228996","80.55365422764912","80.55365422764912","fixed","1","1","50","2394","16","50","22654938","v2.0-design-v1.0","40.400000000000006","28.1","12.300000000000004","66.4734921657008","true","52.286000000000016","29.184","50","59.599999999999994","281","300","596","678","234","82","30","104","18","11700","3097","1562","6266","775","134","7828","23.4","0","50","1000","1997","3.994","60","4.915498563332721","0","41.8","3.6121212121212123","10","700","234"
"1457","BA","1000","2","0.1","30","0.1","0.5","1","platform","targeted","70","5","95","95","23.387727005228996","80.55365422764912","80.55365422764912","fixed","1","1","50","2394","17","50","22654939","v2.0-design-v1.0","36.9","28.999999999999996","7.900000000000002","69.18447810749117","true","47.988000000000014","24.631999999999998","50","63.1","290","300","631","707","234","76","38","102","18","11700","3334","1485","6079","802","140","7564","23.4","0","50","1000","1997","3.994","108","5.620636579210177","0","47.1","3.5585858585858587","10","700","234"
"1458","BA","1000","2","0.1","30","0.1","0.5","1","platform","targeted","70","5","95","95","23.387727005228996","80.55365422764912","80.55365422764912","fixed","1","1","50","2394","18","50","22654940","v2.0-design-v1.0","42.00000000000001","27.800000000000004","14.200000000000003","65.03311258278146","true","53.824","30.86","50","57.99999999999999","278","300","580","653","234","73","37","110","14","11700","2946","1584","6462","708","147","8046","23.4","0","50","1000","1997","3.994","100","5.724922596746495","0","46.5","3.5646464646464646","10","700","234"
"1459","BA","1000","2","0.1","30","0.1","0.5","1","platform","targeted","70","5","95","95","23.387727005228996","80.55365422764912","80.55365422764912","fixed","1","1","50","2394","19","50","22654941","v2.0-design-v1.0","37.1","28.000000000000004","9.099999999999998","66.47324306898776","true","51.356","28.674","50","62.9","280","300","629","711","234","82","16","114","22","11700","3093","1560","6302","745","130","7862","23.4","0","50","1000","1997","3.994","80","5.332015978445143","0","45.3","3.576767676767677","10","700","234"
"1460","BA","1000","2","0.1","30","0.1","0.5","1","platform","targeted","70","5","95","95","23.387727005228996","80.55365422764912","80.55365422764912","fixed","1","1","50","2394","20","50","22654942","v2.0-design-v1.0","37","27.200000000000003","9.799999999999997","68.18954526136847","true","49.099999999999994","27.044","50","63","272","300","630","717","234","87","20","114","13","11700","3209","1497","6284","710","134","7781","23.4","0","50","1000","1997","3.994","70","5.156797121911664","0","44.3","3.5868686868686868","10","700","234"
"1461","BA","1000","2","0.1","30","0.1","0.5","1","platform","targeted","70","5","95","95","23.387727005228996","80.55365422764912","80.55365422764912","fixed","1","1","50","2394","21","50","22654943","v2.0-design-v1.0","38.3","27.1","11.199999999999996","67.83080260303687","true","50.172","28.20000000000001","50","61.7","271","300","617","680","234","63","20","134","17","11700","3127","1483","6386","704","154","7869","23.4","0","50","1000","1997","3.994","103","5.602798885856539","0","46.7","3.562626262626263","10","700","234"
"1462","BA","1000","2","0.1","30","0.1","0.5","1","platform","targeted","70","5","95","95","23.387727005228996","80.55365422764912","80.55365422764912","fixed","1","1","50","2394","22","50","22654944","v2.0-design-v1.0","35.099999999999994","28.799999999999997","6.299999999999997","69.15809363846316","true","48.57599999999999","24.986","50","64.9","288","300","649","730","234","81","22","118","13","11700","3294","1469","6113","824","140","7582","23.4","0","50","1000","1997","3.994","71","5.045931571615428","0","40.5","3.625252525252525","10","700","234"
"1463","BA","1000","2","0.1","30","0.1","0.5","1","platform","targeted","70","5","95","95","23.387727005228996","80.55365422764912","80.55365422764912","fixed","1","1","50","2394","23","50","22654945","v2.0-design-v1.0","37.5","28.000000000000004","9.499999999999996","68.25627202985693","true","49.91799999999999","27.186","50","62.5","280","300","625","703","234","78","28","109","19","11700","3292","1531","6076","801","137","7607","23.4","0","50","1000","1997","3.994","78","5.125449661662301","0","42.4","3.606060606060606","10","700","234"
"1464","BA","1000","2","0.1","30","0.1","0.5","1","platform","targeted","70","5","95","95","23.387727005228996","80.55365422764912","80.55365422764912","fixed","1","1","50","2394","24","50","22654946","v2.0-design-v1.0","40.1","27.500000000000004","12.599999999999998","66.55194665519466","true","51.23399999999998","28.763999999999992","50","59.9","275","300","599","675","234","76","28","119","11","11700","3094","1555","6330","721","147","7885","23.4","0","50","1000","1997","3.994","85","5.046328311696467","0","40.8","3.6222222222222222","10","700","234"
"1465","BA","1000","2","0.1","30","0.1","0.5","1","platform","targeted","70","5","95","95","23.387727005228996","80.55365422764912","80.55365422764912","fixed","1","1","50","2394","25","50","22654947","v2.0-design-v1.0","37.4","26.8","10.599999999999998","67.42071881606765","true","50.61800000000002","28.598000000000003","50","62.6","268","300","626","707","234","81","35","104","14","11700","3189","1541","6247","723","139","7788","23.4","0","50","1000","1997","3.994","67","4.982648973266199","0","42","3.61010101010101","10","700","234"
"1466","BA","1000","2","0.1","30","0.1","0.5","1","platform","targeted","70","5","95","95","23.387727005228996","80.55365422764912","80.55365422764912","fixed","1","1","50","2394","26","50","22654948","v2.0-design-v1.0","35.39999999999999","28.199999999999996","7.199999999999996","68.88888888888889","true","48.86800000000001","25.714000000000002","50","64.60000000000001","282","300","646","722","234","76","23","109","26","11700","3286","1484","6052","878","132","7536","23.4","0","50","1000","1997","3.994","74","4.994086994126635","0","41.6","3.614141414141414","10","700","234"
"1467","BA","1000","2","0.1","30","0.1","0.5","1","platform","targeted","70","5","95","95","23.387727005228996","80.55365422764912","80.55365422764912","fixed","1","1","50","2394","27","50","22654949","v2.0-design-v1.0","38.4","28.499999999999996","9.900000000000002","68.6598812553011","true","50.07800000000002","26.936","50","61.6","285","300","616","682","234","66","32","119","17","11700","3238","1478","6183","801","151","7661","23.4","0","50","1000","1997","3.994","64","4.996090964436581","0","42","3.61010101010101","10","700","234"
"1468","BA","1000","2","0.1","30","0.1","0.5","1","platform","targeted","70","5","95","95","23.387727005228996","80.55365422764912","80.55365422764912","fixed","1","1","50","2394","28","50","22654950","v2.0-design-v1.0","38.2","28.499999999999996","9.700000000000006","67.09106603366422","true","51.534","28.572000000000003","50","61.8","285","300","618","673","234","55","32","126","21","11700","3109","1525","6291","775","158","7816","23.4","0","50","1000","1997","3.994","80","5.595290097150566","0","47.1","3.5585858585858587","10","700","234"
"1469","BA","1000","2","0.1","30","0.1","0.5","1","platform","targeted","70","5","95","95","23.387727005228996","80.55365422764912","80.55365422764912","fixed","1","1","50","2394","29","50","22654951","v2.0-design-v1.0","37.6","28.199999999999996","9.400000000000006","67.92168674698796","true","50.20999999999998","27.304000000000002","50","62.4","282","300","624","704","234","80","21","116","17","11700","3157","1491","6247","805","137","7738","23.4","0","50","1000","1997","3.994","78","4.765781853660173","0","37.1","3.6595959595959595","10","700","234"
"1471","BA","1000","2","0.1","30","0.1","0.5","1","platform","targeted","70","5","95","95","87.66945133672215","62.01198501151048","62.01198501151048","fixed","1","1","50","2395","1","50","22655923","v2.0-design-v1.0","100","100","0","6.152770494668764","true","98.25200000000001","4.205999999999999","50","0","1000","300","0","0","877","0","325","552","0","43850","1056","16107","26025","662","877","42132","87.7","0","50","1000","1997","3.994","79","5.601190707103023","0","48.8","3.5414141414141413","10","700","877"
"1470","BA","1000","2","0.1","30","0.1","0.5","1","platform","targeted","70","5","95","95","23.387727005228996","80.55365422764912","80.55365422764912","fixed","1","1","50","2394","30","50","22654952","v2.0-design-v1.0","39","28.499999999999996","10.500000000000004","66.96871628910463","true","52.01800000000002","28.553999999999995","50","61","285","300","610","690","234","80","28","106","20","11700","3104","1531","6336","729","134","7867","23.4","0","50","1000","1997","3.994","103","5.486352528234398","0","45.6","3.573737373737374","10","700","234"
"1473","BA","1000","2","0.1","30","0.1","0.5","1","platform","targeted","70","5","95","95","87.66945133672215","62.01198501151048","62.01198501151048","fixed","1","1","50","2395","3","50","22655925","v2.0-design-v1.0","100","100","0","3.164594260121398","true","99.16799999999999","4.734","50","0","1000","300","0","0","877","0","332","545","0","43850","537","16432","26587","294","877","43019","87.7","0","50","1000","1997","3.994","93","5.641435082475885","0","47.8","3.5515151515151517","10","700","877"
"1472","BA","1000","2","0.1","30","0.1","0.5","1","platform","targeted","70","5","95","95","87.66945133672215","62.01198501151048","62.01198501151048","fixed","1","1","50","2395","2","50","22655924","v2.0-design-v1.0","100","100","0","4.667253004983875","true","98.63799999999999","4.545999999999998","50","0","1000","300","0","0","877","0","323","554","0","43850","796","16259","26297","498","877","42556","87.7","0","50","1000","1997","3.994","83","5.392313143822504","0","47.2","3.5575757575757576","10","700","877"
"1474","BA","1000","2","0.1","30","0.1","0.5","1","platform","targeted","70","5","95","95","87.66945133672215","62.01198501151048","62.01198501151048","fixed","1","1","50","2395","4","50","22655926","v2.0-design-v1.0","100","100","0","3.490515549741333","true","99.06","5.0440000000000005","50","0","1000","300","0","0","877","0","324","553","0","43850","587","16230","26695","338","877","42925","87.7","0","50","1000","1997","3.994","64","5.09371278243187","0","43.5","3.594949494949495","10","700","877"
"1475","BA","1000","2","0.1","30","0.1","0.5","1","platform","targeted","70","5","95","95","87.66945133672215","62.01198501151048","62.01198501151048","fixed","1","1","50","2395","5","50","22655927","v2.0-design-v1.0","100","100","0","3.371643016301161","true","99.052","4.882","50","0","1000","300","0","0","877","0","339","538","0","43850","575","16479","26411","385","877","42890","87.7","0","50","1000","1997","3.994","70","5.041168255213995","0","40.9","3.621212121212121","10","700","877"
"1476","BA","1000","2","0.1","30","0.1","0.5","1","platform","targeted","70","5","95","95","87.66945133672215","62.01198501151048","62.01198501151048","fixed","1","1","50","2395","6","50","22655928","v2.0-design-v1.0","100","100","0","3.9522876980594623","true","98.988","5.088000000000001","50","0","1000","300","0","0","877","0","326","551","0","43850","666","16185","26621","378","877","42806","87.7","0","50","1000","1997","3.994","103","5.838840300612454","0","47.7","3.5525252525252524","10","700","877"
"1477","BA","1000","2","0.1","30","0.1","0.5","1","platform","targeted","70","5","95","95","87.66945133672215","62.01198501151048","62.01198501151048","fixed","1","1","50","2395","7","50","22655929","v2.0-design-v1.0","100","100","0","4.333745510216098","true","98.794","4.7139999999999995","50","0","1000","300","0","0","877","0","338","539","0","43850","736","16247","26393","474","877","42640","87.7","0","50","1000","1997","3.994","87","5.50038346101598","0","46.2","3.5676767676767676","10","700","877"
"1478","BA","1000","2","0.1","30","0.1","0.5","1","platform","targeted","70","5","95","95","87.66945133672215","62.01198501151048","62.01198501151048","fixed","1","1","50","2395","8","50","22655930","v2.0-design-v1.0","100","100","0","3.8214327451209535","true","99.016","5.222","50","0","1000","300","0","0","877","0","350","527","0","43850","654","16460","26348","388","877","42808","87.7","0","50","1000","1997","3.994","97","5.755092100486752","0","50","3.529292929292929","10","700","877"
"1479","BA","1000","2","0.1","30","0.1","0.5","1","platform","targeted","70","5","95","95","87.66945133672215","62.01198501151048","62.01198501151048","fixed","1","1","50","2395","9","50","22655931","v2.0-design-v1.0","100","100","0","3.4028798119306494","true","98.994","4.918","50","0","1000","300","0","0","877","0","322","555","0","43850","579","16436","26455","380","877","42891","87.7","0","50","1000","1997","3.994","107","5.534129614545586","0","46","3.56969696969697","10","700","877"
"1480","BA","1000","2","0.1","30","0.1","0.5","1","platform","targeted","70","5","95","95","87.66945133672215","62.01198501151048","62.01198501151048","fixed","1","1","50","2395","10","50","22655932","v2.0-design-v1.0","100","100","0","3.9298741028356274","true","99.05199999999999","4.966","50","0","1000","300","0","0","877","0","343","534","0","43850","668","16330","26493","359","877","42823","87.7","0","50","1000","1997","3.994","73","5.2382633957642195","0","43.3","3.596969696969697","10","700","877"
"1481","BA","1000","2","0.1","30","0.1","0.5","1","platform","targeted","70","5","95","95","87.66945133672215","62.01198501151048","62.01198501151048","fixed","1","1","50","2395","11","50","22655933","v2.0-design-v1.0","100","100","0","3.6453433678269054","true","98.992","4.922","50","0","1000","300","0","0","877","0","339","538","0","43850","620","16388","26466","376","877","42854","87.7","0","50","1000","1997","3.994","87","5.524715964326709","0","46.7","3.562626262626263","10","700","877"
"1482","BA","1000","2","0.1","30","0.1","0.5","1","platform","targeted","70","5","95","95","87.66945133672215","62.01198501151048","62.01198501151048","fixed","1","1","50","2395","12","50","22655934","v2.0-design-v1.0","100","100","0","3.7907641037848134","true","98.918","5.030000000000001","50","0","1000","300","0","0","877","0","359","518","0","43850","637","16167","26636","410","877","42803","87.7","0","50","1000","1997","3.994","99","5.506931113632183","0","45.9","3.5707070707070705","10","700","877"
"1483","BA","1000","2","0.1","30","0.1","0.5","1","platform","targeted","70","5","95","95","87.66945133672215","62.01198501151048","62.01198501151048","fixed","1","1","50","2395","13","50","22655935","v2.0-design-v1.0","100","100","0","3.383703703703704","true","99.08200000000001","4.724000000000001","50","0","1000","300","0","0","877","0","354","523","0","43850","571","16304","26631","344","877","42935","87.7","0","50","1000","1997","3.994","67","5.0526719162729545","0","41.7","3.613131313131313","10","700","877"
"1484","BA","1000","2","0.1","30","0.1","0.5","1","platform","targeted","70","5","95","95","87.66945133672215","62.01198501151048","62.01198501151048","fixed","1","1","50","2395","14","50","22655936","v2.0-design-v1.0","100","100","0","3.954127344403297","true","98.95","4.963999999999998","50","0","1000","300","0","0","877","0","342","535","0","43850","662","16080","26720","388","877","42800","87.7","0","50","1000","1997","3.994","71","5.163392743596457","0","42.6","3.604040404040404","10","700","877"
"1485","BA","1000","2","0.1","30","0.1","0.5","1","platform","targeted","70","5","95","95","87.66945133672215","62.01198501151048","62.01198501151048","fixed","1","1","50","2395","15","50","22655937","v2.0-design-v1.0","100","100","0","3.342469018112488","true","99.06800000000001","4.852","50","0","1000","300","0","0","877","0","342","535","0","43850","561","16223","26732","334","877","42955","87.7","0","50","1000","1997","3.994","66","4.7034121748031","0","36.5","3.665656565656566","10","700","877"
"1486","BA","1000","2","0.1","30","0.1","0.5","1","platform","targeted","70","5","95","95","87.66945133672215","62.01198501151048","62.01198501151048","fixed","1","1","50","2395","16","50","22655938","v2.0-design-v1.0","100","100","0","3.655583771334081","true","99.066","4.811999999999999","50","0","1000","300","0","0","877","0","334","543","0","43850","619","16314","26577","340","877","42891","87.7","0","50","1000","1997","3.994","74","5.721249574760446","0","49.3","3.536363636363636","10","700","877"
"1487","BA","1000","2","0.1","30","0.1","0.5","1","platform","targeted","70","5","95","95","87.66945133672215","62.01198501151048","62.01198501151048","fixed","1","1","50","2395","17","50","22655939","v2.0-design-v1.0","100","100","0","3.3908352599442764","true","99.134","4.982000000000002","50","0","1000","300","0","0","877","0","359","518","0","43850","572","16297","26670","311","877","42967","87.7","0","50","1000","1997","3.994","118","5.595111193646574","0","41.6","3.614141414141414","10","700","877"
"1489","BA","1000","2","0.1","30","0.1","0.5","1","platform","targeted","70","5","95","95","87.66945133672215","62.01198501151048","62.01198501151048","fixed","1","1","50","2395","19","50","22655941","v2.0-design-v1.0","100","100","0","3.220840734162226","true","99.194","5.042000000000001","50","0","1000","300","0","0","877","0","356","521","0","43850","544","16346","26658","302","877","43004","87.7","0","50","1000","1997","3.994","63","5.103333029306233","0","44","3.5898989898989897","10","700","877"
"1488","BA","1000","2","0.1","30","0.1","0.5","1","platform","targeted","70","5","95","95","87.66945133672215","62.01198501151048","62.01198501151048","fixed","1","1","50","2395","18","50","22655940","v2.0-design-v1.0","100","100","0","3.626881592983288","true","98.988","4.836000000000001","50","0","1000","300","0","0","877","0","352","525","0","43850","612","16262","26606","370","877","42868","87.7","0","50","1000","1997","3.994","86","5.263237185009394","0","42.1","3.609090909090909","10","700","877"
"1491","BA","1000","2","0.1","30","0.1","0.5","1","platform","targeted","70","5","95","95","87.66945133672215","62.01198501151048","62.01198501151048","fixed","1","1","50","2395","21","50","22655943","v2.0-design-v1.0","100","100","0","5.834168189050621","true","98.31200000000001","4.094000000000001","50","0","1000","300","0","0","877","0","336","541","0","43850","990","15979","26247","634","877","42226","87.7","0","50","1000","1997","3.994","113","6.209228496240002","0","49","3.5393939393939395","10","700","877"
"1490","BA","1000","2","0.1","30","0.1","0.5","1","platform","targeted","70","5","95","95","87.66945133672215","62.01198501151048","62.01198501151048","fixed","1","1","50","2395","20","50","22655942","v2.0-design-v1.0","100","100","0","4.824275469685296","true","98.68400000000001","4.712000000000002","50","0","1000","300","0","0","877","0","334","543","0","43850","814","16059","26473","504","877","42532","87.7","0","50","1000","1997","3.994","91","5.287903736446591","0","42.5","3.605050505050505","10","700","877"
"1493","BA","1000","2","0.1","30","0.1","0.5","1","platform","targeted","70","5","95","95","87.66945133672215","62.01198501151048","62.01198501151048","fixed","1","1","50","2395","23","50","22655945","v2.0-design-v1.0","100","100","0","3.5465185010048472","true","99.072","4.882","50","0","1000","300","0","0","877","0","320","557","0","43850","600","16318","26600","332","877","42918","87.7","0","50","1000","1997","3.994","127","5.489088639664511","0","39.9","3.6313131313131315","10","700","877"
"1492","BA","1000","2","0.1","30","0.1","0.5","1","platform","targeted","70","5","95","95","87.66945133672215","62.01198501151048","62.01198501151048","fixed","1","1","50","2395","22","50","22655944","v2.0-design-v1.0","100","100","0","4.304831833254382","true","98.888","5.064000000000002","50","0","1000","300","0","0","877","0","336","541","0","43850","727","16161","26532","430","877","42693","87.7","0","50","1000","1997","3.994","94","5.641789945911998","0","46.9","3.5606060606060606","10","700","877"
"1494","BA","1000","2","0.1","30","0.1","0.5","1","platform","targeted","70","5","95","95","87.66945133672215","62.01198501151048","62.01198501151048","fixed","1","1","50","2395","24","50","22655946","v2.0-design-v1.0","100","100","0","3.6125376306003187","true","99.068","5.011999999999998","50","0","1000","300","0","0","877","0","350","527","0","43850","612","16329","26547","362","877","42876","87.7","0","50","1000","1997","3.994","100","5.667811578386141","0","47.4","3.5555555555555554","10","700","877"
"1495","BA","1000","2","0.1","30","0.1","0.5","1","platform","targeted","70","5","95","95","87.66945133672215","62.01198501151048","62.01198501151048","fixed","1","1","50","2395","25","50","22655947","v2.0-design-v1.0","100","100","0","3.716035436113919","true","98.95200000000001","5.107999999999999","50","0","1000","300","0","0","877","0","331","546","0","43850","625","16194","26662","369","877","42856","87.7","0","50","1000","1997","3.994","60","4.949794386079521","0","39.5","3.6353535353535356","10","700","877"
"1496","BA","1000","2","0.1","30","0.1","0.5","1","platform","targeted","70","5","95","95","87.66945133672215","62.01198501151048","62.01198501151048","fixed","1","1","50","2395","26","50","22655948","v2.0-design-v1.0","100","100","0","4.25531914893617","true","98.77400000000002","4.615999999999999","50","0","1000","300","0","0","877","0","312","565","0","43850","726","16335","26325","464","877","42660","87.7","0","50","1000","1997","3.994","109","5.785450322614083","0","46.7","3.562626262626263","10","700","877"
"1497","BA","1000","2","0.1","30","0.1","0.5","1","platform","targeted","70","5","95","95","87.66945133672215","62.01198501151048","62.01198501151048","fixed","1","1","50","2395","27","50","22655949","v2.0-design-v1.0","100","100","0","5.5089960733751395","true","98.46199999999999","4.136000000000001","50","0","1000","300","0","0","877","0","321","556","0","43850","940","16123","26206","581","877","42329","87.7","0","50","1000","1997","3.994","94","5.381535554553627","0","45.5","3.5747474747474746","10","700","877"
"1499","BA","1000","2","0.1","30","0.1","0.5","1","platform","targeted","70","5","95","95","87.66945133672215","62.01198501151048","62.01198501151048","fixed","1","1","50","2395","29","50","22655951","v2.0-design-v1.0","100","100","0","3.718740806119447","true","99.02","4.949999999999998","50","0","1000","300","0","0","877","0","312","565","0","43850","632","16363","26497","358","877","42860","87.7","0","50","1000","1997","3.994","76","4.923230870292606","0","40.8","3.6222222222222222","10","700","877"
"1498","BA","1000","2","0.1","30","0.1","0.5","1","platform","targeted","70","5","95","95","87.66945133672215","62.01198501151048","62.01198501151048","fixed","1","1","50","2395","28","50","22655950","v2.0-design-v1.0","100","100","0","4.876188240816806","true","98.60600000000001","4.755999999999998","50","0","1000","300","0","0","877","0","338","539","0","43850","831","16211","26290","518","877","42501","87.7","0","50","1000","1997","3.994","87","5.556873477311025","0","48.4","3.5454545454545454","10","700","877"
"1500","BA","1000","2","0.1","30","0.1","0.5","1","platform","targeted","70","5","95","95","87.66945133672215","62.01198501151048","62.01198501151048","fixed","1","1","50","2395","30","50","22655952","v2.0-design-v1.0","100","100","0","4.34267432904793","true","98.77400000000002","4.838000000000001","50","0","1000","300","0","0","877","0","335","542","0","43850","733","16146","26517","454","877","42663","87.7","0","50","1000","1997","3.994","69","5.183901700151805","0","44","3.5898989898989897","10","700","877"
