"BehaviorSpace results (NetLogo 6.4.0)","Table version 2.0"
"/Users/linjingyu/Downloads/ABM_revision_v2.0/model/ABM_revision_v2.0.nlogo"
"p4_057_20260922T101547135277Z"
"09/22/2026 18:16:00:501 +0800"
"min-pxcor","max-pxcor","min-pycor","max-pycor"
"-16","16","-16","16"
"[run number]","network-type","num-nodes","ba-m","ws-rewire-prob","p0","beta0","amplification","super-ratio","treatment","targeting-mode","legal-strength","legal-response-time","legal-tpr","legal-tnr","platform-speed","platform-tpr","platform-tnr","platform-workload-mode","demand-kappa","lambda-weight","max-ticks","condition-id","replicate-id","[step]","run-seed","model-version","effectiveness","over-removal-rate","net-effectiveness","removal-precision","precision-defined?","mean-effectiveness","mean-net-effectiveness","observation-count","current-pollution-rate","count-wrongly-removed","initial-polluted-count","pollution-count","polluted-pre-review","step-reviews","step-tp","step-fp","step-tn","step-fn","cumulative-reviews","cumulative-tp","cumulative-fp","cumulative-tn","cumulative-fn","step-clean-reviews","cumulative-clean-reviews","actual-review-coverage","legal-action-opportunities","active-review-steps","network-node-count","network-edge-count","mean-degree","max-degree","degree-sd","count-isolates","mean-super-degree","mean-ordinary-degree","count-super-spreaders","legal-load","audit-load"
"1","BA","1000","2","0.1","50","0.1","0.5","1","platform","targeted","70","5","95","95","91.66421397306559","60.339155414743914","60.339155414743914","fixed","1","1","50","2996","1","50","23256923","v2.0-design-v1.0","100","100","0","6.170166702749513","true","98.27400000000002","4.547999999999999","50","0","1000","500","0","0","917","0","368","549","0","45850","1140","17336","26652","722","917","43988","91.7","0","50","1000","1997","3.994","105","5.999996996996268","0","50","3.529292929292929","10","700","917"
"2","BA","1000","2","0.1","50","0.1","0.5","1","platform","targeted","70","5","95","95","91.66421397306559","60.339155414743914","60.339155414743914","fixed","1","1","50","2996","2","50","23256924","v2.0-design-v1.0","100","100","0","5.469299431971869","true","98.292","4.672000000000001","50","0","1000","500","0","0","917","0","374","543","0","45850","1011","17474","26657","708","917","44131","91.7","0","50","1000","1997","3.994","103","5.1620355103980575","0","37.2","3.6585858585858584","10","700","917"
"3","BA","1000","2","0.1","50","0.1","0.5","1","platform","targeted","70","5","95","95","91.66421397306559","60.339155414743914","60.339155414743914","fixed","1","1","50","2996","3","50","23256925","v2.0-design-v1.0","100","100","0","5.2161274694514725","true","98.446","4.998","50","0","1000","500","0","0","917","0","369","548","0","45850","969","17608","26637","636","917","44245","91.7","0","50","1000","1997","3.994","104","5.440916059595798","0","44.2","3.587878787878788","10","700","917"
"4","BA","1000","2","0.1","50","0.1","0.5","1","platform","targeted","70","5","95","95","91.66421397306559","60.339155414743914","60.339155414743914","fixed","1","1","50","2996","4","50","23256926","v2.0-design-v1.0","100","100","0","4.9497377622377625","true","98.67399999999999","4.715999999999999","50","0","1000","500","0","0","917","0","344","573","0","45850","906","17398","26980","566","917","44378","91.7","0","50","1000","1997","3.994","62","4.798227483872237","0","40","3.6303030303030304","10","700","917"
"5","BA","1000","2","0.1","50","0.1","0.5","1","platform","targeted","70","5","95","95","91.66421397306559","60.339155414743914","60.339155414743914","fixed","1","1","50","2996","5","50","23256927","v2.0-design-v1.0","100","100","0","4.6598272138228936","true","98.67399999999999","4.726","50","0","1000","500","0","0","917","0","372","545","0","45850","863","17657","26794","536","917","44451","91.7","0","50","1000","1997","3.994","100","5.036599183112673","0","38.4","3.6464646464646466","10","700","917"
"6","BA","1000","2","0.1","50","0.1","0.5","1","platform","targeted","70","5","95","95","91.66421397306559","60.339155414743914","60.339155414743914","fixed","1","1","50","2996","6","50","23256928","v2.0-design-v1.0","100","100","0","5.647071490094746","true","98.28800000000001","4.755999999999999","50","0","1000","500","0","0","917","0","355","562","0","45850","1049","17527","26568","706","917","44095","91.7","0","50","1000","1997","3.994","62","4.951209799481171","0","40.9","3.621212121212121","10","700","917"
"7","BA","1000","2","0.1","50","0.1","0.5","1","platform","targeted","70","5","95","95","91.66421397306559","60.339155414743914","60.339155414743914","fixed","1","1","50","2996","7","50","23256929","v2.0-design-v1.0","100","100","0","4.9255944209543685","true","98.488","4.895999999999998","50","0","1000","500","0","0","917","0","316","601","0","45850","897","17314","27006","633","917","44320","91.7","0","50","1000","1997","3.994","73","5.135595227268035","0","42.8","3.602020202020202","10","700","917"
"8","BA","1000","2","0.1","50","0.1","0.5","1","platform","targeted","70","5","95","95","91.66421397306559","60.339155414743914","60.339155414743914","fixed","1","1","50","2996","8","50","23256930","v2.0-design-v1.0","100","100","0","4.674113436720529","true","98.602","5.078","50","0","1000","500","0","0","917","0","374","543","0","45850","862","17580","26822","586","917","44402","91.7","0","50","1000","1997","3.994","80","5.417685420483109","0","47.9","3.5505050505050506","10","700","917"
"10","BA","1000","2","0.1","50","0.1","0.5","1","platform","targeted","70","5","95","95","91.66421397306559","60.339155414743914","60.339155414743914","fixed","1","1","50","2996","10","50","23256932","v2.0-design-v1.0","100","100","0","5.059314229998375","true","98.46000000000002","5.045999999999999","50","0","1000","500","0","0","917","0","362","555","0","45850","934","17527","26749","640","917","44276","91.7","0","50","1000","1997","3.994","96","5.51310786746988","0","45.3","3.576767676767677","10","700","917"
"9","BA","1000","2","0.1","50","0.1","0.5","1","platform","targeted","70","5","95","95","91.66421397306559","60.339155414743914","60.339155414743914","fixed","1","1","50","2996","9","50","23256931","v2.0-design-v1.0","100","100","0","4.767328343638138","true","98.62","5.0539999999999985","50","0","1000","500","0","0","917","0","379","538","0","45850","879","17559","26841","571","917","44400","91.7","0","50","1000","1997","3.994","88","5.2047145025498684","0","43.2","3.597979797979798","10","700","917"
"11","BA","1000","2","0.1","50","0.1","0.5","1","platform","targeted","70","5","95","95","91.66421397306559","60.339155414743914","60.339155414743914","fixed","1","1","50","2996","11","50","23256933","v2.0-design-v1.0","100","100","0","5.052847282139775","true","98.512","4.553999999999999","50","0","1000","500","0","0","917","0","358","559","0","45850","937","17607","26673","633","917","44280","91.7","0","50","1000","1997","3.994","59","4.800730258097299","0","39","3.6404040404040403","10","700","917"
"12","BA","1000","2","0.1","50","0.1","0.5","1","platform","targeted","70","5","95","95","91.66421397306559","60.339155414743914","60.339155414743914","fixed","1","1","50","2996","12","50","23256934","v2.0-design-v1.0","100","100","0","4.930604309553384","true","98.59400000000001","4.796000000000001","50","0","1000","500","0","0","917","0","364","553","0","45850","913","17604","26751","582","917","44355","91.7","0","50","1000","1997","3.994","79","5.192391060477324","0","41.2","3.618181818181818","10","700","917"
"13","BA","1000","2","0.1","50","0.1","0.5","1","platform","targeted","70","5","95","95","91.66421397306559","60.339155414743914","60.339155414743914","fixed","1","1","50","2996","13","50","23256935","v2.0-design-v1.0","100","100","0","4.734746583449908","true","98.566","4.878000000000001","50","0","1000","500","0","0","917","0","375","542","0","45850","880","17706","26681","583","917","44387","91.7","0","50","1000","1997","3.994","61","5.318481949790763","0","45.3","3.576767676767677","10","700","917"
"15","BA","1000","2","0.1","50","0.1","0.5","1","platform","targeted","70","5","95","95","91.66421397306559","60.339155414743914","60.339155414743914","fixed","1","1","50","2996","15","50","23256937","v2.0-design-v1.0","100","100","0","6.30048465266559","true","98.19200000000001","4.396000000000002","50","0","1000","500","0","0","917","0","330","587","0","45850","1170","17400","26524","756","917","43924","91.7","0","50","1000","1997","3.994","67","5.234440119378884","0","45","3.5797979797979798","10","700","917"
"14","BA","1000","2","0.1","50","0.1","0.5","1","platform","targeted","70","5","95","95","91.66421397306559","60.339155414743914","60.339155414743914","fixed","1","1","50","2996","14","50","23256936","v2.0-design-v1.0","100","100","0","4.781265246381525","true","98.73","4.923999999999999","50","0","1000","500","0","0","917","0","368","549","0","45850","882","17565","26883","520","917","44448","91.7","0","50","1000","1997","3.994","86","5.0968560840916295","0","41","3.6202020202020204","10","700","917"
"16","BA","1000","2","0.1","50","0.1","0.5","1","platform","targeted","70","5","95","95","91.66421397306559","60.339155414743914","60.339155414743914","fixed","1","1","50","2996","16","50","23256938","v2.0-design-v1.0","100","100","0","4.721332826830195","true","98.648","4.675999999999998","50","0","1000","500","0","0","917","0","363","554","0","45850","870","17557","26875","548","917","44432","91.7","0","50","1000","1997","3.994","121","5.754222369275884","0","47","3.5595959595959594","10","700","917"
"17","BA","1000","2","0.1","50","0.1","0.5","1","platform","targeted","70","5","95","95","91.66421397306559","60.339155414743914","60.339155414743914","fixed","1","1","50","2996","17","50","23256939","v2.0-design-v1.0","100","100","0","6.4101869412083445","true","98.11200000000002","4.522000000000002","50","0","1000","500","0","0","917","0","362","555","0","45850","1183","17272","26597","798","917","43869","91.7","0","50","1000","1997","3.994","75","4.989073546747404","0","40.7","3.6232323232323234","10","700","917"
"19","BA","1000","2","0.1","50","0.1","0.5","1","platform","targeted","70","5","95","95","91.66421397306559","60.339155414743914","60.339155414743914","fixed","1","1","50","2996","19","50","23256941","v2.0-design-v1.0","100","100","0","6.077109733081693","true","98.24","4.468000000000001","50","0","1000","500","0","0","917","0","349","568","0","45850","1127","17418","26582","723","917","44000","91.7","0","50","1000","1997","3.994","107","5.788736777007001","0","47.8","3.5515151515151517","10","700","917"
"18","BA","1000","2","0.1","50","0.1","0.5","1","platform","targeted","70","5","95","95","91.66421397306559","60.339155414743914","60.339155414743914","fixed","1","1","50","2996","18","50","23256940","v2.0-design-v1.0","100","100","0","6.124535816156289","true","98.09599999999999","4.803999999999999","50","0","1000","500","0","0","917","0","342","575","0","45850","1138","17443","26481","788","917","43924","91.7","0","50","1000","1997","3.994","83","5.217392565754001","0","42.4","3.606060606060606","10","700","917"
"20","BA","1000","2","0.1","50","0.1","0.5","1","platform","targeted","70","5","95","95","91.66421397306559","60.339155414743914","60.339155414743914","fixed","1","1","50","2996","20","50","23256942","v2.0-design-v1.0","100","100","0","5.341246290801187","true","98.42200000000001","4.785999999999999","50","0","1000","500","0","0","917","0","370","547","0","45850","990","17545","26659","656","917","44204","91.7","0","50","1000","1997","3.994","76","5.08289285739919","0","42.1","3.609090909090909","10","700","917"
"21","BA","1000","2","0.1","50","0.1","0.5","1","platform","targeted","70","5","95","95","91.66421397306559","60.339155414743914","60.339155414743914","fixed","1","1","50","2996","21","50","23256943","v2.0-design-v1.0","100","100","0","4.666342989696283","true","98.676","4.898","50","0","1000","500","0","0","917","0","325","592","0","45850","865","17672","26769","544","917","44441","91.7","0","50","1000","1997","3.994","75","5.145526254955888","0","43.5","3.594949494949495","10","700","917"
"23","BA","1000","2","0.1","50","0.1","0.5","1","platform","targeted","70","5","95","95","91.66421397306559","60.339155414743914","60.339155414743914","fixed","1","1","50","2996","23","50","23256945","v2.0-design-v1.0","100","100","0","4.4481407951923595","true","98.738","4.718000000000001","50","0","1000","500","0","0","917","0","381","536","0","45850","829","17808","26705","508","917","44513","91.7","0","50","1000","1997","3.994","73","5.128183134625964","0","43.6","3.5939393939393938","10","700","917"
"22","BA","1000","2","0.1","50","0.1","0.5","1","platform","targeted","70","5","95","95","91.66421397306559","60.339155414743914","60.339155414743914","fixed","1","1","50","2996","22","50","23256944","v2.0-design-v1.0","100","100","0","6.5601029877165695","true","98.06","4.041999999999998","50","0","1000","500","0","0","917","0","356","561","0","45850","1223","17420","26383","824","917","43803","91.7","0","50","1000","1997","3.994","77","5.087026817487965","0","42.6","3.604040404040404","10","700","917"
"25","BA","1000","2","0.1","50","0.1","0.5","1","platform","targeted","70","5","95","95","91.66421397306559","60.339155414743914","60.339155414743914","fixed","1","1","50","2996","25","50","23256947","v2.0-design-v1.0","100","100","0","5.353007701007055","true","98.43400000000001","4.644000000000002","50","0","1000","500","0","0","917","0","331","586","0","45850","994","17575","26630","651","917","44205","91.7","0","50","1000","1997","3.994","142","6.164248694039057","0","47","3.5595959595959594","10","700","917"
"24","BA","1000","2","0.1","50","0.1","0.5","1","platform","targeted","70","5","95","95","91.66421397306559","60.339155414743914","60.339155414743914","fixed","1","1","50","2996","24","50","23256946","v2.0-design-v1.0","100","100","0","4.801216597870954","true","98.64399999999999","4.669999999999999","50","0","1000","500","0","0","917","0","352","565","0","45850","884","17528","26878","560","917","44406","91.7","0","50","1000","1997","3.994","101","5.479232244209575","0","46.7","3.562626262626263","10","700","917"
"27","BA","1000","2","0.1","50","0.1","0.5","1","platform","targeted","70","5","95","95","91.66421397306559","60.339155414743914","60.339155414743914","fixed","1","1","50","2996","27","50","23256949","v2.0-design-v1.0","100","100","0","4.167788487426633","true","98.83200000000001","4.813999999999999","50","0","1000","500","0","0","917","0","382","535","0","45850","774","17797","26799","480","917","44596","91.7","0","50","1000","1997","3.994","56","4.694465038958317","0","38.1","3.6494949494949496","10","700","917"
"26","BA","1000","2","0.1","50","0.1","0.5","1","platform","targeted","70","5","95","95","91.66421397306559","60.339155414743914","60.339155414743914","fixed","1","1","50","2996","26","50","23256948","v2.0-design-v1.0","100","100","0","5.691544458376492","true","98.38799999999999","5.030000000000002","50","0","1000","500","0","0","917","0","345","572","0","45850","1044","17299","26838","669","917","44137","91.7","0","50","1000","1997","3.994","74","4.908161983273773","0","39.4","3.6363636363636362","10","700","917"
"28","BA","1000","2","0.1","50","0.1","0.5","1","platform","targeted","70","5","95","95","91.66421397306559","60.339155414743914","60.339155414743914","fixed","1","1","50","2996","28","50","23256950","v2.0-design-v1.0","99.4","100","-0.5999999999999943","8.262323373961816","true","97.51400000000001","3.7740000000000005","50","0.6","1000","500","6","23","917","17","365","530","5","45850","1532","17010","26267","1041","895","43277","91.7","0","50","1000","1997","3.994","98","5.57090647911082","0","46.7","3.562626262626263","10","700","917"
"29","BA","1000","2","0.1","50","0.1","0.5","1","platform","targeted","70","5","95","95","91.66421397306559","60.339155414743914","60.339155414743914","fixed","1","1","50","2996","29","50","23256951","v2.0-design-v1.0","100","100","0","5.212531570745338","true","98.432","4.6099999999999985","50","0","1000","500","0","0","917","0","384","533","0","45850","970","17639","26587","654","917","44226","91.7","0","50","1000","1997","3.994","80","5.374648904891442","0","44.8","3.581818181818182","10","700","917"
"31","BA","1000","2","0.1","50","0.1","0.5","1","platform","targeted","70","5","95","95","94.83830674356219","83.33159296613442","83.33159296613442","fixed","1","1","50","2997","1","50","23257923","v2.0-design-v1.0","100","100","0","7.647339537103316","true","99.65","11.830000000000007","50","0","1000","500","0","0","948","0","147","801","0","47400","641","7741","38884","134","948","46625","94.8","0","50","1000","1997","3.994","100","5.24055602273531","0","40","3.6303030303030304","10","700","948"
"30","BA","1000","2","0.1","50","0.1","0.5","1","platform","targeted","70","5","95","95","91.66421397306559","60.339155414743914","60.339155414743914","fixed","1","1","50","2996","30","50","23256952","v2.0-design-v1.0","100","100","0","5.719218733139096","true","98.29400000000001","4.6160000000000005","50","0","1000","500","0","0","917","0","368","549","0","45850","1060","17474","26608","708","917","44082","91.7","0","50","1000","1997","3.994","111","5.809278071474262","0","49","3.5393939393939395","10","700","917"
"33","BA","1000","2","0.1","50","0.1","0.5","1","platform","targeted","70","5","95","95","94.83830674356219","83.33159296613442","83.33159296613442","fixed","1","1","50","2997","3","50","23257925","v2.0-design-v1.0","100","100","0","7.592722183344996","true","99.676","11.646","50","0","1000","500","0","0","948","0","166","782","0","47400","651","7923","38708","118","948","46631","94.8","0","50","1000","1997","3.994","65","5.22525284242468","0","44.7","3.5828282828282827","10","700","948"
"32","BA","1000","2","0.1","50","0.1","0.5","1","platform","targeted","70","5","95","95","94.83830674356219","83.33159296613442","83.33159296613442","fixed","1","1","50","2997","2","50","23257924","v2.0-design-v1.0","100","99.8","0.20000000000000284","7.907141173697855","true","99.65","11.93800000000001","50","0","998","500","0","0","948","0","153","795","0","47400","671","7815","38780","134","948","46595","94.8","0","50","1000","1997","3.994","71","5.209520429281662","0","43.3","3.596969696969697","10","700","948"
"34","BA","1000","2","0.1","50","0.1","0.5","1","platform","targeted","70","5","95","95","94.83830674356219","83.33159296613442","83.33159296613442","fixed","1","1","50","2997","4","50","23257926","v2.0-design-v1.0","100","100","0","7.501172058134084","true","99.598","12.252000000000008","50","0","1000","500","0","0","948","0","192","756","0","47400","640","7892","38716","152","948","46608","94.8","0","50","1000","1997","3.994","77","4.979031507708572","0","41.5","3.6151515151515152","10","700","948"
"35","BA","1000","2","0.1","50","0.1","0.5","1","platform","targeted","70","5","95","95","94.83830674356219","83.33159296613442","83.33159296613442","fixed","1","1","50","2997","5","50","23257927","v2.0-design-v1.0","100","100","0","8.334331217818225","true","99.586","11.858000000000004","50","0","1000","500","0","0","948","0","150","798","0","47400","696","7655","38890","159","948","46545","94.8","0","50","1000","1997","3.994","73","4.805940184923338","0","40","3.6303030303030304","10","700","948"
"36","BA","1000","2","0.1","50","0.1","0.5","1","platform","targeted","70","5","95","95","94.83830674356219","83.33159296613442","83.33159296613442","fixed","1","1","50","2997","6","50","23257928","v2.0-design-v1.0","100","100","0","7.869984521966901","true","99.66799999999999","12.19","50","0","1000","500","0","0","948","0","169","779","0","47400","661","7738","38876","125","948","46614","94.8","0","50","1000","1997","3.994","120","5.730689732030926","0","44.9","3.580808080808081","10","700","948"
"38","BA","1000","2","0.1","50","0.1","0.5","1","platform","targeted","70","5","95","95","94.83830674356219","83.33159296613442","83.33159296613442","fixed","1","1","50","2997","8","50","23257930","v2.0-design-v1.0","100","100","0","7.64031382015691","true","99.64200000000001","12.586000000000004","50","0","1000","500","0","0","948","0","151","797","0","47400","633","7652","38972","143","948","46624","94.8","0","50","1000","1997","3.994","108","5.500929396404218","0","42.9","3.601010101010101","10","700","948"
"37","BA","1000","2","0.1","50","0.1","0.5","1","platform","targeted","70","5","95","95","94.83830674356219","83.33159296613442","83.33159296613442","fixed","1","1","50","2997","7","50","23257929","v2.0-design-v1.0","100","100","0","7.617485058010079","true","99.67200000000001","11.497999999999996","50","0","1000","500","0","0","948","0","181","767","0","47400","650","7883","38741","126","948","46624","94.8","0","50","1000","1997","3.994","95","5.530691869246784","0","45.5","3.5747474747474746","10","700","948"
"39","BA","1000","2","0.1","50","0.1","0.5","1","platform","targeted","70","5","95","95","94.83830674356219","83.33159296613442","83.33159296613442","fixed","1","1","50","2997","9","50","23257931","v2.0-design-v1.0","100","100","0","8.028068506184587","true","99.65","12.370000000000006","50","0","1000","500","0","0","948","0","140","808","0","47400","675","7733","38862","130","948","46595","94.8","0","50","1000","1997","3.994","96","5.75839588106992","0","46","3.56969696969697","10","700","948"
"40","BA","1000","2","0.1","50","0.1","0.5","1","platform","targeted","70","5","95","95","94.83830674356219","83.33159296613442","83.33159296613442","fixed","1","1","50","2997","10","50","23257932","v2.0-design-v1.0","100","99.9","0.09999999999999432","7.678289393755315","true","99.74799999999999","12.310000000000002","50","0","999","500","0","0","948","0","154","794","0","47400","632","7599","39067","102","948","46666","94.8","0","50","1000","1997","3.994","115","5.34476664883795","0","40.5","3.625252525252525","10","700","948"
"41","BA","1000","2","0.1","50","0.1","0.5","1","platform","targeted","70","5","95","95","94.83830674356219","83.33159296613442","83.33159296613442","fixed","1","1","50","2997","11","50","23257933","v2.0-design-v1.0","100","100","0","7.8603657088577545","true","99.666","11.264000000000003","50","0","1000","500","0","0","948","0","154","794","0","47400","662","7760","38852","126","948","46612","94.8","0","50","1000","1997","3.994","75","4.782764769339879","0","37.9","3.6515151515151514","10","700","948"
"42","BA","1000","2","0.1","50","0.1","0.5","1","platform","targeted","70","5","95","95","94.83830674356219","83.33159296613442","83.33159296613442","fixed","1","1","50","2997","12","50","23257934","v2.0-design-v1.0","100","100","0","8.18843984962406","true","99.60600000000001","11.747999999999998","50","0","1000","500","0","0","948","0","149","799","0","47400","697","7815","38734","154","948","46549","94.8","0","50","1000","1997","3.994","68","5.165331029531847","0","43.2","3.597979797979798","10","700","948"
"44","BA","1000","2","0.1","50","0.1","0.5","1","platform","targeted","70","5","95","95","94.83830674356219","83.33159296613442","83.33159296613442","fixed","1","1","50","2997","14","50","23257936","v2.0-design-v1.0","100","100","0","7.538406573776349","true","99.71600000000001","12.488000000000005","50","0","1000","500","0","0","948","0","147","801","0","47400","633","7764","38897","106","948","46661","94.8","0","50","1000","1997","3.994","97","5.405847499438651","0","44.2","3.587878787878788","10","700","948"
"43","BA","1000","2","0.1","50","0.1","0.5","1","platform","targeted","70","5","95","95","94.83830674356219","83.33159296613442","83.33159296613442","fixed","1","1","50","2997","13","50","23257935","v2.0-design-v1.0","100","100","0","7.690487458589683","true","99.61399999999999","12.516000000000004","50","0","1000","500","0","0","948","0","148","800","0","47400","650","7802","38800","148","948","46602","94.8","0","50","1000","1997","3.994","88","5.2854422615236105","0","43.9","3.590909090909091","10","700","948"
"45","BA","1000","2","0.1","50","0.1","0.5","1","platform","targeted","70","5","95","95","94.83830674356219","83.33159296613442","83.33159296613442","fixed","1","1","50","2997","15","50","23257937","v2.0-design-v1.0","100","100","0","8.44518351348141","true","99.574","11.494000000000002","50","0","1000","500","0","0","948","0","130","818","0","47400","711","7708","38812","169","948","46520","94.8","0","50","1000","1997","3.994","81","5.302271030235815","0","44.5","3.584848484848485","10","700","948"
"46","BA","1000","2","0.1","50","0.1","0.5","1","platform","targeted","70","5","95","95","94.83830674356219","83.33159296613442","83.33159296613442","fixed","1","1","50","2997","16","50","23257938","v2.0-design-v1.0","100","99.9","0.09999999999999432","7.808982106884701","true","99.634","12.516000000000002","50","0","999","500","0","0","948","0","173","775","0","47400","659","7780","38817","144","948","46597","94.8","0","50","1000","1997","3.994","77","5.106470409200461","0","41.8","3.6121212121212123","10","700","948"
"47","BA","1000","2","0.1","50","0.1","0.5","1","platform","targeted","70","5","95","95","94.83830674356219","83.33159296613442","83.33159296613442","fixed","1","1","50","2997","17","50","23257939","v2.0-design-v1.0","100","100","0","7.549606669014912","true","99.706","11.456000000000003","50","0","1000","500","0","0","948","0","160","788","0","47400","643","7874","38764","119","948","46638","94.8","0","50","1000","1997","3.994","82","5.198556433183052","0","42.9","3.601010101010101","10","700","948"
"49","BA","1000","2","0.1","50","0.1","0.5","1","platform","targeted","70","5","95","95","94.83830674356219","83.33159296613442","83.33159296613442","fixed","1","1","50","2997","19","50","23257941","v2.0-design-v1.0","100","100","0","8.132998445162062","true","99.652","12.732000000000001","50","0","1000","500","0","0","948","0","172","776","0","47400","680","7681","38902","137","948","46583","94.8","0","50","1000","1997","3.994","78","5.4331835495852125","0","45.9","3.5707070707070705","10","700","948"
"48","BA","1000","2","0.1","50","0.1","0.5","1","platform","targeted","70","5","95","95","94.83830674356219","83.33159296613442","83.33159296613442","fixed","1","1","50","2997","18","50","23257940","v2.0-design-v1.0","100","99.9","0.09999999999999432","7.722606827405108","true","99.66","11.718000000000012","50","0","999","500","0","0","948","0","145","803","0","47400","647","7731","38895","127","948","46626","94.8","0","50","1000","1997","3.994","95","5.362715983783088","0","45.5","3.5747474747474746","10","700","948"
"51","BA","1000","2","0.1","50","0.1","0.5","1","platform","targeted","70","5","95","95","94.83830674356219","83.33159296613442","83.33159296613442","fixed","1","1","50","2997","21","50","23257943","v2.0-design-v1.0","100","100","0","7.761797218590277","true","99.652","11.834000000000001","50","0","1000","500","0","0","948","0","141","807","0","47400","653","7760","38856","131","948","46616","94.8","0","50","1000","1997","3.994","72","4.89059115873345","0","39.4","3.6363636363636362","10","700","948"
"52","BA","1000","2","0.1","50","0.1","0.5","1","platform","targeted","70","5","95","95","94.83830674356219","83.33159296613442","83.33159296613442","fixed","1","1","50","2997","22","50","23257944","v2.0-design-v1.0","100","99.9","0.09999999999999432","7.756297598125367","true","99.63600000000001","11.82000000000001","50","0","999","500","0","0","948","0","153","795","0","47400","662","7873","38729","136","948","46602","94.8","0","50","1000","1997","3.994","59","5.081120130619002","0","42.9","3.601010101010101","10","700","948"
"50","BA","1000","2","0.1","50","0.1","0.5","1","platform","targeted","70","5","95","95","94.83830674356219","83.33159296613442","83.33159296613442","fixed","1","1","50","2997","20","50","23257942","v2.0-design-v1.0","100","100","0","7.871091410087456","true","99.64399999999999","12.074000000000005","50","0","1000","500","0","0","948","0","124","824","0","47400","657","7690","38919","134","948","46609","94.8","0","50","1000","1997","3.994","95","5.487082291352302","0","45.4","3.5757575757575757","10","700","948"
"53","BA","1000","2","0.1","50","0.1","0.5","1","platform","targeted","70","5","95","95","94.83830674356219","83.33159296613442","83.33159296613442","fixed","1","1","50","2997","23","50","23257945","v2.0-design-v1.0","100","100","0","7.727920227920228","true","99.634","12.120000000000003","50","0","1000","500","0","0","948","0","152","796","0","47400","651","7773","38833","143","948","46606","94.8","0","50","1000","1997","3.994","68","5.256005097941735","0","45","3.5797979797979798","10","700","948"
"55","BA","1000","2","0.1","50","0.1","0.5","1","platform","targeted","70","5","95","95","94.83830674356219","83.33159296613442","83.33159296613442","fixed","1","1","50","2997","25","50","23257947","v2.0-design-v1.0","100","100","0","7.936132465996453","true","99.64200000000001","11.678000000000006","50","0","1000","500","0","0","948","0","165","783","0","47400","671","7784","38806","139","948","46590","94.8","0","50","1000","1997","3.994","91","5.233483863866714","0","41.9","3.611111111111111","10","700","948"
"54","BA","1000","2","0.1","50","0.1","0.5","1","platform","targeted","70","5","95","95","94.83830674356219","83.33159296613442","83.33159296613442","fixed","1","1","50","2997","24","50","23257946","v2.0-design-v1.0","100","100","0","7.728421812928856","true","99.65799999999999","11.942000000000002","50","0","1000","500","0","0","948","0","154","794","0","47400","642","7665","38957","136","948","46622","94.8","0","50","1000","1997","3.994","139","6.1820855851551055","0","47.3","3.5565656565656565","10","700","948"
"56","BA","1000","2","0.1","50","0.1","0.5","1","platform","targeted","70","5","95","95","94.83830674356219","83.33159296613442","83.33159296613442","fixed","1","1","50","2997","26","50","23257948","v2.0-design-v1.0","100","100","0","7.8206962327134","true","99.69200000000001","11.345999999999995","50","0","1000","500","0","0","948","0","179","769","0","47400","656","7732","38897","115","948","46629","94.8","0","50","1000","1997","3.994","93","5.2984939405493305","0","43","3.6","10","700","948"
"57","BA","1000","2","0.1","50","0.1","0.5","1","platform","targeted","70","5","95","95","94.83830674356219","83.33159296613442","83.33159296613442","fixed","1","1","50","2997","27","50","23257949","v2.0-design-v1.0","100","99.9","0.09999999999999432","7.5685903500473035","true","99.68","11.822000000000008","50","0","999","500","0","0","948","0","179","769","0","47400","640","7816","38827","117","948","46643","94.8","0","50","1000","1997","3.994","59","4.8544340071247625","0","39.1","3.639393939393939","10","700","948"
"58","BA","1000","2","0.1","50","0.1","0.5","1","platform","targeted","70","5","95","95","94.83830674356219","83.33159296613442","83.33159296613442","fixed","1","1","50","2997","28","50","23257950","v2.0-design-v1.0","100","100","0","7.8695963697157865","true","99.654","11.834000000000001","50","0","1000","500","0","0","948","0","175","773","0","47400","659","7715","38892","134","948","46607","94.8","0","50","1000","1997","3.994","81","5.589025067147319","0","48.7","3.5424242424242425","10","700","948"
"59","BA","1000","2","0.1","50","0.1","0.5","1","platform","targeted","70","5","95","95","94.83830674356219","83.33159296613442","83.33159296613442","fixed","1","1","50","2997","29","50","23257951","v2.0-design-v1.0","100","100","0","7.624774503908599","true","99.704","11.908000000000007","50","0","1000","500","0","0","948","0","166","782","0","47400","634","7681","38975","110","948","46656","94.8","0","50","1000","1997","3.994","82","5.112739393329572","0","41.8","3.6121212121212123","10","700","948"
"60","BA","1000","2","0.1","50","0.1","0.5","1","platform","targeted","70","5","95","95","94.83830674356219","83.33159296613442","83.33159296613442","fixed","1","1","50","2997","30","50","23257952","v2.0-design-v1.0","100","100","0","7.646498332539305","true","99.62","12.09","50","0","1000","500","0","0","948","0","186","762","0","47400","642","7754","38864","140","948","46618","94.8","0","50","1000","1997","3.994","106","5.516375113640691","0","47.1","3.5585858585858587","10","700","948"
"61","BA","1000","2","0.1","50","0.1","0.5","1","platform","targeted","70","5","95","95","40.57778744320804","90.93707924942615","90.93707924942615","fixed","1","1","50","2998","1","50","23258923","v2.0-design-v1.0","66.1","47","19.099999999999994","66.76001723395089","true","66.84800000000001","32.85000000000001","50","33.900000000000006","470","500","339","392","406","53","25","325","3","20300","3099","1543","15349","309","350","16892","40.6","0","50","1000","1997","3.994","66","4.645163241646247","0","38.5","3.6454545454545455","10","700","406"
"62","BA","1000","2","0.1","50","0.1","0.5","1","platform","targeted","70","5","95","95","40.57778744320804","90.93707924942615","90.93707924942615","fixed","1","1","50","2998","2","50","23258924","v2.0-design-v1.0","64.6","44.7","19.89999999999999","68.02868941534449","true","67.036","33.90399999999999","50","35.4","447","500","354","408","406","54","26","318","8","20300","3130","1471","15416","283","344","16887","40.6","0","50","1000","1997","3.994","83","5.083089788878585","0","40.8","3.6222222222222222","10","700","406"
"64","BA","1000","2","0.1","50","0.1","0.5","1","platform","targeted","70","5","95","95","40.57778744320804","90.93707924942615","90.93707924942615","fixed","1","1","50","2998","4","50","23258926","v2.0-design-v1.0","66.3","47.699999999999996","18.6","66.85752036996256","true","67.95","34.21199999999999","50","33.7","477","500","337","396","406","59","32","310","5","20300","3036","1505","15458","301","342","16963","40.6","0","50","1000","1997","3.994","111","5.648882533198381","0","45.3","3.576767676767677","10","700","406"
"63","BA","1000","2","0.1","50","0.1","0.5","1","platform","targeted","70","5","95","95","40.57778744320804","90.93707924942615","90.93707924942615","fixed","1","1","50","2998","3","50","23258925","v2.0-design-v1.0","67.8","47.699999999999996","20.1","66.47125140924464","true","69.67000000000002","35.294","50","32.2","477","500","322","379","406","57","30","314","5","20300","2948","1487","15629","236","344","17116","40.6","0","50","1000","1997","3.994","63","4.980237621516334","0","41.7","3.613131313131313","10","700","406"
"65","BA","1000","2","0.1","50","0.1","0.5","1","platform","targeted","70","5","95","95","40.57778744320804","90.93707924942615","90.93707924942615","fixed","1","1","50","2998","5","50","23258927","v2.0-design-v1.0","65.4","45.7","19.700000000000003","67.32651729388732","true","66.91199999999999","33.912","50","34.599999999999994","457","500","346","402","406","56","30","315","5","20300","3095","1502","15382","321","345","16884","40.6","0","50","1000","1997","3.994","92","5.54334670507741","0","46","3.56969696969697","10","700","406"
"66","BA","1000","2","0.1","50","0.1","0.5","1","platform","targeted","70","5","95","95","40.57778744320804","90.93707924942615","90.93707924942615","fixed","1","1","50","2998","6","50","23258928","v2.0-design-v1.0","65","45.9","19.1","67.58253461128861","true","66.46600000000004","32.870000000000005","50","35","459","500","350","409","406","59","25","319","3","20300","3173","1522","15287","318","344","16809","40.6","0","50","1000","1997","3.994","77","5.436130564612608","0","46.7","3.562626262626263","10","700","406"
"67","BA","1000","2","0.1","50","0.1","0.5","1","platform","targeted","70","5","95","95","40.57778744320804","90.93707924942615","90.93707924942615","fixed","1","1","50","2998","7","50","23258929","v2.0-design-v1.0","68.1","46.5","21.599999999999994","66.0629581716257","true","69.15400000000001","35.56","50","31.900000000000002","465","500","319","389","406","70","32","303","1","20300","3064","1574","15414","248","335","16988","40.6","0","50","1000","1997","3.994","85","5.297360288485762","0","44.1","3.588888888888889","10","700","406"
"68","BA","1000","2","0.1","50","0.1","0.5","1","platform","targeted","70","5","95","95","40.57778744320804","90.93707924942615","90.93707924942615","fixed","1","1","50","2998","8","50","23258930","v2.0-design-v1.0","63.5","46.400000000000006","17.099999999999994","66.30994031693764","true","65.40400000000001","32.15599999999999","50","36.5","464","500","365","426","406","61","36","305","4","20300","3222","1637","15151","290","341","16788","40.6","0","50","1000","1997","3.994","84","5.5947533694761935","0","48.3","3.5464646464646465","10","700","406"
"69","BA","1000","2","0.1","50","0.1","0.5","1","platform","targeted","70","5","95","95","40.57778744320804","90.93707924942615","90.93707924942615","fixed","1","1","50","2998","9","50","23258931","v2.0-design-v1.0","66.5","47.4","19.1","66.42980189491817","true","68.292","34.52799999999999","50","33.5","474","500","335","387","406","52","42","305","7","20300","3085","1559","15350","306","347","16909","40.6","0","50","1000","1997","3.994","84","5.2260190657206","0","43.9","3.590909090909091","10","700","406"
"70","BA","1000","2","0.1","50","0.1","0.5","1","platform","targeted","70","5","95","95","40.57778744320804","90.93707924942615","90.93707924942615","fixed","1","1","50","2998","10","50","23258932","v2.0-design-v1.0","65.30000000000001","45.1","20.20000000000001","66.3585554600172","true","67.21","34.506","50","34.699999999999996","451","500","347","391","406","44","29","328","5","20300","3087","1565","15357","291","357","16922","40.6","0","50","1000","1997","3.994","55","4.790293405513994","0","39.6","3.6343434343434344","10","700","406"
"71","BA","1000","2","0.1","50","0.1","0.5","1","platform","targeted","70","5","95","95","40.57778744320804","90.93707924942615","90.93707924942615","fixed","1","1","50","2998","11","50","23258933","v2.0-design-v1.0","64.6","47","17.599999999999994","67.98368048099634","true","66.60799999999999","32.974000000000004","50","35.4","470","500","354","413","406","59","28","316","3","20300","3166","1491","15333","310","344","16824","40.6","0","50","1000","1997","3.994","79","4.941495966039262","0","39.4","3.6363636363636362","10","700","406"
"72","BA","1000","2","0.1","50","0.1","0.5","1","platform","targeted","70","5","95","95","40.57778744320804","90.93707924942615","90.93707924942615","fixed","1","1","50","2998","12","50","23258934","v2.0-design-v1.0","65.2","46.300000000000004","18.9","66.73280423280423","true","66.78399999999999","33.474000000000004","50","34.8","463","500","348","401","406","53","32","318","3","20300","3027","1509","15452","312","350","16961","40.6","0","50","1000","1997","3.994","73","5.261525220660596","0","45.2","3.577777777777778","10","700","406"
"74","BA","1000","2","0.1","50","0.1","0.5","1","platform","targeted","70","5","95","95","40.57778744320804","90.93707924942615","90.93707924942615","fixed","1","1","50","2998","14","50","23258936","v2.0-design-v1.0","65.8","45.9","19.9","65.54490751058614","true","68.61399999999999","35.282","50","34.2","459","500","342","410","406","68","37","295","6","20300","2941","1546","15532","281","332","17078","40.6","0","50","1000","1997","3.994","81","5.1893056272388485","0","43.2","3.597979797979798","10","700","406"
"73","BA","1000","2","0.1","50","0.1","0.5","1","platform","targeted","70","5","95","95","40.57778744320804","90.93707924942615","90.93707924942615","fixed","1","1","50","2998","13","50","23258935","v2.0-design-v1.0","64.80000000000001","45.800000000000004","19.000000000000007","68.10217437196538","true","66.968","33.662","50","35.199999999999996","458","500","352","410","406","58","27","315","6","20300","3226","1511","15201","362","342","16712","40.6","0","50","1000","1997","3.994","80","5.4759428366218215","0","46.4","3.5656565656565657","10","700","406"
"75","BA","1000","2","0.1","50","0.1","0.5","1","platform","targeted","70","5","95","95","40.57778744320804","90.93707924942615","90.93707924942615","fixed","1","1","50","2998","15","50","23258937","v2.0-design-v1.0","66.19999999999999","46.1","20.099999999999987","66.18069361608129","true","67.652","34.51200000000001","50","33.800000000000004","461","500","338","404","406","66","32","304","4","20300","2996","1531","15499","274","336","17030","40.6","0","50","1000","1997","3.994","123","6.338623047803246","0","50.5","3.5242424242424244","10","700","406"
"76","BA","1000","2","0.1","50","0.1","0.5","1","platform","targeted","70","5","95","95","40.57778744320804","90.93707924942615","90.93707924942615","fixed","1","1","50","2998","16","50","23258938","v2.0-design-v1.0","66","46.6","19.4","66.48542844715094","true","67.562","33.05400000000001","50","34","466","500","340","396","406","56","33","314","3","20300","3057","1541","15397","305","347","16938","40.6","0","50","1000","1997","3.994","82","5.656497145757243","0","48","3.5494949494949495","10","700","406"
"77","BA","1000","2","0.1","50","0.1","0.5","1","platform","targeted","70","5","95","95","40.57778744320804","90.93707924942615","90.93707924942615","fixed","1","1","50","2998","17","50","23258939","v2.0-design-v1.0","67.9","48","19.900000000000006","67.08668259830546","true","69.368","35.68199999999999","50","32.1","480","500","321","382","406","61","39","301","5","20300","3088","1515","15382","315","340","16897","40.6","0","50","1000","1997","3.994","83","5.064544758772843","0","43","3.6","10","700","406"
"78","BA","1000","2","0.1","50","0.1","0.5","1","platform","targeted","70","5","95","95","40.57778744320804","90.93707924942615","90.93707924942615","fixed","1","1","50","2998","18","50","23258940","v2.0-design-v1.0","68.6","47.5","21.099999999999994","66.63706992230854","true","69.834","35.878000000000014","50","31.4","475","500","314","375","406","61","37","298","10","20300","3002","1503","15486","309","335","16989","40.6","0","50","1000","1997","3.994","86","5.112347807035438","0","40","3.6303030303030304","10","700","406"
"79","BA","1000","2","0.1","50","0.1","0.5","1","platform","targeted","70","5","95","95","40.57778744320804","90.93707924942615","90.93707924942615","fixed","1","1","50","2998","19","50","23258941","v2.0-design-v1.0","64.80000000000001","46.800000000000004","18.000000000000007","67.12788259958072","true","66.994","32.696","50","35.199999999999996","468","500","352","414","406","62","27","312","5","20300","3202","1568","15226","304","339","16794","40.6","0","50","1000","1997","3.994","73","5.161259788327122","0","44.2","3.587878787878788","10","700","406"
"80","BA","1000","2","0.1","50","0.1","0.5","1","platform","targeted","70","5","95","95","40.57778744320804","90.93707924942615","90.93707924942615","fixed","1","1","50","2998","20","50","23258942","v2.0-design-v1.0","64.7","46.5","18.200000000000003","66.97091912545106","true","66.51599999999996","33.048","50","35.3","465","500","353","415","406","62","26","312","6","20300","3155","1556","15253","336","338","16809","40.6","0","50","1000","1997","3.994","79","5.690372953009691","0","49.7","3.5323232323232325","10","700","406"
"81","BA","1000","2","0.1","50","0.1","0.5","1","platform","targeted","70","5","95","95","40.57778744320804","90.93707924942615","90.93707924942615","fixed","1","1","50","2998","21","50","23258943","v2.0-design-v1.0","66.6","47.5","19.099999999999994","65.8703071672355","true","68.05999999999999","33.57599999999999","50","33.4","475","500","334","394","406","60","36","305","5","20300","3088","1600","15348","264","341","16948","40.6","0","50","1000","1997","3.994","54","4.865967698376295","0","39.9","3.6313131313131315","10","700","406"
"82","BA","1000","2","0.1","50","0.1","0.5","1","platform","targeted","70","5","95","95","40.57778744320804","90.93707924942615","90.93707924942615","fixed","1","1","50","2998","22","50","23258944","v2.0-design-v1.0","66.69999999999999","46.6","20.099999999999987","65.97528684907326","true","68.90399999999998","34.821999999999996","50","33.300000000000004","466","500","333","391","406","58","35","309","4","20300","2990","1542","15432","336","344","16974","40.6","0","50","1000","1997","3.994","91","5.592963905233538","0","45.9","3.5707070707070705","10","700","406"
"83","BA","1000","2","0.1","50","0.1","0.5","1","platform","targeted","70","5","95","95","40.57778744320804","90.93707924942615","90.93707924942615","fixed","1","1","50","2998","23","50","23258945","v2.0-design-v1.0","65.9","46.6","19.300000000000004","66.77882458501571","true","68.31","34.80399999999998","50","34.1","466","500","341","404","406","63","27","307","9","20300","2977","1481","15513","329","334","16994","40.6","0","50","1000","1997","3.994","78","5.1398815533416995","0","43.2","3.597979797979798","10","700","406"
"84","BA","1000","2","0.1","50","0.1","0.5","1","platform","targeted","70","5","95","95","40.57778744320804","90.93707924942615","90.93707924942615","fixed","1","1","50","2998","24","50","23258946","v2.0-design-v1.0","66.3","45.4","20.9","65.81996434937611","true","68.52","34.938","50","33.7","454","500","337","379","406","42","28","333","3","20300","2954","1534","15526","286","361","17060","40.6","0","50","1000","1997","3.994","78","5.654196135078249","0","50.7","3.522222222222222","10","700","406"
"86","BA","1000","2","0.1","50","0.1","0.5","1","platform","targeted","70","5","95","95","40.57778744320804","90.93707924942615","90.93707924942615","fixed","1","1","50","2998","26","50","23258948","v2.0-design-v1.0","66.1","46.5","19.599999999999994","66.39205745669624","true","67.244","32.681999999999995","50","33.900000000000006","465","500","339","393","406","54","38","309","5","20300","3143","1591","15272","294","347","16863","40.6","0","50","1000","1997","3.994","56","4.9150912628477235","0","41.1","3.6191919191919193","10","700","406"
"85","BA","1000","2","0.1","50","0.1","0.5","1","platform","targeted","70","5","95","95","40.57778744320804","90.93707924942615","90.93707924942615","fixed","1","1","50","2998","25","50","23258947","v2.0-design-v1.0","64.5","45.300000000000004","19.199999999999996","66.84118673647468","true","67.27600000000002","34.15800000000001","50","35.5","453","500","355","419","406","64","32","303","7","20300","3064","1520","15417","299","335","16937","40.6","0","50","1000","1997","3.994","58","5.063161028408986","0","43","3.6","10","700","406"
"88","BA","1000","2","0.1","50","0.1","0.5","1","platform","targeted","70","5","95","95","40.57778744320804","90.93707924942615","90.93707924942615","fixed","1","1","50","2998","28","50","23258950","v2.0-design-v1.0","65.4","46.6","18.800000000000004","66.99604743083005","true","67.86999999999998","33.952","50","34.599999999999994","466","500","346","403","406","57","31","313","5","20300","3051","1503","15449","297","344","16952","40.6","0","50","1000","1997","3.994","70","5.250288518693941","0","43.1","3.598989898989899","10","700","406"
"87","BA","1000","2","0.1","50","0.1","0.5","1","platform","targeted","70","5","95","95","40.57778744320804","90.93707924942615","90.93707924942615","fixed","1","1","50","2998","27","50","23258949","v2.0-design-v1.0","64.2","45.800000000000004","18.4","65.8669574700109","true","66.26799999999999","32.434000000000005","50","35.8","458","500","358","428","406","70","39","293","4","20300","3020","1565","15413","302","332","16978","40.6","0","50","1000","1997","3.994","83","5.719324669458325","0","49.7","3.5323232323232325","10","700","406"
"89","BA","1000","2","0.1","50","0.1","0.5","1","platform","targeted","70","5","95","95","40.57778744320804","90.93707924942615","90.93707924942615","fixed","1","1","50","2998","29","50","23258951","v2.0-design-v1.0","66.19999999999999","46.800000000000004","19.399999999999984","66.73139158576052","true","67.90399999999998","33.73000000000001","50","33.800000000000004","468","500","338","393","406","55","23","322","6","20300","3093","1542","15365","300","345","16907","40.6","0","50","1000","1997","3.994","80","5.083286712728653","0","40.9","3.621212121212121","10","700","406"
"90","BA","1000","2","0.1","50","0.1","0.5","1","platform","targeted","70","5","95","95","40.57778744320804","90.93707924942615","90.93707924942615","fixed","1","1","50","2998","30","50","23258952","v2.0-design-v1.0","64.6","45.7","18.89999999999999","67.54995655951348","true","67.44599999999997","33.88000000000002","50","35.4","457","500","354","425","406","71","22","305","8","20300","3110","1494","15370","326","327","16864","40.6","0","50","1000","1997","3.994","128","5.81117318049753","0","44.6","3.583838383838384","10","700","406"
"92","BA","1000","2","0.1","50","0.1","0.5","1","platform","targeted","70","5","95","95","23.978277249242208","72.44254159983652","72.44254159983652","fixed","1","1","50","2999","2","50","23259924","v2.0-design-v1.0","31.10000000000001","28.799999999999997","2.3000000000000114","66.45045045045045","true","39.946000000000005","15.618000000000002","50","68.89999999999999","288","500","689","769","240","80","31","102","27","12000","3688","1862","5097","1353","133","6959","24","0","50","1000","1997","3.994","83","5.156020611726495","0","41.1","3.6191919191919193","10","700","240"
"91","BA","1000","2","0.1","50","0.1","0.5","1","platform","targeted","70","5","95","95","23.978277249242208","72.44254159983652","72.44254159983652","fixed","1","1","50","2999","1","50","23259923","v2.0-design-v1.0","28.200000000000003","29.7","-1.4999999999999964","66.42769714985137","true","36.391999999999996","12.606000000000002","50","71.8","297","500","718","799","240","81","41","81","37","12000","3799","1920","4810","1471","122","6730","24","0","50","1000","1997","3.994","91","5.138712909899746","0","43.4","3.595959595959596","10","700","240"
"93","BA","1000","2","0.1","50","0.1","0.5","1","platform","targeted","70","5","95","95","23.978277249242208","72.44254159983652","72.44254159983652","fixed","1","1","50","2999","3","50","23259925","v2.0-design-v1.0","27.60000000000001","27.6","7.105427357601002E-15","67.8521373510862","true","35.331999999999994","11.848000000000004","50","72.39999999999999","276","500","724","809","240","85","38","91","26","12000","3873","1835","4715","1577","129","6550","24","0","50","1000","1997","3.994","80","5.156408881436038","0","42.8","3.602020202020202","10","700","240"
"94","BA","1000","2","0.1","50","0.1","0.5","1","platform","targeted","70","5","95","95","23.978277249242208","72.44254159983652","72.44254159983652","fixed","1","1","50","2999","4","50","23259926","v2.0-design-v1.0","29.900000000000006","29.2","0.7000000000000064","66.49819494584838","true","38.856","14.726000000000004","50","70.1","292","500","701","773","240","72","23","111","34","12000","3684","1856","5015","1445","134","6871","24","0","50","1000","1997","3.994","115","5.59833058199542","0","45.2","3.577777777777778","10","700","240"
"95","BA","1000","2","0.1","50","0.1","0.5","1","platform","targeted","70","5","95","95","23.978277249242208","72.44254159983652","72.44254159983652","fixed","1","1","50","2999","5","50","23259927","v2.0-design-v1.0","30","29.4","0.6000000000000014","66.78577809540826","true","37.836000000000006","13.945999999999994","50","70","294","500","700","781","240","81","39","89","31","12000","3738","1859","4985","1418","128","6844","24","0","50","1000","1997","3.994","73","5.044145855088582","0","40.9","3.621212121212121","10","700","240"
"96","BA","1000","2","0.1","50","0.1","0.5","1","platform","targeted","70","5","95","95","23.978277249242208","72.44254159983652","72.44254159983652","fixed","1","1","50","2999","6","50","23259928","v2.0-design-v1.0","26.700000000000003","28.499999999999996","-1.7999999999999936","67.26731980405877","true","35.76600000000002","11.747999999999998","50","73.3","285","500","733","807","240","74","37","95","34","12000","3845","1871","4781","1503","132","6652","24","0","50","1000","1997","3.994","93","5.741334942931551","0","48.7","3.5424242424242425","10","700","240"
"97","BA","1000","2","0.1","50","0.1","0.5","1","platform","targeted","70","5","95","95","23.978277249242208","72.44254159983652","72.44254159983652","fixed","1","1","50","2999","7","50","23259929","v2.0-design-v1.0","28.10000000000001","28.999999999999996","-0.8999999999999879","66.76485877664183","true","36.46800000000001","11.622000000000003","50","71.89999999999999","290","500","719","797","240","78","34","100","28","12000","3853","1918","4747","1482","134","6665","24","0","50","1000","1997","3.994","73","5.190848573105252","0","41.9","3.611111111111111","10","700","240"
"98","BA","1000","2","0.1","50","0.1","0.5","1","platform","targeted","70","5","95","95","23.978277249242208","72.44254159983652","72.44254159983652","fixed","1","1","50","2999","8","50","23259930","v2.0-design-v1.0","30.30000000000001","30","0.30000000000001137","65.72187776793623","true","37.684","13.198000000000002","50","69.69999999999999","300","500","697","781","240","84","35","91","30","12000","3710","1935","4946","1409","126","6881","24","0","50","1000","1997","3.994","100","5.480328274656355","0","43.9","3.590909090909091","10","700","240"
"99","BA","1000","2","0.1","50","0.1","0.5","1","platform","targeted","70","5","95","95","23.978277249242208","72.44254159983652","72.44254159983652","fixed","1","1","50","2999","9","50","23259931","v2.0-design-v1.0","30","27.800000000000004","2.1999999999999957","66.93964749866477","true","37.848","14.450000000000006","50","70","278","500","700","792","240","92","32","94","22","12000","3760","1857","5028","1355","126","6885","24","0","50","1000","1997","3.994","53","4.79426208596785","0","39.7","3.6333333333333333","10","700","240"
"100","BA","1000","2","0.1","50","0.1","0.5","1","platform","targeted","70","5","95","95","23.978277249242208","72.44254159983652","72.44254159983652","fixed","1","1","50","2999","10","50","23259932","v2.0-design-v1.0","28","28.7","-0.6999999999999993","66.70759515874408","true","35.675999999999995","11.397999999999994","50","72","287","500","720","805","240","85","43","87","25","12000","3803","1898","4800","1499","130","6698","24","0","50","1000","1997","3.994","92","5.464963845244516","0","46.7","3.562626262626263","10","700","240"
"101","BA","1000","2","0.1","50","0.1","0.5","1","platform","targeted","70","5","95","95","23.978277249242208","72.44254159983652","72.44254159983652","fixed","1","1","50","2999","11","50","23259933","v2.0-design-v1.0","26.799999999999997","28.9","-2.1000000000000014","68.30796777081468","true","36.547999999999995","12.652000000000003","50","73.2","289","500","732","803","240","71","29","95","45","12000","3815","1770","4884","1531","124","6654","24","0","50","1000","1997","3.994","60","5.027249470360221","0","42","3.61010101010101","10","700","240"
"102","BA","1000","2","0.1","50","0.1","0.5","1","platform","targeted","70","5","95","95","23.978277249242208","72.44254159983652","72.44254159983652","fixed","1","1","50","2999","12","50","23259934","v2.0-design-v1.0","26.700000000000003","28.999999999999996","-2.2999999999999936","67.1930447125621","true","36.024","12.345999999999998","50","73.3","290","500","733","815","240","82","38","82","38","12000","3787","1849","4882","1482","120","6731","24","0","50","1000","1997","3.994","75","5.121933052881311","0","43","3.6","10","700","240"
"103","BA","1000","2","0.1","50","0.1","0.5","1","platform","targeted","70","5","95","95","23.978277249242208","72.44254159983652","72.44254159983652","fixed","1","1","50","2999","13","50","23259935","v2.0-design-v1.0","29.80000000000001","30","-0.19999999999998863","64.07871198568873","true","37.96200000000001","13.124000000000006","50","70.19999999999999","300","500","702","776","240","74","36","93","37","12000","3582","2008","5071","1339","129","7079","24","0","50","1000","1997","3.994","103","5.869276992306002","0","48.8","3.5414141414141413","10","700","240"
"104","BA","1000","2","0.1","50","0.1","0.5","1","platform","targeted","70","5","95","95","23.978277249242208","72.44254159983652","72.44254159983652","fixed","1","1","50","2999","14","50","23259936","v2.0-design-v1.0","30.30000000000001","28.799999999999997","1.5000000000000142","66.83212196419075","true","37.959999999999994","13.864000000000008","50","69.69999999999999","288","500","697","783","240","86","25","103","26","12000","3770","1871","5005","1354","128","6876","24","0","50","1000","1997","3.994","96","5.769683982095831","0","47.9","3.5505050505050506","10","700","240"
"105","BA","1000","2","0.1","50","0.1","0.5","1","platform","targeted","70","5","95","95","23.978277249242208","72.44254159983652","72.44254159983652","fixed","1","1","50","2999","15","50","23259937","v2.0-design-v1.0","28.200000000000003","29.7","-1.4999999999999964","67.84836784836786","true","36.05999999999999","11.880000000000006","50","71.8","297","500","718","797","240","79","30","100","31","12000","3866","1832","4814","1488","130","6646","24","0","50","1000","1997","3.994","94","5.387670274895347","0","43.7","3.592929292929293","10","700","240"
"106","BA","1000","2","0.1","50","0.1","0.5","1","platform","targeted","70","5","95","95","23.978277249242208","72.44254159983652","72.44254159983652","fixed","1","1","50","2999","16","50","23259938","v2.0-design-v1.0","30.5","29.599999999999998","0.9000000000000021","65.83049632682315","true","39.135999999999996","14.521999999999998","50","69.5","296","500","695","778","240","83","37","93","27","12000","3674","1907","5098","1321","130","7005","24","0","50","1000","1997","3.994","89","5.370363563559245","0","43.4","3.595959595959596","10","700","240"
"107","BA","1000","2","0.1","50","0.1","0.5","1","platform","targeted","70","5","95","95","23.978277249242208","72.44254159983652","72.44254159983652","fixed","1","1","50","2999","17","50","23259939","v2.0-design-v1.0","28.400000000000006","28.599999999999998","-0.19999999999999218","67.97202797202797","true","36.656","12.634000000000006","50","71.6","286","500","716","808","240","92","37","82","29","12000","3888","1832","4794","1486","119","6626","24","0","50","1000","1997","3.994","88","5.29376878867862","0","42.6","3.604040404040404","10","700","240"
"108","BA","1000","2","0.1","50","0.1","0.5","1","platform","targeted","70","5","95","95","23.978277249242208","72.44254159983652","72.44254159983652","fixed","1","1","50","2999","18","50","23259940","v2.0-design-v1.0","28.200000000000003","28.4","-0.19999999999999574","66.30318198069361","true","37.238","13.180000000000001","50","71.8","284","500","718","799","240","81","38","88","33","12000","3709","1885","4987","1419","126","6872","24","0","50","1000","1997","3.994","84","5.24055602273531","0","41.4","3.6161616161616164","10","700","240"
"109","BA","1000","2","0.1","50","0.1","0.5","1","platform","targeted","70","5","95","95","23.978277249242208","72.44254159983652","72.44254159983652","fixed","1","1","50","2999","19","50","23259941","v2.0-design-v1.0","28.799999999999997","29.2","-0.40000000000000213","66.11806797853309","true","38.51799999999999","13.928000000000004","50","71.2","292","500","712","779","240","67","37","98","38","12000","3696","1894","5018","1392","135","6912","24","0","50","1000","1997","3.994","74","5.351691751643074","0","45.3","3.576767676767677","10","700","240"
"110","BA","1000","2","0.1","50","0.1","0.5","1","platform","targeted","70","5","95","95","23.978277249242208","72.44254159983652","72.44254159983652","fixed","1","1","50","2999","20","50","23259942","v2.0-design-v1.0","28.10000000000001","28.799999999999997","-0.6999999999999886","67.07998602864129","true","35.722","12.086000000000004","50","71.89999999999999","288","500","719","799","240","80","48","77","35","12000","3841","1885","4767","1507","125","6652","24","0","50","1000","1997","3.994","61","4.702773658180877","0","37.6","3.6545454545454548","10","700","240"
"111","BA","1000","2","0.1","50","0.1","0.5","1","platform","targeted","70","5","95","95","23.978277249242208","72.44254159983652","72.44254159983652","fixed","1","1","50","2999","21","50","23259943","v2.0-design-v1.0","30.200000000000003","29.4","0.8000000000000043","67.11609175275784","true","37.65999999999999","13.17","50","69.8","294","500","698","765","240","67","50","88","35","12000","3833","1878","4860","1429","138","6738","24","0","50","1000","1997","3.994","59","4.77522426350498","0","38.8","3.6424242424242426","10","700","240"
"113","BA","1000","2","0.1","50","0.1","0.5","1","platform","targeted","70","5","95","95","23.978277249242208","72.44254159983652","72.44254159983652","fixed","1","1","50","2999","23","50","23259945","v2.0-design-v1.0","29.60000000000001","29.299999999999997","0.30000000000001137","67.77620396600567","true","36.507999999999996","12.691999999999998","50","70.39999999999999","293","500","704","780","240","76","42","97","25","12000","3828","1820","4906","1446","139","6726","24","0","50","1000","1997","3.994","63","4.833355493373647","0","38.7","3.6434343434343432","10","700","240"
"112","BA","1000","2","0.1","50","0.1","0.5","1","platform","targeted","70","5","95","95","23.978277249242208","72.44254159983652","72.44254159983652","fixed","1","1","50","2999","22","50","23259944","v2.0-design-v1.0","28","28.199999999999996","-0.19999999999999574","67.53200568990043","true","35.28400000000001","11.558000000000003","50","72","282","500","720","802","240","82","45","86","27","12000","3798","1826","4836","1540","131","6662","24","0","50","1000","1997","3.994","87","5.290553274843174","0","43.8","3.591919191919192","10","700","240"
"115","BA","1000","2","0.1","50","0.1","0.5","1","platform","targeted","70","5","95","95","23.978277249242208","72.44254159983652","72.44254159983652","fixed","1","1","50","2999","25","50","23259947","v2.0-design-v1.0","28.60000000000001","29.2","-0.5999999999999908","66.7331399564902","true","36.858000000000004","12.554000000000004","50","71.39999999999999","292","500","714","778","240","64","43","92","41","12000","3681","1835","5074","1410","135","6909","24","0","50","1000","1997","3.994","166","6.872641209694966","0","51.4","3.515151515151515","10","700","240"
"114","BA","1000","2","0.1","50","0.1","0.5","1","platform","targeted","70","5","95","95","23.978277249242208","72.44254159983652","72.44254159983652","fixed","1","1","50","2999","24","50","23259946","v2.0-design-v1.0","30","29.099999999999998","0.9000000000000021","67.00017553098122","true","37.174","12.782","50","70","291","500","700","796","240","96","34","85","25","12000","3817","1880","4825","1478","119","6705","24","0","50","1000","1997","3.994","89","5.214513894425353","0","43.2","3.597979797979798","10","700","240"
"117","BA","1000","2","0.1","50","0.1","0.5","1","platform","targeted","70","5","95","95","23.978277249242208","72.44254159983652","72.44254159983652","fixed","1","1","50","2999","27","50","23259949","v2.0-design-v1.0","27.200000000000003","28.000000000000004","-0.8000000000000007","67.43980169971671","true","35.876","12.164000000000003","50","72.8","280","500","728","804","240","76","34","90","40","12000","3809","1839","4848","1504","124","6687","24","0","50","1000","1997","3.994","61","4.879320830993965","0","40.5","3.625252525252525","10","700","240"
"116","BA","1000","2","0.1","50","0.1","0.5","1","platform","targeted","70","5","95","95","23.978277249242208","72.44254159983652","72.44254159983652","fixed","1","1","50","2999","26","50","23259948","v2.0-design-v1.0","30.5","28.499999999999996","2.0000000000000036","67.97683804176171","true","37.358000000000004","13.639999999999997","50","69.5","285","500","695","778","240","83","40","97","20","12000","3874","1825","4927","1374","137","6752","24","0","50","1000","1997","3.994","52","4.777529569640429","0","38.3","3.6474747474747473","10","700","240"
"118","BA","1000","2","0.1","50","0.1","0.5","1","platform","targeted","70","5","95","95","23.978277249242208","72.44254159983652","72.44254159983652","fixed","1","1","50","2999","28","50","23259950","v2.0-design-v1.0","27.900000000000006","29.7","-1.7999999999999936","68.14984171649667","true","36.204","12.235999999999999","50","72.1","297","500","721","797","240","76","39","95","30","12000","3875","1811","4813","1501","134","6624","24","0","50","1000","1997","3.994","57","4.530837945953532","0","38.1","3.6494949494949496","10","700","240"
"119","BA","1000","2","0.1","50","0.1","0.5","1","platform","targeted","70","5","95","95","23.978277249242208","72.44254159983652","72.44254159983652","fixed","1","1","50","2999","29","50","23259951","v2.0-design-v1.0","29.5","29.7","-0.1999999999999993","67.16888577435178","true","37.059999999999995","12.706000000000008","50","70.5","297","500","705","785","240","80","35","94","31","12000","3834","1874","4837","1455","129","6711","24","0","50","1000","1997","3.994","81","5.106862446164375","0","41.9","3.611111111111111","10","700","240"
"120","BA","1000","2","0.1","50","0.1","0.5","1","platform","targeted","70","5","95","95","23.978277249242208","72.44254159983652","72.44254159983652","fixed","1","1","50","2999","30","50","23259952","v2.0-design-v1.0","28.5","28.7","-0.1999999999999993","67.21223981497954","true","36.966","12.932","50","71.5","287","500","715","815","240","100","29","82","29","12000","3778","1843","4890","1489","111","6733","24","0","50","1000","1997","3.994","65","4.979232546965113","0","41.1","3.6191919191919193","10","700","240"
"121","BA","1000","2","0.1","50","0.1","0.5","1","platform","targeted","70","5","95","95","56.636130095023226","60.261885522193836","60.261885522193836","fixed","1","1","50","3000","1","50","23260923","v2.0-design-v1.0","88.3","89.5","-1.2000000000000028","23.38637290901673","true","83.10399999999998","11.563999999999997","50","11.700000000000001","895","500","117","156","566","39","211","288","28","28300","2866","9389","14113","1932","499","23502","56.6","0","50","1000","1997","3.994","89","5.703375534934762","0","49.2","3.5373737373737373","10","700","566"
"122","BA","1000","2","0.1","50","0.1","0.5","1","platform","targeted","70","5","95","95","56.636130095023226","60.261885522193836","60.261885522193836","fixed","1","1","50","3000","2","50","23260924","v2.0-design-v1.0","88.4","90.10000000000001","-1.7000000000000028","21.546688605512134","true","84.19599999999998","13.131999999999996","50","11.600000000000001","901","500","116","152","566","36","199","301","30","28300","2619","9536","14388","1757","500","23924","56.6","0","50","1000","1997","3.994","62","4.891205157002493","0","39.9","3.6313131313131315","10","700","566"
"123","BA","1000","2","0.1","50","0.1","0.5","1","platform","targeted","70","5","95","95","56.636130095023226","60.261885522193836","60.261885522193836","fixed","1","1","50","3000","3","50","23260925","v2.0-design-v1.0","90.5","92.80000000000001","-2.3000000000000114","20.85141903171953","true","86.43599999999998","13.636000000000003","50","9.5","928","500","95","136","566","41","205","297","23","28300","2498","9482","14701","1619","502","24183","56.6","0","50","1000","1997","3.994","95","5.123300909785808","0","39.3","3.6373737373737374","10","700","566"
"124","BA","1000","2","0.1","50","0.1","0.5","1","platform","targeted","70","5","95","95","56.636130095023226","60.261885522193836","60.261885522193836","fixed","1","1","50","3000","4","50","23260926","v2.0-design-v1.0","85.9","88.3","-2.3999999999999915","21.277291683702675","true","84.12200000000001","13.414000000000003","50","14.099999999999998","883","500","141","178","566","37","195","291","43","28300","2602","9627","14420","1651","486","24047","56.6","0","50","1000","1997","3.994","89","5.300382821840134","0","43.5","3.594949494949495","10","700","566"
"125","BA","1000","2","0.1","50","0.1","0.5","1","platform","targeted","70","5","95","95","56.636130095023226","60.261885522193836","60.261885522193836","fixed","1","1","50","3000","5","50","23260927","v2.0-design-v1.0","87.5","86.4","1.0999999999999943","25.13002559233881","true","80.42199999999998","11.645999999999999","50","12.5","864","500","125","170","566","45","192","302","27","28300","3044","9069","14160","2027","494","23229","56.6","0","50","1000","1997","3.994","121","6.253564669136429","0","48.8","3.5414141414141413","10","700","566"
"127","BA","1000","2","0.1","50","0.1","0.5","1","platform","targeted","70","5","95","95","56.636130095023226","60.261885522193836","60.261885522193836","fixed","1","1","50","3000","7","50","23260929","v2.0-design-v1.0","89.8","91","-1.2000000000000028","21.092851273623666","true","84.52600000000002","12.150000000000004","50","10.2","910","500","102","141","566","39","202","305","20","28300","2567","9603","14454","1676","507","24057","56.6","0","50","1000","1997","3.994","105","5.4642311281480165","0","44","3.5898989898989897","10","700","566"
"126","BA","1000","2","0.1","50","0.1","0.5","1","platform","targeted","70","5","95","95","56.636130095023226","60.261885522193836","60.261885522193836","fixed","1","1","50","3000","6","50","23260928","v2.0-design-v1.0","90.3","89.5","0.7999999999999972","23.27054371966768","true","83.094","12.890000000000002","50","9.700000000000001","895","500","97","141","566","44","183","316","23","28300","2829","9328","14207","1936","499","23535","56.6","0","50","1000","1997","3.994","120","5.761350289398926","0","46.9","3.5606060606060606","10","700","566"
"128","BA","1000","2","0.1","50","0.1","0.5","1","platform","targeted","70","5","95","95","56.636130095023226","60.261885522193836","60.261885522193836","fixed","1","1","50","3000","8","50","23260930","v2.0-design-v1.0","90.3","89.7","0.5999999999999943","22.18011040619593","true","84.32600000000001","14.816000000000004","50","9.700000000000001","897","500","97","133","566","36","193","315","22","28300","2692","9445","14381","1782","508","23826","56.6","0","50","1000","1997","3.994","109","6.0350962201432035","0","46.8","3.5616161616161617","10","700","566"
"129","BA","1000","2","0.1","50","0.1","0.5","1","platform","targeted","70","5","95","95","56.636130095023226","60.261885522193836","60.261885522193836","fixed","1","1","50","3000","9","50","23260931","v2.0-design-v1.0","87","85.9","1.0999999999999943","25.0546780072904","true","81.526","13.186","50","13","859","500","130","185","566","55","195","284","32","28300","3093","9252","13977","1978","479","23229","56.6","0","50","1000","1997","3.994","84","5.5359380967104865","0","48.9","3.54040404040404","10","700","566"
"131","BA","1000","2","0.1","50","0.1","0.5","1","platform","targeted","70","5","95","95","56.636130095023226","60.261885522193836","60.261885522193836","fixed","1","1","50","3000","11","50","23260933","v2.0-design-v1.0","93.3","94.5","-1.2000000000000028","20.389631830939408","true","86.57400000000001","13.041999999999996","50","6.7","945","500","67","97","566","30","196","322","18","28300","2470","9644","14523","1663","518","24167","56.6","0","50","1000","1997","3.994","77","4.776691405228175","0","36.5","3.665656565656566","10","700","566"
"130","BA","1000","2","0.1","50","0.1","0.5","1","platform","targeted","70","5","95","95","56.636130095023226","60.261885522193836","60.261885522193836","fixed","1","1","50","3000","10","50","23260932","v2.0-design-v1.0","88.1","90","-1.9000000000000057","21.062618595825427","true","85.12400000000001","14.057999999999998","50","11.899999999999999","900","500","119","158","566","39","197","304","26","28300","2553","9568","14472","1707","501","24040","56.6","0","50","1000","1997","3.994","110","5.825968237632773","0","49.1","3.5383838383838384","10","700","566"
"132","BA","1000","2","0.1","50","0.1","0.5","1","platform","targeted","70","5","95","95","56.636130095023226","60.261885522193836","60.261885522193836","fixed","1","1","50","3000","12","50","23260934","v2.0-design-v1.0","91.7","91.7","0","22.01046949124816","true","84.73400000000001","11.411999999999995","50","8.3","917","500","83","120","566","37","198","311","20","28300","2691","9535","14312","1762","509","23847","56.6","0","50","1000","1997","3.994","69","5.160095986567545","0","42.5","3.605050505050505","10","700","566"
"133","BA","1000","2","0.1","50","0.1","0.5","1","platform","targeted","70","5","95","95","56.636130095023226","60.261885522193836","60.261885522193836","fixed","1","1","50","3000","13","50","23260935","v2.0-design-v1.0","87.4","88","-0.5999999999999943","23.79742686224699","true","82.38999999999999","12.147999999999998","50","12.6","880","500","126","182","566","56","220","264","26","28300","2904","9299","14122","1975","484","23421","56.6","0","50","1000","1997","3.994","84","5.241701960188063","0","43.7","3.592929292929293","10","700","566"
"134","BA","1000","2","0.1","50","0.1","0.5","1","platform","targeted","70","5","95","95","56.636130095023226","60.261885522193836","60.261885522193836","fixed","1","1","50","3000","14","50","23260936","v2.0-design-v1.0","88.4","90","-1.5999999999999943","21.54979716863979","true","84.49199999999999","14.051999999999994","50","11.600000000000001","900","500","116","157","566","41","209","282","34","28300","2603","9476","14477","1744","491","23953","56.6","0","50","1000","1997","3.994","114","5.571265834889137","0","43.1","3.598989898989899","10","700","566"
"135","BA","1000","2","0.1","50","0.1","0.5","1","platform","targeted","70","5","95","95","56.636130095023226","60.261885522193836","60.261885522193836","fixed","1","1","50","3000","15","50","23260937","v2.0-design-v1.0","90.4","87.4","3","20.62551440329218","true","85.084","16.100000000000005","50","9.6","874","500","96","133","566","37","201","307","21","28300","2506","9644","14517","1633","508","24161","56.6","0","50","1000","1997","3.994","86","5.196052632812994","0","44.1","3.588888888888889","10","700","566"
"136","BA","1000","2","0.1","50","0.1","0.5","1","platform","targeted","70","5","95","95","56.636130095023226","60.261885522193836","60.261885522193836","fixed","1","1","50","3000","16","50","23260938","v2.0-design-v1.0","89","86.8","2.200000000000003","21.453856919403968","true","83.538","15.413999999999994","50","11","868","500","110","139","566","29","212","303","22","28300","2606","9541","14448","1705","515","23989","56.6","0","50","1000","1997","3.994","56","4.7326908162653405","0","39","3.6404040404040403","10","700","566"
"137","BA","1000","2","0.1","50","0.1","0.5","1","platform","targeted","70","5","95","95","56.636130095023226","60.261885522193836","60.261885522193836","fixed","1","1","50","3000","17","50","23260939","v2.0-design-v1.0","84.9","86.3","-1.3999999999999915","24.510199145368055","true","81.148","12.688000000000004","50","15.1","863","500","151","189","566","38","225","269","34","28300","3040","9363","13909","1988","494","23272","56.6","0","50","1000","1997","3.994","85","5.3945403015516495","0","45.4","3.5757575757575757","10","700","566"
"138","BA","1000","2","0.1","50","0.1","0.5","1","platform","targeted","70","5","95","95","56.636130095023226","60.261885522193836","60.261885522193836","fixed","1","1","50","3000","18","50","23260940","v2.0-design-v1.0","90.6","90.3","0.29999999999999716","22.063013921680373","true","84.52600000000001","14.881999999999996","50","9.4","903","500","94","137","566","43","216","283","24","28300","2710","9573","14307","1710","499","23880","56.6","0","50","1000","1997","3.994","87","5.544791133010206","0","46.2","3.5676767676767676","10","700","566"
"139","BA","1000","2","0.1","50","0.1","0.5","1","platform","targeted","70","5","95","95","56.636130095023226","60.261885522193836","60.261885522193836","fixed","1","1","50","3000","19","50","23260941","v2.0-design-v1.0","90.9","92.9","-2","20.83161794977357","true","85.75800000000001","11.570000000000002","50","9.1","929","500","91","113","566","22","213","311","20","28300","2530","9615","14493","1662","524","24108","56.6","0","50","1000","1997","3.994","65","4.86473325369743","0","39","3.6404040404040403","10","700","566"
"140","BA","1000","2","0.1","50","0.1","0.5","1","platform","targeted","70","5","95","95","56.636130095023226","60.261885522193836","60.261885522193836","fixed","1","1","50","3000","20","50","23260942","v2.0-design-v1.0","89.1","89.3","-0.20000000000000284","22.110099269833455","true","83.574","12.077999999999998","50","10.9","893","500","109","141","566","32","209","297","28","28300","2695","9494","14394","1717","506","23888","56.6","0","50","1000","1997","3.994","95","5.781642620518095","0","47.2","3.5575757575757576","10","700","566"
"141","BA","1000","2","0.1","50","0.1","0.5","1","platform","targeted","70","5","95","95","56.636130095023226","60.261885522193836","60.261885522193836","fixed","1","1","50","3000","21","50","23260943","v2.0-design-v1.0","90","91","-1","22.938542938542938","true","83.67599999999999","12.473999999999998","50","10","910","500","100","146","566","46","195","295","30","28300","2818","9467","14225","1790","490","23692","56.6","0","50","1000","1997","3.994","72","5.076981360980129","0","42.6","3.604040404040404","10","700","566"
"142","BA","1000","2","0.1","50","0.1","0.5","1","platform","targeted","70","5","95","95","56.636130095023226","60.261885522193836","60.261885522193836","fixed","1","1","50","3000","22","50","23260944","v2.0-design-v1.0","89","92.2","-3.200000000000003","23.42439591463921","true","84.08999999999997","11.543999999999997","50","11","922","500","110","147","566","37","186","315","28","28300","2821","9222","14227","2030","501","23449","56.6","0","50","1000","1997","3.994","79","4.966954261379357","0","40.6","3.624242424242424","10","700","566"
"143","BA","1000","2","0.1","50","0.1","0.5","1","platform","targeted","70","5","95","95","56.636130095023226","60.261885522193836","60.261885522193836","fixed","1","1","50","3000","23","50","23260945","v2.0-design-v1.0","86.7","84.3","2.4000000000000057","24.545305587416024","true","81.45599999999999","14.562000000000001","50","13.3","843","500","133","176","566","43","190","302","31","28300","2996","9210","14149","1945","492","23359","56.6","0","50","1000","1997","3.994","71","5.05584073379744","0","41.4","3.6161616161616164","10","700","566"
"144","BA","1000","2","0.1","50","0.1","0.5","1","platform","targeted","70","5","95","95","56.636130095023226","60.261885522193836","60.261885522193836","fixed","1","1","50","3000","24","50","23260946","v2.0-design-v1.0","89.5","91.7","-2.200000000000003","23.796637966379663","true","83.56200000000001","11.175999999999995","50","10.5","917","500","105","152","566","47","190","301","28","28300","2902","9293","14180","1925","491","23473","56.6","0","50","1000","1997","3.994","64","5.519640425827605","0","48.2","3.5474747474747477","10","700","566"
"145","BA","1000","2","0.1","50","0.1","0.5","1","platform","targeted","70","5","95","95","56.636130095023226","60.261885522193836","60.261885522193836","fixed","1","1","50","3000","25","50","23260947","v2.0-design-v1.0","84.4","83.5","0.9000000000000057","25.018234865062","true","80.24800000000002","13.660000000000004","50","15.6","835","500","156","203","566","47","218","273","28","28300","3087","9252","13932","2029","491","23184","56.6","0","50","1000","1997","3.994","69","5.467893731763791","0","48","3.5494949494949495","10","700","566"
"146","BA","1000","2","0.1","50","0.1","0.5","1","platform","targeted","70","5","95","95","56.636130095023226","60.261885522193836","60.261885522193836","fixed","1","1","50","3000","26","50","23260948","v2.0-design-v1.0","86.9","91.8","-4.8999999999999915","24.309664694280077","true","83.76599999999999","11.448000000000004","50","13.100000000000001","918","500","131","175","566","44","187","297","38","28300","2958","9210","14167","1965","484","23377","56.6","0","50","1000","1997","3.994","128","6.357230401548992","0","52.1","3.508080808080808","10","700","566"
"147","BA","1000","2","0.1","50","0.1","0.5","1","platform","targeted","70","5","95","95","56.636130095023226","60.261885522193836","60.261885522193836","fixed","1","1","50","3000","27","50","23260949","v2.0-design-v1.0","85.7","88.9","-3.200000000000003","24.316109422492403","true","82.596","12.164000000000001","50","14.299999999999999","889","500","143","196","566","53","182","300","31","28300","2960","9213","14095","2032","482","23308","56.6","0","50","1000","1997","3.994","69","5.465330166955489","0","48.6","3.5434343434343436","10","700","566"
"148","BA","1000","2","0.1","50","0.1","0.5","1","platform","targeted","70","5","95","95","56.636130095023226","60.261885522193836","60.261885522193836","fixed","1","1","50","3000","28","50","23260950","v2.0-design-v1.0","88.9","91.7","-2.799999999999997","23.18769432171494","true","83.78799999999997","11.297999999999995","50","11.1","917","500","111","148","566","37","192","311","26","28300","2834","9388","14230","1848","503","23618","56.6","0","50","1000","1997","3.994","65","5.028444018704903","0","42","3.61010101010101","10","700","566"
"149","BA","1000","2","0.1","50","0.1","0.5","1","platform","targeted","70","5","95","95","56.636130095023226","60.261885522193836","60.261885522193836","fixed","1","1","50","3000","29","50","23260951","v2.0-design-v1.0","90.3","92.2","-1.9000000000000057","22.650800164136236","true","84.89","11.489999999999993","50","9.700000000000001","922","500","97","127","566","30","201","318","17","28300","2760","9425","14312","1803","519","23737","56.6","0","50","1000","1997","3.994","86","5.349259629012083","0","44","3.5898989898989897","10","700","566"
"150","BA","1000","2","0.1","50","0.1","0.5","1","platform","targeted","70","5","95","95","56.636130095023226","60.261885522193836","60.261885522193836","fixed","1","1","50","3000","30","50","23260952","v2.0-design-v1.0","84.8","90.3","-5.5","24.11173731928449","true","82.79000000000002","12.180000000000001","50","15.2","903","500","152","188","566","36","187","303","40","28300","2952","9291","14149","1908","490","23440","56.6","0","50","1000","1997","3.994","102","5.913284276181146","0","50.1","3.5282828282828285","10","700","566"
"151","BA","1000","2","0.1","50","0.1","0.5","1","platform","targeted","70","5","95","95","80.23173352898574","65.81196305106923","65.81196305106923","fixed","1","1","50","3001","1","50","23261923","v2.0-design-v1.0","100","100","0","6.293607724293467","true","98.354","6.940000000000005","50","0","1000","500","0","0","802","0","284","518","0","40100","893","13296","25426","485","802","38722","80.2","0","50","1000","1997","3.994","65","5.250097858852485","0","45.2","3.577777777777778","10","700","802"
"152","BA","1000","2","0.1","50","0.1","0.5","1","platform","targeted","70","5","95","95","80.23173352898574","65.81196305106923","65.81196305106923","fixed","1","1","50","3001","2","50","23261924","v2.0-design-v1.0","100","100","0","5.783115304882407","true","98.632","7.140000000000002","50","0","1000","500","0","0","802","0","295","507","0","40100","809","13180","25719","392","802","38899","80.2","0","50","1000","1997","3.994","85","5.178878718871941","0","42.3","3.607070707070707","10","700","802"
"153","BA","1000","2","0.1","50","0.1","0.5","1","platform","targeted","70","5","95","95","80.23173352898574","65.81196305106923","65.81196305106923","fixed","1","1","50","3001","3","50","23261925","v2.0-design-v1.0","100","100","0","6.282943284840818","true","98.27","7.1940000000000035","50","0","1000","500","0","0","802","0","266","536","0","40100","894","13335","25384","487","802","38719","80.2","0","50","1000","1997","3.994","110","5.586696266593976","0","44","3.5898989898989897","10","700","802"
"154","BA","1000","2","0.1","50","0.1","0.5","1","platform","targeted","70","5","95","95","80.23173352898574","65.81196305106923","65.81196305106923","fixed","1","1","50","3001","4","50","23261926","v2.0-design-v1.0","100","100","0","5.582698663601092","true","98.62200000000001","6.909999999999999","50","0","1000","500","0","0","802","0","274","528","0","40100","777","13141","25791","391","802","38932","80.2","0","50","1000","1997","3.994","68","4.822989241665912","0","39.6","3.6343434343434344","10","700","802"
"155","BA","1000","2","0.1","50","0.1","0.5","1","platform","targeted","70","5","95","95","80.23173352898574","65.81196305106923","65.81196305106923","fixed","1","1","50","3001","5","50","23261927","v2.0-design-v1.0","100","100","0","5.6246923996343945","true","98.59","6.645999999999997","50","0","1000","500","0","0","802","0","267","535","0","40100","800","13423","25465","412","802","38888","80.2","0","50","1000","1997","3.994","63","5.169205421018263","0","42.3","3.607070707070707","10","700","802"
"156","BA","1000","2","0.1","50","0.1","0.5","1","platform","targeted","70","5","95","95","80.23173352898574","65.81196305106923","65.81196305106923","fixed","1","1","50","3001","6","50","23261928","v2.0-design-v1.0","100","100","0","7.7281388947702725","true","98.052","6.88","50","0","1000","500","0","0","802","0","258","544","0","40100","1095","13074","25354","577","802","38428","80.2","0","50","1000","1997","3.994","79","5.1338406987673695","0","41.6","3.614141414141414","10","700","802"
"157","BA","1000","2","0.1","50","0.1","0.5","1","platform","targeted","70","5","95","95","80.23173352898574","65.81196305106923","65.81196305106923","fixed","1","1","50","3001","7","50","23261929","v2.0-design-v1.0","100","100","0","6.940639269406393","true","98.11200000000001","7.128000000000006","50","0","1000","500","0","0","802","0","256","546","0","40100","988","13247","25328","537","802","38575","80.2","0","50","1000","1997","3.994","79","5.599045750242912","0","47.6","3.5535353535353535","10","700","802"
"158","BA","1000","2","0.1","50","0.1","0.5","1","platform","targeted","70","5","95","95","80.23173352898574","65.81196305106923","65.81196305106923","fixed","1","1","50","3001","8","50","23261930","v2.0-design-v1.0","100","100","0","5.820927114936851","true","98.37200000000001","6.92","50","0","1000","500","0","0","802","0","259","543","0","40100","825","13348","25471","456","802","38819","80.2","0","50","1000","1997","3.994","84","5.4032544969822665","0","44.8","3.581818181818182","10","700","802"
"159","BA","1000","2","0.1","50","0.1","0.5","1","platform","targeted","70","5","95","95","80.23173352898574","65.81196305106923","65.81196305106923","fixed","1","1","50","3001","9","50","23261931","v2.0-design-v1.0","100","100","0","6.043564920273348","true","98.31","7.132000000000001","50","0","1000","500","0","0","802","0","287","515","0","40100","849","13199","25574","478","802","38773","80.2","0","50","1000","1997","3.994","83","4.761789436612941","0","36.7","3.6636363636363636","10","700","802"
"160","BA","1000","2","0.1","50","0.1","0.5","1","platform","targeted","70","5","95","95","80.23173352898574","65.81196305106923","65.81196305106923","fixed","1","1","50","3001","10","50","23261932","v2.0-design-v1.0","100","100","0","6.393442622950819","true","98.25399999999999","7.278000000000004","50","0","1000","500","0","0","802","0","272","530","0","40100","897","13133","25599","471","802","38732","80.2","0","50","1000","1997","3.994","70","5.0801350151124565","0","43.4","3.595959595959596","10","700","802"
"161","BA","1000","2","0.1","50","0.1","0.5","1","platform","targeted","70","5","95","95","80.23173352898574","65.81196305106923","65.81196305106923","fixed","1","1","50","3001","11","50","23261933","v2.0-design-v1.0","100","100","0","6.737763966381808","true","98.226","7.276000000000002","50","0","1000","500","0","0","802","0","258","544","0","40100","954","13205","25457","484","802","38662","80.2","0","50","1000","1997","3.994","119","5.775059767250482","0","43.7","3.592929292929293","10","700","802"
"162","BA","1000","2","0.1","50","0.1","0.5","1","platform","targeted","70","5","95","95","80.23173352898574","65.81196305106923","65.81196305106923","fixed","1","1","50","3001","12","50","23261934","v2.0-design-v1.0","100","100","0","6.232948583420776","true","98.41","7.096000000000001","50","0","1000","500","0","0","802","0","295","507","0","40100","891","13404","25338","467","802","38742","80.2","0","50","1000","1997","3.994","78","4.808855278451306","0","39.1","3.639393939393939","10","700","802"
"163","BA","1000","2","0.1","50","0.1","0.5","1","platform","targeted","70","5","95","95","80.23173352898574","65.81196305106923","65.81196305106923","fixed","1","1","50","3001","13","50","23261935","v2.0-design-v1.0","100","100","0","5.868109955846745","true","98.494","7.460000000000003","50","0","1000","500","0","0","802","0","258","544","0","40100","824","13218","25635","423","802","38853","80.2","0","50","1000","1997","3.994","78","5.090567539860147","0","43","3.6","10","700","802"
"164","BA","1000","2","0.1","50","0.1","0.5","1","platform","targeted","70","5","95","95","80.23173352898574","65.81196305106923","65.81196305106923","fixed","1","1","50","3001","14","50","23261936","v2.0-design-v1.0","100","100","0","6.340643172423458","true","98.476","6.932000000000003","50","0","1000","500","0","0","802","0","279","523","0","40100","905","13368","25375","452","802","38743","80.2","0","50","1000","1997","3.994","100","5.532501475153213","0","44.9","3.580808080808081","10","700","802"
"165","BA","1000","2","0.1","50","0.1","0.5","1","platform","targeted","70","5","95","95","80.23173352898574","65.81196305106923","65.81196305106923","fixed","1","1","50","3001","15","50","23261937","v2.0-design-v1.0","100","100","0","6.2383745886392905","true","98.472","7.0939999999999985","50","0","1000","500","0","0","802","0","266","536","0","40100","872","13106","25686","436","802","38792","80.2","0","50","1000","1997","3.994","88","4.985259954788386","0","38.6","3.6444444444444444","10","700","802"
"166","BA","1000","2","0.1","50","0.1","0.5","1","platform","targeted","70","5","95","95","80.23173352898574","65.81196305106923","65.81196305106923","fixed","1","1","50","3001","16","50","23261938","v2.0-design-v1.0","100","100","0","6.464904802500711","true","98.176","6.9479999999999995","50","0","1000","500","0","0","802","0","270","532","0","40100","910","13166","25490","534","802","38656","80.2","0","50","1000","1997","3.994","82","5.041366816586479","0","40.1","3.6292929292929292","10","700","802"
"167","BA","1000","2","0.1","50","0.1","0.5","1","platform","targeted","70","5","95","95","80.23173352898574","65.81196305106923","65.81196305106923","fixed","1","1","50","3001","17","50","23261939","v2.0-design-v1.0","100","100","0","6.117265222606364","true","98.45200000000001","7.361999999999998","50","0","1000","500","0","0","802","0","256","546","0","40100","867","13306","25500","427","802","38806","80.2","0","50","1000","1997","3.994","74","4.990678397860433","0","42.5","3.605050505050505","10","700","802"
"168","BA","1000","2","0.1","50","0.1","0.5","1","platform","targeted","70","5","95","95","80.23173352898574","65.81196305106923","65.81196305106923","fixed","1","1","50","3001","18","50","23261940","v2.0-design-v1.0","100","100","0","6.9456305152291495","true","98.33200000000001","7.559999999999998","50","0","1000","500","0","0","802","0","264","538","0","40100","976","13076","25566","482","802","38642","80.2","0","50","1000","1997","3.994","92","5.70021547456378","0","49","3.5393939393939395","10","700","802"
"169","BA","1000","2","0.1","50","0.1","0.5","1","platform","targeted","70","5","95","95","80.23173352898574","65.81196305106923","65.81196305106923","fixed","1","1","50","3001","19","50","23261941","v2.0-design-v1.0","100","100","0","7.570509648688768","true","98.074","6.952000000000001","50","0","1000","500","0","0","802","0","243","559","0","40100","1071","13076","25377","576","802","38453","80.2","0","50","1000","1997","3.994","113","5.835582063343646","0","47.3","3.5565656565656565","10","700","802"
"170","BA","1000","2","0.1","50","0.1","0.5","1","platform","targeted","70","5","95","95","80.23173352898574","65.81196305106923","65.81196305106923","fixed","1","1","50","3001","20","50","23261942","v2.0-design-v1.0","100","100","0","6.841697754628","true","98.464","6.9060000000000015","50","0","1000","500","0","0","802","0","248","554","0","40100","972","13235","25436","457","802","38671","80.2","0","50","1000","1997","3.994","90","5.502203034988633","0","44.6","3.583838383838384","10","700","802"
"171","BA","1000","2","0.1","50","0.1","0.5","1","platform","targeted","70","5","95","95","80.23173352898574","65.81196305106923","65.81196305106923","fixed","1","1","50","3001","21","50","23261943","v2.0-design-v1.0","100","100","0","5.555951786605806","true","98.62799999999999","7.451999999999998","50","0","1000","500","0","0","802","0","274","528","0","40100","779","13242","25700","379","802","38942","80.2","0","50","1000","1997","3.994","88","5.667105088145093","0","47.9","3.5505050505050506","10","700","802"
"172","BA","1000","2","0.1","50","0.1","0.5","1","platform","targeted","70","5","95","95","80.23173352898574","65.81196305106923","65.81196305106923","fixed","1","1","50","3001","22","50","23261944","v2.0-design-v1.0","100","100","0","6.241615476946975","true","98.432","7.34","50","0","1000","500","0","0","802","0","278","524","0","40100","884","13279","25490","447","802","38769","80.2","0","50","1000","1997","3.994","94","5.641612516984104","0","49","3.5393939393939395","10","700","802"
"173","BA","1000","2","0.1","50","0.1","0.5","1","platform","targeted","70","5","95","95","80.23173352898574","65.81196305106923","65.81196305106923","fixed","1","1","50","3001","23","50","23261945","v2.0-design-v1.0","100","100","0","6.160164271047227","true","98.462","7.540000000000003","50","0","1000","500","0","0","802","0","271","531","0","40100","870","13253","25534","443","802","38787","80.2","0","50","1000","1997","3.994","86","5.714597152960173","0","47.2","3.5575757575757576","10","700","802"
"174","BA","1000","2","0.1","50","0.1","0.5","1","platform","targeted","70","5","95","95","80.23173352898574","65.81196305106923","65.81196305106923","fixed","1","1","50","3001","24","50","23261946","v2.0-design-v1.0","100","100","0","6.77403404676132","true","98.178","6.776","50","0","1000","500","0","0","802","0","270","532","0","40100","959","13198","25429","514","802","38627","80.2","0","50","1000","1997","3.994","100","5.568210571536324","0","44.5","3.584848484848485","10","700","802"
"175","BA","1000","2","0.1","50","0.1","0.5","1","platform","targeted","70","5","95","95","80.23173352898574","65.81196305106923","65.81196305106923","fixed","1","1","50","3001","25","50","23261947","v2.0-design-v1.0","100","100","0","6.4330395223201595","true","98.36399999999999","6.827999999999999","50","0","1000","500","0","0","802","0","243","559","0","40100","905","13163","25576","456","802","38739","80.2","0","50","1000","1997","3.994","62","5.025656297561654","0","42.2","3.608080808080808","10","700","802"
"176","BA","1000","2","0.1","50","0.1","0.5","1","platform","targeted","70","5","95","95","80.23173352898574","65.81196305106923","65.81196305106923","fixed","1","1","50","3001","26","50","23261948","v2.0-design-v1.0","100","100","0","6.21030345800988","true","98.31200000000001","6.934000000000001","50","0","1000","500","0","0","802","0","287","515","0","40100","880","13290","25462","468","802","38752","80.2","0","50","1000","1997","3.994","84","5.173463900398707","0","42.8","3.602020202020202","10","700","802"
"177","BA","1000","2","0.1","50","0.1","0.5","1","platform","targeted","70","5","95","95","80.23173352898574","65.81196305106923","65.81196305106923","fixed","1","1","50","3001","27","50","23261949","v2.0-design-v1.0","100","100","0","5.947275922671353","true","98.39200000000001","7.184000000000001","50","0","1000","500","0","0","802","0","284","518","0","40100","846","13379","25426","449","802","38805","80.2","0","50","1000","1997","3.994","72","4.649471107726289","0","35.9","3.6717171717171717","10","700","802"
"178","BA","1000","2","0.1","50","0.1","0.5","1","platform","targeted","70","5","95","95","80.23173352898574","65.81196305106923","65.81196305106923","fixed","1","1","50","3001","28","50","23261950","v2.0-design-v1.0","100","100","0","6.099853770628786","true","98.376","7.19","50","0","1000","500","0","0","802","0","261","541","0","40100","876","13485","25283","456","802","38768","80.2","0","50","1000","1997","3.994","69","5.125254357808216","0","44.2","3.587878787878788","10","700","802"
"179","BA","1000","2","0.1","50","0.1","0.5","1","platform","targeted","70","5","95","95","80.23173352898574","65.81196305106923","65.81196305106923","fixed","1","1","50","3001","29","50","23261951","v2.0-design-v1.0","100","100","0","7.400112549240292","true","98.098","6.684","50","0","1000","500","0","0","802","0","259","543","0","40100","1052","13164","25334","550","802","38498","80.2","0","50","1000","1997","3.994","54","5.029041186474337","0","43.9","3.590909090909091","10","700","802"
"180","BA","1000","2","0.1","50","0.1","0.5","1","platform","targeted","70","5","95","95","80.23173352898574","65.81196305106923","65.81196305106923","fixed","1","1","50","3001","30","50","23261952","v2.0-design-v1.0","100","100","0","6.579508313201648","true","98.256","6.734000000000001","50","0","1000","500","0","0","802","0","280","522","0","40100","926","13148","25537","489","802","38685","80.2","0","50","1000","1997","3.994","87","5.369617937693213","0","46.6","3.5636363636363635","10","700","802"
"181","BA","1000","2","0.1","50","0.1","0.5","1","platform","targeted","70","5","95","95","79.00777969152291","67.18008793991828","67.18008793991828","fixed","1","1","50","3002","1","50","23262923","v2.0-design-v1.0","100","100","0","6.400714498362609","true","98.538","7.720000000000004","50","0","1000","500","0","0","790","0","252","538","0","39500","860","12576","25682","382","790","38258","79","0","50","1000","1997","3.994","81","5.358794704099101","0","46.7","3.562626262626263","10","700","790"
"182","BA","1000","2","0.1","50","0.1","0.5","1","platform","targeted","70","5","95","95","79.00777969152291","67.18008793991828","67.18008793991828","fixed","1","1","50","3002","2","50","23262924","v2.0-design-v1.0","100","100","0","6.208142072390698","true","98.556","7.646","50","0","1000","500","0","0","790","0","236","554","0","39500","825","12464","25836","375","790","38300","79","0","50","1000","1997","3.994","93","5.2154736280768486","0","40.3","3.6272727272727274","10","700","790"
"183","BA","1000","2","0.1","50","0.1","0.5","1","platform","targeted","70","5","95","95","79.00777969152291","67.18008793991828","67.18008793991828","fixed","1","1","50","3002","3","50","23262925","v2.0-design-v1.0","100","100","0","7.032004158312913","true","98.262","7.306000000000001","50","0","1000","500","0","0","790","0","247","543","0","39500","947","12520","25554","479","790","38074","79","0","50","1000","1997","3.994","115","5.7455178160871565","0","44.6","3.583838383838384","10","700","790"
"184","BA","1000","2","0.1","50","0.1","0.5","1","platform","targeted","70","5","95","95","79.00777969152291","67.18008793991828","67.18008793991828","fixed","1","1","50","3002","4","50","23262926","v2.0-design-v1.0","100","100","0","6.462816157040392","true","98.374","7.841999999999998","50","0","1000","500","0","0","790","0","258","532","0","39500","856","12389","25808","447","790","38197","79","0","50","1000","1997","3.994","56","4.982849866571612","0","42.3","3.607070707070707","10","700","790"
"185","BA","1000","2","0.1","50","0.1","0.5","1","platform","targeted","70","5","95","95","79.00777969152291","67.18008793991828","67.18008793991828","fixed","1","1","50","3002","5","50","23262927","v2.0-design-v1.0","100","100","0","6.689460383529062","true","98.272","7.500000000000003","50","0","1000","500","0","0","790","0","272","518","0","39500","900","12554","25579","467","790","38133","79","0","50","1000","1997","3.994","66","5.052870025588962","0","41.6","3.614141414141414","10","700","790"
"186","BA","1000","2","0.1","50","0.1","0.5","1","platform","targeted","70","5","95","95","79.00777969152291","67.18008793991828","67.18008793991828","fixed","1","1","50","3002","6","50","23262928","v2.0-design-v1.0","100","100","0","6.135799684186781","true","98.63","7.5939999999999985","50","0","1000","500","0","0","790","0","240","550","0","39500","816","12483","25848","353","790","38331","79","0","50","1000","1997","3.994","60","4.762630223589331","0","39","3.6404040404040403","10","700","790"
"187","BA","1000","2","0.1","50","0.1","0.5","1","platform","targeted","70","5","95","95","79.00777969152291","67.18008793991828","67.18008793991828","fixed","1","1","50","3002","7","50","23262929","v2.0-design-v1.0","100","100","0","6.023827252419956","true","98.60799999999999","7.436000000000002","50","0","1000","500","0","0","790","0","255","535","0","39500","809","12621","25691","379","790","38312","79","0","50","1000","1997","3.994","87","5.451025378557467","0","44.1","3.588888888888889","10","700","790"
"188","BA","1000","2","0.1","50","0.1","0.5","1","platform","targeted","70","5","95","95","79.00777969152291","67.18008793991828","67.18008793991828","fixed","1","1","50","3002","8","50","23262930","v2.0-design-v1.0","100","100","0","6.255119517462209","true","98.52","8.148","50","0","1000","500","0","0","790","0","261","529","0","39500","840","12589","25706","365","790","38295","79","0","50","1000","1997","3.994","60","4.954039413095783","0","40.4","3.6262626262626263","10","700","790"
"189","BA","1000","2","0.1","50","0.1","0.5","1","platform","targeted","70","5","95","95","79.00777969152291","67.18008793991828","67.18008793991828","fixed","1","1","50","3002","9","50","23262931","v2.0-design-v1.0","100","100","0","6.31634026012857","true","98.478","7.653999999999997","50","0","1000","500","0","0","790","0","252","538","0","39500","845","12533","25723","399","790","38256","79","0","50","1000","1997","3.994","76","5.396395564178466","0","46.9","3.5606060606060606","10","700","790"
"190","BA","1000","2","0.1","50","0.1","0.5","1","platform","targeted","70","5","95","95","79.00777969152291","67.18008793991828","67.18008793991828","fixed","1","1","50","3002","10","50","23262932","v2.0-design-v1.0","100","100","0","6.754716981132075","true","98.36200000000001","7.6579999999999995","50","0","1000","500","0","0","790","0","255","535","0","39500","895","12355","25786","464","790","38141","79","0","50","1000","1997","3.994","74","5.110585297407923","0","43.1","3.598989898989899","10","700","790"
"191","BA","1000","2","0.1","50","0.1","0.5","1","platform","targeted","70","5","95","95","79.00777969152291","67.18008793991828","67.18008793991828","fixed","1","1","50","3002","11","50","23262933","v2.0-design-v1.0","100","100","0","6.196019526849418","true","98.47200000000001","7.866000000000001","50","0","1000","500","0","0","790","0","245","545","0","39500","825","12490","25799","386","790","38289","79","0","50","1000","1997","3.994","69","5.433183549585213","0","47.1","3.5585858585858587","10","700","790"
"192","BA","1000","2","0.1","50","0.1","0.5","1","platform","targeted","70","5","95","95","79.00777969152291","67.18008793991828","67.18008793991828","fixed","1","1","50","3002","12","50","23262934","v2.0-design-v1.0","100","100","0","6.59642353639534","true","98.398","7.823999999999996","50","0","1000","500","0","0","790","0","269","521","0","39500","889","12588","25572","451","790","38160","79","0","50","1000","1997","3.994","100","5.7484788430513465","0","48.3","3.5464646464646465","10","700","790"
"193","BA","1000","2","0.1","50","0.1","0.5","1","platform","targeted","70","5","95","95","79.00777969152291","67.18008793991828","67.18008793991828","fixed","1","1","50","3002","13","50","23262935","v2.0-design-v1.0","100","100","0","7.314718550423288","true","97.936","7.443999999999999","50","0","1000","500","0","0","790","0","254","536","0","39500","985","12481","25487","547","790","37968","79","0","50","1000","1997","3.994","71","4.939672495658417","0","41.1","3.6191919191919193","10","700","790"
"194","BA","1000","2","0.1","50","0.1","0.5","1","platform","targeted","70","5","95","95","79.00777969152291","67.18008793991828","67.18008793991828","fixed","1","1","50","3002","14","50","23262936","v2.0-design-v1.0","100","99.8","0.20000000000000284","6.286440424577664","true","98.542","7.705999999999997","50","0","998","500","0","0","790","0","251","539","0","39500","841","12537","25700","422","790","38237","79","0","50","1000","1997","3.994","82","5.188919819084585","0","41.5","3.6151515151515152","10","700","790"
"195","BA","1000","2","0.1","50","0.1","0.5","1","platform","targeted","70","5","95","95","79.00777969152291","67.18008793991828","67.18008793991828","fixed","1","1","50","3002","15","50","23262937","v2.0-design-v1.0","100","100","0","6.501824681611677","true","98.304","7.652000000000003","50","0","1000","500","0","0","790","0","262","528","0","39500","873","12554","25612","461","790","38166","79","0","50","1000","1997","3.994","103","5.655258256343905","0","46.3","3.566666666666667","10","700","790"
"196","BA","1000","2","0.1","50","0.1","0.5","1","platform","targeted","70","5","95","95","79.00777969152291","67.18008793991828","67.18008793991828","fixed","1","1","50","3002","16","50","23262938","v2.0-design-v1.0","100","100","0","6.5873673116012945","true","98.444","7.985999999999997","50","0","1000","500","0","0","790","0","276","514","0","39500","875","12408","25787","430","790","38195","79","0","50","1000","1997","3.994","98","5.600654544901984","0","45.2","3.577777777777778","10","700","790"
"197","BA","1000","2","0.1","50","0.1","0.5","1","platform","targeted","70","5","95","95","79.00777969152291","67.18008793991828","67.18008793991828","fixed","1","1","50","3002","17","50","23262939","v2.0-design-v1.0","100","100","0","5.945258749626085","true","98.494","7.846000000000004","50","0","1000","500","0","0","790","0","265","525","0","39500","795","12577","25739","389","790","38316","79","0","50","1000","1997","3.994","76","5.10705845336099","0","41.3","3.617171717171717","10","700","790"
"198","BA","1000","2","0.1","50","0.1","0.5","1","platform","targeted","70","5","95","95","79.00777969152291","67.18008793991828","67.18008793991828","fixed","1","1","50","3002","18","50","23262940","v2.0-design-v1.0","100","100","0","9.617064647641236","true","97.602","6.789999999999997","50","0","1000","500","0","0","790","0","245","545","0","39500","1321","12415","25080","684","790","37495","79","0","50","1000","1997","3.994","99","6.254364962254873","0","52.8","3.501010101010101","10","700","790"
"199","BA","1000","2","0.1","50","0.1","0.5","1","platform","targeted","70","5","95","95","79.00777969152291","67.18008793991828","67.18008793991828","fixed","1","1","50","3002","19","50","23262941","v2.0-design-v1.0","100","100","0","6.740397548946346","true","98.34","7.864000000000001","50","0","1000","500","0","0","790","0","264","526","0","39500","902","12480","25690","428","790","38170","79","0","50","1000","1997","3.994","77","5.161841590809281","0","43","3.6","10","700","790"
"200","BA","1000","2","0.1","50","0.1","0.5","1","platform","targeted","70","5","95","95","79.00777969152291","67.18008793991828","67.18008793991828","fixed","1","1","50","3002","20","50","23262942","v2.0-design-v1.0","100","100","0","6.407680285778075","true","98.53","7.508000000000002","50","0","1000","500","0","0","790","0","243","547","0","39500","861","12576","25693","370","790","38269","79","0","50","1000","1997","3.994","85","5.193933089763564","0","42.7","3.603030303030303","10","700","790"
"201","BA","1000","2","0.1","50","0.1","0.5","1","platform","targeted","70","5","95","95","79.00777969152291","67.18008793991828","67.18008793991828","fixed","1","1","50","3002","21","50","23262943","v2.0-design-v1.0","100","100","0","7.290192866185122","true","98.084","7.512000000000003","50","0","1000","500","0","0","790","0","274","516","0","39500","979","12450","25545","526","790","37995","79","0","50","1000","1997","3.994","83","5.088207332042771","0","41.3","3.617171717171717","10","700","790"
"202","BA","1000","2","0.1","50","0.1","0.5","1","platform","targeted","70","5","95","95","79.00777969152291","67.18008793991828","67.18008793991828","fixed","1","1","50","3002","22","50","23262944","v2.0-design-v1.0","100","100","0","6.005398110661268","true","98.574","7.722","50","0","1000","500","0","0","790","0","263","527","0","39500","801","12537","25769","393","790","38306","79","0","50","1000","1997","3.994","62","4.834597949916544","0","39.5","3.6353535353535356","10","700","790"
"203","BA","1000","2","0.1","50","0.1","0.5","1","platform","targeted","70","5","95","95","79.00777969152291","67.18008793991828","67.18008793991828","fixed","1","1","50","3002","23","50","23262945","v2.0-design-v1.0","100","100","0","6.081629640563879","true","98.55","7.479999999999995","50","0","1000","500","0","0","790","0","247","543","0","39500","824","12725","25569","382","790","38294","79","0","50","1000","1997","3.994","113","6.060750506059217","0","47.2","3.5575757575757576","10","700","790"
"204","BA","1000","2","0.1","50","0.1","0.5","1","platform","targeted","70","5","95","95","79.00777969152291","67.18008793991828","67.18008793991828","fixed","1","1","50","3002","24","50","23262946","v2.0-design-v1.0","100","100","0","6.690349319123742","true","98.47200000000001","7.534000000000005","50","0","1000","500","0","0","790","0","265","525","0","39500","904","12608","25577","411","790","38185","79","0","50","1000","1997","3.994","78","4.9370374049968735","0","40.5","3.625252525252525","10","700","790"
"205","BA","1000","2","0.1","50","0.1","0.5","1","platform","targeted","70","5","95","95","79.00777969152291","67.18008793991828","67.18008793991828","fixed","1","1","50","3002","25","50","23262947","v2.0-design-v1.0","100","100","0","6.143447239954939","true","98.50400000000002","7.608000000000001","50","0","1000","500","0","0","790","0","268","522","0","39500","818","12497","25805","380","790","38302","79","0","50","1000","1997","3.994","73","4.885061701537428","0","39.1","3.639393939393939","10","700","790"
"206","BA","1000","2","0.1","50","0.1","0.5","1","platform","targeted","70","5","95","95","79.00777969152291","67.18008793991828","67.18008793991828","fixed","1","1","50","3002","26","50","23262948","v2.0-design-v1.0","100","100","0","7.28051391862955","true","98.31200000000001","7.505999999999999","50","0","1000","500","0","0","790","0","268","522","0","39500","986","12557","25487","470","790","38044","79","0","50","1000","1997","3.994","132","6.144731216393607","0","49.7","3.5323232323232325","10","700","790"
"207","BA","1000","2","0.1","50","0.1","0.5","1","platform","targeted","70","5","95","95","79.00777969152291","67.18008793991828","67.18008793991828","fixed","1","1","50","3002","27","50","23262949","v2.0-design-v1.0","100","100","0","6.32977532283347","true","98.418","7.746000000000004","50","0","1000","500","0","0","790","0","263","527","0","39500","848","12549","25678","425","790","38227","79","0","50","1000","1997","3.994","111","5.692131794360028","0","45","3.5797979797979798","10","700","790"
"209","BA","1000","2","0.1","50","0.1","0.5","1","platform","targeted","70","5","95","95","79.00777969152291","67.18008793991828","67.18008793991828","fixed","1","1","50","3002","29","50","23262951","v2.0-design-v1.0","100","100","0","6.9893656032269895","true","98.24","7.87","50","0","1000","500","0","0","790","0","269","521","0","39500","953","12682","25423","442","790","38105","79","0","50","1000","1997","3.994","68","5.311702003894617","0","46","3.56969696969697","10","700","790"
"208","BA","1000","2","0.1","50","0.1","0.5","1","platform","targeted","70","5","95","95","79.00777969152291","67.18008793991828","67.18008793991828","fixed","1","1","50","3002","28","50","23262950","v2.0-design-v1.0","100","100","0","6.6158514023532895","true","98.35","7.7360000000000015","50","0","1000","500","0","0","790","0","276","514","0","39500","894","12619","25542","445","790","38161","79","0","50","1000","1997","3.994","53","4.738820572718528","0","39.9","3.6313131313131315","10","700","790"
"210","BA","1000","2","0.1","50","0.1","0.5","1","platform","targeted","70","5","95","95","79.00777969152291","67.18008793991828","67.18008793991828","fixed","1","1","50","3002","30","50","23262952","v2.0-design-v1.0","100","100","0","6.255131745913264","true","98.42400000000002","7.558000000000004","50","0","1000","500","0","0","790","0","241","549","0","39500","838","12559","25683","420","790","38242","79","0","50","1000","1997","3.994","78","5.4119546610492915","0","45.4","3.5757575757575757","10","700","790"
"211","BA","1000","2","0.1","50","0.1","0.5","1","platform","targeted","70","5","95","95","39.94268416647479","83.57731980578549","83.57731980578549","fixed","1","1","50","3003","1","50","23263923","v2.0-design-v1.0","62.5","50","12.5","54.640743871513095","true","65.61000000000001","24.954","50","37.5","500","500","375","438","399","63","60","268","8","19950","3232","2683","13405","630","328","16088","39.9","0","50","1000","1997","3.994","85","5.668341388280526","0","49","3.5393939393939395","10","700","399"
"212","BA","1000","2","0.1","50","0.1","0.5","1","platform","targeted","70","5","95","95","39.94268416647479","83.57731980578549","83.57731980578549","fixed","1","1","50","3003","2","50","23263924","v2.0-design-v1.0","61.3","49.5","11.799999999999997","56.26684636118598","true","64.51799999999999","24.946000000000005","50","38.7","495","500","387","451","399","64","53","268","14","19950","3340","2596","13335","679","321","15931","39.9","0","50","1000","1997","3.994","54","5.006898544311933","0","43.1","3.598989898989899","10","700","399"
"213","BA","1000","2","0.1","50","0.1","0.5","1","platform","targeted","70","5","95","95","39.94268416647479","83.57731980578549","83.57731980578549","fixed","1","1","50","3003","3","50","23263925","v2.0-design-v1.0","64.1","50.3","13.799999999999997","54.44739462329904","true","66.746","26.051999999999992","50","35.9","503","500","359","425","399","66","66","256","11","19950","3281","2745","13239","685","322","15984","39.9","0","50","1000","1997","3.994","82","4.918755753049552","0","38.8","3.6424242424242426","10","700","399"
"214","BA","1000","2","0.1","50","0.1","0.5","1","platform","targeted","70","5","95","95","39.94268416647479","83.57731980578549","83.57731980578549","fixed","1","1","50","3003","4","50","23263926","v2.0-design-v1.0","59.599999999999994","50.2","9.399999999999991","55.8454425363276","true","63.88200000000002","24.224","50","40.400000000000006","502","500","404","476","399","72","51","259","17","19950","3382","2674","13198","696","310","15872","39.9","0","50","1000","1997","3.994","93","5.707235454800899","0","49.8","3.5313131313131314","10","700","399"
"215","BA","1000","2","0.1","50","0.1","0.5","1","platform","targeted","70","5","95","95","39.94268416647479","83.57731980578549","83.57731980578549","fixed","1","1","50","3003","5","50","23263927","v2.0-design-v1.0","62.6","48.8","13.800000000000004","56.259351620947626","true","65.036","25.372","50","37.4","488","500","374","439","399","65","59","269","6","19950","3384","2631","13312","623","328","15943","39.9","0","50","1000","1997","3.994","67","4.72697665620513","0","37.7","3.6535353535353536","10","700","399"
"216","BA","1000","2","0.1","50","0.1","0.5","1","platform","targeted","70","5","95","95","39.94268416647479","83.57731980578549","83.57731980578549","fixed","1","1","50","3003","6","50","23263928","v2.0-design-v1.0","62.2","50.8","11.400000000000006","55.33151059466849","true","65.648","24.938000000000002","50","37.8","508","500","378","447","399","69","41","280","9","19950","3238","2614","13469","629","321","16083","39.9","0","50","1000","1997","3.994","83","5.496742506082858","0","45.5","3.5747474747474746","10","700","399"
"217","BA","1000","2","0.1","50","0.1","0.5","1","platform","targeted","70","5","95","95","39.94268416647479","83.57731980578549","83.57731980578549","fixed","1","1","50","3003","7","50","23263929","v2.0-design-v1.0","61.4","48.5","12.899999999999999","55.63093622795115","true","65.28000000000002","25.80199999999999","50","38.6","485","500","386","443","399","57","51","272","19","19950","3280","2616","13403","651","323","16019","39.9","0","50","1000","1997","3.994","78","5.273687113943687","0","43.8","3.591919191919192","10","700","399"
"218","BA","1000","2","0.1","50","0.1","0.5","1","platform","targeted","70","5","95","95","39.94268416647479","83.57731980578549","83.57731980578549","fixed","1","1","50","3003","8","50","23263930","v2.0-design-v1.0","62.2","50.2","12","55.79478553406224","true","64.27199999999998","24.599999999999994","50","37.8","502","500","378","453","399","75","59","255","10","19950","3317","2628","13356","649","314","15984","39.9","0","50","1000","1997","3.994","92","5.500929396404226","0","46.5","3.5646464646464646","10","700","399"
"219","BA","1000","2","0.1","50","0.1","0.5","1","platform","targeted","70","5","95","95","39.94268416647479","83.57731980578549","83.57731980578549","fixed","1","1","50","3003","9","50","23263931","v2.0-design-v1.0","64.2","51.2","13","55.355896720167486","true","67.37200000000001","27.240000000000006","50","35.8","512","500","358","405","399","47","51","290","11","19950","3173","2559","13578","640","341","16137","39.9","0","50","1000","1997","3.994","57","4.780043181061517","0","40.5","3.625252525252525","10","700","399"
"220","BA","1000","2","0.1","50","0.1","0.5","1","platform","targeted","70","5","95","95","39.94268416647479","83.57731980578549","83.57731980578549","fixed","1","1","50","3003","10","50","23263932","v2.0-design-v1.0","59.2","49.7","9.5","56.93938390195429","true","62.49799999999999","22.772","50","40.8","497","500","408","474","399","66","47","269","17","19950","3438","2600","13235","677","316","15835","39.9","0","50","1000","1997","3.994","76","5.254671785713691","0","44.1","3.588888888888889","10","700","399"
"221","BA","1000","2","0.1","50","0.1","0.5","1","platform","targeted","70","5","95","95","39.94268416647479","83.57731980578549","83.57731980578549","fixed","1","1","50","3003","11","50","23263933","v2.0-design-v1.0","62.7","50.8","11.900000000000006","56.94373618901921","true","64.55000000000001","24.314000000000007","50","37.3","508","500","373","449","399","76","45","272","6","19950","3350","2533","13435","632","317","15968","39.9","0","50","1000","1997","3.994","109","5.390827860822951","0","41.7","3.613131313131313","10","700","399"
"222","BA","1000","2","0.1","50","0.1","0.5","1","platform","targeted","70","5","95","95","39.94268416647479","83.57731980578549","83.57731980578549","fixed","1","1","50","3003","12","50","23263934","v2.0-design-v1.0","61.6","48.9","12.700000000000003","55.62858105830806","true","65.086","25.444000000000006","50","38.4","489","500","384","441","399","57","49","283","10","19950","3301","2633","13355","661","332","15988","39.9","0","50","1000","1997","3.994","100","5.559394829553913","0","46.1","3.5686868686868687","10","700","399"
"223","BA","1000","2","0.1","50","0.1","0.5","1","platform","targeted","70","5","95","95","39.94268416647479","83.57731980578549","83.57731980578549","fixed","1","1","50","3003","13","50","23263935","v2.0-design-v1.0","59.8","49.6","10.199999999999996","58.5709549071618","true","62.614","23.16799999999999","50","40.2","496","500","402","471","399","69","55","262","13","19950","3533","2499","13161","757","317","15660","39.9","0","50","1000","1997","3.994","58","4.862057548364016","0","40","3.6303030303030304","10","700","399"
"224","BA","1000","2","0.1","50","0.1","0.5","1","platform","targeted","70","5","95","95","39.94268416647479","83.57731980578549","83.57731980578549","fixed","1","1","50","3003","14","50","23263936","v2.0-design-v1.0","63.4","50","13.399999999999999","54.7924141465915","true","65.966","26.502000000000002","50","36.6","500","500","366","427","399","61","55","268","15","19950","3207","2646","13498","599","323","16144","39.9","0","50","1000","1997","3.994","56","4.607297601760828","0","36.8","3.6626262626262625","10","700","399"
"225","BA","1000","2","0.1","50","0.1","0.5","1","platform","targeted","70","5","95","95","39.94268416647479","83.57731980578549","83.57731980578549","fixed","1","1","50","3003","15","50","23263937","v2.0-design-v1.0","62.1","48.699999999999996","13.400000000000006","56.105777328617144","true","64.97999999999998","25.284000000000002","50","37.9","487","500","379","447","399","68","67","255","9","19950","3331","2606","13414","599","322","16020","39.9","0","50","1000","1997","3.994","72","5.289985628330938","0","45.1","3.5787878787878786","10","700","399"
"226","BA","1000","2","0.1","50","0.1","0.5","1","platform","targeted","70","5","95","95","39.94268416647479","83.57731980578549","83.57731980578549","fixed","1","1","50","3003","16","50","23263938","v2.0-design-v1.0","63.800000000000004","51","12.800000000000004","55.54076539101498","true","65.93599999999999","25.408000000000005","50","36.199999999999996","510","500","362","424","399","62","49","279","9","19950","3338","2672","13303","637","328","15975","39.9","0","50","1000","1997","3.994","76","5.1492211526092335","0","43.2","3.597979797979798","10","700","399"
"227","BA","1000","2","0.1","50","0.1","0.5","1","platform","targeted","70","5","95","95","39.94268416647479","83.57731980578549","83.57731980578549","fixed","1","1","50","3003","17","50","23263939","v2.0-design-v1.0","60.3","47.3","13","56.547619047619044","true","63.07200000000002","24.263999999999996","50","39.7","473","500","397","465","399","68","52","268","11","19950","3420","2628","13261","641","320","15889","39.9","0","50","1000","1997","3.994","75","5.21585747209115","0","43.3","3.596969696969697","10","700","399"
"228","BA","1000","2","0.1","50","0.1","0.5","1","platform","targeted","70","5","95","95","39.94268416647479","83.57731980578549","83.57731980578549","fixed","1","1","50","3003","18","50","23263940","v2.0-design-v1.0","61.4","48.9","12.5","55.69899779174452","true","64.06200000000003","24.915999999999993","50","38.6","489","500","386","449","399","63","47","275","14","19950","3279","2608","13393","670","322","16001","39.9","0","50","1000","1997","3.994","85","5.889367423471626","0","49.7","3.5323232323232325","10","700","399"
"229","BA","1000","2","0.1","50","0.1","0.5","1","platform","targeted","70","5","95","95","39.94268416647479","83.57731980578549","83.57731980578549","fixed","1","1","50","3003","19","50","23263941","v2.0-design-v1.0","61.5","49.8","11.700000000000003","55.63059260509877","true","66.45","25.89399999999999","50","38.5","498","500","385","459","399","74","58","249","18","19950","3295","2628","13446","581","307","16074","39.9","0","50","1000","1997","3.994","68","5.088797486622921","0","42.6","3.604040404040404","10","700","399"
"230","BA","1000","2","0.1","50","0.1","0.5","1","platform","targeted","70","5","95","95","39.94268416647479","83.57731980578549","83.57731980578549","fixed","1","1","50","3003","20","50","23263942","v2.0-design-v1.0","62","50","12","56.5408698595363","true","64.994","25.157999999999987","50","38","500","500","380","435","399","55","68","262","14","19950","3341","2568","13412","629","330","15980","39.9","0","50","1000","1997","3.994","86","5.260003006808223","0","40.5","3.625252525252525","10","700","399"
"231","BA","1000","2","0.1","50","0.1","0.5","1","platform","targeted","70","5","95","95","39.94268416647479","83.57731980578549","83.57731980578549","fixed","1","1","50","3003","21","50","23263943","v2.0-design-v1.0","61.8","49.2","12.599999999999994","57.07477403451109","true","62.97","23.727999999999987","50","38.2","492","500","382","457","399","75","50","266","8","19950","3473","2612","13201","664","316","15813","39.9","0","50","1000","1997","3.994","76","5.212593897008958","0","43.5","3.594949494949495","10","700","399"
"233","BA","1000","2","0.1","50","0.1","0.5","1","platform","targeted","70","5","95","95","39.94268416647479","83.57731980578549","83.57731980578549","fixed","1","1","50","3003","23","50","23263945","v2.0-design-v1.0","61.3","49.7","11.599999999999994","55.76398362892224","true","64.396","24.453999999999994","50","38.7","497","500","387","453","399","66","36","289","8","19950","3270","2594","13454","632","325","16048","39.9","0","50","1000","1997","3.994","114","5.8285449244160406","0","44.3","3.5868686868686868","10","700","399"
"232","BA","1000","2","0.1","50","0.1","0.5","1","platform","targeted","70","5","95","95","39.94268416647479","83.57731980578549","83.57731980578549","fixed","1","1","50","3003","22","50","23263944","v2.0-design-v1.0","61.9","48.8","13.100000000000001","54.640069384215096","true","66.21800000000002","26.633999999999997","50","38.1","488","500","381","443","399","62","48","276","13","19950","3150","2615","13581","604","324","16196","39.9","0","50","1000","1997","3.994","103","5.538468979658411","0","45.4","3.5757575757575757","10","700","399"
"234","BA","1000","2","0.1","50","0.1","0.5","1","platform","targeted","70","5","95","95","39.94268416647479","83.57731980578549","83.57731980578549","fixed","1","1","50","3003","24","50","23263946","v2.0-design-v1.0","60.3","48.6","11.699999999999996","57.104913678618864","true","63.21599999999998","24.087999999999997","50","39.7","486","500","397","467","399","70","52","268","9","19950","3440","2584","13275","651","320","15859","39.9","0","50","1000","1997","3.994","70","5.2582899894940685","0","45.2","3.577777777777778","10","700","399"
"235","BA","1000","2","0.1","50","0.1","0.5","1","platform","targeted","70","5","95","95","39.94268416647479","83.57731980578549","83.57731980578549","fixed","1","1","50","3003","25","50","23263947","v2.0-design-v1.0","60.699999999999996","49","11.699999999999996","56.27821434542719","true","64.65400000000001","25.627999999999997","50","39.300000000000004","490","500","393","457","399","64","56","263","16","19950","3366","2615","13283","686","319","15898","39.9","0","50","1000","1997","3.994","60","4.767251901325401","0","39.2","3.6383838383838385","10","700","399"
"236","BA","1000","2","0.1","50","0.1","0.5","1","platform","targeted","70","5","95","95","39.94268416647479","83.57731980578549","83.57731980578549","fixed","1","1","50","3003","26","50","23263948","v2.0-design-v1.0","61.5","49.6","11.899999999999999","56.884538818845385","true","64.98999999999998","25.832000000000015","50","38.5","496","500","385","459","399","74","41","268","16","19950","3429","2599","13208","714","309","15807","39.9","0","50","1000","1997","3.994","93","5.243420396788472","0","44.6","3.583838383838384","10","700","399"
"237","BA","1000","2","0.1","50","0.1","0.5","1","platform","targeted","70","5","95","95","39.94268416647479","83.57731980578549","83.57731980578549","fixed","1","1","50","3003","27","50","23263949","v2.0-design-v1.0","57.800000000000004","48","9.800000000000004","58.893798069055805","true","61.512","23.173999999999996","50","42.199999999999996","480","500","422","487","399","65","49","268","17","19950","3599","2512","13101","738","317","15613","39.9","0","50","1000","1997","3.994","83","5.02924022664032","0","41.4","3.6161616161616164","10","700","399"
"238","BA","1000","2","0.1","50","0.1","0.5","1","platform","targeted","70","5","95","95","39.94268416647479","83.57731980578549","83.57731980578549","fixed","1","1","50","3003","28","50","23263950","v2.0-design-v1.0","59.1","50","9.100000000000001","58.80316518298714","true","62.215999999999994","23.134000000000004","50","40.9","500","500","409","493","399","84","52","255","8","19950","3567","2499","13158","726","307","15657","39.9","0","50","1000","1997","3.994","61","4.977221788983957","0","41.7","3.613131313131313","10","700","399"
"239","BA","1000","2","0.1","50","0.1","0.5","1","platform","targeted","70","5","95","95","39.94268416647479","83.57731980578549","83.57731980578549","fixed","1","1","50","3003","29","50","23263951","v2.0-design-v1.0","59.8","48.5","11.299999999999997","55.91397849462365","true","64.09","24.864000000000004","50","40.2","485","500","402","459","399","57","62","265","15","19950","3328","2624","13347","651","327","15971","39.9","0","50","1000","1997","3.994","99","5.615825985685583","0","44.7","3.5828282828282827","10","700","399"
"240","BA","1000","2","0.1","50","0.1","0.5","1","platform","targeted","70","5","95","95","39.94268416647479","83.57731980578549","83.57731980578549","fixed","1","1","50","3003","30","50","23263952","v2.0-design-v1.0","60.8","50","10.799999999999997","55.69019158342885","true","64.834","23.918000000000003","50","39.2","500","500","392","461","399","69","51","267","12","19950","3401","2706","13192","651","318","15898","39.9","0","50","1000","1997","3.994","71","4.9110164001031364","0","40.2","3.628282828282828","10","700","399"
"241","BA","1000","2","0.1","50","0.1","0.5","1","platform","targeted","70","5","95","95","38.68902318091395","75.49328953463413","75.49328953463413","fixed","1","1","50","3004","1","50","23264923","v2.0-design-v1.0","58.2","50.1","8.100000000000001","50.21536751424205","true","61.09199999999999","19.342000000000006","50","41.8","501","500","418","498","387","80","70","224","13","19350","3614","3583","10994","1159","294","14577","38.7","0","50","1000","1997","3.994","71","5.1336457141409975","0","43.8","3.591919191919192","10","700","387"
"242","BA","1000","2","0.1","50","0.1","0.5","1","platform","targeted","70","5","95","95","38.68902318091395","75.49328953463413","75.49328953463413","fixed","1","1","50","3004","2","50","23264924","v2.0-design-v1.0","56.4","49.7","6.699999999999996","49.01108149810632","true","60.862000000000016","19.71","50","43.6","497","500","436","513","387","77","75","212","23","19350","3494","3635","11088","1133","287","14723","38.7","0","50","1000","1997","3.994","73","5.332954566129768","0","46.5","3.5646464646464646","10","700","387"
"243","BA","1000","2","0.1","50","0.1","0.5","1","platform","targeted","70","5","95","95","38.68902318091395","75.49328953463413","75.49328953463413","fixed","1","1","50","3004","3","50","23264925","v2.0-design-v1.0","55.5","49.4","6.100000000000001","50.93638116221426","true","60.03200000000001","18.946","50","44.5","494","500","445","509","387","64","61","235","27","19350","3699","3563","10896","1192","296","14459","38.7","0","50","1000","1997","3.994","90","5.356365806650492","0","46","3.56969696969697","10","700","387"
"244","BA","1000","2","0.1","50","0.1","0.5","1","platform","targeted","70","5","95","95","38.68902318091395","75.49328953463413","75.49328953463413","fixed","1","1","50","3004","4","50","23264926","v2.0-design-v1.0","56.4","49.9","6.5","51.06235245104847","true","60.63999999999999","19.176000000000002","50","43.6","499","500","436","518","387","82","55","219","31","19350","3677","3524","10967","1182","274","14491","38.7","0","50","1000","1997","3.994","67","4.893251261473074","0","41.1","3.6191919191919193","10","700","387"
"245","BA","1000","2","0.1","50","0.1","0.5","1","platform","targeted","70","5","95","95","38.68902318091395","75.49328953463413","75.49328953463413","fixed","1","1","50","3004","5","50","23264927","v2.0-design-v1.0","57.2","51.4","5.800000000000004","48.76750700280112","true","61.36000000000001","18.372","50","42.8","514","500","428","486","387","58","66","233","30","19350","3482","3658","11116","1094","299","14774","38.7","0","50","1000","1997","3.994","58","4.729940415727899","0","40.3","3.6272727272727274","10","700","387"
"246","BA","1000","2","0.1","50","0.1","0.5","1","platform","targeted","70","5","95","95","38.68902318091395","75.49328953463413","75.49328953463413","fixed","1","1","50","3004","6","50","23264928","v2.0-design-v1.0","55","49.3","5.700000000000003","50.73416305411831","true","59.720000000000006","18.390000000000004","50","45","493","500","450","535","387","85","69","210","23","19350","3628","3523","10996","1203","279","14519","38.7","0","50","1000","1997","3.994","83","5.1078424069321064","0","42.4","3.606060606060606","10","700","387"
"247","BA","1000","2","0.1","50","0.1","0.5","1","platform","targeted","70","5","95","95","38.68902318091395","75.49328953463413","75.49328953463413","fixed","1","1","50","3004","7","50","23264929","v2.0-design-v1.0","56","49.9","6.100000000000001","49.669340087237934","true","60.54800000000001","18.588000000000005","50","44","499","500","440","507","387","67","82","215","23","19350","3530","3577","11144","1099","297","14721","38.7","0","50","1000","1997","3.994","89","5.288660882863815","0","44.4","3.585858585858586","10","700","387"
"248","BA","1000","2","0.1","50","0.1","0.5","1","platform","targeted","70","5","95","95","38.68902318091395","75.49328953463413","75.49328953463413","fixed","1","1","50","3004","8","50","23264930","v2.0-design-v1.0","55.4","49.4","6","50.51690416317407","true","59.82800000000002","18.538","50","44.6","494","500","446","526","387","80","69","214","24","19350","3616","3542","11001","1191","283","14543","38.7","0","50","1000","1997","3.994","67","4.868024410544955","0","37.7","3.6535353535353536","10","700","387"
"249","BA","1000","2","0.1","50","0.1","0.5","1","platform","targeted","70","5","95","95","38.68902318091395","75.49328953463413","75.49328953463413","fixed","1","1","50","3004","9","50","23264931","v2.0-design-v1.0","55.5","50.5","5","50.09825940482875","true","60.148","18.473999999999997","50","44.5","505","500","445","507","387","62","64","233","28","19350","3569","3555","11030","1196","297","14585","38.7","0","50","1000","1997","3.994","72","4.90612209734266","0","40.5","3.625252525252525","10","700","387"
"250","BA","1000","2","0.1","50","0.1","0.5","1","platform","targeted","70","5","95","95","38.68902318091395","75.49328953463413","75.49328953463413","fixed","1","1","50","3004","10","50","23264932","v2.0-design-v1.0","54.1","48.8","5.300000000000004","50.42983915696062","true","59.72599999999999","18.337999999999994","50","45.9","488","500","459","532","387","73","87","200","27","19350","3637","3575","11014","1124","287","14589","38.7","0","50","1000","1997","3.994","65","5.083877438511843","0","42.1","3.609090909090909","10","700","387"
"251","BA","1000","2","0.1","50","0.1","0.5","1","platform","targeted","70","5","95","95","38.68902318091395","75.49328953463413","75.49328953463413","fixed","1","1","50","3004","11","50","23264933","v2.0-design-v1.0","54.5","46.7","7.799999999999997","50.511049723756905","true","59.33000000000001","19.230000000000008","50","45.5","467","500","455","524","387","69","66","226","26","19350","3657","3583","10963","1147","292","14546","38.7","0","50","1000","1997","3.994","103","5.346077491445899","0","41.3","3.617171717171717","10","700","387"
"253","BA","1000","2","0.1","50","0.1","0.5","1","platform","targeted","70","5","95","95","38.68902318091395","75.49328953463413","75.49328953463413","fixed","1","1","50","3004","13","50","23264935","v2.0-design-v1.0","55.7","50.4","5.300000000000004","49.979432332373506","true","60.934000000000005","18.88","50","44.3","504","500","443","508","387","65","82","223","17","19350","3645","3648","10846","1211","305","14494","38.7","0","50","1000","1997","3.994","72","5.358794704099103","0","46","3.56969696969697","10","700","387"
"252","BA","1000","2","0.1","50","0.1","0.5","1","platform","targeted","70","5","95","95","38.68902318091395","75.49328953463413","75.49328953463413","fixed","1","1","50","3004","12","50","23264934","v2.0-design-v1.0","55.9","47.9","8","49.59022086400889","true","59.866000000000014","18.116000000000003","50","44.1","479","500","441","510","387","69","75","223","20","19350","3570","3629","10991","1160","298","14620","38.7","0","50","1000","1997","3.994","65","5.188726904249905","0","42.9","3.601010101010101","10","700","387"
"254","BA","1000","2","0.1","50","0.1","0.5","1","platform","targeted","70","5","95","95","38.68902318091395","75.49328953463413","75.49328953463413","fixed","1","1","50","3004","14","50","23264936","v2.0-design-v1.0","55.6","48.699999999999996","6.900000000000006","49.28896865939528","true","60.164000000000016","19.279999999999994","50","44.4","487","500","444","510","387","66","92","206","23","19350","3570","3673","10936","1171","298","14609","38.7","0","50","1000","1997","3.994","116","5.520909747898836","0","42.3","3.607070707070707","10","700","387"
"255","BA","1000","2","0.1","50","0.1","0.5","1","platform","targeted","70","5","95","95","38.68902318091395","75.49328953463413","75.49328953463413","fixed","1","1","50","3004","15","50","23264937","v2.0-design-v1.0","56.7","49.2","7.5","49.29261801372741","true","60.736000000000004","19.11","50","43.3","492","500","433","498","387","65","77","224","21","19350","3519","3620","11059","1152","301","14679","38.7","0","50","1000","1997","3.994","71","4.791755933363554","0","38","3.6505050505050507","10","700","387"
"256","BA","1000","2","0.1","50","0.1","0.5","1","platform","targeted","70","5","95","95","38.68902318091395","75.49328953463413","75.49328953463413","fixed","1","1","50","3004","16","50","23264938","v2.0-design-v1.0","56.7","51.9","4.800000000000004","50.23809523809524","true","61.525999999999996","18.451999999999998","50","43.3","519","500","433","513","387","80","56","221","30","19350","3587","3553","10973","1237","277","14526","38.7","0","50","1000","1997","3.994","70","4.711067624027281","0","37.7","3.6535353535353536","10","700","387"
"257","BA","1000","2","0.1","50","0.1","0.5","1","platform","targeted","70","5","95","95","38.68902318091395","75.49328953463413","75.49328953463413","fixed","1","1","50","3004","17","50","23264939","v2.0-design-v1.0","53.3","48.9","4.399999999999999","49.718468468468465","true","60.15200000000001","19.122","50","46.7","489","500","467","528","387","61","72","220","34","19350","3532","3572","11074","1172","292","14646","38.7","0","50","1000","1997","3.994","53","4.864733253697423","0","39.7","3.6333333333333333","10","700","387"
"259","BA","1000","2","0.1","50","0.1","0.5","1","platform","targeted","70","5","95","95","38.68902318091395","75.49328953463413","75.49328953463413","fixed","1","1","50","3004","19","50","23264941","v2.0-design-v1.0","56.9","50.3","6.600000000000001","48.845070422535215","true","61.25800000000001","19.006000000000004","50","43.1","503","500","431","492","387","61","78","222","26","19350","3468","3632","11108","1142","300","14740","38.7","0","50","1000","1997","3.994","98","5.065730512534749","0","39.7","3.6333333333333333","10","700","387"
"258","BA","1000","2","0.1","50","0.1","0.5","1","platform","targeted","70","5","95","95","38.68902318091395","75.49328953463413","75.49328953463413","fixed","1","1","50","3004","18","50","23264940","v2.0-design-v1.0","56","50.2","5.799999999999997","49.0481522956327","true","61.262","18.821999999999996","50","44","502","500","440","505","387","65","77","221","24","19350","3504","3640","11079","1127","298","14719","38.7","0","50","1000","1997","3.994","55","5.09862333968296","0","42.3","3.607070707070707","10","700","387"
"260","BA","1000","2","0.1","50","0.1","0.5","1","platform","targeted","70","5","95","95","38.68902318091395","75.49328953463413","75.49328953463413","fixed","1","1","50","3004","20","50","23264942","v2.0-design-v1.0","56.3","50.9","5.399999999999999","50.198019801980195","true","60.890000000000015","19.088000000000005","50","43.7","509","500","437","521","387","84","68","217","18","19350","3549","3521","11120","1160","285","14641","38.7","0","50","1000","1997","3.994","60","4.868024410544952","0","40.5","3.625252525252525","10","700","387"
"261","BA","1000","2","0.1","50","0.1","0.5","1","platform","targeted","70","5","95","95","38.68902318091395","75.49328953463413","75.49328953463413","fixed","1","1","50","3004","21","50","23264943","v2.0-design-v1.0","55.1","49.8","5.300000000000004","50.233324183365355","true","59.82599999999999","18.065999999999995","50","44.9","498","500","449","534","387","85","72","208","22","19350","3660","3626","10880","1184","280","14506","38.7","0","50","1000","1997","3.994","144","6.2219511952985505","0","48","3.5494949494949495","10","700","387"
"262","BA","1000","2","0.1","50","0.1","0.5","1","platform","targeted","70","5","95","95","38.68902318091395","75.49328953463413","75.49328953463413","fixed","1","1","50","3004","22","50","23264944","v2.0-design-v1.0","54.6","48.5","6.100000000000001","49.93689524610854","true","60.80000000000002","19.92","50","45.4","485","500","454","533","387","79","69","213","26","19350","3561","3570","11066","1153","282","14636","38.7","0","50","1000","1997","3.994","62","5.16765601299744","0","44.6","3.583838383838384","10","700","387"
"263","BA","1000","2","0.1","50","0.1","0.5","1","platform","targeted","70","5","95","95","38.68902318091395","75.49328953463413","75.49328953463413","fixed","1","1","50","3004","23","50","23264945","v2.0-design-v1.0","56.4","49.9","6.5","49.15777653003931","true","61.07200000000001","19.296000000000006","50","43.6","499","500","436","510","387","74","79","209","25","19350","3502","3622","11050","1176","288","14672","38.7","0","50","1000","1997","3.994","105","5.566232742793539","0","47.9","3.5505050505050506","10","700","387"
"264","BA","1000","2","0.1","50","0.1","0.5","1","platform","targeted","70","5","95","95","38.68902318091395","75.49328953463413","75.49328953463413","fixed","1","1","50","3004","24","50","23264946","v2.0-design-v1.0","54.9","48.8","6.100000000000001","50.76901759733962","true","60.26199999999997","18.860000000000007","50","45.1","488","500","451","546","387","95","56","212","24","19350","3664","3553","10970","1163","268","14523","38.7","0","50","1000","1997","3.994","58","5.026253796539445","0","43.3","3.596969696969697","10","700","387"
"265","BA","1000","2","0.1","50","0.1","0.5","1","platform","targeted","70","5","95","95","38.68902318091395","75.49328953463413","75.49328953463413","fixed","1","1","50","3004","25","50","23264947","v2.0-design-v1.0","54.9","48.3","6.600000000000001","49.86778009742519","true","60.53200000000002","19.647999999999996","50","45.1","483","500","451","511","387","60","76","224","27","19350","3583","3602","11023","1142","300","14625","38.7","0","50","1000","1997","3.994","99","6.027793816837018","0","50.2","3.5272727272727273","10","700","387"
"266","BA","1000","2","0.1","50","0.1","0.5","1","platform","targeted","70","5","95","95","38.68902318091395","75.49328953463413","75.49328953463413","fixed","1","1","50","3004","26","50","23264948","v2.0-design-v1.0","55.8","49.2","6.599999999999994","51.29388725695902","true","59.946","18.671999999999997","50","44.2","492","500","442","507","387","65","71","234","17","19350","3667","3482","10960","1241","305","14442","38.7","0","50","1000","1997","3.994","90","5.885797023904822","0","50.3","3.526262626262626","10","700","387"
"267","BA","1000","2","0.1","50","0.1","0.5","1","platform","targeted","70","5","95","95","38.68902318091395","75.49328953463413","75.49328953463413","fixed","1","1","50","3004","27","50","23264949","v2.0-design-v1.0","53.3","48.8","4.5","52.75010236113007","true","57.934000000000026","16.814","50","46.7","488","500","467","540","387","73","69","219","26","19350","3865","3462","10745","1278","288","14207","38.7","0","50","1000","1997","3.994","62","5.291310042131522","0","44.6","3.583838383838384","10","700","387"
"268","BA","1000","2","0.1","50","0.1","0.5","1","platform","targeted","70","5","95","95","38.68902318091395","75.49328953463413","75.49328953463413","fixed","1","1","50","3004","28","50","23264950","v2.0-design-v1.0","57.2","50.9","6.300000000000004","51.64482854753276","true","60.716000000000015","18.917999999999996","50","42.8","509","500","428","495","387","67","67","228","25","19350","3705","3469","10918","1258","295","14387","38.7","0","50","1000","1997","3.994","64","5.086042846047578","0","43.4","3.595959595959596","10","700","387"
"269","BA","1000","2","0.1","50","0.1","0.5","1","platform","targeted","70","5","95","95","38.68902318091395","75.49328953463413","75.49328953463413","fixed","1","1","50","3004","29","50","23264951","v2.0-design-v1.0","57.9","51","6.899999999999999","49.714524439493104","true","61.970000000000006","19.641999999999996","50","42.1","510","500","421","481","387","60","70","233","24","19350","3570","3611","11055","1114","303","14666","38.7","0","50","1000","1997","3.994","73","4.888339171933526","0","40.7","3.6232323232323234","10","700","387"
"271","BA","1000","2","0.1","50","0.1","0.5","1","platform","targeted","70","5","95","95","55.53447537387522","74.97837637196183","74.97837637196183","fixed","1","1","50","3005","1","50","23265923","v2.0-design-v1.0","96.5","80.5","16","21.160624370594157","true","90.118","28.032000000000004","50","3.5000000000000004","805","500","35","49","555","14","133","405","3","27750","1681","6263","19241","565","538","25504","55.5","0","50","1000","1997","3.994","116","5.5628148368347485","0","43.7","3.592929292929293","10","700","555"
"270","BA","1000","2","0.1","50","0.1","0.5","1","platform","targeted","70","5","95","95","38.68902318091395","75.49328953463413","75.49328953463413","fixed","1","1","50","3004","30","50","23264952","v2.0-design-v1.0","54.8","49.1","5.699999999999996","50.1465048137296","true","59.802","18.064","50","45.2","491","500","452","525","387","73","64","224","26","19350","3594","3573","11033","1150","288","14606","38.7","0","50","1000","1997","3.994","63","4.8231967850407225","0","39.3","3.6373737373737374","10","700","387"
"272","BA","1000","2","0.1","50","0.1","0.5","1","platform","targeted","70","5","95","95","55.53447537387522","74.97837637196183","74.97837637196183","fixed","1","1","50","3005","2","50","23265924","v2.0-design-v1.0","97.8","85.39999999999999","12.400000000000006","20.918367346938776","true","91.62199999999999","26.02400000000001","50","2.1999999999999997","854","500","22","32","555","10","144","397","4","27750","1681","6355","19165","549","541","25520","55.5","0","50","1000","1997","3.994","83","5.398991860811886","0","44.8","3.581818181818182","10","700","555"
"273","BA","1000","2","0.1","50","0.1","0.5","1","platform","targeted","70","5","95","95","55.53447537387522","74.97837637196183","74.97837637196183","fixed","1","1","50","3005","3","50","23265925","v2.0-design-v1.0","97.7","86.3","11.400000000000006","20.437065071419852","true","91.892","26.033999999999995","50","2.3","863","500","23","31","555","8","125","417","5","27750","1674","6517","18979","580","542","25496","55.5","0","50","1000","1997","3.994","70","5.123300909785811","0","41.8","3.6121212121212123","10","700","555"
"274","BA","1000","2","0.1","50","0.1","0.5","1","platform","targeted","70","5","95","95","55.53447537387522","74.97837637196183","74.97837637196183","fixed","1","1","50","3005","4","50","23265926","v2.0-design-v1.0","98.3","84.2","14.099999999999994","20.3890759446315","true","91.85600000000001","27.286000000000005","50","1.7000000000000002","842","500","17","24","555","7","133","414","1","27750","1635","6384","19243","488","547","25627","55.5","0","50","1000","1997","3.994","72","5.155438152334139","0","43.3","3.596969696969697","10","700","555"
"275","BA","1000","2","0.1","50","0.1","0.5","1","platform","targeted","70","5","95","95","55.53447537387522","74.97837637196183","74.97837637196183","fixed","1","1","50","3005","5","50","23265927","v2.0-design-v1.0","97.6","85.39999999999999","12.200000000000003","21.1286737466041","true","91.65799999999997","26.35400000000002","50","2.4","854","500","24","42","555","18","126","404","7","27750","1711","6387","19018","634","530","25405","55.5","0","50","1000","1997","3.994","85","5.135985041094092","0","41","3.6202020202020204","10","700","555"
"276","BA","1000","2","0.1","50","0.1","0.5","1","platform","targeted","70","5","95","95","55.53447537387522","74.97837637196183","74.97837637196183","fixed","1","1","50","3005","6","50","23265928","v2.0-design-v1.0","98.9","87.3","11.600000000000009","19.149471565173627","true","91.74999999999999","24.947999999999997","50","1.0999999999999999","873","500","11","15","555","4","135","414","2","27750","1522","6426","19322","480","549","25748","55.5","0","50","1000","1997","3.994","83","5.303781112950837","0","44.3","3.5868686868686868","10","700","555"
"277","BA","1000","2","0.1","50","0.1","0.5","1","platform","targeted","70","5","95","95","55.53447537387522","74.97837637196183","74.97837637196183","fixed","1","1","50","3005","7","50","23265929","v2.0-design-v1.0","97.2","83.2","14","20.769513540007353","true","91.046","26.864","50","2.8000000000000003","832","500","28","36","555","8","140","404","3","27750","1695","6466","19039","550","544","25505","55.5","0","50","1000","1997","3.994","108","5.597436493190003","0","45.7","3.5727272727272728","10","700","555"
"278","BA","1000","2","0.1","50","0.1","0.5","1","platform","targeted","70","5","95","95","55.53447537387522","74.97837637196183","74.97837637196183","fixed","1","1","50","3005","8","50","23265930","v2.0-design-v1.0","97","85.3","11.700000000000003","19.90809736711376","true","91.63600000000001","25.878","50","3","853","500","30","42","555","12","133","405","5","27750","1603","6449","19171","527","538","25620","55.5","0","50","1000","1997","3.994","58","4.91875575304955","0","41","3.6202020202020204","10","700","555"
"279","BA","1000","2","0.1","50","0.1","0.5","1","platform","targeted","70","5","95","95","55.53447537387522","74.97837637196183","74.97837637196183","fixed","1","1","50","3005","9","50","23265931","v2.0-design-v1.0","98.6","84.1","14.5","22.467516084268954","true","90.89999999999998","26.55999999999999","50","1.4000000000000001","841","500","14","18","555","4","121","429","1","27750","1781","6146","19249","574","550","25395","55.5","0","50","1000","1997","3.994","63","5.039380850794991","0","41.2","3.618181818181818","10","700","555"
"281","BA","1000","2","0.1","50","0.1","0.5","1","platform","targeted","70","5","95","95","55.53447537387522","74.97837637196183","74.97837637196183","fixed","1","1","50","3005","11","50","23265933","v2.0-design-v1.0","95.2","78.60000000000001","16.599999999999994","23.17389692250649","true","89.17399999999999","28.097999999999992","50","4.8","786","500","48","68","555","20","143","389","3","27750","1875","6216","19028","631","532","25244","55.5","0","50","1000","1997","3.994","81","4.890591158733448","0","39.9","3.6313131313131315","10","700","555"
"280","BA","1000","2","0.1","50","0.1","0.5","1","platform","targeted","70","5","95","95","55.53447537387522","74.97837637196183","74.97837637196183","fixed","1","1","50","3005","10","50","23265932","v2.0-design-v1.0","96.4","78.60000000000001","17.799999999999997","22.499070286351806","true","89.126","28.176","50","3.5999999999999996","786","500","36","47","555","11","115","426","3","27750","1815","6252","19069","614","541","25321","55.5","0","50","1000","1997","3.994","62","4.5592489239731835","0","35.9","3.6717171717171717","10","700","555"
"283","BA","1000","2","0.1","50","0.1","0.5","1","platform","targeted","70","5","95","95","55.53447537387522","74.97837637196183","74.97837637196183","fixed","1","1","50","3005","13","50","23265935","v2.0-design-v1.0","96.8","87.2","9.599999999999994","23.692269998774957","true","90.49199999999999","24.493999999999993","50","3.2","872","500","32","49","555","17","127","408","3","27750","1934","6229","18916","671","535","25145","55.5","0","50","1000","1997","3.994","88","5.599760827153356","0","45.4","3.5757575757575757","10","700","555"
"282","BA","1000","2","0.1","50","0.1","0.5","1","platform","targeted","70","5","95","95","55.53447537387522","74.97837637196183","74.97837637196183","fixed","1","1","50","3005","12","50","23265934","v2.0-design-v1.0","93.4","75.6","17.80000000000001","25.332215970310067","true","87.03999999999998","27.723999999999993","50","6.6000000000000005","756","500","66","91","555","25","142","377","11","27750","2116","6237","18664","733","519","24901","55.5","0","50","1000","1997","3.994","63","4.820913316499804","0","39.9","3.6313131313131315","10","700","555"
"285","BA","1000","2","0.1","50","0.1","0.5","1","platform","targeted","70","5","95","95","55.53447537387522","74.97837637196183","74.97837637196183","fixed","1","1","50","3005","15","50","23265937","v2.0-design-v1.0","98.4","83.8","14.600000000000009","20.72603944228112","true","91.58800000000001","27.452","50","1.6","838","500","16","21","555","5","136","412","2","27750","1650","6311","19248","541","548","25559","55.5","0","50","1000","1997","3.994","64","4.7950971790941725","0","38.5","3.6454545454545455","10","700","555"
"284","BA","1000","2","0.1","50","0.1","0.5","1","platform","targeted","70","5","95","95","55.53447537387522","74.97837637196183","74.97837637196183","fixed","1","1","50","3005","14","50","23265936","v2.0-design-v1.0","95.4","76.1","19.30000000000001","26.88995215311005","true","86.09999999999998","26.144000000000002","50","4.6","761","500","46","71","555","25","119","408","3","27750","2248","6112","18602","788","527","24714","55.5","0","50","1000","1997","3.994","93","5.327884228317114","0","45.2","3.577777777777778","10","700","555"
"286","BA","1000","2","0.1","50","0.1","0.5","1","platform","targeted","70","5","95","95","55.53447537387522","74.97837637196183","74.97837637196183","fixed","1","1","50","3005","16","50","23265938","v2.0-design-v1.0","96.9","83.1","13.800000000000011","21.747668139420718","true","90.35599999999997","26.778","50","3.1","831","500","31","38","555","7","131","417","0","27750","1772","6376","19012","590","548","25388","55.5","0","50","1000","1997","3.994","115","5.519277708761026","0","43.8","3.591919191919192","10","700","555"
"287","BA","1000","2","0.1","50","0.1","0.5","1","platform","targeted","70","5","95","95","55.53447537387522","74.97837637196183","74.97837637196183","fixed","1","1","50","3005","17","50","23265939","v2.0-design-v1.0","94.6","77.4","17.19999999999999","25.185806760968592","true","87.89800000000002","27.46","50","5.4","774","500","54","77","555","23","133","392","7","27750","2101","6241","18679","729","525","24920","55.5","0","50","1000","1997","3.994","112","5.908711947360199","0","49.7","3.5323232323232325","10","700","555"
"288","BA","1000","2","0.1","50","0.1","0.5","1","platform","targeted","70","5","95","95","55.53447537387522","74.97837637196183","74.97837637196183","fixed","1","1","50","3005","18","50","23265940","v2.0-design-v1.0","97.7","82","15.700000000000003","22.386623361000844","true","89.192","26.469999999999995","50","2.3","820","500","23","34","555","11","128","416","0","27750","1861","6452","18792","645","544","25244","55.5","0","50","1000","1997","3.994","67","4.87767934121911","0","41","3.6202020202020204","10","700","555"
"289","BA","1000","2","0.1","50","0.1","0.5","1","platform","targeted","70","5","95","95","55.53447537387522","74.97837637196183","74.97837637196183","fixed","1","1","50","3005","19","50","23265941","v2.0-design-v1.0","97.1","81.3","15.799999999999997","21.350252556363188","true","90.23200000000004","26.61200000000001","50","2.9000000000000004","813","500","29","39","555","10","118","425","2","27750","1733","6384","19066","567","543","25450","55.5","0","50","1000","1997","3.994","71","5.4359464229804","0","47.9","3.5505050505050506","10","700","555"
"290","BA","1000","2","0.1","50","0.1","0.5","1","platform","targeted","70","5","95","95","55.53447537387522","74.97837637196183","74.97837637196183","fixed","1","1","50","3005","20","50","23265942","v2.0-design-v1.0","98.1","85.2","12.899999999999991","21.069452980946526","true","90.63800000000003","25.68799999999999","50","1.9","852","500","19","22","555","3","129","422","1","27750","1714","6421","19033","582","551","25454","55.5","0","50","1000","1997","3.994","98","5.367193938248436","0","45","3.5797979797979798","10","700","555"
"291","BA","1000","2","0.1","50","0.1","0.5","1","platform","targeted","70","5","95","95","55.53447537387522","74.97837637196183","74.97837637196183","fixed","1","1","50","3005","21","50","23265943","v2.0-design-v1.0","95","81.69999999999999","13.300000000000011","21.81615460852329","true","89.94599999999998","27.648000000000003","50","5","817","500","50","65","555","15","136","397","7","27750","1761","6311","19070","608","533","25381","55.5","0","50","1000","1997","3.994","78","5.482519678215655","0","47.4","3.5555555555555554","10","700","555"
"292","BA","1000","2","0.1","50","0.1","0.5","1","platform","targeted","70","5","95","95","55.53447537387522","74.97837637196183","74.97837637196183","fixed","1","1","50","3005","22","50","23265944","v2.0-design-v1.0","97.4","84.89999999999999","12.500000000000014","21.228354304223245","true","90.96600000000001","26.177999999999997","50","2.6","849","500","26","36","555","10","131","412","2","27750","1704","6323","19155","568","543","25478","55.5","0","50","1000","1997","3.994","80","5.092533544111204","0","42.1","3.609090909090909","10","700","555"
"293","BA","1000","2","0.1","50","0.1","0.5","1","platform","targeted","70","5","95","95","55.53447537387522","74.97837637196183","74.97837637196183","fixed","1","1","50","3005","23","50","23265945","v2.0-design-v1.0","94.8","78.2","16.599999999999994","22.91897208902004","true","89.08800000000001","27.811999999999998","50","5.2","782","500","52","65","555","13","141","397","4","27750","1864","6269","19029","588","538","25298","55.5","0","50","1000","1997","3.994","74","5.206445147225792","0","45","3.5797979797979798","10","700","555"
"294","BA","1000","2","0.1","50","0.1","0.5","1","platform","targeted","70","5","95","95","55.53447537387522","74.97837637196183","74.97837637196183","fixed","1","1","50","3005","24","50","23265946","v2.0-design-v1.0","95.2","75.4","19.799999999999997","26.833930704898446","true","86.69400000000002","27.421999999999993","50","4.8","754","500","48","66","555","18","117","416","4","27750","2246","6124","18575","805","533","24699","55.5","0","50","1000","1997","3.994","71","4.90408136290722","0","40.2","3.628282828282828","10","700","555"
"295","BA","1000","2","0.1","50","0.1","0.5","1","platform","targeted","70","5","95","95","55.53447537387522","74.97837637196183","74.97837637196183","fixed","1","1","50","3005","25","50","23265947","v2.0-design-v1.0","97.9","89.60000000000001","8.299999999999997","20.483851160505957","true","92.39800000000001","24.434000000000005","50","2.1","896","500","21","27","555","6","141","405","3","27750","1668","6475","19066","541","546","25541","55.5","0","50","1000","1997","3.994","63","5.449556097670853","0","48.2","3.5474747474747477","10","700","555"
"297","BA","1000","2","0.1","50","0.1","0.5","1","platform","targeted","70","5","95","95","55.53447537387522","74.97837637196183","74.97837637196183","fixed","1","1","50","3005","27","50","23265949","v2.0-design-v1.0","95.1","78.3","16.799999999999997","24.17997805145714","true","88.454","27.039999999999996","50","4.9","783","500","49","65","555","16","136","396","7","27750","1983","6218","18916","633","532","25134","55.5","0","50","1000","1997","3.994","67","5.1678497144044915","0","43","3.6","10","700","555"
"296","BA","1000","2","0.1","50","0.1","0.5","1","platform","targeted","70","5","95","95","55.53447537387522","74.97837637196183","74.97837637196183","fixed","1","1","50","3005","26","50","23265948","v2.0-design-v1.0","95.2","79.10000000000001","16.099999999999994","23.660336276763033","true","88.40599999999999","27.121999999999986","50","4.8","791","500","48","61","555","13","155","383","4","27750","1956","6311","18825","658","538","25136","55.5","0","50","1000","1997","3.994","69","4.936023534012807","0","40.7","3.6232323232323234","10","700","555"
"298","BA","1000","2","0.1","50","0.1","0.5","1","platform","targeted","70","5","95","95","55.53447537387522","74.97837637196183","74.97837637196183","fixed","1","1","50","3005","28","50","23265950","v2.0-design-v1.0","97","83","14","21.56696536691693","true","89.9","25.870000000000005","50","3","830","500","30","39","555","9","140","402","4","27750","1781","6477","18898","594","542","25375","55.5","0","50","1000","1997","3.994","81","5.257909243188734","0","43.9","3.590909090909091","10","700","555"
"299","BA","1000","2","0.1","50","0.1","0.5","1","platform","targeted","70","5","95","95","55.53447537387522","74.97837637196183","74.97837637196183","fixed","1","1","50","3005","29","50","23265951","v2.0-design-v1.0","97.1","79.60000000000001","17.499999999999986","22.77179236043095","true","89.64","27.409999999999997","50","2.9000000000000004","796","500","29","42","555","13","137","405","0","27750","1860","6308","18950","632","542","25258","55.5","0","50","1000","1997","3.994","105","5.235013788842326","0","41.9","3.611111111111111","10","700","555"
"300","BA","1000","2","0.1","50","0.1","0.5","1","platform","targeted","70","5","95","95","55.53447537387522","74.97837637196183","74.97837637196183","fixed","1","1","50","3005","30","50","23265952","v2.0-design-v1.0","99.5","89.8","9.700000000000003","16.888263871132704","true","93.97399999999998","25.428000000000008","50","0.5","898","500","5","6","555","1","137","417","0","27750","1321","6501","19528","400","554","26029","55.5","0","50","1000","1997","3.994","88","5.53919187667719","0","46.1","3.5686868686868687","10","700","555"
"301","BA","1000","2","0.1","50","0.1","0.5","1","platform","targeted","70","5","95","95","20.718062946142563","93.87780719730307","93.87780719730307","fixed","1","1","50","3006","1","50","23266923","v2.0-design-v1.0","34.099999999999994","17.9","16.199999999999996","89.43456331298115","true","39.772000000000006","27.857999999999997","50","65.9","179","500","659","727","207","68","14","120","5","10350","3369","398","6342","241","134","6740","20.7","0","50","1000","1997","3.994","67","5.000096495565346","0","41.8","3.6121212121212123","10","700","207"
"302","BA","1000","2","0.1","50","0.1","0.5","1","platform","targeted","70","5","95","95","20.718062946142563","93.87780719730307","93.87780719730307","fixed","1","1","50","3006","2","50","23266924","v2.0-design-v1.0","35.2","17.4","17.800000000000004","89.05601659751036","true","40.584","29.077999999999992","50","64.8","174","500","648","719","207","71","13","122","1","10350","3434","422","6261","233","135","6683","20.7","0","50","1000","1997","3.994","82","5.267989722438302","0","41.8","3.6121212121212123","10","700","207"
"303","BA","1000","2","0.1","50","0.1","0.5","1","platform","targeted","70","5","95","95","20.718062946142563","93.87780719730307","93.87780719730307","fixed","1","1","50","3006","3","50","23266925","v2.0-design-v1.0","35.3","17.599999999999998","17.7","89.53341740226986","true","42.007999999999996","30.622000000000007","50","64.7","176","500","647","717","207","70","7","129","1","10350","3550","415","6182","203","136","6597","20.7","0","50","1000","1997","3.994","92","5.674871643320938","0","47.9","3.5505050505050506","10","700","207"
"304","BA","1000","2","0.1","50","0.1","0.5","1","platform","targeted","70","5","95","95","20.718062946142563","93.87780719730307","93.87780719730307","fixed","1","1","50","3006","4","50","23266926","v2.0-design-v1.0","33.5","17.8","15.7","88.30706659888155","true","40.06","27.328000000000003","50","66.5","178","500","665","738","207","73","9","119","6","10350","3474","460","6180","236","128","6640","20.7","0","50","1000","1997","3.994","106","5.638240306492239","0","45.7","3.5727272727272728","10","700","207"
"305","BA","1000","2","0.1","50","0.1","0.5","1","platform","targeted","70","5","95","95","20.718062946142563","93.87780719730307","93.87780719730307","fixed","1","1","50","3006","5","50","23266927","v2.0-design-v1.0","35.099999999999994","17.299999999999997","17.799999999999997","89.39393939393939","true","40.823999999999984","29.225999999999996","50","64.9","173","500","649","729","207","80","5","118","4","10350","3599","427","6077","247","123","6504","20.7","0","50","1000","1997","3.994","73","5.064940040870916","0","41.1","3.6191919191919193","10","700","207"
"306","BA","1000","2","0.1","50","0.1","0.5","1","platform","targeted","70","5","95","95","20.718062946142563","93.87780719730307","93.87780719730307","fixed","1","1","50","3006","6","50","23266928","v2.0-design-v1.0","32.89999999999999","17.1","15.79999999999999","89.44825832697686","true","39.23799999999999","27.337999999999997","50","67.10000000000001","171","500","671","743","207","72","9","119","7","10350","3518","415","6204","213","128","6619","20.7","0","50","1000","1997","3.994","70","4.936834647457438","0","40","3.6303030303030304","10","700","207"
"307","BA","1000","2","0.1","50","0.1","0.5","1","platform","targeted","70","5","95","95","20.718062946142563","93.87780719730307","93.87780719730307","fixed","1","1","50","3006","7","50","23266929","v2.0-design-v1.0","35.2","17.9","17.300000000000004","89.20807453416148","true","40.904","28.715999999999998","50","64.8","179","500","648","713","207","65","9","126","7","10350","3447","417","6248","238","135","6665","20.7","0","50","1000","1997","3.994","71","4.94655763460129","0","41.5","3.6151515151515152","10","700","207"
"308","BA","1000","2","0.1","50","0.1","0.5","1","platform","targeted","70","5","95","95","20.718062946142563","93.87780719730307","93.87780719730307","fixed","1","1","50","3006","8","50","23266930","v2.0-design-v1.0","34.599999999999994","17.4","17.199999999999996","90.55541336063476","true","40.769999999999996","29.554000000000002","50","65.4","174","500","654","728","207","74","8","122","3","10350","3538","369","6246","197","130","6615","20.7","0","50","1000","1997","3.994","53","4.747262421701631","0","39.3","3.6373737373737374","10","700","207"
"309","BA","1000","2","0.1","50","0.1","0.5","1","platform","targeted","70","5","95","95","20.718062946142563","93.87780719730307","93.87780719730307","fixed","1","1","50","3006","9","50","23266931","v2.0-design-v1.0","37","16.5","20.5","89.73765432098766","true","43.434","32.838","50","63","165","500","630","693","207","63","10","127","7","10350","3489","399","6224","238","137","6623","20.7","0","50","1000","1997","3.994","91","5.86381687541046","0","48.3","3.5464646464646465","10","700","207"
"310","BA","1000","2","0.1","50","0.1","0.5","1","platform","targeted","70","5","95","95","20.718062946142563","93.87780719730307","93.87780719730307","fixed","1","1","50","3006","10","50","23266932","v2.0-design-v1.0","32.599999999999994","17.2","15.399999999999995","88.76549586776859","true","38.790000000000006","26.787999999999997","50","67.4","172","500","674","745","207","71","10","121","5","10350","3437","435","6264","214","131","6699","20.7","0","50","1000","1997","3.994","53","4.768091725071847","0","40.8","3.6222222222222222","10","700","207"
"311","BA","1000","2","0.1","50","0.1","0.5","1","platform","targeted","70","5","95","95","20.718062946142563","93.87780719730307","93.87780719730307","fixed","1","1","50","3006","11","50","23266933","v2.0-design-v1.0","33.39999999999999","16.5","16.89999999999999","90.343949044586","true","38.274","26.976","50","66.60000000000001","165","500","666","733","207","67","5","131","4","10350","3546","379","6178","247","136","6557","20.7","0","50","1000","1997","3.994","66","5.054058518409479","0","42.2","3.608080808080808","10","700","207"
"312","BA","1000","2","0.1","50","0.1","0.5","1","platform","targeted","70","5","95","95","20.718062946142563","93.87780719730307","93.87780719730307","fixed","1","1","50","3006","12","50","23266934","v2.0-design-v1.0","33.099999999999994","17.1","15.999999999999993","89.35687263556116","true","40.04400000000001","28.392000000000003","50","66.9","171","500","669","731","207","62","9","124","12","10350","3543","422","6139","246","133","6561","20.7","0","50","1000","1997","3.994","44","4.5135724583013195","0","35.5","3.675757575757576","10","700","207"
"313","BA","1000","2","0.1","50","0.1","0.5","1","platform","targeted","70","5","95","95","20.718062946142563","93.87780719730307","93.87780719730307","fixed","1","1","50","3006","13","50","23266935","v2.0-design-v1.0","33.099999999999994","16.8","16.299999999999994","90.3061224489796","true","40.196000000000005","29.236","50","66.9","168","500","669","742","207","73","12","113","9","10350","3540","380","6195","235","125","6575","20.7","0","50","1000","1997","3.994","71","5.167462304329524","0","43.5","3.594949494949495","10","700","207"
"314","BA","1000","2","0.1","50","0.1","0.5","1","platform","targeted","70","5","95","95","20.718062946142563","93.87780719730307","93.87780719730307","fixed","1","1","50","3006","14","50","23266936","v2.0-design-v1.0","32.599999999999994","16.5","16.099999999999994","89.60283329117125","true","40.92599999999999","30.002","50","67.4","165","500","674","742","207","68","5","124","10","10350","3542","411","6135","262","129","6546","20.7","0","50","1000","1997","3.994","66","5.392684400652883","0","45.6","3.573737373737374","10","700","207"
"315","BA","1000","2","0.1","50","0.1","0.5","1","platform","targeted","70","5","95","95","20.718062946142563","93.87780719730307","93.87780719730307","fixed","1","1","50","3006","15","50","23266937","v2.0-design-v1.0","33.5","16.900000000000002","16.599999999999998","89.34804928131416","true","38.81399999999999","26.584","50","66.5","169","500","665","737","207","72","7","126","2","10350","3481","415","6212","242","133","6627","20.7","0","50","1000","1997","3.994","95","5.276723207427854","0","41.9","3.611111111111111","10","700","207"
"317","BA","1000","2","0.1","50","0.1","0.5","1","platform","targeted","70","5","95","95","20.718062946142563","93.87780719730307","93.87780719730307","fixed","1","1","50","3006","17","50","23266939","v2.0-design-v1.0","34.099999999999994","18.3","15.799999999999994","90.77193864722153","true","40.99400000000001","29.26","50","65.9","183","500","659","733","207","74","8","117","8","10350","3610","367","6110","263","125","6477","20.7","0","50","1000","1997","3.994","101","5.59940330011308","0","43.9","3.590909090909091","10","700","207"
"316","BA","1000","2","0.1","50","0.1","0.5","1","platform","targeted","70","5","95","95","20.718062946142563","93.87780719730307","93.87780719730307","fixed","1","1","50","3006","16","50","23266938","v2.0-design-v1.0","31","18.7","12.3","90.0670794633643","true","37.59600000000001","25.514","50","69","187","500","690","760","207","70","8","124","5","10350","3491","385","6254","220","132","6639","20.7","0","50","1000","1997","3.994","65","4.7004316884790445","0","38.5","3.6454545454545455","10","700","207"
"318","BA","1000","2","0.1","50","0.1","0.5","1","platform","targeted","70","5","95","95","20.718062946142563","93.87780719730307","93.87780719730307","fixed","1","1","50","3006","18","50","23266940","v2.0-design-v1.0","36.199999999999996","18.7","17.499999999999996","88.94654903995848","true","42.364000000000004","29.831999999999994","50","63.800000000000004","187","500","638","711","207","73","4","125","5","10350","3428","426","6294","202","129","6720","20.7","0","50","1000","1997","3.994","85","5.6828037321605755","0","49.2","3.5373737373737373","10","700","207"
"319","BA","1000","2","0.1","50","0.1","0.5","1","platform","targeted","70","5","95","95","20.718062946142563","93.87780719730307","93.87780719730307","fixed","1","1","50","3006","19","50","23266941","v2.0-design-v1.0","34.2","17.599999999999998","16.600000000000005","89.53430145217827","true","39.77000000000001","28.241999999999997","50","65.8","176","500","658","739","207","81","11","107","8","10350","3576","418","6118","238","118","6536","20.7","0","50","1000","1997","3.994","72","5.083286712728658","0","41.4","3.6161616161616164","10","700","207"
"321","BA","1000","2","0.1","50","0.1","0.5","1","platform","targeted","70","5","95","95","20.718062946142563","93.87780719730307","93.87780719730307","fixed","1","1","50","3006","21","50","23266943","v2.0-design-v1.0","34","17.2","16.8","89.62676962676963","true","40.422","28.403999999999996","50","66","172","500","660","719","207","59","11","125","12","10350","3482","403","6219","246","136","6622","20.7","0","50","1000","1997","3.994","52","4.714041385709941","0","38","3.6505050505050507","10","700","207"
"320","BA","1000","2","0.1","50","0.1","0.5","1","platform","targeted","70","5","95","95","20.718062946142563","93.87780719730307","93.87780719730307","fixed","1","1","50","3006","20","50","23266942","v2.0-design-v1.0","32.69999999999999","17.299999999999997","15.399999999999991","90.09950248756219","true","39.044000000000004","26.998000000000005","50","67.30000000000001","173","500","673","742","207","69","8","126","4","10350","3622","398","6091","239","134","6489","20.7","0","50","1000","1997","3.994","103","5.362715983783091","0","41.6","3.614141414141414","10","700","207"
"322","BA","1000","2","0.1","50","0.1","0.5","1","platform","targeted","70","5","95","95","20.718062946142563","93.87780719730307","93.87780719730307","fixed","1","1","50","3006","22","50","23266944","v2.0-design-v1.0","34.099999999999994","17.4","16.699999999999996","89.60000000000001","true","40.28799999999999","28.730000000000004","50","65.9","174","500","659","726","207","67","8","123","9","10350","3360","390","6381","219","131","6771","20.7","0","50","1000","1997","3.994","96","5.1285735118321325","0","40.8","3.6222222222222222","10","700","207"
"323","BA","1000","2","0.1","50","0.1","0.5","1","platform","targeted","70","5","95","95","20.718062946142563","93.87780719730307","93.87780719730307","fixed","1","1","50","3006","23","50","23266945","v2.0-design-v1.0","31.69999999999999","16.6","15.099999999999987","89.4493051981472","true","37.42000000000001","26.124000000000006","50","68.30000000000001","166","500","683","757","207","74","10","117","6","10350","3476","410","6225","239","127","6635","20.7","0","50","1000","1997","3.994","57","4.868846852147806","0","40.8","3.6222222222222222","10","700","207"
"324","BA","1000","2","0.1","50","0.1","0.5","1","platform","targeted","70","5","95","95","20.718062946142563","93.87780719730307","93.87780719730307","fixed","1","1","50","3006","24","50","23266946","v2.0-design-v1.0","36","18","18","89.69560878243513","true","41.784000000000006","29.778000000000016","50","64","180","500","640","720","207","80","9","110","8","10350","3595","413","6126","216","119","6539","20.7","0","50","1000","1997","3.994","91","5.36327593255546","0","44.5","3.584848484848485","10","700","207"
"325","BA","1000","2","0.1","50","0.1","0.5","1","platform","targeted","70","5","95","95","20.718062946142563","93.87780719730307","93.87780719730307","fixed","1","1","50","3006","25","50","23266947","v2.0-design-v1.0","31.10000000000001","16.400000000000002","14.700000000000006","90.21177685950413","true","37.48799999999999","26.248","50","68.89999999999999","164","500","689","741","207","52","11","137","7","10350","3493","379","6235","243","148","6614","20.7","0","50","1000","1997","3.994","89","5.479962955531169","0","48.5","3.5444444444444443","10","700","207"
"326","BA","1000","2","0.1","50","0.1","0.5","1","platform","targeted","70","5","95","95","20.718062946142563","93.87780719730307","93.87780719730307","fixed","1","1","50","3006","26","50","23266948","v2.0-design-v1.0","38.2","19.2","19.000000000000004","88.98022090932443","true","43.53799999999999","30.690000000000012","50","61.8","192","500","618","690","207","72","8","123","4","10350","3464","429","6241","216","131","6670","20.7","0","50","1000","1997","3.994","85","5.677340591878927","0","48.4","3.5454545454545454","10","700","207"
"327","BA","1000","2","0.1","50","0.1","0.5","1","platform","targeted","70","5","95","95","20.718062946142563","93.87780719730307","93.87780719730307","fixed","1","1","50","3006","27","50","23266949","v2.0-design-v1.0","32.3","18.099999999999998","14.2","88.8100866824271","true","38.14800000000001","26.38599999999999","50","67.7","181","500","677","748","207","71","9","125","2","10350","3381","426","6340","203","134","6766","20.7","0","50","1000","1997","3.994","96","5.153884605472499","0","40.8","3.6222222222222222","10","700","207"
"329","BA","1000","2","0.1","50","0.1","0.5","1","platform","targeted","70","5","95","95","20.718062946142563","93.87780719730307","93.87780719730307","fixed","1","1","50","3006","29","50","23266951","v2.0-design-v1.0","39","17.9","21.1","89.42282580308174","true","43.996","32.21600000000001","50","61","179","500","610","679","207","69","5","128","5","10350","3424","405","6333","188","133","6738","20.7","0","50","1000","1997","3.994","60","5.073233850484483","0","42.3","3.607070707070707","10","700","207"
"328","BA","1000","2","0.1","50","0.1","0.5","1","platform","targeted","70","5","95","95","20.718062946142563","93.87780719730307","93.87780719730307","fixed","1","1","50","3006","28","50","23266950","v2.0-design-v1.0","31.89999999999999","17.9","13.999999999999993","89.18287937743192","true","38.944","27.016000000000005","50","68.10000000000001","179","500","681","750","207","69","7","126","5","10350","3438","417","6274","221","133","6691","20.7","0","50","1000","1997","3.994","99","5.584187241411863","0","43.7","3.592929292929293","10","700","207"
"330","BA","1000","2","0.1","50","0.1","0.5","1","platform","targeted","70","5","95","95","20.718062946142563","93.87780719730307","93.87780719730307","fixed","1","1","50","3006","30","50","23266952","v2.0-design-v1.0","31.89999999999999","17.9","13.999999999999993","89.5108553492022","true","38.73999999999999","26.480000000000008","50","68.10000000000001","179","500","681","754","207","73","5","125","4","10350","3422","401","6305","222","130","6706","20.7","0","50","1000","1997","3.994","65","4.938861848276004","0","41.2","3.618181818181818","10","700","207"
"331","BA","1000","2","0.1","50","0.1","0.5","1","platform","targeted","70","5","95","95","21.91251710299307","79.37998963810979","79.37998963810979","fixed","1","1","50","3007","1","50","23267923","v2.0-design-v1.0","30.200000000000003","25.3","4.900000000000002","74.63103310729956","true","38.58399999999999","18.924","50","69.8","253","500","698","777","219","79","27","93","20","10950","3742","1272","4967","969","120","6239","21.9","0","50","1000","1997","3.994","84","5.136959446243688","0","43.1","3.598989898989899","10","700","219"
"332","BA","1000","2","0.1","50","0.1","0.5","1","platform","targeted","70","5","95","95","21.91251710299307","79.37998963810979","79.37998963810979","fixed","1","1","50","3007","2","50","23267924","v2.0-design-v1.0","29.400000000000006","24.2","5.200000000000006","73.79463385111963","true","37.172000000000004","17.453999999999997","50","70.6","242","500","706","796","219","90","27","87","15","10950","3658","1299","5030","963","114","6329","21.9","0","50","1000","1997","3.994","91","5.392684400652882","0","44.5","3.584848484848485","10","700","219"
"333","BA","1000","2","0.1","50","0.1","0.5","1","platform","targeted","70","5","95","95","21.91251710299307","79.37998963810979","79.37998963810979","fixed","1","1","50","3007","3","50","23267925","v2.0-design-v1.0","27.900000000000006","24.8","3.100000000000005","74.4468806059398","true","35.88199999999999","16.168","50","72.1","248","500","721","803","219","82","24","92","21","10950","3735","1282","4931","1002","116","6213","21.9","0","50","1000","1997","3.994","105","5.770030958084816","0","43.3","3.596969696969697","10","700","219"
"334","BA","1000","2","0.1","50","0.1","0.5","1","platform","targeted","70","5","95","95","21.91251710299307","79.37998963810979","79.37998963810979","fixed","1","1","50","3007","4","50","23267926","v2.0-design-v1.0","26.700000000000003","25.5","1.2000000000000028","74.1283676703645","true","34.867999999999995","14.910000000000002","50","73.3","255","500","733","814","219","81","29","82","27","10950","3742","1306","4871","1031","111","6177","21.9","0","50","1000","1997","3.994","77","5.523628741549741","0","46.1","3.5686868686868687","10","700","219"
"335","BA","1000","2","0.1","50","0.1","0.5","1","platform","targeted","70","5","95","95","21.91251710299307","79.37998963810979","79.37998963810979","fixed","1","1","50","3007","5","50","23267927","v2.0-design-v1.0","27.900000000000006","23.1","4.800000000000004","74.88132911392405","true","34.764","16.25400000000001","50","72.1","231","500","721","801","219","80","32","87","20","10950","3786","1270","4891","1003","119","6161","21.9","0","50","1000","1997","3.994","69","4.866379110349454","0","39.1","3.639393939393939","10","700","219"
"337","BA","1000","2","0.1","50","0.1","0.5","1","platform","targeted","70","5","95","95","21.91251710299307","79.37998963810979","79.37998963810979","fixed","1","1","50","3007","7","50","23267929","v2.0-design-v1.0","28.200000000000003","25.4","2.8000000000000043","73.47347347347348","true","37.02","17.246000000000002","50","71.8","254","500","718","794","219","76","24","92","27","10950","3670","1325","4995","960","116","6320","21.9","0","50","1000","1997","3.994","77","5.4433072293958835","0","47","3.5595959595959594","10","700","219"
"336","BA","1000","2","0.1","50","0.1","0.5","1","platform","targeted","70","5","95","95","21.91251710299307","79.37998963810979","79.37998963810979","fixed","1","1","50","3007","6","50","23267928","v2.0-design-v1.0","29","24.6","4.399999999999999","75.71513118958374","true","35.604000000000006","15.474000000000004","50","71","246","500","710","810","219","100","25","81","13","10950","3838","1231","4904","977","106","6135","21.9","0","50","1000","1997","3.994","63","4.869052440842222","0","40.3","3.6272727272727274","10","700","219"
"338","BA","1000","2","0.1","50","0.1","0.5","1","platform","targeted","70","5","95","95","21.91251710299307","79.37998963810979","79.37998963810979","fixed","1","1","50","3007","8","50","23267930","v2.0-design-v1.0","30.5","26.400000000000002","4.099999999999998","73.03078768492604","true","37.24800000000001","16.159999999999997","50","69.5","264","500","695","782","219","87","30","86","16","10950","3653","1349","4958","990","116","6307","21.9","0","50","1000","1997","3.994","96","5.563714489342426","0","44.4","3.585858585858586","10","700","219"
"339","BA","1000","2","0.1","50","0.1","0.5","1","platform","targeted","70","5","95","95","21.91251710299307","79.37998963810979","79.37998963810979","fixed","1","1","50","3007","9","50","23267931","v2.0-design-v1.0","28.200000000000003","27","1.2000000000000028","75.20381785643269","true","36.492000000000004","15.333999999999998","50","71.8","270","500","718","808","219","90","25","87","17","10950","3782","1247","4954","967","112","6201","21.9","0","50","1000","1997","3.994","90","5.320928140491672","0","44.2","3.587878787878788","10","700","219"
"340","BA","1000","2","0.1","50","0.1","0.5","1","platform","targeted","70","5","95","95","21.91251710299307","79.37998963810979","79.37998963810979","fixed","1","1","50","3007","10","50","23267932","v2.0-design-v1.0","25.299999999999997","23.1","2.1999999999999957","74.32865731462925","true","34.31799999999999","15.447999999999997","50","74.7","231","500","747","828","219","81","21","95","22","10950","3709","1281","5007","953","116","6288","21.9","0","50","1000","1997","3.994","106","5.511110263489219","0","45","3.5797979797979798","10","700","219"
"341","BA","1000","2","0.1","50","0.1","0.5","1","platform","targeted","70","5","95","95","21.91251710299307","79.37998963810979","79.37998963810979","fixed","1","1","50","3007","11","50","23267933","v2.0-design-v1.0","28.5","22.7","5.800000000000001","74.53602075434046","true","36.59600000000001","17.952","50","71.5","227","500","715","785","219","70","29","97","23","10950","3735","1276","5019","920","126","6295","21.9","0","50","1000","1997","3.994","82","5.165331029531849","0","43.8","3.591919191919192","10","700","219"
"342","BA","1000","2","0.1","50","0.1","0.5","1","platform","targeted","70","5","95","95","21.91251710299307","79.37998963810979","79.37998963810979","fixed","1","1","50","3007","12","50","23267934","v2.0-design-v1.0","31.299999999999997","27.1","4.199999999999996","72.50810372771474","true","38.38599999999999","16.976000000000003","50","68.7","271","500","687","771","219","84","26","93","16","10950","3579","1357","5104","910","119","6461","21.9","0","50","1000","1997","3.994","84","5.95814261859044","0","51.5","3.514141414141414","10","700","219"
"343","BA","1000","2","0.1","50","0.1","0.5","1","platform","targeted","70","5","95","95","21.91251710299307","79.37998963810979","79.37998963810979","fixed","1","1","50","3007","13","50","23267935","v2.0-design-v1.0","29.5","26.1","3.3999999999999986","73.48605577689243","true","36.684","15.301999999999996","50","70.5","261","500","705","782","219","77","25","102","15","10950","3689","1331","5009","921","127","6340","21.9","0","50","1000","1997","3.994","108","6.003332741403259","0","49","3.5393939393939395","10","700","219"
"344","BA","1000","2","0.1","50","0.1","0.5","1","platform","targeted","70","5","95","95","21.91251710299307","79.37998963810979","79.37998963810979","fixed","1","1","50","3007","14","50","23267936","v2.0-design-v1.0","29.299999999999997","26","3.299999999999997","72.87287287287288","true","37.46399999999999","17.045999999999996","50","70.7","260","500","707","792","219","85","32","80","22","10950","3640","1355","5015","940","112","6370","21.9","0","50","1000","1997","3.994","66","5.295281296022331","0","44","3.5898989898989897","10","700","219"
"345","BA","1000","2","0.1","50","0.1","0.5","1","platform","targeted","70","5","95","95","21.91251710299307","79.37998963810979","79.37998963810979","fixed","1","1","50","3007","15","50","23267937","v2.0-design-v1.0","26.5","21.3","5.199999999999999","71.53926701570681","true","34.702","16.470000000000006","50","73.5","213","500","735","801","219","66","24","105","24","10950","3416","1359","5249","926","129","6608","21.9","0","50","1000","1997","3.994","79","4.816758782123621","0","37.8","3.6525252525252525","10","700","219"
"346","BA","1000","2","0.1","50","0.1","0.5","1","platform","targeted","70","5","95","95","21.91251710299307","79.37998963810979","79.37998963810979","fixed","1","1","50","3007","16","50","23267938","v2.0-design-v1.0","32.599999999999994","26.200000000000003","6.3999999999999915","73.16975862756833","true","39.20399999999999","18.127999999999997","50","67.4","262","500","674","760","219","86","29","90","14","10950","3668","1345","5038","899","119","6383","21.9","0","50","1000","1997","3.994","78","5.500201470511434","0","45.5","3.5747474747474746","10","700","219"
"347","BA","1000","2","0.1","50","0.1","0.5","1","platform","targeted","70","5","95","95","21.91251710299307","79.37998963810979","79.37998963810979","fixed","1","1","50","3007","17","50","23267939","v2.0-design-v1.0","29.10000000000001","23.3","5.800000000000008","73.65365365365365","true","36.052","17.201999999999995","50","70.89999999999999","233","500","709","799","219","90","26","87","16","10950","3679","1316","5029","926","113","6345","21.9","0","50","1000","1997","3.994","91","5.230614048400365","0","43.6","3.5939393939393938","10","700","219"
"348","BA","1000","2","0.1","50","0.1","0.5","1","platform","targeted","70","5","95","95","21.91251710299307","79.37998963810979","79.37998963810979","fixed","1","1","50","3007","18","50","23267940","v2.0-design-v1.0","30.200000000000003","24.2","6.0000000000000036","73.60774818401937","true","37.438","18.115999999999996","50","69.8","242","500","698","776","219","78","34","88","19","10950","3648","1308","5045","949","122","6353","21.9","0","50","1000","1997","3.994","88","5.406402981021031","0","44.1","3.588888888888889","10","700","219"
"349","BA","1000","2","0.1","50","0.1","0.5","1","platform","targeted","70","5","95","95","21.91251710299307","79.37998963810979","79.37998963810979","fixed","1","1","50","3007","19","50","23267941","v2.0-design-v1.0","27.200000000000003","24.3","2.900000000000002","74.68780971258671","true","35.19800000000001","15.597999999999992","50","72.8","243","500","728","807","219","79","30","92","18","10950","3768","1277","4871","1034","122","6148","21.9","0","50","1000","1997","3.994","78","4.961913399545028","0","39.7","3.6333333333333333","10","700","219"
"350","BA","1000","2","0.1","50","0.1","0.5","1","platform","targeted","70","5","95","95","21.91251710299307","79.37998963810979","79.37998963810979","fixed","1","1","50","3007","20","50","23267942","v2.0-design-v1.0","30","25.5","4.5","72.78023302531138","true","38.361999999999995","17.545999999999996","50","70","255","500","700","777","219","77","27","92","23","10950","3623","1355","5005","967","119","6360","21.9","0","50","1000","1997","3.994","73","4.940280393901776","0","41.7","3.613131313131313","10","700","219"
"351","BA","1000","2","0.1","50","0.1","0.5","1","platform","targeted","70","5","95","95","21.91251710299307","79.37998963810979","79.37998963810979","fixed","1","1","50","3007","21","50","23267943","v2.0-design-v1.0","25.200000000000003","21.2","4.0000000000000036","73.68527508090615","true","34.52","16.195999999999998","50","74.8","212","500","748","816","219","68","21","103","27","10950","3643","1301","5085","921","124","6386","21.9","0","50","1000","1997","3.994","128","5.807554708454471","0","44.8","3.581818181818182","10","700","219"
"352","BA","1000","2","0.1","50","0.1","0.5","1","platform","targeted","70","5","95","95","21.91251710299307","79.37998963810979","79.37998963810979","fixed","1","1","50","3007","22","50","23267944","v2.0-design-v1.0","28.900000000000006","23.599999999999998","5.300000000000008","73.96449704142012","true","36.68600000000001","17.628","50","71.1","236","500","711","776","219","65","22","107","25","10950","3625","1276","5140","909","129","6416","21.9","0","50","1000","1997","3.994","75","5.07402303007284","0","41.5","3.6151515151515152","10","700","219"
"353","BA","1000","2","0.1","50","0.1","0.5","1","platform","targeted","70","5","95","95","21.91251710299307","79.37998963810979","79.37998963810979","fixed","1","1","50","3007","23","50","23267945","v2.0-design-v1.0","29.10000000000001","25","4.1000000000000085","73.51707609346914","true","37.242","17.221999999999998","50","70.89999999999999","250","500","709","792","219","83","22","93","21","10950","3681","1326","5017","926","115","6343","21.9","0","50","1000","1997","3.994","116","5.69793211879804","0","45.6","3.573737373737374","10","700","219"
"354","BA","1000","2","0.1","50","0.1","0.5","1","platform","targeted","70","5","95","95","21.91251710299307","79.37998963810979","79.37998963810979","fixed","1","1","50","3007","24","50","23267946","v2.0-design-v1.0","28.5","23.3","5.199999999999999","74.22292615323698","true","37.42800000000002","18.256","50","71.5","233","500","715","799","219","84","33","79","23","10950","3749","1302","4921","978","112","6223","21.9","0","50","1000","1997","3.994","102","5.383023401485527","0","43.6","3.5939393939393938","10","700","219"
"355","BA","1000","2","0.1","50","0.1","0.5","1","platform","targeted","70","5","95","95","21.91251710299307","79.37998963810979","79.37998963810979","fixed","1","1","50","3007","25","50","23267947","v2.0-design-v1.0","28.5","26.400000000000002","2.099999999999998","73.68421052631578","true","36.152","15.306000000000006","50","71.5","264","500","715","799","219","84","25","93","17","10950","3752","1340","4869","989","118","6209","21.9","0","50","1000","1997","3.994","67","5.114501160633563","0","43.7","3.592929292929293","10","700","219"
"356","BA","1000","2","0.1","50","0.1","0.5","1","platform","targeted","70","5","95","95","21.91251710299307","79.37998963810979","79.37998963810979","fixed","1","1","50","3007","26","50","23267948","v2.0-design-v1.0","29.299999999999997","27.200000000000003","2.0999999999999943","71.90553745928338","true","37.004","15.796000000000001","50","70.7","272","500","707","775","219","68","25","106","20","10950","3532","1380","5133","905","131","6513","21.9","0","50","1000","1997","3.994","81","5.564613996399826","0","47.9","3.5505050505050506","10","700","219"
"357","BA","1000","2","0.1","50","0.1","0.5","1","platform","targeted","70","5","95","95","21.91251710299307","79.37998963810979","79.37998963810979","fixed","1","1","50","3007","27","50","23267949","v2.0-design-v1.0","25","22.2","2.8000000000000007","74.48609431680774","true","33.376","15.017999999999999","50","75","222","500","750","826","219","76","33","89","21","10950","3696","1266","5049","939","122","6315","21.9","0","50","1000","1997","3.994","79","5.25276646687776","0","45.1","3.5787878787878786","10","700","219"
"358","BA","1000","2","0.1","50","0.1","0.5","1","platform","targeted","70","5","95","95","21.91251710299307","79.37998963810979","79.37998963810979","fixed","1","1","50","3007","28","50","23267950","v2.0-design-v1.0","26.900000000000006","21.5","5.400000000000006","73.82716049382717","true","35.24400000000002","17.532000000000004","50","73.1","215","500","731","801","219","70","21","106","22","10950","3588","1272","5211","879","127","6483","21.9","0","50","1000","1997","3.994","65","4.869052440842223","0","40.6","3.624242424242424","10","700","219"
"359","BA","1000","2","0.1","50","0.1","0.5","1","platform","targeted","70","5","95","95","21.91251710299307","79.37998963810979","79.37998963810979","fixed","1","1","50","3007","29","50","23267951","v2.0-design-v1.0","28.5","25.7","2.8000000000000007","72.89156626506023","true","36.91599999999999","16.817999999999998","50","71.5","257","500","715","792","219","77","30","89","23","10950","3630","1350","5059","911","119","6409","21.9","0","50","1000","1997","3.994","101","6.234647931907235","0","52.8","3.501010101010101","10","700","219"
"361","BA","1000","2","0.1","50","0.1","0.5","1","platform","targeted","70","5","95","95","84.7517610604348","88.62865994692055","88.62865994692055","fixed","1","1","50","3008","1","50","23268923","v2.0-design-v1.0","100","99.4","0.5999999999999943","11.836142831248866","true","99.54","19.807999999999996","50","0","994","500","0","0","848","0","105","743","0","42400","653","4864","36792","91","848","41656","84.8","0","50","1000","1997","3.994","90","4.784229598676545","0","36","3.6707070707070706","10","700","848"
"360","BA","1000","2","0.1","50","0.1","0.5","1","platform","targeted","70","5","95","95","21.91251710299307","79.37998963810979","79.37998963810979","fixed","1","1","50","3007","30","50","23267952","v2.0-design-v1.0","28.299999999999997","25.4","2.8999999999999986","73.42100019924288","true","36.663999999999994","15.753999999999998","50","71.7","254","500","717","789","219","72","31","98","18","10950","3685","1334","5009","922","129","6343","21.9","0","50","1000","1997","3.994","106","5.917345602462246","0","49.2","3.5373737373737373","10","700","219"
"362","BA","1000","2","0.1","50","0.1","0.5","1","platform","targeted","70","5","95","95","84.7517610604348","88.62865994692055","88.62865994692055","fixed","1","1","50","3008","2","50","23268924","v2.0-design-v1.0","100","99","1","12.509349289454002","true","99.478","20.89","50","0","990","500","0","0","848","0","96","752","0","42400","669","4679","36953","99","848","41632","84.8","0","50","1000","1997","3.994","60","4.986665301665107","0","43.3","3.596969696969697","10","700","848"
"363","BA","1000","2","0.1","50","0.1","0.5","1","platform","targeted","70","5","95","95","84.7517610604348","88.62865994692055","88.62865994692055","fixed","1","1","50","3008","3","50","23268925","v2.0-design-v1.0","100","99.1","0.9000000000000057","12.244518766257896","true","99.56","20.97599999999999","50","0","991","500","0","0","848","0","98","750","0","42400","659","4723","36937","81","848","41660","84.8","0","50","1000","1997","3.994","107","5.4644143166330075","0","43.9","3.590909090909091","10","700","848"
"364","BA","1000","2","0.1","50","0.1","0.5","1","platform","targeted","70","5","95","95","84.7517610604348","88.62865994692055","88.62865994692055","fixed","1","1","50","3008","4","50","23268926","v2.0-design-v1.0","100","99.7","0.29999999999999716","12.289992695398102","true","99.574","20.736","50","0","997","500","0","0","848","0","94","754","0","42400","673","4803","36845","79","848","41648","84.8","0","50","1000","1997","3.994","84","5.242847647171463","0","40.4","3.6262626262626263","10","700","848"
"365","BA","1000","2","0.1","50","0.1","0.5","1","platform","targeted","70","5","95","95","84.7517610604348","88.62865994692055","88.62865994692055","fixed","1","1","50","3008","5","50","23268927","v2.0-design-v1.0","100","99.1","0.9000000000000057","12.341197822141561","true","99.59","20.849999999999994","50","0","991","500","0","0","848","0","111","737","0","42400","680","4830","36813","77","848","41643","84.8","0","50","1000","1997","3.994","71","5.10313687901921","0","40.7","3.6232323232323234","10","700","848"
"366","BA","1000","2","0.1","50","0.1","0.5","1","platform","targeted","70","5","95","95","84.7517610604348","88.62865994692055","88.62865994692055","fixed","1","1","50","3008","6","50","23268928","v2.0-design-v1.0","100","98.8","1.2000000000000028","11.718891505162109","true","99.54","19.632","50","0","988","500","0","0","848","0","112","736","0","42400","647","4874","36791","88","848","41665","84.8","0","50","1000","1997","3.994","83","5.294903209691365","0","44","3.5898989898989897","10","700","848"
"367","BA","1000","2","0.1","50","0.1","0.5","1","platform","targeted","70","5","95","95","84.7517610604348","88.62865994692055","88.62865994692055","fixed","1","1","50","3008","7","50","23268929","v2.0-design-v1.0","100","99.4","0.5999999999999943","11.816838995568684","true","99.554","19.624","50","0","994","500","0","0","848","0","92","756","0","42400","640","4776","36903","81","848","41679","84.8","0","50","1000","1997","3.994","86","5.606013859364898","0","47.3","3.5565656565656565","10","700","848"
"368","BA","1000","2","0.1","50","0.1","0.5","1","platform","targeted","70","5","95","95","84.7517610604348","88.62865994692055","88.62865994692055","fixed","1","1","50","3008","8","50","23268930","v2.0-design-v1.0","100","98.3","1.7000000000000028","11.971567527123081","true","99.56","20.432000000000002","50","0","983","500","0","0","848","0","107","741","0","42400","640","4706","36981","73","848","41687","84.8","0","50","1000","1997","3.994","108","5.498017114577955","0","41.9","3.611111111111111","10","700","848"
"369","BA","1000","2","0.1","50","0.1","0.5","1","platform","targeted","70","5","95","95","84.7517610604348","88.62865994692055","88.62865994692055","fixed","1","1","50","3008","9","50","23268931","v2.0-design-v1.0","100","98.8","1.2000000000000028","11.858213045861502","true","99.57","20.712000000000003","50","0","988","500","0","0","848","0","111","737","0","42400","649","4824","36855","72","848","41679","84.8","0","50","1000","1997","3.994","104","5.199904134020444","0","40","3.6303030303030304","10","700","848"
"370","BA","1000","2","0.1","50","0.1","0.5","1","platform","targeted","70","5","95","95","84.7517610604348","88.62865994692055","88.62865994692055","fixed","1","1","50","3008","10","50","23268932","v2.0-design-v1.0","100","98.9","1.0999999999999943","11.630474788369526","true","99.568","19.81800000000001","50","0","989","500","0","0","848","0","97","751","0","42400","632","4802","36888","78","848","41690","84.8","0","50","1000","1997","3.994","104","5.6077991593325915","0","45.2","3.577777777777778","10","700","848"
"371","BA","1000","2","0.1","50","0.1","0.5","1","platform","targeted","70","5","95","95","84.7517610604348","88.62865994692055","88.62865994692055","fixed","1","1","50","3008","11","50","23268933","v2.0-design-v1.0","100","98.8","1.2000000000000028","12.528430629264594","true","99.52799999999999","21.830000000000005","50","0","988","500","0","0","848","0","106","742","0","42400","661","4615","37028","96","848","41643","84.8","0","50","1000","1997","3.994","101","5.648705327052541","0","47.4","3.5555555555555554","10","700","848"
"372","BA","1000","2","0.1","50","0.1","0.5","1","platform","targeted","70","5","95","95","84.7517610604348","88.62865994692055","88.62865994692055","fixed","1","1","50","3008","12","50","23268934","v2.0-design-v1.0","100","99","1","12.141527001862197","true","99.52799999999999","20.506000000000004","50","0","990","500","0","0","848","0","95","753","0","42400","652","4718","36939","91","848","41657","84.8","0","50","1000","1997","3.994","59","4.605124446871232","0","35.7","3.6737373737373735","10","700","848"
"373","BA","1000","2","0.1","50","0.1","0.5","1","platform","targeted","70","5","95","95","84.7517610604348","88.62865994692055","88.62865994692055","fixed","1","1","50","3008","13","50","23268935","v2.0-design-v1.0","100","99.3","0.7000000000000028","12.219127205199628","true","99.53399999999999","19.726","50","0","993","500","0","0","848","0","88","760","0","42400","658","4727","36927","88","848","41654","84.8","0","50","1000","1997","3.994","78","5.45818245900187","0","44.9","3.580808080808081","10","700","848"
"374","BA","1000","2","0.1","50","0.1","0.5","1","platform","targeted","70","5","95","95","84.7517610604348","88.62865994692055","88.62865994692055","fixed","1","1","50","3008","14","50","23268936","v2.0-design-v1.0","100","99.4","0.5999999999999943","11.69019182048498","true","99.584","20.533999999999995","50","0","994","500","0","0","848","0","80","768","0","42400","646","4880","36788","86","848","41668","84.8","0","50","1000","1997","3.994","61","5.147665729479954","0","43.1","3.598989898989899","10","700","848"
"375","BA","1000","2","0.1","50","0.1","0.5","1","platform","targeted","70","5","95","95","84.7517610604348","88.62865994692055","88.62865994692055","fixed","1","1","50","3008","15","50","23268937","v2.0-design-v1.0","100","98.9","1.0999999999999943","12.274302389202992","true","99.54799999999999","20.154","50","0","989","500","0","0","848","0","100","748","0","42400","673","4810","36838","79","848","41648","84.8","0","50","1000","1997","3.994","76","5.481424085947911","0","46.3","3.566666666666667","10","700","848"
"376","BA","1000","2","0.1","50","0.1","0.5","1","platform","targeted","70","5","95","95","84.7517610604348","88.62865994692055","88.62865994692055","fixed","1","1","50","3008","16","50","23268938","v2.0-design-v1.0","100","99.4","0.5999999999999943","12.136465324384787","true","99.53","20.241999999999997","50","0","994","500","0","0","848","0","100","748","0","42400","651","4713","36957","79","848","41670","84.8","0","50","1000","1997","3.994","72","5.0298372998799055","0","40.8","3.6222222222222222","10","700","848"
"377","BA","1000","2","0.1","50","0.1","0.5","1","platform","targeted","70","5","95","95","84.7517610604348","88.62865994692055","88.62865994692055","fixed","1","1","50","3008","17","50","23268939","v2.0-design-v1.0","100","98.7","1.2999999999999972","12.56924546322827","true","99.566","21.288000000000007","50","0","987","500","0","0","848","0","95","753","0","42400","658","4577","37072","93","848","41649","84.8","0","50","1000","1997","3.994","85","5.416946308327892","0","47.6","3.5535353535353535","10","700","848"
"378","BA","1000","2","0.1","50","0.1","0.5","1","platform","targeted","70","5","95","95","84.7517610604348","88.62865994692055","88.62865994692055","fixed","1","1","50","3008","18","50","23268940","v2.0-design-v1.0","100","99.2","0.7999999999999972","12.00501702203906","true","99.536","19.317999999999998","50","0","992","500","0","0","848","0","92","756","0","42400","670","4911","36737","82","848","41648","84.8","0","50","1000","1997","3.994","99","5.785796353090854","0","46","3.56969696969697","10","700","848"
"379","BA","1000","2","0.1","50","0.1","0.5","1","platform","targeted","70","5","95","95","84.7517610604348","88.62865994692055","88.62865994692055","fixed","1","1","50","3008","19","50","23268941","v2.0-design-v1.0","100","98.9","1.0999999999999943","13.23529411764706","true","99.48","21.252","50","0","989","500","0","0","848","0","106","742","0","42400","711","4661","36923","105","848","41584","84.8","0","50","1000","1997","3.994","76","5.2292742622001755","0","44.4","3.585858585858586","10","700","848"
"380","BA","1000","2","0.1","50","0.1","0.5","1","platform","targeted","70","5","95","95","84.7517610604348","88.62865994692055","88.62865994692055","fixed","1","1","50","3008","20","50","23268942","v2.0-design-v1.0","100","98.5","1.5","11.900264450321119","true","99.55","21.679999999999996","50","0","985","500","0","0","848","0","118","730","0","42400","630","4664","37008","98","848","41672","84.8","0","50","1000","1997","3.994","100","5.858693394289244","0","49.3","3.536363636363636","10","700","848"
"381","BA","1000","2","0.1","50","0.1","0.5","1","platform","targeted","70","5","95","95","84.7517610604348","88.62865994692055","88.62865994692055","fixed","1","1","50","3008","21","50","23268943","v2.0-design-v1.0","100","98.8","1.2000000000000028","11.912751677852349","true","99.618","20.082000000000008","50","0","988","500","0","0","848","0","85","763","0","42400","639","4725","36973","63","848","41698","84.8","0","50","1000","1997","3.994","78","5.364022439991895","0","46","3.56969696969697","10","700","848"
"382","BA","1000","2","0.1","50","0.1","0.5","1","platform","targeted","70","5","95","95","84.7517610604348","88.62865994692055","88.62865994692055","fixed","1","1","50","3008","22","50","23268944","v2.0-design-v1.0","100","99","1","11.664530305804798","true","99.514","19.694000000000003","50","0","990","500","0","0","848","0","82","766","0","42400","637","4824","36844","95","848","41668","84.8","0","50","1000","1997","3.994","87","5.3761386577046855","0","45.6","3.573737373737374","10","700","848"
"383","BA","1000","2","0.1","50","0.1","0.5","1","platform","targeted","70","5","95","95","84.7517610604348","88.62865994692055","88.62865994692055","fixed","1","1","50","3008","23","50","23268945","v2.0-design-v1.0","100","98.8","1.2000000000000028","12.592867756315007","true","99.546","20.396000000000004","50","0","988","500","0","0","848","0","109","739","0","42400","678","4706","36937","79","848","41643","84.8","0","50","1000","1997","3.994","77","4.927701923437148","0","39.4","3.6363636363636362","10","700","848"
"384","BA","1000","2","0.1","50","0.1","0.5","1","platform","targeted","70","5","95","95","84.7517610604348","88.62865994692055","88.62865994692055","fixed","1","1","50","3008","24","50","23268946","v2.0-design-v1.0","100","98.7","1.2999999999999972","12.992125984251967","true","99.55599999999998","20.05999999999999","50","0","987","500","0","0","848","0","94","754","0","42400","693","4641","36980","86","848","41621","84.8","0","50","1000","1997","3.994","127","6.055132420404118","0","48.5","3.5444444444444443","10","700","848"
"385","BA","1000","2","0.1","50","0.1","0.5","1","platform","targeted","70","5","95","95","84.7517610604348","88.62865994692055","88.62865994692055","fixed","1","1","50","3008","25","50","23268947","v2.0-design-v1.0","100","98.8","1.2000000000000028","12.181886227544911","true","99.594","21.153999999999993","50","0","988","500","0","0","848","0","102","746","0","42400","651","4693","36990","66","848","41683","84.8","0","50","1000","1997","3.994","84","5.4475351893897495","0","45.7","3.5727272727272728","10","700","848"
"386","BA","1000","2","0.1","50","0.1","0.5","1","platform","targeted","70","5","95","95","84.7517610604348","88.62865994692055","88.62865994692055","fixed","1","1","50","3008","26","50","23268948","v2.0-design-v1.0","100","98.5","1.5","12.444196428571429","true","99.572","21.034000000000002","50","0","985","500","0","0","848","0","83","765","0","42400","669","4707","36930","94","848","41637","84.8","0","50","1000","1997","3.994","119","6.087612259582845","0","50.1","3.5282828282828285","10","700","848"
"387","BA","1000","2","0.1","50","0.1","0.5","1","platform","targeted","70","5","95","95","84.7517610604348","88.62865994692055","88.62865994692055","fixed","1","1","50","3008","27","50","23268949","v2.0-design-v1.0","100","98.9","1.0999999999999943","11.920777279521674","true","99.506","20.705999999999996","50","0","989","500","0","0","848","0","94","754","0","42400","638","4714","36947","101","848","41661","84.8","0","50","1000","1997","3.994","67","4.834597949916548","0","40.1","3.6292929292929292","10","700","848"
"388","BA","1000","2","0.1","50","0.1","0.5","1","platform","targeted","70","5","95","95","84.7517610604348","88.62865994692055","88.62865994692055","fixed","1","1","50","3008","28","50","23268950","v2.0-design-v1.0","100","98.9","1.0999999999999943","12.71280532938564","true","99.56200000000001","20.01","50","0","989","500","0","0","848","0","102","746","0","42400","687","4717","36916","80","848","41633","84.8","0","50","1000","1997","3.994","70","5.318105512891424","0","44.2","3.587878787878788","10","700","848"
"389","BA","1000","2","0.1","50","0.1","0.5","1","platform","targeted","70","5","95","95","84.7517610604348","88.62865994692055","88.62865994692055","fixed","1","1","50","3008","29","50","23268951","v2.0-design-v1.0","100","99.1","0.9000000000000057","12.45822502784998","true","99.57","21.153999999999996","50","0","991","500","0","0","848","0","94","754","0","42400","671","4715","36931","83","848","41646","84.8","0","50","1000","1997","3.994","85","5.22372005866041","0","42.4","3.606060606060606","10","700","848"
"390","BA","1000","2","0.1","50","0.1","0.5","1","platform","targeted","70","5","95","95","84.7517610604348","88.62865994692055","88.62865994692055","fixed","1","1","50","3008","30","50","23268952","v2.0-design-v1.0","100","98.8","1.2000000000000028","11.825726141078837","true","99.568","21.133999999999997","50","0","988","500","0","0","848","0","94","754","0","42400","627","4675","37029","69","848","41704","84.8","0","50","1000","1997","3.994","81","5.349446754626175","0","45.9","3.5707070707070705","10","700","848"
"391","BA","1000","2","0.1","50","0.1","0.5","1","platform","targeted","70","5","95","95","8.955542836637996","91.35916421280014","91.35916421280014","fixed","1","1","50","3009","1","50","23269923","v2.0-design-v1.0","12.700000000000003","7.5","5.200000000000003","94.20893262679787","true","20.272000000000002","15.184","50","87.3","75","500","873","926","90","53","0","32","5","4500","2489","153","1626","232","32","1779","9","0","50","1000","1997","3.994","92","5.7601339518402765","0","46","3.56969696969697","10","700","90"
"392","BA","1000","2","0.1","50","0.1","0.5","1","platform","targeted","70","5","95","95","8.955542836637996","91.35916421280014","91.35916421280014","fixed","1","1","50","3009","2","50","23269924","v2.0-design-v1.0","12.400000000000006","6.800000000000001","5.600000000000005","94.61538461538461","true","19.383999999999993","14.952","50","87.6","68","500","876","926","90","50","2","31","7","4500","2583","147","1536","234","33","1683","9","0","50","1000","1997","3.994","65","5.067508622947134","0","42.5","3.605050505050505","10","700","90"
"393","BA","1000","2","0.1","50","0.1","0.5","1","platform","targeted","70","5","95","95","8.955542836637996","91.35916421280014","91.35916421280014","fixed","1","1","50","3009","3","50","23269925","v2.0-design-v1.0","12.299999999999997","7.3","4.999999999999997","94.01931649331353","true","19.778","14.888000000000002","50","87.7","73","500","877","921","90","44","0","39","7","4500","2531","161","1579","229","39","1740","9","0","50","1000","1997","3.994","94","5.18467403457968","0","42.2","3.608080808080808","10","700","90"
"394","BA","1000","2","0.1","50","0.1","0.5","1","platform","targeted","70","5","95","95","8.955542836637996","91.35916421280014","91.35916421280014","fixed","1","1","50","3009","4","50","23269926","v2.0-design-v1.0","12","6.4","5.6","95.34450651769087","true","19.844000000000005","15.637999999999998","50","88","64","500","880","934","90","54","3","25","8","4500","2560","125","1582","233","28","1707","9","0","50","1000","1997","3.994","61","4.9619133995450255","0","42.1","3.609090909090909","10","700","90"
"395","BA","1000","2","0.1","50","0.1","0.5","1","platform","targeted","70","5","95","95","8.955542836637996","91.35916421280014","91.35916421280014","fixed","1","1","50","3009","5","50","23269927","v2.0-design-v1.0","12.400000000000006","6.9","5.500000000000005","93.92328142802886","true","19.654","15.142000000000003","50","87.6","69","500","876","921","90","45","1","36","8","4500","2473","160","1617","250","37","1777","9","0","50","1000","1997","3.994","90","5.4981991773847305","0","45.7","3.5727272727272728","10","700","90"
"396","BA","1000","2","0.1","50","0.1","0.5","1","platform","targeted","70","5","95","95","8.955542836637996","91.35916421280014","91.35916421280014","fixed","1","1","50","3009","6","50","23269928","v2.0-design-v1.0","12","7.3999999999999995","4.6000000000000005","94.1376701966717","true","19.886000000000003","14.836000000000002","50","88","74","500","880","931","90","51","1","30","8","4500","2489","155","1606","250","31","1761","9","0","50","1000","1997","3.994","78","5.438523838464021","0","46.3","3.566666666666667","10","700","90"
"397","BA","1000","2","0.1","50","0.1","0.5","1","platform","targeted","70","5","95","95","8.955542836637996","91.35916421280014","91.35916421280014","fixed","1","1","50","3009","7","50","23269929","v2.0-design-v1.0","11.599999999999994","7.000000000000001","4.599999999999993","95.2906548933039","true","20.061999999999998","15.471999999999998","50","88.4","70","500","884","929","90","45","2","39","4","4500","2590","128","1528","254","41","1656","9","0","50","1000","1997","3.994","81","5.189884285694511","0","41","3.6202020202020204","10","700","90"
"398","BA","1000","2","0.1","50","0.1","0.5","1","platform","targeted","70","5","95","95","8.955542836637996","91.35916421280014","91.35916421280014","fixed","1","1","50","3009","8","50","23269930","v2.0-design-v1.0","10.900000000000006","6.4","4.500000000000005","94.99079189686924","true","18.392000000000003","14.072000000000001","50","89.1","64","500","891","942","90","51","2","28","9","4500","2579","136","1533","252","30","1669","9","0","50","1000","1997","3.994","56","4.72273948765631","0","38.7","3.6434343434343432","10","700","90"
"399","BA","1000","2","0.1","50","0.1","0.5","1","platform","targeted","70","5","95","95","8.955542836637996","91.35916421280014","91.35916421280014","fixed","1","1","50","3009","9","50","23269931","v2.0-design-v1.0","11.5","6.6000000000000005","4.8999999999999995","94.4048066090875","true","18.111999999999995","13.593999999999994","50","88.5","66","500","885","942","90","57","3","29","1","4500","2514","149","1577","260","32","1726","9","0","50","1000","1997","3.994","73","5.06395177777272","0","41.5","3.6151515151515152","10","700","90"
"400","BA","1000","2","0.1","50","0.1","0.5","1","platform","targeted","70","5","95","95","8.955542836637996","91.35916421280014","91.35916421280014","fixed","1","1","50","3009","10","50","23269932","v2.0-design-v1.0","13.400000000000006","6.9","6.500000000000005","94.44648767929385","true","20.736000000000004","15.818000000000005","50","86.6","69","500","866","918","90","52","1","31","6","4500","2568","151","1559","222","32","1710","9","0","50","1000","1997","3.994","88","5.338582626921156","0","44.7","3.5828282828282827","10","700","90"
"401","BA","1000","2","0.1","50","0.1","0.5","1","platform","targeted","70","5","95","95","8.955542836637996","91.35916421280014","91.35916421280014","fixed","1","1","50","3009","11","50","23269933","v2.0-design-v1.0","12.5","7.000000000000001","5.499999999999999","93.72808726139462","true","19.136000000000003","14.380000000000004","50","87.5","70","500","875","924","90","49","0","38","3","4500","2406","161","1687","246","38","1848","9","0","50","1000","1997","3.994","115","5.5377459882727145","0","44.3","3.5868686868686868","10","700","90"
"402","BA","1000","2","0.1","50","0.1","0.5","1","platform","targeted","70","5","95","95","8.955542836637996","91.35916421280014","91.35916421280014","fixed","1","1","50","3009","12","50","23269934","v2.0-design-v1.0","12.299999999999997","7.3","4.999999999999997","94.87463126843659","true","19.22","14.634000000000006","50","87.7","73","500","877","926","90","49","5","34","2","4500","2573","139","1570","218","39","1709","9","0","50","1000","1997","3.994","83","5.357113277004938","0","43.8","3.591919191919192","10","700","90"
"403","BA","1000","2","0.1","50","0.1","0.5","1","platform","targeted","70","5","95","95","8.955542836637996","91.35916421280014","91.35916421280014","fixed","1","1","50","3009","13","50","23269935","v2.0-design-v1.0","12.599999999999994","6.7","5.899999999999994","95.0093808630394","true","19.958000000000002","15.392000000000003","50","87.4","67","500","874","931","90","57","4","24","5","4500","2532","133","1588","247","28","1721","9","0","50","1000","1997","3.994","91","5.569468824132414","0","47.9","3.5505050505050506","10","700","90"
"404","BA","1000","2","0.1","50","0.1","0.5","1","platform","targeted","70","5","95","95","8.955542836637996","91.35916421280014","91.35916421280014","fixed","1","1","50","3009","14","50","23269936","v2.0-design-v1.0","12.099999999999994","7.3","4.7999999999999945","94.06748238783834","true","20.076000000000008","14.83","50","87.9","73","500","879","932","90","53","2","28","7","4500","2537","160","1584","219","30","1744","9","0","50","1000","1997","3.994","105","5.911083226017473","0","46.7","3.562626262626263","10","700","90"
"405","BA","1000","2","0.1","50","0.1","0.5","1","platform","targeted","70","5","95","95","8.955542836637996","91.35916421280014","91.35916421280014","fixed","1","1","50","3009","15","50","23269937","v2.0-design-v1.0","12.900000000000006","7.000000000000001","5.900000000000005","94.17189229066764","true","20.535999999999998","15.781999999999996","50","87.1","70","500","871","927","90","56","4","26","4","4500","2553","158","1549","240","30","1707","9","0","50","1000","1997","3.994","82","5.428206833700185","0","45.3","3.576767676767677","10","700","90"
"406","BA","1000","2","0.1","50","0.1","0.5","1","platform","targeted","70","5","95","95","8.955542836637996","91.35916421280014","91.35916421280014","fixed","1","1","50","3009","16","50","23269938","v2.0-design-v1.0","13.200000000000003","6.6000000000000005","6.600000000000002","94.06123201770565","true","20.66000000000001","16.214","50","86.8","66","500","868","923","90","55","4","26","5","4500","2550","161","1571","218","30","1732","9","0","50","1000","1997","3.994","64","5.199711626715557","0","44.3","3.5868686868686868","10","700","90"
"407","BA","1000","2","0.1","50","0.1","0.5","1","platform","targeted","70","5","95","95","8.955542836637996","91.35916421280014","91.35916421280014","fixed","1","1","50","3009","17","50","23269939","v2.0-design-v1.0","11.599999999999994","6.800000000000001","4.799999999999994","94.26944971537003","true","19.17","14.514000000000001","50","88.4","68","500","884","930","90","46","5","33","6","4500","2484","151","1609","256","38","1760","9","0","50","1000","1997","3.994","103","5.530148872005748","0","47.5","3.5545454545454547","10","700","90"
"408","BA","1000","2","0.1","50","0.1","0.5","1","platform","targeted","70","5","95","95","8.955542836637996","91.35916421280014","91.35916421280014","fixed","1","1","50","3009","18","50","23269940","v2.0-design-v1.0","14.400000000000006","7.7","6.7000000000000055","93.58081979891725","true","20.715999999999994","15.554000000000006","50","85.6","77","500","856","907","90","51","4","34","1","4500","2420","166","1680","234","38","1846","9","0","50","1000","1997","3.994","77","5.643031792202462","0","49.8","3.5313131313131314","10","700","90"
"409","BA","1000","2","0.1","50","0.1","0.5","1","platform","targeted","70","5","95","95","8.955542836637996","91.35916421280014","91.35916421280014","fixed","1","1","50","3009","19","50","23269941","v2.0-design-v1.0","13.099999999999994","7.7","5.399999999999994","93.05349182763744","true","19.894000000000005","14.451999999999993","50","86.9","77","500","869","922","90","53","3","30","4","4500","2505","187","1590","218","33","1777","9","0","50","1000","1997","3.994","70","4.847418020086709","0","39.6","3.6343434343434344","10","700","90"
"410","BA","1000","2","0.1","50","0.1","0.5","1","platform","targeted","70","5","95","95","8.955542836637996","91.35916421280014","91.35916421280014","fixed","1","1","50","3009","20","50","23269942","v2.0-design-v1.0","11.599999999999994","7.3","4.2999999999999945","93.68142262580402","true","18.293999999999997","13.392000000000005","50","88.4","73","500","884","926","90","42","3","38","7","4500","2476","167","1626","231","41","1793","9","0","50","1000","1997","3.994","64","4.75210969428805","0","38.9","3.6414141414141414","10","700","90"
"411","BA","1000","2","0.1","50","0.1","0.5","1","platform","targeted","70","5","95","95","8.955542836637996","91.35916421280014","91.35916421280014","fixed","1","1","50","3009","21","50","23269943","v2.0-design-v1.0","11.5","6.7","4.8","95.4035874439462","true","18.578","13.959999999999996","50","88.5","67","500","885","938","90","53","2","33","2","4500","2553","123","1586","238","35","1709","9","0","50","1000","1997","3.994","94","5.6282894063508815","0","45.4","3.5757575757575757","10","700","90"
"412","BA","1000","2","0.1","50","0.1","0.5","1","platform","targeted","70","5","95","95","8.955542836637996","91.35916421280014","91.35916421280014","fixed","1","1","50","3009","22","50","23269944","v2.0-design-v1.0","12.299999999999997","6.9","5.399999999999997","95.17117117117118","true","19.66","14.762","50","87.7","69","500","877","937","90","60","5","22","3","4500","2641","134","1463","262","27","1597","9","0","50","1000","1997","3.994","58","4.8733677999627325","0","39.8","3.632323232323232","10","700","90"
"413","BA","1000","2","0.1","50","0.1","0.5","1","platform","targeted","70","5","95","95","8.955542836637996","91.35916421280014","91.35916421280014","fixed","1","1","50","3009","23","50","23269945","v2.0-design-v1.0","12","6.800000000000001","5.199999999999999","94.00311526479751","true","19.83400000000001","15.235999999999999","50","88","68","500","880","937","90","57","2","27","4","4500","2414","154","1701","231","29","1855","9","0","50","1000","1997","3.994","83","5.542624349952339","0","48","3.5494949494949495","10","700","90"
"414","BA","1000","2","0.1","50","0.1","0.5","1","platform","targeted","70","5","95","95","8.955542836637996","91.35916421280014","91.35916421280014","fixed","1","1","50","3009","24","50","23269946","v2.0-design-v1.0","12.599999999999994","6.9","5.699999999999994","93.66061074603789","true","18.65800000000001","13.928000000000004","50","87.4","69","500","874","935","90","61","2","25","2","4500","2423","164","1670","243","27","1834","9","0","50","1000","1997","3.994","87","5.600297074917297","0","45.4","3.5757575757575757","10","700","90"
"415","BA","1000","2","0.1","50","0.1","0.5","1","platform","targeted","70","5","95","95","8.955542836637996","91.35916421280014","91.35916421280014","fixed","1","1","50","3009","25","50","23269947","v2.0-design-v1.0","11.900000000000006","6.9","5.000000000000005","94.80470231323473","true","20.342","16.054000000000002","50","88.1","69","500","881","937","90","56","2","27","5","4500","2500","137","1626","237","29","1763","9","0","50","1000","1997","3.994","107","5.724922596746493","0","48","3.5494949494949495","10","700","90"
"416","BA","1000","2","0.1","50","0.1","0.5","1","platform","targeted","70","5","95","95","8.955542836637996","91.35916421280014","91.35916421280014","fixed","1","1","50","3009","26","50","23269948","v2.0-design-v1.0","13.099999999999994","6.5","6.599999999999994","93.6842105263158","true","20.279999999999994","15.857999999999995","50","86.9","65","500","869","916","90","47","1","37","5","4500","2492","168","1614","226","38","1782","9","0","50","1000","1997","3.994","99","5.442387673033181","0","44.1","3.588888888888889","10","700","90"
"417","BA","1000","2","0.1","50","0.1","0.5","1","platform","targeted","70","5","95","95","8.955542836637996","91.35916421280014","91.35916421280014","fixed","1","1","50","3009","27","50","23269949","v2.0-design-v1.0","13.099999999999994","6.9","6.199999999999994","95.08073601201652","true","20.551999999999992","16.396000000000004","50","86.9","69","500","869","931","90","62","1","22","5","4500","2532","131","1640","197","23","1771","9","0","50","1000","1997","3.994","81","5.378000268397798","0","44.4","3.585858585858586","10","700","90"
"418","BA","1000","2","0.1","50","0.1","0.5","1","platform","targeted","70","5","95","95","8.955542836637996","91.35916421280014","91.35916421280014","fixed","1","1","50","3009","28","50","23269950","v2.0-design-v1.0","12.400000000000006","6.800000000000001","5.600000000000005","94.66918714555766","true","19.336000000000002","14.422000000000002","50","87.6","68","500","876","929","90","53","3","29","5","4500","2504","141","1616","239","32","1757","9","0","50","1000","1997","3.994","80","5.035008968742284","0","41.3","3.617171717171717","10","700","90"
"419","BA","1000","2","0.1","50","0.1","0.5","1","platform","targeted","70","5","95","95","8.955542836637996","91.35916421280014","91.35916421280014","fixed","1","1","50","3009","29","50","23269951","v2.0-design-v1.0","12.400000000000006","6.5","5.900000000000006","94.74268789337282","true","20.212","15.993999999999998","50","87.6","65","500","876","926","90","50","2","32","6","4500","2559","142","1539","260","34","1681","9","0","50","1000","1997","3.994","80","5.070865574798607","0","41","3.6202020202020204","10","700","90"
"420","BA","1000","2","0.1","50","0.1","0.5","1","platform","targeted","70","5","95","95","8.955542836637996","91.35916421280014","91.35916421280014","fixed","1","1","50","3009","30","50","23269952","v2.0-design-v1.0","13","7.7","5.3","93.51988217967599","true","20.528000000000006","15.487999999999994","50","87","77","500","870","930","90","60","3","24","3","4500","2540","176","1580","204","27","1756","9","0","50","1000","1997","3.994","93","5.168818112555377","0","40.5","3.625252525252525","10","700","90"
"421","BA","1000","2","0.1","50","0.1","0.5","1","platform","targeted","70","5","95","95","71.83172425477605","67.36334721306747","67.36334721306747","fixed","1","1","50","3010","1","50","23270923","v2.0-design-v1.0","100","99.9","0.09999999999999432","7.598304098428797","true","97.874","9.549999999999997","50","0","999","500","0","0","718","0","219","499","0","35900","914","11115","23423","448","718","34538","71.8","0","50","1000","1997","3.994","58","4.583117821851067","0","36.3","3.6676767676767676","10","700","718"
"422","BA","1000","2","0.1","50","0.1","0.5","1","platform","targeted","70","5","95","95","71.83172425477605","67.36334721306747","67.36334721306747","fixed","1","1","50","3010","2","50","23270924","v2.0-design-v1.0","100","99.9","0.09999999999999432","7.689144736842106","true","97.72200000000001","9.915999999999999","50","0","999","500","0","0","718","0","213","505","0","35900","935","11225","23290","450","718","34515","71.8","0","50","1000","1997","3.994","70","5.050690395725456","0","41.4","3.6161616161616164","10","700","718"
"423","BA","1000","2","0.1","50","0.1","0.5","1","platform","targeted","70","5","95","95","71.83172425477605","67.36334721306747","67.36334721306747","fixed","1","1","50","3010","3","50","23270925","v2.0-design-v1.0","100","100","0","8.737053123955898","true","97.366","9.550000000000004","50","0","1000","500","0","0","718","0","243","475","0","35900","1046","10926","23393","535","718","34319","71.8","0","50","1000","1997","3.994","91","5.328447837443492","0","44.7","3.5828282828282827","10","700","718"
"424","BA","1000","2","0.1","50","0.1","0.5","1","platform","targeted","70","5","95","95","71.83172425477605","67.36334721306747","67.36334721306747","fixed","1","1","50","3010","4","50","23270926","v2.0-design-v1.0","100","100","0","8.438646555238485","true","97.698","9.16","50","0","1000","500","0","0","718","0","244","474","0","35900","1035","11230","23145","490","718","34375","71.8","0","50","1000","1997","3.994","70","5.204522173173151","0","43.8","3.591919191919192","10","700","718"
"425","BA","1000","2","0.1","50","0.1","0.5","1","platform","targeted","70","5","95","95","71.83172425477605","67.36334721306747","67.36334721306747","fixed","1","1","50","3010","5","50","23270927","v2.0-design-v1.0","100","100","0","7.599280928256251","true","97.932","8.890000000000004","50","0","1000","500","0","0","718","0","225","493","0","35900","930","11308","23243","419","718","34551","71.8","0","50","1000","1997","3.994","109","5.419532759872872","0","41.9","3.611111111111111","10","700","718"
"426","BA","1000","2","0.1","50","0.1","0.5","1","platform","targeted","70","5","95","95","71.83172425477605","67.36334721306747","67.36334721306747","fixed","1","1","50","3010","6","50","23270928","v2.0-design-v1.0","100","100","0","7.590054976614426","true","97.95200000000001","9.794","50","0","1000","500","0","0","718","0","219","499","0","35900","925","11262","23295","418","718","34557","71.8","0","50","1000","1997","3.994","90","5.24590158919164","0","41.2","3.618181818181818","10","700","718"
"427","BA","1000","2","0.1","50","0.1","0.5","1","platform","targeted","70","5","95","95","71.83172425477605","67.36334721306747","67.36334721306747","fixed","1","1","50","3010","7","50","23270929","v2.0-design-v1.0","100","100","0","8.389892877586066","true","97.70400000000001","9.126000000000003","50","0","1000","500","0","0","718","0","211","507","0","35900","1026","11203","23208","463","718","34411","71.8","0","50","1000","1997","3.994","66","5.052671916272954","0","42.5","3.605050505050505","10","700","718"
"428","BA","1000","2","0.1","50","0.1","0.5","1","platform","targeted","70","5","95","95","71.83172425477605","67.36334721306747","67.36334721306747","fixed","1","1","50","3010","8","50","23270930","v2.0-design-v1.0","100","99.9","0.09999999999999432","7.478998450371095","true","97.64","10.383999999999999","50","0","999","500","0","0","718","0","249","469","0","35900","917","11344","23192","447","718","34536","71.8","0","50","1000","1997","3.994","75","4.639341277324548","0","38.5","3.6454545454545455","10","700","718"
"429","BA","1000","2","0.1","50","0.1","0.5","1","platform","targeted","70","5","95","95","71.83172425477605","67.36334721306747","67.36334721306747","fixed","1","1","50","3010","9","50","23270931","v2.0-design-v1.0","100","100","0","10.684244581041733","true","96.70200000000001","8.14","50","0","1000","500","0","0","718","0","215","503","0","35900","1321","11043","22827","709","718","33870","71.8","0","50","1000","1997","3.994","98","5.7897742171422735","0","48.1","3.5484848484848484","10","700","718"
"430","BA","1000","2","0.1","50","0.1","0.5","1","platform","targeted","70","5","95","95","71.83172425477605","67.36334721306747","67.36334721306747","fixed","1","1","50","3010","10","50","23270932","v2.0-design-v1.0","100","100","0","9.515724795860619","true","97.262","9.454000000000006","50","0","1000","500","0","0","718","0","241","477","0","35900","1177","11192","22972","559","718","34164","71.8","0","50","1000","1997","3.994","61","4.950603243289893","0","42.2","3.608080808080808","10","700","718"
"431","BA","1000","2","0.1","50","0.1","0.5","1","platform","targeted","70","5","95","95","71.83172425477605","67.36334721306747","67.36334721306747","fixed","1","1","50","3010","11","50","23270933","v2.0-design-v1.0","100","100","0","10.373644033748493","true","96.81000000000002","8.097999999999999","50","0","1000","500","0","0","718","0","240","478","0","35900","1291","11154","22796","659","718","33950","71.8","0","50","1000","1997","3.994","94","5.34158183467186","0","43","3.6","10","700","718"
"432","BA","1000","2","0.1","50","0.1","0.5","1","platform","targeted","70","5","95","95","71.83172425477605","67.36334721306747","67.36334721306747","fixed","1","1","50","3010","12","50","23270934","v2.0-design-v1.0","100","100","0","8.277551020408163","true","97.678","9.416000000000002","50","0","1000","500","0","0","718","0","213","505","0","35900","1014","11236","23173","477","718","34409","71.8","0","50","1000","1997","3.994","101","5.218351769974416","0","40","3.6303030303030304","10","700","718"
"433","BA","1000","2","0.1","50","0.1","0.5","1","platform","targeted","70","5","95","95","71.83172425477605","67.36334721306747","67.36334721306747","fixed","1","1","50","3010","13","50","23270935","v2.0-design-v1.0","100","100","0","10.32599837000815","true","97.22599999999994","8.629999999999995","50","0","1000","500","0","1","718","1","245","472","0","35900","1267","11003","23066","564","717","34069","71.8","0","50","1000","1997","3.994","122","5.754396326034296","0","44.5","3.584848484848485","10","700","718"
"434","BA","1000","2","0.1","50","0.1","0.5","1","platform","targeted","70","5","95","95","71.83172425477605","67.36334721306747","67.36334721306747","fixed","1","1","50","3010","14","50","23270936","v2.0-design-v1.0","100","99.7","0.29999999999999716","10.035871514756236","true","97.2","9.033999999999995","50","0","997","500","0","0","718","0","253","465","0","35900","1231","11035","23035","599","718","34070","71.8","0","50","1000","1997","3.994","82","5.5190963412885194","0","46","3.56969696969697","10","700","718"
"435","BA","1000","2","0.1","50","0.1","0.5","1","platform","targeted","70","5","95","95","71.83172425477605","67.36334721306747","67.36334721306747","fixed","1","1","50","3010","15","50","23270937","v2.0-design-v1.0","100","100","0","8.013822609840382","true","97.70400000000001","8.510000000000005","50","0","1000","500","0","0","718","0","243","475","0","35900","974","11180","23282","464","718","34462","71.8","0","50","1000","1997","3.994","93","5.264948592691443","0","42.5","3.605050505050505","10","700","718"
"436","BA","1000","2","0.1","50","0.1","0.5","1","platform","targeted","70","5","95","95","71.83172425477605","67.36334721306747","67.36334721306747","fixed","1","1","50","3010","16","50","23270938","v2.0-design-v1.0","100","100","0","7.898634194503868","true","97.70199999999998","9.128000000000002","50","0","1000","500","0","0","718","0","235","483","0","35900","960","11194","23273","473","718","34467","71.8","0","50","1000","1997","3.994","92","5.227359686236373","0","43.3","3.596969696969697","10","700","718"
"437","BA","1000","2","0.1","50","0.1","0.5","1","platform","targeted","70","5","95","95","71.83172425477605","67.36334721306747","67.36334721306747","fixed","1","1","50","3010","17","50","23270939","v2.0-design-v1.0","100","100","0","7.138740222313709","true","97.96799999999999","9.309999999999999","50","0","1000","500","0","0","718","0","227","491","0","35900","867","11278","23320","435","718","34598","71.8","0","50","1000","1997","3.994","83","5.629000768311334","0","47.6","3.5535353535353535","10","700","718"
"438","BA","1000","2","0.1","50","0.1","0.5","1","platform","targeted","70","5","95","95","71.83172425477605","67.36334721306747","67.36334721306747","fixed","1","1","50","3010","18","50","23270940","v2.0-design-v1.0","100","99.9","0.09999999999999432","8.783508514625602","true","97.44200000000001","9.568000000000001","50","0","999","500","0","0","718","0","221","497","0","35900","1078","11195","23063","564","718","34258","71.8","0","50","1000","1997","3.994","77","5.297927144839948","0","44.6","3.583838383838384","10","700","718"
"439","BA","1000","2","0.1","50","0.1","0.5","1","platform","targeted","70","5","95","95","71.83172425477605","67.36334721306747","67.36334721306747","fixed","1","1","50","3010","19","50","23270941","v2.0-design-v1.0","100","100","0","7.852537609522235","true","97.664","9.978","50","0","1000","500","0","0","718","0","251","467","0","35900","950","11148","23326","476","718","34474","71.8","0","50","1000","1997","3.994","68","4.928108181670744","0","40.8","3.6222222222222222","10","700","718"
"440","BA","1000","2","0.1","50","0.1","0.5","1","platform","targeted","70","5","95","95","71.83172425477605","67.36334721306747","67.36334721306747","fixed","1","1","50","3010","20","50","23270942","v2.0-design-v1.0","100","99.9","0.09999999999999432","8.537581699346406","true","97.40799999999999","9.518000000000004","50","0","999","500","0","0","718","0","246","472","0","35900","1045","11195","23136","524","718","34331","71.8","0","50","1000","1997","3.994","95","5.359355062569242","0","44.8","3.581818181818182","10","700","718"
"441","BA","1000","2","0.1","50","0.1","0.5","1","platform","targeted","70","5","95","95","71.83172425477605","67.36334721306747","67.36334721306747","fixed","1","1","50","3010","21","50","23270943","v2.0-design-v1.0","100","99.9","0.09999999999999432","7.396057644525427","true","97.764","9.578000000000005","50","0","999","500","0","0","718","0","261","457","0","35900","893","11181","23385","441","718","34566","71.8","0","50","1000","1997","3.994","59","4.7265531102807055","0","38.5","3.6454545454545455","10","700","718"
"442","BA","1000","2","0.1","50","0.1","0.5","1","platform","targeted","70","5","95","95","71.83172425477605","67.36334721306747","67.36334721306747","fixed","1","1","50","3010","22","50","23270944","v2.0-design-v1.0","100","100","0","7.857085118422116","true","97.74400000000001","8.830000000000005","50","0","1000","500","0","0","718","0","246","472","0","35900","972","11399","23076","453","718","34475","71.8","0","50","1000","1997","3.994","101","5.651362835803575","0","47.9","3.5505050505050506","10","700","718"
"443","BA","1000","2","0.1","50","0.1","0.5","1","platform","targeted","70","5","95","95","71.83172425477605","67.36334721306747","67.36334721306747","fixed","1","1","50","3010","23","50","23270945","v2.0-design-v1.0","100","99.9","0.09999999999999432","7.976414708050118","true","97.762","8.656000000000008","50","0","999","500","0","0","718","0","239","479","0","35900","974","11237","23258","431","718","34495","71.8","0","50","1000","1997","3.994","69","5.094498789666932","0","42.2","3.608080808080808","10","700","718"
"444","BA","1000","2","0.1","50","0.1","0.5","1","platform","targeted","70","5","95","95","71.83172425477605","67.36334721306747","67.36334721306747","fixed","1","1","50","3010","24","50","23270946","v2.0-design-v1.0","100","100","0","9.449076344613374","true","97.50200000000001","9.39","50","0","1000","500","0","0","718","0","228","490","0","35900","1156","11078","23148","518","718","34226","71.8","0","50","1000","1997","3.994","99","5.356365806650491","0","44.2","3.587878787878788","10","700","718"
"445","BA","1000","2","0.1","50","0.1","0.5","1","platform","targeted","70","5","95","95","71.83172425477605","67.36334721306747","67.36334721306747","fixed","1","1","50","3010","25","50","23270947","v2.0-design-v1.0","100","99.7","0.29999999999999716","8.043815907790403","true","97.706","9.419999999999998","50","0","997","500","0","0","718","0","233","485","0","35900","984","11249","23224","443","718","34473","71.8","0","50","1000","1997","3.994","59","4.646240582616384","0","37.9","3.6515151515151514","10","700","718"
"446","BA","1000","2","0.1","50","0.1","0.5","1","platform","targeted","70","5","95","95","71.83172425477605","67.36334721306747","67.36334721306747","fixed","1","1","50","3010","26","50","23270948","v2.0-design-v1.0","100","100","0","7.901818478349506","true","97.71","9.257999999999997","50","0","1000","500","0","0","718","0","233","485","0","35900","969","11294","23184","453","718","34478","71.8","0","50","1000","1997","3.994","109","5.775926360794888","0","46","3.56969696969697","10","700","718"
"447","BA","1000","2","0.1","50","0.1","0.5","1","platform","targeted","70","5","95","95","71.83172425477605","67.36334721306747","67.36334721306747","fixed","1","1","50","3010","27","50","23270949","v2.0-design-v1.0","100","100","0","8.084386826636605","true","97.666","9.971999999999998","50","0","1000","500","0","0","718","0","241","477","0","35900","1004","11415","23007","474","718","34422","71.8","0","50","1000","1997","3.994","115","5.839697429325097","0","49","3.5393939393939395","10","700","718"
"448","BA","1000","2","0.1","50","0.1","0.5","1","platform","targeted","70","5","95","95","71.83172425477605","67.36334721306747","67.36334721306747","fixed","1","1","50","3010","28","50","23270950","v2.0-design-v1.0","100","99.9","0.09999999999999432","8.681829298116899","true","97.168","9.038000000000002","50","0","999","500","0","0","718","0","246","472","0","35900","1065","11202","23053","580","718","34255","71.8","0","50","1000","1997","3.994","84","5.264758463755157","0","43.6","3.5939393939393938","10","700","718"
"449","BA","1000","2","0.1","50","0.1","0.5","1","platform","targeted","70","5","95","95","71.83172425477605","67.36334721306747","67.36334721306747","fixed","1","1","50","3010","29","50","23270951","v2.0-design-v1.0","100","100","0","8.014422682946815","true","97.552","9.096000000000002","50","0","1000","500","0","0","718","0","255","463","0","35900","978","11225","23201","496","718","34426","71.8","0","50","1000","1997","3.994","67","5.076389832719083","0","42.3","3.607070707070707","10","700","718"
"450","BA","1000","2","0.1","50","0.1","0.5","1","platform","targeted","70","5","95","95","71.83172425477605","67.36334721306747","67.36334721306747","fixed","1","1","50","3010","30","50","23270952","v2.0-design-v1.0","100","100","0","7.668461412954805","true","97.75400000000002","9.366000000000003","50","0","1000","500","0","0","718","0","242","476","0","35900","940","11318","23196","446","718","34514","71.8","0","50","1000","1997","3.994","65","4.721467595595265","0","38.9","3.6414141414141414","10","700","718"
"451","BA","1000","2","0.1","50","0.1","0.5","1","platform","targeted","70","5","95","95","67.16111073618032","69.91289943150397","69.91289943150397","fixed","1","1","50","3011","1","50","23271923","v2.0-design-v1.0","100","99.8","0.20000000000000284","9.288648244958924","true","97.38","11.810000000000008","50","0","998","500","0","0","672","0","209","463","0","33600","995","9717","22486","402","672","32203","67.2","0","50","1000","1997","3.994","81","5.054256573375499","0","41.3","3.617171717171717","10","700","672"
"452","BA","1000","2","0.1","50","0.1","0.5","1","platform","targeted","70","5","95","95","67.16111073618032","69.91289943150397","69.91289943150397","fixed","1","1","50","3011","2","50","23271924","v2.0-design-v1.0","100","99.8","0.20000000000000284","10.255695025569503","true","97.02","12.352000000000002","50","0","998","500","0","0","672","0","177","495","0","33600","1103","9652","22337","508","672","31989","67.2","0","50","1000","1997","3.994","98","5.53792674496806","0","45.5","3.5747474747474746","10","700","672"
"453","BA","1000","2","0.1","50","0.1","0.5","1","platform","targeted","70","5","95","95","67.16111073618032","69.91289943150397","69.91289943150397","fixed","1","1","50","3011","3","50","23271925","v2.0-design-v1.0","100","99.9","0.09999999999999432","10.519037521895456","true","97.05199999999999","12.164000000000001","50","0","999","500","0","0","672","0","184","488","0","33600","1141","9706","22262","491","672","31968","67.2","0","50","1000","1997","3.994","115","5.8479194729546515","0","47.5","3.5545454545454547","10","700","672"
"454","BA","1000","2","0.1","50","0.1","0.5","1","platform","targeted","70","5","95","95","67.16111073618032","69.91289943150397","69.91289943150397","fixed","1","1","50","3011","4","50","23271926","v2.0-design-v1.0","100","99.6","0.4000000000000057","9.445166079049915","true","97.25399999999999","12.398000000000003","50","0","996","500","0","0","672","0","173","499","0","33600","1018","9760","22415","407","672","32175","67.2","0","50","1000","1997","3.994","70","5.104313667675405","0","42.9","3.601010101010101","10","700","672"
"455","BA","1000","2","0.1","50","0.1","0.5","1","platform","targeted","70","5","95","95","67.16111073618032","69.91289943150397","69.91289943150397","fixed","1","1","50","3011","5","50","23271927","v2.0-design-v1.0","100","99.7","0.29999999999999716","10.10921310557267","true","96.92400000000002","12.775999999999996","50","0","997","500","0","0","672","0","200","472","0","33600","1083","9630","22421","466","672","32051","67.2","0","50","1000","1997","3.994","73","5.032423798656986","0","42.2","3.608080808080808","10","700","672"
"456","BA","1000","2","0.1","50","0.1","0.5","1","platform","targeted","70","5","95","95","67.16111073618032","69.91289943150397","69.91289943150397","fixed","1","1","50","3011","6","50","23271928","v2.0-design-v1.0","100","99.8","0.20000000000000284","9.850046860356139","true","97.06400000000002","11.552000000000005","50","0","998","500","0","0","672","0","183","489","0","33600","1051","9619","22459","471","672","32078","67.2","0","50","1000","1997","3.994","64","4.612943013223029","0","37.6","3.6545454545454548","10","700","672"
"457","BA","1000","2","0.1","50","0.1","0.5","1","platform","targeted","70","5","95","95","67.16111073618032","69.91289943150397","69.91289943150397","fixed","1","1","50","3011","7","50","23271929","v2.0-design-v1.0","100","99.5","0.5","10.72057868867662","true","96.80199999999996","11.740000000000002","50","0","995","500","0","0","672","0","218","454","0","33600","1156","9627","22327","490","672","31954","67.2","0","50","1000","1997","3.994","77","5.417685420483111","0","46.2","3.5676767676767676","10","700","672"
"458","BA","1000","2","0.1","50","0.1","0.5","1","platform","targeted","70","5","95","95","67.16111073618032","69.91289943150397","69.91289943150397","fixed","1","1","50","3011","8","50","23271930","v2.0-design-v1.0","100","99.7","0.29999999999999716","8.274960306341645","true","97.64400000000002","12.666000000000004","50","0","997","500","0","0","672","0","200","472","0","33600","886","9821","22540","353","672","32361","67.2","0","50","1000","1997","3.994","104","5.644273365263388","0","44.1","3.588888888888889","10","700","672"
"459","BA","1000","2","0.1","50","0.1","0.5","1","platform","targeted","70","5","95","95","67.16111073618032","69.91289943150397","69.91289943150397","fixed","1","1","50","3011","9","50","23271931","v2.0-design-v1.0","100","99.8","0.20000000000000284","10.173160173160174","true","97.19600000000003","12.20000000000001","50","0","998","500","0","0","672","0","211","461","0","33600","1081","9545","22493","481","672","32038","67.2","0","50","1000","1997","3.994","95","5.582394390145418","0","44.3","3.5868686868686868","10","700","672"
"460","BA","1000","2","0.1","50","0.1","0.5","1","platform","targeted","70","5","95","95","67.16111073618032","69.91289943150397","69.91289943150397","fixed","1","1","50","3011","10","50","23271932","v2.0-design-v1.0","100","99.3","0.7000000000000028","11.027777777777779","true","96.788","12.210000000000006","50","0","993","500","0","0","672","0","204","468","0","33600","1191","9609","22308","492","672","31917","67.2","0","50","1000","1997","3.994","86","5.222378503827269","0","42.8","3.602020202020202","10","700","672"
"461","BA","1000","2","0.1","50","0.1","0.5","1","platform","targeted","70","5","95","95","67.16111073618032","69.91289943150397","69.91289943150397","fixed","1","1","50","3011","11","50","23271933","v2.0-design-v1.0","100","99.4","0.5999999999999943","10.687377918333178","true","96.946","13.308000000000002","50","0","994","500","0","0","672","0","211","461","0","33600","1149","9602","22362","487","672","31964","67.2","0","50","1000","1997","3.994","78","5.025257925441948","0","41","3.6202020202020204","10","700","672"
"462","BA","1000","2","0.1","50","0.1","0.5","1","platform","targeted","70","5","95","95","67.16111073618032","69.91289943150397","69.91289943150397","fixed","1","1","50","3011","12","50","23271934","v2.0-design-v1.0","100","99.5","0.5","9.223752792256143","true","97.14400000000002","12.004000000000001","50","0","995","500","0","0","672","0","222","450","0","33600","991","9753","22402","454","672","32155","67.2","0","50","1000","1997","3.994","72","5.181390818188757","0","43.2","3.597979797979798","10","700","672"
"463","BA","1000","2","0.1","50","0.1","0.5","1","platform","targeted","70","5","95","95","67.16111073618032","69.91289943150397","69.91289943150397","fixed","1","1","50","3011","13","50","23271935","v2.0-design-v1.0","100","99.6","0.4000000000000057","11.965259170285503","true","96.02399999999997","12.212000000000003","50","0","996","500","0","0","672","0","196","476","0","33600","1295","9528","22158","619","672","31686","67.2","0","50","1000","1997","3.994","71","5.036996658261276","0","42.1","3.609090909090909","10","700","672"
"464","BA","1000","2","0.1","50","0.1","0.5","1","platform","targeted","70","5","95","95","67.16111073618032","69.91289943150397","69.91289943150397","fixed","1","1","50","3011","14","50","23271936","v2.0-design-v1.0","100","99.7","0.29999999999999716","9.050793352736832","true","97.412","12.609999999999998","50","0","997","500","0","0","672","0","211","461","0","33600","964","9687","22540","409","672","32227","67.2","0","50","1000","1997","3.994","81","4.912646750795135","0","39.4","3.6363636363636362","10","700","672"
"465","BA","1000","2","0.1","50","0.1","0.5","1","platform","targeted","70","5","95","95","67.16111073618032","69.91289943150397","69.91289943150397","fixed","1","1","50","3011","15","50","23271937","v2.0-design-v1.0","100","100","0","10.160724182523555","true","97.08000000000001","12.070000000000007","50","0","1000","500","0","0","672","0","210","462","0","33600","1100","9726","22278","496","672","32004","67.2","0","50","1000","1997","3.994","87","6.025634594984385","0","53.2","3.496969696969697","10","700","672"
"466","BA","1000","2","0.1","50","0.1","0.5","1","platform","targeted","70","5","95","95","67.16111073618032","69.91289943150397","69.91289943150397","fixed","1","1","50","3011","16","50","23271938","v2.0-design-v1.0","100","99.9","0.09999999999999432","9.166433305329972","true","97.198","12.385999999999994","50","0","999","500","0","0","672","0","193","479","0","33600","982","9731","22452","435","672","32183","67.2","0","50","1000","1997","3.994","69","4.927498781759785","0","40","3.6303030303030304","10","700","672"
"467","BA","1000","2","0.1","50","0.1","0.5","1","platform","targeted","70","5","95","95","67.16111073618032","69.91289943150397","69.91289943150397","fixed","1","1","50","3011","17","50","23271939","v2.0-design-v1.0","100","99.4","0.5999999999999943","9.366183938311078","true","97.01400000000001","12.126000000000008","50","0","994","500","0","0","672","0","175","497","0","33600","996","9638","22511","455","672","32149","67.2","0","50","1000","1997","3.994","86","5.0884040578412915","0","40.1","3.6292929292929292","10","700","672"
"468","BA","1000","2","0.1","50","0.1","0.5","1","platform","targeted","70","5","95","95","67.16111073618032","69.91289943150397","69.91289943150397","fixed","1","1","50","3011","18","50","23271940","v2.0-design-v1.0","100","99.7","0.29999999999999716","9.65749578888265","true","97.072","13.319999999999999","50","0","997","500","0","0","672","0","207","465","0","33600","1032","9654","22419","495","672","32073","67.2","0","50","1000","1997","3.994","116","5.706183008327406","0","47","3.5595959595959594","10","700","672"
"469","BA","1000","2","0.1","50","0.1","0.5","1","platform","targeted","70","5","95","95","67.16111073618032","69.91289943150397","69.91289943150397","fixed","1","1","50","3011","19","50","23271941","v2.0-design-v1.0","100","99.9","0.09999999999999432","9.0674767559606","true","97.37200000000004","11.646000000000004","50","0","999","500","0","0","672","0","188","484","0","33600","985","9878","22288","449","672","32166","67.2","0","50","1000","1997","3.994","62","4.663229536459646","0","37.7","3.6535353535353536","10","700","672"
"470","BA","1000","2","0.1","50","0.1","0.5","1","platform","targeted","70","5","95","95","67.16111073618032","69.91289943150397","69.91289943150397","fixed","1","1","50","3011","20","50","23271942","v2.0-design-v1.0","100","99.7","0.29999999999999716","9.484888804409808","true","97.20200000000001","11.975999999999997","50","0","997","500","0","0","672","0","222","450","0","33600","998","9524","22607","471","672","32131","67.2","0","50","1000","1997","3.994","63","4.879731117159604","0","37.7","3.6535353535353536","10","700","672"
"471","BA","1000","2","0.1","50","0.1","0.5","1","platform","targeted","70","5","95","95","67.16111073618032","69.91289943150397","69.91289943150397","fixed","1","1","50","3011","21","50","23271943","v2.0-design-v1.0","100","99.6","0.4000000000000057","9.909150510443009","true","97.26800000000001","11.688000000000006","50","0","996","500","0","0","672","0","193","479","0","33600","1058","9619","22494","429","672","32113","67.2","0","50","1000","1997","3.994","84","5.380419399351024","0","45.1","3.5787878787878786","10","700","672"
"472","BA","1000","2","0.1","50","0.1","0.5","1","platform","targeted","70","5","95","95","67.16111073618032","69.91289943150397","69.91289943150397","fixed","1","1","50","3011","22","50","23271944","v2.0-design-v1.0","100","99.7","0.29999999999999716","10.423544948589756","true","96.86400000000002","12.426000000000005","50","0","997","500","0","0","672","0","197","475","0","33600","1105","9496","22509","490","672","32005","67.2","0","50","1000","1997","3.994","62","4.962720281518242","0","41.7","3.613131313131313","10","700","672"
"473","BA","1000","2","0.1","50","0.1","0.5","1","platform","targeted","70","5","95","95","67.16111073618032","69.91289943150397","69.91289943150397","fixed","1","1","50","3011","23","50","23271945","v2.0-design-v1.0","100","99.9","0.09999999999999432","11.291064691267138","true","96.556","11.787999999999997","50","0","999","500","0","0","672","0","216","456","0","33600","1227","9640","22160","573","672","31800","67.2","0","50","1000","1997","3.994","92","5.656497145757244","0","46","3.56969696969697","10","700","672"
"474","BA","1000","2","0.1","50","0.1","0.5","1","platform","targeted","70","5","95","95","67.16111073618032","69.91289943150397","69.91289943150397","fixed","1","1","50","3011","24","50","23271946","v2.0-design-v1.0","100","99.5","0.5","9.042060403928108","true","97.186","11.796000000000001","50","0","995","500","0","0","672","0","210","462","0","33600","976","9818","22351","455","672","32169","67.2","0","50","1000","1997","3.994","79","5.052077541713646","0","41.5","3.6151515151515152","10","700","672"
"475","BA","1000","2","0.1","50","0.1","0.5","1","platform","targeted","70","5","95","95","67.16111073618032","69.91289943150397","69.91289943150397","fixed","1","1","50","3011","25","50","23271947","v2.0-design-v1.0","100","99.7","0.29999999999999716","8.794541319181198","true","97.33400000000002","12.40399999999999","50","0","997","500","0","0","672","0","209","463","0","33600","928","9624","22648","400","672","32272","67.2","0","50","1000","1997","3.994","84","5.056830582047952","0","40.4","3.6262626262626263","10","700","672"
"476","BA","1000","2","0.1","50","0.1","0.5","1","platform","targeted","70","5","95","95","67.16111073618032","69.91289943150397","69.91289943150397","fixed","1","1","50","3011","26","50","23271948","v2.0-design-v1.0","100","99.9","0.09999999999999432","10.287058823529412","true","97.07600000000002","12.192000000000002","50","0","999","500","0","0","672","0","196","476","0","33600","1093","9532","22482","493","672","32014","67.2","0","50","1000","1997","3.994","65","5.164361977498722","0","43.1","3.598989898989899","10","700","672"
"477","BA","1000","2","0.1","50","0.1","0.5","1","platform","targeted","70","5","95","95","67.16111073618032","69.91289943150397","69.91289943150397","fixed","1","1","50","3011","27","50","23271949","v2.0-design-v1.0","100","99.6","0.4000000000000057","9.982502992909108","true","96.90599999999999","11.928000000000003","50","0","996","500","0","0","672","0","196","476","0","33600","1084","9775","22264","477","672","32039","67.2","0","50","1000","1997","3.994","77","5.090764174451594","0","41.5","3.6151515151515152","10","700","672"
"478","BA","1000","2","0.1","50","0.1","0.5","1","platform","targeted","70","5","95","95","67.16111073618032","69.91289943150397","69.91289943150397","fixed","1","1","50","3011","28","50","23271950","v2.0-design-v1.0","100","99.3","0.7000000000000028","9.68039053145436","true","96.99600000000002","11.624000000000002","50","0","993","500","0","0","672","0","195","477","0","33600","1051","9806","22289","454","672","32095","67.2","0","50","1000","1997","3.994","92","5.171141528202895","0","41.6","3.614141414141414","10","700","672"
"479","BA","1000","2","0.1","50","0.1","0.5","1","platform","targeted","70","5","95","95","67.16111073618032","69.91289943150397","69.91289943150397","fixed","1","1","50","3011","29","50","23271951","v2.0-design-v1.0","100","99.8","0.20000000000000284","9.720649301623254","true","97.286","12.326","50","0","998","500","0","0","672","0","196","476","0","33600","1030","9566","22599","405","672","32165","67.2","0","50","1000","1997","3.994","77","5.113326716542762","0","44","3.5898989898989897","10","700","672"
"480","BA","1000","2","0.1","50","0.1","0.5","1","platform","targeted","70","5","95","95","67.16111073618032","69.91289943150397","69.91289943150397","fixed","1","1","50","3011","30","50","23271952","v2.0-design-v1.0","100","99.9","0.09999999999999432","8.490653771040641","true","97.48400000000001","12.274000000000008","50","0","999","500","0","0","672","0","224","448","0","33600","913","9840","22452","395","672","32292","67.2","0","50","1000","1997","3.994","65","4.976216105307997","0","42.2","3.608080808080808","10","700","672"
"481","BA","1000","2","0.1","50","0.1","0.5","1","platform","targeted","70","5","95","95","94.46716676972032","67.43672505117105","67.43672505117105","fixed","1","1","50","3012","1","50","23272923","v2.0-design-v1.0","100","100","0","4.662881928940486","true","99.204","5.8759999999999994","50","0","1000","500","0","0","945","0","285","660","0","47250","731","14946","31245","328","945","46191","94.5","0","50","1000","1997","3.994","75","5.343830135822099","0","44.2","3.587878787878788","10","700","945"
"482","BA","1000","2","0.1","50","0.1","0.5","1","platform","targeted","70","5","95","95","94.46716676972032","67.43672505117105","67.43672505117105","fixed","1","1","50","3012","2","50","23272924","v2.0-design-v1.0","100","100","0","5.032079506856208","true","99.17200000000001","6.042000000000001","50","0","1000","500","0","0","945","0","301","644","0","47250","800","15098","31008","344","945","46106","94.5","0","50","1000","1997","3.994","69","5.35767381133534","0","45.1","3.5787878787878786","10","700","945"
"483","BA","1000","2","0.1","50","0.1","0.5","1","platform","targeted","70","5","95","95","94.46716676972032","67.43672505117105","67.43672505117105","fixed","1","1","50","3012","3","50","23272925","v2.0-design-v1.0","100","100","0","4.991837247268617","true","99.124","5.572","50","0","1000","500","0","0","945","0","338","607","0","47250","795","15131","30941","383","945","46072","94.5","0","50","1000","1997","3.994","138","6.211001573058966","0","48.4","3.5454545454545454","10","700","945"
"484","BA","1000","2","0.1","50","0.1","0.5","1","platform","targeted","70","5","95","95","94.46716676972032","67.43672505117105","67.43672505117105","fixed","1","1","50","3012","4","50","23272926","v2.0-design-v1.0","100","100","0","4.7606875838711735","true","99.196","5.874000000000002","50","0","1000","500","0","0","945","0","298","647","0","47250","745","14904","31248","353","945","46152","94.5","0","50","1000","1997","3.994","63","4.94392621368951","0","40.2","3.628282828282828","10","700","945"
"485","BA","1000","2","0.1","50","0.1","0.5","1","platform","targeted","70","5","95","95","94.46716676972032","67.43672505117105","67.43672505117105","fixed","1","1","50","3012","5","50","23272927","v2.0-design-v1.0","100","100","0","4.8108680750296005","true","99.14","5.606000000000002","50","0","1000","500","0","0","945","0","330","615","0","47250","772","15275","30836","367","945","46111","94.5","0","50","1000","1997","3.994","76","5.27463608088612","0","45.6","3.573737373737374","10","700","945"
"486","BA","1000","2","0.1","50","0.1","0.5","1","platform","targeted","70","5","95","95","94.46716676972032","67.43672505117105","67.43672505117105","fixed","1","1","50","3012","6","50","23272928","v2.0-design-v1.0","100","100","0","4.475996434483637","true","99.262","5.925999999999999","50","0","1000","500","0","0","945","0","269","676","0","47250","703","15003","31230","314","945","46233","94.5","0","50","1000","1997","3.994","100","5.276343791282346","0","42.1","3.609090909090909","10","700","945"
"487","BA","1000","2","0.1","50","0.1","0.5","1","platform","targeted","70","5","95","95","94.46716676972032","67.43672505117105","67.43672505117105","fixed","1","1","50","3012","7","50","23272929","v2.0-design-v1.0","100","100","0","5.131494547787043","true","98.994","6.06","50","0","1000","500","0","0","945","0","297","648","0","47250","800","14790","31222","438","945","46012","94.5","0","50","1000","1997","3.994","66","4.924450651008099","0","40.1","3.6292929292929292","10","700","945"
"488","BA","1000","2","0.1","50","0.1","0.5","1","platform","targeted","70","5","95","95","94.46716676972032","67.43672505117105","67.43672505117105","fixed","1","1","50","3012","8","50","23272930","v2.0-design-v1.0","100","100","0","5.010989010989011","true","99.066","5.548000000000001","50","0","1000","500","0","0","945","0","337","608","0","47250","798","15127","30922","403","945","46049","94.5","0","50","1000","1997","3.994","80","5.266089222154861","0","42.8","3.602020202020202","10","700","945"
"489","BA","1000","2","0.1","50","0.1","0.5","1","platform","targeted","70","5","95","95","94.46716676972032","67.43672505117105","67.43672505117105","fixed","1","1","50","3012","9","50","23272931","v2.0-design-v1.0","100","100","0","5.76241134751773","true","98.912","5.848","50","0","1000","500","0","0","945","0","332","613","0","47250","910","14882","30997","461","945","45879","94.5","0","50","1000","1997","3.994","71","5.516738021548449","0","47.4","3.5555555555555554","10","700","945"
"490","BA","1000","2","0.1","50","0.1","0.5","1","platform","targeted","70","5","95","95","94.46716676972032","67.43672505117105","67.43672505117105","fixed","1","1","50","3012","10","50","23272932","v2.0-design-v1.0","100","100","0","4.741243790479784","true","99.148","5.5120000000000005","50","0","1000","500","0","0","945","0","313","632","0","47250","754","15149","30968","379","945","46117","94.5","0","50","1000","1997","3.994","81","5.341769229244034","0","46.5","3.5646464646464646","10","700","945"
"491","BA","1000","2","0.1","50","0.1","0.5","1","platform","targeted","70","5","95","95","94.46716676972032","67.43672505117105","67.43672505117105","fixed","1","1","50","3012","11","50","23272933","v2.0-design-v1.0","100","100","0","5.003479030931747","true","99.11399999999999","5.8300000000000045","50","0","1000","500","0","0","945","0","306","639","0","47250","791","15018","31050","391","945","46068","94.5","0","50","1000","1997","3.994","112","5.454146286240555","0","42.6","3.604040404040404","10","700","945"
"492","BA","1000","2","0.1","50","0.1","0.5","1","platform","targeted","70","5","95","95","94.46716676972032","67.43672505117105","67.43672505117105","fixed","1","1","50","3012","12","50","23272934","v2.0-design-v1.0","100","100","0","4.8544295889041615","true","99.212","5.722000000000001","50","0","1000","500","0","0","945","0","342","603","0","47250","777","15229","30906","338","945","46135","94.5","0","50","1000","1997","3.994","64","5.137154305094826","0","44.4","3.585858585858586","10","700","945"
"493","BA","1000","2","0.1","50","0.1","0.5","1","platform","targeted","70","5","95","95","94.46716676972032","67.43672505117105","67.43672505117105","fixed","1","1","50","3012","13","50","23272935","v2.0-design-v1.0","100","100","0","4.821723131582287","true","99.194","5.756000000000006","50","0","1000","500","0","0","945","0","307","638","0","47250","760","15002","31154","334","945","46156","94.5","0","50","1000","1997","3.994","92","5.598330581995426","0","45.2","3.577777777777778","10","700","945"
"494","BA","1000","2","0.1","50","0.1","0.5","1","platform","targeted","70","5","95","95","94.46716676972032","67.43672505117105","67.43672505117105","fixed","1","1","50","3012","14","50","23272936","v2.0-design-v1.0","100","100","0","5.03156686435814","true","99.13","5.764000000000003","50","0","1000","500","0","0","945","0","309","636","0","47250","789","14892","31194","375","945","46086","94.5","0","50","1000","1997","3.994","66","4.844526130947523","0","39.7","3.6333333333333333","10","700","945"
"495","BA","1000","2","0.1","50","0.1","0.5","1","platform","targeted","70","5","95","95","94.46716676972032","67.43672505117105","67.43672505117105","fixed","1","1","50","3012","15","50","23272937","v2.0-design-v1.0","100","100","0","5.039370078740157","true","99.096","5.924000000000003","50","0","1000","500","0","0","945","0","319","626","0","47250","800","15075","30991","384","945","46066","94.5","0","50","1000","1997","3.994","70","4.888134394414478","0","39.4","3.6363636363636362","10","700","945"
"496","BA","1000","2","0.1","50","0.1","0.5","1","platform","targeted","70","5","95","95","94.46716676972032","67.43672505117105","67.43672505117105","fixed","1","1","50","3012","16","50","23272938","v2.0-design-v1.0","100","100","0","4.949044585987261","true","99.10600000000001","5.990000000000002","50","0","1000","500","0","0","945","0","305","640","0","47250","777","14923","31157","393","945","46080","94.5","0","50","1000","1997","3.994","78","5.405106768527246","0","44.2","3.587878787878788","10","700","945"
"497","BA","1000","2","0.1","50","0.1","0.5","1","platform","targeted","70","5","95","95","94.46716676972032","67.43672505117105","67.43672505117105","fixed","1","1","50","3012","17","50","23272939","v2.0-design-v1.0","100","100","0","5.457979225684608","true","98.946","5.735999999999997","50","0","1000","500","0","0","945","0","318","627","0","47250","867","15018","30907","458","945","45925","94.5","0","50","1000","1997","3.994","108","5.861597250095102","0","50.3","3.526262626262626","10","700","945"
"498","BA","1000","2","0.1","50","0.1","0.5","1","platform","targeted","70","5","95","95","94.46716676972032","67.43672505117105","67.43672505117105","fixed","1","1","50","3012","18","50","23272940","v2.0-design-v1.0","100","100","0","4.709775967413441","true","99.242","5.682000000000003","50","0","1000","500","0","0","945","0","308","637","0","47250","740","14972","31217","321","945","46189","94.5","0","50","1000","1997","3.994","67","5.230614048400363","0","43.4","3.595959595959596","10","700","945"
"499","BA","1000","2","0.1","50","0.1","0.5","1","platform","targeted","70","5","95","95","94.46716676972032","67.43672505117105","67.43672505117105","fixed","1","1","50","3012","19","50","23272941","v2.0-design-v1.0","100","100","0","4.955242966751918","true","99.09200000000001","5.938","50","0","1000","500","0","0","945","0","258","687","0","47250","775","14865","31219","391","945","46084","94.5","0","50","1000","1997","3.994","80","5.204906824819727","0","41.8","3.6121212121212123","10","700","945"
"500","BA","1000","2","0.1","50","0.1","0.5","1","platform","targeted","70","5","95","95","94.46716676972032","67.43672505117105","67.43672505117105","fixed","1","1","50","3012","20","50","23272942","v2.0-design-v1.0","100","100","0","4.875735154619617","true","99.12799999999999","5.745999999999999","50","0","1000","500","0","0","945","0","305","640","0","47250","771","15042","31056","381","945","46098","94.5","0","50","1000","1997","3.994","109","5.465147009169265","0","42.5","3.605050505050505","10","700","945"
"501","BA","1000","2","0.1","50","0.1","0.5","1","platform","targeted","70","5","95","95","94.46716676972032","67.43672505117105","67.43672505117105","fixed","1","1","50","3012","21","50","23272943","v2.0-design-v1.0","100","100","0","5.483045425463851","true","98.89399999999999","5.813999999999998","50","0","1000","500","0","0","945","0","302","643","0","47250","857","14773","31137","483","945","45910","94.5","0","50","1000","1997","3.994","108","5.50747639997633","0","44.5","3.584848484848485","10","700","945"
"502","BA","1000","2","0.1","50","0.1","0.5","1","platform","targeted","70","5","95","95","94.46716676972032","67.43672505117105","67.43672505117105","fixed","1","1","50","3012","22","50","23272944","v2.0-design-v1.0","100","100","0","5.00563839117905","true","99.126","5.93","50","0","1000","500","0","0","945","0","319","626","0","47250","799","15163","30899","389","945","46062","94.5","0","50","1000","1997","3.994","83","5.4929169059923","0","45.9","3.5707070707070705","10","700","945"
"503","BA","1000","2","0.1","50","0.1","0.5","1","platform","targeted","70","5","95","95","94.46716676972032","67.43672505117105","67.43672505117105","fixed","1","1","50","3012","23","50","23272945","v2.0-design-v1.0","100","100","0","4.628509581715159","true","99.154","5.75","50","0","1000","500","0","0","945","0","315","630","0","47250","727","14980","31180","363","945","46160","94.5","0","50","1000","1997","3.994","132","6.208099910963485","0","50.9","3.5202020202020203","10","700","945"
"504","BA","1000","2","0.1","50","0.1","0.5","1","platform","targeted","70","5","95","95","94.46716676972032","67.43672505117105","67.43672505117105","fixed","1","1","50","3012","24","50","23272946","v2.0-design-v1.0","100","100","0","5.694505083265764","true","99.046","5.864000000000001","50","0","1000","500","0","0","945","0","285","660","0","47250","913","15120","30797","420","945","45917","94.5","0","50","1000","1997","3.994","83","5.327132656724656","0","44.5","3.584848484848485","10","700","945"
"505","BA","1000","2","0.1","50","0.1","0.5","1","platform","targeted","70","5","95","95","94.46716676972032","67.43672505117105","67.43672505117105","fixed","1","1","50","3012","25","50","23272947","v2.0-design-v1.0","100","100","0","4.99463959134767","true","99.1","6.028000000000002","50","0","1000","500","0","0","945","0","290","655","0","47250","792","15065","31014","379","945","46079","94.5","0","50","1000","1997","3.994","112","5.488723903612753","0","42.1","3.609090909090909","10","700","945"
"506","BA","1000","2","0.1","50","0.1","0.5","1","platform","targeted","70","5","95","95","94.46716676972032","67.43672505117105","67.43672505117105","fixed","1","1","50","3012","26","50","23272948","v2.0-design-v1.0","100","100","0","4.995534005359194","true","99.132","5.97","50","0","1000","500","0","0","945","0","314","631","0","47250","783","14891","31201","375","945","46092","94.5","0","50","1000","1997","3.994","77","5.507294643860469","0","46.8","3.5616161616161617","10","700","945"
"507","BA","1000","2","0.1","50","0.1","0.5","1","platform","targeted","70","5","95","95","94.46716676972032","67.43672505117105","67.43672505117105","fixed","1","1","50","3012","27","50","23272949","v2.0-design-v1.0","100","100","0","5.028039765485598","true","99.16","5.604000000000001","50","0","1000","500","0","0","945","0","290","655","0","47250","789","14903","31203","355","945","46106","94.5","0","50","1000","1997","3.994","89","5.770377913209949","0","49","3.5393939393939395","10","700","945"
"508","BA","1000","2","0.1","50","0.1","0.5","1","platform","targeted","70","5","95","95","94.46716676972032","67.43672505117105","67.43672505117105","fixed","1","1","50","3012","28","50","23272950","v2.0-design-v1.0","100","100","0","4.49796126401631","true","99.196","5.668000000000001","50","0","1000","500","0","0","945","0","306","639","0","47250","706","14990","31207","347","945","46197","94.5","0","50","1000","1997","3.994","56","4.71573983614471","0","38.1","3.6494949494949496","10","700","945"
"509","BA","1000","2","0.1","50","0.1","0.5","1","platform","targeted","70","5","95","95","94.46716676972032","67.43672505117105","67.43672505117105","fixed","1","1","50","3012","29","50","23272951","v2.0-design-v1.0","100","100","0","4.675650266374178","true","99.26799999999999","5.744000000000003","50","0","1000","500","0","0","945","0","311","634","0","47250","746","15209","30978","317","945","46187","94.5","0","50","1000","1997","3.994","75","5.486717421926153","0","48.2","3.5474747474747477","10","700","945"
"510","BA","1000","2","0.1","50","0.1","0.5","1","platform","targeted","70","5","95","95","94.46716676972032","67.43672505117105","67.43672505117105","fixed","1","1","50","3012","30","50","23272952","v2.0-design-v1.0","100","100","0","4.688191065900044","true","99.178","5.778000000000002","50","0","1000","500","0","0","945","0","327","618","0","47250","742","15085","31071","352","945","46156","94.5","0","50","1000","1997","3.994","107","5.378744732267446","0","41.9","3.611111111111111","10","700","945"
"511","BA","1000","2","0.1","50","0.1","0.5","1","platform","targeted","70","5","95","95","34.080960542701476","94.92485165049699","94.92485165049699","fixed","1","1","50","3013","1","50","23273923","v2.0-design-v1.0","62.1","32.7","29.4","80.33219087793303","true","63.957999999999984","43.46","50","37.9","327","500","379","447","341","68","13","256","4","17050","3047","746","13086","171","269","13832","34.1","0","50","1000","1997","3.994","61","4.697236211649138","0","37.3","3.6575757575757577","10","700","341"
"512","BA","1000","2","0.1","50","0.1","0.5","1","platform","targeted","70","5","95","95","34.080960542701476","94.92485165049699","94.92485165049699","fixed","1","1","50","3013","2","50","23273924","v2.0-design-v1.0","63.7","33.4","30.300000000000004","82.06349206349206","true","64.652","43.63000000000001","50","36.3","334","500","363","412","341","49","12","279","1","17050","3102","678","13100","170","291","13778","34.1","0","50","1000","1997","3.994","92","5.4590993548172095","0","45.7","3.5727272727272728","10","700","341"
"513","BA","1000","2","0.1","50","0.1","0.5","1","platform","targeted","70","5","95","95","34.080960542701476","94.92485165049699","94.92485165049699","fixed","1","1","50","3013","3","50","23273925","v2.0-design-v1.0","65.2","32","33.2","81.90273717778368","true","65.828","45.646","50","34.8","320","500","348","397","341","49","21","269","2","17050","3082","681","13139","148","290","13820","34.1","0","50","1000","1997","3.994","86","5.527976349671046","0","46.3","3.566666666666667","10","700","341"
"514","BA","1000","2","0.1","50","0.1","0.5","1","platform","targeted","70","5","95","95","34.080960542701476","94.92485165049699","94.92485165049699","fixed","1","1","50","3013","4","50","23273926","v2.0-design-v1.0","65.69999999999999","32.800000000000004","32.899999999999984","80.77648961984363","true","66.64999999999999","45.644000000000005","50","34.300000000000004","328","500","343","390","341","47","13","276","5","17050","2996","713","13210","131","289","13923","34.1","0","50","1000","1997","3.994","109","5.682275270721418","0","46.3","3.566666666666667","10","700","341"
"515","BA","1000","2","0.1","50","0.1","0.5","1","platform","targeted","70","5","95","95","34.080960542701476","94.92485165049699","94.92485165049699","fixed","1","1","50","3013","5","50","23273927","v2.0-design-v1.0","64.9","33.6","31.300000000000004","81.34889753566796","true","65.776","44.00599999999999","50","35.099999999999994","336","500","351","407","341","56","11","273","1","17050","3136","719","13044","151","284","13763","34.1","0","50","1000","1997","3.994","81","5.115088281557617","0","42.3","3.607070707070707","10","700","341"
"516","BA","1000","2","0.1","50","0.1","0.5","1","platform","targeted","70","5","95","95","34.080960542701476","94.92485165049699","94.92485165049699","fixed","1","1","50","3013","6","50","23273928","v2.0-design-v1.0","65.30000000000001","32.800000000000004","32.50000000000001","81.41732283464566","true","65.326","44.207999999999984","50","34.699999999999996","328","500","347","415","341","68","14","256","3","17050","3102","708","13082","158","270","13790","34.1","0","50","1000","1997","3.994","82","5.115871004641933","0","42.2","3.608080808080808","10","700","341"
"517","BA","1000","2","0.1","50","0.1","0.5","1","platform","targeted","70","5","95","95","34.080960542701476","94.92485165049699","94.92485165049699","fixed","1","1","50","3013","7","50","23273929","v2.0-design-v1.0","61.3","33.800000000000004","27.499999999999993","82.0020222446916","true","62.764","41.14200000000001","50","38.7","338","500","387","437","341","50","13","274","4","17050","3244","712","12913","181","287","13625","34.1","0","50","1000","1997","3.994","95","5.805485997542985","0","49.2","3.5373737373737373","10","700","341"
"518","BA","1000","2","0.1","50","0.1","0.5","1","platform","targeted","70","5","95","95","34.080960542701476","94.92485165049699","94.92485165049699","fixed","1","1","50","3013","8","50","23273930","v2.0-design-v1.0","63.1","31.3","31.8","82.97064777327935","true","64.12800000000003","43.04","50","36.9","313","500","369","440","341","71","16","250","4","17050","3279","673","12936","162","266","13609","34.1","0","50","1000","1997","3.994","77","5.34326814922426","0","43.3","3.596969696969697","10","700","341"
"519","BA","1000","2","0.1","50","0.1","0.5","1","platform","targeted","70","5","95","95","34.080960542701476","94.92485165049699","94.92485165049699","fixed","1","1","50","3013","9","50","23273931","v2.0-design-v1.0","65.2","31.4","33.800000000000004","81.47545429888798","true","66.404","46.02200000000002","50","34.8","314","500","348","414","341","66","21","253","1","17050","3004","683","13202","161","274","13885","34.1","0","50","1000","1997","3.994","67","4.962921981513966","0","40.3","3.6272727272727274","10","700","341"
"520","BA","1000","2","0.1","50","0.1","0.5","1","platform","targeted","70","5","95","95","34.080960542701476","94.92485165049699","94.92485165049699","fixed","1","1","50","3013","10","50","23273932","v2.0-design-v1.0","65.5","31.3","34.2","81.49134487350199","true","65.95200000000001","46.05200000000001","50","34.5","313","500","345","400","341","55","11","273","2","17050","3060","695","13121","174","284","13816","34.1","0","50","1000","1997","3.994","84","4.9701777298871885","0","40","3.6303030303030304","10","700","341"
"521","BA","1000","2","0.1","50","0.1","0.5","1","platform","targeted","70","5","95","95","34.080960542701476","94.92485165049699","94.92485165049699","fixed","1","1","50","3013","11","50","23273933","v2.0-design-v1.0","64.6","30.599999999999998","34","81.7426273458445","true","65.906","46.412000000000006","50","35.4","306","500","354","414","341","60","11","267","3","17050","3049","681","13160","160","278","13841","34.1","0","50","1000","1997","3.994","93","5.238836646566616","0","41.9","3.611111111111111","10","700","341"
"522","BA","1000","2","0.1","50","0.1","0.5","1","platform","targeted","70","5","95","95","34.080960542701476","94.92485165049699","94.92485165049699","fixed","1","1","50","3013","12","50","23273934","v2.0-design-v1.0","62.5","33.5","29","81.4650677789364","true","64.54799999999999","43.45000000000002","50","37.5","335","500","375","436","341","61","15","259","6","17050","3125","711","13033","181","274","13744","34.1","0","50","1000","1997","3.994","111","5.698986088984808","0","47","3.5595959595959594","10","700","341"
"523","BA","1000","2","0.1","50","0.1","0.5","1","platform","targeted","70","5","95","95","34.080960542701476","94.92485165049699","94.92485165049699","fixed","1","1","50","3013","13","50","23273935","v2.0-design-v1.0","66.19999999999999","33.300000000000004","32.899999999999984","81.27152317880795","true","66.33999999999999","45.078","50","33.800000000000004","333","500","338","394","341","56","17","266","2","17050","3068","707","13134","141","283","13841","34.1","0","50","1000","1997","3.994","99","5.517282338652277","0","45.9","3.5707070707070705","10","700","341"
"524","BA","1000","2","0.1","50","0.1","0.5","1","platform","targeted","70","5","95","95","34.080960542701476","94.92485165049699","94.92485165049699","fixed","1","1","50","3013","14","50","23273936","v2.0-design-v1.0","63.800000000000004","33.4","30.400000000000006","81.09177215189874","true","64.85600000000001","43.768","50","36.199999999999996","334","500","362","404","341","42","12","286","1","17050","3075","717","13094","164","298","13811","34.1","0","50","1000","1997","3.994","70","5.229274262200177","0","44.8","3.581818181818182","10","700","341"
"525","BA","1000","2","0.1","50","0.1","0.5","1","platform","targeted","70","5","95","95","34.080960542701476","94.92485165049699","94.92485165049699","fixed","1","1","50","3013","15","50","23273937","v2.0-design-v1.0","64.7","33","31.700000000000003","81.09222050489439","true","66.11399999999998","44.748000000000005","50","35.3","330","500","353","416","341","63","18","259","1","17050","3148","734","12990","178","277","13724","34.1","0","50","1000","1997","3.994","62","4.622481079607708","0","36.2","3.6686868686868688","10","700","341"
"526","BA","1000","2","0.1","50","0.1","0.5","1","platform","targeted","70","5","95","95","34.080960542701476","94.92485165049699","94.92485165049699","fixed","1","1","50","3013","16","50","23273938","v2.0-design-v1.0","64.2","32","32.2","81.88976377952756","true","65.07400000000001","45.36199999999999","50","35.8","320","500","358","422","341","64","13","261","3","17050","3120","690","13073","167","274","13763","34.1","0","50","1000","1997","3.994","84","5.446064966893391","0","47.5","3.5545454545454547","10","700","341"
"527","BA","1000","2","0.1","50","0.1","0.5","1","platform","targeted","70","5","95","95","34.080960542701476","94.92485165049699","94.92485165049699","fixed","1","1","50","3013","17","50","23273939","v2.0-design-v1.0","63","33.300000000000004","29.699999999999996","80.96108644554714","true","64.81600000000002","43.36800000000001","50","37","333","500","370","431","341","61","21","254","5","17050","3100","729","13041","180","275","13770","34.1","0","50","1000","1997","3.994","112","5.655966226380233","0","46.2","3.5676767676767676","10","700","341"
"528","BA","1000","2","0.1","50","0.1","0.5","1","platform","targeted","70","5","95","95","34.080960542701476","94.92485165049699","94.92485165049699","fixed","1","1","50","3013","18","50","23273940","v2.0-design-v1.0","65.9","32.1","33.800000000000004","81.33584702396983","true","66.26400000000001","45.13","50","34.1","321","500","341","397","341","56","9","273","3","17050","3020","693","13181","156","282","13874","34.1","0","50","1000","1997","3.994","94","5.543707847343384","0","45.6","3.573737373737374","10","700","341"
"529","BA","1000","2","0.1","50","0.1","0.5","1","platform","targeted","70","5","95","95","34.080960542701476","94.92485165049699","94.92485165049699","fixed","1","1","50","3013","19","50","23273941","v2.0-design-v1.0","66.9","31.6","35.300000000000004","81.84032476319351","true","67.19800000000001","46.412","50","33.1","316","500","331","386","341","55","11","270","5","17050","3024","671","13223","132","281","13894","34.1","0","50","1000","1997","3.994","70","4.8815769781694245","0","38.9","3.6414141414141414","10","700","341"
"530","BA","1000","2","0.1","50","0.1","0.5","1","platform","targeted","70","5","95","95","34.080960542701476","94.92485165049699","94.92485165049699","fixed","1","1","50","3013","20","50","23273942","v2.0-design-v1.0","64.6","31.7","32.89999999999999","81.42743433271424","true","66.35600000000001","45.99799999999999","50","35.4","317","500","354","422","341","68","16","254","3","17050","3069","700","13117","164","270","13817","34.1","0","50","1000","1997","3.994","78","5.011494695106339","0","39.7","3.6333333333333333","10","700","341"
"531","BA","1000","2","0.1","50","0.1","0.5","1","platform","targeted","70","5","95","95","34.080960542701476","94.92485165049699","94.92485165049699","fixed","1","1","50","3013","21","50","23273943","v2.0-design-v1.0","65.69999999999999","31","34.69999999999999","83.01325398972139","true","66.586","47.32000000000001","50","34.300000000000004","310","500","343","407","341","64","16","257","4","17050","3069","628","13179","174","273","13807","34.1","0","50","1000","1997","3.994","94","5.293201487000271","0","41.4","3.6161616161616164","10","700","341"
"532","BA","1000","2","0.1","50","0.1","0.5","1","platform","targeted","70","5","95","95","34.080960542701476","94.92485165049699","94.92485165049699","fixed","1","1","50","3013","22","50","23273944","v2.0-design-v1.0","65.5","33.5","32","80.16216216216216","true","67.39000000000001","46.44399999999998","50","34.5","335","500","345","398","341","53","14","267","7","17050","2966","734","13212","138","281","13946","34.1","0","50","1000","1997","3.994","53","4.812392660945594","0","39","3.6404040404040403","10","700","341"
"533","BA","1000","2","0.1","50","0.1","0.5","1","platform","targeted","70","5","95","95","34.080960542701476","94.92485165049699","94.92485165049699","fixed","1","1","50","3013","23","50","23273945","v2.0-design-v1.0","63.3","32.300000000000004","30.999999999999993","81.30400628436763","true","64.534","43.224000000000004","50","36.7","323","500","367","422","341","55","15","265","6","17050","3105","714","13047","184","280","13761","34.1","0","50","1000","1997","3.994","87","5.266469377077929","0","42.9","3.601010101010101","10","700","341"
"534","BA","1000","2","0.1","50","0.1","0.5","1","platform","targeted","70","5","95","95","34.080960542701476","94.92485165049699","94.92485165049699","fixed","1","1","50","3013","24","50","23273946","v2.0-design-v1.0","61.8","31.3","30.499999999999996","81.55314073681421","true","63.776","43.762","50","38.2","313","500","382","442","341","60","16","260","5","17050","3077","696","13138","139","276","13834","34.1","0","50","1000","1997","3.994","80","4.891409805964925","0","40","3.6303030303030304","10","700","341"
"535","BA","1000","2","0.1","50","0.1","0.5","1","platform","targeted","70","5","95","95","34.080960542701476","94.92485165049699","94.92485165049699","fixed","1","1","50","3013","25","50","23273947","v2.0-design-v1.0","63.6","31","32.6","82.44626407369499","true","64.57199999999999","45.303999999999995","50","36.4","310","500","364","431","341","67","14","255","5","17050","3222","686","12949","193","269","13635","34.1","0","50","1000","1997","3.994","85","4.822989241665911","0","37.8","3.6525252525252525","10","700","341"
"536","BA","1000","2","0.1","50","0.1","0.5","1","platform","targeted","70","5","95","95","34.080960542701476","94.92485165049699","94.92485165049699","fixed","1","1","50","3013","26","50","23273948","v2.0-design-v1.0","66.5","34.4","32.1","79.79852981214266","true","67.12","45.61200000000001","50","33.5","344","500","335","391","341","56","11","274","0","17050","2931","742","13203","174","285","13945","34.1","0","50","1000","1997","3.994","116","5.90362742869307","0","48.2","3.5474747474747477","10","700","341"
"537","BA","1000","2","0.1","50","0.1","0.5","1","platform","targeted","70","5","95","95","34.080960542701476","94.92485165049699","94.92485165049699","fixed","1","1","50","3013","27","50","23273949","v2.0-design-v1.0","64.2","32.5","31.700000000000003","81.94917474456379","true","64.05199999999999","44.18200000000001","50","35.8","325","500","358","401","341","43","10","287","1","17050","3128","689","13079","154","297","13768","34.1","0","50","1000","1997","3.994","65","5.109409953220625","0","44.5","3.584848484848485","10","700","341"
"538","BA","1000","2","0.1","50","0.1","0.5","1","platform","targeted","70","5","95","95","34.080960542701476","94.92485165049699","94.92485165049699","fixed","1","1","50","3013","28","50","23273950","v2.0-design-v1.0","63.7","33.2","30.5","81.44876325088339","true","65.40399999999998","43.355999999999995","50","36.3","332","500","363","413","341","50","16","269","6","17050","3227","735","12901","187","285","13636","34.1","0","50","1000","1997","3.994","84","5.148832340878305","0","41.5","3.6151515151515152","10","700","341"
"540","BA","1000","2","0.1","50","0.1","0.5","1","platform","targeted","70","5","95","95","34.080960542701476","94.92485165049699","94.92485165049699","fixed","1","1","50","3013","30","50","23273952","v2.0-design-v1.0","61.3","32.1","29.199999999999996","82.24106913389873","true","64.53000000000002","43.84400000000001","50","38.7","321","500","387","437","341","50","14","273","4","17050","3200","691","12969","190","287","13660","34.1","0","50","1000","1997","3.994","87","5.6394829344335875","0","46.7","3.562626262626263","10","700","341"
"539","BA","1000","2","0.1","50","0.1","0.5","1","platform","targeted","70","5","95","95","34.080960542701476","94.92485165049699","94.92485165049699","fixed","1","1","50","3013","29","50","23273951","v2.0-design-v1.0","64.5","33.2","31.299999999999997","81.04166666666667","true","64.55600000000001","43.54200000000001","50","35.5","332","500","355","413","341","58","14","264","5","17050","3112","728","13051","159","278","13779","34.1","0","50","1000","1997","3.994","54","4.861851663882962","0","39.4","3.6363636363636362","10","700","341"
"541","BA","1000","2","0.1","50","0.1","0.5","1","platform","targeted","70","5","95","95","5.571729299399066","71.5777256096383","71.5777256096383","fixed","1","1","50","3014","1","50","23274923","v2.0-design-v1.0","4.299999999999997","4.7","-0.400000000000003","91.03881278538812","true","11.095999999999997","7.602000000000001","50","95.7","47","500","957","992","56","35","1","4","16","2800","1595","157","376","672","5","533","5.6","0","50","1000","1997","3.994","95","5.666575162659894","0","46.5","3.5646464646464646","10","700","56"
"542","BA","1000","2","0.1","50","0.1","0.5","1","platform","targeted","70","5","95","95","5.571729299399066","71.5777256096383","71.5777256096383","fixed","1","1","50","3014","2","50","23274924","v2.0-design-v1.0","4.800000000000011","4.5","0.30000000000001137","90.57681324957167","true","10.696","7.104000000000002","50","95.19999999999999","45","500","952","988","56","36","1","7","12","2800","1586","165","400","649","8","565","5.6","0","50","1000","1997","3.994","83","5.364395654753727","0","44.7","3.5828282828282827","10","700","56"
"543","BA","1000","2","0.1","50","0.1","0.5","1","platform","targeted","70","5","95","95","5.571729299399066","71.5777256096383","71.5777256096383","fixed","1","1","50","3014","3","50","23274925","v2.0-design-v1.0","4.900000000000006","4.9","5.329070518200751E-15","90.83526682134571","true","10.984000000000004","7.208000000000001","50","95.1","49","500","951","982","56","31","3","12","10","2800","1566","158","446","630","15","604","5.6","0","50","1000","1997","3.994","69","4.967760324597246","0","41.7","3.613131313131313","10","700","56"
"544","BA","1000","2","0.1","50","0.1","0.5","1","platform","targeted","70","5","95","95","5.571729299399066","71.5777256096383","71.5777256096383","fixed","1","1","50","3014","4","50","23274926","v2.0-design-v1.0","4.299999999999997","4.3999999999999995","-0.10000000000000231","90.6643757159221","true","11.058","7.711999999999997","50","95.7","44","500","957","985","56","28","3","10","15","2800","1583","163","449","605","13","612","5.6","0","50","1000","1997","3.994","96","5.3404573291511666","0","44.8","3.581818181818182","10","700","56"
"545","BA","1000","2","0.1","50","0.1","0.5","1","platform","targeted","70","5","95","95","5.571729299399066","71.5777256096383","71.5777256096383","fixed","1","1","50","3014","5","50","23274927","v2.0-design-v1.0","5","5.2","-0.20000000000000018","91.01449275362319","true","10.877999999999997","6.811999999999999","50","95","52","500","950","980","56","30","3","14","9","2800","1570","155","423","652","17","578","5.6","0","50","1000","1997","3.994","93","5.6052995801636945","0","46.8","3.5616161616161617","10","700","56"
"546","BA","1000","2","0.1","50","0.1","0.5","1","platform","targeted","70","5","95","95","5.571729299399066","71.5777256096383","71.5777256096383","fixed","1","1","50","3014","6","50","23274928","v2.0-design-v1.0","4.900000000000006","5.3","-0.39999999999999414","89.98252766453116","true","10.716","6.902000000000003","50","95.1","53","500","951","985","56","34","5","3","14","2800","1545","172","419","664","8","591","5.6","0","50","1000","1997","3.994","82","5.343830135822098","0","44.7","3.5828282828282827","10","700","56"
"548","BA","1000","2","0.1","50","0.1","0.5","1","platform","targeted","70","5","95","95","5.571729299399066","71.5777256096383","71.5777256096383","fixed","1","1","50","3014","8","50","23274930","v2.0-design-v1.0","5","4.2","0.7999999999999998","91.21699196326063","true","11.11","7.868000000000004","50","95","42","500","950","983","56","33","3","10","10","2800","1589","153","449","609","13","602","5.6","0","50","1000","1997","3.994","61","5.03222488441119","0","41.9","3.611111111111111","10","700","56"
"547","BA","1000","2","0.1","50","0.1","0.5","1","platform","targeted","70","5","95","95","5.571729299399066","71.5777256096383","71.5777256096383","fixed","1","1","50","3014","7","50","23274929","v2.0-design-v1.0","4.5","4.8","-0.2999999999999998","88.8316151202749","true","11.053999999999998","7.263999999999999","50","95.5","48","500","955","983","56","28","3","9","16","2800","1551","195","445","609","12","640","5.6","0","50","1000","1997","3.994","84","5.328823543743993","0","44.9","3.580808080808081","10","700","56"
"549","BA","1000","2","0.1","50","0.1","0.5","1","platform","targeted","70","5","95","95","5.571729299399066","71.5777256096383","71.5777256096383","fixed","1","1","50","3014","9","50","23274931","v2.0-design-v1.0","4.700000000000003","5.1","-0.3999999999999968","88.95953757225433","true","10.49","6.475999999999996","50","95.3","51","500","953","982","56","29","1","13","13","2800","1539","191","470","600","14","661","5.6","0","50","1000","1997","3.994","89","5.586337903418579","0","46.4","3.5656565656565657","10","700","56"
"550","BA","1000","2","0.1","50","0.1","0.5","1","platform","targeted","70","5","95","95","5.571729299399066","71.5777256096383","71.5777256096383","fixed","1","1","50","3014","10","50","23274932","v2.0-design-v1.0","4.1000000000000085","4.2","-0.09999999999999165","91.31668558456299","true","11.048000000000009","7.698000000000003","50","95.89999999999999","42","500","959","987","56","28","1","8","19","2800","1609","153","382","656","9","535","5.6","0","50","1000","1997","3.994","84","5.24800014343611","0","41.1","3.6191919191919193","10","700","56"
"551","BA","1000","2","0.1","50","0.1","0.5","1","platform","targeted","70","5","95","95","5.571729299399066","71.5777256096383","71.5777256096383","fixed","1","1","50","3014","11","50","23274933","v2.0-design-v1.0","4.700000000000003","4.9","-0.1999999999999975","91.96378041878891","true","10.744000000000002","7.106","50","95.3","49","500","953","988","56","35","3","8","10","2800","1625","142","411","622","11","553","5.6","0","50","1000","1997","3.994","73","5.165912373497109","0","42","3.61010101010101","10","700","56"
"552","BA","1000","2","0.1","50","0.1","0.5","1","platform","targeted","70","5","95","95","5.571729299399066","71.5777256096383","71.5777256096383","fixed","1","1","50","3014","12","50","23274934","v2.0-design-v1.0","4.800000000000011","4.6","0.20000000000001172","91.42367066895368","true","10.888000000000002","7.268000000000002","50","95.19999999999999","46","500","952","984","56","32","3","8","13","2800","1599","150","437","614","11","587","5.6","0","50","1000","1997","3.994","70","4.820082696095273","0","38.9","3.6414141414141414","10","700","56"
"553","BA","1000","2","0.1","50","0.1","0.5","1","platform","targeted","70","5","95","95","5.571729299399066","71.5777256096383","71.5777256096383","fixed","1","1","50","3014","13","50","23274935","v2.0-design-v1.0","4.900000000000006","4.3","0.6000000000000059","91.52833428734975","true","11.456","8.046000000000003","50","95.1","43","500","951","984","56","33","4","7","12","2800","1599","148","441","612","11","589","5.6","0","50","1000","1997","3.994","92","5.240938029726292","0","42.4","3.606060606060606","10","700","56"
"554","BA","1000","2","0.1","50","0.1","0.5","1","platform","targeted","70","5","95","95","5.571729299399066","71.5777256096383","71.5777256096383","fixed","1","1","50","3014","14","50","23274936","v2.0-design-v1.0","4.200000000000003","4.8","-0.599999999999997","89.41041785918718","true","10.740000000000002","6.784000000000004","50","95.8","48","500","958","990","56","32","1","6","17","2800","1562","185","432","621","7","617","5.6","0","50","1000","1997","3.994","88","5.4178701827671425","0","45.9","3.5707070707070705","10","700","56"
"556","BA","1000","2","0.1","50","0.1","0.5","1","platform","targeted","70","5","95","95","5.571729299399066","71.5777256096383","71.5777256096383","fixed","1","1","50","3014","16","50","23274938","v2.0-design-v1.0","4.800000000000011","5","-0.19999999999998863","89.35558112773303","true","11.534","7.500000000000003","50","95.19999999999999","50","500","952","985","56","33","7","4","12","2800","1553","185","444","618","11","629","5.6","0","50","1000","1997","3.994","77","5.268369740225115","0","44.9","3.580808080808081","10","700","56"
"555","BA","1000","2","0.1","50","0.1","0.5","1","platform","targeted","70","5","95","95","5.571729299399066","71.5777256096383","71.5777256096383","fixed","1","1","50","3014","15","50","23274937","v2.0-design-v1.0","4.400000000000006","5","-0.5999999999999943","91.81614349775785","true","10.558000000000003","6.79","50","95.6","50","500","956","990","56","34","1","8","13","2800","1638","146","400","616","9","546","5.6","0","50","1000","1997","3.994","59","4.709154928449482","0","38.1","3.6494949494949496","10","700","56"
"557","BA","1000","2","0.1","50","0.1","0.5","1","platform","targeted","70","5","95","95","5.571729299399066","71.5777256096383","71.5777256096383","fixed","1","1","50","3014","17","50","23274939","v2.0-design-v1.0","4.6000000000000085","4.9","-0.29999999999999183","89.34472934472934","true","10.934000000000003","6.9860000000000015","50","95.39999999999999","49","500","954","986","56","32","1","10","13","2800","1568","187","454","591","11","641","5.6","0","50","1000","1997","3.994","65","5.300193964003203","0","47.3","3.5565656565656565","10","700","56"
"558","BA","1000","2","0.1","50","0.1","0.5","1","platform","targeted","70","5","95","95","5.571729299399066","71.5777256096383","71.5777256096383","fixed","1","1","50","3014","18","50","23274940","v2.0-design-v1.0","5","5.1","-0.09999999999999964","90.94947251526929","true","11.112000000000002","7.256000000000004","50","95","51","500","950","986","56","36","2","9","9","2800","1638","163","408","591","11","571","5.6","0","50","1000","1997","3.994","90","4.996491662049367","0","40.1","3.6292929292929292","10","700","56"
"559","BA","1000","2","0.1","50","0.1","0.5","1","platform","targeted","70","5","95","95","5.571729299399066","71.5777256096383","71.5777256096383","fixed","1","1","50","3014","19","50","23274941","v2.0-design-v1.0","4.700000000000003","4.6","0.1000000000000032","90.22687609075044","true","10.518000000000004","6.948","50","95.3","46","500","953","992","56","39","4","2","11","2800","1551","168","434","647","6","602","5.6","0","50","1000","1997","3.994","136","6.358017646121214","0","47.3","3.5565656565656565","10","700","56"
"560","BA","1000","2","0.1","50","0.1","0.5","1","platform","targeted","70","5","95","95","5.571729299399066","71.5777256096383","71.5777256096383","fixed","1","1","50","3014","20","50","23274942","v2.0-design-v1.0","4.800000000000011","4.7","0.10000000000001119","91.3953488372093","true","11.090000000000005","7.290000000000001","50","95.19999999999999","47","500","952","991","56","39","2","4","11","2800","1572","148","417","663","6","565","5.6","0","50","1000","1997","3.994","59","4.744309483209581","0","39","3.6404040404040403","10","700","56"
"562","BA","1000","2","0.1","50","0.1","0.5","1","platform","targeted","70","5","95","95","5.571729299399066","71.5777256096383","71.5777256096383","fixed","1","1","50","3014","22","50","23274944","v2.0-design-v1.0","5.200000000000003","4.9","0.3000000000000025","89.71264367816092","true","11.670000000000002","7.787999999999999","50","94.8","49","500","948","981","56","33","4","7","12","2800","1561","179","430","630","11","609","5.6","0","50","1000","1997","3.994","53","4.897749682451307","0","42.1","3.609090909090909","10","700","56"
"561","BA","1000","2","0.1","50","0.1","0.5","1","platform","targeted","70","5","95","95","5.571729299399066","71.5777256096383","71.5777256096383","fixed","1","1","50","3014","21","50","23274943","v2.0-design-v1.0","4.900000000000006","4.8","0.10000000000000586","89.27943760984182","true","11.366000000000007","7.516","50","95.1","48","500","951","981","56","30","6","7","13","2800","1524","183","468","625","13","651","5.6","0","50","1000","1997","3.994","77","5.306988612021702","0","43.9","3.590909090909091","10","700","56"
"564","BA","1000","2","0.1","50","0.1","0.5","1","platform","targeted","70","5","95","95","5.571729299399066","71.5777256096383","71.5777256096383","fixed","1","1","50","3014","24","50","23274946","v2.0-design-v1.0","4.800000000000011","5.3","-0.49999999999998845","89.58579881656806","true","11.009999999999996","6.9700000000000015","50","95.19999999999999","53","500","952","986","56","34","5","8","9","2800","1514","176","454","656","13","630","5.6","0","50","1000","1997","3.994","94","5.7883909223090155","0","48.7","3.5424242424242425","10","700","56"
"563","BA","1000","2","0.1","50","0.1","0.5","1","platform","targeted","70","5","95","95","5.571729299399066","71.5777256096383","71.5777256096383","fixed","1","1","50","3014","23","50","23274945","v2.0-design-v1.0","4.400000000000006","4.8","-0.39999999999999414","89.79238754325259","true","10.743999999999998","6.712000000000001","50","95.6","48","500","956","985","56","29","3","10","14","2800","1557","177","417","649","13","594","5.6","0","50","1000","1997","3.994","116","5.534310489355698","0","43.7","3.592929292929293","10","700","56"
"566","BA","1000","2","0.1","50","0.1","0.5","1","platform","targeted","70","5","95","95","5.571729299399066","71.5777256096383","71.5777256096383","fixed","1","1","50","3014","26","50","23274948","v2.0-design-v1.0","4.5","5.1","-0.5999999999999996","90.8215297450425","true","10.347999999999997","6.621999999999997","50","95.5","51","500","955","987","56","32","1","9","14","2800","1603","162","411","624","10","573","5.6","0","50","1000","1997","3.994","126","5.695999333603218","0","42.4","3.606060606060606","10","700","56"
"565","BA","1000","2","0.1","50","0.1","0.5","1","platform","targeted","70","5","95","95","5.571729299399066","71.5777256096383","71.5777256096383","fixed","1","1","50","3014","25","50","23274947","v2.0-design-v1.0","4.299999999999997","4.5","-0.20000000000000284","90.24529378208786","true","10.482000000000003","6.844000000000006","50","95.7","45","500","957","984","56","27","5","9","15","2800","1582","171","451","596","14","622","5.6","0","50","1000","1997","3.994","90","5.350569370879372","0","43.6","3.5939393939393938","10","700","56"
"567","BA","1000","2","0.1","50","0.1","0.5","1","platform","targeted","70","5","95","95","5.571729299399066","71.5777256096383","71.5777256096383","fixed","1","1","50","3014","27","50","23274949","v2.0-design-v1.0","3.700000000000003","4.9","-1.1999999999999975","89.9251583189407","true","10.478000000000002","6.530000000000005","50","96.3","49","500","963","988","56","25","1","11","19","2800","1562","175","417","646","12","592","5.6","0","50","1000","1997","3.994","61","4.6640880906901465","0","38.6","3.6444444444444444","10","700","56"
"568","BA","1000","2","0.1","50","0.1","0.5","1","platform","targeted","70","5","95","95","5.571729299399066","71.5777256096383","71.5777256096383","fixed","1","1","50","3014","28","50","23274950","v2.0-design-v1.0","5","5.4","-0.40000000000000036","89.84509466437177","true","11.379999999999997","7.1320000000000014","50","95","54","500","950","979","56","29","4","14","9","2800","1566","177","419","638","18","596","5.6","0","50","1000","1997","3.994","116","5.941486789118153","0","48","3.5494949494949495","10","700","56"
"569","BA","1000","2","0.1","50","0.1","0.5","1","platform","targeted","70","5","95","95","5.571729299399066","71.5777256096383","71.5777256096383","fixed","1","1","50","3014","29","50","23274951","v2.0-design-v1.0","5.700000000000003","4.6","1.1000000000000032","90.20527859237536","true","11.036000000000008","7.329999999999999","50","94.3","46","500","943","986","56","43","2","6","5","2800","1538","167","475","620","8","642","5.6","0","50","1000","1997","3.994","93","5.985799344598356","0","52.3","3.506060606060606","10","700","56"
"570","BA","1000","2","0.1","50","0.1","0.5","1","platform","targeted","70","5","95","95","5.571729299399066","71.5777256096383","71.5777256096383","fixed","1","1","50","3014","30","50","23274952","v2.0-design-v1.0","4.900000000000006","4.9","5.329070518200751E-15","90.01128668171557","true","10.368000000000004","6.8599999999999985","50","95.1","49","500","951","985","56","34","6","5","11","2800","1595","177","404","624","11","581","5.6","0","50","1000","1997","3.994","52","4.846178850336556","0","40.3","3.6272727272727274","10","700","56"
"571","BA","1000","2","0.1","50","0.1","0.5","1","platform","targeted","70","5","95","95","39.03896684868982","66.49398899261682","66.49398899261682","fixed","1","1","50","3015","1","50","23275923","v2.0-design-v1.0","49.7","48.4","1.3000000000000043","44.39809296781883","true","55.41799999999999","12.216000000000001","50","50.3","484","500","503","579","390","76","92","187","35","19500","3725","4665","9298","1812","279","13963","39","0","50","1000","1997","3.994","127","6.058933460162354","0","47.2","3.5575757575757576","10","700","390"
"572","BA","1000","2","0.1","50","0.1","0.5","1","platform","targeted","70","5","95","95","39.03896684868982","66.49398899261682","66.49398899261682","fixed","1","1","50","3015","2","50","23275924","v2.0-design-v1.0","50.8","48.8","2","45.83771161704612","true","54.93800000000001","12.100000000000005","50","49.2","488","500","492","586","390","94","88","174","34","19500","3926","4639","8988","1947","262","13627","39","0","50","1000","1997","3.994","77","5.234057638138816","0","45","3.5797979797979798","10","700","390"
"573","BA","1000","2","0.1","50","0.1","0.5","1","platform","targeted","70","5","95","95","39.03896684868982","66.49398899261682","66.49398899261682","fixed","1","1","50","3015","3","50","23275925","v2.0-design-v1.0","51.2","49.3","1.9000000000000057","44.97765231710186","true","56.01600000000001","13.088000000000001","50","48.8","493","500","488","563","390","75","95","183","37","19500","3824","4678","9146","1852","278","13824","39","0","50","1000","1997","3.994","71","4.802606482841262","0","39.3","3.6373737373737374","10","700","390"
"574","BA","1000","2","0.1","50","0.1","0.5","1","platform","targeted","70","5","95","95","39.03896684868982","66.49398899261682","66.49398899261682","fixed","1","1","50","3015","4","50","23275926","v2.0-design-v1.0","47.4","50.4","-3","45.7733919866841","true","54.452000000000005","10.502000000000002","50","52.6","504","500","526","608","390","82","77","178","53","19500","3850","4561","9090","1999","255","13651","39","0","50","1000","1997","3.994","82","5.607799159332591","0","48.1","3.5484848484848484","10","700","390"
"575","BA","1000","2","0.1","50","0.1","0.5","1","platform","targeted","70","5","95","95","39.03896684868982","66.49398899261682","66.49398899261682","fixed","1","1","50","3015","5","50","23275927","v2.0-design-v1.0","47.5","49.1","-1.6000000000000014","46.27808988764045","true","53.446","10.413999999999994","50","52.5","491","500","525","612","390","87","77","188","38","19500","3954","4590","8944","2012","265","13534","39","0","50","1000","1997","3.994","89","5.37185450480751","0","43.8","3.591919191919192","10","700","390"
"576","BA","1000","2","0.1","50","0.1","0.5","1","platform","targeted","70","5","95","95","39.03896684868982","66.49398899261682","66.49398899261682","fixed","1","1","50","3015","6","50","23275928","v2.0-design-v1.0","51.2","50.7","0.5","44.19922105511625","true","57.00199999999999","13.249999999999995","50","48.8","507","500","488","568","390","80","85","177","48","19500","3745","4728","9232","1795","262","13960","39","0","50","1000","1997","3.994","54","4.7034121748030975","0","38.6","3.6444444444444444","10","700","390"
"578","BA","1000","2","0.1","50","0.1","0.5","1","platform","targeted","70","5","95","95","39.03896684868982","66.49398899261682","66.49398899261682","fixed","1","1","50","3015","8","50","23275930","v2.0-design-v1.0","52.400000000000006","50.3","2.1000000000000085","45.7504097401077","true","56.403999999999975","12.867999999999995","50","47.599999999999994","503","500","476","550","390","74","77","203","36","19500","3908","4634","9084","1874","280","13718","39","0","50","1000","1997","3.994","79","5.447351433278154","0","46.1","3.5686868686868687","10","700","390"
"577","BA","1000","2","0.1","50","0.1","0.5","1","platform","targeted","70","5","95","95","39.03896684868982","66.49398899261682","66.49398899261682","fixed","1","1","50","3015","7","50","23275929","v2.0-design-v1.0","49.7","50","-0.29999999999999716","47.23659454374412","true","54.098","10.648000000000003","50","50.3","500","500","503","598","390","95","79","175","41","19500","4017","4487","8922","2074","254","13409","39","0","50","1000","1997","3.994","67","4.908977700301965","0","39.9","3.6313131313131315","10","700","390"
"579","BA","1000","2","0.1","50","0.1","0.5","1","platform","targeted","70","5","95","95","39.03896684868982","66.49398899261682","66.49398899261682","fixed","1","1","50","3015","9","50","23275931","v2.0-design-v1.0","47","47.4","-0.3999999999999986","45.511680303569314","true","54.28800000000002","12.399999999999995","50","53","474","500","530","618","390","88","84","178","40","19500","3838","4595","9162","1905","262","13757","39","0","50","1000","1997","3.994","93","5.518189414510376","0","45.7","3.5727272727272728","10","700","390"
"580","BA","1000","2","0.1","50","0.1","0.5","1","platform","targeted","70","5","95","95","39.03896684868982","66.49398899261682","66.49398899261682","fixed","1","1","50","3015","10","50","23275932","v2.0-design-v1.0","49.2","49.6","-0.3999999999999986","45.47909816815407","true","55.91799999999999","12.564000000000005","50","50.8","496","500","508","584","390","76","83","176","55","19500","3873","4643","9012","1972","259","13655","39","0","50","1000","1997","3.994","79","5.5999395821136515","0","48.8","3.5414141414141413","10","700","390"
"581","BA","1000","2","0.1","50","0.1","0.5","1","platform","targeted","70","5","95","95","39.03896684868982","66.49398899261682","66.49398899261682","fixed","1","1","50","3015","11","50","23275933","v2.0-design-v1.0","49.7","47.699999999999996","2.000000000000007","46.049144784389306","true","55.70799999999999","13.718000000000002","50","50.3","477","500","503","580","390","77","88","190","35","19500","3823","4479","9244","1954","278","13723","39","0","50","1000","1997","3.994","69","5.434288867505612","0","48","3.5494949494949495","10","700","390"
"582","BA","1000","2","0.1","50","0.1","0.5","1","platform","targeted","70","5","95","95","39.03896684868982","66.49398899261682","66.49398899261682","fixed","1","1","50","3015","12","50","23275934","v2.0-design-v1.0","51.2","47","4.200000000000003","45.585607053496965","true","55.89800000000001","14.414000000000003","50","48.8","470","500","488","570","390","82","91","181","36","19500","3826","4567","9188","1919","272","13755","39","0","50","1000","1997","3.994","66","4.921807410716934","0","39.9","3.6313131313131315","10","700","390"
"584","BA","1000","2","0.1","50","0.1","0.5","1","platform","targeted","70","5","95","95","39.03896684868982","66.49398899261682","66.49398899261682","fixed","1","1","50","3015","14","50","23275936","v2.0-design-v1.0","52","50.8","1.2000000000000028","44.86135693215339","true","58.23799999999999","13.686","50","48","508","500","480","573","390","93","73","186","38","19500","3802","4673","9196","1829","259","13869","39","0","50","1000","1997","3.994","71","4.8676131376330165","0","40.1","3.6292929292929292","10","700","390"
"583","BA","1000","2","0.1","50","0.1","0.5","1","platform","targeted","70","5","95","95","39.03896684868982","66.49398899261682","66.49398899261682","fixed","1","1","50","3015","13","50","23275935","v2.0-design-v1.0","52","49.1","2.8999999999999986","45.335515548281506","true","57.07000000000001","13.813999999999991","50","48","491","500","480","561","390","81","85","191","33","19500","3878","4676","9042","1904","276","13718","39","0","50","1000","1997","3.994","70","5.139881553341705","0","42.8","3.602020202020202","10","700","390"
"585","BA","1000","2","0.1","50","0.1","0.5","1","platform","targeted","70","5","95","95","39.03896684868982","66.49398899261682","66.49398899261682","fixed","1","1","50","3015","15","50","23275937","v2.0-design-v1.0","52","49.7","2.299999999999997","44.35342305441779","true","56.446000000000005","13.145999999999997","50","48","497","500","480","547","390","67","101","192","30","19500","3790","4755","9062","1893","293","13817","39","0","50","1000","1997","3.994","75","5.411399749348327","0","44.8","3.581818181818182","10","700","390"
"586","BA","1000","2","0.1","50","0.1","0.5","1","platform","targeted","70","5","95","95","39.03896684868982","66.49398899261682","66.49398899261682","fixed","1","1","50","3015","16","50","23275938","v2.0-design-v1.0","47.199999999999996","46.800000000000004","0.3999999999999915","46.58743233702047","true","53.203999999999986","11.919999999999995","50","52.800000000000004","468","500","528","613","390","85","86","183","36","19500","3959","4539","8939","2063","269","13478","39","0","50","1000","1997","3.994","57","4.864115913876186","0","38.1","3.6494949494949496","10","700","390"
"587","BA","1000","2","0.1","50","0.1","0.5","1","platform","targeted","70","5","95","95","39.03896684868982","66.49398899261682","66.49398899261682","fixed","1","1","50","3015","17","50","23275939","v2.0-design-v1.0","48.9","49.9","-1","47.331759149940964","true","54.466000000000015","11.072000000000001","50","51.1","499","500","511","595","390","84","82","176","48","19500","4009","4461","8912","2118","258","13373","39","0","50","1000","1997","3.994","78","5.178105520050426","0","42.8","3.602020202020202","10","700","390"
"588","BA","1000","2","0.1","50","0.1","0.5","1","platform","targeted","70","5","95","95","39.03896684868982","66.49398899261682","66.49398899261682","fixed","1","1","50","3015","18","50","23275940","v2.0-design-v1.0","49.7","51.300000000000004","-1.6000000000000014","46.60136889308473","true","55.897999999999996","11.469999999999994","50","50.3","513","500","503","585","390","82","77","181","50","19500","3949","4525","9020","2006","258","13545","39","0","50","1000","1997","3.994","83","5.130915151343881","0","41.9","3.611111111111111","10","700","390"
"589","BA","1000","2","0.1","50","0.1","0.5","1","platform","targeted","70","5","95","95","39.03896684868982","66.49398899261682","66.49398899261682","fixed","1","1","50","3015","19","50","23275941","v2.0-design-v1.0","50.5","49.6","0.8999999999999986","45.63106796116505","true","56.236000000000004","12.945999999999994","50","49.5","496","500","495","567","390","72","97","182","39","19500","3901","4648","9035","1916","279","13683","39","0","50","1000","1997","3.994","53","4.675449050500253","0","38.5","3.6454545454545455","10","700","390"
"590","BA","1000","2","0.1","50","0.1","0.5","1","platform","targeted","70","5","95","95","39.03896684868982","66.49398899261682","66.49398899261682","fixed","1","1","50","3015","20","50","23275942","v2.0-design-v1.0","47.599999999999994","48.699999999999996","-1.1000000000000014","46.99505067169456","true","53.75199999999999","11.002","50","52.400000000000006","487","500","524","605","390","81","85","181","43","19500","3988","4498","9034","1980","266","13532","39","0","50","1000","1997","3.994","121","6.272264766837064","0","50.9","3.5202020202020203","10","700","390"
"591","BA","1000","2","0.1","50","0.1","0.5","1","platform","targeted","70","5","95","95","39.03896684868982","66.49398899261682","66.49398899261682","fixed","1","1","50","3015","21","50","23275943","v2.0-design-v1.0","49.6","48.3","1.3000000000000043","45.908018867924525","true","54.47999999999999","12.063999999999991","50","50.4","483","500","504","582","390","78","91","183","38","19500","3893","4587","8993","2027","274","13580","39","0","50","1000","1997","3.994","87","5.1937403611404065","0","41.8","3.6121212121212123","10","700","390"
"592","BA","1000","2","0.1","50","0.1","0.5","1","platform","targeted","70","5","95","95","39.03896684868982","66.49398899261682","66.49398899261682","fixed","1","1","50","3015","22","50","23275944","v2.0-design-v1.0","50.1","50.5","-0.3999999999999986","45.26995305164319","true","55.30800000000002","11.735999999999997","50","49.9","505","500","499","580","390","81","94","177","38","19500","3857","4663","9058","1922","271","13721","39","0","50","1000","1997","3.994","78","5.22869996302171","0","43.5","3.594949494949495","10","700","390"
"593","BA","1000","2","0.1","50","0.1","0.5","1","platform","targeted","70","5","95","95","39.03896684868982","66.49398899261682","66.49398899261682","fixed","1","1","50","3015","23","50","23275945","v2.0-design-v1.0","48.4","46.800000000000004","1.5999999999999943","46.82567936394921","true","54.34799999999999","12.837999999999996","50","51.6","468","500","516","584","390","68","85","195","42","19500","3946","4481","9089","1984","280","13570","39","0","50","1000","1997","3.994","102","5.727020408795721","0","46.6","3.5636363636363635","10","700","390"
"594","BA","1000","2","0.1","50","0.1","0.5","1","platform","targeted","70","5","95","95","39.03896684868982","66.49398899261682","66.49398899261682","fixed","1","1","50","3015","24","50","23275946","v2.0-design-v1.0","49.4","50.5","-1.1000000000000014","44.834123222748815","true","56.522000000000006","13.276000000000003","50","50.6","505","500","506","582","390","76","100","160","54","19500","3784","4656","9202","1858","260","13858","39","0","50","1000","1997","3.994","75","4.92302754412365","0","39.3","3.6373737373737374","10","700","390"
"595","BA","1000","2","0.1","50","0.1","0.5","1","platform","targeted","70","5","95","95","39.03896684868982","66.49398899261682","66.49398899261682","fixed","1","1","50","3015","25","50","23275947","v2.0-design-v1.0","48.699999999999996","48.199999999999996","0.5","44.820220719117124","true","55.36199999999998","12.656000000000004","50","51.300000000000004","482","500","513","588","390","75","109","163","43","19500","3777","4650","9232","1841","272","13882","39","0","50","1000","1997","3.994","92","5.619924158522734","0","45.7","3.5727272727272728","10","700","390"
"596","BA","1000","2","0.1","50","0.1","0.5","1","platform","targeted","70","5","95","95","39.03896684868982","66.49398899261682","66.49398899261682","fixed","1","1","50","3015","26","50","23275948","v2.0-design-v1.0","48.8","49.3","-0.5","45.77563952123915","true","55.36000000000001","12.338","50","51.2","493","500","512","592","390","80","92","167","51","19500","3901","4621","8993","1985","259","13614","39","0","50","1000","1997","3.994","118","5.540818050131637","0","41.9","3.611111111111111","10","700","390"
"597","BA","1000","2","0.1","50","0.1","0.5","1","platform","targeted","70","5","95","95","39.03896684868982","66.49398899261682","66.49398899261682","fixed","1","1","50","3015","27","50","23275949","v2.0-design-v1.0","51.4","50.3","1.1000000000000014","44.87851357789424","true","55.206","11.580000000000007","50","48.6","503","500","486","563","390","77","102","176","35","19500","3768","4628","9204","1900","278","13832","39","0","50","1000","1997","3.994","84","5.194125811235498","0","42","3.61010101010101","10","700","390"
"598","BA","1000","2","0.1","50","0.1","0.5","1","platform","targeted","70","5","95","95","39.03896684868982","66.49398899261682","66.49398899261682","fixed","1","1","50","3015","28","50","23275950","v2.0-design-v1.0","49.1","49.2","-0.10000000000000142","44.89167751864567","true","56.416","13.456000000000007","50","50.9","492","500","509","580","390","71","86","191","42","19500","3792","4655","9161","1892","277","13816","39","0","50","1000","1997","3.994","108","6.090571324519515","0","50","3.529292929292929","10","700","390"
"599","BA","1000","2","0.1","50","0.1","0.5","1","platform","targeted","70","5","95","95","39.03896684868982","66.49398899261682","66.49398899261682","fixed","1","1","50","3015","29","50","23275951","v2.0-design-v1.0","50.7","49","1.7000000000000028","45.3813358597821","true","54.807999999999986","11.95","50","49.3","490","500","493","564","390","71","86","198","35","19500","3832","4612","9066","1990","284","13678","39","0","50","1000","1997","3.994","79","5.446616346836773","0","45.3","3.576767676767677","10","700","390"
"600","BA","1000","2","0.1","50","0.1","0.5","1","platform","targeted","70","5","95","95","39.03896684868982","66.49398899261682","66.49398899261682","fixed","1","1","50","3015","30","50","23275952","v2.0-design-v1.0","47.099999999999994","48.6","-1.500000000000007","46.57972732661529","true","53.29799999999998","10.442","50","52.900000000000006","486","500","529","595","390","66","103","178","43","19500","3929","4506","9094","1971","281","13600","39","0","50","1000","1997","3.994","97","5.92512203005739","0","49.9","3.5303030303030303","10","700","390"
"601","BA","1000","2","0.1","50","0.1","0.5","1","platform","targeted","70","5","95","95","68.32307072051256","71.21119699085558","71.21119699085558","fixed","1","1","50","3016","1","50","23276923","v2.0-design-v1.0","100","100","0","9.324143212713","true","97.708","11.389999999999995","50","0","1000","500","0","0","683","0","216","467","0","34150","974","9472","23313","391","683","32785","68.3","0","50","1000","1997","3.994","42","4.529954137128144","0","35.8","3.672727272727273","10","700","683"
"602","BA","1000","2","0.1","50","0.1","0.5","1","platform","targeted","70","5","95","95","68.32307072051256","71.21119699085558","71.21119699085558","fixed","1","1","50","3016","2","50","23276924","v2.0-design-v1.0","100","99.6","0.4000000000000057","9.330883774898473","true","97.616","12.392000000000001","50","0","996","500","0","0","683","0","180","503","0","34150","965","9377","23427","381","683","32804","68.3","0","50","1000","1997","3.994","69","5.325629195346427","0","46.3","3.566666666666667","10","700","683"
"603","BA","1000","2","0.1","50","0.1","0.5","1","platform","targeted","70","5","95","95","68.32307072051256","71.21119699085558","71.21119699085558","fixed","1","1","50","3016","3","50","23276925","v2.0-design-v1.0","100","99.5","0.5","8.632953327487089","true","97.63799999999999","12.501999999999995","50","0","995","500","0","0","683","0","187","496","0","34150","886","9377","23540","347","683","32917","68.3","0","50","1000","1997","3.994","72","5.28335857933926","0","46.6","3.5636363636363635","10","700","683"
"604","BA","1000","2","0.1","50","0.1","0.5","1","platform","targeted","70","5","95","95","68.32307072051256","71.21119699085558","71.21119699085558","fixed","1","1","50","3016","4","50","23276926","v2.0-design-v1.0","100","100","0","10.316329438586491","true","97.17399999999999","12.716000000000003","50","0","1000","500","0","0","683","0","187","496","0","34150","1086","9441","23165","458","683","32606","68.3","0","50","1000","1997","3.994","82","5.289417920900355","0","43.6","3.5939393939393938","10","700","683"
"605","BA","1000","2","0.1","50","0.1","0.5","1","platform","targeted","70","5","95","95","68.32307072051256","71.21119699085558","71.21119699085558","fixed","1","1","50","3016","5","50","23276927","v2.0-design-v1.0","100","99.7","0.29999999999999716","10.941232680363115","true","97.01199999999999","12.175999999999998","50","0","997","500","0","0","683","0","165","518","0","34150","1145","9320","23193","492","683","32513","68.3","0","50","1000","1997","3.994","55","5.191234237916148","0","44.2","3.587878787878788","10","700","683"
"606","BA","1000","2","0.1","50","0.1","0.5","1","platform","targeted","70","5","95","95","68.32307072051256","71.21119699085558","71.21119699085558","fixed","1","1","50","3016","6","50","23276928","v2.0-design-v1.0","99.9","99.6","0.30000000000001137","9.663945319916461","true","97.488","11.528000000000002","50","0.1","996","500","1","1","683","0","197","486","0","34150","1018","9516","23193","423","683","32709","68.3","0","50","1000","1997","3.994","62","4.953635281538437","0","40.6","3.624242424242424","10","700","683"
"607","BA","1000","2","0.1","50","0.1","0.5","1","platform","targeted","70","5","95","95","68.32307072051256","71.21119699085558","71.21119699085558","fixed","1","1","50","3016","7","50","23276929","v2.0-design-v1.0","100","99.8","0.20000000000000284","10.312024353120243","true","97.09800000000001","11.66799999999999","50","0","998","500","0","0","683","0","172","511","0","34150","1084","9428","23207","431","683","32635","68.3","0","50","1000","1997","3.994","76","5.108038376525374","0","42.6","3.604040404040404","10","700","683"
"608","BA","1000","2","0.1","50","0.1","0.5","1","platform","targeted","70","5","95","95","68.32307072051256","71.21119699085558","71.21119699085558","fixed","1","1","50","3016","8","50","23276930","v2.0-design-v1.0","100","99.9","0.09999999999999432","8.90937019969278","true","97.75200000000001","11.989999999999998","50","0","999","500","0","0","683","0","200","483","0","34150","928","9488","23384","350","683","32872","68.3","0","50","1000","1997","3.994","75","5.198748983264232","0","43.7","3.592929292929293","10","700","683"
"609","BA","1000","2","0.1","50","0.1","0.5","1","platform","targeted","70","5","95","95","68.32307072051256","71.21119699085558","71.21119699085558","fixed","1","1","50","3016","9","50","23276931","v2.0-design-v1.0","100","99.7","0.29999999999999716","9.60252245365947","true","97.50600000000003","12.397999999999994","50","0","997","500","0","0","683","0","211","472","0","34150","1005","9461","23299","385","683","32760","68.3","0","50","1000","1997","3.994","75","5.103921434937445","0","42.8","3.602020202020202","10","700","683"
"610","BA","1000","2","0.1","50","0.1","0.5","1","platform","targeted","70","5","95","95","68.32307072051256","71.21119699085558","71.21119699085558","fixed","1","1","50","3016","10","50","23276932","v2.0-design-v1.0","100","99.9","0.09999999999999432","8.933578265493571","true","97.58599999999998","12.763999999999994","50","0","999","500","0","0","683","0","212","471","0","34150","924","9419","23445","362","683","32864","68.3","0","50","1000","1997","3.994","76","5.0605902396433455","0","41.2","3.618181818181818","10","700","683"
"611","BA","1000","2","0.1","50","0.1","0.5","1","platform","targeted","70","5","95","95","68.32307072051256","71.21119699085558","71.21119699085558","fixed","1","1","50","3016","11","50","23276933","v2.0-design-v1.0","100","99.7","0.29999999999999716","10.473887814313345","true","97.17600000000002","12.447999999999988","50","0","997","500","0","0","683","0","199","484","0","34150","1083","9257","23351","459","683","32608","68.3","0","50","1000","1997","3.994","85","5.365888254218181","0","45.6","3.573737373737374","10","700","683"
"612","BA","1000","2","0.1","50","0.1","0.5","1","platform","targeted","70","5","95","95","68.32307072051256","71.21119699085558","71.21119699085558","fixed","1","1","50","3016","12","50","23276934","v2.0-design-v1.0","100","99.7","0.29999999999999716","8.927022076544876","true","97.67","12.680000000000001","50","0","997","500","0","0","683","0","177","506","0","34150","926","9447","23411","366","683","32858","68.3","0","50","1000","1997","3.994","101","5.224869688639438","0","41.2","3.618181818181818","10","700","683"
"613","BA","1000","2","0.1","50","0.1","0.5","1","platform","targeted","70","5","95","95","68.32307072051256","71.21119699085558","71.21119699085558","fixed","1","1","50","3016","13","50","23276935","v2.0-design-v1.0","100","99.7","0.29999999999999716","9.595862861520782","true","97.462","13.07","50","0","997","500","0","0","683","0","199","484","0","34150","1002","9440","23308","400","683","32748","68.3","0","50","1000","1997","3.994","64","5.211441559024054","0","45.6","3.573737373737374","10","700","683"
"614","BA","1000","2","0.1","50","0.1","0.5","1","platform","targeted","70","5","95","95","68.32307072051256","71.21119699085558","71.21119699085558","fixed","1","1","50","3016","14","50","23276936","v2.0-design-v1.0","100","99.6","0.4000000000000057","9.719448407037564","true","97.48800000000001","11.486","50","0","996","500","0","0","683","0","190","493","0","34150","1022","9493","23232","403","683","32725","68.3","0","50","1000","1997","3.994","76","5.25543371983545","0","45.7","3.5727272727272728","10","700","683"
"615","BA","1000","2","0.1","50","0.1","0.5","1","platform","targeted","70","5","95","95","68.32307072051256","71.21119699085558","71.21119699085558","fixed","1","1","50","3016","15","50","23276937","v2.0-design-v1.0","100","99.3","0.7000000000000028","9.488842265878313","true","97.46400000000001","12.599999999999996","50","0","993","500","0","0","683","0","208","475","0","34150","995","9491","23315","349","683","32806","68.3","0","50","1000","1997","3.994","72","4.6144617516301","0","36.6","3.6646464646464647","10","700","683"
"616","BA","1000","2","0.1","50","0.1","0.5","1","platform","targeted","70","5","95","95","68.32307072051256","71.21119699085558","71.21119699085558","fixed","1","1","50","3016","16","50","23276938","v2.0-design-v1.0","100","99.9","0.09999999999999432","9.526950621937429","true","97.316","11.288","50","0","999","500","0","0","683","0","190","493","0","34150","1011","9601","23088","450","683","32689","68.3","0","50","1000","1997","3.994","70","5.349259629012082","0","45.9","3.5707070707070705","10","700","683"
"617","BA","1000","2","0.1","50","0.1","0.5","1","platform","targeted","70","5","95","95","68.32307072051256","71.21119699085558","71.21119699085558","fixed","1","1","50","3016","17","50","23276939","v2.0-design-v1.0","100","99.8","0.20000000000000284","9.067431850789095","true","97.56800000000001","11.922","50","0","998","500","0","0","683","0","210","473","0","34150","948","9507","23336","359","683","32843","68.3","0","50","1000","1997","3.994","96","5.6419673692601","0","45","3.5797979797979798","10","700","683"
"618","BA","1000","2","0.1","50","0.1","0.5","1","platform","targeted","70","5","95","95","68.32307072051256","71.21119699085558","71.21119699085558","fixed","1","1","50","3016","18","50","23276940","v2.0-design-v1.0","100","99.8","0.20000000000000284","9.635191067475214","true","97.48200000000001","12.035999999999996","50","0","998","500","0","0","683","0","216","467","0","34150","1001","9388","23358","403","683","32746","68.3","0","50","1000","1997","3.994","80","5.036797924607782","0","41.4","3.6161616161616164","10","700","683"
"619","BA","1000","2","0.1","50","0.1","0.5","1","platform","targeted","70","5","95","95","68.32307072051256","71.21119699085558","71.21119699085558","fixed","1","1","50","3016","19","50","23276941","v2.0-design-v1.0","100","99.9","0.09999999999999432","8.915175995383727","true","97.6","11.982000000000001","50","0","999","500","0","0","683","0","182","501","0","34150","927","9471","23379","373","683","32850","68.3","0","50","1000","1997","3.994","49","4.535254406594234","0","36.6","3.6646464646464647","10","700","683"
"620","BA","1000","2","0.1","50","0.1","0.5","1","platform","targeted","70","5","95","95","68.32307072051256","71.21119699085558","71.21119699085558","fixed","1","1","50","3016","20","50","23276942","v2.0-design-v1.0","100","99.6","0.4000000000000057","8.904175951942642","true","97.67400000000002","12.033999999999999","50","0","996","500","0","0","683","0","201","482","0","34150","919","9402","23468","361","683","32870","68.3","0","50","1000","1997","3.994","68","5.091747233503424","0","41.6","3.614141414141414","10","700","683"
"621","BA","1000","2","0.1","50","0.1","0.5","1","platform","targeted","70","5","95","95","68.32307072051256","71.21119699085558","71.21119699085558","fixed","1","1","50","3016","21","50","23276943","v2.0-design-v1.0","100","99.9","0.09999999999999432","8.799302257970734","true","97.72","12.688000000000002","50","0","999","500","0","0","683","0","215","468","0","34150","908","9411","23495","336","683","32906","68.3","0","50","1000","1997","3.994","82","5.1316954604008025","0","41.8","3.6121212121212123","10","700","683"
"622","BA","1000","2","0.1","50","0.1","0.5","1","platform","targeted","70","5","95","95","68.32307072051256","71.21119699085558","71.21119699085558","fixed","1","1","50","3016","22","50","23276944","v2.0-design-v1.0","100","99.7","0.29999999999999716","9.25890092879257","true","97.57799999999999","12.537999999999993","50","0","997","500","0","0","683","0","202","481","0","34150","957","9379","23439","375","683","32818","68.3","0","50","1000","1997","3.994","71","5.2388366465666145","0","44.8","3.581818181818182","10","700","683"
"623","BA","1000","2","0.1","50","0.1","0.5","1","platform","targeted","70","5","95","95","68.32307072051256","71.21119699085558","71.21119699085558","fixed","1","1","50","3016","23","50","23276945","v2.0-design-v1.0","100","99.8","0.20000000000000284","9.433240944279843","true","97.53400000000002","12.420000000000005","50","0","998","500","0","0","683","0","198","485","0","34150","987","9476","23289","398","683","32765","68.3","0","50","1000","1997","3.994","108","5.332766861808447","0","40.7","3.6232323232323234","10","700","683"
"624","BA","1000","2","0.1","50","0.1","0.5","1","platform","targeted","70","5","95","95","68.32307072051256","71.21119699085558","71.21119699085558","fixed","1","1","50","3016","24","50","23276946","v2.0-design-v1.0","100","99.4","0.5999999999999943","8.409859835669407","true","97.77400000000002","13.618000000000004","50","0","994","500","0","0","683","0","185","498","0","34150","870","9475","23470","335","683","32945","68.3","0","50","1000","1997","3.994","56","4.957675114662359","0","42.5","3.605050505050505","10","700","683"
"625","BA","1000","2","0.1","50","0.1","0.5","1","platform","targeted","70","5","95","95","68.32307072051256","71.21119699085558","71.21119699085558","fixed","1","1","50","3016","25","50","23276947","v2.0-design-v1.0","100","99.6","0.4000000000000057","8.326105810928015","true","97.992","12.375999999999998","50","0","996","500","0","0","683","0","192","491","0","34150","864","9513","23449","324","683","32962","68.3","0","50","1000","1997","3.994","154","6.678515296573547","0","52","3.5090909090909093","10","700","683"
"626","BA","1000","2","0.1","50","0.1","0.5","1","platform","targeted","70","5","95","95","68.32307072051256","71.21119699085558","71.21119699085558","fixed","1","1","50","3016","26","50","23276948","v2.0-design-v1.0","100","99.8","0.20000000000000284","8.921001926782274","true","97.8","12.584000000000003","50","0","998","500","0","0","683","0","203","480","0","34150","926","9454","23396","374","683","32850","68.3","0","50","1000","1997","3.994","58","4.749792050661213","0","40.2","3.628282828282828","10","700","683"
"628","BA","1000","2","0.1","50","0.1","0.5","1","platform","targeted","70","5","95","95","68.32307072051256","71.21119699085558","71.21119699085558","fixed","1","1","50","3016","28","50","23276950","v2.0-design-v1.0","100","99.6","0.4000000000000057","9.1731639233805","true","97.77400000000002","11.828000000000001","50","0","996","500","0","0","683","0","187","496","0","34150","953","9436","23412","349","683","32848","68.3","0","50","1000","1997","3.994","69","5.201059028218671","0","44.9","3.580808080808081","10","700","683"
"627","BA","1000","2","0.1","50","0.1","0.5","1","platform","targeted","70","5","95","95","68.32307072051256","71.21119699085558","71.21119699085558","fixed","1","1","50","3016","27","50","23276949","v2.0-design-v1.0","100","99.2","0.7999999999999972","8.79416282642089","true","97.54000000000002","12.854000000000006","50","0","992","500","0","0","683","0","207","476","0","34150","916","9500","23353","381","683","32853","68.3","0","50","1000","1997","3.994","76","4.999696086859765","0","41.4","3.6161616161616164","10","700","683"
"630","BA","1000","2","0.1","50","0.1","0.5","1","platform","targeted","70","5","95","95","68.32307072051256","71.21119699085558","71.21119699085558","fixed","1","1","50","3016","30","50","23276952","v2.0-design-v1.0","100","99.7","0.29999999999999716","9.450757575757576","true","97.27600000000001","11.766000000000004","50","0","997","500","0","0","683","0","196","487","0","34150","998","9562","23191","399","683","32753","68.3","0","50","1000","1997","3.994","64","4.663873466949503","0","37.2","3.6585858585858584","10","700","683"
"629","BA","1000","2","0.1","50","0.1","0.5","1","platform","targeted","70","5","95","95","68.32307072051256","71.21119699085558","71.21119699085558","fixed","1","1","50","3016","29","50","23276951","v2.0-design-v1.0","100","99.7","0.29999999999999716","9.222976201854152","true","97.612","12.41","50","0","997","500","0","0","683","0","190","493","0","34150","965","9498","23280","407","683","32778","68.3","0","50","1000","1997","3.994","62","4.78883043100263","0","39","3.6404040404040403","10","700","683"
"632","BA","1000","2","0.1","50","0.1","0.5","1","platform","targeted","70","5","95","95","59.53988226594037","80.69960263075674","80.69960263075674","fixed","1","1","50","3017","2","50","23277924","v2.0-design-v1.0","100","93.5","6.5","15.452605912831455","true","96.53599999999999","24.12400000000001","50","0","935","500","0","0","595","0","125","470","0","29750","1014","5548","22931","257","595","28479","59.5","0","50","1000","1997","3.994","79","5.181584006152242","0","43.7","3.592929292929293","10","700","595"
"631","BA","1000","2","0.1","50","0.1","0.5","1","platform","targeted","70","5","95","95","59.53988226594037","80.69960263075674","80.69960263075674","fixed","1","1","50","3017","1","50","23277923","v2.0-design-v1.0","99.5","87.4","12.099999999999994","17.05118411000764","true","95.612","28.720000000000006","50","0.5","874","500","5","8","595","3","118","474","0","29750","1116","5429","22946","259","592","28375","59.5","0","50","1000","1997","3.994","71","5.0068985443119365","0","42.6","3.604040404040404","10","700","595"
"633","BA","1000","2","0.1","50","0.1","0.5","1","platform","targeted","70","5","95","95","59.53988226594037","80.69960263075674","80.69960263075674","fixed","1","1","50","3017","3","50","23277925","v2.0-design-v1.0","100","90.9","9.099999999999994","17.01070929691138","true","96.15799999999997","27.05","50","0","909","500","0","0","595","0","121","474","0","29750","1096","5347","23044","263","595","28391","59.5","0","50","1000","1997","3.994","107","6.135601813156553","0","54.1","3.487878787878788","10","700","595"
"634","BA","1000","2","0.1","50","0.1","0.5","1","platform","targeted","70","5","95","95","59.53988226594037","80.69960263075674","80.69960263075674","fixed","1","1","50","3017","4","50","23277926","v2.0-design-v1.0","99.9","89.5","10.400000000000006","18.11332127787824","true","95.69399999999997","27.484","50","0.1","895","500","1","1","595","0","113","482","0","29750","1202","5434","22835","279","595","28269","59.5","0","50","1000","1997","3.994","67","5.064940040870923","0","42.5","3.605050505050505","10","700","595"
"635","BA","1000","2","0.1","50","0.1","0.5","1","platform","targeted","70","5","95","95","59.53988226594037","80.69960263075674","80.69960263075674","fixed","1","1","50","3017","5","50","23277927","v2.0-design-v1.0","100","90.9","9.099999999999994","17.784431137724553","true","95.67","27.249999999999996","50","0","909","500","0","0","595","0","115","480","0","29750","1188","5492","22823","247","595","28315","59.5","0","50","1000","1997","3.994","104","5.682451429995171","0","46.8","3.5616161616161617","10","700","595"
"636","BA","1000","2","0.1","50","0.1","0.5","1","platform","targeted","70","5","95","95","59.53988226594037","80.69960263075674","80.69960263075674","fixed","1","1","50","3017","6","50","23277928","v2.0-design-v1.0","100","89.60000000000001","10.399999999999991","16.954150081085064","true","95.44200000000002","26.958","50","0","896","500","0","2","595","2","106","487","0","29750","1150","5633","22716","251","593","28349","59.5","0","50","1000","1997","3.994","80","5.328635693904983","0","45.9","3.5707070707070705","10","700","595"
"637","BA","1000","2","0.1","50","0.1","0.5","1","platform","targeted","70","5","95","95","59.53988226594037","80.69960263075674","80.69960263075674","fixed","1","1","50","3017","7","50","23277929","v2.0-design-v1.0","99.7","92.10000000000001","7.599999999999994","16.50353862370125","true","95.91000000000005","26.36799999999999","50","0.3","921","500","3","3","595","0","110","484","1","29750","1096","5545","22850","259","594","28395","59.5","0","50","1000","1997","3.994","115","5.561375090109712","0","43.9","3.590909090909091","10","700","595"
"638","BA","1000","2","0.1","50","0.1","0.5","1","platform","targeted","70","5","95","95","59.53988226594037","80.69960263075674","80.69960263075674","fixed","1","1","50","3017","8","50","23277930","v2.0-design-v1.0","99.2","90.7","8.5","18.52910212061964","true","95.598","27.291999999999998","50","0.8","907","500","8","15","595","7","122","465","1","29750","1232","5417","22802","299","587","28219","59.5","0","50","1000","1997","3.994","94","5.4372352834439175","0","45.5","3.5747474747474746","10","700","595"
"640","BA","1000","2","0.1","50","0.1","0.5","1","platform","targeted","70","5","95","95","59.53988226594037","80.69960263075674","80.69960263075674","fixed","1","1","50","3017","10","50","23277932","v2.0-design-v1.0","100","92.30000000000001","7.699999999999989","15.355921666148586","true","96.572","26.717999999999996","50","0","923","500","0","0","595","0","107","488","0","29750","988","5446","23097","219","595","28543","59.5","0","50","1000","1997","3.994","96","5.3546836168569785","0","41.5","3.6151515151515152","10","700","595"
"639","BA","1000","2","0.1","50","0.1","0.5","1","platform","targeted","70","5","95","95","59.53988226594037","80.69960263075674","80.69960263075674","fixed","1","1","50","3017","9","50","23277931","v2.0-design-v1.0","100","86.4","13.599999999999994","18.609221466364325","true","95.04200000000003","28.905999999999995","50","0","864","500","0","0","595","0","107","488","0","29750","1231","5384","22828","307","595","28212","59.5","0","50","1000","1997","3.994","60","4.893251261473074","0","40.8","3.6222222222222222","10","700","595"
"641","BA","1000","2","0.1","50","0.1","0.5","1","platform","targeted","70","5","95","95","59.53988226594037","80.69960263075674","80.69960263075674","fixed","1","1","50","3017","11","50","23277933","v2.0-design-v1.0","99.8","89.9","9.899999999999991","17.263893106589737","true","95.80799999999999","27.628","50","0.2","899","500","2","2","595","0","128","466","1","29750","1137","5449","22876","288","594","28325","59.5","0","50","1000","1997","3.994","61","4.8310768264749475","0","41","3.6202020202020204","10","700","595"
"642","BA","1000","2","0.1","50","0.1","0.5","1","platform","targeted","70","5","95","95","59.53988226594037","80.69960263075674","80.69960263075674","fixed","1","1","50","3017","12","50","23277934","v2.0-design-v1.0","100","91.5","8.5","16.551413108839448","true","95.90000000000003","25.250000000000004","50","0","915","500","0","0","595","0","116","479","0","29750","1101","5551","22827","271","595","28378","59.5","0","50","1000","1997","3.994","63","4.900201626053347","0","40.7","3.6232323232323234","10","700","595"
"644","BA","1000","2","0.1","50","0.1","0.5","1","platform","targeted","70","5","95","95","59.53988226594037","80.69960263075674","80.69960263075674","fixed","1","1","50","3017","14","50","23277936","v2.0-design-v1.0","100","88.9","11.099999999999994","16.856177012907192","true","95.99600000000001","28.474","50","0","889","500","0","0","595","0","103","492","0","29750","1097","5411","22957","285","595","28368","59.5","0","50","1000","1997","3.994","67","5.21528169547562","0","46","3.56969696969697","10","700","595"
"643","BA","1000","2","0.1","50","0.1","0.5","1","platform","targeted","70","5","95","95","59.53988226594037","80.69960263075674","80.69960263075674","fixed","1","1","50","3017","13","50","23277935","v2.0-design-v1.0","100","93.30000000000001","6.699999999999989","14.6779303062302","true","96.77400000000002","25.751999999999995","50","0","933","500","0","0","595","0","99","496","0","29750","973","5656","22901","220","595","28557","59.5","0","50","1000","1997","3.994","106","5.358421099230311","0","41.8","3.6121212121212123","10","700","595"
"646","BA","1000","2","0.1","50","0.1","0.5","1","platform","targeted","70","5","95","95","59.53988226594037","80.69960263075674","80.69960263075674","fixed","1","1","50","3017","16","50","23277938","v2.0-design-v1.0","100","90","10","15.434782608695652","true","96.42200000000001","26.59800000000001","50","0","900","500","0","0","595","0","109","486","0","29750","994","5446","23112","198","595","28558","59.5","0","50","1000","1997","3.994","70","5.271788667592404","0","44.2","3.587878787878788","10","700","595"
"645","BA","1000","2","0.1","50","0.1","0.5","1","platform","targeted","70","5","95","95","59.53988226594037","80.69960263075674","80.69960263075674","fixed","1","1","50","3017","15","50","23277937","v2.0-design-v1.0","100","91.9","8.099999999999994","16.714523197823787","true","96.37000000000002","26.695999999999998","50","0","919","500","0","0","595","0","123","472","0","29750","1106","5511","22907","226","595","28418","59.5","0","50","1000","1997","3.994","66","5.033020494225629","0","42.2","3.608080808080808","10","700","595"
"647","BA","1000","2","0.1","50","0.1","0.5","1","platform","targeted","70","5","95","95","59.53988226594037","80.69960263075674","80.69960263075674","fixed","1","1","50","3017","17","50","23277939","v2.0-design-v1.0","100","92.2","7.799999999999997","15.815536985453422","true","96.45200000000001","26.401999999999997","50","0","922","500","0","0","595","0","118","477","0","29750","1022","5440","23067","221","595","28507","59.5","0","50","1000","1997","3.994","66","4.862263424127236","0","40","3.6303030303030304","10","700","595"
"648","BA","1000","2","0.1","50","0.1","0.5","1","platform","targeted","70","5","95","95","59.53988226594037","80.69960263075674","80.69960263075674","fixed","1","1","50","3017","18","50","23277940","v2.0-design-v1.0","98.5","93.2","5.299999999999997","19.132268755649292","true","95.794","25.854","50","1.5","932","500","15","27","595","12","112","466","5","29750","1270","5368","22795","317","578","28163","59.5","0","50","1000","1997","3.994","107","5.929850514737062","0","47.5","3.5545454545454547","10","700","595"
"650","BA","1000","2","0.1","50","0.1","0.5","1","platform","targeted","70","5","95","95","59.53988226594037","80.69960263075674","80.69960263075674","fixed","1","1","50","3017","20","50","23277942","v2.0-design-v1.0","99.9","90.3","9.600000000000009","16.97268248992387","true","95.70199999999996","26.057999999999993","50","0.1","903","500","1","1","595","0","108","487","0","29750","1137","5562","22773","278","595","28335","59.5","0","50","1000","1997","3.994","93","5.556873477311032","0","48.2","3.5474747474747477","10","700","595"
"649","BA","1000","2","0.1","50","0.1","0.5","1","platform","targeted","70","5","95","95","59.53988226594037","80.69960263075674","80.69960263075674","fixed","1","1","50","3017","19","50","23277941","v2.0-design-v1.0","98.7","83.8","14.900000000000006","19.160104986876643","true","94.45599999999999","30.454","50","1.3","838","500","13","17","595","4","118","471","2","29750","1314","5544","22547","345","589","28091","59.5","0","50","1000","1997","3.994","74","4.996691998805893","0","40.9","3.621212121212121","10","700","595"
"652","BA","1000","2","0.1","50","0.1","0.5","1","platform","targeted","70","5","95","95","59.53988226594037","80.69960263075674","80.69960263075674","fixed","1","1","50","3017","22","50","23277944","v2.0-design-v1.0","100","91.10000000000001","8.899999999999991","16.07547169811321","true","95.98400000000001","26.695999999999998","50","0","911","500","0","0","595","0","101","494","0","29750","1065","5560","22874","251","595","28434","59.5","0","50","1000","1997","3.994","81","4.962316856931697","0","39","3.6404040404040403","10","700","595"
"651","BA","1000","2","0.1","50","0.1","0.5","1","platform","targeted","70","5","95","95","59.53988226594037","80.69960263075674","80.69960263075674","fixed","1","1","50","3017","21","50","23277943","v2.0-design-v1.0","99.8","88.7","11.099999999999994","18.891537544696067","true","95.024","27.539999999999996","50","0.2","887","500","2","2","595","0","121","474","0","29750","1268","5444","22706","332","595","28150","59.5","0","50","1000","1997","3.994","101","5.244565708375609","0","42","3.61010101010101","10","700","595"
"654","BA","1000","2","0.1","50","0.1","0.5","1","platform","targeted","70","5","95","95","59.53988226594037","80.69960263075674","80.69960263075674","fixed","1","1","50","3017","24","50","23277946","v2.0-design-v1.0","100","93.2","6.799999999999997","15.40733830845771","true","96.70600000000002","25.875999999999994","50","0","932","500","0","0","595","0","103","492","0","29750","991","5441","23080","238","595","28521","59.5","0","50","1000","1997","3.994","65","5.292634124514554","0","45.3","3.576767676767677","10","700","595"
"653","BA","1000","2","0.1","50","0.1","0.5","1","platform","targeted","70","5","95","95","59.53988226594037","80.69960263075674","80.69960263075674","fixed","1","1","50","3017","23","50","23277945","v2.0-design-v1.0","100","88.8","11.200000000000003","17.237735849056605","true","95.85","27.910000000000004","50","0","888","500","0","0","595","0","111","484","0","29750","1142","5483","22815","310","595","28298","59.5","0","50","1000","1997","3.994","129","5.688085646183449","0","44.1","3.588888888888889","10","700","595"
"655","BA","1000","2","0.1","50","0.1","0.5","1","platform","targeted","70","5","95","95","59.53988226594037","80.69960263075674","80.69960263075674","fixed","1","1","50","3017","25","50","23277947","v2.0-design-v1.0","100","92.10000000000001","7.8999999999999915","16.784798672900013","true","95.85199999999999","26.087999999999997","50","0","921","500","0","0","595","0","127","468","0","29750","1113","5518","22853","266","595","28371","59.5","0","50","1000","1997","3.994","87","5.542263137084035","0","47.9","3.5505050505050506","10","700","595"
"656","BA","1000","2","0.1","50","0.1","0.5","1","platform","targeted","70","5","95","95","59.53988226594037","80.69960263075674","80.69960263075674","fixed","1","1","50","3017","26","50","23277948","v2.0-design-v1.0","100","90.4","9.599999999999994","15.618254702436015","true","96.428","27.686","50","0","904","500","0","0","595","0","114","481","0","29750","1013","5473","23023","241","595","28496","59.5","0","50","1000","1997","3.994","65","4.964132009385581","0","40.8","3.6222222222222222","10","700","595"
"657","BA","1000","2","0.1","50","0.1","0.5","1","platform","targeted","70","5","95","95","59.53988226594037","80.69960263075674","80.69960263075674","fixed","1","1","50","3017","27","50","23277949","v2.0-design-v1.0","100","89.2","10.799999999999997","15.915321352421566","true","96.00599999999999","28.017999999999986","50","0","892","500","0","1","595","1","134","460","0","29750","1045","5521","22951","233","594","28472","59.5","0","50","1000","1997","3.994","71","5.147082324623956","0","43.3","3.596969696969697","10","700","595"
"658","BA","1000","2","0.1","50","0.1","0.5","1","platform","targeted","70","5","95","95","59.53988226594037","80.69960263075674","80.69960263075674","fixed","1","1","50","3017","28","50","23277950","v2.0-design-v1.0","100","90.8","9.200000000000003","16.148307032327256","true","95.902","26.622000000000007","50","0","908","500","0","0","595","0","123","472","0","29750","1054","5473","22982","241","595","28455","59.5","0","50","1000","1997","3.994","72","5.141244634949429","0","43.6","3.5939393939393938","10","700","595"
"659","BA","1000","2","0.1","50","0.1","0.5","1","platform","targeted","70","5","95","95","59.53988226594037","80.69960263075674","80.69960263075674","fixed","1","1","50","3017","29","50","23277951","v2.0-design-v1.0","100","89.5","10.5","15.686574003360318","true","96.29799999999999","26.845999999999986","50","0","895","500","0","0","595","0","126","469","0","29750","1027","5520","22989","214","595","28509","59.5","0","50","1000","1997","3.994","79","5.152913400836117","0","43.9","3.590909090909091","10","700","595"
"660","BA","1000","2","0.1","50","0.1","0.5","1","platform","targeted","70","5","95","95","59.53988226594037","80.69960263075674","80.69960263075674","fixed","1","1","50","3017","30","50","23277952","v2.0-design-v1.0","99.7","91.8","7.900000000000006","17.428139183055976","true","95.92399999999999","25.361999999999988","50","0.3","918","500","3","3","595","0","110","484","1","29750","1152","5458","22861","279","594","28319","59.5","0","50","1000","1997","3.994","74","5.3115135485260785","0","43.9","3.590909090909091","10","700","595"
"662","BA","1000","2","0.1","50","0.1","0.5","1","platform","targeted","70","5","95","95","61.27630269995563","89.77733878550487","89.77733878550487","fixed","1","1","50","3018","2","50","23278924","v2.0-design-v1.0","100","81.89999999999999","18.10000000000001","23.0375862950652","true","97.22399999999999","37.644","50","0","819","500","0","0","613","0","72","541","0","30650","901","3010","26622","117","613","29632","61.3","0","50","1000","1997","3.994","93","5.449556097670851","0","45.2","3.577777777777778","10","700","613"
"661","BA","1000","2","0.1","50","0.1","0.5","1","platform","targeted","70","5","95","95","61.27630269995563","89.77733878550487","89.77733878550487","fixed","1","1","50","3018","1","50","23278923","v2.0-design-v1.0","100","81.8","18.200000000000003","22.061803444782168","true","97.21800000000002","38.37599999999999","50","0","818","500","0","0","613","0","73","540","0","30650","871","3077","26597","105","613","29674","61.3","0","50","1000","1997","3.994","79","5.0230663140351925","0","41.8","3.6121212121212123","10","700","613"
"664","BA","1000","2","0.1","50","0.1","0.5","1","platform","targeted","70","5","95","95","61.27630269995563","89.77733878550487","89.77733878550487","fixed","1","1","50","3018","4","50","23278926","v2.0-design-v1.0","100","83.39999999999999","16.60000000000001","21.84873949579832","true","97.50600000000003","37.657999999999994","50","0","834","500","0","0","613","0","64","549","0","30650","858","3069","26628","95","613","29697","61.3","0","50","1000","1997","3.994","94","5.243229487201123","0","43.3","3.596969696969697","10","700","613"
"663","BA","1000","2","0.1","50","0.1","0.5","1","platform","targeted","70","5","95","95","61.27630269995563","89.77733878550487","89.77733878550487","fixed","1","1","50","3018","3","50","23278925","v2.0-design-v1.0","100","81.3","18.700000000000003","22.559265867958196","true","97.50200000000001","39.484000000000016","50","0","813","500","0","0","613","0","65","548","0","30650","885","3038","26624","103","613","29662","61.3","0","50","1000","1997","3.994","82","4.823611845000708","0","37.4","3.6565656565656566","10","700","613"
"666","BA","1000","2","0.1","50","0.1","0.5","1","platform","targeted","70","5","95","95","61.27630269995563","89.77733878550487","89.77733878550487","fixed","1","1","50","3018","6","50","23278928","v2.0-design-v1.0","100","80.10000000000001","19.89999999999999","21.404768008203025","true","97.54600000000002","39.669999999999995","50","0","801","500","0","0","613","0","70","543","0","30650","835","3066","26671","78","613","29737","61.3","0","50","1000","1997","3.994","112","5.697932118798042","0","46.3","3.566666666666667","10","700","613"
"665","BA","1000","2","0.1","50","0.1","0.5","1","platform","targeted","70","5","95","95","61.27630269995563","89.77733878550487","89.77733878550487","fixed","1","1","50","3018","5","50","23278927","v2.0-design-v1.0","100","87.4","12.599999999999994","22.326883910386965","true","97.72000000000004","36.50599999999999","50","0","874","500","0","0","613","0","74","539","0","30650","877","3051","26611","111","613","29662","61.3","0","50","1000","1997","3.994","98","5.578089196049038","0","46.2","3.5676767676767676","10","700","613"
"668","BA","1000","2","0.1","50","0.1","0.5","1","platform","targeted","70","5","95","95","61.27630269995563","89.77733878550487","89.77733878550487","fixed","1","1","50","3018","8","50","23278930","v2.0-design-v1.0","100","84.8","15.200000000000003","20.944718401245783","true","97.97","37.61200000000001","50","0","848","500","0","0","613","0","66","547","0","30650","807","3046","26715","82","613","29761","61.3","0","50","1000","1997","3.994","77","5.629712040385153","0","48.4","3.5454545454545454","10","700","613"
"667","BA","1000","2","0.1","50","0.1","0.5","1","platform","targeted","70","5","95","95","61.27630269995563","89.77733878550487","89.77733878550487","fixed","1","1","50","3018","7","50","23278929","v2.0-design-v1.0","100","83.5","16.5","22.11296016137166","true","97.31000000000002","37.397999999999996","50","0","835","500","0","0","613","0","67","546","0","30650","877","3089","26564","120","613","29653","61.3","0","50","1000","1997","3.994","79","5.121933052881315","0","42.7","3.603030303030303","10","700","613"
"669","BA","1000","2","0.1","50","0.1","0.5","1","platform","targeted","70","5","95","95","61.27630269995563","89.77733878550487","89.77733878550487","fixed","1","1","50","3018","9","50","23278931","v2.0-design-v1.0","100","82.19999999999999","17.80000000000001","21.72523961661342","true","97.736","40.327999999999996","50","0","822","500","0","0","613","0","55","558","0","30650","816","2940","26794","100","613","29734","61.3","0","50","1000","1997","3.994","95","5.676811621869281","0","45.8","3.5717171717171716","10","700","613"
"670","BA","1000","2","0.1","50","0.1","0.5","1","platform","targeted","70","5","95","95","61.27630269995563","89.77733878550487","89.77733878550487","fixed","1","1","50","3018","10","50","23278932","v2.0-design-v1.0","100","84.5","15.5","21.037539103232533","true","97.728","38.226","50","0","845","500","0","0","613","0","70","543","0","30650","807","3029","26714","100","613","29743","61.3","0","50","1000","1997","3.994","70","5.088600776034387","0","42.2","3.608080808080808","10","700","613"
"671","BA","1000","2","0.1","50","0.1","0.5","1","platform","targeted","70","5","95","95","61.27630269995563","89.77733878550487","89.77733878550487","fixed","1","1","50","3018","11","50","23278933","v2.0-design-v1.0","100","82.3","17.700000000000003","22.013218098627352","true","97.38600000000002","38.346","50","0","823","500","0","0","613","0","61","552","0","30650","866","3068","26626","90","613","29694","61.3","0","50","1000","1997","3.994","82","5.1361799369126695","0","41.7","3.613131313131313","10","700","613"
"672","BA","1000","2","0.1","50","0.1","0.5","1","platform","targeted","70","5","95","95","61.27630269995563","89.77733878550487","89.77733878550487","fixed","1","1","50","3018","12","50","23278934","v2.0-design-v1.0","100","83.5","16.5","20.292833290521447","true","98.06","37.779999999999994","50","0","835","500","0","0","613","0","50","563","0","30650","790","3103","26662","95","613","29765","61.3","0","50","1000","1997","3.994","88","5.222761840371542","0","41.8","3.6121212121212123","10","700","613"
"673","BA","1000","2","0.1","50","0.1","0.5","1","platform","targeted","70","5","95","95","61.27630269995563","89.77733878550487","89.77733878550487","fixed","1","1","50","3018","13","50","23278935","v2.0-design-v1.0","100","84","16","21.02446483180428","true","97.73","37.67799999999999","50","0","840","500","0","0","613","0","61","552","0","30650","825","3099","26615","111","613","29714","61.3","0","50","1000","1997","3.994","120","5.794785892812909","0","46.9","3.5606060606060606","10","700","613"
"674","BA","1000","2","0.1","50","0.1","0.5","1","platform","targeted","70","5","95","95","61.27630269995563","89.77733878550487","89.77733878550487","fixed","1","1","50","3018","14","50","23278936","v2.0-design-v1.0","99.9","84","15.900000000000006","24.24936386768448","true","97.25599999999997","38.816","50","0.1","840","500","1","1","613","0","61","552","0","30650","953","2977","26592","128","613","29569","61.3","0","50","1000","1997","3.994","92","5.48361505159087","0","44.7","3.5828282828282827","10","700","613"
"676","BA","1000","2","0.1","50","0.1","0.5","1","platform","targeted","70","5","95","95","61.27630269995563","89.77733878550487","89.77733878550487","fixed","1","1","50","3018","16","50","23278938","v2.0-design-v1.0","100","84.7","15.299999999999997","21.762729387438615","true","97.59400000000001","37.21599999999999","50","0","847","500","0","0","613","0","57","556","0","30650","842","3027","26684","97","613","29711","61.3","0","50","1000","1997","3.994","64","4.9008144202756645","0","39.9","3.6313131313131315","10","700","613"
"675","BA","1000","2","0.1","50","0.1","0.5","1","platform","targeted","70","5","95","95","61.27630269995563","89.77733878550487","89.77733878550487","fixed","1","1","50","3018","15","50","23278937","v2.0-design-v1.0","100","85.39999999999999","14.600000000000009","22.103618849258005","true","97.68400000000001","37.10799999999999","50","0","854","500","0","0","613","0","69","544","0","30650","849","2992","26718","91","613","29710","61.3","0","50","1000","1997","3.994","172","6.779965481618055","0","47.5","3.5545454545454547","10","700","613"
"677","BA","1000","2","0.1","50","0.1","0.5","1","platform","targeted","70","5","95","95","61.27630269995563","89.77733878550487","89.77733878550487","fixed","1","1","50","3018","17","50","23278939","v2.0-design-v1.0","100","84.6","15.400000000000006","20.263758559472482","true","97.808","39.25400000000001","50","0","846","500","0","0","613","0","59","554","0","30650","799","3144","26626","81","613","29770","61.3","0","50","1000","1997","3.994","58","4.789457474798456","0","38.6","3.6444444444444444","10","700","613"
"678","BA","1000","2","0.1","50","0.1","0.5","1","platform","targeted","70","5","95","95","61.27630269995563","89.77733878550487","89.77733878550487","fixed","1","1","50","3018","18","50","23278940","v2.0-design-v1.0","100","82.69999999999999","17.30000000000001","21.315310631661035","true","97.50400000000002","38.37599999999999","50","0","827","500","0","0","613","0","78","535","0","30650","820","3027","26702","101","613","29729","61.3","0","50","1000","1997","3.994","107","5.464047933521423","0","42.3","3.607070707070707","10","700","613"
"680","BA","1000","2","0.1","50","0.1","0.5","1","platform","targeted","70","5","95","95","61.27630269995563","89.77733878550487","89.77733878550487","fixed","1","1","50","3018","20","50","23278942","v2.0-design-v1.0","100","84.39999999999999","15.600000000000009","21.716021260440392","true","97.91","37.278","50","0","844","500","0","0","613","0","51","562","0","30650","858","3093","26609","90","613","29702","61.3","0","50","1000","1997","3.994","115","5.559754929389856","0","44","3.5898989898989897","10","700","613"
"679","BA","1000","2","0.1","50","0.1","0.5","1","platform","targeted","70","5","95","95","61.27630269995563","89.77733878550487","89.77733878550487","fixed","1","1","50","3018","19","50","23278941","v2.0-design-v1.0","100","85.3","14.700000000000003","21.915054033676803","true","97.45599999999999","37.862","50","0","853","500","0","0","613","0","66","547","0","30650","872","3107","26577","94","613","29684","61.3","0","50","1000","1997","3.994","91","5.668517980574467","0","47.9","3.5505050505050506","10","700","613"
"681","BA","1000","2","0.1","50","0.1","0.5","1","platform","targeted","70","5","95","95","61.27630269995563","89.77733878550487","89.77733878550487","fixed","1","1","50","3018","21","50","23278943","v2.0-design-v1.0","100","82.69999999999999","17.30000000000001","21.640625","true","97.54800000000003","39.071999999999996","50","0","827","500","0","0","613","0","61","552","0","30650","831","3009","26708","102","613","29717","61.3","0","50","1000","1997","3.994","104","5.3934268376471906","0","43.4","3.595959595959596","10","700","613"
"682","BA","1000","2","0.1","50","0.1","0.5","1","platform","targeted","70","5","95","95","61.27630269995563","89.77733878550487","89.77733878550487","fixed","1","1","50","3018","22","50","23278944","v2.0-design-v1.0","100","80.5","19.5","22.08835341365462","true","97.26799999999999","38.27","50","0","805","500","0","0","613","0","67","546","0","30650","880","3104","26580","86","613","29684","61.3","0","50","1000","1997","3.994","86","5.162423327722602","0","42.5","3.605050505050505","10","700","613"
"683","BA","1000","2","0.1","50","0.1","0.5","1","platform","targeted","70","5","95","95","61.27630269995563","89.77733878550487","89.77733878550487","fixed","1","1","50","3018","23","50","23278945","v2.0-design-v1.0","100","80.2","19.799999999999997","22.015022015022016","true","97.18600000000002","39.87999999999999","50","0","802","500","0","0","613","0","58","555","0","30650","850","3011","26685","104","613","29696","61.3","0","50","1000","1997","3.994","93","5.421564106174274","0","45.1","3.5787878787878786","10","700","613"
"684","BA","1000","2","0.1","50","0.1","0.5","1","platform","targeted","70","5","95","95","61.27630269995563","89.77733878550487","89.77733878550487","fixed","1","1","50","3018","24","50","23278946","v2.0-design-v1.0","100","83.3","16.700000000000003","23.73540856031128","true","97.53599999999999","39.79000000000002","50","0","833","500","0","0","613","0","64","549","0","30650","915","2940","26682","113","613","29622","61.3","0","50","1000","1997","3.994","57","4.835633086509694","0","41.3","3.617171717171717","10","700","613"
"686","BA","1000","2","0.1","50","0.1","0.5","1","platform","targeted","70","5","95","95","61.27630269995563","89.77733878550487","89.77733878550487","fixed","1","1","50","3018","26","50","23278948","v2.0-design-v1.0","100","83.3","16.700000000000003","22.73311071153352","true","97.25400000000002","37.580000000000005","50","0","833","500","0","0","613","0","58","555","0","30650","885","3008","26644","113","613","29652","61.3","0","50","1000","1997","3.994","93","5.2689397155144615","0","42.8","3.602020202020202","10","700","613"
"685","BA","1000","2","0.1","50","0.1","0.5","1","platform","targeted","70","5","95","95","61.27630269995563","89.77733878550487","89.77733878550487","fixed","1","1","50","3018","25","50","23278947","v2.0-design-v1.0","100","79.7","20.299999999999997","22.98183652875883","true","97.37800000000003","40.94399999999998","50","0","797","500","0","0","613","0","66","547","0","30650","911","3053","26579","107","613","29632","61.3","0","50","1000","1997","3.994","91","5.338020087865758","0","43.5","3.594949494949495","10","700","613"
"688","BA","1000","2","0.1","50","0.1","0.5","1","platform","targeted","70","5","95","95","61.27630269995563","89.77733878550487","89.77733878550487","fixed","1","1","50","3018","28","50","23278950","v2.0-design-v1.0","100","82.6","17.400000000000006","22.17958557175748","true","97.74799999999999","37.978","50","0","826","500","0","0","613","0","66","547","0","30650","867","3042","26646","95","613","29688","61.3","0","50","1000","1997","3.994","89","5.308685915190882","0","44.2","3.587878787878788","10","700","613"
"687","BA","1000","2","0.1","50","0.1","0.5","1","platform","targeted","70","5","95","95","61.27630269995563","89.77733878550487","89.77733878550487","fixed","1","1","50","3018","27","50","23278949","v2.0-design-v1.0","99.9","80.9","19","23.460559796437657","true","97.21599999999997","40.15799999999999","50","0.1","809","500","1","1","613","0","57","556","0","30650","922","3008","26582","138","613","29590","61.3","0","50","1000","1997","3.994","74","5.152719137942061","0","43","3.6","10","700","613"
"689","BA","1000","2","0.1","50","0.1","0.5","1","platform","targeted","70","5","95","95","61.27630269995563","89.77733878550487","89.77733878550487","fixed","1","1","50","3018","29","50","23278951","v2.0-design-v1.0","100","81.5","18.5","22.545454545454547","true","97.63400000000001","39.972","50","0","815","500","0","0","613","0","66","547","0","30650","868","2982","26713","87","613","29695","61.3","0","50","1000","1997","3.994","74","5.201443935968065","0","45","3.5797979797979798","10","700","613"
"690","BA","1000","2","0.1","50","0.1","0.5","1","platform","targeted","70","5","95","95","61.27630269995563","89.77733878550487","89.77733878550487","fixed","1","1","50","3018","30","50","23278952","v2.0-design-v1.0","100","83.3","16.700000000000003","22.265625","true","97.62800000000003","38.646","50","0","833","500","0","0","613","0","61","552","0","30650","855","2985","26714","96","613","29699","61.3","0","50","1000","1997","3.994","90","5.188919819084585","0","40.4","3.6262626262626263","10","700","613"
"692","BA","1000","2","0.1","50","0.1","0.5","1","platform","targeted","70","5","95","95","93.78668482855186","71.41378273762525","71.41378273762525","fixed","1","1","50","3019","2","50","23279924","v2.0-design-v1.0","100","100","0","5.3694688657996075","true","99.212","7.312","50","0","1000","500","0","0","938","0","272","666","0","46900","739","13024","32807","330","938","45831","93.8","0","50","1000","1997","3.994","74","5.0415653701386525","0","41.1","3.6191919191919193","10","700","938"
"691","BA","1000","2","0.1","50","0.1","0.5","1","platform","targeted","70","5","95","95","93.78668482855186","71.41378273762525","71.41378273762525","fixed","1","1","50","3019","1","50","23279923","v2.0-design-v1.0","100","100","0","5.078238191828455","true","99.348","6.632","50","0","1000","500","0","0","938","0","274","664","0","46900","701","13103","32826","270","938","45929","93.8","0","50","1000","1997","3.994","68","5.22333679243902","0","44.7","3.5828282828282827","10","700","938"
"693","BA","1000","2","0.1","50","0.1","0.5","1","platform","targeted","70","5","95","95","93.78668482855186","71.41378273762525","71.41378273762525","fixed","1","1","50","3019","3","50","23279925","v2.0-design-v1.0","100","100","0","5.163709793740083","true","99.348","6.972000000000003","50","0","1000","500","0","0","938","0","285","653","0","46900","716","13150","32758","276","938","45908","93.8","0","50","1000","1997","3.994","70","4.8717243043605825","0","41.2","3.618181818181818","10","700","938"
"694","BA","1000","2","0.1","50","0.1","0.5","1","platform","targeted","70","5","95","95","93.78668482855186","71.41378273762525","71.41378273762525","fixed","1","1","50","3019","4","50","23279926","v2.0-design-v1.0","100","100","0","5.816894284269095","true","99.24799999999999","6.850000000000002","50","0","1000","500","0","0","938","0","273","665","0","46900","805","13034","32748","313","938","45782","93.8","0","50","1000","1997","3.994","75","5.101959818931734","0","43.9","3.590909090909091","10","700","938"
"695","BA","1000","2","0.1","50","0.1","0.5","1","platform","targeted","70","5","95","95","93.78668482855186","71.41378273762525","71.41378273762525","fixed","1","1","50","3019","5","50","23279927","v2.0-design-v1.0","100","100","0","5.699071742102612","true","99.16","6.893999999999998","50","0","1000","500","0","0","938","0","255","683","0","46900","792","13105","32656","347","938","45761","93.8","0","50","1000","1997","3.994","103","5.789428424419932","0","49","3.5393939393939395","10","700","938"
"696","BA","1000","2","0.1","50","0.1","0.5","1","platform","targeted","70","5","95","95","93.78668482855186","71.41378273762525","71.41378273762525","fixed","1","1","50","3019","6","50","23279928","v2.0-design-v1.0","100","100","0","5.013306480615695","true","99.37799999999999","6.934000000000001","50","0","1000","500","0","0","938","0","285","653","0","46900","697","13206","32738","259","938","45944","93.8","0","50","1000","1997","3.994","64","4.606211152474569","0","37.3","3.6575757575757577","10","700","938"
"697","BA","1000","2","0.1","50","0.1","0.5","1","platform","targeted","70","5","95","95","93.78668482855186","71.41378273762525","71.41378273762525","fixed","1","1","50","3019","7","50","23279929","v2.0-design-v1.0","100","100","0","5.792175862318317","true","99.166","6.632000000000005","50","0","1000","500","0","0","938","0","261","677","0","46900","801","13028","32728","343","938","45756","93.8","0","50","1000","1997","3.994","79","5.193547625365236","0","43.2","3.597979797979798","10","700","938"
"698","BA","1000","2","0.1","50","0.1","0.5","1","platform","targeted","70","5","95","95","93.78668482855186","71.41378273762525","71.41378273762525","fixed","1","1","50","3019","8","50","23279930","v2.0-design-v1.0","100","100","0","5.81480397893505","true","99.152","6.367999999999998","50","0","1000","500","0","0","938","0","235","703","0","46900","795","12877","32866","362","938","45743","93.8","0","50","1000","1997","3.994","108","5.625976858787774","0","45.3","3.576767676767677","10","700","938"
"699","BA","1000","2","0.1","50","0.1","0.5","1","platform","targeted","70","5","95","95","93.78668482855186","71.41378273762525","71.41378273762525","fixed","1","1","50","3019","9","50","23279931","v2.0-design-v1.0","100","100","0","5.304223335719398","true","99.244","6.850000000000002","50","0","1000","500","0","0","938","0","266","672","0","46900","741","13229","32623","307","938","45852","93.8","0","50","1000","1997","3.994","108","5.590099570956958","0","45.2","3.577777777777778","10","700","938"
"700","BA","1000","2","0.1","50","0.1","0.5","1","platform","targeted","70","5","95","95","93.78668482855186","71.41378273762525","71.41378273762525","fixed","1","1","50","3019","10","50","23279932","v2.0-design-v1.0","100","100","0","5.2691703555619025","true","99.35","6.556000000000004","50","0","1000","500","0","0","938","0","273","665","0","46900","738","13268","32630","264","938","45898","93.8","0","50","1000","1997","3.994","71","4.960702830504212","0","40","3.6303030303030304","10","700","938"
"701","BA","1000","2","0.1","50","0.1","0.5","1","platform","targeted","70","5","95","95","93.78668482855186","71.41378273762525","71.41378273762525","fixed","1","1","50","3019","11","50","23279933","v2.0-design-v1.0","100","100","0","5.250158774962952","true","99.24600000000001","6.538000000000004","50","0","1000","500","0","0","938","0","267","671","0","46900","744","13427","32417","312","938","45844","93.8","0","50","1000","1997","3.994","129","6.212129631177613","0","50.2","3.5272727272727273","10","700","938"
"702","BA","1000","2","0.1","50","0.1","0.5","1","platform","targeted","70","5","95","95","93.78668482855186","71.41378273762525","71.41378273762525","fixed","1","1","50","3019","12","50","23279934","v2.0-design-v1.0","100","100","0","5.750543872371284","true","99.118","6.96","50","0","1000","500","0","0","938","0","257","681","0","46900","793","12997","32744","366","938","45741","93.8","0","50","1000","1997","3.994","79","5.162035510398056","0","42.6","3.604040404040404","10","700","938"
"703","BA","1000","2","0.1","50","0.1","0.5","1","platform","targeted","70","5","95","95","93.78668482855186","71.41378273762525","71.41378273762525","fixed","1","1","50","3019","13","50","23279935","v2.0-design-v1.0","100","100","0","5.184969414506263","true","99.34200000000001","6.980000000000002","50","0","1000","500","0","0","938","0","261","677","0","46900","712","13020","32906","262","938","45926","93.8","0","50","1000","1997","3.994","72","5.285631646445087","0","45","3.5797979797979798","10","700","938"
"704","BA","1000","2","0.1","50","0.1","0.5","1","platform","targeted","70","5","95","95","93.78668482855186","71.41378273762525","71.41378273762525","fixed","1","1","50","3019","14","50","23279936","v2.0-design-v1.0","100","100","0","5.377344980667335","true","99.242","7.092000000000002","50","0","1000","500","0","0","938","0","255","683","0","46900","751","13215","32623","311","938","45838","93.8","0","50","1000","1997","3.994","104","5.662864295745745","0","45.8","3.5717171717171716","10","700","938"
"706","BA","1000","2","0.1","50","0.1","0.5","1","platform","targeted","70","5","95","95","93.78668482855186","71.41378273762525","71.41378273762525","fixed","1","1","50","3019","16","50","23279938","v2.0-design-v1.0","100","100","0","5.123394429210564","true","99.30799999999999","6.818000000000001","50","0","1000","500","0","0","938","0","243","695","0","46900","710","13148","32764","278","938","45912","93.8","0","50","1000","1997","3.994","63","4.898362783416301","0","40.8","3.6222222222222222","10","700","938"
"705","BA","1000","2","0.1","50","0.1","0.5","1","platform","targeted","70","5","95","95","93.78668482855186","71.41378273762525","71.41378273762525","fixed","1","1","50","3019","15","50","23279937","v2.0-design-v1.0","100","100","0","5.817632676542499","true","99.228","6.885999999999999","50","0","1000","500","0","0","938","0","258","680","0","46900","809","13097","32671","323","938","45768","93.8","0","50","1000","1997","3.994","75","5.034014829666797","0","42.9","3.601010101010101","10","700","938"
"708","BA","1000","2","0.1","50","0.1","0.5","1","platform","targeted","70","5","95","95","93.78668482855186","71.41378273762525","71.41378273762525","fixed","1","1","50","3019","18","50","23279940","v2.0-design-v1.0","100","100","0","5.709684503330649","true","99.25399999999999","6.938","50","0","1000","500","0","0","938","0","269","669","0","46900","780","12881","32930","309","938","45811","93.8","0","50","1000","1997","3.994","94","5.552728770325155","0","47.5","3.5545454545454547","10","700","938"
"707","BA","1000","2","0.1","50","0.1","0.5","1","platform","targeted","70","5","95","95","93.78668482855186","71.41378273762525","71.41378273762525","fixed","1","1","50","3019","17","50","23279939","v2.0-design-v1.0","100","100","0","5.317150700765786","true","99.26799999999999","6.6179999999999986","50","0","1000","500","0","0","938","0","292","646","0","46900","736","13106","32752","306","938","45858","93.8","0","50","1000","1997","3.994","82","5.541721273636432","0","47.7","3.5525252525252524","10","700","938"
"710","BA","1000","2","0.1","50","0.1","0.5","1","platform","targeted","70","5","95","95","93.78668482855186","71.41378273762525","71.41378273762525","fixed","1","1","50","3019","20","50","23279942","v2.0-design-v1.0","100","100","0","5.352214960058097","true","99.274","6.74","50","0","1000","500","0","0","938","0","269","669","0","46900","737","13033","32820","310","938","45853","93.8","0","50","1000","1997","3.994","73","5.273307479350287","0","43.4","3.595959595959596","10","700","938"
"709","BA","1000","2","0.1","50","0.1","0.5","1","platform","targeted","70","5","95","95","93.78668482855186","71.41378273762525","71.41378273762525","fixed","1","1","50","3019","19","50","23279941","v2.0-design-v1.0","100","100","0","5.4649910233393175","true","99.26599999999999","6.42","50","0","1000","500","0","0","938","0","280","658","0","46900","761","13164","32686","289","938","45850","93.8","0","50","1000","1997","3.994","82","5.294525096360948","0","42.2","3.608080808080808","10","700","938"
"711","BA","1000","2","0.1","50","0.1","0.5","1","platform","targeted","70","5","95","95","93.78668482855186","71.41378273762525","71.41378273762525","fixed","1","1","50","3019","21","50","23279943","v2.0-design-v1.0","100","100","0","4.935064935064935","true","99.43599999999998","7.104000000000001","50","0","1000","500","0","0","938","0","266","672","0","46900","684","13176","32797","243","938","45973","93.8","0","50","1000","1997","3.994","51","4.753373387243891","0","39.5","3.6353535353535356","10","700","938"
"712","BA","1000","2","0.1","50","0.1","0.5","1","platform","targeted","70","5","95","95","93.78668482855186","71.41378273762525","71.41378273762525","fixed","1","1","50","3019","22","50","23279944","v2.0-design-v1.0","100","100","0","5.080563216722311","true","99.37","6.63","50","0","1000","500","0","0","938","0","278","660","0","46900","700","13078","32866","256","938","45944","93.8","0","50","1000","1997","3.994","84","5.509293631339343","0","47","3.5595959595959594","10","700","938"
"713","BA","1000","2","0.1","50","0.1","0.5","1","platform","targeted","70","5","95","95","93.78668482855186","71.41378273762525","71.41378273762525","fixed","1","1","50","3019","23","50","23279945","v2.0-design-v1.0","100","100","0","5.315947843530592","true","99.262","6.662000000000001","50","0","1000","500","0","0","938","0","297","641","0","46900","742","13216","32621","321","938","45837","93.8","0","50","1000","1997","3.994","95","5.684741003799574","0","46.4","3.5656565656565657","10","700","938"
"714","BA","1000","2","0.1","50","0.1","0.5","1","platform","targeted","70","5","95","95","93.78668482855186","71.41378273762525","71.41378273762525","fixed","1","1","50","3019","24","50","23279946","v2.0-design-v1.0","100","100","0","5.352452615886988","true","99.27","6.362","50","0","1000","500","0","0","938","0","260","678","0","46900","754","13333","32521","292","938","45854","93.8","0","50","1000","1997","3.994","67","4.851752621837126","0","39.8","3.632323232323232","10","700","938"
"715","BA","1000","2","0.1","50","0.1","0.5","1","platform","targeted","70","5","95","95","93.78668482855186","71.41378273762525","71.41378273762525","fixed","1","1","50","3019","25","50","23279947","v2.0-design-v1.0","100","100","0","5.036793598628277","true","99.33200000000001","7.108000000000001","50","0","1000","500","0","0","938","0","285","653","0","46900","705","13292","32630","273","938","45922","93.8","0","50","1000","1997","3.994","75","5.053266220920822","0","43","3.6","10","700","938"
"716","BA","1000","2","0.1","50","0.1","0.5","1","platform","targeted","70","5","95","95","93.78668482855186","71.41378273762525","71.41378273762525","fixed","1","1","50","3019","26","50","23279948","v2.0-design-v1.0","100","100","0","6.34037015615963","true","99.12200000000001","6.856000000000003","50","0","1000","500","0","0","938","0","258","680","0","46900","877","12955","32701","367","938","45656","93.8","0","50","1000","1997","3.994","92","5.54659613896024","0","46.4","3.5656565656565657","10","700","938"
"718","BA","1000","2","0.1","50","0.1","0.5","1","platform","targeted","70","5","95","95","93.78668482855186","71.41378273762525","71.41378273762525","fixed","1","1","50","3019","28","50","23279950","v2.0-design-v1.0","100","100","0","5.279884434814012","true","99.346","6.838000000000002","50","0","1000","500","0","0","938","0","264","674","0","46900","731","13114","32790","265","938","45904","93.8","0","50","1000","1997","3.994","75","5.047716656414403","0","41.7","3.613131313131313","10","700","938"
"717","BA","1000","2","0.1","50","0.1","0.5","1","platform","targeted","70","5","95","95","93.78668482855186","71.41378273762525","71.41378273762525","fixed","1","1","50","3019","27","50","23279949","v2.0-design-v1.0","100","100","0","4.9862498190765665","true","99.286","6.968000000000002","50","0","1000","500","0","0","938","0","275","663","0","46900","689","13129","32774","308","938","45903","93.8","0","50","1000","1997","3.994","93","5.0447411641642566","0","41.1","3.6191919191919193","10","700","938"
"719","BA","1000","2","0.1","50","0.1","0.5","1","platform","targeted","70","5","95","95","93.78668482855186","71.41378273762525","71.41378273762525","fixed","1","1","50","3019","29","50","23279951","v2.0-design-v1.0","100","100","0","5.370584829183556","true","99.286","7.085999999999997","50","0","1000","500","0","0","938","0","284","654","0","46900","742","13074","32790","294","938","45864","93.8","0","50","1000","1997","3.994","86","5.5149232431991555","0","44.7","3.5828282828282827","10","700","938"
"720","BA","1000","2","0.1","50","0.1","0.5","1","platform","targeted","70","5","95","95","93.78668482855186","71.41378273762525","71.41378273762525","fixed","1","1","50","3019","30","50","23279952","v2.0-design-v1.0","100","100","0","5.563211721186625","true","99.24600000000001","6.679999999999998","50","0","1000","500","0","0","938","0","278","660","0","46900","767","13020","32800","313","938","45820","93.8","0","50","1000","1997","3.994","94","5.407698882815784","0","44.1","3.588888888888889","10","700","938"
"722","BA","1000","2","0.1","50","0.1","0.5","1","platform","targeted","70","5","95","95","50.45355035607967","70.88402456099523","70.88402456099523","fixed","1","1","50","3020","2","50","23280924","v2.0-design-v1.0","80.2","59.8","20.400000000000006","34.74178403755869","true","74.87199999999999","25.03799999999999","50","19.8","598","500","198","244","505","46","117","321","21","25250","3182","5977","14720","1371","438","20697","50.5","0","50","1000","1997","3.994","62","4.9548475773240925","0","41","3.6202020202020204","10","700","505"
"721","BA","1000","2","0.1","50","0.1","0.5","1","platform","targeted","70","5","95","95","50.45355035607967","70.88402456099523","70.88402456099523","fixed","1","1","50","3020","1","50","23280923","v2.0-design-v1.0","71.4","55.300000000000004","16.1","34.968132224262725","true","71.34400000000001","22.34999999999999","50","28.599999999999998","553","500","286","337","505","51","143","285","26","25250","3237","6020","14698","1295","428","20718","50.5","0","50","1000","1997","3.994","87","4.8447327517041945","0","36.4","3.6666666666666665","10","700","505"
"723","BA","1000","2","0.1","50","0.1","0.5","1","platform","targeted","70","5","95","95","50.45355035607967","70.88402456099523","70.88402456099523","fixed","1","1","50","3020","3","50","23280925","v2.0-design-v1.0","77","58.199999999999996","18.800000000000004","33.96184805380968","true","72.79799999999999","23.781999999999993","50","23","582","500","230","275","505","45","139","311","10","25250","3080","5989","14888","1293","450","20877","50.5","0","50","1000","1997","3.994","116","6.439831941552181","0","53.7","3.491919191919192","10","700","505"
"724","BA","1000","2","0.1","50","0.1","0.5","1","platform","targeted","70","5","95","95","50.45355035607967","70.88402456099523","70.88402456099523","fixed","1","1","50","3020","4","50","23280926","v2.0-design-v1.0","74.3","56.89999999999999","17.400000000000006","34.160756501182036","true","72.37400000000001","23.06200000000001","50","25.7","569","500","257","312","505","55","121","304","25","25250","3179","6127","14634","1310","425","20761","50.5","0","50","1000","1997","3.994","109","5.691955934682056","0","45.9","3.5707070707070705","10","700","505"
"725","BA","1000","2","0.1","50","0.1","0.5","1","platform","targeted","70","5","95","95","50.45355035607967","70.88402456099523","70.88402456099523","fixed","1","1","50","3020","5","50","23280927","v2.0-design-v1.0","71.5","54.900000000000006","16.599999999999994","35.952848722986246","true","70.444","22.459999999999994","50","28.499999999999996","549","500","285","334","505","49","111","315","30","25250","3294","5868","14711","1377","426","20579","50.5","0","50","1000","1997","3.994","71","5.2833585793392634","0","43.6","3.5939393939393938","10","700","505"
"726","BA","1000","2","0.1","50","0.1","0.5","1","platform","targeted","70","5","95","95","50.45355035607967","70.88402456099523","70.88402456099523","fixed","1","1","50","3020","6","50","23280928","v2.0-design-v1.0","59.5","50.6","8.899999999999999","37.79909349636345","true","63.56799999999999","16.615999999999996","50","40.5","506","500","405","470","505","65","128","287","25","25250","3586","5901","14328","1435","415","20229","50.5","0","50","1000","1997","3.994","73","4.967961819966473","0","40.8","3.6222222222222222","10","700","505"
"728","BA","1000","2","0.1","50","0.1","0.5","1","platform","targeted","70","5","95","95","50.45355035607967","70.88402456099523","70.88402456099523","fixed","1","1","50","3020","8","50","23280930","v2.0-design-v1.0","77.6","56.99999999999999","20.6","35.34127843986999","true","72.54","24.396","50","22.400000000000002","570","500","224","274","505","50","119","319","17","25250","3262","5968","14725","1295","438","20693","50.5","0","50","1000","1997","3.994","93","5.389342168484846","0","44.7","3.5828282828282827","10","700","505"
"727","BA","1000","2","0.1","50","0.1","0.5","1","platform","targeted","70","5","95","95","50.45355035607967","70.88402456099523","70.88402456099523","fixed","1","1","50","3020","7","50","23280929","v2.0-design-v1.0","57","50.5","6.5","38.63303328448817","true","61.792000000000016","15.696","50","43","505","500","430","514","505","84","104","298","19","25250","3691","5863","14198","1498","402","20061","50.5","0","50","1000","1997","3.994","70","5.128768689292605","0","43.5","3.594949494949495","10","700","505"
"730","BA","1000","2","0.1","50","0.1","0.5","1","platform","targeted","70","5","95","95","50.45355035607967","70.88402456099523","70.88402456099523","fixed","1","1","50","3020","10","50","23280932","v2.0-design-v1.0","82","66.10000000000001","15.899999999999991","31.949882537196554","true","77.812","24.71400000000001","50","18","661","500","180","231","505","51","131","301","22","25250","2856","6083","15076","1235","432","21159","50.5","0","50","1000","1997","3.994","76","5.449556097670856","0","45.6","3.573737373737374","10","700","505"
"729","BA","1000","2","0.1","50","0.1","0.5","1","platform","targeted","70","5","95","95","50.45355035607967","70.88402456099523","70.88402456099523","fixed","1","1","50","3020","9","50","23280931","v2.0-design-v1.0","58.5","51","7.5","38.56121073908987","true","62.72600000000001","16.034000000000002","50","41.5","510","500","415","490","505","75","113","284","33","25250","3720","5927","14054","1549","397","19981","50.5","0","50","1000","1997","3.994","57","4.701070523196175","0","39.1","3.639393939393939","10","700","505"
"731","BA","1000","2","0.1","50","0.1","0.5","1","platform","targeted","70","5","95","95","50.45355035607967","70.88402456099523","70.88402456099523","fixed","1","1","50","3020","11","50","23280933","v2.0-design-v1.0","68.8","54.900000000000006","13.899999999999991","35.5861179757172","true","67.71","19.934","50","31.2","549","500","312","363","505","51","123","304","27","25250","3312","5995","14648","1295","427","20643","50.5","0","50","1000","1997","3.994","76","5.258670708232029","0","45.1","3.5787878787878786","10","700","505"
"732","BA","1000","2","0.1","50","0.1","0.5","1","platform","targeted","70","5","95","95","50.45355035607967","70.88402456099523","70.88402456099523","fixed","1","1","50","3020","12","50","23280934","v2.0-design-v1.0","56.7","50.5","6.200000000000003","38.62294390552509","true","62.144","15.972000000000005","50","43.3","505","500","433","508","505","75","106","293","31","25250","3663","5821","14211","1555","399","20032","50.5","0","50","1000","1997","3.994","95","5.5241723796855196","0","46.3","3.566666666666667","10","700","505"
"733","BA","1000","2","0.1","50","0.1","0.5","1","platform","targeted","70","5","95","95","50.45355035607967","70.88402456099523","70.88402456099523","fixed","1","1","50","3020","13","50","23280935","v2.0-design-v1.0","80.9","60.8","20.10000000000001","33.195965730398","true","74.73","23.673999999999992","50","19.1","608","500","191","251","505","60","125","306","14","25250","3061","6160","14816","1213","431","20976","50.5","0","50","1000","1997","3.994","53","4.620531713267774","0","38.4","3.6464646464646466","10","700","505"
"734","BA","1000","2","0.1","50","0.1","0.5","1","platform","targeted","70","5","95","95","50.45355035607967","70.88402456099523","70.88402456099523","fixed","1","1","50","3020","14","50","23280936","v2.0-design-v1.0","67.9","54.400000000000006","13.5","35.358238967086464","true","68.99600000000001","20.62","50","32.1","544","500","321","383","505","62","128","285","30","25250","3341","6108","14527","1274","413","20635","50.5","0","50","1000","1997","3.994","92","5.220461398882009","0","42.1","3.609090909090909","10","700","505"
"735","BA","1000","2","0.1","50","0.1","0.5","1","platform","targeted","70","5","95","95","50.45355035607967","70.88402456099523","70.88402456099523","fixed","1","1","50","3020","15","50","23280937","v2.0-design-v1.0","78.9","60.8","18.10000000000001","33.17291917313792","true","74.57199999999999","23.454","50","21.099999999999998","608","500","211","260","505","49","135","305","16","25250","3033","6110","14894","1213","440","21004","50.5","0","50","1000","1997","3.994","111","5.633622431588899","0","45.7","3.5727272727272728","10","700","505"
"736","BA","1000","2","0.1","50","0.1","0.5","1","platform","targeted","70","5","95","95","50.45355035607967","70.88402456099523","70.88402456099523","fixed","1","1","50","3020","16","50","23280938","v2.0-design-v1.0","56.9","50.6","6.299999999999997","39.06912637828668","true","61.16599999999998","14.934","50","43.1","506","500","431","502","505","71","107","297","30","25250","3685","5747","14265","1553","404","20012","50.5","0","50","1000","1997","3.994","81","5.198748983264236","0","42.5","3.605050505050505","10","700","505"
"737","BA","1000","2","0.1","50","0.1","0.5","1","platform","targeted","70","5","95","95","50.45355035607967","70.88402456099523","70.88402456099523","fixed","1","1","50","3020","17","50","23280939","v2.0-design-v1.0","56.8","50.4","6.399999999999999","38.84991496598639","true","61.50800000000001","14.937999999999999","50","43.2","504","500","432","522","505","90","108","276","31","25250","3655","5753","14367","1475","384","20120","50.5","0","50","1000","1997","3.994","90","5.409734672720016","0","41.8","3.6121212121212123","10","700","505"
"738","BA","1000","2","0.1","50","0.1","0.5","1","platform","targeted","70","5","95","95","50.45355035607967","70.88402456099523","70.88402456099523","fixed","1","1","50","3020","18","50","23280940","v2.0-design-v1.0","76.6","57.599999999999994","19","34.006991479134804","true","72.196","22.807999999999996","50","23.400000000000002","576","500","234","283","505","49","111","328","17","25250","3113","6041","14758","1338","439","20799","50.5","0","50","1000","1997","3.994","60","4.878705337050569","0","40.7","3.6232323232323234","10","700","505"
"739","BA","1000","2","0.1","50","0.1","0.5","1","platform","targeted","70","5","95","95","50.45355035607967","70.88402456099523","70.88402456099523","fixed","1","1","50","3020","19","50","23280941","v2.0-design-v1.0","60.3","50.8","9.5","36.83546963647825","true","63.71800000000001","17.48","50","39.7","508","500","397","455","505","58","115","296","36","25250","3506","6012","14284","1448","411","20296","50.5","0","50","1000","1997","3.994","101","5.559754929389855","0","46.2","3.5676767676767676","10","700","505"
"740","BA","1000","2","0.1","50","0.1","0.5","1","platform","targeted","70","5","95","95","50.45355035607967","70.88402456099523","70.88402456099523","fixed","1","1","50","3020","20","50","23280942","v2.0-design-v1.0","59","50.7","8.299999999999997","38.935837245696405","true","62.97","16.913999999999998","50","41","507","500","410","481","505","71","125","271","38","25250","3732","5853","14128","1537","396","19981","50.5","0","50","1000","1997","3.994","79","5.5003834610159785","0","47.4","3.5555555555555554","10","700","505"
"741","BA","1000","2","0.1","50","0.1","0.5","1","platform","targeted","70","5","95","95","50.45355035607967","70.88402456099523","70.88402456099523","fixed","1","1","50","3020","21","50","23280943","v2.0-design-v1.0","69","54.2","14.799999999999997","35.87885343428881","true","68.93800000000002","21.12","50","31","542","500","310","372","505","62","111","307","25","25250","3317","5928","14629","1376","418","20557","50.5","0","50","1000","1997","3.994","81","5.532863325311451","0","47.1","3.5585858585858587","10","700","505"
"742","BA","1000","2","0.1","50","0.1","0.5","1","platform","targeted","70","5","95","95","50.45355035607967","70.88402456099523","70.88402456099523","fixed","1","1","50","3020","22","50","23280944","v2.0-design-v1.0","73.4","57.9","15.500000000000007","35.14942280720682","true","71.85600000000001","22.502000000000002","50","26.6","579","500","266","334","505","68","132","279","26","25250","3258","6011","14586","1395","411","20597","50.5","0","50","1000","1997","3.994","76","4.729093816824553","0","36.1","3.66969696969697","10","700","505"
"743","BA","1000","2","0.1","50","0.1","0.5","1","platform","targeted","70","5","95","95","50.45355035607967","70.88402456099523","70.88402456099523","fixed","1","1","50","3020","23","50","23280945","v2.0-design-v1.0","58.900000000000006","51.300000000000004","7.600000000000001","37.524992107755445","true","63.306000000000004","16.588000000000008","50","41.099999999999994","513","500","411","484","505","73","125","273","34","25250","3566","5937","14322","1425","398","20259","50.5","0","50","1000","1997","3.994","103","5.1332557226690145","0","41","3.6202020202020204","10","700","505"
"744","BA","1000","2","0.1","50","0.1","0.5","1","platform","targeted","70","5","95","95","50.45355035607967","70.88402456099523","70.88402456099523","fixed","1","1","50","3020","24","50","23280946","v2.0-design-v1.0","67.6","53.7","13.899999999999991","36.16744387810433","true","67.96800000000002","20.429999999999996","50","32.4","537","500","324","394","505","70","110","294","31","25250","3335","5886","14652","1377","404","20538","50.5","0","50","1000","1997","3.994","67","4.964736912728862","0","39.7","3.6333333333333333","10","700","505"
"745","BA","1000","2","0.1","50","0.1","0.5","1","platform","targeted","70","5","95","95","50.45355035607967","70.88402456099523","70.88402456099523","fixed","1","1","50","3020","25","50","23280947","v2.0-design-v1.0","58.1","52.6","5.5","38.56544502617801","true","63.400000000000006","15.334000000000001","50","41.9","526","500","419","500","505","81","100","289","35","25250","3683","5867","14199","1501","389","20066","50.5","0","50","1000","1997","3.994","76","4.815719588509598","0","38.2","3.6484848484848484","10","700","505"
"746","BA","1000","2","0.1","50","0.1","0.5","1","platform","targeted","70","5","95","95","50.45355035607967","70.88402456099523","70.88402456099523","fixed","1","1","50","3020","26","50","23280948","v2.0-design-v1.0","57.7","51.4","6.300000000000004","39.20407315045719","true","61.71000000000001","14.710000000000003","50","42.3","514","500","423","504","505","81","95","297","32","25250","3773","5851","14082","1544","392","19933","50.5","0","50","1000","1997","3.994","76","4.914276560605238","0","39.5","3.6353535353535356","10","700","505"
"747","BA","1000","2","0.1","50","0.1","0.5","1","platform","targeted","70","5","95","95","50.45355035607967","70.88402456099523","70.88402456099523","fixed","1","1","50","3020","27","50","23280949","v2.0-design-v1.0","56.6","50.5","6.100000000000001","39.282409787190296","true","61.27199999999998","15.124","50","43.4","505","500","434","530","505","96","114","269","26","25250","3821","5906","14005","1518","383","19911","50.5","0","50","1000","1997","3.994","123","6.1616499356852685","0","47.2","3.5575757575757576","10","700","505"
"748","BA","1000","2","0.1","50","0.1","0.5","1","platform","targeted","70","5","95","95","50.45355035607967","70.88402456099523","70.88402456099523","fixed","1","1","50","3020","28","50","23280950","v2.0-design-v1.0","64.5","52","12.5","38.01811401172083","true","65.142","18.278000000000006","50","35.5","520","500","355","424","505","69","122","283","31","25250","3568","5817","14416","1449","405","20233","50.5","0","50","1000","1997","3.994","71","5.408439258715504","0","47.1","3.5585858585858587","10","700","505"
"750","BA","1000","2","0.1","50","0.1","0.5","1","platform","targeted","70","5","95","95","50.45355035607967","70.88402456099523","70.88402456099523","fixed","1","1","50","3020","30","50","23280952","v2.0-design-v1.0","79.2","60.5","18.700000000000003","32.83958744788238","true","75.12","24.796000000000003","50","20.8","605","500","208","243","505","35","133","326","11","25250","2993","6121","14958","1178","459","21079","50.5","0","50","1000","1997","3.994","83","5.3412070258034765","0","42.9","3.601010101010101","10","700","505"
"749","BA","1000","2","0.1","50","0.1","0.5","1","platform","targeted","70","5","95","95","50.45355035607967","70.88402456099523","70.88402456099523","fixed","1","1","50","3020","29","50","23280951","v2.0-design-v1.0","75","57.9","17.1","35.288966725043785","true","72.03799999999998","23.085999999999995","50","25","579","500","250","320","505","70","107","303","25","25250","3224","5912","14808","1306","410","20720","50.5","0","50","1000","1997","3.994","123","5.838325962983749","0","47.5","3.5545454545454547","10","700","505"
"752","BA","1000","2","0.1","50","0.1","0.5","1","platform","targeted","70","5","95","95","34.48645705923004","60.98666443208418","60.98666443208418","fixed","1","1","50","3021","2","50","23281924","v2.0-design-v1.0","42.2","45.6","-3.3999999999999986","47.79851201366021","true","48.952","10.298000000000002","50","57.8","456","500","578","674","345","96","69","131","49","17250","3919","4280","6676","2375","200","10956","34.5","0","50","1000","1997","3.994","61","5.137154305094826","0","43.7","3.592929292929293","10","700","345"
"751","BA","1000","2","0.1","50","0.1","0.5","1","platform","targeted","70","5","95","95","34.48645705923004","60.98666443208418","60.98666443208418","fixed","1","1","50","3021","1","50","23281923","v2.0-design-v1.0","41.1","45.5","-4.399999999999999","49.03437386128993","true","46.74400000000001","9.684000000000005","50","58.9","455","500","589","669","345","80","87","125","53","17250","4037","4196","6392","2625","212","10588","34.5","0","50","1000","1997","3.994","68","5.142218043452295","0","43.2","3.597979797979798","10","700","345"
"754","BA","1000","2","0.1","50","0.1","0.5","1","platform","targeted","70","5","95","95","34.48645705923004","60.98666443208418","60.98666443208418","fixed","1","1","50","3021","4","50","23281926","v2.0-design-v1.0","43.2","47.199999999999996","-3.999999999999993","49.30362116991643","true","48.232","9.310000000000002","50","56.8","472","500","568","657","345","89","84","119","53","17250","4071","4186","6430","2563","203","10616","34.5","0","50","1000","1997","3.994","63","4.853609123273259","0","40","3.6303030303030304","10","700","345"
"753","BA","1000","2","0.1","50","0.1","0.5","1","platform","targeted","70","5","95","95","34.48645705923004","60.98666443208418","60.98666443208418","fixed","1","1","50","3021","3","50","23281925","v2.0-design-v1.0","42.00000000000001","47.5","-5.499999999999993","49.98771498771499","true","47.97199999999999","8.650000000000004","50","57.99999999999999","475","500","580","668","345","88","90","122","45","17250","4069","4071","6584","2526","212","10655","34.5","0","50","1000","1997","3.994","64","4.980036622833678","0","41.9","3.611111111111111","10","700","345"
"755","BA","1000","2","0.1","50","0.1","0.5","1","platform","targeted","70","5","95","95","34.48645705923004","60.98666443208418","60.98666443208418","fixed","1","1","50","3021","5","50","23281927","v2.0-design-v1.0","38.800000000000004","47.3","-8.499999999999993","49.08890791243732","true","47.94399999999999","8.085999999999999","50","61.199999999999996","473","500","612","686","345","74","84","120","67","17250","4014","4163","6435","2638","204","10598","34.5","0","50","1000","1997","3.994","61","5.122910130795591","0","44.2","3.587878787878788","10","700","345"
"756","BA","1000","2","0.1","50","0.1","0.5","1","platform","targeted","70","5","95","95","34.48645705923004","60.98666443208418","60.98666443208418","fixed","1","1","50","3021","6","50","23281928","v2.0-design-v1.0","41.5","47.199999999999996","-5.699999999999996","49.272550921435496","true","46.724","7.834","50","58.5","472","500","585","675","345","90","80","125","50","17250","4064","4184","6434","2568","205","10618","34.5","0","50","1000","1997","3.994","107","5.538649712758567","0","44.9","3.580808080808081","10","700","345"
"757","BA","1000","2","0.1","50","0.1","0.5","1","platform","targeted","70","5","95","95","34.48645705923004","60.98666443208418","60.98666443208418","fixed","1","1","50","3021","7","50","23281929","v2.0-design-v1.0","39.900000000000006","45.7","-5.799999999999997","49.9384236453202","true","46.348","8.274","50","60.099999999999994","457","500","601","692","345","91","68","127","59","17250","4055","4065","6565","2565","195","10630","34.5","0","50","1000","1997","3.994","61","5.017483347171076","0","43.3","3.596969696969697","10","700","345"
"758","BA","1000","2","0.1","50","0.1","0.5","1","platform","targeted","70","5","95","95","34.48645705923004","60.98666443208418","60.98666443208418","fixed","1","1","50","3021","8","50","23281930","v2.0-design-v1.0","43.99999999999999","48.1","-4.1000000000000085","49.22604422604422","true","47.65800000000001","7.700000000000002","50","56.00000000000001","481","500","560","647","345","87","75","138","45","17250","4007","4133","6505","2605","213","10638","34.5","0","50","1000","1997","3.994","68","5.299060675633365","0","45.5","3.5747474747474746","10","700","345"
"759","BA","1000","2","0.1","50","0.1","0.5","1","platform","targeted","70","5","95","95","34.48645705923004","60.98666443208418","60.98666443208418","fixed","1","1","50","3021","9","50","23281931","v2.0-design-v1.0","42.1","45.800000000000004","-3.700000000000003","50.1728041949708","true","46.176","7.748000000000001","50","57.9","458","500","579","661","345","82","78","129","56","17250","4210","4181","6255","2604","207","10436","34.5","0","50","1000","1997","3.994","82","5.219502582354673","0","43","3.6","10","700","345"
"760","BA","1000","2","0.1","50","0.1","0.5","1","platform","targeted","70","5","95","95","34.48645705923004","60.98666443208418","60.98666443208418","fixed","1","1","50","3021","10","50","23281932","v2.0-design-v1.0","39.6","44.4","-4.799999999999997","49.65273546972097","true","46.276","9.363999999999997","50","60.4","444","500","604","692","345","88","80","121","56","17250","4075","4132","6455","2588","201","10587","34.5","0","50","1000","1997","3.994","53","4.5303960630929865","0","37.4","3.6565656565656566","10","700","345"
"761","BA","1000","2","0.1","50","0.1","0.5","1","platform","targeted","70","5","95","95","34.48645705923004","60.98666443208418","60.98666443208418","fixed","1","1","50","3021","11","50","23281933","v2.0-design-v1.0","42.50000000000001","47.5","-4.999999999999993","48.81556683587141","true","48.653999999999996","9.337999999999997","50","57.49999999999999","475","500","575","645","345","70","91","133","51","17250","4039","4235","6512","2464","224","10747","34.5","0","50","1000","1997","3.994","75","5.161647663935082","0","43.7","3.592929292929293","10","700","345"
"762","BA","1000","2","0.1","50","0.1","0.5","1","platform","targeted","70","5","95","95","34.48645705923004","60.98666443208418","60.98666443208418","fixed","1","1","50","3021","12","50","23281934","v2.0-design-v1.0","42.2","46.300000000000004","-4.100000000000001","48.497749665490815","true","49.622","11.618","50","57.8","463","500","578","660","345","82","86","118","59","17250","3987","4234","6633","2396","204","10867","34.5","0","50","1000","1997","3.994","104","5.3229971161271745","0","42.2","3.608080808080808","10","700","345"
"764","BA","1000","2","0.1","50","0.1","0.5","1","platform","targeted","70","5","95","95","34.48645705923004","60.98666443208418","60.98666443208418","fixed","1","1","50","3021","14","50","23281936","v2.0-design-v1.0","41.6","46.5","-4.899999999999999","48.215604233325124","true","48.68599999999998","10.362000000000002","50","58.4","465","500","584","669","345","85","77","129","54","17250","3918","4208","6625","2499","206","10833","34.5","0","50","1000","1997","3.994","159","6.593742597451144","0","48.2","3.5474747474747477","10","700","345"
"763","BA","1000","2","0.1","50","0.1","0.5","1","platform","targeted","70","5","95","95","34.48645705923004","60.98666443208418","60.98666443208418","fixed","1","1","50","3021","13","50","23281935","v2.0-design-v1.0","42.800000000000004","47.099999999999994","-4.29999999999999","48.071759824261655","true","48.44799999999999","9.906000000000004","50","57.199999999999996","471","500","572","646","345","74","97","127","47","17250","3939","4255","6517","2539","224","10772","34.5","0","50","1000","1997","3.994","123","5.777312640089789","0","46.4","3.5656565656565657","10","700","345"
"765","BA","1000","2","0.1","50","0.1","0.5","1","platform","targeted","70","5","95","95","34.48645705923004","60.98666443208418","60.98666443208418","fixed","1","1","50","3021","15","50","23281937","v2.0-design-v1.0","39.1","46.6","-7.5","50.58809115412889","true","46.106","7.996000000000001","50","60.9","466","500","609","698","345","89","77","123","56","17250","4129","4033","6386","2702","200","10419","34.5","0","50","1000","1997","3.994","72","5.15369037918698","0","42.8","3.602020202020202","10","700","345"
"766","BA","1000","2","0.1","50","0.1","0.5","1","platform","targeted","70","5","95","95","34.48645705923004","60.98666443208418","60.98666443208418","fixed","1","1","50","3021","16","50","23281938","v2.0-design-v1.0","40.1","48.3","-8.199999999999996","51.245245982088086","true","46.371999999999986","7.835999999999999","50","59.9","483","500","599","685","345","86","80","120","59","17250","4177","3974","6300","2799","200","10274","34.5","0","50","1000","1997","3.994","77","5.111760371348991","0","40.5","3.625252525252525","10","700","345"
"767","BA","1000","2","0.1","50","0.1","0.5","1","platform","targeted","70","5","95","95","34.48645705923004","60.98666443208418","60.98666443208418","fixed","1","1","50","3021","17","50","23281939","v2.0-design-v1.0","42.7","47.199999999999996","-4.499999999999993","47.00455160536352","true","49.86800000000001","11.218000000000004","50","57.3","472","500","573","644","345","71","81","142","51","17250","3821","4308","6658","2463","223","10966","34.5","0","50","1000","1997","3.994","126","5.833351694522802","0","46.5","3.5646464646464646","10","700","345"
"768","BA","1000","2","0.1","50","0.1","0.5","1","platform","targeted","70","5","95","95","34.48645705923004","60.98666443208418","60.98666443208418","fixed","1","1","50","3021","18","50","23281940","v2.0-design-v1.0","41.300000000000004","46.2","-4.899999999999999","49.07259550423781","true","48.656000000000006","9.982000000000001","50","58.699999999999996","462","500","587","677","345","90","82","122","51","17250","3995","4146","6659","2450","204","10805","34.5","0","50","1000","1997","3.994","82","5.470456095234639","0","44.7","3.5828282828282827","10","700","345"
"769","BA","1000","2","0.1","50","0.1","0.5","1","platform","targeted","70","5","95","95","34.48645705923004","60.98666443208418","60.98666443208418","fixed","1","1","50","3021","19","50","23281941","v2.0-design-v1.0","41.900000000000006","47.3","-5.3999999999999915","47.12924505252871","true","49.32200000000001","9.066","50","58.099999999999994","473","500","581","664","345","83","78","131","53","17250","3858","4328","6674","2390","209","11002","34.5","0","50","1000","1997","3.994","102","5.460016096659029","0","43.9","3.590909090909091","10","700","345"
"770","BA","1000","2","0.1","50","0.1","0.5","1","platform","targeted","70","5","95","95","34.48645705923004","60.98666443208418","60.98666443208418","fixed","1","1","50","3021","20","50","23281942","v2.0-design-v1.0","40.800000000000004","45.9","-5.099999999999994","49.27290353853611","true","47.934000000000005","9.860000000000005","50","59.199999999999996","459","500","592","687","345","95","82","106","62","17250","4066","4186","6486","2512","188","10672","34.5","0","50","1000","1997","3.994","61","4.93926718859795","0","41.5","3.6151515151515152","10","700","345"
"771","BA","1000","2","0.1","50","0.1","0.5","1","platform","targeted","70","5","95","95","34.48645705923004","60.98666443208418","60.98666443208418","fixed","1","1","50","3021","21","50","23281943","v2.0-design-v1.0","40.6","45.6","-5","49.451873268280934","true","46.69399999999999","9.076","50","59.4","456","500","594","673","345","79","85","136","45","17250","4105","4196","6277","2672","221","10473","34.5","0","50","1000","1997","3.994","104","5.58848773776906","0","47.3","3.5565656565656565","10","700","345"
"772","BA","1000","2","0.1","50","0.1","0.5","1","platform","targeted","70","5","95","95","34.48645705923004","60.98666443208418","60.98666443208418","fixed","1","1","50","3021","22","50","23281944","v2.0-design-v1.0","43.99999999999999","46.300000000000004","-2.3000000000000114","49.45162076529368","true","47.641999999999996","9.196000000000003","50","56.00000000000001","463","500","560","644","345","84","75","138","48","17250","4058","4148","6535","2509","213","10683","34.5","0","50","1000","1997","3.994","78","5.316787773856705","0","45.8","3.5717171717171716","10","700","345"
"773","BA","1000","2","0.1","50","0.1","0.5","1","platform","targeted","70","5","95","95","34.48645705923004","60.98666443208418","60.98666443208418","fixed","1","1","50","3021","23","50","23281945","v2.0-design-v1.0","43.00000000000001","47.199999999999996","-4.199999999999989","46.37116415002435","true","49.88999999999998","10.223999999999993","50","56.99999999999999","472","500","570","649","345","79","82","132","52","17250","3808","4404","6641","2397","214","11045","34.5","0","50","1000","1997","3.994","77","5.117044864777723","0","42.5","3.605050505050505","10","700","345"
"774","BA","1000","2","0.1","50","0.1","0.5","1","platform","targeted","70","5","95","95","34.48645705923004","60.98666443208418","60.98666443208418","fixed","1","1","50","3021","24","50","23281946","v2.0-design-v1.0","39.4","42.699999999999996","-3.299999999999997","50.922193721754006","true","45.80000000000002","10.408","50","60.6","427","500","606","692","345","86","76","128","55","17250","4169","4018","6341","2722","204","10359","34.5","0","50","1000","1997","3.994","76","5.058611820801581","0","42.9","3.601010101010101","10","700","345"
"776","BA","1000","2","0.1","50","0.1","0.5","1","platform","targeted","70","5","95","95","34.48645705923004","60.98666443208418","60.98666443208418","fixed","1","1","50","3021","26","50","23281948","v2.0-design-v1.0","44.9","47.199999999999996","-2.299999999999997","47.99507995079951","true","50.348","11.760000000000005","50","55.1","472","500","551","632","345","81","72","139","53","17250","3902","4228","6718","2402","211","10946","34.5","0","50","1000","1997","3.994","110","5.680337158147406","0","44.7","3.5828282828282827","10","700","345"
"775","BA","1000","2","0.1","50","0.1","0.5","1","platform","targeted","70","5","95","95","34.48645705923004","60.98666443208418","60.98666443208418","fixed","1","1","50","3021","25","50","23281947","v2.0-design-v1.0","43.10000000000001","47.9","-4.79999999999999","49.50864535389974","true","48.385999999999996","9.104000000000006","50","56.89999999999999","479","500","569","661","345","92","87","121","45","17250","3980","4059","6646","2565","208","10705","34.5","0","50","1000","1997","3.994","54","5.110193546048719","0","45.4","3.5757575757575757","10","700","345"
"777","BA","1000","2","0.1","50","0.1","0.5","1","platform","targeted","70","5","95","95","34.48645705923004","60.98666443208418","60.98666443208418","fixed","1","1","50","3021","27","50","23281949","v2.0-design-v1.0","39.900000000000006","46.400000000000006","-6.5","49.488553336580615","true","46.321999999999996","8.190000000000003","50","60.099999999999994","464","500","601","685","345","84","75","125","61","17250","4064","4148","6415","2623","200","10563","34.5","0","50","1000","1997","3.994","101","5.454329813433875","0","45.5","3.5747474747474746","10","700","345"
"778","BA","1000","2","0.1","50","0.1","0.5","1","platform","targeted","70","5","95","95","34.48645705923004","60.98666443208418","60.98666443208418","fixed","1","1","50","3021","28","50","23281950","v2.0-design-v1.0","41.1","44.7","-3.6000000000000014","48.76415438938268","true","48.15","10.729999999999993","50","58.9","447","500","589","667","345","78","87","129","51","17250","4005","4208","6541","2496","216","10749","34.5","0","50","1000","1997","3.994","102","5.544249516634565","0","45.2","3.577777777777778","10","700","345"
"779","BA","1000","2","0.1","50","0.1","0.5","1","platform","targeted","70","5","95","95","34.48645705923004","60.98666443208418","60.98666443208418","fixed","1","1","50","3021","29","50","23281951","v2.0-design-v1.0","42.00000000000001","44.6","-2.5999999999999943","50.537240537240535","true","46.346000000000004","9.684000000000003","50","57.99999999999999","446","500","580","667","345","87","92","113","53","17250","4139","4051","6389","2671","205","10440","34.5","0","50","1000","1997","3.994","83","5.118609592864461","0","41","3.6202020202020204","10","700","345"
"780","BA","1000","2","0.1","50","0.1","0.5","1","platform","targeted","70","5","95","95","34.48645705923004","60.98666443208418","60.98666443208418","fixed","1","1","50","3021","30","50","23281952","v2.0-design-v1.0","42.00000000000001","48.1","-6.099999999999994","48.56689840224418","true","48.69799999999999","8.207999999999997","50","57.99999999999999","481","500","580","665","345","85","79","121","60","17250","3982","4217","6532","2519","200","10749","34.5","0","50","1000","1997","3.994","43","4.418992135260185","0","33.5","3.695959595959596","10","700","345"
"781","BA","1000","2","0.1","50","0.1","0.5","1","platform","targeted","70","5","95","95","68.01550262342212","82.26230445333587","82.26230445333587","fixed","1","1","50","3022","1","50","23282923","v2.0-design-v1.0","100","97.6","2.4000000000000057","12.5","true","98.368","20.349999999999998","50","0","976","500","0","0","680","0","120","560","0","34000","824","5768","27241","167","680","33009","68","0","50","1000","1997","3.994","79","5.490547341578072","0","47","3.5595959595959594","10","700","680"
"782","BA","1000","2","0.1","50","0.1","0.5","1","platform","targeted","70","5","95","95","68.01550262342212","82.26230445333587","82.26230445333587","fixed","1","1","50","3022","2","50","23282924","v2.0-design-v1.0","100","99","1","10.913207547169812","true","98.538","18.714000000000002","50","0","990","500","0","0","680","0","120","560","0","34000","723","5902","27225","150","680","33127","68","0","50","1000","1997","3.994","80","5.45194347803493","0","46.9","3.5606060606060606","10","700","680"
"783","BA","1000","2","0.1","50","0.1","0.5","1","platform","targeted","70","5","95","95","68.01550262342212","82.26230445333587","82.26230445333587","fixed","1","1","50","3022","3","50","23282925","v2.0-design-v1.0","100","96.89999999999999","3.1000000000000085","12.864186463469295","true","98.11399999999999","20.286","50","0","969","500","0","0","680","0","113","567","0","34000","861","5832","27094","213","680","32926","68","0","50","1000","1997","3.994","104","5.247237129909167","0","39.2","3.6383838383838385","10","700","680"
"784","BA","1000","2","0.1","50","0.1","0.5","1","platform","targeted","70","5","95","95","68.01550262342212","82.26230445333587","82.26230445333587","fixed","1","1","50","3022","4","50","23282926","v2.0-design-v1.0","100","98.1","1.9000000000000057","12.553727582629318","true","98.456","19.59","50","0","981","500","0","0","680","0","118","562","0","34000","847","5900","27081","172","680","32981","68","0","50","1000","1997","3.994","61","4.678445452482244","0","37","3.6606060606060606","10","700","680"
"785","BA","1000","2","0.1","50","0.1","0.5","1","platform","targeted","70","5","95","95","68.01550262342212","82.26230445333587","82.26230445333587","fixed","1","1","50","3022","5","50","23282927","v2.0-design-v1.0","100","97.5","2.5","12.414307004470938","true","98.182","20.666000000000004","50","0","975","500","0","0","680","0","121","559","0","34000","833","5877","27089","201","680","32966","68","0","50","1000","1997","3.994","57","4.752952193590258","0","39","3.6404040404040403","10","700","680"
"786","BA","1000","2","0.1","50","0.1","0.5","1","platform","targeted","70","5","95","95","68.01550262342212","82.26230445333587","82.26230445333587","fixed","1","1","50","3022","6","50","23282928","v2.0-design-v1.0","100","97.5","2.5","12.25710014947683","true","98.36200000000001","19.168","50","0","975","500","0","0","680","0","123","557","0","34000","820","5870","27129","181","680","32999","68","0","50","1000","1997","3.994","98","5.932888264847355","0","50","3.529292929292929","10","700","680"
"787","BA","1000","2","0.1","50","0.1","0.5","1","platform","targeted","70","5","95","95","68.01550262342212","82.26230445333587","82.26230445333587","fixed","1","1","50","3022","7","50","23282929","v2.0-design-v1.0","100","98.6","1.4000000000000057","11.659807956104252","true","98.556","18.758000000000003","50","0","986","500","0","0","680","0","124","556","0","34000","765","5796","27276","163","680","33072","68","0","50","1000","1997","3.994","83","5.436867068774389","0","44.5","3.584848484848485","10","700","680"
"788","BA","1000","2","0.1","50","0.1","0.5","1","platform","targeted","70","5","95","95","68.01550262342212","82.26230445333587","82.26230445333587","fixed","1","1","50","3022","8","50","23282930","v2.0-design-v1.0","100","96.7","3.299999999999997","12.774480712166172","true","98.16799999999999","20.554000000000002","50","0","967","500","0","0","680","0","107","573","0","34000","861","5879","27070","190","680","32949","68","0","50","1000","1997","3.994","95","5.573780676617167","0","47.6","3.5535353535353535","10","700","680"
"789","BA","1000","2","0.1","50","0.1","0.5","1","platform","targeted","70","5","95","95","68.01550262342212","82.26230445333587","82.26230445333587","fixed","1","1","50","3022","9","50","23282931","v2.0-design-v1.0","100","97.3","2.700000000000003","12.965168204822863","true","98.37200000000001","20.150000000000006","50","0","973","500","0","0","680","0","133","547","0","34000","871","5847","27077","205","680","32924","68","0","50","1000","1997","3.994","99","5.681218200372188","0","49","3.5393939393939395","10","700","680"
"790","BA","1000","2","0.1","50","0.1","0.5","1","platform","targeted","70","5","95","95","68.01550262342212","82.26230445333587","82.26230445333587","fixed","1","1","50","3022","10","50","23282932","v2.0-design-v1.0","100","98.6","1.4000000000000057","11.241007194244604","true","98.53600000000002","20.314000000000004","50","0","986","500","0","0","680","0","129","551","0","34000","750","5922","27166","162","680","33088","68","0","50","1000","1997","3.994","77","5.263997879337869","0","45.2","3.577777777777778","10","700","680"
"791","BA","1000","2","0.1","50","0.1","0.5","1","platform","targeted","70","5","95","95","68.01550262342212","82.26230445333587","82.26230445333587","fixed","1","1","50","3022","11","50","23282933","v2.0-design-v1.0","100","97.89999999999999","2.1000000000000085","12.056421677802524","true","98.178","20.174","50","0","979","500","0","0","680","0","127","553","0","34000","812","5923","27061","204","680","32984","68","0","50","1000","1997","3.994","91","5.2275511753871164","0","42.3","3.607070707070707","10","700","680"
"792","BA","1000","2","0.1","50","0.1","0.5","1","platform","targeted","70","5","95","95","68.01550262342212","82.26230445333587","82.26230445333587","fixed","1","1","50","3022","12","50","23282934","v2.0-design-v1.0","100","98","2","11.908306043465316","true","98.416","19.626000000000005","50","0","980","500","0","0","680","0","117","563","0","34000","800","5918","27105","177","680","33023","68","0","50","1000","1997","3.994","57","4.761999647274295","0","37.3","3.6575757575757577","10","700","680"
"793","BA","1000","2","0.1","50","0.1","0.5","1","platform","targeted","70","5","95","95","68.01550262342212","82.26230445333587","82.26230445333587","fixed","1","1","50","3022","13","50","23282935","v2.0-design-v1.0","100","97.3","2.700000000000003","13.503222026947862","true","98.25","20.225999999999992","50","0","973","500","0","0","680","0","132","548","0","34000","922","5906","26982","190","680","32888","68","0","50","1000","1997","3.994","130","5.747956419720223","0","43.4","3.595959595959596","10","700","680"
"794","BA","1000","2","0.1","50","0.1","0.5","1","platform","targeted","70","5","95","95","68.01550262342212","82.26230445333587","82.26230445333587","fixed","1","1","50","3022","14","50","23282936","v2.0-design-v1.0","100","98.3","1.7000000000000028","11.311944569965355","true","98.51799999999999","21.185999999999993","50","0","983","500","0","0","680","0","122","558","0","34000","751","5888","27198","163","680","33086","68","0","50","1000","1997","3.994","77","5.0718524907264","0","40.8","3.6222222222222222","10","700","680"
"795","BA","1000","2","0.1","50","0.1","0.5","1","platform","targeted","70","5","95","95","68.01550262342212","82.26230445333587","82.26230445333587","fixed","1","1","50","3022","15","50","23282937","v2.0-design-v1.0","100","98.1","1.9000000000000057","11.758506473953629","true","98.272","20.304000000000002","50","0","981","500","0","0","680","0","121","559","0","34000","781","5861","27199","159","680","33060","68","0","50","1000","1997","3.994","77","5.378558625960377","0","47.3","3.5565656565656565","10","700","680"
"796","BA","1000","2","0.1","50","0.1","0.5","1","platform","targeted","70","5","95","95","68.01550262342212","82.26230445333587","82.26230445333587","fixed","1","1","50","3022","16","50","23282938","v2.0-design-v1.0","100","98.5","1.5","13.716613852421911","true","98.17400000000002","20.086000000000002","50","0","985","500","0","0","680","0","113","567","0","34000","909","5718","27175","198","680","32893","68","0","50","1000","1997","3.994","64","4.753794543579106","0","38.4","3.6464646464646466","10","700","680"
"797","BA","1000","2","0.1","50","0.1","0.5","1","platform","targeted","70","5","95","95","68.01550262342212","82.26230445333587","82.26230445333587","fixed","1","1","50","3022","17","50","23282939","v2.0-design-v1.0","100","98.2","1.7999999999999972","11.648023862788962","true","98.37200000000001","19.176","50","0","982","500","0","0","680","0","129","551","0","34000","781","5924","27115","180","680","33039","68","0","50","1000","1997","3.994","91","5.42193336009963","0","46.3","3.566666666666667","10","700","680"
"798","BA","1000","2","0.1","50","0.1","0.5","1","platform","targeted","70","5","95","95","68.01550262342212","82.26230445333587","82.26230445333587","fixed","1","1","50","3022","18","50","23282940","v2.0-design-v1.0","100","97","3","12.186004784688995","true","98.258","20.568","50","0","970","500","0","0","680","0","131","549","0","34000","815","5873","27132","180","680","33005","68","0","50","1000","1997","3.994","66","5.072641885220723","0","44.1","3.588888888888889","10","700","680"
"799","BA","1000","2","0.1","50","0.1","0.5","1","platform","targeted","70","5","95","95","68.01550262342212","82.26230445333587","82.26230445333587","fixed","1","1","50","3022","19","50","23282941","v2.0-design-v1.0","100","97.39999999999999","2.6000000000000085","12.338746395507664","true","98.19400000000002","21.098","50","0","974","500","0","0","680","0","117","563","0","34000","813","5776","27224","187","680","33000","68","0","50","1000","1997","3.994","110","5.917176436187896","0","48.3","3.5464646464646465","10","700","680"
"800","BA","1000","2","0.1","50","0.1","0.5","1","platform","targeted","70","5","95","95","68.01550262342212","82.26230445333587","82.26230445333587","fixed","1","1","50","3022","20","50","23282942","v2.0-design-v1.0","100","98.1","1.9000000000000057","11.980033277870216","true","98.35600000000001","19.011999999999997","50","0","981","500","0","0","680","0","109","571","0","34000","792","5819","27218","171","680","33037","68","0","50","1000","1997","3.994","96","5.298116083480423","0","40.7","3.6232323232323234","10","700","680"
"801","BA","1000","2","0.1","50","0.1","0.5","1","platform","targeted","70","5","95","95","68.01550262342212","82.26230445333587","82.26230445333587","fixed","1","1","50","3022","21","50","23282943","v2.0-design-v1.0","100","97.1","2.9000000000000057","11.61631419939577","true","98.59800000000001","20.57","50","0","971","500","0","0","680","0","122","558","0","34000","769","5851","27226","154","680","33077","68","0","50","1000","1997","3.994","77","5.279757555024639","0","45.2","3.577777777777778","10","700","680"
"802","BA","1000","2","0.1","50","0.1","0.5","1","platform","targeted","70","5","95","95","68.01550262342212","82.26230445333587","82.26230445333587","fixed","1","1","50","3022","22","50","23282944","v2.0-design-v1.0","100","97.89999999999999","2.1000000000000085","12.051476154428462","true","98.434","20.106000000000005","50","0","979","500","0","0","680","0","121","559","0","34000","796","5809","27234","161","680","33043","68","0","50","1000","1997","3.994","64","5.013691364763193","0","42.7","3.603030303030303","10","700","680"
"803","BA","1000","2","0.1","50","0.1","0.5","1","platform","targeted","70","5","95","95","68.01550262342212","82.26230445333587","82.26230445333587","fixed","1","1","50","3022","23","50","23282945","v2.0-design-v1.0","100","97.1","2.9000000000000057","11.68596781470898","true","98.25","20.972","50","0","971","500","0","0","680","0","134","546","0","34000","777","5872","27182","169","680","33054","68","0","50","1000","1997","3.994","74","5.138712909899739","0","43","3.6","10","700","680"
"804","BA","1000","2","0.1","50","0.1","0.5","1","platform","targeted","70","5","95","95","68.01550262342212","82.26230445333587","82.26230445333587","fixed","1","1","50","3022","24","50","23282946","v2.0-design-v1.0","100","98.6","1.4000000000000057","11.99342006879019","true","98.412","19.174","50","0","986","500","0","0","680","0","127","553","0","34000","802","5885","27115","198","680","33000","68","0","50","1000","1997","3.994","73","5.12466840158719","0","40.6","3.624242424242424","10","700","680"
"805","BA","1000","2","0.1","50","0.1","0.5","1","platform","targeted","70","5","95","95","68.01550262342212","82.26230445333587","82.26230445333587","fixed","1","1","50","3022","25","50","23282947","v2.0-design-v1.0","100","97.89999999999999","2.1000000000000085","12.42904093217807","true","98.24799999999999","19.62","50","0","979","500","0","0","680","0","137","543","0","34000","832","5862","27122","184","680","32984","68","0","50","1000","1997","3.994","67","5.040771109004383","0","41.5","3.6151515151515152","10","700","680"
"806","BA","1000","2","0.1","50","0.1","0.5","1","platform","targeted","70","5","95","95","68.01550262342212","82.26230445333587","82.26230445333587","fixed","1","1","50","3022","26","50","23282948","v2.0-design-v1.0","100","97.7","2.299999999999997","12.222385644947787","true","98.48400000000001","19.426","50","0","977","500","0","0","680","0","123","557","0","34000","831","5968","27033","168","680","33001","68","0","50","1000","1997","3.994","86","6.1434278465451255","0","53.1","3.497979797979798","10","700","680"
"807","BA","1000","2","0.1","50","0.1","0.5","1","platform","targeted","70","5","95","95","68.01550262342212","82.26230445333587","82.26230445333587","fixed","1","1","50","3022","27","50","23282949","v2.0-design-v1.0","100","96.6","3.4000000000000057","12.022353118864219","true","98.43799999999999","20.320000000000004","50","0","966","500","0","0","680","0","118","562","0","34000","796","5825","27222","157","680","33047","68","0","50","1000","1997","3.994","81","5.141634020464734","0","42.5","3.605050505050505","10","700","680"
"808","BA","1000","2","0.1","50","0.1","0.5","1","platform","targeted","70","5","95","95","68.01550262342212","82.26230445333587","82.26230445333587","fixed","1","1","50","3022","28","50","23282950","v2.0-design-v1.0","100","96.89999999999999","3.1000000000000085","11.876876876876876","true","98.20400000000004","19.863999999999994","50","0","969","500","0","0","680","0","121","559","0","34000","791","5869","27164","176","680","33033","68","0","50","1000","1997","3.994","55","4.953433203395437","0","42.8","3.602020202020202","10","700","680"
"809","BA","1000","2","0.1","50","0.1","0.5","1","platform","targeted","70","5","95","95","68.01550262342212","82.26230445333587","82.26230445333587","fixed","1","1","50","3022","29","50","23282951","v2.0-design-v1.0","100","98.2","1.7999999999999972","12.501871537655337","true","98.21400000000001","20.181999999999995","50","0","982","500","0","0","680","0","139","541","0","34000","835","5844","27132","189","680","32976","68","0","50","1000","1997","3.994","66","4.609252565135601","0","37.3","3.6575757575757577","10","700","680"
"810","BA","1000","2","0.1","50","0.1","0.5","1","platform","targeted","70","5","95","95","68.01550262342212","82.26230445333587","82.26230445333587","fixed","1","1","50","3022","30","50","23282952","v2.0-design-v1.0","100","97.89999999999999","2.1000000000000085","11.311744515743918","true","98.512","20.328","50","0","979","500","0","0","680","0","124","556","0","34000","758","5943","27129","170","680","33072","68","0","50","1000","1997","3.994","74","5.226402135243634","0","43.6","3.5939393939393938","10","700","680"
"811","BA","1000","2","0.1","50","0.1","0.5","1","platform","targeted","70","5","95","95","17.526258589979893","95.6276634326387","95.6276634326387","fixed","1","1","50","3023","1","50","23283923","v2.0-design-v1.0","31.200000000000003","12.7","18.500000000000004","94.09771251059023","true","36.772000000000006","29.022000000000002","50","68.8","127","500","688","744","175","56","3","112","4","8750","3332","209","5049","160","115","5258","17.5","0","50","1000","1997","3.994","106","5.724922596746499","0","45.4","3.5757575757575757","10","700","175"
"812","BA","1000","2","0.1","50","0.1","0.5","1","platform","targeted","70","5","95","95","17.526258589979893","95.6276634326387","95.6276634326387","fixed","1","1","50","3023","2","50","23283924","v2.0-design-v1.0","30.400000000000006","12","18.400000000000006","94.43388541949498","true","36.146","28.469999999999985","50","69.6","120","500","696","769","175","73","6","92","4","8750","3478","205","4895","172","98","5100","17.5","0","50","1000","1997","3.994","47","4.646025134407847","0","37.8","3.6525252525252525","10","700","175"
"813","BA","1000","2","0.1","50","0.1","0.5","1","platform","targeted","70","5","95","95","17.526258589979893","95.6276634326387","95.6276634326387","fixed","1","1","50","3023","3","50","23283925","v2.0-design-v1.0","29.80000000000001","13.3","16.50000000000001","93.41709915323682","true","36.364","27.948","50","70.19999999999999","133","500","702","781","175","79","3","91","2","8750","3420","241","4943","146","94","5184","17.5","0","50","1000","1997","3.994","61","4.807606169090499","0","39.9","3.6313131313131315","10","700","175"
"814","BA","1000","2","0.1","50","0.1","0.5","1","platform","targeted","70","5","95","95","17.526258589979893","95.6276634326387","95.6276634326387","fixed","1","1","50","3023","4","50","23283926","v2.0-design-v1.0","30.200000000000003","13","17.200000000000003","93.40565229803026","true","36.9","29.224000000000014","50","69.8","130","500","698","774","175","76","5","91","3","8750","3272","231","5103","144","96","5334","17.5","0","50","1000","1997","3.994","104","5.337457489521801","0","42.7","3.603030303030303","10","700","175"
"815","BA","1000","2","0.1","50","0.1","0.5","1","platform","targeted","70","5","95","95","17.526258589979893","95.6276634326387","95.6276634326387","fixed","1","1","50","3023","5","50","23283927","v2.0-design-v1.0","30.5","14.099999999999998","16.400000000000002","93.64861149298873","true","37.244","29.035999999999994","50","69.5","141","500","695","761","175","66","7","96","6","8750","3406","231","4951","162","103","5182","17.5","0","50","1000","1997","3.994","75","5.281274075055727","0","44","3.5898989898989897","10","700","175"
"816","BA","1000","2","0.1","50","0.1","0.5","1","platform","targeted","70","5","95","95","17.526258589979893","95.6276634326387","95.6276634326387","fixed","1","1","50","3023","6","50","23283928","v2.0-design-v1.0","30.400000000000006","12.2","18.200000000000006","94.19517666853618","true","36.221999999999994","29.098000000000003","50","69.6","122","500","696","769","175","73","6","92","4","8750","3359","207","5039","145","98","5246","17.5","0","50","1000","1997","3.994","64","4.761579216671351","0","38.3","3.6474747474747473","10","700","175"
"817","BA","1000","2","0.1","50","0.1","0.5","1","platform","targeted","70","5","95","95","17.526258589979893","95.6276634326387","95.6276634326387","fixed","1","1","50","3023","7","50","23283929","v2.0-design-v1.0","29.200000000000003","12.2","17.000000000000004","94.06562054208274","true","35.257999999999996","27.963999999999995","50","70.8","122","500","708","779","175","71","4","99","1","8750","3297","208","5079","166","103","5287","17.5","0","50","1000","1997","3.994","69","5.137544000625033","0","44.4","3.585858585858586","10","700","175"
"818","BA","1000","2","0.1","50","0.1","0.5","1","platform","targeted","70","5","95","95","17.526258589979893","95.6276634326387","95.6276634326387","fixed","1","1","50","3023","8","50","23283930","v2.0-design-v1.0","32.099999999999994","13.100000000000001","18.999999999999993","93.62443075274578","true","37.447999999999986","28.913999999999998","50","67.9","131","500","679","745","175","66","5","101","3","8750","3495","238","4886","131","106","5124","17.5","0","50","1000","1997","3.994","92","5.318293734671693","0","43.9","3.590909090909091","10","700","175"
"819","BA","1000","2","0.1","50","0.1","0.5","1","platform","targeted","70","5","95","95","17.526258589979893","95.6276634326387","95.6276634326387","fixed","1","1","50","3023","9","50","23283931","v2.0-design-v1.0","28.5","12.2","16.3","94.0363242071022","true","34.668","27.217999999999996","50","71.5","122","500","715","793","175","78","5","89","3","8750","3469","220","4909","152","94","5129","17.5","0","50","1000","1997","3.994","98","5.0972488605075865","0","40.8","3.6222222222222222","10","700","175"
"820","BA","1000","2","0.1","50","0.1","0.5","1","platform","targeted","70","5","95","95","17.526258589979893","95.6276634326387","95.6276634326387","fixed","1","1","50","3023","10","50","23283932","v2.0-design-v1.0","29.700000000000003","14.099999999999998","15.600000000000005","93.60669004585918","true","35.949999999999996","27.281999999999996","50","70.3","141","500","703","788","175","85","4","83","3","8750","3470","237","4868","175","87","5105","17.5","0","50","1000","1997","3.994","80","5.186218358386072","0","43.2","3.597979797979798","10","700","175"
"821","BA","1000","2","0.1","50","0.1","0.5","1","platform","targeted","70","5","95","95","17.526258589979893","95.6276634326387","95.6276634326387","fixed","1","1","50","3023","11","50","23283933","v2.0-design-v1.0","29.900000000000006","13","16.900000000000006","93.83235211662462","true","36.55400000000001","28.352000000000004","50","70.1","130","500","701","764","175","63","3","105","4","8750","3347","220","5031","152","108","5251","17.5","0","50","1000","1997","3.994","76","5.298116083480419","0","44.2","3.587878787878788","10","700","175"
"822","BA","1000","2","0.1","50","0.1","0.5","1","platform","targeted","70","5","95","95","17.526258589979893","95.6276634326387","95.6276634326387","fixed","1","1","50","3023","12","50","23283934","v2.0-design-v1.0","29.900000000000006","12.9","17.000000000000007","93.98454746136865","true","35.31799999999999","27.67400000000001","50","70.1","129","500","701","773","175","72","2","98","3","8750","3406","218","4969","157","100","5187","17.5","0","50","1000","1997","3.994","71","5.1577675952456845","0","42.5","3.605050505050505","10","700","175"
"823","BA","1000","2","0.1","50","0.1","0.5","1","platform","targeted","70","5","95","95","17.526258589979893","95.6276634326387","95.6276634326387","fixed","1","1","50","3023","13","50","23283935","v2.0-design-v1.0","32.5","12.9","19.6","93.43419925777906","true","38.292","30.269999999999996","50","67.5","129","500","675","736","175","61","2","109","3","8750","3273","230","5101","146","111","5331","17.5","0","50","1000","1997","3.994","85","5.16513723366984","0","42.9","3.601010101010101","10","700","175"
"824","BA","1000","2","0.1","50","0.1","0.5","1","platform","targeted","70","5","95","95","17.526258589979893","95.6276634326387","95.6276634326387","fixed","1","1","50","3023","14","50","23283936","v2.0-design-v1.0","31.299999999999997","13.700000000000001","17.599999999999994","93.1289040318001","true","37.408","28.699999999999992","50","68.7","137","500","687","764","175","77","4","92","2","8750","3280","242","5065","163","96","5307","17.5","0","50","1000","1997","3.994","92","5.723523628213884","0","47.2","3.5575757575757576","10","700","175"
"825","BA","1000","2","0.1","50","0.1","0.5","1","platform","targeted","70","5","95","95","17.526258589979893","95.6276634326387","95.6276634326387","fixed","1","1","50","3023","15","50","23283937","v2.0-design-v1.0","31.5","12.4","19.1","93.51545253863135","true","37.274","29.756","50","68.5","124","500","685","761","175","76","5","89","5","8750","3389","235","4967","159","94","5202","17.5","0","50","1000","1997","3.994","74","4.997693562128517","0","40.8","3.6222222222222222","10","700","175"
"826","BA","1000","2","0.1","50","0.1","0.5","1","platform","targeted","70","5","95","95","17.526258589979893","95.6276634326387","95.6276634326387","fixed","1","1","50","3023","16","50","23283938","v2.0-design-v1.0","28.5","11.799999999999999","16.700000000000003","93.70748299319727","true","35.75200000000001","28.506","50","71.5","118","500","715","781","175","66","1","103","5","8750","3306","222","5075","147","104","5297","17.5","0","50","1000","1997","3.994","94","5.806520445127155","0","49.3","3.536363636363636","10","700","175"
"827","BA","1000","2","0.1","50","0.1","0.5","1","platform","targeted","70","5","95","95","17.526258589979893","95.6276634326387","95.6276634326387","fixed","1","1","50","3023","17","50","23283939","v2.0-design-v1.0","31.200000000000003","12.5","18.700000000000003","93.01533219761498","true","36.432","28.408","50","68.8","125","500","688","751","175","63","2","110","0","8750","3276","246","5099","129","112","5345","17.5","0","50","1000","1997","3.994","102","5.979441254642276","0","49.5","3.5343434343434343","10","700","175"
"828","BA","1000","2","0.1","50","0.1","0.5","1","platform","targeted","70","5","95","95","17.526258589979893","95.6276634326387","95.6276634326387","fixed","1","1","50","3023","18","50","23283940","v2.0-design-v1.0","28.5","12.6","15.9","93.85674931129476","true","35.581999999999994","27.906000000000002","50","71.5","126","500","715","797","175","82","4","85","4","8750","3407","223","4949","171","89","5172","17.5","0","50","1000","1997","3.994","74","5.059601126923293","0","42.8","3.602020202020202","10","700","175"
"829","BA","1000","2","0.1","50","0.1","0.5","1","platform","targeted","70","5","95","95","17.526258589979893","95.6276634326387","95.6276634326387","fixed","1","1","50","3023","19","50","23283941","v2.0-design-v1.0","30.80000000000001","13.100000000000001","17.70000000000001","93.26068253513048","true","37.366","29.342","50","69.19999999999999","131","500","692","765","175","73","5","94","3","8750","3252","235","5140","123","99","5375","17.5","0","50","1000","1997","3.994","69","5.5200031190602","0","47.8","3.5515151515151517","10","700","175"
"830","BA","1000","2","0.1","50","0.1","0.5","1","platform","targeted","70","5","95","95","17.526258589979893","95.6276634326387","95.6276634326387","fixed","1","1","50","3023","20","50","23283942","v2.0-design-v1.0","30.900000000000006","13.5","17.400000000000006","93.30102622576966","true","37.086","29.075999999999993","50","69.1","135","500","691","755","175","64","5","106","0","8750","3273","235","5111","131","111","5346","17.5","0","50","1000","1997","3.994","119","5.754744223775808","0","45.2","3.577777777777778","10","700","175"
"831","BA","1000","2","0.1","50","0.1","0.5","1","platform","targeted","70","5","95","95","17.526258589979893","95.6276634326387","95.6276634326387","fixed","1","1","50","3023","21","50","23283943","v2.0-design-v1.0","30.10000000000001","13.900000000000002","16.200000000000006","93.79049676025917","true","36.91","28.56199999999999","50","69.89999999999999","139","500","699","775","175","76","4","89","6","8750","3474","230","4892","154","93","5122","17.5","0","50","1000","1997","3.994","63","4.840598660847158","0","39.4","3.6363636363636362","10","700","175"
"832","BA","1000","2","0.1","50","0.1","0.5","1","platform","targeted","70","5","95","95","17.526258589979893","95.6276634326387","95.6276634326387","fixed","1","1","50","3023","22","50","23283944","v2.0-design-v1.0","30.700000000000003","12.9","17.800000000000004","94.0703796065392","true","35.95000000000001","27.616000000000007","50","69.3","129","500","693","758","175","65","3","106","1","8750","3395","214","4975","166","109","5189","17.5","0","50","1000","1997","3.994","87","5.348885358144677","0","44.9","3.580808080808081","10","700","175"
"833","BA","1000","2","0.1","50","0.1","0.5","1","platform","targeted","70","5","95","95","17.526258589979893","95.6276634326387","95.6276634326387","fixed","1","1","50","3023","23","50","23283945","v2.0-design-v1.0","29.80000000000001","14.499999999999998","15.300000000000013","93.11695579182988","true","37.12599999999999","28.24","50","70.19999999999999","145","500","702","777","175","75","3","91","6","8750","3328","246","5022","154","94","5268","17.5","0","50","1000","1997","3.994","100","5.597078817677236","0","45.3","3.576767676767677","10","700","175"
"834","BA","1000","2","0.1","50","0.1","0.5","1","platform","targeted","70","5","95","95","17.526258589979893","95.6276634326387","95.6276634326387","fixed","1","1","50","3023","24","50","23283946","v2.0-design-v1.0","29.80000000000001","13.200000000000001","16.60000000000001","93.19552110249785","true","36.821999999999996","28.907999999999998","50","70.19999999999999","132","500","702","760","175","58","8","103","6","8750","3246","237","5102","165","111","5339","17.5","0","50","1000","1997","3.994","109","5.789255520313418","0","46.3","3.566666666666667","10","700","175"
"835","BA","1000","2","0.1","50","0.1","0.5","1","platform","targeted","70","5","95","95","17.526258589979893","95.6276634326387","95.6276634326387","fixed","1","1","50","3023","25","50","23283947","v2.0-design-v1.0","31.39999999999999","13.700000000000001","17.69999999999999","93.22974472807991","true","37.02199999999999","28.261999999999993","50","68.60000000000001","137","500","686","759","175","73","2","98","2","8750","3360","244","4995","151","100","5239","17.5","0","50","1000","1997","3.994","121","5.4348414421675075","0","38.7","3.6434343434343432","10","700","175"
"836","BA","1000","2","0.1","50","0.1","0.5","1","platform","targeted","70","5","95","95","17.526258589979893","95.6276634326387","95.6276634326387","fixed","1","1","50","3023","26","50","23283948","v2.0-design-v1.0","30.700000000000003","13","17.700000000000003","93.84404924760602","true","36.05","28.326000000000004","50","69.3","130","500","693","759","175","66","4","104","1","8750","3430","225","4929","166","108","5154","17.5","0","50","1000","1997","3.994","94","5.548941768910056","0","46","3.56969696969697","10","700","175"
"837","BA","1000","2","0.1","50","0.1","0.5","1","platform","targeted","70","5","95","95","17.526258589979893","95.6276634326387","95.6276634326387","fixed","1","1","50","3023","27","50","23283949","v2.0-design-v1.0","29.299999999999997","12.7","16.599999999999998","93.5973955507325","true","35.797999999999995","28.184000000000005","50","70.7","127","500","707","785","175","78","4","88","5","8750","3450","236","4886","178","92","5122","17.5","0","50","1000","1997","3.994","97","5.488541526497544","0","43.1","3.598989898989899","10","700","175"
"838","BA","1000","2","0.1","50","0.1","0.5","1","platform","targeted","70","5","95","95","17.526258589979893","95.6276634326387","95.6276634326387","fixed","1","1","50","3023","28","50","23283950","v2.0-design-v1.0","28.60000000000001","12.8","15.800000000000008","93.25119014281714","true","36.18599999999999","27.909999999999997","50","71.39999999999999","128","500","714","774","175","60","8","104","3","8750","3330","241","5023","156","112","5264","17.5","0","50","1000","1997","3.994","75","4.917738113009684","0","40.2","3.628282828282828","10","700","175"
"839","BA","1000","2","0.1","50","0.1","0.5","1","platform","targeted","70","5","95","95","17.526258589979893","95.6276634326387","95.6276634326387","fixed","1","1","50","3023","29","50","23283951","v2.0-design-v1.0","28.60000000000001","13.4","15.200000000000008","93.44808439755691","true","34.914","26.852000000000004","50","71.39999999999999","134","500","714","787","175","73","3","92","7","8750","3366","236","4988","160","95","5224","17.5","0","50","1000","1997","3.994","59","4.661726686078409","0","37.6","3.6545454545454548","10","700","175"
"841","BA","1000","2","0.1","50","0.1","0.5","1","platform","targeted","70","5","95","95","90.99912037560672","68.5991898190208","68.5991898190208","fixed","1","1","50","3024","1","50","23284923","v2.0-design-v1.0","100","100","0","5.102667303363122","true","99.094","6.134000000000003","50","0","1000","500","0","0","910","0","286","624","0","45500","748","13911","30475","366","910","44386","91","0","50","1000","1997","3.994","72","5.153496145581402","0","44.6","3.583838383838384","10","700","910"
"840","BA","1000","2","0.1","50","0.1","0.5","1","platform","targeted","70","5","95","95","17.526258589979893","95.6276634326387","95.6276634326387","fixed","1","1","50","3023","30","50","23283952","v2.0-design-v1.0","30.10000000000001","13.4","16.70000000000001","93.44444444444444","true","35.786","27.272000000000002","50","69.89999999999999","134","500","699","771","175","72","2","99","2","8750","3364","236","4995","155","101","5231","17.5","0","50","1000","1997","3.994","85","5.289796399290415","0","44.1","3.588888888888889","10","700","175"
"842","BA","1000","2","0.1","50","0.1","0.5","1","platform","targeted","70","5","95","95","90.99912037560672","68.5991898190208","68.5991898190208","fixed","1","1","50","3024","2","50","23284924","v2.0-design-v1.0","100","100","0","5.258177885915112","true","99.118","6.651999999999998","50","0","1000","500","0","0","910","0","292","618","0","45500","778","14018","30355","349","910","44373","91","0","50","1000","1997","3.994","69","4.926482947725905","0","40.7","3.6232323232323234","10","700","910"
"843","BA","1000","2","0.1","50","0.1","0.5","1","platform","targeted","70","5","95","95","90.99912037560672","68.5991898190208","68.5991898190208","fixed","1","1","50","3024","3","50","23284925","v2.0-design-v1.0","100","100","0","5.178958785249458","true","99.07","6.703999999999999","50","0","1000","500","0","0","910","0","269","641","0","45500","764","13988","30386","362","910","44374","91","0","50","1000","1997","3.994","105","5.6256209978642815","0","44.5","3.584848484848485","10","700","910"
"844","BA","1000","2","0.1","50","0.1","0.5","1","platform","targeted","70","5","95","95","90.99912037560672","68.5991898190208","68.5991898190208","fixed","1","1","50","3024","4","50","23284926","v2.0-design-v1.0","100","100","0","5.392953929539295","true","99.086","5.991999999999998","50","0","1000","500","0","0","910","0","268","642","0","45500","796","13964","30393","347","910","44357","91","0","50","1000","1997","3.994","70","5.457265409135392","0","47.8","3.5515151515151517","10","700","910"
"845","BA","1000","2","0.1","50","0.1","0.5","1","platform","targeted","70","5","95","95","90.99912037560672","68.5991898190208","68.5991898190208","fixed","1","1","50","3024","5","50","23284927","v2.0-design-v1.0","100","100","0","4.816797035817209","true","99.236","6.4","50","0","1000","500","0","0","910","0","293","617","0","45500","702","13872","30646","280","910","44518","91","0","50","1000","1997","3.994","77","5.081711108257503","0","43.2","3.597979797979798","10","700","910"
"846","BA","1000","2","0.1","50","0.1","0.5","1","platform","targeted","70","5","95","95","90.99912037560672","68.5991898190208","68.5991898190208","fixed","1","1","50","3024","6","50","23284928","v2.0-design-v1.0","100","100","0","5.777717428202865","true","98.97200000000001","6.390000000000004","50","0","1000","500","0","0","910","0","270","640","0","45500","851","13878","30374","397","910","44252","91","0","50","1000","1997","3.994","90","5.771765525147155","0","48.8","3.5414141414141413","10","700","910"
"847","BA","1000","2","0.1","50","0.1","0.5","1","platform","targeted","70","5","95","95","90.99912037560672","68.5991898190208","68.5991898190208","fixed","1","1","50","3024","7","50","23284929","v2.0-design-v1.0","100","100","0","5.486318070983473","true","98.994","6.113999999999999","50","0","1000","500","0","0","910","0","269","641","0","45500","810","13954","30353","383","910","44307","91","0","50","1000","1997","3.994","61","5.113130949634287","0","44.3","3.5868686868686868","10","700","910"
"848","BA","1000","2","0.1","50","0.1","0.5","1","platform","targeted","70","5","95","95","90.99912037560672","68.5991898190208","68.5991898190208","fixed","1","1","50","3024","8","50","23284930","v2.0-design-v1.0","100","100","0","5.4028307022319","true","99.06200000000001","6.244000000000001","50","0","1000","500","0","0","910","0","304","606","0","45500","794","13902","30462","342","910","44364","91","0","50","1000","1997","3.994","91","5.573601082695905","0","47.4","3.5555555555555554","10","700","910"
"849","BA","1000","2","0.1","50","0.1","0.5","1","platform","targeted","70","5","95","95","90.99912037560672","68.5991898190208","68.5991898190208","fixed","1","1","50","3024","9","50","23284931","v2.0-design-v1.0","100","100","0","5.590188372408186","true","98.956","6.674000000000003","50","0","1000","500","0","0","910","0","281","629","0","45500","825","13933","30346","396","910","44279","91","0","50","1000","1997","3.994","94","5.204906824819731","0","42.5","3.605050505050505","10","700","910"
"850","BA","1000","2","0.1","50","0.1","0.5","1","platform","targeted","70","5","95","95","90.99912037560672","68.5991898190208","68.5991898190208","fixed","1","1","50","3024","10","50","23284932","v2.0-design-v1.0","100","100","0","5.284967053868623","true","99.068","6.214000000000003","50","0","1000","500","0","0","910","0","284","626","0","45500","778","13943","30402","377","910","44345","91","0","50","1000","1997","3.994","71","5.131890519126481","0","44.3","3.5868686868686868","10","700","910"
"851","BA","1000","2","0.1","50","0.1","0.5","1","platform","targeted","70","5","95","95","90.99912037560672","68.5991898190208","68.5991898190208","fixed","1","1","50","3024","11","50","23284933","v2.0-design-v1.0","100","100","0","5.667004390408645","true","98.88799999999999","6.034000000000001","50","0","1000","500","0","0","910","0","280","630","0","45500","839","13966","30251","444","910","44217","91","0","50","1000","1997","3.994","78","5.437235283443916","0","47.3","3.5565656565656565","10","700","910"
"852","BA","1000","2","0.1","50","0.1","0.5","1","platform","targeted","70","5","95","95","90.99912037560672","68.5991898190208","68.5991898190208","fixed","1","1","50","3024","12","50","23284934","v2.0-design-v1.0","100","100","0","5.976980547889883","true","98.85599999999998","6.563999999999998","50","0","1000","500","0","0","910","0","301","609","0","45500","888","13969","30216","427","910","44185","91","0","50","1000","1997","3.994","103","5.548400557705676","0","45.4","3.5757575757575757","10","700","910"
"853","BA","1000","2","0.1","50","0.1","0.5","1","platform","targeted","70","5","95","95","90.99912037560672","68.5991898190208","68.5991898190208","fixed","1","1","50","3024","13","50","23284935","v2.0-design-v1.0","100","100","0","5.275056518462698","true","99.06","6.6659999999999995","50","0","1000","500","0","0","910","0","291","619","0","45500","770","13827","30539","364","910","44366","91","0","50","1000","1997","3.994","93","5.238072298222061","0","41.1","3.6191919191919193","10","700","910"
"854","BA","1000","2","0.1","50","0.1","0.5","1","platform","targeted","70","5","95","95","90.99912037560672","68.5991898190208","68.5991898190208","fixed","1","1","50","3024","14","50","23284936","v2.0-design-v1.0","100","100","0","5.674342105263158","true","99.044","6.698000000000002","50","0","1000","500","0","0","910","0","249","661","0","45500","828","13764","30547","361","910","44311","91","0","50","1000","1997","3.994","75","5.174431247851173","0","43.2","3.597979797979798","10","700","910"
"855","BA","1000","2","0.1","50","0.1","0.5","1","platform","targeted","70","5","95","95","90.99912037560672","68.5991898190208","68.5991898190208","fixed","1","1","50","3024","15","50","23284937","v2.0-design-v1.0","100","100","0","5.672939737753923","true","98.99","6.429999999999998","50","0","1000","500","0","0","910","0","294","616","0","45500","835","13884","30382","399","910","44266","91","0","50","1000","1997","3.994","59","5.0350089687422805","0","43.8","3.591919191919192","10","700","910"
"856","BA","1000","2","0.1","50","0.1","0.5","1","platform","targeted","70","5","95","95","90.99912037560672","68.5991898190208","68.5991898190208","fixed","1","1","50","3024","16","50","23284938","v2.0-design-v1.0","100","100","0","4.997642621404998","true","99.126","6.640000000000004","50","0","1000","500","0","0","910","0","299","611","0","45500","742","14105","30320","333","910","44425","91","0","50","1000","1997","3.994","77","5.238645569935735","0","43.3","3.596969696969697","10","700","910"
"857","BA","1000","2","0.1","50","0.1","0.5","1","platform","targeted","70","5","95","95","90.99912037560672","68.5991898190208","68.5991898190208","fixed","1","1","50","3024","17","50","23284939","v2.0-design-v1.0","100","100","0","5.646691973969632","true","98.95","6.332000000000002","50","0","1000","500","0","0","910","0","307","603","0","45500","833","13919","30328","420","910","44247","91","0","50","1000","1997","3.994","98","5.482519678215662","0","45.8","3.5717171717171716","10","700","910"
"858","BA","1000","2","0.1","50","0.1","0.5","1","platform","targeted","70","5","95","95","90.99912037560672","68.5991898190208","68.5991898190208","fixed","1","1","50","3024","18","50","23284940","v2.0-design-v1.0","100","100","0","4.960075788334009","true","99.15799999999999","6.466000000000001","50","0","1000","500","0","0","910","0","297","613","0","45500","733","14045","30393","329","910","44438","91","0","50","1000","1997","3.994","72","5.13656970636516","0","44.7","3.5828282828282827","10","700","910"
"859","BA","1000","2","0.1","50","0.1","0.5","1","platform","targeted","70","5","95","95","90.99912037560672","68.5991898190208","68.5991898190208","fixed","1","1","50","3024","19","50","23284941","v2.0-design-v1.0","100","100","0","5.844066867634969","true","98.932","6.526","50","0","1000","500","0","0","910","0","262","648","0","45500","853","13743","30489","415","910","44232","91","0","50","1000","1997","3.994","77","5.356178922763184","0","44","3.5898989898989897","10","700","910"
"860","BA","1000","2","0.1","50","0.1","0.5","1","platform","targeted","70","5","95","95","90.99912037560672","68.5991898190208","68.5991898190208","fixed","1","1","50","3024","20","50","23284942","v2.0-design-v1.0","100","100","0","5.8133224799891465","true","98.86600000000003","6.174000000000002","50","0","1000","500","0","0","910","0","305","605","0","45500","857","13885","30305","453","910","44190","91","0","50","1000","1997","3.994","85","5.633800112153755","0","46.9","3.5606060606060606","10","700","910"
"861","BA","1000","2","0.1","50","0.1","0.5","1","platform","targeted","70","5","95","95","90.99912037560672","68.5991898190208","68.5991898190208","fixed","1","1","50","3024","21","50","23284943","v2.0-design-v1.0","100","100","0","5.154639175257731","true","99.126","6.284000000000003","50","0","1000","500","0","0","910","0","293","617","0","45500","760","13984","30431","325","910","44415","91","0","50","1000","1997","3.994","92","5.657204960752957","0","47.8","3.5515151515151517","10","700","910"
"862","BA","1000","2","0.1","50","0.1","0.5","1","platform","targeted","70","5","95","95","90.99912037560672","68.5991898190208","68.5991898190208","fixed","1","1","50","3024","22","50","23284944","v2.0-design-v1.0","100","100","0","5.490734385724091","true","99.05799999999999","6.250000000000004","50","0","1000","500","0","0","910","0","272","638","0","45500","800","13770","30562","368","910","44332","91","0","50","1000","1997","3.994","97","5.456164745838753","0","43.8","3.591919191919192","10","700","910"
"863","BA","1000","2","0.1","50","0.1","0.5","1","platform","targeted","70","5","95","95","90.99912037560672","68.5991898190208","68.5991898190208","fixed","1","1","50","3024","23","50","23284945","v2.0-design-v1.0","100","100","0","5.4777762675003405","true","98.976","6.2920000000000025","50","0","1000","500","0","0","910","0","281","629","0","45500","806","13908","30387","399","910","44295","91","0","50","1000","1997","3.994","78","5.297360288485758","0","45.6","3.573737373737374","10","700","910"
"864","BA","1000","2","0.1","50","0.1","0.5","1","platform","targeted","70","5","95","95","90.99912037560672","68.5991898190208","68.5991898190208","fixed","1","1","50","3024","24","50","23284946","v2.0-design-v1.0","100","100","0","5.5333288126398585","true","98.98","6.292000000000001","50","0","1000","500","0","0","910","0","277","633","0","45500","816","13931","30355","398","910","44286","91","0","50","1000","1997","3.994","71","4.744309483209579","0","38.1","3.6494949494949496","10","700","910"
"865","BA","1000","2","0.1","50","0.1","0.5","1","platform","targeted","70","5","95","95","90.99912037560672","68.5991898190208","68.5991898190208","fixed","1","1","50","3024","25","50","23284947","v2.0-design-v1.0","100","100","0","5.111155886896366","true","99.2","6.345999999999999","50","0","1000","500","0","0","910","0","301","609","0","45500","761","14128","30313","298","910","44441","91","0","50","1000","1997","3.994","73","5.125449661662296","0","43.5","3.594949494949495","10","700","910"
"866","BA","1000","2","0.1","50","0.1","0.5","1","platform","targeted","70","5","95","95","90.99912037560672","68.5991898190208","68.5991898190208","fixed","1","1","50","3024","26","50","23284948","v2.0-design-v1.0","100","100","0","5.522388059701493","true","98.98","6.460000000000003","50","0","1000","500","0","0","910","0","277","633","0","45500","814","13926","30371","389","910","44297","91","0","50","1000","1997","3.994","118","6.0862966578213475","0","51.6","3.5131313131313133","10","700","910"
"867","BA","1000","2","0.1","50","0.1","0.5","1","platform","targeted","70","5","95","95","90.99912037560672","68.5991898190208","68.5991898190208","fixed","1","1","50","3024","27","50","23284949","v2.0-design-v1.0","100","100","0","5.345528455284552","true","99.06","6.446000000000009","50","0","1000","500","0","0","910","0","288","622","0","45500","789","13971","30378","362","910","44349","91","0","50","1000","1997","3.994","94","5.722474177373861","0","46.6","3.5636363636363635","10","700","910"
"868","BA","1000","2","0.1","50","0.1","0.5","1","platform","targeted","70","5","95","95","90.99912037560672","68.5991898190208","68.5991898190208","fixed","1","1","50","3024","28","50","23284950","v2.0-design-v1.0","100","100","0","5.214598141060689","true","99.064","6.539999999999999","50","0","1000","500","0","0","910","0","267","643","0","45500","763","13869","30498","370","910","44367","91","0","50","1000","1997","3.994","64","4.8455591466252175","0","39.6","3.6343434343434344","10","700","910"
"869","BA","1000","2","0.1","50","0.1","0.5","1","platform","targeted","70","5","95","95","90.99912037560672","68.5991898190208","68.5991898190208","fixed","1","1","50","3024","29","50","23284951","v2.0-design-v1.0","100","100","0","6.1443104493700735","true","98.87","6.3980000000000015","50","0","1000","500","0","0","910","0","289","621","0","45500","912","13931","30221","436","910","44152","91","0","50","1000","1997","3.994","65","4.789875458392088","0","39.1","3.639393939393939","10","700","910"
"870","BA","1000","2","0.1","50","0.1","0.5","1","platform","targeted","70","5","95","95","90.99912037560672","68.5991898190208","68.5991898190208","fixed","1","1","50","3024","30","50","23284952","v2.0-design-v1.0","100","100","0","5.214241782272945","true","99.14200000000001","6.662000000000001","50","0","1000","500","0","0","910","0","282","628","0","45500","763","13870","30525","342","910","44395","91","0","50","1000","1997","3.994","80","5.4923701741716195","0","47.7","3.5525252525252524","10","700","910"
"871","BA","1000","2","0.1","50","0.1","0.5","1","platform","targeted","70","5","95","95","5.304630026023314","75.65662856306727","75.65662856306727","fixed","1","1","50","3025","1","50","23285923","v2.0-design-v1.0","4.200000000000003","3.8","0.400000000000003","93.07692307692308","true","9.953999999999997","6.888000000000002","50","95.8","38","500","958","991","53","33","1","6","13","2650","1573","117","381","579","7","498","5.3","0","50","1000","1997","3.994","81","5.426546914144512","0","46.9","3.5606060606060606","10","700","53"
"872","BA","1000","2","0.1","50","0.1","0.5","1","platform","targeted","70","5","95","95","5.304630026023314","75.65662856306727","75.65662856306727","fixed","1","1","50","3025","2","50","23285924","v2.0-design-v1.0","4.1000000000000085","4.3999999999999995","-0.29999999999999094","91.76334106728538","true","10.517999999999999","7.2620000000000005","50","95.89999999999999","44","500","959","994","53","35","0","4","14","2650","1582","142","435","491","4","577","5.3","0","50","1000","1997","3.994","87","4.895296510726177","0","37.8","3.6525252525252525","10","700","53"
"873","BA","1000","2","0.1","50","0.1","0.5","1","platform","targeted","70","5","95","95","5.304630026023314","75.65662856306727","75.65662856306727","fixed","1","1","50","3025","3","50","23285925","v2.0-design-v1.0","4.900000000000006","4.3999999999999995","0.5000000000000062","91.22093023255815","true","10.628000000000002","7.080000000000001","50","95.1","44","500","951","983","53","32","4","12","5","2650","1569","151","412","518","16","563","5.3","0","50","1000","1997","3.994","67","4.88280716451159","0","41.2","3.618181818181818","10","700","53"
"874","BA","1000","2","0.1","50","0.1","0.5","1","platform","targeted","70","5","95","95","5.304630026023314","75.65662856306727","75.65662856306727","fixed","1","1","50","3025","4","50","23285926","v2.0-design-v1.0","4.1000000000000085","4.9","-0.7999999999999918","92.2176711527209","true","11.822000000000001","8.127999999999997","50","95.89999999999999","49","500","959","983","53","24","3","7","19","2650","1576","133","433","508","10","566","5.3","0","50","1000","1997","3.994","94","5.76465048335067","0","47.9","3.5505050505050506","10","700","53"
"875","BA","1000","2","0.1","50","0.1","0.5","1","platform","targeted","70","5","95","95","5.304630026023314","75.65662856306727","75.65662856306727","fixed","1","1","50","3025","5","50","23285927","v2.0-design-v1.0","4.5","4.5","0","92.74611398963731","true","11.586000000000007","8.214000000000002","50","95.5","45","500","955","989","53","34","4","5","10","2650","1611","126","419","494","9","545","5.3","0","50","1000","1997","3.994","106","5.720199706713446","0","47.7","3.5525252525252524","10","700","53"
"876","BA","1000","2","0.1","50","0.1","0.5","1","platform","targeted","70","5","95","95","5.304630026023314","75.65662856306727","75.65662856306727","fixed","1","1","50","3025","6","50","23285928","v2.0-design-v1.0","5.1000000000000085","4.3999999999999995","0.7000000000000091","90.33957845433255","true","10.992000000000004","7.740000000000004","50","94.89999999999999","44","500","949","982","53","33","4","10","6","2650","1543","165","452","490","14","617","5.3","0","50","1000","1997","3.994","88","5.267419644352405","0","42.9","3.601010101010101","10","700","53"
"877","BA","1000","2","0.1","50","0.1","0.5","1","platform","targeted","70","5","95","95","5.304630026023314","75.65662856306727","75.65662856306727","fixed","1","1","50","3025","7","50","23285929","v2.0-design-v1.0","4.700000000000003","4.5","0.20000000000000284","91.69611307420494","true","11.213999999999997","7.698000000000002","50","95.3","45","500","953","985","53","32","2","8","11","2650","1557","141","459","493","10","600","5.3","0","50","1000","1997","3.994","94","5.27994714384924","0","42.6","3.604040404040404","10","700","53"
"878","BA","1000","2","0.1","50","0.1","0.5","1","platform","targeted","70","5","95","95","5.304630026023314","75.65662856306727","75.65662856306727","fixed","1","1","50","3025","8","50","23285930","v2.0-design-v1.0","5","4.1000000000000005","0.8999999999999995","92.23584354932866","true","11.136000000000003","7.894000000000001","50","95","41","500","950","982","53","32","2","10","9","2650","1580","133","462","475","12","595","5.3","0","50","1000","1997","3.994","70","5.167462304329521","0","45.1","3.5787878787878786","10","700","53"
"879","BA","1000","2","0.1","50","0.1","0.5","1","platform","targeted","70","5","95","95","5.304630026023314","75.65662856306727","75.65662856306727","fixed","1","1","50","3025","9","50","23285931","v2.0-design-v1.0","4.900000000000006","4.1000000000000005","0.8000000000000052","91.79664933564413","true","11.812000000000001","8.641999999999998","50","95.1","41","500","951","988","53","37","1","5","10","2650","1589","142","422","497","6","564","5.3","0","50","1000","1997","3.994","79","5.479780286835587","0","47.2","3.5575757575757576","10","700","53"
"880","BA","1000","2","0.1","50","0.1","0.5","1","platform","targeted","70","5","95","95","5.304630026023314","75.65662856306727","75.65662856306727","fixed","1","1","50","3025","10","50","23285932","v2.0-design-v1.0","4.900000000000006","4.3","0.6000000000000059","92.2945205479452","true","11.080000000000005","8.038","50","95.1","43","500","951","991","53","40","2","4","7","2650","1617","135","381","517","6","516","5.3","0","50","1000","1997","3.994","57","4.8785001551464235","0","40.7","3.6232323232323234","10","700","53"
"881","BA","1000","2","0.1","50","0.1","0.5","1","platform","targeted","70","5","95","95","5.304630026023314","75.65662856306727","75.65662856306727","fixed","1","1","50","3025","11","50","23285933","v2.0-design-v1.0","4.800000000000011","4.3999999999999995","0.4000000000000119","93.51100811123986","true","10.82","7.692000000000005","50","95.19999999999999","44","500","952","983","53","31","3","8","11","2650","1614","112","388","536","11","500","5.3","0","50","1000","1997","3.994","82","5.404736365002005","0","45","3.5797979797979798","10","700","53"
"882","BA","1000","2","0.1","50","0.1","0.5","1","platform","targeted","70","5","95","95","5.304630026023314","75.65662856306727","75.65662856306727","fixed","1","1","50","3025","12","50","23285934","v2.0-design-v1.0","4.700000000000003","4.3","0.400000000000003","92.14157168566287","true","10.674000000000003","7.476","50","95.3","43","500","953","984","53","31","2","7","13","2650","1536","131","450","533","9","581","5.3","0","50","1000","1997","3.994","102","5.6424996058308885","0","47.5","3.5545454545454547","10","700","53"
"883","BA","1000","2","0.1","50","0.1","0.5","1","platform","targeted","70","5","95","95","5.304630026023314","75.65662856306727","75.65662856306727","fixed","1","1","50","3025","13","50","23285935","v2.0-design-v1.0","5.1000000000000085","4.3999999999999995","0.7000000000000091","91.7816091954023","true","11.324000000000002","8.145999999999999","50","94.89999999999999","44","500","949","985","53","36","2","8","7","2650","1597","143","400","510","10","543","5.3","0","50","1000","1997","3.994","84","5.167074865207835","0","41.8","3.6121212121212123","10","700","53"
"884","BA","1000","2","0.1","50","0.1","0.5","1","platform","targeted","70","5","95","95","5.304630026023314","75.65662856306727","75.65662856306727","fixed","1","1","50","3025","14","50","23285936","v2.0-design-v1.0","4.800000000000011","4.3999999999999995","0.4000000000000119","92.21628045157458","true","11.264000000000001","7.839999999999998","50","95.19999999999999","44","500","952","987","53","35","1","7","10","2650","1552","131","422","545","8","553","5.3","0","50","1000","1997","3.994","58","4.954039413095783","0","42.5","3.605050505050505","10","700","53"
"885","BA","1000","2","0.1","50","0.1","0.5","1","platform","targeted","70","5","95","95","5.304630026023314","75.65662856306727","75.65662856306727","fixed","1","1","50","3025","15","50","23285937","v2.0-design-v1.0","4.900000000000006","4.9","5.329070518200751E-15","91.70052234474754","true","11.211999999999996","7.6400000000000015","50","95.1","49","500","951","990","53","39","1","4","9","2650","1580","143","444","483","5","587","5.3","0","50","1000","1997","3.994","102","5.927486743899086","0","51.9","3.51010101010101","10","700","53"
"886","BA","1000","2","0.1","50","0.1","0.5","1","platform","targeted","70","5","95","95","5.304630026023314","75.65662856306727","75.65662856306727","fixed","1","1","50","3025","16","50","23285938","v2.0-design-v1.0","4","4.3999999999999995","-0.39999999999999947","91.66180758017492","true","11.11","7.774","50","96","44","500","960","987","53","27","3","8","15","2650","1572","143","456","479","11","599","5.3","0","50","1000","1997","3.994","74","5.469358086455647","0","47.3","3.5565656565656565","10","700","53"
"887","BA","1000","2","0.1","50","0.1","0.5","1","platform","targeted","70","5","95","95","5.304630026023314","75.65662856306727","75.65662856306727","fixed","1","1","50","3025","17","50","23285939","v2.0-design-v1.0","4.700000000000003","4.5","0.20000000000000284","90.76281287246722","true","11.187999999999999","7.684000000000005","50","95.3","45","500","953","981","53","28","3","10","12","2650","1523","155","478","494","13","633","5.3","0","50","1000","1997","3.994","111","5.948726868108138","0","48.3","3.5464646464646465","10","700","53"
"888","BA","1000","2","0.1","50","0.1","0.5","1","platform","targeted","70","5","95","95","5.304630026023314","75.65662856306727","75.65662856306727","fixed","1","1","50","3025","18","50","23285940","v2.0-design-v1.0","4.299999999999997","4.8","-0.5000000000000027","90.59171597633137","true","10.526000000000002","6.790000000000004","50","95.7","48","500","957","991","53","34","2","5","12","2650","1531","159","416","544","7","575","5.3","0","50","1000","1997","3.994","88","5.278240599273944","0","41.5","3.6151515151515152","10","700","53"
"889","BA","1000","2","0.1","50","0.1","0.5","1","platform","targeted","70","5","95","95","5.304630026023314","75.65662856306727","75.65662856306727","fixed","1","1","50","3025","19","50","23285941","v2.0-design-v1.0","4.6000000000000085","4.3","0.3000000000000087","91.22293739028672","true","11.340000000000007","7.864000000000004","50","95.39999999999999","43","500","954","986","53","32","3","6","12","2650","1559","150","431","510","9","581","5.3","0","50","1000","1997","3.994","93","5.1630049990892415","0","41.9","3.611111111111111","10","700","53"
"890","BA","1000","2","0.1","50","0.1","0.5","1","platform","targeted","70","5","95","95","5.304630026023314","75.65662856306727","75.65662856306727","fixed","1","1","50","3025","20","50","23285942","v2.0-design-v1.0","4.700000000000003","4.3","0.400000000000003","93.48441926345609","true","10.558","7.4220000000000015","50","95.3","43","500","953","987","53","34","2","7","10","2650","1650","115","372","513","9","487","5.3","0","50","1000","1997","3.994","73","4.821743793817039","0","38.9","3.6414141414141414","10","700","53"
"891","BA","1000","2","0.1","50","0.1","0.5","1","platform","targeted","70","5","95","95","5.304630026023314","75.65662856306727","75.65662856306727","fixed","1","1","50","3025","21","50","23285943","v2.0-design-v1.0","4.800000000000011","4.2","0.6000000000000112","92.90697674418604","true","10.960000000000004","7.888000000000004","50","95.19999999999999","42","500","952","985","53","33","2","11","7","2650","1598","122","414","516","13","536","5.3","0","50","1000","1997","3.994","86","5.202983282217516","0","44.1","3.588888888888889","10","700","53"
"892","BA","1000","2","0.1","50","0.1","0.5","1","platform","targeted","70","5","95","95","5.304630026023314","75.65662856306727","75.65662856306727","fixed","1","1","50","3025","22","50","23285944","v2.0-design-v1.0","4.800000000000011","4.5","0.30000000000001137","92.00670765790944","true","11.01","7.496000000000001","50","95.19999999999999","45","500","952","988","53","36","2","6","9","2650","1646","143","399","462","8","542","5.3","0","50","1000","1997","3.994","67","4.90408136290722","0","39","3.6404040404040403","10","700","53"
"893","BA","1000","2","0.1","50","0.1","0.5","1","platform","targeted","70","5","95","95","5.304630026023314","75.65662856306727","75.65662856306727","fixed","1","1","50","3025","23","50","23285945","v2.0-design-v1.0","4.700000000000003","4.9","-0.1999999999999975","91.55172413793103","true","11.660000000000002","8.084000000000001","50","95.3","49","500","953","985","53","32","4","5","12","2650","1593","147","464","446","9","611","5.3","0","50","1000","1997","3.994","122","5.897859675233796","0","47.8","3.5515151515151517","10","700","53"
"894","BA","1000","2","0.1","50","0.1","0.5","1","platform","targeted","70","5","95","95","5.304630026023314","75.65662856306727","75.65662856306727","fixed","1","1","50","3025","24","50","23285946","v2.0-design-v1.0","4.400000000000006","4.6","-0.19999999999999396","91.69590643274854","true","10.200000000000003","6.648000000000005","50","95.6","46","500","956","985","53","29","4","8","12","2650","1568","142","414","526","12","556","5.3","0","50","1000","1997","3.994","79","5.319987431025208","0","45.1","3.5787878787878786","10","700","53"
"895","BA","1000","2","0.1","50","0.1","0.5","1","platform","targeted","70","5","95","95","5.304630026023314","75.65662856306727","75.65662856306727","fixed","1","1","50","3025","25","50","23285947","v2.0-design-v1.0","4.700000000000003","4.8","-0.09999999999999698","92.6205694363742","true","11.376000000000003","7.728","50","95.3","48","500","953","989","53","36","1","6","10","2650","1594","127","385","544","7","512","5.3","0","50","1000","1997","3.994","71","5.050293998320232","0","42","3.61010101010101","10","700","53"
"896","BA","1000","2","0.1","50","0.1","0.5","1","platform","targeted","70","5","95","95","5.304630026023314","75.65662856306727","75.65662856306727","fixed","1","1","50","3025","26","50","23285948","v2.0-design-v1.0","4.900000000000006","4.5","0.4000000000000057","92.5185608223872","true","10.82","7.452000000000001","50","95.1","45","500","951","990","53","39","3","3","8","2650","1620","131","417","482","6","548","5.3","0","50","1000","1997","3.994","73","5.215473628076848","0","43.2","3.597979797979798","10","700","53"
"897","BA","1000","2","0.1","50","0.1","0.5","1","platform","targeted","70","5","95","95","5.304630026023314","75.65662856306727","75.65662856306727","fixed","1","1","50","3025","27","50","23285949","v2.0-design-v1.0","5","5","0","92.51899473991818","true","11.458000000000004","8.100000000000001","50","95","50","500","950","983","53","33","3","10","7","2650","1583","128","428","511","13","556","5.3","0","50","1000","1997","3.994","85","5.3024598140938295","0","42.4","3.606060606060606","10","700","53"
"898","BA","1000","2","0.1","50","0.1","0.5","1","platform","targeted","70","5","95","95","5.304630026023314","75.65662856306727","75.65662856306727","fixed","1","1","50","3025","28","50","23285950","v2.0-design-v1.0","4","4.8","-0.7999999999999998","90.99415204678363","true","11.838000000000008","8.080000000000002","50","96","48","500","960","987","53","27","1","9","16","2650","1556","154","417","523","10","571","5.3","0","50","1000","1997","3.994","100","5.728069026711766","0","47.9","3.5505050505050506","10","700","53"
"899","BA","1000","2","0.1","50","0.1","0.5","1","platform","targeted","70","5","95","95","5.304630026023314","75.65662856306727","75.65662856306727","fixed","1","1","50","3025","29","50","23285951","v2.0-design-v1.0","5.300000000000011","4.2","1.1000000000000112","93.80841121495327","true","10.645999999999999","7.430000000000002","50","94.69999999999999","42","500","947","986","53","39","2","7","5","2650","1606","106","410","528","9","516","5.3","0","50","1000","1997","3.994","96","5.110585297407915","0","41.1","3.6191919191919193","10","700","53"
"900","BA","1000","2","0.1","50","0.1","0.5","1","platform","targeted","70","5","95","95","5.304630026023314","75.65662856306727","75.65662856306727","fixed","1","1","50","3025","30","50","23285952","v2.0-design-v1.0","5.1000000000000085","4.7","0.40000000000000835","91.19496855345912","true","11.526000000000003","8.078","50","94.89999999999999","47","500","949","980","53","31","5","10","7","2650","1595","154","425","476","15","579","5.3","0","50","1000","1997","3.994","89","5.094498789666928","0","40.9","3.621212121212121","10","700","53"
"901","BA","1000","2","0.1","50","0.1","0.5","1","platform","targeted","70","5","95","95","47.98163863368607","63.171473915260165","63.171473915260165","fixed","1","1","50","3026","1","50","23286923","v2.0-design-v1.0","54.1","50.5","3.6000000000000014","37.74255523535062","true","58.996","12.764","50","45.9","505","500","459","528","480","69","117","243","51","24000","3929","6481","11363","2227","360","17844","48","0","50","1000","1997","3.994","79","4.785693979650892","0","38.2","3.6484848484848484","10","700","480"
"902","BA","1000","2","0.1","50","0.1","0.5","1","platform","targeted","70","5","95","95","47.98163863368607","63.171473915260165","63.171473915260165","fixed","1","1","50","3026","2","50","23286924","v2.0-design-v1.0","54.699999999999996","50.3","4.399999999999999","37.13096505662569","true","58.986000000000004","12.812000000000005","50","45.300000000000004","503","500","453","531","480","78","129","234","39","24000","3836","6495","11374","2295","363","17869","48","0","50","1000","1997","3.994","63","4.631135002503308","0","37.4","3.6565656565656566","10","700","480"
"903","BA","1000","2","0.1","50","0.1","0.5","1","platform","targeted","70","5","95","95","47.98163863368607","63.171473915260165","63.171473915260165","fixed","1","1","50","3026","3","50","23286925","v2.0-design-v1.0","54.1","50.6","3.5","36.94671147383581","true","58.228","11.748000000000001","50","45.9","506","500","459","525","480","66","147","227","40","24000","3848","6567","11346","2239","374","17913","48","0","50","1000","1997","3.994","66","4.785066442679849","0","38.5","3.6454545454545455","10","700","480"
"904","BA","1000","2","0.1","50","0.1","0.5","1","platform","targeted","70","5","95","95","47.98163863368607","63.171473915260165","63.171473915260165","fixed","1","1","50","3026","4","50","23286926","v2.0-design-v1.0","52.300000000000004","49.1","3.200000000000003","36.1574382921948","true","58.08599999999998","12.390000000000002","50","47.699999999999996","491","500","477","572","480","95","123","221","41","24000","3794","6699","11382","2125","344","18081","48","0","50","1000","1997","3.994","136","5.967375769429468","0","45.6","3.573737373737374","10","700","480"
"905","BA","1000","2","0.1","50","0.1","0.5","1","platform","targeted","70","5","95","95","47.98163863368607","63.171473915260165","63.171473915260165","fixed","1","1","50","3026","5","50","23286927","v2.0-design-v1.0","50.1","50","0.10000000000000142","37.2876503149456","true","57.12599999999998","10.790000000000003","50","49.9","500","500","499","590","480","91","117","221","51","24000","3907","6571","11187","2335","338","17758","48","0","50","1000","1997","3.994","86","5.497835045742104","0","47.7","3.5525252525252524","10","700","480"
"906","BA","1000","2","0.1","50","0.1","0.5","1","platform","targeted","70","5","95","95","47.98163863368607","63.171473915260165","63.171473915260165","fixed","1","1","50","3026","6","50","23286928","v2.0-design-v1.0","51.5","50","1.5","36.77253708634462","true","57.55999999999999","11.389999999999997","50","48.5","500","500","485","545","480","60","137","231","52","24000","3867","6649","11239","2245","368","17888","48","0","50","1000","1997","3.994","61","5.131305320704881","0","44.2","3.587878787878788","10","700","480"
"907","BA","1000","2","0.1","50","0.1","0.5","1","platform","targeted","70","5","95","95","47.98163863368607","63.171473915260165","63.171473915260165","fixed","1","1","50","3026","7","50","23286929","v2.0-design-v1.0","53.1","51.2","1.8999999999999986","37.15789473684211","true","57.80199999999999","10.668000000000001","50","46.9","512","500","469","557","480","88","127","223","42","24000","3883","6567","11236","2314","350","17803","48","0","50","1000","1997","3.994","73","4.91020102175807","0","40.3","3.6272727272727274","10","700","480"
"908","BA","1000","2","0.1","50","0.1","0.5","1","platform","targeted","70","5","95","95","47.98163863368607","63.171473915260165","63.171473915260165","fixed","1","1","50","3026","8","50","23286930","v2.0-design-v1.0","53.699999999999996","52.300000000000004","1.3999999999999915","35.62488147164802","true","59.416","11.408000000000001","50","46.300000000000004","523","500","463","544","480","81","140","211","48","24000","3757","6789","11344","2110","351","18133","48","0","50","1000","1997","3.994","87","5.316599498761413","0","44.4","3.585858585858586","10","700","480"
"909","BA","1000","2","0.1","50","0.1","0.5","1","platform","targeted","70","5","95","95","47.98163863368607","63.171473915260165","63.171473915260165","fixed","1","1","50","3026","9","50","23286931","v2.0-design-v1.0","51.5","50","1.5","37.16695418823078","true","57.85199999999999","11.914000000000005","50","48.5","500","500","485","573","480","88","132","210","50","24000","3878","6556","11330","2236","342","17886","48","0","50","1000","1997","3.994","62","4.991881697604899","0","43.1","3.598989898989899","10","700","480"
"910","BA","1000","2","0.1","50","0.1","0.5","1","platform","targeted","70","5","95","95","47.98163863368607","63.171473915260165","63.171473915260165","fixed","1","1","50","3026","10","50","23286932","v2.0-design-v1.0","51.800000000000004","49.5","2.3000000000000043","37.06479461151693","true","57.74400000000002","12.36","50","48.199999999999996","495","500","482","563","480","81","125","226","48","24000","3907","6634","11181","2278","351","17815","48","0","50","1000","1997","3.994","78","5.078558432838562","0","40.7","3.6232323232323234","10","700","480"
"911","BA","1000","2","0.1","50","0.1","0.5","1","platform","targeted","70","5","95","95","47.98163863368607","63.171473915260165","63.171473915260165","fixed","1","1","50","3026","11","50","23286933","v2.0-design-v1.0","54","50.8","3.200000000000003","36.512209190540275","true","59.49199999999998","13.008000000000003","50","46","508","500","460","536","480","76","124","232","48","24000","3798","6604","11378","2220","356","17982","48","0","50","1000","1997","3.994","83","5.176945505292158","0","43.3","3.596969696969697","10","700","480"
"912","BA","1000","2","0.1","50","0.1","0.5","1","platform","targeted","70","5","95","95","47.98163863368607","63.171473915260165","63.171473915260165","fixed","1","1","50","3026","12","50","23286934","v2.0-design-v1.0","51.7","49.3","2.4000000000000057","37.24800304298213","true","57.022","11.481999999999998","50","48.3","493","500","483","570","480","87","132","218","43","24000","3917","6599","11208","2276","350","17807","48","0","50","1000","1997","3.994","83","4.960501040275116","0","40.9","3.621212121212121","10","700","480"
"913","BA","1000","2","0.1","50","0.1","0.5","1","platform","targeted","70","5","95","95","47.98163863368607","63.171473915260165","63.171473915260165","fixed","1","1","50","3026","13","50","23286935","v2.0-design-v1.0","53.4","50.7","2.6999999999999957","36.66889249260708","true","59.01800000000002","12.118000000000006","50","46.6","507","500","466","548","480","82","103","249","46","24000","3844","6639","11307","2210","352","17946","48","0","50","1000","1997","3.994","68","5.335956937273421","0","46.4","3.5656565656565657","10","700","480"
"914","BA","1000","2","0.1","50","0.1","0.5","1","platform","targeted","70","5","95","95","47.98163863368607","63.171473915260165","63.171473915260165","fixed","1","1","50","3026","14","50","23286936","v2.0-design-v1.0","51.300000000000004","49.5","1.8000000000000043","37.78460947257181","true","57.15","11.498000000000006","50","48.699999999999996","495","500","487","568","480","81","124","225","50","24000","3933","6476","11361","2230","349","17837","48","0","50","1000","1997","3.994","72","5.118218455689447","0","43.8","3.591919191919192","10","700","480"
"915","BA","1000","2","0.1","50","0.1","0.5","1","platform","targeted","70","5","95","95","47.98163863368607","63.171473915260165","63.171473915260165","fixed","1","1","50","3026","15","50","23286937","v2.0-design-v1.0","51.800000000000004","50.6","1.2000000000000028","36.441893830703016","true","57.488000000000014","10.660000000000002","50","48.199999999999996","506","500","482","550","480","68","130","240","42","24000","3810","6645","11304","2241","370","17949","48","0","50","1000","1997","3.994","87","5.119391777562261","0","41.8","3.6121212121212123","10","700","480"
"916","BA","1000","2","0.1","50","0.1","0.5","1","platform","targeted","70","5","95","95","47.98163863368607","63.171473915260165","63.171473915260165","fixed","1","1","50","3026","16","50","23286938","v2.0-design-v1.0","51","48.6","2.3999999999999986","36.58890717258736","true","58.206","13.313999999999997","50","49","486","500","490","578","480","88","134","208","50","24000","3780","6551","11404","2265","342","17955","48","0","50","1000","1997","3.994","57","4.89897580765244","0","41.8","3.6121212121212123","10","700","480"
"917","BA","1000","2","0.1","50","0.1","0.5","1","platform","targeted","70","5","95","95","47.98163863368607","63.171473915260165","63.171473915260165","fixed","1","1","50","3026","17","50","23286939","v2.0-design-v1.0","52.300000000000004","50.4","1.9000000000000057","37.73351124666412","true","57.27000000000001","10.876000000000001","50","47.699999999999996","504","500","477","545","480","68","135","233","44","24000","3959","6533","11152","2356","368","17685","48","0","50","1000","1997","3.994","67","4.918348722300407","0","42.1","3.609090909090909","10","700","480"
"918","BA","1000","2","0.1","50","0.1","0.5","1","platform","targeted","70","5","95","95","47.98163863368607","63.171473915260165","63.171473915260165","fixed","1","1","50","3026","18","50","23286940","v2.0-design-v1.0","52.5","50.1","2.3999999999999986","36.97590590020869","true","57.40400000000002","11.220000000000002","50","47.5","501","500","475","535","480","60","129","242","49","24000","3898","6644","11170","2288","371","17814","48","0","50","1000","1997","3.994","75","5.0184807610619595","0","40.4","3.6262626262626263","10","700","480"
"919","BA","1000","2","0.1","50","0.1","0.5","1","platform","targeted","70","5","95","95","47.98163863368607","63.171473915260165","63.171473915260165","fixed","1","1","50","3026","19","50","23286941","v2.0-design-v1.0","50.8","50.6","0.19999999999999574","38.2905982905983","true","56.757999999999996","10.587999999999997","50","49.2","506","500","492","570","480","78","137","213","52","24000","4032","6498","11038","2432","350","17536","48","0","50","1000","1997","3.994","107","5.52054711423065","0","44.5","3.584848484848485","10","700","480"
"920","BA","1000","2","0.1","50","0.1","0.5","1","platform","targeted","70","5","95","95","47.98163863368607","63.171473915260165","63.171473915260165","fixed","1","1","50","3026","20","50","23286942","v2.0-design-v1.0","54.6","50.4","4.200000000000003","36.16801353129111","true","58.867999999999995","12.458","50","45.4","504","500","454","516","480","62","132","249","37","24000","3849","6793","11207","2151","381","18000","48","0","50","1000","1997","3.994","44","4.604037484769325","0","38.5","3.6454545454545455","10","700","480"
"921","BA","1000","2","0.1","50","0.1","0.5","1","platform","targeted","70","5","95","95","47.98163863368607","63.171473915260165","63.171473915260165","fixed","1","1","50","3026","21","50","23286943","v2.0-design-v1.0","51.5","49","2.5","36.46891314665401","true","57.21800000000001","11.866000000000003","50","48.5","490","500","485","571","480","86","135","216","43","24000","3842","6693","11247","2218","351","17940","48","0","50","1000","1997","3.994","74","5.190655729954238","0","42.9","3.601010101010101","10","700","480"
"922","BA","1000","2","0.1","50","0.1","0.5","1","platform","targeted","70","5","95","95","47.98163863368607","63.171473915260165","63.171473915260165","fixed","1","1","50","3026","22","50","23286944","v2.0-design-v1.0","51.4","49.6","1.7999999999999972","37.631528601492256","true","56.83599999999998","11.045999999999998","50","48.6","496","500","486","560","480","74","139","219","48","24000","3934","6520","11328","2218","358","17848","48","0","50","1000","1997","3.994","77","5.319987431025209","0","43.3","3.596969696969697","10","700","480"
"923","BA","1000","2","0.1","50","0.1","0.5","1","platform","targeted","70","5","95","95","47.98163863368607","63.171473915260165","63.171473915260165","fixed","1","1","50","3026","23","50","23286945","v2.0-design-v1.0","53.9","50.6","3.299999999999997","37.89928057553957","true","58.98600000000001","12.681999999999986","50","46.1","506","500","461","543","480","82","133","233","32","24000","3951","6474","11316","2259","366","17790","48","0","50","1000","1997","3.994","119","5.632911653283193","0","44","3.5898989898989897","10","700","480"
"924","BA","1000","2","0.1","50","0.1","0.5","1","platform","targeted","70","5","95","95","47.98163863368607","63.171473915260165","63.171473915260165","fixed","1","1","50","3026","24","50","23286946","v2.0-design-v1.0","52.1","48.9","3.200000000000003","37.15622612681436","true","56.412","11.074000000000005","50","47.9","489","500","479","550","480","71","130","241","38","24000","3891","6581","11333","2195","371","17914","48","0","50","1000","1997","3.994","98","5.7147723159039785","0","49.6","3.533333333333333","10","700","480"
"925","BA","1000","2","0.1","50","0.1","0.5","1","platform","targeted","70","5","95","95","47.98163863368607","63.171473915260165","63.171473915260165","fixed","1","1","50","3026","25","50","23286947","v2.0-design-v1.0","50.4","48.3","2.1000000000000014","38.07852807283763","true","56.806000000000004","12.360000000000005","50","49.6","483","500","496","575","480","79","134","218","49","24000","4015","6529","11141","2315","352","17670","48","0","50","1000","1997","3.994","60","4.821120949240655","0","39.7","3.6333333333333333","10","700","480"
"926","BA","1000","2","0.1","50","0.1","0.5","1","platform","targeted","70","5","95","95","47.98163863368607","63.171473915260165","63.171473915260165","fixed","1","1","50","3026","26","50","23286948","v2.0-design-v1.0","53","51.6","1.3999999999999986","37.3414703919138","true","59.29599999999999","11.888","50","47","516","500","470","554","480","84","135","215","46","24000","3916","6571","11174","2339","350","17745","48","0","50","1000","1997","3.994","86","5.011095197167483","0","39.9","3.6313131313131315","10","700","480"
"927","BA","1000","2","0.1","50","0.1","0.5","1","platform","targeted","70","5","95","95","47.98163863368607","63.171473915260165","63.171473915260165","fixed","1","1","50","3026","27","50","23286949","v2.0-design-v1.0","52","48","4","37.99657859722486","true","56.522","12.092000000000006","50","48","480","500","480","564","480","84","118","238","40","24000","3998","6524","11145","2333","356","17669","48","0","50","1000","1997","3.994","102","5.4126944548220335","0","42.2","3.608080808080808","10","700","480"
"928","BA","1000","2","0.1","50","0.1","0.5","1","platform","targeted","70","5","95","95","47.98163863368607","63.171473915260165","63.171473915260165","fixed","1","1","50","3026","28","50","23286950","v2.0-design-v1.0","48.8","48.1","0.6999999999999957","36.917221693625116","true","56.99199999999999","12.640000000000002","50","51.2","481","500","512","602","480","90","125","200","65","24000","3880","6630","11206","2284","325","17836","48","0","50","1000","1997","3.994","80","5.227551175387115","0","43.4","3.595959595959596","10","700","480"
"929","BA","1000","2","0.1","50","0.1","0.5","1","platform","targeted","70","5","95","95","47.98163863368607","63.171473915260165","63.171473915260165","fixed","1","1","50","3026","29","50","23286951","v2.0-design-v1.0","51.4","48.8","2.6000000000000014","36.913391835177414","true","56.736","12.058","50","48.6","488","500","486","563","480","77","113","243","47","24000","3870","6614","11277","2239","356","17891","48","0","50","1000","1997","3.994","86","5.224486506754438","0","44.1","3.588888888888889","10","700","480"
"930","BA","1000","2","0.1","50","0.1","0.5","1","platform","targeted","70","5","95","95","47.98163863368607","63.171473915260165","63.171473915260165","fixed","1","1","50","3026","30","50","23286952","v2.0-design-v1.0","50.2","48.699999999999996","1.500000000000007","37.81835655934647","true","57.282","12.083999999999998","50","49.8","487","500","498","582","480","84","127","214","55","24000","3935","6470","11320","2275","341","17790","48","0","50","1000","1997","3.994","76","5.349072496851814","0","44.6","3.583838383838384","10","700","480"
"931","BA","1000","2","0.1","50","0.1","0.5","1","platform","targeted","70","5","95","95","10.056064811709259","96.92181586190873","96.92181586190873","fixed","1","1","50","3027","1","50","23287923","v2.0-design-v1.0","17.5","5","12.5","97.37029140014215","true","24.682","21.837999999999997","50","82.5","50","500","825","888","101","63","1","35","2","5050","2740","74","2141","95","36","2215","10.1","0","50","1000","1997","3.994","68","5.259812699101513","0","44.2","3.587878787878788","10","700","101"
"932","BA","1000","2","0.1","50","0.1","0.5","1","platform","targeted","70","5","95","95","10.056064811709259","96.92181586190873","96.92181586190873","fixed","1","1","50","3027","2","50","23287924","v2.0-design-v1.0","18.5","5.5","13","97.18804920913884","true","25.32799999999999","22.203999999999997","50","81.5","55","500","815","878","101","63","1","35","2","5050","2765","80","2112","93","36","2192","10.1","0","50","1000","1997","3.994","68","4.972795259478577","0","39.7","3.6333333333333333","10","700","101"
"933","BA","1000","2","0.1","50","0.1","0.5","1","platform","targeted","70","5","95","95","10.056064811709259","96.92181586190873","96.92181586190873","fixed","1","1","50","3027","3","50","23287925","v2.0-design-v1.0","18.400000000000006","5.3","13.100000000000005","97.44144144144144","true","25.14399999999999","21.943999999999992","50","81.6","53","500","816","871","101","55","0","45","1","5050","2704","71","2208","67","45","2279","10.1","0","50","1000","1997","3.994","72","4.838737167627241","0","38.2","3.6484848484848484","10","700","101"
"934","BA","1000","2","0.1","50","0.1","0.5","1","platform","targeted","70","5","95","95","10.056064811709259","96.92181586190873","96.92181586190873","fixed","1","1","50","3027","4","50","23287926","v2.0-design-v1.0","16.299999999999997","4.3999999999999995","11.899999999999999","97.72893772893772","true","23.202","20.746000000000002","50","83.7","44","500","837","882","101","45","3","50","3","5050","2668","62","2228","92","53","2290","10.1","0","50","1000","1997","3.994","75","5.0708655747986064","0","41.6","3.614141414141414","10","700","101"
"935","BA","1000","2","0.1","50","0.1","0.5","1","platform","targeted","70","5","95","95","10.056064811709259","96.92181586190873","96.92181586190873","fixed","1","1","50","3027","5","50","23287927","v2.0-design-v1.0","16.5","4.6","11.9","97.66390354182366","true","24.381999999999994","21.445999999999998","50","83.5","46","500","835","885","101","50","3","41","7","5050","2592","62","2320","76","44","2382","10.1","0","50","1000","1997","3.994","101","5.7954768183085275","0","47.5","3.5545454545454547","10","700","101"
"936","BA","1000","2","0.1","50","0.1","0.5","1","platform","targeted","70","5","95","95","10.056064811709259","96.92181586190873","96.92181586190873","fixed","1","1","50","3027","6","50","23287928","v2.0-design-v1.0","17.200000000000003","5.7","11.500000000000004","97.35051915503044","true","24.068","20.802000000000003","50","82.8","57","500","828","885","101","57","0","42","2","5050","2719","74","2187","70","42","2261","10.1","0","50","1000","1997","3.994","81","5.041565370138652","0","41.4","3.6161616161616164","10","700","101"
"937","BA","1000","2","0.1","50","0.1","0.5","1","platform","targeted","70","5","95","95","10.056064811709259","96.92181586190873","96.92181586190873","fixed","1","1","50","3027","7","50","23287929","v2.0-design-v1.0","16.400000000000006","4.6","11.800000000000006","97.52949852507375","true","23.602000000000004","20.696000000000005","50","83.6","46","500","836","893","101","57","3","40","1","5050","2645","67","2244","94","43","2311","10.1","0","50","1000","1997","3.994","73","5.073431156890136","0","40.4","3.6262626262626263","10","700","101"
"938","BA","1000","2","0.1","50","0.1","0.5","1","platform","targeted","70","5","95","95","10.056064811709259","96.92181586190873","96.92181586190873","fixed","1","1","50","3027","8","50","23287930","v2.0-design-v1.0","16","4.3999999999999995","11.600000000000001","97.68353528153956","true","22.646000000000004","19.892","50","84","44","500","840","894","101","54","1","44","2","5050","2741","65","2165","79","45","2230","10.1","0","50","1000","1997","3.994","57","5.0060987829871015","0","41.7","3.613131313131313","10","700","101"
"939","BA","1000","2","0.1","50","0.1","0.5","1","platform","targeted","70","5","95","95","10.056064811709259","96.92181586190873","96.92181586190873","fixed","1","1","50","3027","9","50","23287931","v2.0-design-v1.0","16.200000000000003","4.3999999999999995","11.800000000000004","97.62687112084703","true","22.472","19.854","50","83.8","44","500","838","890","101","52","0","49","0","5050","2674","65","2229","82","49","2294","10.1","0","50","1000","1997","3.994","67","4.941090808554149","0","40.2","3.628282828282828","10","700","101"
"940","BA","1000","2","0.1","50","0.1","0.5","1","platform","targeted","70","5","95","95","10.056064811709259","96.92181586190873","96.92181586190873","fixed","1","1","50","3027","10","50","23287932","v2.0-design-v1.0","16","4.5","11.5","97.87080476362324","true","22.95","20.328000000000003","50","84","45","500","840","908","101","68","0","32","1","5050","2712","59","2178","101","32","2237","10.1","0","50","1000","1997","3.994","65","5.24208388367101","0","45","3.5797979797979798","10","700","101"
"941","BA","1000","2","0.1","50","0.1","0.5","1","platform","targeted","70","5","95","95","10.056064811709259","96.92181586190873","96.92181586190873","fixed","1","1","50","3027","11","50","23287933","v2.0-design-v1.0","16.700000000000003","5.800000000000001","10.900000000000002","96.85938615274804","true","23.900000000000006","20.525999999999996","50","83.3","58","500","833","888","101","55","2","40","4","5050","2714","88","2157","91","42","2245","10.1","0","50","1000","1997","3.994","71","5.318858360048157","0","45.9","3.5707070707070705","10","700","101"
"942","BA","1000","2","0.1","50","0.1","0.5","1","platform","targeted","70","5","95","95","10.056064811709259","96.92181586190873","96.92181586190873","fixed","1","1","50","3027","12","50","23287934","v2.0-design-v1.0","16.200000000000003","5.4","10.800000000000002","97.22222222222221","true","23.390000000000004","20.3","50","83.8","54","500","838","896","101","58","2","39","2","5050","2730","78","2169","73","41","2247","10.1","0","50","1000","1997","3.994","77","5.031628094491996","0","41.4","3.6161616161616164","10","700","101"
"943","BA","1000","2","0.1","50","0.1","0.5","1","platform","targeted","70","5","95","95","10.056064811709259","96.92181586190873","96.92181586190873","fixed","1","1","50","3027","13","50","23287935","v2.0-design-v1.0","16","5.4","10.6","97.42413549752999","true","22.890000000000008","19.618","50","84","54","500","840","901","101","61","1","39","0","5050","2761","73","2123","93","40","2196","10.1","0","50","1000","1997","3.994","66","4.891614446365516","0","40.7","3.6232323232323234","10","700","101"
"944","BA","1000","2","0.1","50","0.1","0.5","1","platform","targeted","70","5","95","95","10.056064811709259","96.92181586190873","96.92181586190873","fixed","1","1","50","3027","14","50","23287936","v2.0-design-v1.0","17","4.7","12.3","97.65418085508891","true","24.272","21.500000000000004","50","83","47","500","830","888","101","58","0","41","2","5050","2581","62","2307","100","41","2369","10.1","0","50","1000","1997","3.994","94","5.626688513115291","0","45.9","3.5707070707070705","10","700","101"
"945","BA","1000","2","0.1","50","0.1","0.5","1","platform","targeted","70","5","95","95","10.056064811709259","96.92181586190873","96.92181586190873","fixed","1","1","50","3027","15","50","23287937","v2.0-design-v1.0","16.799999999999997","3.9","12.899999999999997","98.13084112149532","true","23.841999999999995","21.800000000000004","50","83.2","39","500","832","892","101","60","0","40","1","5050","2730","52","2184","84","40","2236","10.1","0","50","1000","1997","3.994","80","5.29641539307633","0","43.5","3.594949494949495","10","700","101"
"946","BA","1000","2","0.1","50","0.1","0.5","1","platform","targeted","70","5","95","95","10.056064811709259","96.92181586190873","96.92181586190873","fixed","1","1","50","3027","16","50","23287938","v2.0-design-v1.0","16.900000000000006","4.3999999999999995","12.500000000000007","97.73391812865498","true","24.35000000000001","21.815999999999995","50","83.1","44","500","831","885","101","54","0","43","4","5050","2674","62","2248","66","43","2310","10.1","0","50","1000","1997","3.994","98","5.684388821700729","0","48.6","3.5434343434343436","10","700","101"
"947","BA","1000","2","0.1","50","0.1","0.5","1","platform","targeted","70","5","95","95","10.056064811709259","96.92181586190873","96.92181586190873","fixed","1","1","50","3027","17","50","23287939","v2.0-design-v1.0","16.5","5.1","11.4","97.34738372093024","true","23.826000000000004","20.727999999999998","50","83.5","51","500","835","885","101","50","0","50","1","5050","2679","73","2215","83","50","2288","10.1","0","50","1000","1997","3.994","93","5.654904238087666","0","44.7","3.5828282828282827","10","700","101"
"948","BA","1000","2","0.1","50","0.1","0.5","1","platform","targeted","70","5","95","95","10.056064811709259","96.92181586190873","96.92181586190873","fixed","1","1","50","3027","18","50","23287940","v2.0-design-v1.0","16.700000000000003","5.800000000000001","10.900000000000002","97.0842332613391","true","23.228","19.89","50","83.3","58","500","833","889","101","56","1","42","2","5050","2697","81","2196","76","43","2277","10.1","0","50","1000","1997","3.994","104","5.516375113640686","0","44.7","3.5828282828282827","10","700","101"
"949","BA","1000","2","0.1","50","0.1","0.5","1","platform","targeted","70","5","95","95","10.056064811709259","96.92181586190873","96.92181586190873","fixed","1","1","50","3027","19","50","23287941","v2.0-design-v1.0","17.200000000000003","5.1","12.100000000000003","97.32175171914585","true","23.758000000000006","20.62600000000001","50","82.8","51","500","828","880","101","52","1","47","1","5050","2689","74","2190","97","48","2264","10.1","0","50","1000","1997","3.994","78","5.4801456181378905","0","46.8","3.5616161616161617","10","700","101"
"950","BA","1000","2","0.1","50","0.1","0.5","1","platform","targeted","70","5","95","95","10.056064811709259","96.92181586190873","96.92181586190873","fixed","1","1","50","3027","20","50","23287942","v2.0-design-v1.0","16.60000000000001","4.5","12.100000000000009","97.5497159090909","true","23.318","20.896000000000004","50","83.39999999999999","45","500","834","889","101","55","2","43","1","5050","2747","69","2157","77","45","2226","10.1","0","50","1000","1997","3.994","61","4.640851376795147","0","37.3","3.6575757575757577","10","700","101"
"951","BA","1000","2","0.1","50","0.1","0.5","1","platform","targeted","70","5","95","95","10.056064811709259","96.92181586190873","96.92181586190873","fixed","1","1","50","3027","21","50","23287943","v2.0-design-v1.0","15.900000000000006","5.2","10.700000000000006","97.47706422018348","true","22.310000000000006","19.46","50","84.1","52","500","841","888","101","47","2","48","4","5050","2550","66","2362","72","50","2428","10.1","0","50","1000","1997","3.994","112","5.961501782563167","0","50.1","3.5282828282828285","10","700","101"
"952","BA","1000","2","0.1","50","0.1","0.5","1","platform","targeted","70","5","95","95","10.056064811709259","96.92181586190873","96.92181586190873","fixed","1","1","50","3027","22","50","23287944","v2.0-design-v1.0","17.700000000000003","5.5","12.200000000000003","97.38423471191233","true","24.451999999999995","21.392000000000007","50","82.3","55","500","823","875","101","52","1","45","3","5050","2755","74","2139","82","46","2213","10.1","0","50","1000","1997","3.994","69","5.20836741129992","0","43.1","3.598989898989899","10","700","101"
"953","BA","1000","2","0.1","50","0.1","0.5","1","platform","targeted","70","5","95","95","10.056064811709259","96.92181586190873","96.92181586190873","fixed","1","1","50","3027","23","50","23287945","v2.0-design-v1.0","14.600000000000009","4.9","9.700000000000008","97.60501105379514","true","22.08199999999999","19.166000000000004","50","85.39999999999999","49","500","854","912","101","58","2","40","1","5050","2649","65","2236","100","42","2301","10.1","0","50","1000","1997","3.994","79","5.07244454811421","0","42.5","3.605050505050505","10","700","101"
"954","BA","1000","2","0.1","50","0.1","0.5","1","platform","targeted","70","5","95","95","10.056064811709259","96.92181586190873","96.92181586190873","fixed","1","1","50","3027","24","50","23287946","v2.0-design-v1.0","16","5.2","10.8","97.84347826086956","true","23.998","20.916000000000004","50","84","52","500","840","898","101","58","2","39","2","5050","2813","62","2095","80","41","2157","10.1","0","50","1000","1997","3.994","94","5.293957875728704","0","42.3","3.607070707070707","10","700","101"
"955","BA","1000","2","0.1","50","0.1","0.5","1","platform","targeted","70","5","95","95","10.056064811709259","96.92181586190873","96.92181586190873","fixed","1","1","50","3027","25","50","23287947","v2.0-design-v1.0","16.799999999999997","5","11.799999999999997","97.59162303664921","true","23.638000000000005","20.63","50","83.2","50","500","832","884","101","52","1","47","1","5050","2796","69","2108","77","48","2177","10.1","0","50","1000","1997","3.994","71","4.991480629921224","0","41.6","3.614141414141414","10","700","101"
"956","BA","1000","2","0.1","50","0.1","0.5","1","platform","targeted","70","5","95","95","10.056064811709259","96.92181586190873","96.92181586190873","fixed","1","1","50","3027","26","50","23287948","v2.0-design-v1.0","15.200000000000003","4.7","10.500000000000004","97.58683729433272","true","22.268","19.584000000000007","50","84.8","47","500","848","904","101","56","1","43","1","5050","2669","66","2215","100","44","2281","10.1","0","50","1000","1997","3.994","80","5.4193480542712145","0","46.3","3.566666666666667","10","700","101"
"957","BA","1000","2","0.1","50","0.1","0.5","1","platform","targeted","70","5","95","95","10.056064811709259","96.92181586190873","96.92181586190873","fixed","1","1","50","3027","27","50","23287949","v2.0-design-v1.0","16.400000000000006","5.4","11.000000000000005","97.24037763253449","true","22.718000000000007","19.594000000000005","50","83.6","54","500","836","892","101","56","1","44","0","5050","2678","76","2205","91","45","2281","10.1","0","50","1000","1997","3.994","78","5.206829656813725","0","44.2","3.587878787878788","10","700","101"
"958","BA","1000","2","0.1","50","0.1","0.5","1","platform","targeted","70","5","95","95","10.056064811709259","96.92181586190873","96.92181586190873","fixed","1","1","50","3027","28","50","23287950","v2.0-design-v1.0","16.400000000000006","5.5","10.900000000000006","97.17514124293785","true","24.476","21.138000000000005","50","83.6","55","500","836","894","101","58","2","41","0","5050","2752","80","2129","89","43","2209","10.1","0","50","1000","1997","3.994","71","5.226976686889394","0","42","3.61010101010101","10","700","101"
"959","BA","1000","2","0.1","50","0.1","0.5","1","platform","targeted","70","5","95","95","10.056064811709259","96.92181586190873","96.92181586190873","fixed","1","1","50","3027","29","50","23287951","v2.0-design-v1.0","17.10000000000001","4.1000000000000005","13.000000000000007","97.84120014635931","true","24.436","22.038000000000007","50","82.89999999999999","41","500","829","882","101","53","1","43","4","5050","2674","59","2219","98","44","2278","10.1","0","50","1000","1997","3.994","88","5.307743035993362","0","42.2","3.608080808080808","10","700","101"
"961","BA","1000","2","0.1","50","0.1","0.5","1","platform","targeted","70","5","95","95","55.84188150878899","83.89490776813642","83.89490776813642","fixed","1","1","50","3028","1","50","23288923","v2.0-design-v1.0","99.7","82.6","17.10000000000001","21.669400400947694","true","94.90200000000004","34.114000000000004","50","0.3","826","500","3","5","558","2","92","463","1","27900","1189","4298","22192","221","555","26490","55.8","0","50","1000","1997","3.994","105","6.205358206459218","0","51.3","3.5161616161616163","10","700","558"
"960","BA","1000","2","0.1","50","0.1","0.5","1","platform","targeted","70","5","95","95","10.056064811709259","96.92181586190873","96.92181586190873","fixed","1","1","50","3027","30","50","23287952","v2.0-design-v1.0","16.700000000000003","4.7","12.000000000000004","97.82453637660485","true","23.424","20.714000000000006","50","83.3","47","500","833","892","101","59","2","36","4","5050","2743","61","2151","95","38","2212","10.1","0","50","1000","1997","3.994","80","5.0356053579804305","0","43.4","3.595959595959596","10","700","101"
"962","BA","1000","2","0.1","50","0.1","0.5","1","platform","targeted","70","5","95","95","55.84188150878899","83.89490776813642","83.89490776813642","fixed","1","1","50","3028","2","50","23288924","v2.0-design-v1.0","99.4","78.4","21","22.38260551799744","true","94.29199999999999","36.014","50","0.6","784","500","6","8","558","2","79","476","1","27900","1225","4248","22194","233","555","26442","55.8","0","50","1000","1997","3.994","78","5.290174850602751","0","44.8","3.581818181818182","10","700","558"
"963","BA","1000","2","0.1","50","0.1","0.5","1","platform","targeted","70","5","95","95","55.84188150878899","83.89490776813642","83.89490776813642","fixed","1","1","50","3028","3","50","23288925","v2.0-design-v1.0","99.4","71.7","27.700000000000003","24.319386077105793","true","92.70599999999996","37.48000000000001","50","0.6","717","500","6","6","558","0","88","470","0","27900","1331","4142","22199","228","558","26341","55.8","0","50","1000","1997","3.994","62","5.050690395725454","0","42.7","3.603030303030303","10","700","558"
"964","BA","1000","2","0.1","50","0.1","0.5","1","platform","targeted","70","5","95","95","55.84188150878899","83.89490776813642","83.89490776813642","fixed","1","1","50","3028","4","50","23288926","v2.0-design-v1.0","99.6","78.60000000000001","20.999999999999986","23.643825838686652","true","93.83","34.464","50","0.4","786","500","4","5","558","1","75","482","0","27900","1325","4279","22045","251","557","26324","55.8","0","50","1000","1997","3.994","95","5.21911900642274","0","42.2","3.608080808080808","10","700","558"
"965","BA","1000","2","0.1","50","0.1","0.5","1","platform","targeted","70","5","95","95","55.84188150878899","83.89490776813642","83.89490776813642","fixed","1","1","50","3028","5","50","23288927","v2.0-design-v1.0","98.1","73.7","24.39999999999999","27.223578653644925","true","91.20800000000001","34.628","50","1.9","737","500","19","29","558","10","74","472","2","27900","1561","4173","21880","286","546","26053","55.8","0","50","1000","1997","3.994","74","5.136959446243687","0","44.1","3.588888888888889","10","700","558"
"966","BA","1000","2","0.1","50","0.1","0.5","1","platform","targeted","70","5","95","95","55.84188150878899","83.89490776813642","83.89490776813642","fixed","1","1","50","3028","6","50","23288928","v2.0-design-v1.0","99.6","82.89999999999999","16.700000000000003","23.60554137805323","true","94.37400000000005","32.83599999999999","50","0.4","829","500","4","5","558","1","86","470","1","27900","1295","4191","22168","246","556","26359","55.8","0","50","1000","1997","3.994","84","5.315469708146038","0","43.3","3.596969696969697","10","700","558"
"967","BA","1000","2","0.1","50","0.1","0.5","1","platform","targeted","70","5","95","95","55.84188150878899","83.89490776813642","83.89490776813642","fixed","1","1","50","3028","7","50","23288929","v2.0-design-v1.0","99.2","78.7","20.5","21.501644135915235","true","94.47200000000002","36.19","50","0.8","787","500","8","8","558","0","94","463","1","27900","1177","4297","22196","230","557","26493","55.8","0","50","1000","1997","3.994","72","5.194896625627007","0","42.9","3.601010101010101","10","700","558"
"968","BA","1000","2","0.1","50","0.1","0.5","1","platform","targeted","70","5","95","95","55.84188150878899","83.89490776813642","83.89490776813642","fixed","1","1","50","3028","8","50","23288930","v2.0-design-v1.0","98.3","72.39999999999999","25.900000000000006","27.639484978540775","true","91.02799999999999","35.778","50","1.7000000000000002","724","500","17","26","558","9","95","453","1","27900","1610","4215","21757","318","548","25972","55.8","0","50","1000","1997","3.994","117","5.382093545353038","0","41.7","3.613131313131313","10","700","558"
"969","BA","1000","2","0.1","50","0.1","0.5","1","platform","targeted","70","5","95","95","55.84188150878899","83.89490776813642","83.89490776813642","fixed","1","1","50","3028","9","50","23288931","v2.0-design-v1.0","99.6","76.9","22.69999999999999","25.803633822501748","true","92.34600000000002","34.324","50","0.4","769","500","4","6","558","2","81","475","0","27900","1477","4247","21885","291","556","26132","55.8","0","50","1000","1997","3.994","76","5.204137493095947","0","43.7","3.592929292929293","10","700","558"
"970","BA","1000","2","0.1","50","0.1","0.5","1","platform","targeted","70","5","95","95","55.84188150878899","83.89490776813642","83.89490776813642","fixed","1","1","50","3028","10","50","23288932","v2.0-design-v1.0","99.9","83.39999999999999","16.500000000000014","20.68095838587642","true","95.34800000000003","33.751999999999995","50","0.1","834","500","1","1","558","0","103","455","0","27900","1148","4403","22128","221","558","26531","55.8","0","50","1000","1997","3.994","52","4.708517190595574","0","36.9","3.6616161616161618","10","700","558"
"971","BA","1000","2","0.1","50","0.1","0.5","1","platform","targeted","70","5","95","95","55.84188150878899","83.89490776813642","83.89490776813642","fixed","1","1","50","3028","11","50","23288933","v2.0-design-v1.0","99.3","75.7","23.599999999999994","23.605613530046778","true","92.866","35.304","50","0.7000000000000001","757","500","7","9","558","2","85","471","0","27900","1312","4246","22107","235","556","26353","55.8","0","50","1000","1997","3.994","63","5.007298377072905","0","42.7","3.603030303030303","10","700","558"
"972","BA","1000","2","0.1","50","0.1","0.5","1","platform","targeted","70","5","95","95","55.84188150878899","83.89490776813642","83.89490776813642","fixed","1","1","50","3028","12","50","23288934","v2.0-design-v1.0","97.3","71.3","26","27.416038382453735","true","90.73799999999997","36.06799999999999","50","2.7","713","500","27","36","558","9","98","449","2","27900","1600","4236","21788","276","547","26024","55.8","0","50","1000","1997","3.994","92","5.107646429819895","0","41.4","3.6161616161616164","10","700","558"
"973","BA","1000","2","0.1","50","0.1","0.5","1","platform","targeted","70","5","95","95","55.84188150878899","83.89490776813642","83.89490776813642","fixed","1","1","50","3028","13","50","23288935","v2.0-design-v1.0","99.5","78.8","20.700000000000003","24.02762631770265","true","93.428","34.992000000000004","50","0.5","788","500","5","8","558","3","91","464","0","27900","1322","4180","22153","245","555","26333","55.8","0","50","1000","1997","3.994","67","4.820498024188071","0","38.8","3.6424242424242426","10","700","558"
"974","BA","1000","2","0.1","50","0.1","0.5","1","platform","targeted","70","5","95","95","55.84188150878899","83.89490776813642","83.89490776813642","fixed","1","1","50","3028","14","50","23288936","v2.0-design-v1.0","99.2","75.9","23.299999999999997","23.107714701601164","true","94.04400000000001","36.73999999999999","50","0.8","759","500","8","8","558","0","78","479","1","27900","1270","4226","22135","269","557","26361","55.8","0","50","1000","1997","3.994","106","5.966704749320675","0","49.4","3.5353535353535355","10","700","558"
"975","BA","1000","2","0.1","50","0.1","0.5","1","platform","targeted","70","5","95","95","55.84188150878899","83.89490776813642","83.89490776813642","fixed","1","1","50","3028","15","50","23288937","v2.0-design-v1.0","99.4","80.30000000000001","19.099999999999994","23.675675675675674","true","94.20600000000002","35.942","50","0.6","803","500","6","8","558","2","98","456","2","27900","1314","4236","22123","227","554","26359","55.8","0","50","1000","1997","3.994","100","5.624375307320587","0","47.2","3.5575757575757576","10","700","558"
"976","BA","1000","2","0.1","50","0.1","0.5","1","platform","targeted","70","5","95","95","55.84188150878899","83.89490776813642","83.89490776813642","fixed","1","1","50","3028","16","50","23288938","v2.0-design-v1.0","99.8","79.7","20.099999999999994","23.562152133580703","true","94.28800000000005","35.52799999999999","50","0.2","797","500","2","3","558","1","77","480","0","27900","1270","4120","22270","240","557","26390","55.8","0","50","1000","1997","3.994","90","5.572164122942982","0","48","3.5494949494949495","10","700","558"
"977","BA","1000","2","0.1","50","0.1","0.5","1","platform","targeted","70","5","95","95","55.84188150878899","83.89490776813642","83.89490776813642","fixed","1","1","50","3028","17","50","23288939","v2.0-design-v1.0","99.7","77.3","22.400000000000006","24.061371841155236","true","93.55799999999999","36.24400000000001","50","0.3","773","500","3","3","558","0","81","477","0","27900","1333","4207","22138","222","558","26345","55.8","0","50","1000","1997","3.994","50","4.4458665892860125","0","34.2","3.688888888888889","10","700","558"
"978","BA","1000","2","0.1","50","0.1","0.5","1","platform","targeted","70","5","95","95","55.84188150878899","83.89490776813642","83.89490776813642","fixed","1","1","50","3028","18","50","23288940","v2.0-design-v1.0","99","78.60000000000001","20.39999999999999","24.098150521882438","true","93.31800000000001","34.226","50","1","786","500","10","15","558","5","76","476","1","27900","1316","4145","22168","271","552","26313","55.8","0","50","1000","1997","3.994","94","5.582035750792271","0","44","3.5898989898989897","10","700","558"
"979","BA","1000","2","0.1","50","0.1","0.5","1","platform","targeted","70","5","95","95","55.84188150878899","83.89490776813642","83.89490776813642","fixed","1","1","50","3028","19","50","23288941","v2.0-design-v1.0","99.9","82.69999999999999","17.200000000000017","21.6975932390226","true","94.88399999999996","34.56599999999999","50","0.1","827","500","1","2","558","1","69","488","0","27900","1181","4262","22230","227","557","26492","55.8","0","50","1000","1997","3.994","60","4.845765723334691","0","39.6","3.6343434343434344","10","700","558"
"980","BA","1000","2","0.1","50","0.1","0.5","1","platform","targeted","70","5","95","95","55.84188150878899","83.89490776813642","83.89490776813642","fixed","1","1","50","3028","20","50","23288942","v2.0-design-v1.0","98.4","74.4","24","25.602409638554217","true","92.514","36.123999999999995","50","1.6","744","500","16","21","558","5","89","462","2","27900","1445","4199","21975","281","551","26174","55.8","0","50","1000","1997","3.994","78","4.803440125268239","0","37.2","3.6585858585858584","10","700","558"
"981","BA","1000","2","0.1","50","0.1","0.5","1","platform","targeted","70","5","95","95","55.84188150878899","83.89490776813642","83.89490776813642","fixed","1","1","50","3028","21","50","23288943","v2.0-design-v1.0","99.2","79.4","19.799999999999997","24.23090843286283","true","93.44399999999997","34.764","50","0.8","794","500","8","14","558","6","86","466","0","27900","1339","4187","22111","263","552","26298","55.8","0","50","1000","1997","3.994","68","4.992282733067786","0","41.4","3.6161616161616164","10","700","558"
"982","BA","1000","2","0.1","50","0.1","0.5","1","platform","targeted","70","5","95","95","55.84188150878899","83.89490776813642","83.89490776813642","fixed","1","1","50","3028","22","50","23288944","v2.0-design-v1.0","99.8","83.5","16.299999999999997","21.566803126163006","true","95.182","33.738","50","0.2","835","500","2","2","558","0","88","470","0","27900","1159","4215","22304","222","558","26519","55.8","0","50","1000","1997","3.994","83","5.645337353412442","0","47.4","3.5555555555555554","10","700","558"
"983","BA","1000","2","0.1","50","0.1","0.5","1","platform","targeted","70","5","95","95","55.84188150878899","83.89490776813642","83.89490776813642","fixed","1","1","50","3028","23","50","23288945","v2.0-design-v1.0","99.2","77.8","21.400000000000006","24.084984824138548","true","93.45199999999998","35.326","50","0.8","778","500","8","18","558","10","87","458","3","27900","1349","4252","22012","287","545","26264","55.8","0","50","1000","1997","3.994","70","5.148443499784218","0","43","3.6","10","700","558"
"984","BA","1000","2","0.1","50","0.1","0.5","1","platform","targeted","70","5","95","95","55.84188150878899","83.89490776813642","83.89490776813642","fixed","1","1","50","3028","24","50","23288946","v2.0-design-v1.0","99.3","75.7","23.599999999999994","25.420662203727158","true","92.94000000000001","36.012","50","0.7000000000000001","757","500","7","10","558","3","102","452","1","27900","1405","4122","22091","282","554","26213","55.8","0","50","1000","1997","3.994","78","5.028842138430392","0","41.5","3.6151515151515152","10","700","558"
"985","BA","1000","2","0.1","50","0.1","0.5","1","platform","targeted","70","5","95","95","55.84188150878899","83.89490776813642","83.89490776813642","fixed","1","1","50","3028","25","50","23288947","v2.0-design-v1.0","99","76.7","22.299999999999997","23.73630258041711","true","93.13400000000001","35.982000000000006","50","1","767","500","10","11","558","1","84","473","0","27900","1343","4315","21995","247","557","26310","55.8","0","50","1000","1997","3.994","82","5.500565445499227","0","45.5","3.5747474747474746","10","700","558"
"986","BA","1000","2","0.1","50","0.1","0.5","1","platform","targeted","70","5","95","95","55.84188150878899","83.89490776813642","83.89490776813642","fixed","1","1","50","3028","26","50","23288948","v2.0-design-v1.0","99.1","78.5","20.599999999999994","24.073739381890473","true","93.22800000000001","34.916","50","0.8999999999999999","785","500","9","11","558","2","86","470","0","27900","1332","4201","22120","247","556","26321","55.8","0","50","1000","1997","3.994","81","5.250097858852484","0","43.9","3.590909090909091","10","700","558"
"987","BA","1000","2","0.1","50","0.1","0.5","1","platform","targeted","70","5","95","95","55.84188150878899","83.89490776813642","83.89490776813642","fixed","1","1","50","3028","27","50","23288949","v2.0-design-v1.0","99.6","77.10000000000001","22.499999999999986","21.622123236822567","true","94.56600000000002","36.3","50","0.4","771","500","4","5","558","1","96","460","1","27900","1165","4223","22302","210","556","26525","55.8","0","50","1000","1997","3.994","78","5.102548382916116","0","42.2","3.608080808080808","10","700","558"
"988","BA","1000","2","0.1","50","0.1","0.5","1","platform","targeted","70","5","95","95","55.84188150878899","83.89490776813642","83.89490776813642","fixed","1","1","50","3028","28","50","23288950","v2.0-design-v1.0","99.2","76.9","22.299999999999997","23.787988422575975","true","93.25200000000002","35.466","50","0.8","769","500","8","9","558","1","92","464","1","27900","1315","4213","22147","225","556","26360","55.8","0","50","1000","1997","3.994","71","5.160871883567591","0","42.6","3.604040404040404","10","700","558"
"989","BA","1000","2","0.1","50","0.1","0.5","1","platform","targeted","70","5","95","95","55.84188150878899","83.89490776813642","83.89490776813642","fixed","1","1","50","3028","29","50","23288951","v2.0-design-v1.0","99.4","73.5","25.900000000000006","26.07219442458899","true","92.17999999999998","36.75","50","0.6","735","500","6","6","558","0","90","466","2","27900","1459","4137","22022","282","556","26159","55.8","0","50","1000","1997","3.994","73","4.76452145180023","0","37.9","3.6515151515151514","10","700","558"
"990","BA","1000","2","0.1","50","0.1","0.5","1","platform","targeted","70","5","95","95","55.84188150878899","83.89490776813642","83.89490776813642","fixed","1","1","50","3028","30","50","23288952","v2.0-design-v1.0","97.7","71.8","25.900000000000006","26.808873720136518","true","90.96400000000001","35.60799999999999","50","2.3","718","500","23","42","558","19","81","456","2","27900","1571","4289","21764","276","537","26053","55.8","0","50","1000","1997","3.994","79","4.926076555457711","0","39.5","3.6353535353535356","10","700","558"
"991","BA","1000","2","0.1","50","0.1","0.5","1","platform","targeted","70","5","95","95","25.753185276203695","76.54494338985053","76.54494338985053","fixed","1","1","50","3029","1","50","23289923","v2.0-design-v1.0","33.099999999999994","28.7","4.399999999999995","65.60000000000001","true","41.84599999999998","17.894000000000002","50","66.9","287","500","669","743","258","74","34","127","23","12900","3690","1935","6171","1104","161","8106","25.8","0","50","1000","1997","3.994","72","5.294714156401448","0","45.2","3.577777777777778","10","700","258"
"992","BA","1000","2","0.1","50","0.1","0.5","1","platform","targeted","70","5","95","95","25.753185276203695","76.54494338985053","76.54494338985053","fixed","1","1","50","3029","2","50","23289924","v2.0-design-v1.0","32.39999999999999","30.4","1.999999999999993","69.14265879902811","true","39.404","14.081999999999995","50","67.60000000000001","304","500","676","761","258","85","34","116","23","12900","3984","1778","5906","1232","150","7684","25.8","0","50","1000","1997","3.994","62","4.653990075582836","0","39.2","3.6383838383838385","10","700","258"
"993","BA","1000","2","0.1","50","0.1","0.5","1","platform","targeted","70","5","95","95","25.753185276203695","76.54494338985053","76.54494338985053","fixed","1","1","50","3029","3","50","23289925","v2.0-design-v1.0","32.599999999999994","29.799999999999997","2.799999999999997","66.39256346085091","true","40.37799999999999","15.072000000000008","50","67.4","298","500","674","763","258","89","36","105","28","12900","3714","1880","6162","1144","141","8042","25.8","0","50","1000","1997","3.994","95","5.755439956170946","0","49","3.5393939393939395","10","700","258"
"994","BA","1000","2","0.1","50","0.1","0.5","1","platform","targeted","70","5","95","95","25.753185276203695","76.54494338985053","76.54494338985053","fixed","1","1","50","3029","4","50","23289926","v2.0-design-v1.0","31.5","29.2","2.3000000000000007","67.6496872207328","true","39.52399999999999","14.719999999999995","50","68.5","292","500","685","759","258","74","41","112","31","12900","3785","1810","6085","1220","153","7895","25.8","0","50","1000","1997","3.994","92","5.23998296003158","0","41.1","3.6191919191919193","10","700","258"
"995","BA","1000","2","0.1","50","0.1","0.5","1","platform","targeted","70","5","95","95","25.753185276203695","76.54494338985053","76.54494338985053","fixed","1","1","50","3029","5","50","23289927","v2.0-design-v1.0","34","28.9","5.100000000000001","65.51045950295011","true","42.06399999999999","17.708000000000006","50","66","289","500","660","737","258","77","30","122","29","12900","3664","1929","6189","1118","152","8118","25.8","0","50","1000","1997","3.994","102","5.388413402755851","0","44.2","3.587878787878788","10","700","258"
"996","BA","1000","2","0.1","50","0.1","0.5","1","platform","targeted","70","5","95","95","25.753185276203695","76.54494338985053","76.54494338985053","fixed","1","1","50","3029","6","50","23289928","v2.0-design-v1.0","31.599999999999994","28.199999999999996","3.3999999999999986","66.75565047161417","true","39.089999999999996","14.980000000000002","50","68.4","282","500","684","773","258","89","33","109","27","12900","3751","1868","6156","1125","142","8024","25.8","0","50","1000","1997","3.994","94","5.092336977841877","0","39.5","3.6353535353535356","10","700","258"
"997","BA","1000","2","0.1","50","0.1","0.5","1","platform","targeted","70","5","95","95","25.753185276203695","76.54494338985053","76.54494338985053","fixed","1","1","50","3029","7","50","23289929","v2.0-design-v1.0","32.599999999999994","30.2","2.399999999999995","68.30514446793516","true","41.391999999999996","16.04","50","67.4","302","500","674","766","258","92","33","106","27","12900","3877","1799","6031","1193","139","7830","25.8","0","50","1000","1997","3.994","57","4.437528101956717","0","34.7","3.683838383838384","10","700","258"
"998","BA","1000","2","0.1","50","0.1","0.5","1","platform","targeted","70","5","95","95","25.753185276203695","76.54494338985053","76.54494338985053","fixed","1","1","50","3029","8","50","23289930","v2.0-design-v1.0","32","27.500000000000004","4.4999999999999964","66.45056726094003","true","40.914","17.115999999999993","50","68","275","500","680","762","258","82","31","120","25","12900","3690","1863","6261","1086","151","8124","25.8","0","50","1000","1997","3.994","87","5.391384889898967","0","45","3.5797979797979798","10","700","258"
"999","BA","1000","2","0.1","50","0.1","0.5","1","platform","targeted","70","5","95","95","25.753185276203695","76.54494338985053","76.54494338985053","fixed","1","1","50","3029","9","50","23289931","v2.0-design-v1.0","33.3","30","3.299999999999997","67.46155175393123","true","39.996","14.633999999999997","50","66.7","300","500","667","749","258","82","38","117","21","12900","3904","1883","5919","1194","155","7802","25.8","0","50","1000","1997","3.994","79","5.02625379653944","0","40.3","3.6272727272727274","10","700","258"
"1000","BA","1000","2","0.1","50","0.1","0.5","1","platform","targeted","70","5","95","95","25.753185276203695","76.54494338985053","76.54494338985053","fixed","1","1","50","3029","10","50","23289932","v2.0-design-v1.0","33","30.3","2.6999999999999993","66.94081888074379","true","41.047999999999995","15.981999999999994","50","67","303","500","670","750","258","80","43","112","23","12900","3744","1849","6124","1183","155","7973","25.8","0","50","1000","1997","3.994","89","5.578448089126852","0","45.8","3.5717171717171716","10","700","258"
"1001","BA","1000","2","0.1","50","0.1","0.5","1","platform","targeted","70","5","95","95","25.753185276203695","76.54494338985053","76.54494338985053","fixed","1","1","50","3029","11","50","23289933","v2.0-design-v1.0","31.799999999999997","29.4","2.3999999999999986","68.68829337094499","true","40.06399999999999","15.541999999999998","50","68.2","294","500","682","765","258","83","26","120","29","12900","3896","1776","5994","1234","146","7770","25.8","0","50","1000","1997","3.994","60","4.86164577068296","0","41","3.6202020202020204","10","700","258"
"1002","BA","1000","2","0.1","50","0.1","0.5","1","platform","targeted","70","5","95","95","25.753185276203695","76.54494338985053","76.54494338985053","fixed","1","1","50","3029","12","50","23289934","v2.0-design-v1.0","34.7","29.7","5.0000000000000036","67.58213106205459","true","41.4","16.632","50","65.3","297","500","653","739","258","86","42","109","21","12900","3888","1865","6031","1116","151","7896","25.8","0","50","1000","1997","3.994","80","5.27197854299102","0","43.8","3.591919191919192","10","700","258"
"1003","BA","1000","2","0.1","50","0.1","0.5","1","platform","targeted","70","5","95","95","25.753185276203695","76.54494338985053","76.54494338985053","fixed","1","1","50","3029","13","50","23289935","v2.0-design-v1.0","32.89999999999999","30.599999999999998","2.2999999999999936","68.21894005212859","true","40.356","15.057999999999991","50","67.10000000000001","306","500","671","746","258","75","27","122","34","12900","3926","1829","5999","1146","149","7828","25.8","0","50","1000","1997","3.994","89","5.067903673872223","0","41.9","3.611111111111111","10","700","258"
"1004","BA","1000","2","0.1","50","0.1","0.5","1","platform","targeted","70","5","95","95","25.753185276203695","76.54494338985053","76.54494338985053","fixed","1","1","50","3029","14","50","23289936","v2.0-design-v1.0","32.599999999999994","28.9","3.6999999999999957","66.83291770573567","true","40.205999999999996","16.166","50","67.4","289","500","674","751","258","77","34","121","26","12900","3752","1862","6129","1157","155","7991","25.8","0","50","1000","1997","3.994","84","5.389527902424378","0","44.6","3.583838383838384","10","700","258"
"1006","BA","1000","2","0.1","50","0.1","0.5","1","platform","targeted","70","5","95","95","25.753185276203695","76.54494338985053","76.54494338985053","fixed","1","1","50","3029","16","50","23289938","v2.0-design-v1.0","31.5","29.7","1.8000000000000007","67.34342739160358","true","40.26","15.012","50","68.5","297","500","685","772","258","87","36","103","32","12900","3914","1898","5930","1158","139","7828","25.8","0","50","1000","1997","3.994","70","4.939267188597946","0","41.4","3.6161616161616164","10","700","258"
"1005","BA","1000","2","0.1","50","0.1","0.5","1","platform","targeted","70","5","95","95","25.753185276203695","76.54494338985053","76.54494338985053","fixed","1","1","50","3029","15","50","23289937","v2.0-design-v1.0","31.5","29.5","2","67.42926999650716","true","39.76799999999999","14.971999999999994","50","68.5","295","500","685","766","258","81","43","110","24","12900","3861","1865","5952","1222","153","7817","25.8","0","50","1000","1997","3.994","74","4.932168923535587","0","40","3.6303030303030304","10","700","258"
"1008","BA","1000","2","0.1","50","0.1","0.5","1","platform","targeted","70","5","95","95","25.753185276203695","76.54494338985053","76.54494338985053","fixed","1","1","50","3029","18","50","23289940","v2.0-design-v1.0","30","29.4","0.6000000000000014","67.67036450079239","true","38.80799999999999","14.5","50","70","294","500","700","783","258","83","37","110","28","12900","3843","1836","5987","1234","147","7823","25.8","0","50","1000","1997","3.994","89","5.790465740637226","0","49.1","3.5383838383838384","10","700","258"
"1007","BA","1000","2","0.1","50","0.1","0.5","1","platform","targeted","70","5","95","95","25.753185276203695","76.54494338985053","76.54494338985053","fixed","1","1","50","3029","17","50","23289939","v2.0-design-v1.0","32.69999999999999","29.7","2.9999999999999893","67.09326788218793","true","40.290000000000006","15.599999999999998","50","67.30000000000001","297","500","673","759","258","86","34","114","24","12900","3827","1877","5973","1223","148","7850","25.8","0","50","1000","1997","3.994","61","5.004298852687247","0","43.1","3.598989898989899","10","700","258"
"1009","BA","1000","2","0.1","50","0.1","0.5","1","platform","targeted","70","5","95","95","25.753185276203695","76.54494338985053","76.54494338985053","fixed","1","1","50","3029","19","50","23289941","v2.0-design-v1.0","32.89999999999999","29.7","3.199999999999992","66.13446868901897","true","41.36200000000001","16.084000000000003","50","67.10000000000001","297","500","671","753","258","82","29","121","26","12900","3728","1909","6132","1131","150","8041","25.8","0","50","1000","1997","3.994","103","5.200289127251184","0","40.2","3.628282828282828","10","700","258"
"1010","BA","1000","2","0.1","50","0.1","0.5","1","platform","targeted","70","5","95","95","25.753185276203695","76.54494338985053","76.54494338985053","fixed","1","1","50","3029","20","50","23289942","v2.0-design-v1.0","31.39999999999999","30.2","1.1999999999999922","67.30230930720784","true","40.07","14.106000000000002","50","68.60000000000001","302","500","686","771","258","85","33","112","28","12900","3847","1869","5998","1186","145","7867","25.8","0","50","1000","1997","3.994","77","5.2533381350872","0","44.8","3.581818181818182","10","700","258"
"1011","BA","1000","2","0.1","50","0.1","0.5","1","platform","targeted","70","5","95","95","25.753185276203695","76.54494338985053","76.54494338985053","fixed","1","1","50","3029","21","50","23289943","v2.0-design-v1.0","32.8","29.599999999999998","3.1999999999999993","66.82497801231311","true","40.773999999999994","15.865999999999994","50","67.2","296","500","672","753","258","81","45","108","24","12900","3799","1886","6100","1115","153","7986","25.8","0","50","1000","1997","3.994","77","5.182549837948759","0","43.6","3.5939393939393938","10","700","258"
"1012","BA","1000","2","0.1","50","0.1","0.5","1","platform","targeted","70","5","95","95","25.753185276203695","76.54494338985053","76.54494338985053","fixed","1","1","50","3029","22","50","23289944","v2.0-design-v1.0","33.39999999999999","29.2","4.199999999999992","66.22668074621612","true","40.873999999999995","16.334","50","66.60000000000001","292","500","666","730","258","64","34","134","26","12900","3763","1919","6062","1156","168","7981","25.8","0","50","1000","1997","3.994","81","5.12935417711374","0","40","3.6303030303030304","10","700","258"
"1013","BA","1000","2","0.1","50","0.1","0.5","1","platform","targeted","70","5","95","95","25.753185276203695","76.54494338985053","76.54494338985053","fixed","1","1","50","3029","23","50","23289945","v2.0-design-v1.0","31.69999999999999","29.9","1.79999999999999","67.03102961918195","true","39.86","14.461999999999994","50","68.30000000000001","299","500","683","755","258","72","25","129","32","12900","3802","1870","5992","1236","154","7862","25.8","0","50","1000","1997","3.994","119","5.8890274786797265","0","45.4","3.5757575757575757","10","700","258"
"1014","BA","1000","2","0.1","50","0.1","0.5","1","platform","targeted","70","5","95","95","25.753185276203695","76.54494338985053","76.54494338985053","fixed","1","1","50","3029","24","50","23289946","v2.0-design-v1.0","32.099999999999994","28.9","3.1999999999999957","66.9605902465359","true","40.00400000000001","15.780000000000005","50","67.9","289","500","679","757","258","78","24","134","22","12900","3721","1836","6150","1193","158","7986","25.8","0","50","1000","1997","3.994","82","5.266849504561869","0","43.5","3.594949494949495","10","700","258"
"1015","BA","1000","2","0.1","50","0.1","0.5","1","platform","targeted","70","5","95","95","25.753185276203695","76.54494338985053","76.54494338985053","fixed","1","1","50","3029","25","50","23289947","v2.0-design-v1.0","32","29.4","2.6000000000000014","67.95842874757795","true","40.309999999999995","15.483999999999998","50","68","294","500","680","759","258","79","34","121","24","12900","3858","1819","6015","1208","155","7834","25.8","0","50","1000","1997","3.994","96","5.5083850905965335","0","44.6","3.583838383838384","10","700","258"
"1016","BA","1000","2","0.1","50","0.1","0.5","1","platform","targeted","70","5","95","95","25.753185276203695","76.54494338985053","76.54494338985053","fixed","1","1","50","3029","26","50","23289948","v2.0-design-v1.0","33.7","29.5","4.200000000000003","66.66069188026528","true","41.36599999999999","16.658","50","66.3","295","500","663","746","258","83","34","123","18","12900","3719","1860","6131","1190","157","7991","25.8","0","50","1000","1997","3.994","67","5.268369740225113","0","45.5","3.5747474747474746","10","700","258"
"1018","BA","1000","2","0.1","50","0.1","0.5","1","platform","targeted","70","5","95","95","25.753185276203695","76.54494338985053","76.54494338985053","fixed","1","1","50","3029","28","50","23289950","v2.0-design-v1.0","34.39999999999999","30.2","4.199999999999992","66.13850810040948","true","42.324000000000005","17.272000000000002","50","65.60000000000001","302","500","656","739","258","83","31","121","23","12900","3715","1902","6194","1089","152","8096","25.8","0","50","1000","1997","3.994","92","5.217200703747472","0","43","3.6","10","700","258"
"1017","BA","1000","2","0.1","50","0.1","0.5","1","platform","targeted","70","5","95","95","25.753185276203695","76.54494338985053","76.54494338985053","fixed","1","1","50","3029","27","50","23289949","v2.0-design-v1.0","33.3","28.000000000000004","5.299999999999994","66.1874334398296","true","41.988","18.064","50","66.7","280","500","667","744","258","77","43","118","20","12900","3729","1905","6136","1130","161","8041","25.8","0","50","1000","1997","3.994","73","5.115283973557088","0","44","3.5898989898989897","10","700","258"
"1019","BA","1000","2","0.1","50","0.1","0.5","1","platform","targeted","70","5","95","95","25.753185276203695","76.54494338985053","76.54494338985053","fixed","1","1","50","3029","29","50","23289951","v2.0-design-v1.0","33","30","3","67.47264384045182","true","40.68","15.500000000000002","50","67","300","500","670","738","258","68","37","124","29","12900","3823","1843","6085","1149","161","7928","25.8","0","50","1000","1997","3.994","72","5.232910026681836","0","44.5","3.584848484848485","10","700","258"
"1020","BA","1000","2","0.1","50","0.1","0.5","1","platform","targeted","70","5","95","95","25.753185276203695","76.54494338985053","76.54494338985053","fixed","1","1","50","3029","30","50","23289952","v2.0-design-v1.0","33.099999999999994","30.5","2.5999999999999943","66.83229813664596","true","40.85799999999999","15.101999999999997","50","66.9","305","500","669","754","258","85","32","119","22","12900","3766","1869","6068","1197","151","7937","25.8","0","50","1000","1997","3.994","67","5.0538604556819156","0","41.8","3.6121212121212123","10","700","258"
"1021","BA","1000","2","0.1","50","0.1","0.5","1","platform","targeted","70","5","95","95","63.021077507639085","87.06922832359743","87.06922832359743","fixed","1","1","50","3030","1","50","23290923","v2.0-design-v1.0","100","90.8","9.200000000000003","18.302552396762813","true","97.902","30.818000000000005","50","0","908","500","0","0","630","0","97","533","0","31500","882","3937","26544","137","630","30481","63","0","50","1000","1997","3.994","82","5.0120938823095695","0","41","3.6202020202020204","10","700","630"
"1022","BA","1000","2","0.1","50","0.1","0.5","1","platform","targeted","70","5","95","95","63.021077507639085","87.06922832359743","87.06922832359743","fixed","1","1","50","3030","2","50","23290924","v2.0-design-v1.0","100","88.1","11.900000000000006","17.011927181418706","true","97.73000000000002","32.296","50","0","881","500","0","0","630","0","79","551","0","31500","813","3966","26594","127","630","30560","63","0","50","1000","1997","3.994","92","5.63220078527795","0","46","3.56969696969697","10","700","630"
"1023","BA","1000","2","0.1","50","0.1","0.5","1","platform","targeted","70","5","95","95","63.021077507639085","87.06922832359743","87.06922832359743","fixed","1","1","50","3030","3","50","23290925","v2.0-design-v1.0","100","90.9","9.099999999999994","17.772162560539062","true","97.734","29.504000000000005","50","0","909","500","0","0","630","0","69","561","0","31500","844","3905","26596","155","630","30501","63","0","50","1000","1997","3.994","79","5.642322199219013","0","49","3.5393939393939395","10","700","630"
"1024","BA","1000","2","0.1","50","0.1","0.5","1","platform","targeted","70","5","95","95","63.021077507639085","87.06922832359743","87.06922832359743","fixed","1","1","50","3030","4","50","23290926","v2.0-design-v1.0","100","89","11","16.88637790332706","true","97.77","30.997999999999994","50","0","890","500","0","0","630","0","78","552","0","31500","807","3972","26611","110","630","30583","63","0","50","1000","1997","3.994","80","5.249907192086869","0","42.8","3.602020202020202","10","700","630"
"1025","BA","1000","2","0.1","50","0.1","0.5","1","platform","targeted","70","5","95","95","63.021077507639085","87.06922832359743","87.06922832359743","fixed","1","1","50","3030","5","50","23290927","v2.0-design-v1.0","100","87.3","12.700000000000003","17.39677216516454","true","97.71799999999999","33.431999999999995","50","0","873","500","0","0","630","0","81","549","0","31500","830","3941","26614","115","630","30555","63","0","50","1000","1997","3.994","117","5.45854923580979","0","41.7","3.613131313131313","10","700","630"
"1026","BA","1000","2","0.1","50","0.1","0.5","1","platform","targeted","70","5","95","95","63.021077507639085","87.06922832359743","87.06922832359743","fixed","1","1","50","3030","6","50","23290928","v2.0-design-v1.0","100","89.2","10.799999999999997","17.65323257766583","true","97.80400000000002","31.686000000000014","50","0","892","500","0","0","630","0","69","561","0","31500","841","3923","26627","109","630","30550","63","0","50","1000","1997","3.994","117","5.572164122942978","0","42.6","3.604040404040404","10","700","630"
"1027","BA","1000","2","0.1","50","0.1","0.5","1","platform","targeted","70","5","95","95","63.021077507639085","87.06922832359743","87.06922832359743","fixed","1","1","50","3030","7","50","23290929","v2.0-design-v1.0","100","89.7","10.299999999999997","17.916321458160727","true","97.82000000000002","31.892000000000003","50","0","897","500","0","0","630","0","69","561","0","31500","865","3963","26549","123","630","30512","63","0","50","1000","1997","3.994","61","4.6378306861584955","0","37","3.6606060606060606","10","700","630"
"1028","BA","1000","2","0.1","50","0.1","0.5","1","platform","targeted","70","5","95","95","63.021077507639085","87.06922832359743","87.06922832359743","fixed","1","1","50","3030","8","50","23290930","v2.0-design-v1.0","100","89.5","10.5","17.279025824060465","true","97.748","30.394000000000002","50","0","895","500","0","0","630","0","80","550","0","31500","823","3940","26616","121","630","30556","63","0","50","1000","1997","3.994","92","5.151359092559981","0","39.9","3.6313131313131315","10","700","630"
"1029","BA","1000","2","0.1","50","0.1","0.5","1","platform","targeted","70","5","95","95","63.021077507639085","87.06922832359743","87.06922832359743","fixed","1","1","50","3030","9","50","23290931","v2.0-design-v1.0","100","92.2","7.799999999999997","17.459660736450143","true","97.712","29.67399999999999","50","0","922","500","0","0","630","0","88","542","0","31500","844","3990","26537","129","630","30527","63","0","50","1000","1997","3.994","65","5.036797924607779","0","42.6","3.604040404040404","10","700","630"
"1030","BA","1000","2","0.1","50","0.1","0.5","1","platform","targeted","70","5","95","95","63.021077507639085","87.06922832359743","87.06922832359743","fixed","1","1","50","3030","10","50","23290932","v2.0-design-v1.0","100","90.3","9.700000000000003","17.84654514624841","true","97.81200000000001","31.71400000000001","50","0","903","500","0","0","630","0","80","550","0","31500","842","3876","26636","146","630","30512","63","0","50","1000","1997","3.994","52","4.676733457856641","0","37.4","3.6565656565656566","10","700","630"
"1031","BA","1000","2","0.1","50","0.1","0.5","1","platform","targeted","70","5","95","95","63.021077507639085","87.06922832359743","87.06922832359743","fixed","1","1","50","3030","11","50","23290933","v2.0-design-v1.0","100","88.9","11.099999999999994","18.39274414680447","true","97.492","31.219999999999995","50","0","889","500","0","0","630","0","66","564","0","31500","872","3869","26638","121","630","30507","63","0","50","1000","1997","3.994","75","5.2338663870371445","0","45.6","3.573737373737374","10","700","630"
"1032","BA","1000","2","0.1","50","0.1","0.5","1","platform","targeted","70","5","95","95","63.021077507639085","87.06922832359743","87.06922832359743","fixed","1","1","50","3030","12","50","23290934","v2.0-design-v1.0","100","90.7","9.299999999999997","18.639053254437872","true","97.79800000000003","31.726","50","0","907","500","0","0","630","0","77","553","0","31500","882","3850","26619","149","630","30469","63","0","50","1000","1997","3.994","93","5.925290969486081","0","52.2","3.507070707070707","10","700","630"
"1034","BA","1000","2","0.1","50","0.1","0.5","1","platform","targeted","70","5","95","95","63.021077507639085","87.06922832359743","87.06922832359743","fixed","1","1","50","3030","14","50","23290936","v2.0-design-v1.0","100","90","10","18.470301057770545","true","97.57","30.744","50","0","900","500","0","0","630","0","74","556","0","31500","908","4008","26452","132","630","30460","63","0","50","1000","1997","3.994","127","5.93541853563786","0","48.4","3.5454545454545454","10","700","630"
"1033","BA","1000","2","0.1","50","0.1","0.5","1","platform","targeted","70","5","95","95","63.021077507639085","87.06922832359743","87.06922832359743","fixed","1","1","50","3030","13","50","23290935","v2.0-design-v1.0","100","87.7","12.299999999999997","19.080837094788674","true","97.366","32.35400000000001","50","0","877","500","0","0","630","0","90","540","0","31500","930","3944","26485","141","630","30429","63","0","50","1000","1997","3.994","66","5.092336977841883","0","44.2","3.587878787878788","10","700","630"
"1035","BA","1000","2","0.1","50","0.1","0.5","1","platform","targeted","70","5","95","95","63.021077507639085","87.06922832359743","87.06922832359743","fixed","1","1","50","3030","15","50","23290937","v2.0-design-v1.0","100","87.6","12.400000000000006","16.853932584269664","true","97.76800000000001","33.292","50","0","876","500","0","0","630","0","88","542","0","31500","795","3922","26673","110","630","30595","63","0","50","1000","1997","3.994","83","5.316787773856709","0","45.4","3.5757575757575757","10","700","630"
"1036","BA","1000","2","0.1","50","0.1","0.5","1","platform","targeted","70","5","95","95","63.021077507639085","87.06922832359743","87.06922832359743","fixed","1","1","50","3030","16","50","23290938","v2.0-design-v1.0","100","89.60000000000001","10.399999999999991","17.733361684031472","true","97.69000000000001","32.014","50","0","896","500","0","0","630","0","81","549","0","31500","834","3869","26666","131","630","30535","63","0","50","1000","1997","3.994","60","4.896523250219469","0","41.9","3.611111111111111","10","700","630"
"1037","BA","1000","2","0.1","50","0.1","0.5","1","platform","targeted","70","5","95","95","63.021077507639085","87.06922832359743","87.06922832359743","fixed","1","1","50","3030","17","50","23290939","v2.0-design-v1.0","100","90.8","9.200000000000003","17.692468182766536","true","97.814","30.547999999999988","50","0","908","500","0","0","630","0","77","553","0","31500","848","3945","26584","123","630","30529","63","0","50","1000","1997","3.994","53","4.751688388619613","0","40","3.6303030303030304","10","700","630"
"1038","BA","1000","2","0.1","50","0.1","0.5","1","platform","targeted","70","5","95","95","63.021077507639085","87.06922832359743","87.06922832359743","fixed","1","1","50","3030","18","50","23290940","v2.0-design-v1.0","100","89","11","17.042606516290725","true","97.76","32.17","50","0","890","500","0","0","630","0","89","541","0","31500","816","3972","26577","135","630","30549","63","0","50","1000","1997","3.994","79","5.17075436476155","0","43.5","3.594949494949495","10","700","630"
"1039","BA","1000","2","0.1","50","0.1","0.5","1","platform","targeted","70","5","95","95","63.021077507639085","87.06922832359743","87.06922832359743","fixed","1","1","50","3030","19","50","23290941","v2.0-design-v1.0","100","88.8","11.200000000000003","17.700614016514926","true","97.916","31.05999999999999","50","0","888","500","0","0","630","0","73","557","0","31500","836","3887","26668","109","630","30555","63","0","50","1000","1997","3.994","97","5.330138307246282","0","43.9","3.590909090909091","10","700","630"
"1040","BA","1000","2","0.1","50","0.1","0.5","1","platform","targeted","70","5","95","95","63.021077507639085","87.06922832359743","87.06922832359743","fixed","1","1","50","3030","20","50","23290942","v2.0-design-v1.0","100","88.4","11.599999999999994","18.556919170545918","true","97.54","32.53","50","0","884","500","0","0","630","0","86","544","0","31500","877","3849","26632","142","630","30481","63","0","50","1000","1997","3.994","99","5.263427368898287","0","42.8","3.602020202020202","10","700","630"
"1041","BA","1000","2","0.1","50","0.1","0.5","1","platform","targeted","70","5","95","95","63.021077507639085","87.06922832359743","87.06922832359743","fixed","1","1","50","3030","21","50","23290943","v2.0-design-v1.0","100","91.2","8.799999999999997","17.65536723163842","true","97.964","30.577999999999992","50","0","912","500","0","0","630","0","91","539","0","31500","875","4081","26411","133","630","30492","63","0","50","1000","1997","3.994","76","5.241701960188062","0","44.5","3.584848484848485","10","700","630"
"1042","BA","1000","2","0.1","50","0.1","0.5","1","platform","targeted","70","5","95","95","63.021077507639085","87.06922832359743","87.06922832359743","fixed","1","1","50","3030","22","50","23290944","v2.0-design-v1.0","100","90.3","9.700000000000003","18.191268191268193","true","97.78800000000001","30.326","50","0","903","500","0","0","630","0","60","570","0","31500","875","3935","26554","136","630","30489","63","0","50","1000","1997","3.994","77","5.502384959291755","0","48","3.5494949494949495","10","700","630"
"1043","BA","1000","2","0.1","50","0.1","0.5","1","platform","targeted","70","5","95","95","63.021077507639085","87.06922832359743","87.06922832359743","fixed","1","1","50","3030","23","50","23290945","v2.0-design-v1.0","99.9","86.9","13","19.72210700953961","true","97.348","33.332","50","0.1","869","500","1","2","630","1","96","533","0","31500","951","3871","26553","125","629","30424","63","0","50","1000","1997","3.994","73","5.136374825336074","0","42.6","3.604040404040404","10","700","630"
"1044","BA","1000","2","0.1","50","0.1","0.5","1","platform","targeted","70","5","95","95","63.021077507639085","87.06922832359743","87.06922832359743","fixed","1","1","50","3030","24","50","23290946","v2.0-design-v1.0","100","87.4","12.599999999999994","18.296059637912673","true","97.64800000000002","33.14000000000001","50","0","874","500","0","0","630","0","72","558","0","31500","859","3836","26665","140","630","30501","63","0","50","1000","1997","3.994","89","5.321868683675516","0","45.5","3.5747474747474746","10","700","630"
"1045","BA","1000","2","0.1","50","0.1","0.5","1","platform","targeted","70","5","95","95","63.021077507639085","87.06922832359743","87.06922832359743","fixed","1","1","50","3030","25","50","23290947","v2.0-design-v1.0","100","89.1","10.900000000000006","17.784317847382805","true","97.73600000000002","31.71200000000001","50","0","891","500","0","0","630","0","87","543","0","31500","846","3911","26602","141","630","30513","63","0","50","1000","1997","3.994","70","5.140465775432058","0","43.8","3.591919191919192","10","700","630"
"1046","BA","1000","2","0.1","50","0.1","0.5","1","platform","targeted","70","5","95","95","63.021077507639085","87.06922832359743","87.06922832359743","fixed","1","1","50","3030","26","50","23290948","v2.0-design-v1.0","100","89.1","10.900000000000006","16.642027455121436","true","97.896","32.11999999999999","50","0","891","500","0","0","630","0","77","553","0","31500","788","3947","26664","101","630","30611","63","0","50","1000","1997","3.994","66","5.004698893141412","0","42.8","3.602020202020202","10","700","630"
"1047","BA","1000","2","0.1","50","0.1","0.5","1","platform","targeted","70","5","95","95","63.021077507639085","87.06922832359743","87.06922832359743","fixed","1","1","50","3030","27","50","23290949","v2.0-design-v1.0","100","88.8","11.200000000000003","16.544808857321915","true","97.97400000000002","30.200000000000014","50","0","888","500","0","0","630","0","88","542","0","31500","792","3995","26618","95","630","30613","63","0","50","1000","1997","3.994","59","5.09233697784188","0","43.8","3.591919191919192","10","700","630"
"1048","BA","1000","2","0.1","50","0.1","0.5","1","platform","targeted","70","5","95","95","63.021077507639085","87.06922832359743","87.06922832359743","fixed","1","1","50","3030","28","50","23290950","v2.0-design-v1.0","100","91.9","8.099999999999994","17.40941274468971","true","97.79600000000002","30.204","50","0","919","500","0","0","630","0","73","557","0","31500","836","3966","26563","135","630","30529","63","0","50","1000","1997","3.994","78","5.288660882863812","0","44.2","3.587878787878788","10","700","630"
"1049","BA","1000","2","0.1","50","0.1","0.5","1","platform","targeted","70","5","95","95","63.021077507639085","87.06922832359743","87.06922832359743","fixed","1","1","50","3030","29","50","23290951","v2.0-design-v1.0","100","92","8","17.971784911061135","true","97.67400000000002","29.087999999999994","50","0","920","500","0","0","630","0","92","538","0","31500","879","4012","26452","157","630","30464","63","0","50","1000","1997","3.994","75","5.497288803054108","0","46.2","3.5676767676767676","10","700","630"
"1050","BA","1000","2","0.1","50","0.1","0.5","1","platform","targeted","70","5","95","95","63.021077507639085","87.06922832359743","87.06922832359743","fixed","1","1","50","3030","30","50","23290952","v2.0-design-v1.0","100","89.9","10.099999999999994","17.322019867549667","true","97.72","29.79000000000001","50","0","899","500","0","0","630","0","75","555","0","31500","837","3995","26546","122","630","30541","63","0","50","1000","1997","3.994","91","5.433552013875213","0","44.4","3.585858585858586","10","700","630"
"1052","BA","1000","2","0.1","50","0.1","0.5","1","platform","targeted","70","5","95","95","2.0051232041455895","60.53269262808978","60.53269262808978","fixed","1","1","50","3031","2","50","23291924","v2.0-design-v1.0","1.0999999999999943","1.0999999999999999","-5.551115123125783E-15","97.17813051146385","true","6.407999999999998","5.664","50","98.9","11","500","989","999","20","10","0","1","9","1000","551","16","24","409","1","40","2","0","50","1000","1997","3.994","62","4.907142146305111","0","40.2","3.628282828282828","10","700","20"
"1051","BA","1000","2","0.1","50","0.1","0.5","1","platform","targeted","70","5","95","95","2.0051232041455895","60.53269262808978","60.53269262808978","fixed","1","1","50","3031","1","50","23291923","v2.0-design-v1.0","1.2000000000000028","1.3","-0.0999999999999972","95.94594594594594","true","6.218","5.450000000000001","50","98.8","13","500","988","996","20","8","2","1","9","1000","568","24","42","366","3","66","2","0","50","1000","1997","3.994","92","5.347762388379132","0","42.1","3.609090909090909","10","700","20"
"1053","BA","1000","2","0.1","50","0.1","0.5","1","platform","targeted","70","5","95","95","2.0051232041455895","60.53269262808978","60.53269262808978","fixed","1","1","50","3031","3","50","23291925","v2.0-design-v1.0","1.0999999999999943","1.0999999999999999","-5.551115123125783E-15","97.16814159292035","true","6.891999999999999","6.186","50","98.9","11","500","989","1000","20","11","0","0","9","1000","549","16","43","392","0","59","2","0","50","1000","1997","3.994","76","5.07007590373848","0","44.3","3.5868686868686868","10","700","20"
"1054","BA","1000","2","0.1","50","0.1","0.5","1","platform","targeted","70","5","95","95","2.0051232041455895","60.53269262808978","60.53269262808978","fixed","1","1","50","3031","4","50","23291926","v2.0-design-v1.0","1.2000000000000028","1.0999999999999999","0.10000000000000298","97.4003466204506","true","6.1839999999999975","5.392000000000003","50","98.8","11","500","988","1000","20","12","0","0","8","1000","562","15","30","393","0","45","2","0","50","1000","1997","3.994","106","5.585621108092017","0","44.4","3.585858585858586","10","700","20"
"1055","BA","1000","2","0.1","50","0.1","0.5","1","platform","targeted","70","5","95","95","2.0051232041455895","60.53269262808978","60.53269262808978","fixed","1","1","50","3031","5","50","23291927","v2.0-design-v1.0","1.4000000000000057","1","0.4000000000000057","96.29629629629629","true","5.724000000000003","5.056000000000002","50","98.6","10","500","986","999","20","13","1","0","6","1000","572","22","36","370","1","58","2","0","50","1000","1997","3.994","56","4.592935777806932","0","36.2","3.6686868686868688","10","700","20"
"1056","BA","1000","2","0.1","50","0.1","0.5","1","platform","targeted","70","5","95","95","2.0051232041455895","60.53269262808978","60.53269262808978","fixed","1","1","50","3031","6","50","23291928","v2.0-design-v1.0","1.4000000000000057","1.2","0.20000000000000573","97.89644012944983","true","6.312","5.645999999999998","50","98.6","12","500","986","1000","20","14","0","0","6","1000","605","13","34","348","0","47","2","0","50","1000","1997","3.994","86","5.18853398224246","0","41.8","3.6121212121212123","10","700","20"
"1058","BA","1000","2","0.1","50","0.1","0.5","1","platform","targeted","70","5","95","95","2.0051232041455895","60.53269262808978","60.53269262808978","fixed","1","1","50","3031","8","50","23291930","v2.0-design-v1.0","1","0.8999999999999999","0.10000000000000009","97.12351945854483","true","6.325999999999999","5.871999999999998","50","99","9","500","990","1000","20","10","0","0","10","1000","574","17","25","384","0","42","2","0","50","1000","1997","3.994","79","5.443858888656053","0","46.1","3.5686868686868687","10","700","20"
"1057","BA","1000","2","0.1","50","0.1","0.5","1","platform","targeted","70","5","95","95","2.0051232041455895","60.53269262808978","60.53269262808978","fixed","1","1","50","3031","7","50","23291929","v2.0-design-v1.0","1.2999999999999972","1.3","-2.886579864025407E-15","95.41734860883797","true","6.540000000000003","5.5440000000000005","50","98.7","13","500","987","998","20","11","1","0","8","1000","583","28","42","347","1","70","2","0","50","1000","1997","3.994","90","5.39287001948378","0","44.2","3.587878787878788","10","700","20"
"1060","BA","1000","2","0.1","50","0.1","0.5","1","platform","targeted","70","5","95","95","2.0051232041455895","60.53269262808978","60.53269262808978","fixed","1","1","50","3031","10","50","23291932","v2.0-design-v1.0","1","1.3","-0.30000000000000004","94.61279461279462","true","6.036000000000001","5.1200000000000045","50","99","13","500","990","998","20","8","1","0","11","1000","562","32","35","371","1","67","2","0","50","1000","1997","3.994","108","5.603513483820956","0","44.9","3.580808080808081","10","700","20"
"1059","BA","1000","2","0.1","50","0.1","0.5","1","platform","targeted","70","5","95","95","2.0051232041455895","60.53269262808978","60.53269262808978","fixed","1","1","50","3031","9","50","23291931","v2.0-design-v1.0","1.4000000000000057","1","0.4000000000000057","95.93908629441624","true","6.320000000000002","5.428000000000002","50","98.6","10","500","986","1000","20","14","0","0","6","1000","567","24","31","378","0","55","2","0","50","1000","1997","3.994","85","5.254481284919899","0","42.9","3.601010101010101","10","700","20"
"1062","BA","1000","2","0.1","50","0.1","0.5","1","platform","targeted","70","5","95","95","2.0051232041455895","60.53269262808978","60.53269262808978","fixed","1","1","50","3031","12","50","23291934","v2.0-design-v1.0","1.2999999999999972","1.3","-2.886579864025407E-15","96.6832504145937","true","6.129999999999996","5.245999999999999","50","98.7","13","500","987","1000","20","13","0","0","7","1000","583","20","32","365","0","52","2","0","50","1000","1997","3.994","73","5.011694432133806","0","41.6","3.614141414141414","10","700","20"
"1061","BA","1000","2","0.1","50","0.1","0.5","1","platform","targeted","70","5","95","95","2.0051232041455895","60.53269262808978","60.53269262808978","fixed","1","1","50","3031","11","50","23291933","v2.0-design-v1.0","1.4000000000000057","1.4000000000000001","5.551115123125783E-15","95.64459930313589","true","6.587999999999997","5.716000000000001","50","98.6","14","500","986","998","20","12","1","0","7","1000","549","25","33","393","1","58","2","0","50","1000","1997","3.994","76","5.031628094491996","0","41.5","3.6151515151515152","10","700","20"
"1063","BA","1000","2","0.1","50","0.1","0.5","1","platform","targeted","70","5","95","95","2.0051232041455895","60.53269262808978","60.53269262808978","fixed","1","1","50","3031","13","50","23291935","v2.0-design-v1.0","0.9000000000000057","1.4000000000000001","-0.49999999999999445","95.5","true","6.01","5.2719999999999985","50","99.1","14","500","991","999","20","8","0","1","11","1000","573","27","24","376","1","51","2","0","50","1000","1997","3.994","83","5.36793990081658","0","41.7","3.613131313131313","10","700","20"
"1064","BA","1000","2","0.1","50","0.1","0.5","1","platform","targeted","70","5","95","95","2.0051232041455895","60.53269262808978","60.53269262808978","fixed","1","1","50","3031","14","50","23291936","v2.0-design-v1.0","1.0999999999999943","1.3","-0.20000000000000573","95.12605042016806","true","5.985999999999997","5.153999999999999","50","98.9","13","500","989","999","20","10","0","1","9","1000","566","29","43","362","1","72","2","0","50","1000","1997","3.994","102","5.453595667603679","0","44.6","3.583838383838384","10","700","20"
"1066","BA","1000","2","0.1","50","0.1","0.5","1","platform","targeted","70","5","95","95","2.0051232041455895","60.53269262808978","60.53269262808978","fixed","1","1","50","3031","16","50","23291938","v2.0-design-v1.0","1.0999999999999943","1.4000000000000001","-0.3000000000000058","94.97568881685575","true","6.615999999999999","5.558000000000002","50","98.9","14","500","989","998","20","9","0","2","9","1000","586","31","57","326","2","88","2","0","50","1000","1997","3.994","115","5.634866077886465","0","44","3.5898989898989897","10","700","20"
"1065","BA","1000","2","0.1","50","0.1","0.5","1","platform","targeted","70","5","95","95","2.0051232041455895","60.53269262808978","60.53269262808978","fixed","1","1","50","3031","15","50","23291937","v2.0-design-v1.0","1.2999999999999972","1.0999999999999999","0.1999999999999973","97.3063973063973","true","6.358000000000005","5.614000000000002","50","98.7","11","500","987","999","20","12","1","0","7","1000","578","16","26","380","1","42","2","0","50","1000","1997","3.994","96","5.284874066039206","0","42.1","3.609090909090909","10","700","20"
"1067","BA","1000","2","0.1","50","0.1","0.5","1","platform","targeted","70","5","95","95","2.0051232041455895","60.53269262808978","60.53269262808978","fixed","1","1","50","3031","17","50","23291939","v2.0-design-v1.0","1.5","1.0999999999999999","0.40000000000000013","97.34219269102991","true","6.092000000000002","5.412000000000001","50","98.5","11","500","985","999","20","14","0","1","5","1000","586","16","22","376","1","38","2","0","50","1000","1997","3.994","87","5.302648591230805","0","44","3.5898989898989897","10","700","20"
"1068","BA","1000","2","0.1","50","0.1","0.5","1","platform","targeted","70","5","95","95","2.0051232041455895","60.53269262808978","60.53269262808978","fixed","1","1","50","3031","18","50","23291940","v2.0-design-v1.0","1.5999999999999943","1.3","0.29999999999999427","95.32871972318338","true","6.395999999999999","5.570000000000002","50","98.4","13","500","984","999","20","15","1","0","4","1000","551","27","55","367","1","82","2","0","50","1000","1997","3.994","121","5.7194996876192405","0","45","3.5797979797979798","10","700","20"
"1070","BA","1000","2","0.1","50","0.1","0.5","1","platform","targeted","70","5","95","95","2.0051232041455895","60.53269262808978","60.53269262808978","fixed","1","1","50","3031","20","50","23291942","v2.0-design-v1.0","0.9000000000000057","1.0999999999999999","-0.19999999999999418","96.08843537414967","true","6.186000000000002","5.316000000000003","50","99.1","11","500","991","1000","20","9","0","0","11","1000","565","23","28","384","0","51","2","0","50","1000","1997","3.994","86","5.238645569935736","0","43.4","3.595959595959596","10","700","20"
"1069","BA","1000","2","0.1","50","0.1","0.5","1","platform","targeted","70","5","95","95","2.0051232041455895","60.53269262808978","60.53269262808978","fixed","1","1","50","3031","19","50","23291941","v2.0-design-v1.0","1","1.0999999999999999","-0.09999999999999987","95.90443686006826","true","6.273999999999998","5.530000000000001","50","99","11","500","990","999","20","9","0","0","11","1000","562","24","24","390","0","48","2","0","50","1000","1997","3.994","84","5.328072104650264","0","44.2","3.587878787878788","10","700","20"
"1071","BA","1000","2","0.1","50","0.1","0.5","1","platform","targeted","70","5","95","95","2.0051232041455895","60.53269262808978","60.53269262808978","fixed","1","1","50","3031","21","50","23291943","v2.0-design-v1.0","1.4000000000000057","1.3","0.10000000000000564","95.04950495049505","true","6.068","5.075999999999997","50","98.6","13","500","986","999","20","13","0","1","6","1000","576","30","35","359","1","65","2","0","50","1000","1997","3.994","88","5.138712909899741","0","41","3.6202020202020204","10","700","20"
"1072","BA","1000","2","0.1","50","0.1","0.5","1","platform","targeted","70","5","95","95","2.0051232041455895","60.53269262808978","60.53269262808978","fixed","1","1","50","3031","22","50","23291944","v2.0-design-v1.0","1.4000000000000057","1.0999999999999999","0.3000000000000058","97.2508591065292","true","6.426000000000001","5.677999999999997","50","98.6","11","500","986","999","20","13","1","0","6","1000","566","16","24","394","1","40","2","0","50","1000","1997","3.994","82","4.9647369127288625","0","38.5","3.6454545454545455","10","700","20"
"1073","BA","1000","2","0.1","50","0.1","0.5","1","platform","targeted","70","5","95","95","2.0051232041455895","60.53269262808978","60.53269262808978","fixed","1","1","50","3031","23","50","23291945","v2.0-design-v1.0","1.0999999999999943","1.2","-0.10000000000000564","95.88336192109776","true","5.810000000000002","5.094000000000001","50","98.9","12","500","989","997","20","8","1","2","9","1000","559","24","34","383","3","58","2","0","50","1000","1997","3.994","127","6.171551834996803","0","49.6","3.533333333333333","10","700","20"
"1074","BA","1000","2","0.1","50","0.1","0.5","1","platform","targeted","70","5","95","95","2.0051232041455895","60.53269262808978","60.53269262808978","fixed","1","1","50","3031","24","50","23291946","v2.0-design-v1.0","1.7000000000000028","1","0.7000000000000028","95.96491228070175","true","5.633999999999997","4.904000000000002","50","98.3","10","500","983","998","20","15","2","0","3","1000","547","23","30","400","2","53","2","0","50","1000","1997","3.994","67","4.899384447863618","0","40.5","3.625252525252525","10","700","20"
"1075","BA","1000","2","0.1","50","0.1","0.5","1","platform","targeted","70","5","95","95","2.0051232041455895","60.53269262808978","60.53269262808978","fixed","1","1","50","3031","25","50","23291947","v2.0-design-v1.0","1.0999999999999943","1.2","-0.10000000000000564","96.4041095890411","true","6.08","5.174000000000003","50","98.9","12","500","989","999","20","10","0","1","9","1000","563","21","39","377","1","60","2","0","50","1000","1997","3.994","91","5.649945653356833","0","48","3.5494949494949495","10","700","20"
"1076","BA","1000","2","0.1","50","0.1","0.5","1","platform","targeted","70","5","95","95","2.0051232041455895","60.53269262808978","60.53269262808978","fixed","1","1","50","3031","26","50","23291948","v2.0-design-v1.0","1.5","1.4000000000000001","0.09999999999999987","94.8892674616695","true","6.236000000000001","5.192000000000002","50","98.5","14","500","985","996","20","11","1","2","6","1000","557","30","50","363","3","80","2","0","50","1000","1997","3.994","73","5.150387411689571","0","43.5","3.594949494949495","10","700","20"
"1078","BA","1000","2","0.1","50","0.1","0.5","1","platform","targeted","70","5","95","95","2.0051232041455895","60.53269262808978","60.53269262808978","fixed","1","1","50","3031","28","50","23291950","v2.0-design-v1.0","1.4000000000000057","1.0999999999999999","0.3000000000000058","95.68345323741008","true","5.994000000000001","5.218","50","98.6","11","500","986","999","20","13","0","0","7","1000","532","24","30","414","0","54","2","0","50","1000","1997","3.994","71","5.159901994087534","0","44.5","3.584848484848485","10","700","20"
"1077","BA","1000","2","0.1","50","0.1","0.5","1","platform","targeted","70","5","95","95","2.0051232041455895","60.53269262808978","60.53269262808978","fixed","1","1","50","3031","27","50","23291949","v2.0-design-v1.0","0.7999999999999972","1.0999999999999999","-0.3000000000000027","97.16312056737588","true","6.454000000000003","5.740000000000001","50","99.2","11","500","992","1000","20","8","0","0","12","1000","548","16","30","406","0","46","2","0","50","1000","1997","3.994","109","5.6769879506823075","0","46.5","3.5646464646464646","10","700","20"
"1079","BA","1000","2","0.1","50","0.1","0.5","1","platform","targeted","70","5","95","95","2.0051232041455895","60.53269262808978","60.53269262808978","fixed","1","1","50","3031","29","50","23291951","v2.0-design-v1.0","1.2999999999999972","1.0999999999999999","0.1999999999999973","96.63716814159292","true","5.724000000000002","5.004","50","98.7","11","500","987","999","20","12","0","0","8","1000","546","19","27","408","0","46","2","0","50","1000","1997","3.994","115","5.728593263688796","0","45.1","3.5787878787878786","10","700","20"
"1080","BA","1000","2","0.1","50","0.1","0.5","1","platform","targeted","70","5","95","95","2.0051232041455895","60.53269262808978","60.53269262808978","fixed","1","1","50","3031","30","50","23291952","v2.0-design-v1.0","1.2000000000000028","1.4000000000000001","-0.1999999999999973","95.7044673539519","true","6.062000000000001","5.280000000000001","50","98.8","14","500","988","999","20","11","0","1","8","1000","557","25","38","380","1","63","2","0","50","1000","1997","3.994","58","4.9089777003019615","0","41.8","3.6121212121212123","10","700","20"
"1082","BA","1000","2","0.1","50","0.1","0.5","1","platform","targeted","70","5","95","95","67.92071052428165","87.76454026078298","87.76454026078298","fixed","1","1","50","3032","2","50","23292924","v2.0-design-v1.0","100","94.5","5.5","15.454733789102962","true","98.66799999999999","27.2","50","0","945","500","0","0","679","0","97","582","0","33950","746","4081","29042","81","679","33123","67.9","0","50","1000","1997","3.994","88","5.3872986725247465","0","44.3","3.5868686868686868","10","700","679"
"1081","BA","1000","2","0.1","50","0.1","0.5","1","platform","targeted","70","5","95","95","67.92071052428165","87.76454026078298","87.76454026078298","fixed","1","1","50","3032","1","50","23292923","v2.0-design-v1.0","100","93.10000000000001","6.8999999999999915","15.70109151973132","true","98.62400000000001","28.408","50","0","931","500","0","0","679","0","91","588","0","33950","748","4016","29087","99","679","33103","67.9","0","50","1000","1997","3.994","102","5.124668401587182","0","39","3.6404040404040403","10","700","679"
"1084","BA","1000","2","0.1","50","0.1","0.5","1","platform","targeted","70","5","95","95","67.92071052428165","87.76454026078298","87.76454026078298","fixed","1","1","50","3032","4","50","23292926","v2.0-design-v1.0","100","94.3","5.700000000000003","15.387788778877887","true","98.604","27.606000000000005","50","0","943","500","0","0","679","0","82","597","0","33950","746","4102","29003","99","679","33105","67.9","0","50","1000","1997","3.994","92","5.276343791282346","0","43.4","3.595959595959596","10","700","679"
"1083","BA","1000","2","0.1","50","0.1","0.5","1","platform","targeted","70","5","95","95","67.92071052428165","87.76454026078298","87.76454026078298","fixed","1","1","50","3032","3","50","23292925","v2.0-design-v1.0","100","93.4","6.599999999999994","17.186183656276327","true","98.29400000000001","28.466000000000005","50","0","934","500","0","0","679","0","76","603","0","33950","816","3932","29082","120","679","33014","67.9","0","50","1000","1997","3.994","83","4.8157195885096025","0","37.2","3.6585858585858584","10","700","679"
"1085","BA","1000","2","0.1","50","0.1","0.5","1","platform","targeted","70","5","95","95","67.92071052428165","87.76454026078298","87.76454026078298","fixed","1","1","50","3032","5","50","23292927","v2.0-design-v1.0","100","94","6","15.64681724845996","true","98.648","28.539999999999992","50","0","940","500","0","0","679","0","70","609","0","33950","762","4108","28968","112","679","33076","67.9","0","50","1000","1997","3.994","56","4.803856892231587","0","40.5","3.625252525252525","10","700","679"
"1086","BA","1000","2","0.1","50","0.1","0.5","1","platform","targeted","70","5","95","95","67.92071052428165","87.76454026078298","87.76454026078298","fixed","1","1","50","3032","6","50","23292928","v2.0-design-v1.0","100","94.89999999999999","5.1000000000000085","16.83105981112277","true","98.37799999999999","26.39","50","0","949","500","0","0","679","0","86","593","0","33950","802","3963","29074","111","679","33037","67.9","0","50","1000","1997","3.994","122","5.700215474563781","0","44.4","3.585858585858586","10","700","679"
"1087","BA","1000","2","0.1","50","0.1","0.5","1","platform","targeted","70","5","95","95","67.92071052428165","87.76454026078298","87.76454026078298","fixed","1","1","50","3032","7","50","23292929","v2.0-design-v1.0","100","94.39999999999999","5.6000000000000085","14.866555462885739","true","98.65799999999999","27.96999999999999","50","0","944","500","0","0","679","0","75","604","0","33950","713","4083","29052","102","679","33135","67.9","0","50","1000","1997","3.994","104","5.36364919926095","0","42.9","3.601010101010101","10","700","679"
"1088","BA","1000","2","0.1","50","0.1","0.5","1","platform","targeted","70","5","95","95","67.92071052428165","87.76454026078298","87.76454026078298","fixed","1","1","50","3032","8","50","23292930","v2.0-design-v1.0","100","94.69999999999999","5.300000000000011","15.354248909204237","true","98.616","28.326000000000004","50","0","947","500","0","0","679","0","82","597","0","33950","739","4074","29039","98","679","33113","67.9","0","50","1000","1997","3.994","80","5.180038300707506","0","43.7","3.592929292929293","10","700","679"
"1089","BA","1000","2","0.1","50","0.1","0.5","1","platform","targeted","70","5","95","95","67.92071052428165","87.76454026078298","87.76454026078298","fixed","1","1","50","3032","9","50","23292931","v2.0-design-v1.0","100","94.8","5.200000000000003","16.116831267072914","true","98.53","25.81","50","0","948","500","0","0","679","0","81","598","0","33950","767","3992","29065","126","679","33057","67.9","0","50","1000","1997","3.994","59","4.826723657022555","0","39.7","3.6333333333333333","10","700","679"
"1090","BA","1000","2","0.1","50","0.1","0.5","1","platform","targeted","70","5","95","95","67.92071052428165","87.76454026078298","87.76454026078298","fixed","1","1","50","3032","10","50","23292932","v2.0-design-v1.0","100","94.6","5.400000000000006","15.086920529801324","true","98.79400000000001","27.342000000000002","50","0","946","500","0","0","679","0","84","595","0","33950","729","4103","29017","101","679","33120","67.9","0","50","1000","1997","3.994","84","5.236543266830259","0","42.8","3.602020202020202","10","700","679"
"1091","BA","1000","2","0.1","50","0.1","0.5","1","platform","targeted","70","5","95","95","67.92071052428165","87.76454026078298","87.76454026078298","fixed","1","1","50","3032","11","50","23292933","v2.0-design-v1.0","100","93","7","15.68791946308725","true","98.70200000000001","29.579999999999995","50","0","930","500","0","0","679","0","81","598","0","33950","748","4020","29076","106","679","33096","67.9","0","50","1000","1997","3.994","79","5.433920453180316","0","44.6","3.583838383838384","10","700","679"
"1092","BA","1000","2","0.1","50","0.1","0.5","1","platform","targeted","70","5","95","95","67.92071052428165","87.76454026078298","87.76454026078298","fixed","1","1","50","3032","12","50","23292934","v2.0-design-v1.0","100","94","6","14.822460776218001","true","98.706","27.088","50","0","940","500","0","0","679","0","77","602","0","33950","718","4126","29010","96","679","33136","67.9","0","50","1000","1997","3.994","82","5.321680588337127","0","44.7","3.5828282828282827","10","700","679"
"1093","BA","1000","2","0.1","50","0.1","0.5","1","platform","targeted","70","5","95","95","67.92071052428165","87.76454026078298","87.76454026078298","fixed","1","1","50","3032","13","50","23292935","v2.0-design-v1.0","100","93.2","6.799999999999997","16.26481405803024","true","98.5","28.704","50","0","932","500","0","0","679","0","77","602","0","33950","796","4098","28940","116","679","33038","67.9","0","50","1000","1997","3.994","106","5.516919466550178","0","44.8","3.581818181818182","10","700","679"
"1094","BA","1000","2","0.1","50","0.1","0.5","1","platform","targeted","70","5","95","95","67.92071052428165","87.76454026078298","87.76454026078298","fixed","1","1","50","3032","14","50","23292936","v2.0-design-v1.0","100","94.69999999999999","5.300000000000011","15.114822546972862","true","98.594","26.66","50","0","947","500","0","0","679","0","73","606","0","33950","724","4066","29047","113","679","33113","67.9","0","50","1000","1997","3.994","81","5.0496993438682445","0","41.9","3.611111111111111","10","700","679"
"1095","BA","1000","2","0.1","50","0.1","0.5","1","platform","targeted","70","5","95","95","67.92071052428165","87.76454026078298","87.76454026078298","fixed","1","1","50","3032","15","50","23292937","v2.0-design-v1.0","100","92.10000000000001","7.8999999999999915","15.020661157024792","true","98.53400000000002","28.057999999999996","50","0","921","500","0","0","679","0","80","599","0","33950","727","4113","29002","108","679","33115","67.9","0","50","1000","1997","3.994","125","5.6896692642311155","0","43.2","3.597979797979798","10","700","679"
"1096","BA","1000","2","0.1","50","0.1","0.5","1","platform","targeted","70","5","95","95","67.92071052428165","87.76454026078298","87.76454026078298","fixed","1","1","50","3032","16","50","23292938","v2.0-design-v1.0","100","93.4","6.599999999999994","16.53333333333333","true","98.35","27.97","50","0","934","500","0","0","679","0","84","595","0","33950","806","4069","28931","144","679","33000","67.9","0","50","1000","1997","3.994","81","4.924653918420674","0","40","3.6303030303030304","10","700","679"
"1098","BA","1000","2","0.1","50","0.1","0.5","1","platform","targeted","70","5","95","95","67.92071052428165","87.76454026078298","87.76454026078298","fixed","1","1","50","3032","18","50","23292940","v2.0-design-v1.0","100","94.39999999999999","5.6000000000000085","15.504201680672269","true","98.69","26.791999999999998","50","0","944","500","0","0","679","0","61","618","0","33950","738","4022","29105","85","679","33127","67.9","0","50","1000","1997","3.994","71","5.007498281481379","0","42.6","3.604040404040404","10","700","679"
"1097","BA","1000","2","0.1","50","0.1","0.5","1","platform","targeted","70","5","95","95","67.92071052428165","87.76454026078298","87.76454026078298","fixed","1","1","50","3032","17","50","23292939","v2.0-design-v1.0","100","94.69999999999999","5.300000000000011","15.596707818930042","true","98.524","28.59000000000001","50","0","947","500","0","0","679","0","80","599","0","33950","758","4102","28990","100","679","33092","67.9","0","50","1000","1997","3.994","94","5.46807679754626","0","43.7","3.592929292929293","10","700","679"
"1099","BA","1000","2","0.1","50","0.1","0.5","1","platform","targeted","70","5","95","95","67.92071052428165","87.76454026078298","87.76454026078298","fixed","1","1","50","3032","19","50","23292941","v2.0-design-v1.0","100","92.60000000000001","7.3999999999999915","15.521837194996923","true","98.446","28.090000000000014","50","0","926","500","0","0","679","0","73","606","0","33950","757","4120","28973","100","679","33093","67.9","0","50","1000","1997","3.994","94","5.437603473179287","0","45.2","3.577777777777778","10","700","679"
"1100","BA","1000","2","0.1","50","0.1","0.5","1","platform","targeted","70","5","95","95","67.92071052428165","87.76454026078298","87.76454026078298","fixed","1","1","50","3032","20","50","23292942","v2.0-design-v1.0","100","94.1","5.900000000000006","15.6646557104223","true","98.546","28.662000000000003","50","0","941","500","0","0","679","0","89","590","0","33950","753","4054","29037","106","679","33091","67.9","0","50","1000","1997","3.994","75","5.254290777219272","0","44.9","3.580808080808081","10","700","679"
"1102","BA","1000","2","0.1","50","0.1","0.5","1","platform","targeted","70","5","95","95","67.92071052428165","87.76454026078298","87.76454026078298","fixed","1","1","50","3032","22","50","23292944","v2.0-design-v1.0","100","93.30000000000001","6.699999999999989","15.581098339719029","true","98.456","28.32600000000001","50","0","933","500","0","0","679","0","80","599","0","33950","732","3966","29156","96","679","33122","67.9","0","50","1000","1997","3.994","78","5.162617225460018","0","43.5","3.594949494949495","10","700","679"
"1101","BA","1000","2","0.1","50","0.1","0.5","1","platform","targeted","70","5","95","95","67.92071052428165","87.76454026078298","87.76454026078298","fixed","1","1","50","3032","21","50","23292943","v2.0-design-v1.0","100","94.8","5.200000000000003","15.095930845456461","true","98.758","27.31200000000001","50","0","948","500","0","0","679","0","70","609","0","33950","716","4027","29121","86","679","33148","67.9","0","50","1000","1997","3.994","62","5.095284675651189","0","42.6","3.604040404040404","10","700","679"
"1103","BA","1000","2","0.1","50","0.1","0.5","1","platform","targeted","70","5","95","95","67.92071052428165","87.76454026078298","87.76454026078298","fixed","1","1","50","3032","23","50","23292945","v2.0-design-v1.0","100","94.6","5.400000000000006","15.680535228935813","true","98.602","27.300000000000004","50","0","946","500","0","0","679","0","83","596","0","33950","750","4033","29060","107","679","33093","67.9","0","50","1000","1997","3.994","57","4.724011037273325","0","37.8","3.6525252525252525","10","700","679"
"1104","BA","1000","2","0.1","50","0.1","0.5","1","platform","targeted","70","5","95","95","67.92071052428165","87.76454026078298","87.76454026078298","fixed","1","1","50","3032","24","50","23292946","v2.0-design-v1.0","100","95.3","4.700000000000003","16.2680412371134","true","98.45800000000001","26.50400000000001","50","0","953","500","0","0","679","0","80","599","0","33950","789","4061","28983","117","679","33044","67.9","0","50","1000","1997","3.994","142","6.584475629791613","0","52.7","3.502020202020202","10","700","679"
"1105","BA","1000","2","0.1","50","0.1","0.5","1","platform","targeted","70","5","95","95","67.92071052428165","87.76454026078298","87.76454026078298","fixed","1","1","50","3032","25","50","23292947","v2.0-design-v1.0","100","94.3","5.700000000000003","15.63971340839304","true","98.626","27.747999999999994","50","0","943","500","0","0","679","0","85","594","0","33950","764","4121","28962","103","679","33083","67.9","0","50","1000","1997","3.994","94","5.272548128160012","0","43.8","3.591919191919192","10","700","679"
"1106","BA","1000","2","0.1","50","0.1","0.5","1","platform","targeted","70","5","95","95","67.92071052428165","87.76454026078298","87.76454026078298","fixed","1","1","50","3032","26","50","23292948","v2.0-design-v1.0","100","94.1","5.900000000000006","15.755015839493137","true","98.58600000000003","27.458000000000006","50","0","941","500","0","0","679","0","85","594","0","33950","746","3989","29116","99","679","33105","67.9","0","50","1000","1997","3.994","99","5.320363734771355","0","41.1","3.6191919191919193","10","700","679"
"1107","BA","1000","2","0.1","50","0.1","0.5","1","platform","targeted","70","5","95","95","67.92071052428165","87.76454026078298","87.76454026078298","fixed","1","1","50","3032","27","50","23292949","v2.0-design-v1.0","100","92.9","7.099999999999994","16.8228190714137","true","98.40400000000001","28.89600000000001","50","0","929","500","0","0","679","0","76","603","0","33950","808","3995","29031","116","679","33026","67.9","0","50","1000","1997","3.994","65","4.8146801705975255","0","39.8","3.632323232323232","10","700","679"
"1108","BA","1000","2","0.1","50","0.1","0.5","1","platform","targeted","70","5","95","95","67.92071052428165","87.76454026078298","87.76454026078298","fixed","1","1","50","3032","28","50","23292950","v2.0-design-v1.0","100","94.6","5.400000000000006","15.813855548536534","true","98.708","28.22199999999999","50","0","946","500","0","0","679","0","89","590","0","33950","751","3998","29090","111","679","33088","67.9","0","50","1000","1997","3.994","71","5.065335292122481","0","42.3","3.607070707070707","10","700","679"
"1109","BA","1000","2","0.1","50","0.1","0.5","1","platform","targeted","70","5","95","95","67.92071052428165","87.76454026078298","87.76454026078298","fixed","1","1","50","3032","29","50","23292951","v2.0-design-v1.0","100","94.8","5.200000000000003","15.132924335378323","true","98.574","27.111999999999995","50","0","948","500","0","0","679","0","70","609","0","33950","740","4150","28958","102","679","33108","67.9","0","50","1000","1997","3.994","78","5.270269418136009","0","45","3.5797979797979798","10","700","679"
"1110","BA","1000","2","0.1","50","0.1","0.5","1","platform","targeted","70","5","95","95","67.92071052428165","87.76454026078298","87.76454026078298","fixed","1","1","50","3032","30","50","23292952","v2.0-design-v1.0","100","94","6","16.102564102564102","true","98.492","27.871999999999993","50","0","940","500","0","0","679","0","61","618","0","33950","785","4090","28959","116","679","33049","67.9","0","50","1000","1997","3.994","90","5.331264989323481","0","43.3","3.596969696969697","10","700","679"
"1111","BA","1000","2","0.1","50","0.1","0.5","1","platform","targeted","70","5","95","95","10.350531461300148","64.72934814176789","64.72934814176789","fixed","1","1","50","3033","1","50","23293923","v2.0-design-v1.0","8.799999999999997","10.100000000000001","-1.3000000000000043","79.75120939875605","true","14.856000000000003","6.320000000000002","50","91.2","101","500","912","959","104","47","12","24","21","5200","2308","586","1057","1249","36","1643","10.4","0","50","1000","1997","3.994","125","5.788909696607421","0","46.4","3.5656565656565657","10","700","104"
"1112","BA","1000","2","0.1","50","0.1","0.5","1","platform","targeted","70","5","95","95","10.350531461300148","64.72934814176789","64.72934814176789","fixed","1","1","50","3033","2","50","23293924","v2.0-design-v1.0","8.700000000000003","10.2","-1.4999999999999964","80.80949057920446","true","16.507999999999996","7.857999999999996","50","91.3","102","500","913","961","104","48","13","21","22","5200","2316","550","1099","1235","34","1649","10.4","0","50","1000","1997","3.994","84","5.7470856086361675","0","47.8","3.5515151515151517","10","700","104"
"1114","BA","1000","2","0.1","50","0.1","0.5","1","platform","targeted","70","5","95","95","10.350531461300148","64.72934814176789","64.72934814176789","fixed","1","1","50","3033","4","50","23293926","v2.0-design-v1.0","8.700000000000003","10.4","-1.6999999999999975","81.26094570928196","true","15.356000000000002","6.877999999999999","50","91.3","104","500","913","971","104","58","10","9","27","5200","2320","535","1034","1311","19","1569","10.4","0","50","1000","1997","3.994","54","4.854021582721428","0","41.9","3.611111111111111","10","700","104"
"1113","BA","1000","2","0.1","50","0.1","0.5","1","platform","targeted","70","5","95","95","10.350531461300148","64.72934814176789","64.72934814176789","fixed","1","1","50","3033","3","50","23293925","v2.0-design-v1.0","8.399999999999991","10.9","-2.500000000000009","81.88653451811346","true","16.363999999999997","7.646000000000003","50","91.60000000000001","109","500","916","960","104","44","11","15","34","5200","2396","530","1017","1257","26","1547","10.4","0","50","1000","1997","3.994","54","4.805106976234033","0","38.2","3.6484848484848484","10","700","104"
"1115","BA","1000","2","0.1","50","0.1","0.5","1","platform","targeted","70","5","95","95","10.350531461300148","64.72934814176789","64.72934814176789","fixed","1","1","50","3033","5","50","23293927","v2.0-design-v1.0","9.099999999999994","9.2","-0.10000000000000497","79.76979420997559","true","15.272000000000006","7.4319999999999995","50","90.9","92","500","909","958","104","49","14","22","19","5200","2287","580","1072","1261","36","1652","10.4","0","50","1000","1997","3.994","67","5.155049809510911","0","44.5","3.584848484848485","10","700","104"
"1116","BA","1000","2","0.1","50","0.1","0.5","1","platform","targeted","70","5","95","95","10.350531461300148","64.72934814176789","64.72934814176789","fixed","1","1","50","3033","6","50","23293928","v2.0-design-v1.0","8.700000000000003","10.100000000000001","-1.3999999999999986","78.51954341058457","true","14.915999999999999","6.315999999999995","50","91.3","101","500","913","959","104","46","9","24","25","5200","2270","621","1035","1274","33","1656","10.4","0","50","1000","1997","3.994","83","5.475211588782833","0","46.7","3.562626262626263","10","700","104"
"1117","BA","1000","2","0.1","50","0.1","0.5","1","platform","targeted","70","5","95","95","10.350531461300148","64.72934814176789","64.72934814176789","fixed","1","1","50","3033","7","50","23293929","v2.0-design-v1.0","8.299999999999997","10.9","-2.600000000000003","81.75182481751825","true","15.257999999999996","6.25","50","91.7","109","500","917","966","104","49","9","18","28","5200","2352","525","1012","1311","27","1537","10.4","0","50","1000","1997","3.994","70","5.096463277405015","0","42.8","3.602020202020202","10","700","104"
"1118","BA","1000","2","0.1","50","0.1","0.5","1","platform","targeted","70","5","95","95","10.350531461300148","64.72934814176789","64.72934814176789","fixed","1","1","50","3033","8","50","23293930","v2.0-design-v1.0","7.8999999999999915","10","-2.1000000000000085","79.58477508650519","true","15.238000000000007","6.821999999999995","50","92.10000000000001","100","500","921","976","104","55","7","8","34","5200","2300","590","1025","1285","15","1615","10.4","0","50","1000","1997","3.994","110","5.96838215813849","0","47.6","3.5535353535353535","10","700","104"
"1119","BA","1000","2","0.1","50","0.1","0.5","1","platform","targeted","70","5","95","95","10.350531461300148","64.72934814176789","64.72934814176789","fixed","1","1","50","3033","9","50","23293931","v2.0-design-v1.0","8","9.6","-1.5999999999999996","81.54221912072575","true","15.699999999999994","7.585999999999998","50","92","96","500","920","962","104","42","12","22","28","5200","2337","529","1039","1295","34","1568","10.4","0","50","1000","1997","3.994","87","5.345515741117825","0","42.4","3.606060606060606","10","700","104"
"1120","BA","1000","2","0.1","50","0.1","0.5","1","platform","targeted","70","5","95","95","10.350531461300148","64.72934814176789","64.72934814176789","fixed","1","1","50","3033","10","50","23293932","v2.0-design-v1.0","7.699999999999989","9.4","-1.7000000000000117","80.57630736392743","true","14.679999999999996","6.681999999999996","50","92.30000000000001","94","500","923","973","104","50","8","17","29","5200","2265","546","1101","1288","25","1647","10.4","0","50","1000","1997","3.994","77","5.258861057265111","0","45.4","3.5757575757575757","10","700","104"
"1121","BA","1000","2","0.1","50","0.1","0.5","1","platform","targeted","70","5","95","95","10.350531461300148","64.72934814176789","64.72934814176789","fixed","1","1","50","3033","11","50","23293933","v2.0-design-v1.0","8.599999999999994","9.9","-1.300000000000006","79.96563573883162","true","15.24","6.817999999999999","50","91.4","99","500","914","959","104","45","14","22","23","5200","2327","583","993","1297","36","1576","10.4","0","50","1000","1997","3.994","71","5.003498675826637","0","41.2","3.618181818181818","10","700","104"
"1122","BA","1000","2","0.1","50","0.1","0.5","1","platform","targeted","70","5","95","95","10.350531461300148","64.72934814176789","64.72934814176789","fixed","1","1","50","3033","12","50","23293934","v2.0-design-v1.0","7.699999999999989","10.299999999999999","-2.6000000000000103","79.59114139693357","true","15.501999999999999","6.761999999999995","50","92.30000000000001","103","500","923","963","104","40","18","14","32","5200","2336","599","1041","1224","32","1640","10.4","0","50","1000","1997","3.994","70","4.82444185779445","0","38.5","3.6454545454545455","10","700","104"
"1123","BA","1000","2","0.1","50","0.1","0.5","1","platform","targeted","70","5","95","95","10.350531461300148","64.72934814176789","64.72934814176789","fixed","1","1","50","3033","13","50","23293935","v2.0-design-v1.0","8.399999999999991","10.100000000000001","-1.70000000000001","79.58061189412169","true","15.561999999999996","7.049999999999996","50","91.60000000000001","101","500","916","961","104","45","12","21","26","5200","2315","594","1110","1181","33","1704","10.4","0","50","1000","1997","3.994","71","5.145720789397962","0","44.7","3.5828282828282827","10","700","104"
"1124","BA","1000","2","0.1","50","0.1","0.5","1","platform","targeted","70","5","95","95","10.350531461300148","64.72934814176789","64.72934814176789","fixed","1","1","50","3033","14","50","23293936","v2.0-design-v1.0","8","9.700000000000001","-1.700000000000001","80.3866432337434","true","15.616000000000003","7.367999999999996","50","92","97","500","920","960","104","40","11","23","30","5200","2287","558","1152","1203","34","1710","10.4","0","50","1000","1997","3.994","81","5.577191862314671","0","47","3.5595959595959594","10","700","104"
"1125","BA","1000","2","0.1","50","0.1","0.5","1","platform","targeted","70","5","95","95","10.350531461300148","64.72934814176789","64.72934814176789","fixed","1","1","50","3033","15","50","23293937","v2.0-design-v1.0","8.5","10.2","-1.6999999999999993","81.38025281858559","true","14.952000000000005","6.663999999999999","50","91.5","102","500","915","958","104","43","10","26","25","5200","2382","545","994","1279","36","1539","10.4","0","50","1000","1997","3.994","91","5.246664796943996","0","42","3.61010101010101","10","700","104"
"1126","BA","1000","2","0.1","50","0.1","0.5","1","platform","targeted","70","5","95","95","10.350531461300148","64.72934814176789","64.72934814176789","fixed","1","1","50","3033","16","50","23293938","v2.0-design-v1.0","8.799999999999997","10.299999999999999","-1.5000000000000018","81.80242634315424","true","16.04","7.601999999999999","50","91.2","103","500","912","967","104","55","11","13","25","5200","2360","525","1017","1298","24","1542","10.4","0","50","1000","1997","3.994","67","4.992683736317651","0","41.3","3.617171717171717","10","700","104"
"1127","BA","1000","2","0.1","50","0.1","0.5","1","platform","targeted","70","5","95","95","10.350531461300148","64.72934814176789","64.72934814176789","fixed","1","1","50","3033","17","50","23293939","v2.0-design-v1.0","7.799999999999997","10","-2.200000000000003","78.44374342797056","true","15.498","6.968000000000001","50","92.2","100","500","922","963","104","41","11","17","35","5200","2238","615","1073","1274","28","1688","10.4","0","50","1000","1997","3.994","91","5.024261856950445","0","39.2","3.6383838383838385","10","700","104"
"1128","BA","1000","2","0.1","50","0.1","0.5","1","platform","targeted","70","5","95","95","10.350531461300148","64.72934814176789","64.72934814176789","fixed","1","1","50","3033","18","50","23293940","v2.0-design-v1.0","7.699999999999989","9.700000000000001","-2.0000000000000124","79.60526315789474","true","15.324000000000005","7.2860000000000005","50","92.30000000000001","97","500","923","960","104","37","11","21","35","5200","2299","589","1105","1207","32","1694","10.4","0","50","1000","1997","3.994","63","4.788621398157803","0","39","3.6404040404040403","10","700","104"
"1130","BA","1000","2","0.1","50","0.1","0.5","1","platform","targeted","70","5","95","95","10.350531461300148","64.72934814176789","64.72934814176789","fixed","1","1","50","3033","20","50","23293942","v2.0-design-v1.0","8.099999999999994","10.9","-2.800000000000006","79.54701441317776","true","16.244000000000007","6.964000000000002","50","91.9","109","500","919","964","104","45","7","17","35","5200","2318","596","1055","1231","24","1651","10.4","0","50","1000","1997","3.994","105","5.475028761562796","0","44.6","3.583838383838384","10","700","104"
"1129","BA","1000","2","0.1","50","0.1","0.5","1","platform","targeted","70","5","95","95","10.350531461300148","64.72934814176789","64.72934814176789","fixed","1","1","50","3033","19","50","23293941","v2.0-design-v1.0","9.200000000000003","10.5","-1.2999999999999972","81.89625558227414","true","15.618","6.785999999999999","50","90.8","105","500","908","955","104","47","13","22","22","5200","2384","527","1017","1272","35","1544","10.4","0","50","1000","1997","3.994","66","5.12466840158718","0","43.8","3.591919191919192","10","700","104"
"1131","BA","1000","2","0.1","50","0.1","0.5","1","platform","targeted","70","5","95","95","10.350531461300148","64.72934814176789","64.72934814176789","fixed","1","1","50","3033","21","50","23293943","v2.0-design-v1.0","8.700000000000003","10.100000000000001","-1.3999999999999986","79.57820738137083","true","15.143999999999995","6.836","50","91.3","101","500","913","961","104","48","14","21","21","5200","2264","581","1144","1211","35","1725","10.4","0","50","1000","1997","3.994","76","5.0518794013204005","0","41.6","3.614141414141414","10","700","104"
"1132","BA","1000","2","0.1","50","0.1","0.5","1","platform","targeted","70","5","95","95","10.350531461300148","64.72934814176789","64.72934814176789","fixed","1","1","50","3033","22","50","23293944","v2.0-design-v1.0","7.8999999999999915","10.299999999999999","-2.4000000000000075","81.3986013986014","true","15.148","6.513999999999997","50","92.10000000000001","103","500","921","964","104","43","12","16","33","5200","2328","532","946","1394","28","1478","10.4","0","50","1000","1997","3.994","85","5.172109310012174","0","40.6","3.624242424242424","10","700","104"
"1134","BA","1000","2","0.1","50","0.1","0.5","1","platform","targeted","70","5","95","95","10.350531461300148","64.72934814176789","64.72934814176789","fixed","1","1","50","3033","24","50","23293946","v2.0-design-v1.0","9.299999999999997","10.4","-1.1000000000000032","80.83419510513616","true","16.060000000000006","7.619999999999997","50","90.7","104","500","907","960","104","53","12","15","24","5200","2345","556","1012","1287","27","1568","10.4","0","50","1000","1997","3.994","51","4.816550961337691","0","38.9","3.6414141414141414","10","700","104"
"1133","BA","1000","2","0.1","50","0.1","0.5","1","platform","targeted","70","5","95","95","10.350531461300148","64.72934814176789","64.72934814176789","fixed","1","1","50","3033","23","50","23293945","v2.0-design-v1.0","8","11.3","-3.3000000000000007","79.35906271536871","true","15.291999999999998","6.0919999999999925","50","92","113","500","920","973","104","53","5","17","29","5200","2303","599","968","1330","22","1567","10.4","0","50","1000","1997","3.994","101","5.3258171512293115","0","41.7","3.613131313131313","10","700","104"
"1135","BA","1000","2","0.1","50","0.1","0.5","1","platform","targeted","70","5","95","95","10.350531461300148","64.72934814176789","64.72934814176789","fixed","1","1","50","3033","25","50","23293947","v2.0-design-v1.0","9","10.100000000000001","-1.1000000000000014","79.83310152990263","true","15.948000000000004","7.579999999999997","50","91","101","500","910","954","104","44","12","23","25","5200","2296","580","1071","1253","35","1651","10.4","0","50","1000","1997","3.994","91","5.30547944224761","0","42.7","3.603030303030303","10","700","104"
"1136","BA","1000","2","0.1","50","0.1","0.5","1","platform","targeted","70","5","95","95","10.350531461300148","64.72934814176789","64.72934814176789","fixed","1","1","50","3033","26","50","23293948","v2.0-design-v1.0","8","10.100000000000001","-2.1000000000000014","79.51353203151764","true","15.313999999999998","6.795999999999999","50","92","101","500","920","969","104","49","12","16","27","5200","2321","598","1009","1272","28","1607","10.4","0","50","1000","1997","3.994","89","5.328635693904983","0","44.9","3.580808080808081","10","700","104"
"1137","BA","1000","2","0.1","50","0.1","0.5","1","platform","targeted","70","5","95","95","10.350531461300148","64.72934814176789","64.72934814176789","fixed","1","1","50","3033","27","50","23293949","v2.0-design-v1.0","8.799999999999997","10.100000000000001","-1.3000000000000043","82.60111576011158","true","15.284","6.979999999999998","50","91.2","101","500","912","967","104","55","7","19","23","5200","2369","499","1070","1262","26","1569","10.4","0","50","1000","1997","3.994","91","5.332954566129765","0","44.4","3.585858585858586","10","700","104"
"1138","BA","1000","2","0.1","50","0.1","0.5","1","platform","targeted","70","5","95","95","10.350531461300148","64.72934814176789","64.72934814176789","fixed","1","1","50","3033","28","50","23293950","v2.0-design-v1.0","8.899999999999991","10.100000000000001","-1.20000000000001","78.59369587807412","true","15.574000000000003","7.2479999999999976","50","91.10000000000001","101","500","911","956","104","45","13","23","23","5200","2269","618","1096","1217","36","1714","10.4","0","50","1000","1997","3.994","91","5.656851064325798","0","48.1","3.5484848484848484","10","700","104"
"1139","BA","1000","2","0.1","50","0.1","0.5","1","platform","targeted","70","5","95","95","10.350531461300148","64.72934814176789","64.72934814176789","fixed","1","1","50","3033","29","50","23293951","v2.0-design-v1.0","8.099999999999994","9.700000000000001","-1.6000000000000068","79.4281729428173","true","15.650000000000002","7.423999999999998","50","91.9","97","500","919","959","104","40","8","29","27","5200","2278","590","1112","1220","37","1702","10.4","0","50","1000","1997","3.994","114","5.713721257692796","0","46.2","3.5676767676767676","10","700","104"
"1140","BA","1000","2","0.1","50","0.1","0.5","1","platform","targeted","70","5","95","95","10.350531461300148","64.72934814176789","64.72934814176789","fixed","1","1","50","3033","30","50","23293952","v2.0-design-v1.0","7.8999999999999915","10.100000000000001","-2.20000000000001","80.75624577987845","true","15.736","7.098","50","92.10000000000001","101","500","921","970","104","49","10","17","28","5200","2392","570","998","1240","27","1568","10.4","0","50","1000","1997","3.994","67","4.8686412547719655","0","40.3","3.6272727272727274","10","700","104"
"1141","BA","1000","2","0.1","50","0.1","0.5","1","platform","targeted","70","5","95","95","61.16998558764116","84.13978989931948","84.13978989931948","fixed","1","1","50","3034","1","50","23294923","v2.0-design-v1.0","100","89.5","10.5","17.38379125626404","true","96.33800000000001","28.656","50","0","895","500","0","0","612","0","93","519","0","30600","1006","4781","24596","217","612","29377","61.2","0","50","1000","1997","3.994","85","5.293957875728699","0","43.6","3.5939393939393938","10","700","612"
"1142","BA","1000","2","0.1","50","0.1","0.5","1","platform","targeted","70","5","95","95","61.16998558764116","84.13978989931948","84.13978989931948","fixed","1","1","50","3034","2","50","23294924","v2.0-design-v1.0","100","88.9","11.099999999999994","17.39674593241552","true","96.70999999999998","30.401999999999997","50","0","889","500","0","0","612","0","104","508","0","30600","973","4620","24805","202","612","29425","61.2","0","50","1000","1997","3.994","105","5.3137745718274605","0","40.4","3.6262626262626263","10","700","612"
"1144","BA","1000","2","0.1","50","0.1","0.5","1","platform","targeted","70","5","95","95","61.16998558764116","84.13978989931948","84.13978989931948","fixed","1","1","50","3034","4","50","23294926","v2.0-design-v1.0","100","88.6","11.400000000000006","17.04484545292121","true","96.90200000000003","30.152","50","0","886","500","0","0","612","0","103","509","0","30600","954","4643","24812","191","612","29455","61.2","0","50","1000","1997","3.994","95","5.702848979807056","0","46.4","3.5656565656565657","10","700","612"
"1143","BA","1000","2","0.1","50","0.1","0.5","1","platform","targeted","70","5","95","95","61.16998558764116","84.13978989931948","84.13978989931948","fixed","1","1","50","3034","3","50","23294925","v2.0-design-v1.0","100","91","9","17.501789549033646","true","97.01400000000004","28.72000000000001","50","0","910","500","0","0","612","0","109","503","0","30600","978","4610","24837","175","612","29447","61.2","0","50","1000","1997","3.994","79","5.437603473179287","0","45.6","3.573737373737374","10","700","612"
"1145","BA","1000","2","0.1","50","0.1","0.5","1","platform","targeted","70","5","95","95","61.16998558764116","84.13978989931948","84.13978989931948","fixed","1","1","50","3034","5","50","23294927","v2.0-design-v1.0","100","89.3","10.700000000000003","17.739375771468875","true","96.92600000000002","30.006000000000014","50","0","893","500","0","0","612","0","94","518","0","30600","1006","4665","24723","206","612","29388","61.2","0","50","1000","1997","3.994","120","5.686501587118411","0","42.9","3.601010101010101","10","700","612"
"1146","BA","1000","2","0.1","50","0.1","0.5","1","platform","targeted","70","5","95","95","61.16998558764116","84.13978989931948","84.13978989931948","fixed","1","1","50","3034","6","50","23294928","v2.0-design-v1.0","100","91","9","16.43510054844607","true","97.26400000000001","29.769999999999996","50","0","910","500","0","0","612","0","109","503","0","30600","899","4571","24947","183","612","29518","61.2","0","50","1000","1997","3.994","67","4.845765723334689","0","40.1","3.6292929292929292","10","700","612"
"1148","BA","1000","2","0.1","50","0.1","0.5","1","platform","targeted","70","5","95","95","61.16998558764116","84.13978989931948","84.13978989931948","fixed","1","1","50","3034","8","50","23294930","v2.0-design-v1.0","100","89.60000000000001","10.399999999999991","16.131297173951204","true","97.13799999999999","29.113999999999997","50","0","896","500","0","0","612","0","90","522","0","30600","919","4778","24747","156","612","29525","61.2","0","50","1000","1997","3.994","65","5.101371187042543","0","44.5","3.584848484848485","10","700","612"
"1147","BA","1000","2","0.1","50","0.1","0.5","1","platform","targeted","70","5","95","95","61.16998558764116","84.13978989931948","84.13978989931948","fixed","1","1","50","3034","7","50","23294929","v2.0-design-v1.0","100","92.30000000000001","7.699999999999989","16.128450297672742","true","97.056","27.518000000000008","50","0","923","500","0","0","612","0","93","519","0","30600","894","4649","24883","174","612","29532","61.2","0","50","1000","1997","3.994","92","5.03918221116852","0","39.7","3.6333333333333333","10","700","612"
"1150","BA","1000","2","0.1","50","0.1","0.5","1","platform","targeted","70","5","95","95","61.16998558764116","84.13978989931948","84.13978989931948","fixed","1","1","50","3034","10","50","23294932","v2.0-design-v1.0","100","91.10000000000001","8.899999999999991","16.410070639376926","true","97.24600000000002","28.334","50","0","911","500","0","0","612","0","92","520","0","30600","906","4615","24899","180","612","29514","61.2","0","50","1000","1997","3.994","78","4.729728780208675","0","36.2","3.6686868686868688","10","700","612"
"1149","BA","1000","2","0.1","50","0.1","0.5","1","platform","targeted","70","5","95","95","61.16998558764116","84.13978989931948","84.13978989931948","fixed","1","1","50","3034","9","50","23294931","v2.0-design-v1.0","100","90.4","9.599999999999994","16.7420814479638","true","97.11200000000001","28.801999999999992","50","0","904","500","0","0","612","0","88","524","0","30600","925","4600","24922","153","612","29522","61.2","0","50","1000","1997","3.994","64","4.955453614001493","0","41.4","3.6161616161616164","10","700","612"
"1152","BA","1000","2","0.1","50","0.1","0.5","1","platform","targeted","70","5","95","95","61.16998558764116","84.13978989931948","84.13978989931948","fixed","1","1","50","3034","12","50","23294934","v2.0-design-v1.0","100","91.2","8.799999999999997","16.267092878707157","true","97.22200000000001","28.185999999999993","50","0","912","500","0","0","612","0","78","534","0","30600","916","4715","24800","169","612","29515","61.2","0","50","1000","1997","3.994","68","5.018879671117156","0","40.5","3.625252525252525","10","700","612"
"1151","BA","1000","2","0.1","50","0.1","0.5","1","platform","targeted","70","5","95","95","61.16998558764116","84.13978989931948","84.13978989931948","fixed","1","1","50","3034","11","50","23294933","v2.0-design-v1.0","100","87.4","12.599999999999994","18.88111888111888","true","96.33399999999997","31.007999999999992","50","0","874","500","0","0","612","0","112","500","0","30600","1080","4640","24682","198","612","29322","61.2","0","50","1000","1997","3.994","100","5.86995914980851","0","46.4","3.5656565656565657","10","700","612"
"1154","BA","1000","2","0.1","50","0.1","0.5","1","platform","targeted","70","5","95","95","61.16998558764116","84.13978989931948","84.13978989931948","fixed","1","1","50","3034","14","50","23294936","v2.0-design-v1.0","100","89.3","10.700000000000003","17.696926880960792","true","97.05799999999999","29.686","50","0","893","500","0","0","612","0","100","512","0","30600","1002","4660","24742","196","612","29402","61.2","0","50","1000","1997","3.994","98","5.716698754057674","0","46.6","3.5636363636363635","10","700","612"
"1153","BA","1000","2","0.1","50","0.1","0.5","1","platform","targeted","70","5","95","95","61.16998558764116","84.13978989931948","84.13978989931948","fixed","1","1","50","3034","13","50","23294935","v2.0-design-v1.0","100","89.5","10.5","16.331658291457288","true","97.32200000000003","29.4","50","0","895","500","0","0","612","0","83","529","0","30600","910","4662","24872","156","612","29534","61.2","0","50","1000","1997","3.994","80","5.436314700007484","0","46.9","3.5606060606060606","10","700","612"
"1156","BA","1000","2","0.1","50","0.1","0.5","1","platform","targeted","70","5","95","95","61.16998558764116","84.13978989931948","84.13978989931948","fixed","1","1","50","3034","16","50","23294938","v2.0-design-v1.0","100","93.10000000000001","6.8999999999999915","15.36819637139808","true","97.588","26.984000000000005","50","0","931","500","0","0","612","0","94","518","0","30600","864","4758","24797","181","612","29555","61.2","0","50","1000","1997","3.994","79","5.0496993438682445","0","39","3.6404040404040403","10","700","612"
"1155","BA","1000","2","0.1","50","0.1","0.5","1","platform","targeted","70","5","95","95","61.16998558764116","84.13978989931948","84.13978989931948","fixed","1","1","50","3034","15","50","23294937","v2.0-design-v1.0","100","89.7","10.299999999999997","16.197814011825837","true","97.00400000000002","29.31199999999999","50","0","897","500","0","0","612","0","92","520","0","30600","904","4677","24839","180","612","29516","61.2","0","50","1000","1997","3.994","95","5.129159021932562","0","38.3","3.6474747474747473","10","700","612"
"1157","BA","1000","2","0.1","50","0.1","0.5","1","platform","targeted","70","5","95","95","61.16998558764116","84.13978989931948","84.13978989931948","fixed","1","1","50","3034","17","50","23294939","v2.0-design-v1.0","100","91.5","8.5","15.859431900946833","true","97.522","28.128","50","0","915","500","0","0","612","0","100","512","0","30600","871","4621","24959","149","612","29580","61.2","0","50","1000","1997","3.994","66","5.337457489521802","0","44.9","3.580808080808081","10","700","612"
"1158","BA","1000","2","0.1","50","0.1","0.5","1","platform","targeted","70","5","95","95","61.16998558764116","84.13978989931948","84.13978989931948","fixed","1","1","50","3034","18","50","23294940","v2.0-design-v1.0","100","89.7","10.299999999999997","16.717270941239505","true","97.34000000000002","29.08000000000002","50","0","897","500","0","0","612","0","80","532","0","30600","936","4663","24849","152","612","29512","61.2","0","50","1000","1997","3.994","72","5.27975755502464","0","45.1","3.5787878787878786","10","700","612"
"1160","BA","1000","2","0.1","50","0.1","0.5","1","platform","targeted","70","5","95","95","61.16998558764116","84.13978989931948","84.13978989931948","fixed","1","1","50","3034","20","50","23294942","v2.0-design-v1.0","100","87.8","12.200000000000003","17.045045045045047","true","97.14800000000002","30.767999999999997","50","0","878","500","0","0","612","0","90","522","0","30600","946","4604","24865","185","612","29469","61.2","0","50","1000","1997","3.994","94","5.571625167489903","0","47.2","3.5575757575757576","10","700","612"
"1159","BA","1000","2","0.1","50","0.1","0.5","1","platform","targeted","70","5","95","95","61.16998558764116","84.13978989931948","84.13978989931948","fixed","1","1","50","3034","19","50","23294941","v2.0-design-v1.0","100","91.3","8.700000000000003","15.703495520815036","true","97.4","28.95000000000001","50","0","913","500","0","0","612","0","110","502","0","30600","894","4799","24723","184","612","29522","61.2","0","50","1000","1997","3.994","48","4.566488455784895","0","35.8","3.672727272727273","10","700","612"
"1161","BA","1000","2","0.1","50","0.1","0.5","1","platform","targeted","70","5","95","95","61.16998558764116","84.13978989931948","84.13978989931948","fixed","1","1","50","3034","21","50","23294943","v2.0-design-v1.0","100","90.8","9.200000000000003","15.017857142857144","true","97.48600000000002","29.036000000000005","50","0","908","500","0","0","612","0","84","528","0","30600","841","4759","24856","144","612","29615","61.2","0","50","1000","1997","3.994","93","5.332015978445137","0","43.9","3.590909090909091","10","700","612"
"1162","BA","1000","2","0.1","50","0.1","0.5","1","platform","targeted","70","5","95","95","61.16998558764116","84.13978989931948","84.13978989931948","fixed","1","1","50","3034","22","50","23294944","v2.0-design-v1.0","100","90.10000000000001","9.899999999999991","15.954617975536253","true","97.25800000000001","28.965999999999987","50","0","901","500","0","0","612","0","87","525","0","30600","900","4741","24803","156","612","29544","61.2","0","50","1000","1997","3.994","67","5.055246731814327","0","41.4","3.6161616161616164","10","700","612"
"1163","BA","1000","2","0.1","50","0.1","0.5","1","platform","targeted","70","5","95","95","61.16998558764116","84.13978989931948","84.13978989931948","fixed","1","1","50","3034","23","50","23294945","v2.0-design-v1.0","100","89.3","10.700000000000003","16.384388807069218","true","97.24800000000003","29.779999999999987","50","0","893","500","0","0","612","0","97","515","0","30600","890","4542","24989","179","612","29531","61.2","0","50","1000","1997","3.994","85","5.0471216982986835","0","40.9","3.621212121212121","10","700","612"
"1164","BA","1000","2","0.1","50","0.1","0.5","1","platform","targeted","70","5","95","95","61.16998558764116","84.13978989931948","84.13978989931948","fixed","1","1","50","3034","24","50","23294946","v2.0-design-v1.0","99","89.7","9.299999999999997","19.147437026598553","true","96.59600000000005","29.87","50","1","897","500","10","13","612","3","104","505","0","30600","1087","4590","24715","208","609","29305","61.2","0","50","1000","1997","3.994","143","6.315999988589","0","48.8","3.5414141414141413","10","700","612"
"1165","BA","1000","2","0.1","50","0.1","0.5","1","platform","targeted","70","5","95","95","61.16998558764116","84.13978989931948","84.13978989931948","fixed","1","1","50","3034","25","50","23294947","v2.0-design-v1.0","100","92.10000000000001","7.8999999999999915","17.522220206783963","true","96.87799999999999","28.772000000000006","50","0","921","500","0","0","612","0","86","526","0","30600","966","4547","24890","197","612","29437","61.2","0","50","1000","1997","3.994","65","5.119782825098739","0","45.3","3.576767676767677","10","700","612"
"1166","BA","1000","2","0.1","50","0.1","0.5","1","platform","targeted","70","5","95","95","61.16998558764116","84.13978989931948","84.13978989931948","fixed","1","1","50","3034","26","50","23294948","v2.0-design-v1.0","100","90.4","9.599999999999994","15.695471766191593","true","97.262","29.633999999999993","50","0","904","500","0","0","612","0","94","518","0","30600","870","4673","24887","170","612","29560","61.2","0","50","1000","1997","3.994","101","5.478318717998787","0","44.8","3.581818181818182","10","700","612"
"1167","BA","1000","2","0.1","50","0.1","0.5","1","platform","targeted","70","5","95","95","61.16998558764116","84.13978989931948","84.13978989931948","fixed","1","1","50","3034","27","50","23294949","v2.0-design-v1.0","100","91.4","8.599999999999994","15.627790676906592","true","97.53200000000001","27.897999999999993","50","0","914","500","0","0","612","0","91","521","0","30600","875","4724","24846","155","612","29570","61.2","0","50","1000","1997","3.994","88","5.1620355103980575","0","41.5","3.6151515151515152","10","700","612"
"1168","BA","1000","2","0.1","50","0.1","0.5","1","platform","targeted","70","5","95","95","61.16998558764116","84.13978989931948","84.13978989931948","fixed","1","1","50","3034","28","50","23294950","v2.0-design-v1.0","100","93.89999999999999","6.1000000000000085","17.507998578030573","true","97.01","26.611999999999984","50","0","939","500","0","0","612","0","104","508","0","30600","985","4641","24789","185","612","29430","61.2","0","50","1000","1997","3.994","93","5.72264909921206","0","48.5","3.5444444444444443","10","700","612"
"1169","BA","1000","2","0.1","50","0.1","0.5","1","platform","targeted","70","5","95","95","61.16998558764116","84.13978989931948","84.13978989931948","fixed","1","1","50","3034","29","50","23294951","v2.0-design-v1.0","100","86.8","13.200000000000003","17.721966749204103","true","96.36400000000002","31.050000000000008","50","0","868","500","0","0","612","0","76","536","0","30600","1002","4652","24747","199","612","29399","61.2","0","50","1000","1997","3.994","79","4.9681633071635805","0","38.7","3.6434343434343432","10","700","612"
"1170","BA","1000","2","0.1","50","0.1","0.5","1","platform","targeted","70","5","95","95","61.16998558764116","84.13978989931948","84.13978989931948","fixed","1","1","50","3034","30","50","23294952","v2.0-design-v1.0","100","88.5","11.5","18.4366576819407","true","96.63800000000003","30.011999999999997","50","0","885","500","0","0","612","0","99","513","0","30600","1026","4539","24826","209","612","29365","61.2","0","50","1000","1997","3.994","67","4.918348722300415","0","41.9","3.611111111111111","10","700","612"
"1172","BA","1000","2","0.1","50","0.1","0.5","1","platform","targeted","70","5","95","95","24.474861609332635","87.86375173376635","87.86375173376635","fixed","1","1","50","3035","2","50","23295924","v2.0-design-v1.0","40.400000000000006","26.700000000000003","13.700000000000003","78.58391608391608","true","46.437999999999995","26.905999999999995","50","59.599999999999994","267","500","596","670","245","74","18","139","14","12250","3596","980","7236","438","157","8216","24.5","0","50","1000","1997","3.994","88","5.181970360472621","0","40.9","3.621212121212121","10","700","245"
"1171","BA","1000","2","0.1","50","0.1","0.5","1","platform","targeted","70","5","95","95","24.474861609332635","87.86375173376635","87.86375173376635","fixed","1","1","50","3035","1","50","23295923","v2.0-design-v1.0","38.3","27","11.299999999999997","79.61041710777049","true","44.13600000000001","24.281999999999993","50","61.7","270","500","617","693","245","76","17","148","4","12250","3760","963","7019","508","165","7982","24.5","0","50","1000","1997","3.994","67","4.936023534012802","0","41.2","3.618181818181818","10","700","245"
"1174","BA","1000","2","0.1","50","0.1","0.5","1","platform","targeted","70","5","95","95","24.474861609332635","87.86375173376635","87.86375173376635","fixed","1","1","50","3035","4","50","23295926","v2.0-design-v1.0","38.6","27.500000000000004","11.099999999999998","78.12707549258357","true","45.187999999999995","24.392000000000007","50","61.4","275","500","614","677","245","63","23","149","10","12250","3529","988","7250","483","172","8238","24.5","0","50","1000","1997","3.994","65","5.058809697503499","0","41.9","3.611111111111111","10","700","245"
"1173","BA","1000","2","0.1","50","0.1","0.5","1","platform","targeted","70","5","95","95","24.474861609332635","87.86375173376635","87.86375173376635","fixed","1","1","50","3035","3","50","23295925","v2.0-design-v1.0","38.1","26.5","11.600000000000001","78.50241545893721","true","44.626","24.468000000000004","50","61.9","265","500","619","684","245","65","27","145","8","12250","3575","979","7218","478","172","8197","24.5","0","50","1000","1997","3.994","75","5.3282599743588195","0","44.7","3.5828282828282827","10","700","245"
"1175","BA","1000","2","0.1","50","0.1","0.5","1","platform","targeted","70","5","95","95","24.474861609332635","87.86375173376635","87.86375173376635","fixed","1","1","50","3035","5","50","23295927","v2.0-design-v1.0","38.3","26.6","11.699999999999996","78.80434782608695","true","44.128000000000014","24.300000000000004","50","61.7","266","500","617","706","245","89","19","127","10","12250","3625","975","7159","491","146","8134","24.5","0","50","1000","1997","3.994","73","5.10843029315855","0","42.7","3.603030303030303","10","700","245"
"1176","BA","1000","2","0.1","50","0.1","0.5","1","platform","targeted","70","5","95","95","24.474861609332635","87.86375173376635","87.86375173376635","fixed","1","1","50","3035","6","50","23295928","v2.0-design-v1.0","39.1","27","12.100000000000001","78.21300021172983","true","45.79599999999998","25.582000000000008","50","60.9","270","500","609","693","245","84","15","134","12","12250","3694","1029","7038","489","149","8067","24.5","0","50","1000","1997","3.994","99","5.32450132071673","0","41.6","3.614141414141414","10","700","245"
"1177","BA","1000","2","0.1","50","0.1","0.5","1","platform","targeted","70","5","95","95","24.474861609332635","87.86375173376635","87.86375173376635","fixed","1","1","50","3035","7","50","23295929","v2.0-design-v1.0","40.1","27.700000000000003","12.399999999999999","78.58864781941705","true","45.36800000000001","24.938","50","59.9","277","500","599","655","245","56","20","159","10","12250","3586","977","7175","512","179","8152","24.5","0","50","1000","1997","3.994","67","5.172302844644407","0","43.2","3.597979797979798","10","700","245"
"1178","BA","1000","2","0.1","50","0.1","0.5","1","platform","targeted","70","5","95","95","24.474861609332635","87.86375173376635","87.86375173376635","fixed","1","1","50","3035","8","50","23295930","v2.0-design-v1.0","39.1","27.500000000000004","11.599999999999998","78.9574062301335","true","44.762","24.347999999999992","50","60.9","275","500","609","690","245","81","19","134","11","12250","3726","993","7007","524","153","8000","24.5","0","50","1000","1997","3.994","61","4.697662400815106","0","37.7","3.6535353535353536","10","700","245"
"1179","BA","1000","2","0.1","50","0.1","0.5","1","platform","targeted","70","5","95","95","24.474861609332635","87.86375173376635","87.86375173376635","fixed","1","1","50","3035","9","50","23295931","v2.0-design-v1.0","39","27.700000000000003","11.299999999999997","79.5221843003413","true","44.675999999999995","24.004000000000005","50","61","277","500","610","681","245","71","16","146","12","12250","3728","960","7060","502","162","8020","24.5","0","50","1000","1997","3.994","82","5.191619874077531","0","43.5","3.594949494949495","10","700","245"
"1180","BA","1000","2","0.1","50","0.1","0.5","1","platform","targeted","70","5","95","95","24.474861609332635","87.86375173376635","87.86375173376635","fixed","1","1","50","3035","10","50","23295932","v2.0-design-v1.0","37.5","26.700000000000003","10.799999999999997","77.97195253505933","true","45.099999999999994","24.762000000000004","50","62.5","267","500","625","689","245","64","22","144","15","12250","3614","1021","7083","532","166","8104","24.5","0","50","1000","1997","3.994","110","5.556513190737403","0","43.4","3.595959595959596","10","700","245"
"1181","BA","1000","2","0.1","50","0.1","0.5","1","platform","targeted","70","5","95","95","24.474861609332635","87.86375173376635","87.86375173376635","fixed","1","1","50","3035","11","50","23295933","v2.0-design-v1.0","37.6","28.599999999999998","9.000000000000004","77.66442370306056","true","44.556000000000004","23.281999999999996","50","62.4","286","500","624","704","245","80","21","128","16","12250","3578","1029","7163","480","149","8192","24.5","0","50","1000","1997","3.994","85","5.466062736727579","0","47.3","3.5565656565656565","10","700","245"
"1182","BA","1000","2","0.1","50","0.1","0.5","1","platform","targeted","70","5","95","95","24.474861609332635","87.86375173376635","87.86375173376635","fixed","1","1","50","3035","12","50","23295934","v2.0-design-v1.0","36.199999999999996","26.5","9.699999999999996","80.72417465388712","true","43.83","24.055999999999997","50","63.800000000000004","265","500","638","718","245","80","17","136","12","12250","3790","905","6990","565","153","7895","24.5","0","50","1000","1997","3.994","62","4.812184651602744","0","38.2","3.6484848484848484","10","700","245"
"1183","BA","1000","2","0.1","50","0.1","0.5","1","platform","targeted","70","5","95","95","24.474861609332635","87.86375173376635","87.86375173376635","fixed","1","1","50","3035","13","50","23295935","v2.0-design-v1.0","38.800000000000004","27.3","11.500000000000004","78.58690940615519","true","44.28999999999999","24.02800000000001","50","61.199999999999996","273","500","612","682","245","70","17","145","13","12250","3626","988","7098","538","162","8086","24.5","0","50","1000","1997","3.994","80","5.260573888620668","0","45.4","3.5757575757575757","10","700","245"
"1184","BA","1000","2","0.1","50","0.1","0.5","1","platform","targeted","70","5","95","95","24.474861609332635","87.86375173376635","87.86375173376635","fixed","1","1","50","3035","14","50","23295936","v2.0-design-v1.0","38.2","28.199999999999996","10.000000000000007","77.94245858761988","true","46.1","24.690000000000005","50","61.8","282","500","618","687","245","69","18","143","15","12250","3576","1012","7185","477","161","8197","24.5","0","50","1000","1997","3.994","77","5.160677920253942","0","44.3","3.5868686868686868","10","700","245"
"1185","BA","1000","2","0.1","50","0.1","0.5","1","platform","targeted","70","5","95","95","24.474861609332635","87.86375173376635","87.86375173376635","fixed","1","1","50","3035","15","50","23295937","v2.0-design-v1.0","41.5","28.299999999999997","13.200000000000003","78.46287451150673","true","47.353999999999985","26.138000000000005","50","58.5","283","500","585","668","245","83","31","125","6","12250","3614","992","7143","501","156","8135","24.5","0","50","1000","1997","3.994","86","5.239791925202694","0","43.5","3.594949494949495","10","700","245"
"1186","BA","1000","2","0.1","50","0.1","0.5","1","platform","targeted","70","5","95","95","24.474861609332635","87.86375173376635","87.86375173376635","fixed","1","1","50","3035","16","50","23295938","v2.0-design-v1.0","36.6","27.6","9","79.46389969736273","true","42.692","21.856000000000005","50","63.4","276","500","634","708","245","74","22","143","6","12250","3676","950","7135","489","165","8085","24.5","0","50","1000","1997","3.994","78","5.355805135425348","0","46.1","3.5686868686868687","10","700","245"
"1187","BA","1000","2","0.1","50","0.1","0.5","1","platform","targeted","70","5","95","95","24.474861609332635","87.86375173376635","87.86375173376635","fixed","1","1","50","3035","17","50","23295939","v2.0-design-v1.0","38.7","27.3","11.400000000000002","80.35367694630149","true","44.605999999999995","24.819999999999997","50","61.3","273","500","613","694","245","81","20","136","8","12250","3726","911","7154","459","156","8065","24.5","0","50","1000","1997","3.994","95","5.406773270370888","0","43.3","3.596969696969697","10","700","245"
"1188","BA","1000","2","0.1","50","0.1","0.5","1","platform","targeted","70","5","95","95","24.474861609332635","87.86375173376635","87.86375173376635","fixed","1","1","50","3035","18","50","23295940","v2.0-design-v1.0","36.6","26.200000000000003","10.399999999999999","78.90185905750108","true","43.09999999999998","23.382","50","63.4","262","500","634","698","245","64","17","149","15","12250","3650","976","7075","549","166","8051","24.5","0","50","1000","1997","3.994","89","5.367007431406131","0","45","3.5797979797979798","10","700","245"
"1189","BA","1000","2","0.1","50","0.1","0.5","1","platform","targeted","70","5","95","95","24.474861609332635","87.86375173376635","87.86375173376635","fixed","1","1","50","3035","19","50","23295941","v2.0-design-v1.0","38.1","27","11.100000000000001","78.87478108581436","true","43.872","23.376000000000005","50","61.9","270","500","619","689","245","70","20","149","6","12250","3603","965","7187","495","169","8152","24.5","0","50","1000","1997","3.994","94","5.409734672720014","0","45.9","3.5707070707070705","10","700","245"
"1190","BA","1000","2","0.1","50","0.1","0.5","1","platform","targeted","70","5","95","95","24.474861609332635","87.86375173376635","87.86375173376635","fixed","1","1","50","3035","20","50","23295942","v2.0-design-v1.0","36.5","26.8","9.7","78.93942660056047","true","43.16","23.37200000000001","50","63.5","268","500","635","714","245","79","18","136","12","12250","3662","977","7085","526","154","8062","24.5","0","50","1000","1997","3.994","79","5.545332696485812","0","48.1","3.5484848484848484","10","700","245"
"1191","BA","1000","2","0.1","50","0.1","0.5","1","platform","targeted","70","5","95","95","24.474861609332635","87.86375173376635","87.86375173376635","fixed","1","1","50","3035","21","50","23295943","v2.0-design-v1.0","37.8","28.199999999999996","9.600000000000001","79.305168346558","true","44.52200000000002","23.92000000000001","50","62.2","282","500","622","713","245","91","15","123","16","12250","3698","965","7033","554","138","7998","24.5","0","50","1000","1997","3.994","78","5.3335176394580674","0","46.5","3.5646464646464646","10","700","245"
"1192","BA","1000","2","0.1","50","0.1","0.5","1","platform","targeted","70","5","95","95","24.474861609332635","87.86375173376635","87.86375173376635","fixed","1","1","50","3035","22","50","23295944","v2.0-design-v1.0","38.4","26.5","11.899999999999999","79.88864142538975","true","44.916000000000004","25.344000000000005","50","61.6","265","500","616","684","245","68","19","149","9","12250","3587","903","7290","470","168","8193","24.5","0","50","1000","1997","3.994","76","5.049501110155474","0","42.1","3.609090909090909","10","700","245"
"1193","BA","1000","2","0.1","50","0.1","0.5","1","platform","targeted","70","5","95","95","24.474861609332635","87.86375173376635","87.86375173376635","fixed","1","1","50","3035","23","50","23295945","v2.0-design-v1.0","37.7","27.6","10.100000000000001","78.26737967914438","true","43.89199999999999","23.33","50","62.3","276","500","623","698","245","75","18","141","11","12250","3659","1016","7017","558","159","8033","24.5","0","50","1000","1997","3.994","82","5.289417920900357","0","44.9","3.580808080808081","10","700","245"
"1194","BA","1000","2","0.1","50","0.1","0.5","1","platform","targeted","70","5","95","95","24.474861609332635","87.86375173376635","87.86375173376635","fixed","1","1","50","3035","24","50","23295946","v2.0-design-v1.0","39.1","26.400000000000002","12.7","79.75744211686879","true","44.571999999999996","25.13600000000001","50","60.9","264","500","609","683","245","74","23","144","4","12250","3617","918","7229","486","167","8147","24.5","0","50","1000","1997","3.994","102","5.514197164626077","0","43.8","3.591919191919192","10","700","245"
"1195","BA","1000","2","0.1","50","0.1","0.5","1","platform","targeted","70","5","95","95","24.474861609332635","87.86375173376635","87.86375173376635","fixed","1","1","50","3035","25","50","23295947","v2.0-design-v1.0","38","29.099999999999998","8.900000000000002","78.03285593934288","true","44.28999999999999","23.34400000000001","50","62","291","500","620","705","245","85","18","128","14","12250","3705","1043","6980","522","146","8023","24.5","0","50","1000","1997","3.994","56","4.812808652660843","0","38.6","3.6444444444444444","10","700","245"
"1196","BA","1000","2","0.1","50","0.1","0.5","1","platform","targeted","70","5","95","95","24.474861609332635","87.86375173376635","87.86375173376635","fixed","1","1","50","3035","26","50","23295948","v2.0-design-v1.0","39.2","26.700000000000003","12.5","78.88255416191562","true","46.08","25.939999999999994","50","60.8","267","500","608","683","245","75","14","147","9","12250","3459","926","7416","449","161","8342","24.5","0","50","1000","1997","3.994","91","5.47813599447603","0","46.6","3.5636363636363635","10","700","245"
"1197","BA","1000","2","0.1","50","0.1","0.5","1","platform","targeted","70","5","95","95","24.474861609332635","87.86375173376635","87.86375173376635","fixed","1","1","50","3035","27","50","23295949","v2.0-design-v1.0","39.2","27.1","12.100000000000001","79.17987740435426","true","45.492","25.539999999999992","50","60.8","271","500","608","689","245","81","24","129","11","12250","3746","985","7022","497","153","8007","24.5","0","50","1000","1997","3.994","57","4.752530962608288","0","39.2","3.6383838383838385","10","700","245"
"1198","BA","1000","2","0.1","50","0.1","0.5","1","platform","targeted","70","5","95","95","24.474861609332635","87.86375173376635","87.86375173376635","fixed","1","1","50","3035","28","50","23295950","v2.0-design-v1.0","38.9","27.500000000000004","11.399999999999995","79.34272300469483","true","44.76399999999999","24.035999999999998","50","61.1","275","500","611","680","245","69","18","149","9","12250","3718","968","7028","536","167","7996","24.5","0","50","1000","1997","3.994","90","5.116066666701878","0","40.4","3.6262626262626263","10","700","245"
"1200","BA","1000","2","0.1","50","0.1","0.5","1","platform","targeted","70","5","95","95","24.474861609332635","87.86375173376635","87.86375173376635","fixed","1","1","50","3035","30","50","23295952","v2.0-design-v1.0","38.9","27.700000000000003","11.199999999999996","78.7454192713947","true","45.93399999999999","26.647999999999993","50","61.1","277","500","611","684","245","73","22","136","14","12250","3653","986","7060","551","158","8046","24.5","0","50","1000","1997","3.994","65","5.003498675826641","0","40.7","3.6232323232323234","10","700","245"
"1199","BA","1000","2","0.1","50","0.1","0.5","1","platform","targeted","70","5","95","95","24.474861609332635","87.86375173376635","87.86375173376635","fixed","1","1","50","3035","29","50","23295951","v2.0-design-v1.0","36.4","26.5","9.899999999999999","79.41240478781285","true","43.84600000000001","24.267999999999986","50","63.6","265","500","636","720","245","84","17","131","13","12250","3649","946","7137","518","148","8083","24.5","0","50","1000","1997","3.994","63","5.164943430536344","0","44.4","3.585858585858586","10","700","245"
"1202","BA","1000","2","0.1","50","0.1","0.5","1","platform","targeted","70","5","95","95","14.768328020027223","65.61452264729583","65.61452264729583","fixed","1","1","50","3036","2","50","23296924","v2.0-design-v1.0","14","14.099999999999998","-0.09999999999999787","74.24395161290323","true","21.90000000000001","9.717999999999996","50","86","141","500","860","919","148","59","25","38","26","7400","2946","1022","1917","1515","63","2939","14.8","0","50","1000","1997","3.994","56","4.9868660331748185","0","41.8","3.6121212121212123","10","700","148"
"1201","BA","1000","2","0.1","50","0.1","0.5","1","platform","targeted","70","5","95","95","14.768328020027223","65.61452264729583","65.61452264729583","fixed","1","1","50","3036","1","50","23296923","v2.0-design-v1.0","14.099999999999994","14.7","-0.600000000000005","74.47354904982024","true","20.986","8.538000000000002","50","85.9","147","500","859","925","148","66","20","38","24","7400","2900","994","1899","1607","58","2893","14.8","0","50","1000","1997","3.994","100","5.745692036384902","0","48.7","3.5424242424242425","10","700","148"
"1203","BA","1000","2","0.1","50","0.1","0.5","1","platform","targeted","70","5","95","95","14.768328020027223","65.61452264729583","65.61452264729583","fixed","1","1","50","3036","3","50","23296925","v2.0-design-v1.0","11.799999999999997","14.799999999999999","-3.0000000000000018","73.20477036285207","true","21.504","8.867999999999999","50","88.2","148","500","882","936","148","54","23","29","42","7400","2885","1056","2015","1444","52","3071","14.8","0","50","1000","1997","3.994","100","6.114192289039299","0","50.8","3.521212121212121","10","700","148"
"1204","BA","1000","2","0.1","50","0.1","0.5","1","platform","targeted","70","5","95","95","14.768328020027223","65.61452264729583","65.61452264729583","fixed","1","1","50","3036","4","50","23296926","v2.0-design-v1.0","13.400000000000006","14.399999999999999","-0.9999999999999929","74.20172326406488","true","20.66","8.014000000000003","50","86.6","144","500","866","938","148","72","21","28","27","7400","2928","1018","1938","1516","49","2956","14.8","0","50","1000","1997","3.994","79","5.3149047227784","0","45.9","3.5707070707070705","10","700","148"
"1205","BA","1000","2","0.1","50","0.1","0.5","1","platform","targeted","70","5","95","95","14.768328020027223","65.61452264729583","65.61452264729583","fixed","1","1","50","3036","5","50","23296927","v2.0-design-v1.0","13.799999999999997","15.4","-1.6000000000000032","74.04385517593064","true","22.273999999999997","9.244000000000002","50","86.2","154","500","862","924","148","62","18","37","31","7400","2904","1018","1922","1556","55","2940","14.8","0","50","1000","1997","3.994","64","5.22046139888201","0","43.8","3.591919191919192","10","700","148"
"1206","BA","1000","2","0.1","50","0.1","0.5","1","platform","targeted","70","5","95","95","14.768328020027223","65.61452264729583","65.61452264729583","fixed","1","1","50","3036","6","50","23296928","v2.0-design-v1.0","12","14.7","-2.6999999999999993","73.80167385239666","true","20.656","8.000000000000002","50","88","147","500","880","932","148","52","17","41","38","7400","2910","1033","1978","1479","58","3011","14.8","0","50","1000","1997","3.994","81","5.17075436476155","0","43.2","3.597979797979798","10","700","148"
"1207","BA","1000","2","0.1","50","0.1","0.5","1","platform","targeted","70","5","95","95","14.768328020027223","65.61452264729583","65.61452264729583","fixed","1","1","50","3036","7","50","23296929","v2.0-design-v1.0","13.5","13.8","-0.3000000000000007","73.71069182389937","true","20.451999999999995","8.072000000000003","50","86.5","138","500","865","926","148","61","22","38","27","7400","2930","1045","1940","1485","60","2985","14.8","0","50","1000","1997","3.994","59","4.777320042323594","0","38.9","3.6414141414141414","10","700","148"
"1208","BA","1000","2","0.1","50","0.1","0.5","1","platform","targeted","70","5","95","95","14.768328020027223","65.61452264729583","65.61452264729583","fixed","1","1","50","3036","8","50","23296930","v2.0-design-v1.0","13.200000000000003","14.7","-1.4999999999999964","73.6774524910118","true","19.887999999999998","7.39","50","86.8","147","500","868","923","148","55","23","40","30","7400","2869","1025","1969","1537","63","2994","14.8","0","50","1000","1997","3.994","76","5.475760033817028","0","47.6","3.5535353535353535","10","700","148"
"1209","BA","1000","2","0.1","50","0.1","0.5","1","platform","targeted","70","5","95","95","14.768328020027223","65.61452264729583","65.61452264729583","fixed","1","1","50","3036","9","50","23296931","v2.0-design-v1.0","13.099999999999994","14.7","-1.600000000000005","75.23566878980891","true","20.52","7.6240000000000006","50","86.9","147","500","869","931","148","62","15","42","29","7400","2953","972","1936","1539","57","2908","14.8","0","50","1000","1997","3.994","62","5.106666431444484","0","42","3.61010101010101","10","700","148"
"1210","BA","1000","2","0.1","50","0.1","0.5","1","platform","targeted","70","5","95","95","14.768328020027223","65.61452264729583","65.61452264729583","fixed","1","1","50","3036","10","50","23296932","v2.0-design-v1.0","14.299999999999997","14.6","-0.3000000000000025","74.32979261507334","true","21.215999999999994","8.654","50","85.7","146","500","857","921","148","64","19","43","22","7400","2939","1015","1948","1498","62","2963","14.8","0","50","1000","1997","3.994","64","5.118414028013176","0","43.8","3.591919191919192","10","700","148"
"1211","BA","1000","2","0.1","50","0.1","0.5","1","platform","targeted","70","5","95","95","14.768328020027223","65.61452264729583","65.61452264729583","fixed","1","1","50","3036","11","50","23296933","v2.0-design-v1.0","14.400000000000006","14.6","-0.19999999999999396","74.9626307922272","true","20.226000000000006","7.933999999999998","50","85.6","146","500","856","921","148","65","17","40","26","7400","3009","1005","1854","1532","57","2859","14.8","0","50","1000","1997","3.994","53","4.889567656947983","0","42.1","3.609090909090909","10","700","148"
"1212","BA","1000","2","0.1","50","0.1","0.5","1","platform","targeted","70","5","95","95","14.768328020027223","65.61452264729583","65.61452264729583","fixed","1","1","50","3036","12","50","23296934","v2.0-design-v1.0","11.799999999999997","14.7","-2.900000000000002","75.51278804760699","true","20.102000000000004","7.235999999999998","50","88.2","147","500","882","938","148","56","14","35","43","7400","2982","967","1927","1524","49","2894","14.8","0","50","1000","1997","3.994","65","5.293957875728695","0","46","3.56969696969697","10","700","148"
"1213","BA","1000","2","0.1","50","0.1","0.5","1","platform","targeted","70","5","95","95","14.768328020027223","65.61452264729583","65.61452264729583","fixed","1","1","50","3036","13","50","23296935","v2.0-design-v1.0","12.5","14.499999999999998","-1.9999999999999982","74.59749552772809","true","20.110000000000003","7.418000000000004","50","87.5","145","500","875","936","148","61","17","38","32","7400","2919","994","1961","1526","55","2955","14.8","0","50","1000","1997","3.994","56","4.755268297012958","0","39.4","3.6363636363636362","10","700","148"
"1214","BA","1000","2","0.1","50","0.1","0.5","1","platform","targeted","70","5","95","95","14.768328020027223","65.61452264729583","65.61452264729583","fixed","1","1","50","3036","14","50","23296936","v2.0-design-v1.0","13","14.399999999999999","-1.3999999999999986","74.23047570592725","true","20.247999999999994","7.754","50","87","144","500","870","931","148","61","23","35","29","7400","2918","1013","1908","1561","58","2921","14.8","0","50","1000","1997","3.994","90","5.187955173175534","0","42.9","3.601010101010101","10","700","148"
"1215","BA","1000","2","0.1","50","0.1","0.5","1","platform","targeted","70","5","95","95","14.768328020027223","65.61452264729583","65.61452264729583","fixed","1","1","50","3036","15","50","23296937","v2.0-design-v1.0","14.600000000000009","14.299999999999999","0.3000000000000096","73.47623966942149","true","21.356000000000005","8.855999999999996","50","85.39999999999999","143","500","854","916","148","62","19","41","26","7400","2845","1027","2026","1502","60","3053","14.8","0","50","1000","1997","3.994","66","5.393612430927433","0","45.9","3.5707070707070705","10","700","148"
"1216","BA","1000","2","0.1","50","0.1","0.5","1","platform","targeted","70","5","95","95","14.768328020027223","65.61452264729583","65.61452264729583","fixed","1","1","50","3036","16","50","23296938","v2.0-design-v1.0","13","14.399999999999999","-1.3999999999999986","73.21382842509603","true","20.450000000000006","8.094000000000001","50","87","144","500","870","925","148","55","23","39","31","7400","2859","1046","1999","1496","62","3045","14.8","0","50","1000","1997","3.994","89","5.494010206410981","0","43.8","3.591919191919192","10","700","148"
"1217","BA","1000","2","0.1","50","0.1","0.5","1","platform","targeted","70","5","95","95","14.768328020027223","65.61452264729583","65.61452264729583","fixed","1","1","50","3036","17","50","23296939","v2.0-design-v1.0","12.400000000000006","15.299999999999999","-2.8999999999999932","75.38964303670186","true","19.79","7.100000000000002","50","87.6","153","500","876","945","148","69","16","27","36","7400","2999","979","1794","1628","43","2773","14.8","0","50","1000","1997","3.994","67","4.886495865325354","0","40.5","3.625252525252525","10","700","148"
"1218","BA","1000","2","0.1","50","0.1","0.5","1","platform","targeted","70","5","95","95","14.768328020027223","65.61452264729583","65.61452264729583","fixed","1","1","50","3036","18","50","23296940","v2.0-design-v1.0","13.5","14.299999999999999","-0.7999999999999989","74.31736218444101","true","19.85","7.1739999999999995","50","86.5","143","500","865","926","148","61","19","38","30","7400","2885","997","1909","1609","57","2906","14.8","0","50","1000","1997","3.994","80","5.018480761061965","0","41.1","3.6191919191919193","10","700","148"
"1219","BA","1000","2","0.1","50","0.1","0.5","1","platform","targeted","70","5","95","95","14.768328020027223","65.61452264729583","65.61452264729583","fixed","1","1","50","3036","19","50","23296941","v2.0-design-v1.0","12.900000000000006","15","-2.0999999999999943","74.0220661985958","true","20.844000000000005","7.719999999999998","50","87.1","150","500","871","927","148","56","15","46","31","7400","2952","1036","1952","1460","61","2988","14.8","0","50","1000","1997","3.994","88","5.363275932555463","0","44.6","3.583838383838384","10","700","148"
"1220","BA","1000","2","0.1","50","0.1","0.5","1","platform","targeted","70","5","95","95","14.768328020027223","65.61452264729583","65.61452264729583","fixed","1","1","50","3036","20","50","23296942","v2.0-design-v1.0","14.099999999999994","16.8","-2.7000000000000064","75.40485829959515","true","21.428","7.67","50","85.9","168","500","859","916","148","57","20","36","35","7400","2980","972","1856","1592","56","2828","14.8","0","50","1000","1997","3.994","96","5.469541103226102","0","45.1","3.5787878787878786","10","700","148"
"1221","BA","1000","2","0.1","50","0.1","0.5","1","platform","targeted","70","5","95","95","14.768328020027223","65.61452264729583","65.61452264729583","fixed","1","1","50","3036","21","50","23296943","v2.0-design-v1.0","13.299999999999997","13.900000000000002","-0.600000000000005","73.95676219205632","true","21.418000000000003","9.344","50","86.7","139","500","867","934","148","67","17","35","29","7400","2942","1036","1935","1487","52","2971","14.8","0","50","1000","1997","3.994","75","4.924247375204876","0","37.7","3.6535353535353536","10","700","148"
"1222","BA","1000","2","0.1","50","0.1","0.5","1","platform","targeted","70","5","95","95","14.768328020027223","65.61452264729583","65.61452264729583","fixed","1","1","50","3036","22","50","23296944","v2.0-design-v1.0","13.200000000000003","16.1","-2.8999999999999986","74.52519625221575","true","21.395999999999994","8.298","50","86.8","161","500","868","931","148","63","12","37","36","7400","2943","1006","1868","1583","49","2874","14.8","0","50","1000","1997","3.994","90","5.620458482504207","0","46.4","3.5656565656565657","10","700","148"
"1223","BA","1000","2","0.1","50","0.1","0.5","1","platform","targeted","70","5","95","95","14.768328020027223","65.61452264729583","65.61452264729583","fixed","1","1","50","3036","23","50","23296945","v2.0-design-v1.0","13.5","14.6","-1.0999999999999996","73.49671551288529","true","20.299999999999997","7.623999999999999","50","86.5","146","500","865","929","148","64","19","39","26","7400","2909","1049","1940","1502","58","2989","14.8","0","50","1000","1997","3.994","76","5.088994189607781","0","42.5","3.605050505050505","10","700","148"
"1224","BA","1000","2","0.1","50","0.1","0.5","1","platform","targeted","70","5","95","95","14.768328020027223","65.61452264729583","65.61452264729583","fixed","1","1","50","3036","24","50","23296946","v2.0-design-v1.0","14","15.6","-1.5999999999999996","73.90529531568228","true","20.72","7.441999999999997","50","86","156","500","860","924","148","64","18","41","25","7400","2903","1025","1986","1486","59","3011","14.8","0","50","1000","1997","3.994","115","5.993152916610942","0","47.9","3.5505050505050506","10","700","148"
"1225","BA","1000","2","0.1","50","0.1","0.5","1","platform","targeted","70","5","95","95","14.768328020027223","65.61452264729583","65.61452264729583","fixed","1","1","50","3036","25","50","23296947","v2.0-design-v1.0","12.400000000000006","14.299999999999999","-1.8999999999999932","72.96815286624204","true","20.474","7.902","50","87.6","143","500","876","947","148","71","18","26","33","7400","2864","1061","1971","1504","44","3032","14.8","0","50","1000","1997","3.994","61","4.999095413667844","0","43","3.6","10","700","148"
"1226","BA","1000","2","0.1","50","0.1","0.5","1","platform","targeted","70","5","95","95","14.768328020027223","65.61452264729583","65.61452264729583","fixed","1","1","50","3036","26","50","23296948","v2.0-design-v1.0","13.5","16.5","-3","74.16645456859253","true","21.048","7.388000000000001","50","86.5","165","500","865","923","148","58","21","37","32","7400","2914","1015","2003","1468","58","3018","14.8","0","50","1000","1997","3.994","88","5.434473065302413","0","44.5","3.584848484848485","10","700","148"
"1227","BA","1000","2","0.1","50","0.1","0.5","1","platform","targeted","70","5","95","95","14.768328020027223","65.61452264729583","65.61452264729583","fixed","1","1","50","3036","27","50","23296949","v2.0-design-v1.0","12.299999999999997","14.499999999999998","-2.200000000000001","74.03697996918336","true","20.234","8.028000000000002","50","87.7","145","500","877","935","148","58","21","36","33","7400","2883","1011","2038","1468","57","3049","14.8","0","50","1000","1997","3.994","101","5.16843077506864","0","41.1","3.6191919191919193","10","700","148"
"1228","BA","1000","2","0.1","50","0.1","0.5","1","platform","targeted","70","5","95","95","14.768328020027223","65.61452264729583","65.61452264729583","fixed","1","1","50","3036","28","50","23296950","v2.0-design-v1.0","12.5","14.2","-1.6999999999999993","74.2086144265698","true","20.211999999999996","7.928000000000002","50","87.5","142","500","875","933","148","58","20","37","33","7400","2860","994","1967","1579","57","2961","14.8","0","50","1000","1997","3.994","86","5.266849504561872","0","43.2","3.597979797979798","10","700","148"
"1229","BA","1000","2","0.1","50","0.1","0.5","1","platform","targeted","70","5","95","95","14.768328020027223","65.61452264729583","65.61452264729583","fixed","1","1","50","3036","29","50","23296951","v2.0-design-v1.0","13.799999999999997","14.799999999999999","-1.0000000000000018","75.20828073718758","true","21.158","8.606","50","86.2","148","500","862","923","148","61","25","32","30","7400","2979","982","1839","1600","57","2821","14.8","0","50","1000","1997","3.994","77","5.03977810656018","0","42","3.61010101010101","10","700","148"
"1230","BA","1000","2","0.1","50","0.1","0.5","1","platform","targeted","70","5","95","95","14.768328020027223","65.61452264729583","65.61452264729583","fixed","1","1","50","3036","30","50","23296952","v2.0-design-v1.0","13.400000000000006","15.2","-1.7999999999999936","74.16452442159382","true","19.929999999999996","7.140000000000002","50","86.6","152","500","866","943","148","77","18","27","26","7400","2885","1005","1880","1630","45","2885","14.8","0","50","1000","1997","3.994","79","5.363462569155359","0","46.5","3.5646464646464646","10","700","148"
"1231","BA","1000","2","0.1","50","0.1","0.5","1","platform","targeted","70","5","95","95","79.92491410345413","83.44478902577696","83.44478902577696","fixed","1","1","50","3037","1","50","23297923","v2.0-design-v1.0","100","99.8","0.20000000000000284","9.77529698010591","true","99.292","15.376","50","0","998","500","0","0","799","0","129","670","0","39950","683","6304","32842","121","799","39146","79.9","0","50","1000","1997","3.994","67","4.840391863619443","0","39.6","3.6343434343434344","10","700","799"
"1232","BA","1000","2","0.1","50","0.1","0.5","1","platform","targeted","70","5","95","95","79.92491410345413","83.44478902577696","83.44478902577696","fixed","1","1","50","3037","2","50","23297924","v2.0-design-v1.0","100","99.9","0.09999999999999432","9.52913231801034","true","99.262","14.686000000000002","50","0","999","500","0","0","799","0","129","670","0","39950","682","6475","32665","128","799","39140","79.9","0","50","1000","1997","3.994","83","5.127011824664552","0","41.3","3.617171717171717","10","700","799"
"1233","BA","1000","2","0.1","50","0.1","0.5","1","platform","targeted","70","5","95","95","79.92491410345413","83.44478902577696","83.44478902577696","fixed","1","1","50","3037","3","50","23297925","v2.0-design-v1.0","100","99.5","0.5","9.78183373734493","true","99.32799999999999","15.636000000000001","50","0","995","500","0","0","799","0","132","667","0","39950","686","6327","32808","129","799","39135","79.9","0","50","1000","1997","3.994","70","5.208367411299918","0","42.9","3.601010101010101","10","700","799"
"1234","BA","1000","2","0.1","50","0.1","0.5","1","platform","targeted","70","5","95","95","79.92491410345413","83.44478902577696","83.44478902577696","fixed","1","1","50","3037","4","50","23297926","v2.0-design-v1.0","100","99.7","0.29999999999999716","9.771484648815365","true","99.256","15.632","50","0","997","500","0","0","799","0","121","678","0","39950","697","6436","32680","137","799","39116","79.9","0","50","1000","1997","3.994","133","6.224363960012862","0","51.7","3.512121212121212","10","700","799"
"1235","BA","1000","2","0.1","50","0.1","0.5","1","platform","targeted","70","5","95","95","79.92491410345413","83.44478902577696","83.44478902577696","fixed","1","1","50","3037","5","50","23297927","v2.0-design-v1.0","100","99.5","0.5","9.90612302087712","true","99.28399999999999","15.624","50","0","995","500","0","0","799","0","145","654","0","39950","707","6430","32678","135","799","39108","79.9","0","50","1000","1997","3.994","94","5.859035099083505","0","48.8","3.5414141414141413","10","700","799"
"1236","BA","1000","2","0.1","50","0.1","0.5","1","platform","targeted","70","5","95","95","79.92491410345413","83.44478902577696","83.44478902577696","fixed","1","1","50","3037","6","50","23297928","v2.0-design-v1.0","100","99.3","0.7000000000000028","10.190728108032856","true","99.17200000000001","15.132000000000003","50","0","993","500","0","0","799","0","141","658","0","39950","732","6451","32607","160","799","39058","79.9","0","50","1000","1997","3.994","76","5.468625958124197","0","48.2","3.5474747474747477","10","700","799"
"1237","BA","1000","2","0.1","50","0.1","0.5","1","platform","targeted","70","5","95","95","79.92491410345413","83.44478902577696","83.44478902577696","fixed","1","1","50","3037","7","50","23297929","v2.0-design-v1.0","100","99.7","0.29999999999999716","9.672473867595818","true","99.21600000000001","15.665999999999995","50","0","997","500","0","0","799","0","154","645","0","39950","694","6481","32629","146","799","39110","79.9","0","50","1000","1997","3.994","72","4.826723657022554","0","38.9","3.6414141414141414","10","700","799"
"1238","BA","1000","2","0.1","50","0.1","0.5","1","platform","targeted","70","5","95","95","79.92491410345413","83.44478902577696","83.44478902577696","fixed","1","1","50","3037","8","50","23297930","v2.0-design-v1.0","100","99.6","0.4000000000000057","10.277392510402219","true","99.154","15.221999999999994","50","0","996","500","0","0","799","0","130","669","0","39950","741","6469","32578","162","799","39047","79.9","0","50","1000","1997","3.994","71","5.3374574895218005","0","46.3","3.566666666666667","10","700","799"
"1239","BA","1000","2","0.1","50","0.1","0.5","1","platform","targeted","70","5","95","95","79.92491410345413","83.44478902577696","83.44478902577696","fixed","1","1","50","3037","9","50","23297931","v2.0-design-v1.0","100","99.7","0.29999999999999716","9.668965517241379","true","99.146","14.18599999999999","50","0","997","500","0","0","799","0","128","671","0","39950","701","6549","32550","150","799","39099","79.9","0","50","1000","1997","3.994","66","5.134230645805101","0","42.8","3.602020202020202","10","700","799"
"1240","BA","1000","2","0.1","50","0.1","0.5","1","platform","targeted","70","5","95","95","79.92491410345413","83.44478902577696","83.44478902577696","fixed","1","1","50","3037","10","50","23297932","v2.0-design-v1.0","100","99.6","0.4000000000000057","9.681919642857142","true","99.21599999999998","15.883999999999999","50","0","996","500","0","0","799","0","124","675","0","39950","694","6474","32620","162","799","39094","79.9","0","50","1000","1997","3.994","76","5.14435889382033","0","41.9","3.611111111111111","10","700","799"
"1241","BA","1000","2","0.1","50","0.1","0.5","1","platform","targeted","70","5","95","95","79.92491410345413","83.44478902577696","83.44478902577696","fixed","1","1","50","3037","11","50","23297933","v2.0-design-v1.0","100","99.6","0.4000000000000057","10.754926450180404","true","99.12200000000001","15.004000000000003","50","0","996","500","0","0","799","0","138","661","0","39950","775","6431","32583","161","799","39014","79.9","0","50","1000","1997","3.994","120","5.80462381706667","0","45.2","3.577777777777778","10","700","799"
"1242","BA","1000","2","0.1","50","0.1","0.5","1","platform","targeted","70","5","95","95","79.92491410345413","83.44478902577696","83.44478902577696","fixed","1","1","50","3037","12","50","23297934","v2.0-design-v1.0","100","99.5","0.5","9.494809688581315","true","99.286","16.065999999999995","50","0","995","500","0","0","799","0","128","671","0","39950","686","6539","32585","140","799","39124","79.9","0","50","1000","1997","3.994","90","5.377441852859108","0","43.3","3.596969696969697","10","700","799"
"1244","BA","1000","2","0.1","50","0.1","0.5","1","platform","targeted","70","5","95","95","79.92491410345413","83.44478902577696","83.44478902577696","fixed","1","1","50","3037","14","50","23297936","v2.0-design-v1.0","100","99.5","0.5","10.111237877923559","true","99.29799999999999","15.758","50","0","995","500","0","0","799","0","130","669","0","39950","709","6303","32801","137","799","39104","79.9","0","50","1000","1997","3.994","61","5.0240626195545275","0","42.2","3.608080808080808","10","700","799"
"1243","BA","1000","2","0.1","50","0.1","0.5","1","platform","targeted","70","5","95","95","79.92491410345413","83.44478902577696","83.44478902577696","fixed","1","1","50","3037","13","50","23297935","v2.0-design-v1.0","100","99.7","0.29999999999999716","9.752709085857182","true","99.16","15.279999999999996","50","0","997","500","0","0","799","0","122","677","0","39950","702","6496","32605","147","799","39101","79.9","0","50","1000","1997","3.994","97","5.897859675233803","0","50","3.529292929292929","10","700","799"
"1246","BA","1000","2","0.1","50","0.1","0.5","1","platform","targeted","70","5","95","95","79.92491410345413","83.44478902577696","83.44478902577696","fixed","1","1","50","3037","16","50","23297938","v2.0-design-v1.0","100","99.6","0.4000000000000057","9.559748427672957","true","99.292","15.596000000000005","50","0","996","500","0","0","799","0","144","655","0","39950","684","6471","32668","127","799","39139","79.9","0","50","1000","1997","3.994","79","5.168237095439272","0","44.5","3.584848484848485","10","700","799"
"1245","BA","1000","2","0.1","50","0.1","0.5","1","platform","targeted","70","5","95","95","79.92491410345413","83.44478902577696","83.44478902577696","fixed","1","1","50","3037","15","50","23297937","v2.0-design-v1.0","100","99.6","0.4000000000000057","10.462860310421286","true","99.18799999999999","15.364000000000003","50","0","996","500","0","0","799","0","132","667","0","39950","755","6461","32581","153","799","39042","79.9","0","50","1000","1997","3.994","53","4.725705904549733","0","40.1","3.6292929292929292","10","700","799"
"1247","BA","1000","2","0.1","50","0.1","0.5","1","platform","targeted","70","5","95","95","79.92491410345413","83.44478902577696","83.44478902577696","fixed","1","1","50","3037","17","50","23297939","v2.0-design-v1.0","100","99.5","0.5","9.513651877133105","true","99.35799999999999","15.964","50","0","995","500","0","0","799","0","131","668","0","39950","669","6363","32798","120","799","39161","79.9","0","50","1000","1997","3.994","74","5.01109519716748","0","40.6","3.624242424242424","10","700","799"
"1248","BA","1000","2","0.1","50","0.1","0.5","1","platform","targeted","70","5","95","95","79.92491410345413","83.44478902577696","83.44478902577696","fixed","1","1","50","3037","18","50","23297940","v2.0-design-v1.0","100","99.6","0.4000000000000057","9.622480840193019","true","99.304","15.659999999999998","50","0","996","500","0","0","799","0","128","671","0","39950","678","6368","32766","138","799","39134","79.9","0","50","1000","1997","3.994","67","5.00429885268725","0","40.9","3.621212121212121","10","700","799"
"1249","BA","1000","2","0.1","50","0.1","0.5","1","platform","targeted","70","5","95","95","79.92491410345413","83.44478902577696","83.44478902577696","fixed","1","1","50","3037","19","50","23297941","v2.0-design-v1.0","100","99.8","0.20000000000000284","9.773172780733688","true","99.24600000000001","15.548000000000002","50","0","998","500","0","0","799","0","120","679","0","39950","698","6444","32658","150","799","39102","79.9","0","50","1000","1997","3.994","78","5.191234237916147","0","43.8","3.591919191919192","10","700","799"
"1250","BA","1000","2","0.1","50","0.1","0.5","1","platform","targeted","70","5","95","95","79.92491410345413","83.44478902577696","83.44478902577696","fixed","1","1","50","3037","20","50","23297942","v2.0-design-v1.0","100","99.7","0.29999999999999716","10.045348357839769","true","99.17","15.669999999999995","50","0","997","500","0","0","799","0","137","662","0","39950","731","6546","32514","159","799","39060","79.9","0","50","1000","1997","3.994","70","4.94696234435197","0","41.3","3.617171717171717","10","700","799"
"1251","BA","1000","2","0.1","50","0.1","0.5","1","platform","targeted","70","5","95","95","79.92491410345413","83.44478902577696","83.44478902577696","fixed","1","1","50","3037","21","50","23297943","v2.0-design-v1.0","100","99.7","0.29999999999999716","9.983314794215795","true","99.19400000000002","15.764000000000001","50","0","997","500","0","0","799","0","154","645","0","39950","718","6474","32624","134","799","39098","79.9","0","50","1000","1997","3.994","88","5.808244115023036","0","49.1","3.5383838383838384","10","700","799"
"1252","BA","1000","2","0.1","50","0.1","0.5","1","platform","targeted","70","5","95","95","79.92491410345413","83.44478902577696","83.44478902577696","fixed","1","1","50","3037","22","50","23297944","v2.0-design-v1.0","100","99.7","0.29999999999999716","10.229998588965712","true","99.146","15.624","50","0","997","500","0","0","799","0","150","649","0","39950","725","6362","32694","169","799","39056","79.9","0","50","1000","1997","3.994","124","5.791157181557192","0","45.2","3.577777777777778","10","700","799"
"1253","BA","1000","2","0.1","50","0.1","0.5","1","platform","targeted","70","5","95","95","79.92491410345413","83.44478902577696","83.44478902577696","fixed","1","1","50","3037","23","50","23297945","v2.0-design-v1.0","100","99.6","0.4000000000000057","9.586916678415339","true","99.25200000000001","16.964","50","0","996","500","0","0","799","0","129","670","0","39950","680","6413","32723","134","799","39136","79.9","0","50","1000","1997","3.994","73","5.135790137879492","0","43.6","3.5939393939393938","10","700","799"
"1254","BA","1000","2","0.1","50","0.1","0.5","1","platform","targeted","70","5","95","95","79.92491410345413","83.44478902577696","83.44478902577696","fixed","1","1","50","3037","24","50","23297946","v2.0-design-v1.0","100","99.8","0.20000000000000284","9.386331938633194","true","99.29799999999999","15.051999999999998","50","0","998","500","0","0","799","0","132","667","0","39950","673","6497","32648","132","799","39145","79.9","0","50","1000","1997","3.994","66","4.994888678730771","0","40.4","3.6262626262626263","10","700","799"
"1255","BA","1000","2","0.1","50","0.1","0.5","1","platform","targeted","70","5","95","95","79.92491410345413","83.44478902577696","83.44478902577696","fixed","1","1","50","3037","25","50","23297947","v2.0-design-v1.0","100","99.7","0.29999999999999716","9.3547049882548","true","99.306","14.685999999999996","50","0","997","500","0","0","799","0","148","651","0","39950","677","6560","32574","139","799","39134","79.9","0","50","1000","1997","3.994","83","5.220844876188255","0","42.9","3.601010101010101","10","700","799"
"1256","BA","1000","2","0.1","50","0.1","0.5","1","platform","targeted","70","5","95","95","79.92491410345413","83.44478902577696","83.44478902577696","fixed","1","1","50","3037","26","50","23297948","v2.0-design-v1.0","100","99.9","0.09999999999999432","9.658536585365853","true","99.22399999999999","15.341999999999999","50","0","999","500","0","0","799","0","145","654","0","39950","693","6482","32626","149","799","39108","79.9","0","50","1000","1997","3.994","92","5.268939715514463","0","44","3.5898989898989897","10","700","799"
"1257","BA","1000","2","0.1","50","0.1","0.5","1","platform","targeted","70","5","95","95","79.92491410345413","83.44478902577696","83.44478902577696","fixed","1","1","50","3037","27","50","23297949","v2.0-design-v1.0","100","99.9","0.09999999999999432","9.231853417899929","true","99.314","15.386000000000001","50","0","999","500","0","0","799","0","134","665","0","39950","655","6440","32734","121","799","39174","79.9","0","50","1000","1997","3.994","138","6.292818411774166","0","50.1","3.5282828282828285","10","700","799"
"1258","BA","1000","2","0.1","50","0.1","0.5","1","platform","targeted","70","5","95","95","79.92491410345413","83.44478902577696","83.44478902577696","fixed","1","1","50","3037","28","50","23297950","v2.0-design-v1.0","100","100","0","9.792325677348371","true","99.2","14.831999999999999","50","0","1000","500","0","0","799","0","127","672","0","39950","712","6559","32537","142","799","39096","79.9","0","50","1000","1997","3.994","71","5.028244947021492","0","41","3.6202020202020204","10","700","799"
"1259","BA","1000","2","0.1","50","0.1","0.5","1","platform","targeted","70","5","95","95","79.92491410345413","83.44478902577696","83.44478902577696","fixed","1","1","50","3037","29","50","23297951","v2.0-design-v1.0","100","99.7","0.29999999999999716","9.751648660025255","true","99.31200000000001","15.274","50","0","997","500","0","0","799","0","126","673","0","39950","695","6432","32690","133","799","39122","79.9","0","50","1000","1997","3.994","77","4.994888678730774","0","40.5","3.625252525252525","10","700","799"
"1260","BA","1000","2","0.1","50","0.1","0.5","1","platform","targeted","70","5","95","95","79.92491410345413","83.44478902577696","83.44478902577696","fixed","1","1","50","3037","30","50","23297952","v2.0-design-v1.0","100","99.8","0.20000000000000284","9.745702514561728","true","99.21799999999999","15.552000000000003","50","0","998","500","0","0","799","0","135","664","0","39950","686","6353","32756","155","799","39109","79.9","0","50","1000","1997","3.994","102","5.461665844208495","0","44.1","3.588888888888889","10","700","799"
"1261","BA","1000","2","0.1","50","0.1","0.5","1","platform","targeted","70","5","95","95","30.609065448280436","84.32387679598237","84.32387679598237","fixed","1","1","50","3038","1","50","23298923","v2.0-design-v1.0","38.800000000000004","29.7","9.100000000000005","69.10050983248361","true","46.29600000000001","21.143999999999995","50","61.199999999999996","297","500","612","688","306","76","24","184","22","15300","3795","1697","9061","747","208","10758","30.6","0","50","1000","1997","3.994","115","5.718274448001126","0","43","3.6","10","700","306"
"1262","BA","1000","2","0.1","50","0.1","0.5","1","platform","targeted","70","5","95","95","30.609065448280436","84.32387679598237","84.32387679598237","fixed","1","1","50","3038","2","50","23298924","v2.0-design-v1.0","44.3","30.9","13.399999999999999","67.72565875537283","true","50.084","24.83400000000001","50","55.7","309","500","557","635","306","78","29","180","19","15300","3624","1727","9291","658","209","11018","30.6","0","50","1000","1997","3.994","90","5.916330532261292","0","50","3.529292929292929","10","700","306"
"1264","BA","1000","2","0.1","50","0.1","0.5","1","platform","targeted","70","5","95","95","30.609065448280436","84.32387679598237","84.32387679598237","fixed","1","1","50","3038","4","50","23298926","v2.0-design-v1.0","47.4","34.1","13.299999999999997","68.51817334575955","true","53.154000000000025","26.272000000000002","50","52.6","341","500","526","601","306","75","35","183","13","15300","3676","1689","9245","690","218","10934","30.6","0","50","1000","1997","3.994","80","5.354122769476856","0","43.8","3.591919191919192","10","700","306"
"1265","BA","1000","2","0.1","50","0.1","0.5","1","platform","targeted","70","5","95","95","30.609065448280436","84.32387679598237","84.32387679598237","fixed","1","1","50","3038","5","50","23298927","v2.0-design-v1.0","45.49999999999999","30.9","14.599999999999994","67.87237989241328","true","50.848","25.688","50","54.50000000000001","309","500","545","621","306","76","26","188","16","15300","3659","1732","9230","679","214","10962","30.6","0","50","1000","1997","3.994","116","5.467893731763793","0","41","3.6202020202020204","10","700","306"
"1263","BA","1000","2","0.1","50","0.1","0.5","1","platform","targeted","70","5","95","95","30.609065448280436","84.32387679598237","84.32387679598237","fixed","1","1","50","3038","3","50","23298925","v2.0-design-v1.0","45.9","32.300000000000004","13.599999999999994","68.8470066518847","true","50.67400000000001","24.666","50","54.1","323","500","541","617","306","76","35","181","14","15300","3726","1686","9164","724","216","10850","30.6","0","50","1000","1997","3.994","63","4.786321434345249","0","39.4","3.6363636363636362","10","700","306"
"1266","BA","1000","2","0.1","50","0.1","0.5","1","platform","targeted","70","5","95","95","30.609065448280436","84.32387679598237","84.32387679598237","fixed","1","1","50","3038","6","50","23298928","v2.0-design-v1.0","41.300000000000004","31.8","9.500000000000004","68.10631229235881","true","48.40800000000001","21.842000000000002","50","58.699999999999996","318","500","587","662","306","75","27","187","17","15300","3690","1728","9222","660","214","10950","30.6","0","50","1000","1997","3.994","88","5.2681797347582675","0","42.8","3.602020202020202","10","700","306"
"1267","BA","1000","2","0.1","50","0.1","0.5","1","platform","targeted","70","5","95","95","30.609065448280436","84.32387679598237","84.32387679598237","fixed","1","1","50","3038","7","50","23298929","v2.0-design-v1.0","41.2","29.7","11.500000000000004","69.17054986020503","true","47.029999999999994","22.348000000000003","50","58.8","297","500","588","669","306","81","24","185","16","15300","3711","1654","9218","717","209","10872","30.6","0","50","1000","1997","3.994","92","5.921235092869168","0","50.4","3.525252525252525","10","700","306"
"1268","BA","1000","2","0.1","50","0.1","0.5","1","platform","targeted","70","5","95","95","30.609065448280436","84.32387679598237","84.32387679598237","fixed","1","1","50","3038","8","50","23298930","v2.0-design-v1.0","39.800000000000004","30.4","9.400000000000006","68.80146386093321","true","47.04800000000001","21.858","50","60.199999999999996","304","500","602","672","306","70","27","187","22","15300","3760","1705","9091","744","214","10796","30.6","0","50","1000","1997","3.994","87","5.4418358646303835","0","45.2","3.577777777777778","10","700","306"
"1269","BA","1000","2","0.1","50","0.1","0.5","1","platform","targeted","70","5","95","95","30.609065448280436","84.32387679598237","84.32387679598237","fixed","1","1","50","3038","9","50","23298931","v2.0-design-v1.0","49.8","35.6","14.199999999999996","69.2250233426704","true","54.211999999999996","27.632","50","50.2","356","500","502","572","306","70","32","190","14","15300","3707","1648","9235","710","222","10883","30.6","0","50","1000","1997","3.994","73","5.2903640661065845","0","45.2","3.577777777777778","10","700","306"
"1270","BA","1000","2","0.1","50","0.1","0.5","1","platform","targeted","70","5","95","95","30.609065448280436","84.32387679598237","84.32387679598237","fixed","1","1","50","3038","10","50","23298932","v2.0-design-v1.0","44.8","30.3","14.499999999999996","67.67807585568917","true","49.62","24.462000000000003","50","55.2","303","500","552","626","306","74","46","174","12","15300","3658","1747","9211","684","220","10958","30.6","0","50","1000","1997","3.994","65","5.0282449470214905","0","40.6","3.624242424242424","10","700","306"
"1271","BA","1000","2","0.1","50","0.1","0.5","1","platform","targeted","70","5","95","95","30.609065448280436","84.32387679598237","84.32387679598237","fixed","1","1","50","3038","11","50","23298933","v2.0-design-v1.0","50.8","33.6","17.199999999999996","66.27458542229078","true","54.538000000000004","28.359999999999996","50","49.2","336","500","492","565","306","73","41","177","15","15300","3437","1749","9485","629","218","11234","30.6","0","50","1000","1997","3.994","100","5.528881671055404","0","45.9","3.5707070707070705","10","700","306"
"1273","BA","1000","2","0.1","50","0.1","0.5","1","platform","targeted","70","5","95","95","30.609065448280436","84.32387679598237","84.32387679598237","fixed","1","1","50","3038","13","50","23298935","v2.0-design-v1.0","43.8","31","12.799999999999997","67.01512040321074","true","49.49999999999999","23.544","50","56.2","310","500","562","650","306","88","31","172","15","15300","3590","1767","9311","632","203","11078","30.6","0","50","1000","1997","3.994","90","5.002498274761213","0","37.9","3.6515151515151514","10","700","306"
"1272","BA","1000","2","0.1","50","0.1","0.5","1","platform","targeted","70","5","95","95","30.609065448280436","84.32387679598237","84.32387679598237","fixed","1","1","50","3038","12","50","23298934","v2.0-design-v1.0","49.6","33.7","15.899999999999999","67.62983947119925","true","54.164000000000016","26.984","50","50.4","337","500","504","569","306","65","29","199","13","15300","3581","1714","9300","705","228","11014","30.6","0","50","1000","1997","3.994","81","5.489453351482094","0","47.6","3.5535353535353535","10","700","306"
"1275","BA","1000","2","0.1","50","0.1","0.5","1","platform","targeted","70","5","95","95","30.609065448280436","84.32387679598237","84.32387679598237","fixed","1","1","50","3038","15","50","23298937","v2.0-design-v1.0","40.5","30.099999999999998","10.400000000000002","67.09306637004079","true","48.10799999999999","22.61400000000001","50","59.5","301","500","595","675","306","80","38","172","16","15300","3619","1775","9176","730","210","10951","30.6","0","50","1000","1997","3.994","90","5.623129340819353","0","48.6","3.5434343434343436","10","700","306"
"1274","BA","1000","2","0.1","50","0.1","0.5","1","platform","targeted","70","5","95","95","30.609065448280436","84.32387679598237","84.32387679598237","fixed","1","1","50","3038","14","50","23298936","v2.0-design-v1.0","41.900000000000006","30.2","11.700000000000006","68.49668386145909","true","48.188","23.742000000000008","50","58.099999999999994","302","500","581","659","306","78","35","177","16","15300","3718","1710","9132","740","212","10842","30.6","0","50","1000","1997","3.994","77","5.2786198790808685","0","45.5","3.5747474747474746","10","700","306"
"1276","BA","1000","2","0.1","50","0.1","0.5","1","platform","targeted","70","5","95","95","30.609065448280436","84.32387679598237","84.32387679598237","fixed","1","1","50","3038","16","50","23298938","v2.0-design-v1.0","47.8","32.800000000000004","14.999999999999993","67.48796920115495","true","52.84799999999999","26.137999999999998","50","52.2","328","500","522","606","306","84","29","185","8","15300","3506","1689","9399","706","214","11088","30.6","0","50","1000","1997","3.994","79","5.457999061355148","0","45.5","3.5747474747474746","10","700","306"
"1277","BA","1000","2","0.1","50","0.1","0.5","1","platform","targeted","70","5","95","95","30.609065448280436","84.32387679598237","84.32387679598237","fixed","1","1","50","3038","17","50","23298939","v2.0-design-v1.0","45.599999999999994","31.1","14.499999999999993","69.3592303503358","true","49.75200000000001","24.565999999999995","50","54.400000000000006","311","500","544","624","306","80","27","187","12","15300","3821","1688","9096","695","214","10784","30.6","0","50","1000","1997","3.994","76","5.016485734967162","0","41.8","3.6121212121212123","10","700","306"
"1278","BA","1000","2","0.1","50","0.1","0.5","1","platform","targeted","70","5","95","95","30.609065448280436","84.32387679598237","84.32387679598237","fixed","1","1","50","3038","18","50","23298940","v2.0-design-v1.0","42.400000000000006","29.9","12.500000000000007","67.26179289607217","true","48.58200000000001","23.35600000000001","50","57.599999999999994","299","500","576","656","306","80","27","181","18","15300","3579","1742","9321","658","208","11063","30.6","0","50","1000","1997","3.994","87","5.1682370954392765","0","42.5","3.605050505050505","10","700","306"
"1279","BA","1000","2","0.1","50","0.1","0.5","1","platform","targeted","70","5","95","95","30.609065448280436","84.32387679598237","84.32387679598237","fixed","1","1","50","3038","19","50","23298941","v2.0-design-v1.0","45.3","30","15.299999999999997","66.54662623199393","true","50.413999999999994","25.34799999999999","50","54.7","300","500","547","634","306","87","30","181","8","15300","3511","1765","9368","656","211","11133","30.6","0","50","1000","1997","3.994","86","5.6110112678061315","0","46.7","3.562626262626263","10","700","306"
"1280","BA","1000","2","0.1","50","0.1","0.5","1","platform","targeted","70","5","95","95","30.609065448280436","84.32387679598237","84.32387679598237","fixed","1","1","50","3038","20","50","23298942","v2.0-design-v1.0","46.3","30.7","15.599999999999998","68.28467153284672","true","51.626000000000005","26.313999999999986","50","53.7","307","500","537","611","306","74","41","178","13","15300","3742","1738","9114","706","219","10852","30.6","0","50","1000","1997","3.994","72","4.868230033971646","0","38.8","3.6424242424242426","10","700","306"
"1281","BA","1000","2","0.1","50","0.1","0.5","1","platform","targeted","70","5","95","95","30.609065448280436","84.32387679598237","84.32387679598237","fixed","1","1","50","3038","21","50","23298943","v2.0-design-v1.0","44.99999999999999","30.599999999999998","14.399999999999995","67.30989682842949","true","50.602000000000004","25.01600000000001","50","55.00000000000001","306","500","550","620","306","70","31","189","16","15300","3523","1711","9377","689","220","11088","30.6","0","50","1000","1997","3.994","74","5.161453729774636","0","42.7","3.603030303030303","10","700","306"
"1282","BA","1000","2","0.1","50","0.1","0.5","1","platform","targeted","70","5","95","95","30.609065448280436","84.32387679598237","84.32387679598237","fixed","1","1","50","3038","22","50","23298944","v2.0-design-v1.0","40.400000000000006","30.099999999999998","10.300000000000008","67.48685199098422","true","47.916","22.881999999999998","50","59.599999999999994","301","500","596","667","306","71","38","175","22","15300","3593","1731","9320","656","213","11051","30.6","0","50","1000","1997","3.994","72","4.968364786189574","0","41.1","3.6191919191919193","10","700","306"
"1283","BA","1000","2","0.1","50","0.1","0.5","1","platform","targeted","70","5","95","95","30.609065448280436","84.32387679598237","84.32387679598237","fixed","1","1","50","3038","23","50","23298945","v2.0-design-v1.0","47.199999999999996","31.2","15.999999999999996","67.10177828225501","true","52.25999999999999","26.80999999999999","50","52.800000000000004","312","500","528","586","306","58","40","186","22","15300","3547","1739","9346","668","226","11085","30.6","0","50","1000","1997","3.994","75","5.322997116127174","0","45.7","3.5727272727272728","10","700","306"
"1284","BA","1000","2","0.1","50","0.1","0.5","1","platform","targeted","70","5","95","95","30.609065448280436","84.32387679598237","84.32387679598237","fixed","1","1","50","3038","24","50","23298946","v2.0-design-v1.0","41.2","29.799999999999997","11.400000000000006","67.96860399925248","true","47.308","22.32","50","58.8","298","500","588","671","306","83","38","170","15","15300","3637","1714","9234","715","208","10948","30.6","0","50","1000","1997","3.994","73","4.853196628771335","0","39.9","3.6313131313131315","10","700","306"
"1285","BA","1000","2","0.1","50","0.1","0.5","1","platform","targeted","70","5","95","95","30.609065448280436","84.32387679598237","84.32387679598237","fixed","1","1","50","3038","25","50","23298947","v2.0-design-v1.0","52.800000000000004","34","18.800000000000004","66.6917151981965","true","55.141999999999996","28.563999999999997","50","47.199999999999996","340","500","472","537","306","65","23","204","14","15300","3550","1773","9362","615","227","11135","30.6","0","50","1000","1997","3.994","70","5.1001937194557465","0","42.5","3.605050505050505","10","700","306"
"1286","BA","1000","2","0.1","50","0.1","0.5","1","platform","targeted","70","5","95","95","30.609065448280436","84.32387679598237","84.32387679598237","fixed","1","1","50","3038","26","50","23298948","v2.0-design-v1.0","48.199999999999996","31.900000000000002","16.299999999999994","68.35771153490094","true","52.75","26.18000000000001","50","51.800000000000004","319","500","518","588","306","70","33","190","13","15300","3692","1709","9233","666","223","10942","30.6","0","50","1000","1997","3.994","73","5.171722219020531","0","42","3.61010101010101","10","700","306"
"1287","BA","1000","2","0.1","50","0.1","0.5","1","platform","targeted","70","5","95","95","30.609065448280436","84.32387679598237","84.32387679598237","fixed","1","1","50","3038","27","50","23298949","v2.0-design-v1.0","45.49999999999999","30.5","14.999999999999993","69.68467637838835","true","50.4","25.486000000000004","50","54.50000000000001","305","500","545","614","306","69","32","191","14","15300","3779","1644","9184","693","223","10828","30.6","0","50","1000","1997","3.994","50","4.55375676784571","0","36.5","3.665656565656566","10","700","306"
"1289","BA","1000","2","0.1","50","0.1","0.5","1","platform","targeted","70","5","95","95","30.609065448280436","84.32387679598237","84.32387679598237","fixed","1","1","50","3038","29","50","23298951","v2.0-design-v1.0","42.00000000000001","30.2","11.800000000000008","67.58415473312256","true","47.632","22.268","50","57.99999999999999","302","500","580","652","306","72","41","179","14","15300","3634","1743","9168","755","220","10911","30.6","0","50","1000","1997","3.994","114","5.58185642247461","0","42.8","3.602020202020202","10","700","306"
"1288","BA","1000","2","0.1","50","0.1","0.5","1","platform","targeted","70","5","95","95","30.609065448280436","84.32387679598237","84.32387679598237","fixed","1","1","50","3038","28","50","23298950","v2.0-design-v1.0","40.6","30.3","10.3","68.04788213627992","true","47.144000000000005","21.881999999999994","50","59.4","303","500","594","674","306","80","27","183","16","15300","3695","1735","9213","657","210","10948","30.6","0","50","1000","1997","3.994","55","4.803231728225795","0","40.2","3.628282828282828","10","700","306"
"1290","BA","1000","2","0.1","50","0.1","0.5","1","platform","targeted","70","5","95","95","30.609065448280436","84.32387679598237","84.32387679598237","fixed","1","1","50","3038","30","50","23298952","v2.0-design-v1.0","45.49999999999999","30.5","14.999999999999993","66.83539557555306","true","50.56999999999999","25.516000000000005","50","54.50000000000001","305","500","545","626","306","81","40","178","7","15300","3565","1769","9338","628","218","11107","30.6","0","50","1000","1997","3.994","109","5.919206112393901","0","48.8","3.5414141414141413","10","700","306"
"1291","BA","1000","2","0.1","50","0.1","0.5","1","platform","targeted","70","5","95","95","48.939735559118134","61.030314735026316","61.030314735026316","fixed","1","1","50","3039","1","50","23299923","v2.0-design-v1.0","53.9","49.8","4.100000000000001","35.29197080291971","true","58.36600000000001","12.69","50","46.1","498","500","461","530","489","69","153","220","47","24450","3868","7092","10960","2530","373","18052","48.9","0","50","1000","1997","3.994","66","4.728670460533728","0","36.2","3.6686868686868688","10","700","489"
"1292","BA","1000","2","0.1","50","0.1","0.5","1","platform","targeted","70","5","95","95","48.939735559118134","61.030314735026316","61.030314735026316","fixed","1","1","50","3039","2","50","23299924","v2.0-design-v1.0","50.9","50.6","0.29999999999999716","37.014296187683286","true","56.7","10.018000000000006","50","49.1","506","500","491","578","489","87","145","203","54","24450","4039","6873","10848","2690","348","17721","48.9","0","50","1000","1997","3.994","84","5.17578523054741","0","43.1","3.598989898989899","10","700","489"
"1293","BA","1000","2","0.1","50","0.1","0.5","1","platform","targeted","70","5","95","95","48.939735559118134","61.030314735026316","61.030314735026316","fixed","1","1","50","3039","3","50","23299925","v2.0-design-v1.0","52.7","51","1.7000000000000028","35.71033720287451","true","57.153999999999996","10.077999999999998","50","47.3","510","500","473","541","489","68","160","217","44","24450","3876","6978","10998","2598","377","17976","48.9","0","50","1000","1997","3.994","52","4.719559114815512","0","38.7","3.6434343434343432","10","700","489"
"1294","BA","1000","2","0.1","50","0.1","0.5","1","platform","targeted","70","5","95","95","48.939735559118134","61.030314735026316","61.030314735026316","fixed","1","1","50","3039","4","50","23299926","v2.0-design-v1.0","50.5","50.1","0.3999999999999986","36.30584983878397","true","56.88399999999999","10.494000000000002","50","49.5","501","500","495","577","489","82","149","206","52","24450","3941","6914","11115","2480","355","18029","48.9","0","50","1000","1997","3.994","78","5.557413863376445","0","48.1","3.5484848484848484","10","700","489"
"1295","BA","1000","2","0.1","50","0.1","0.5","1","platform","targeted","70","5","95","95","48.939735559118134","61.030314735026316","61.030314735026316","fixed","1","1","50","3039","5","50","23299927","v2.0-design-v1.0","50.8","49.5","1.2999999999999972","36.03958581508293","true","56.93800000000001","11.262","50","49.2","495","500","492","566","489","74","147","213","55","24450","3933","6980","11001","2536","360","17981","48.9","0","50","1000","1997","3.994","87","5.3410196115058755","0","44.4","3.585858585858586","10","700","489"
"1296","BA","1000","2","0.1","50","0.1","0.5","1","platform","targeted","70","5","95","95","48.939735559118134","61.030314735026316","61.030314735026316","fixed","1","1","50","3039","6","50","23299928","v2.0-design-v1.0","52.6","49.5","3.1000000000000014","35.864668566700374","true","56.498000000000005","10.618000000000002","50","47.4","495","500","474","564","489","90","133","232","34","24450","3901","6976","11132","2441","365","18108","48.9","0","50","1000","1997","3.994","96","5.764824125434973","0","46.4","3.5656565656565657","10","700","489"
"1297","BA","1000","2","0.1","50","0.1","0.5","1","platform","targeted","70","5","95","95","48.939735559118134","61.030314735026316","61.030314735026316","fixed","1","1","50","3039","7","50","23299929","v2.0-design-v1.0","55.4","50.7","4.699999999999996","34.981583793738494","true","60.024000000000015","13.980000000000002","50","44.6","507","500","446","512","489","66","153","219","51","24450","3799","7061","11187","2403","372","18248","48.9","0","50","1000","1997","3.994","85","5.117240481954125","0","40.2","3.628282828282828","10","700","489"
"1298","BA","1000","2","0.1","50","0.1","0.5","1","platform","targeted","70","5","95","95","48.939735559118134","61.030314735026316","61.030314735026316","fixed","1","1","50","3039","8","50","23299930","v2.0-design-v1.0","51.300000000000004","50.3","1.000000000000007","36.9019248395967","true","56.53000000000001","9.849999999999998","50","48.699999999999996","503","500","487","579","489","92","132","221","44","24450","4026","6884","10942","2598","353","17826","48.9","0","50","1000","1997","3.994","72","5.040969686020265","0","42.2","3.608080808080808","10","700","489"
"1299","BA","1000","2","0.1","50","0.1","0.5","1","platform","targeted","70","5","95","95","48.939735559118134","61.030314735026316","61.030314735026316","fixed","1","1","50","3039","9","50","23299931","v2.0-design-v1.0","52.1","49.4","2.700000000000003","35.18143304475962","true","57.916000000000004","12.292000000000007","50","47.9","494","500","479","576","489","97","129","211","52","24450","3820","7038","11239","2353","340","18277","48.9","0","50","1000","1997","3.994","101","5.289796399290417","0","42.5","3.605050505050505","10","700","489"
"1301","BA","1000","2","0.1","50","0.1","0.5","1","platform","targeted","70","5","95","95","48.939735559118134","61.030314735026316","61.030314735026316","fixed","1","1","50","3039","11","50","23299933","v2.0-design-v1.0","63.2","54.1","9.100000000000001","34.95404411764706","true","62.03999999999999","13.944000000000008","50","36.8","541","500","368","425","489","57","158","244","30","24450","3803","7077","11228","2342","402","18305","48.9","0","50","1000","1997","3.994","90","5.396766540169125","0","42.3","3.607070707070707","10","700","489"
"1300","BA","1000","2","0.1","50","0.1","0.5","1","platform","targeted","70","5","95","95","48.939735559118134","61.030314735026316","61.030314735026316","fixed","1","1","50","3039","10","50","23299932","v2.0-design-v1.0","50.7","49.2","1.5","37.138901707429625","true","55.21799999999999","9.85","50","49.3","492","500","493","567","489","74","151","218","46","24450","4024","6811","11009","2606","369","17820","48.9","0","50","1000","1997","3.994","91","5.6989860889848085","0","47.3","3.5565656565656565","10","700","489"
"1302","BA","1000","2","0.1","50","0.1","0.5","1","platform","targeted","70","5","95","95","48.939735559118134","61.030314735026316","61.030314735026316","fixed","1","1","50","3039","12","50","23299934","v2.0-design-v1.0","49","49.8","-0.7999999999999972","36.675343326451845","true","55.02399999999999","8.862","50","51","498","500","510","600","489","90","122","215","62","24450","4086","7055","10575","2734","337","17630","48.9","0","50","1000","1997","3.994","69","4.945950507882817","0","41.9","3.611111111111111","10","700","489"
"1303","BA","1000","2","0.1","50","0.1","0.5","1","platform","targeted","70","5","95","95","48.939735559118134","61.030314735026316","61.030314735026316","fixed","1","1","50","3039","13","50","23299935","v2.0-design-v1.0","50.8","49.4","1.3999999999999986","35.989085948158255","true","56.628","10.520000000000007","50","49.2","494","500","492","570","489","78","139","221","51","24450","3957","7038","10952","2503","360","17990","48.9","0","50","1000","1997","3.994","85","5.5438884096542385","0","47.5","3.5545454545454547","10","700","489"
"1304","BA","1000","2","0.1","50","0.1","0.5","1","platform","targeted","70","5","95","95","48.939735559118134","61.030314735026316","61.030314735026316","fixed","1","1","50","3039","14","50","23299936","v2.0-design-v1.0","52.2","50.3","1.9000000000000057","35.34538115769196","true","57.05199999999999","10.326","50","47.8","503","500","478","552","489","74","159","211","45","24450","3853","7048","10997","2552","370","18045","48.9","0","50","1000","1997","3.994","100","5.874050431215985","0","51","3.519191919191919","10","700","489"
"1305","BA","1000","2","0.1","50","0.1","0.5","1","platform","targeted","70","5","95","95","48.939735559118134","61.030314735026316","61.030314735026316","fixed","1","1","50","3039","15","50","23299937","v2.0-design-v1.0","52.5","51.1","1.3999999999999986","35.928252754256576","true","56.906000000000006","9.623999999999999","50","47.5","511","500","475","554","489","79","141","230","39","24450","3946","7037","10860","2607","371","17897","48.9","0","50","1000","1997","3.994","84","5.217584420705337","0","43","3.6","10","700","489"
"1306","BA","1000","2","0.1","50","0.1","0.5","1","platform","targeted","70","5","95","95","48.939735559118134","61.030314735026316","61.030314735026316","fixed","1","1","50","3039","16","50","23299938","v2.0-design-v1.0","53.3","52.900000000000006","0.3999999999999915","34.913593937713706","true","60.071999999999996","11.369999999999996","50","46.7","529","500","467","575","489","108","131","196","54","24450","3778","7043","11286","2343","327","18329","48.9","0","50","1000","1997","3.994","70","5.06316102840898","0","43.6","3.5939393939393938","10","700","489"
"1307","BA","1000","2","0.1","50","0.1","0.5","1","platform","targeted","70","5","95","95","48.939735559118134","61.030314735026316","61.030314735026316","fixed","1","1","50","3039","17","50","23299939","v2.0-design-v1.0","51.1","49","2.1000000000000014","36.166682031898226","true","56.988","11.530000000000003","50","48.9","490","500","489","574","489","85","137","213","54","24450","3923","6924","11033","2570","350","17957","48.9","0","50","1000","1997","3.994","96","5.591710939527467","0","44.9","3.580808080808081","10","700","489"
"1309","BA","1000","2","0.1","50","0.1","0.5","1","platform","targeted","70","5","95","95","48.939735559118134","61.030314735026316","61.030314735026316","fixed","1","1","50","3039","19","50","23299941","v2.0-design-v1.0","52.6","51.5","1.1000000000000014","35.67438879223515","true","58.518","10.666000000000002","50","47.4","515","500","474","574","489","100","146","191","52","24450","3896","7025","11038","2491","337","18063","48.9","0","50","1000","1997","3.994","57","4.728035355019905","0","39.1","3.639393939393939","10","700","489"
"1308","BA","1000","2","0.1","50","0.1","0.5","1","platform","targeted","70","5","95","95","48.939735559118134","61.030314735026316","61.030314735026316","fixed","1","1","50","3039","18","50","23299940","v2.0-design-v1.0","49.2","49","0.20000000000000284","35.815991237677984","true","55.3","9.6","50","50.8","490","500","508","601","489","93","121","228","47","24450","3924","7032","11018","2476","349","18050","48.9","0","50","1000","1997","3.994","116","5.952764013414248","0","47.9","3.5505050505050506","10","700","489"
"1311","BA","1000","2","0.1","50","0.1","0.5","1","platform","targeted","70","5","95","95","48.939735559118134","61.030314735026316","61.030314735026316","fixed","1","1","50","3039","21","50","23299943","v2.0-design-v1.0","51.9","51.6","0.29999999999999716","34.86800036539691","true","59.065999999999995","11.269999999999998","50","48.1","516","500","481","559","489","78","142","213","56","24450","3817","7130","11080","2423","355","18210","48.9","0","50","1000","1997","3.994","78","5.2681797347582595","0","44.9","3.580808080808081","10","700","489"
"1310","BA","1000","2","0.1","50","0.1","0.5","1","platform","targeted","70","5","95","95","48.939735559118134","61.030314735026316","61.030314735026316","fixed","1","1","50","3039","20","50","23299942","v2.0-design-v1.0","53.4","50.7","2.6999999999999957","36.25159758992149","true","57.355999999999995","10.521999999999998","50","46.6","507","500","466","563","489","97","136","215","41","24450","3971","6983","10893","2603","351","17876","48.9","0","50","1000","1997","3.994","76","5.064347106154113","0","41.8","3.6121212121212123","10","700","489"
"1312","BA","1000","2","0.1","50","0.1","0.5","1","platform","targeted","70","5","95","95","48.939735559118134","61.030314735026316","61.030314735026316","fixed","1","1","50","3039","22","50","23299944","v2.0-design-v1.0","52.6","49.9","2.700000000000003","34.61085439884026","true","58.036","11.680000000000001","50","47.4","499","500","474","556","489","82","139","222","46","24450","3820","7217","11069","2344","361","18286","48.9","0","50","1000","1997","3.994","70","5.307554440053725","0","43.9","3.590909090909091","10","700","489"
"1313","BA","1000","2","0.1","50","0.1","0.5","1","platform","targeted","70","5","95","95","48.939735559118134","61.030314735026316","61.030314735026316","fixed","1","1","50","3039","23","50","23299945","v2.0-design-v1.0","50.4","48.5","1.8999999999999986","36.50490730643403","true","55.72799999999998","10.694000000000006","50","49.6","485","500","496","586","489","90","137","209","53","24450","4017","6987","10815","2631","346","17802","48.9","0","50","1000","1997","3.994","74","5.216049383505786","0","42.6","3.604040404040404","10","700","489"
"1314","BA","1000","2","0.1","50","0.1","0.5","1","platform","targeted","70","5","95","95","48.939735559118134","61.030314735026316","61.030314735026316","fixed","1","1","50","3039","24","50","23299946","v2.0-design-v1.0","52.800000000000004","50.3","2.500000000000007","35.46196898798055","true","59.11000000000001","12.55","50","47.199999999999996","503","500","472","557","489","85","143","204","57","24450","3865","7034","11204","2347","347","18238","48.9","0","50","1000","1997","3.994","64","4.91305425393431","0","39.9","3.6313131313131315","10","700","489"
"1315","BA","1000","2","0.1","50","0.1","0.5","1","platform","targeted","70","5","95","95","48.939735559118134","61.030314735026316","61.030314735026316","fixed","1","1","50","3039","25","50","23299947","v2.0-design-v1.0","59.2","52.400000000000006","6.799999999999997","35.065650537140755","true","61.434","14.500000000000002","50","40.8","524","500","408","492","489","84","128","233","44","24450","3819","7072","11239","2320","361","18311","48.9","0","50","1000","1997","3.994","94","5.175011569527618","0","41.4","3.6161616161616164","10","700","489"
"1316","BA","1000","2","0.1","50","0.1","0.5","1","platform","targeted","70","5","95","95","48.939735559118134","61.030314735026316","61.030314735026316","fixed","1","1","50","3039","26","50","23299948","v2.0-design-v1.0","51.2","49.8","1.4000000000000057","36.26383596443476","true","56.577999999999996","10.490000000000002","50","48.8","498","500","488","564","489","76","143","221","49","24450","3997","7025","10915","2513","364","17940","48.9","0","50","1000","1997","3.994","108","5.605478158496858","0","45.5","3.5747474747474746","10","700","489"
"1317","BA","1000","2","0.1","50","0.1","0.5","1","platform","targeted","70","5","95","95","48.939735559118134","61.030314735026316","61.030314735026316","fixed","1","1","50","3039","27","50","23299949","v2.0-design-v1.0","55.3","50.5","4.799999999999997","35.41628545288197","true","58.96400000000001","12.582","50","44.7","505","500","447","527","489","80","140","216","53","24450","3871","7059","11033","2487","356","18092","48.9","0","50","1000","1997","3.994","91","5.477405039429336","0","45.3","3.576767676767677","10","700","489"
"1318","BA","1000","2","0.1","50","0.1","0.5","1","platform","targeted","70","5","95","95","48.939735559118134","61.030314735026316","61.030314735026316","fixed","1","1","50","3039","28","50","23299950","v2.0-design-v1.0","52.6","51.300000000000004","1.2999999999999972","35.34601599117728","true","58.46200000000002","10.681999999999995","50","47.4","513","500","474","549","489","75","162","206","46","24450","3846","7035","11118","2451","368","18153","48.9","0","50","1000","1997","3.994","71","5.224678101209792","0","44.9","3.580808080808081","10","700","489"
"1319","BA","1000","2","0.1","50","0.1","0.5","1","platform","targeted","70","5","95","95","48.939735559118134","61.030314735026316","61.030314735026316","fixed","1","1","50","3039","29","50","23299951","v2.0-design-v1.0","51.300000000000004","50.8","0.5000000000000071","36.39415661010798","true","56.882000000000005","9.794","50","48.699999999999996","508","500","487","565","489","78","134","221","56","24450","4011","7010","10982","2447","355","17992","48.9","0","50","1000","1997","3.994","116","6.00166510095193","0","47.6","3.5535353535353535","10","700","489"
"1320","BA","1000","2","0.1","50","0.1","0.5","1","platform","targeted","70","5","95","95","48.939735559118134","61.030314735026316","61.030314735026316","fixed","1","1","50","3039","30","50","23299952","v2.0-design-v1.0","49.7","49.1","0.6000000000000014","34.25465266261286","true","57.83200000000001","12.074000000000003","50","50.3","491","500","503","567","489","64","156","205","64","24450","3718","7136","11312","2284","361","18448","48.9","0","50","1000","1997","3.994","86","5.1305249523110374","0","40.7","3.6232323232323234","10","700","489"
"1321","BA","1000","2","0.1","50","0.1","0.5","1","platform","targeted","70","5","95","95","56.19175924144229","93.65641714953492","93.65641714953492","fixed","1","1","50","3040","1","50","23300923","v2.0-design-v1.0","98.8","60.8","38","43.71339993110575","true","93.12200000000004","52.983999999999995","50","1.2","608","500","12","14","562","2","33","527","0","28100","1269","1634","25106","91","560","26740","56.2","0","50","1000","1997","3.994","76","5.1631988749826885","0","44","3.5898989898989897","10","700","562"
"1322","BA","1000","2","0.1","50","0.1","0.5","1","platform","targeted","70","5","95","95","56.19175924144229","93.65641714953492","93.65641714953492","fixed","1","1","50","3040","2","50","23300924","v2.0-design-v1.0","99.9","62.3","37.60000000000001","37.72676786375416","true","95.86799999999998","53.815999999999995","50","0.1","623","500","1","1","562","0","31","531","0","28100","1019","1682","25331","68","562","27013","56.2","0","50","1000","1997","3.994","75","5.205868329593537","0","44.5","3.584848484848485","10","700","562"
"1323","BA","1000","2","0.1","50","0.1","0.5","1","platform","targeted","70","5","95","95","56.19175924144229","93.65641714953492","93.65641714953492","fixed","1","1","50","3040","3","50","23300925","v2.0-design-v1.0","99.9","64","35.900000000000006","38.801607599561564","true","95.40199999999996","53.40799999999999","50","0.1","640","500","1","1","562","0","35","527","0","28100","1062","1675","25290","73","562","26965","56.2","0","50","1000","1997","3.994","69","4.928108181670749","0","40.8","3.6222222222222222","10","700","562"
"1324","BA","1000","2","0.1","50","0.1","0.5","1","platform","targeted","70","5","95","95","56.19175924144229","93.65641714953492","93.65641714953492","fixed","1","1","50","3040","4","50","23300926","v2.0-design-v1.0","99.9","59.9","40.00000000000001","40.94373865698729","true","94.47000000000001","54.37000000000001","50","0.1","599","500","1","2","562","1","34","527","0","28100","1128","1627","25286","59","561","26913","56.2","0","50","1000","1997","3.994","74","5.009097229546951","0","41.4","3.6161616161616164","10","700","562"
"1325","BA","1000","2","0.1","50","0.1","0.5","1","platform","targeted","70","5","95","95","56.19175924144229","93.65641714953492","93.65641714953492","fixed","1","1","50","3040","5","50","23300927","v2.0-design-v1.0","99.8","58.4","41.4","42.656852436032246","true","94.082","54.711999999999996","50","0.2","584","500","2","2","562","0","34","528","0","28100","1217","1636","25172","75","562","26808","56.2","0","50","1000","1997","3.994","107","5.990814122792847","0","48.4","3.5454545454545454","10","700","562"
"1326","BA","1000","2","0.1","50","0.1","0.5","1","platform","targeted","70","5","95","95","56.19175924144229","93.65641714953492","93.65641714953492","fixed","1","1","50","3040","6","50","23300928","v2.0-design-v1.0","98.6","58.5","40.099999999999994","43.803000652315724","true","92.186","52.15999999999999","50","1.4000000000000001","585","500","14","17","562","3","39","520","0","28100","1343","1723","24952","82","559","26675","56.2","0","50","1000","1997","3.994","86","4.987468179230694","0","39.7","3.6333333333333333","10","700","562"
"1327","BA","1000","2","0.1","50","0.1","0.5","1","platform","targeted","70","5","95","95","56.19175924144229","93.65641714953492","93.65641714953492","fixed","1","1","50","3040","7","50","23300929","v2.0-design-v1.0","99.7","61.4","38.300000000000004","41.14565141460007","true","94.55799999999999","53.992000000000004","50","0.3","614","500","3","4","562","1","34","527","0","28100","1178","1685","25150","87","561","26835","56.2","0","50","1000","1997","3.994","80","5.573241877491496","0","47","3.5595959595959594","10","700","562"
"1328","BA","1000","2","0.1","50","0.1","0.5","1","platform","targeted","70","5","95","95","56.19175924144229","93.65641714953492","93.65641714953492","fixed","1","1","50","3040","8","50","23300930","v2.0-design-v1.0","100","63.5","36.5","38.03545051698671","true","95.556","53.33799999999999","50","0","635","500","0","0","562","0","34","528","0","28100","1030","1678","25321","71","562","26999","56.2","0","50","1000","1997","3.994","91","5.5350339294895505","0","47.4","3.5555555555555554","10","700","562"
"1329","BA","1000","2","0.1","50","0.1","0.5","1","platform","targeted","70","5","95","95","56.19175924144229","93.65641714953492","93.65641714953492","fixed","1","1","50","3040","9","50","23300931","v2.0-design-v1.0","99.9","61.5","38.400000000000006","38.270704122583","true","95.48000000000002","54.03199999999999","50","0.1","615","500","1","2","562","1","34","527","0","28100","1049","1692","25295","64","561","26987","56.2","0","50","1000","1997","3.994","68","5.021870486500335","0","42.8","3.602020202020202","10","700","562"
"1330","BA","1000","2","0.1","50","0.1","0.5","1","platform","targeted","70","5","95","95","56.19175924144229","93.65641714953492","93.65641714953492","fixed","1","1","50","3040","10","50","23300932","v2.0-design-v1.0","100","62.5","37.5","37.557522123893804","true","95.43","53.126","50","0","625","500","0","0","562","0","37","525","0","28100","1061","1764","25193","82","562","26957","56.2","0","50","1000","1997","3.994","77","5.325629195346426","0","44.9","3.580808080808081","10","700","562"
"1331","BA","1000","2","0.1","50","0.1","0.5","1","platform","targeted","70","5","95","95","56.19175924144229","93.65641714953492","93.65641714953492","fixed","1","1","50","3040","11","50","23300933","v2.0-design-v1.0","100","65.2","34.8","34.60104399701715","true","96.604","53.542000000000016","50","0","652","500","0","0","562","0","33","529","0","28100","928","1754","25342","76","562","27096","56.2","0","50","1000","1997","3.994","85","5.157185333159987","0","42.1","3.609090909090909","10","700","562"
"1332","BA","1000","2","0.1","50","0.1","0.5","1","platform","targeted","70","5","95","95","56.19175924144229","93.65641714953492","93.65641714953492","fixed","1","1","50","3040","12","50","23300934","v2.0-design-v1.0","99.8","63.800000000000004","35.99999999999999","37.8018018018018","true","95.77400000000003","53.056","50","0.2","638","500","2","2","562","0","31","531","0","28100","1049","1726","25256","69","562","26982","56.2","0","50","1000","1997","3.994","74","5.175785230547402","0","43.1","3.598989898989899","10","700","562"
"1333","BA","1000","2","0.1","50","0.1","0.5","1","platform","targeted","70","5","95","95","56.19175924144229","93.65641714953492","93.65641714953492","fixed","1","1","50","3040","13","50","23300935","v2.0-design-v1.0","99.5","63.1","36.4","38.635572572224156","true","94.49600000000004","52.272000000000006","50","0.5","631","500","5","6","562","1","24","537","0","28100","1110","1763","25155","72","561","26918","56.2","0","50","1000","1997","3.994","67","5.075995442248705","0","43.1","3.598989898989899","10","700","562"
"1334","BA","1000","2","0.1","50","0.1","0.5","1","platform","targeted","70","5","95","95","56.19175924144229","93.65641714953492","93.65641714953492","fixed","1","1","50","3040","14","50","23300936","v2.0-design-v1.0","99.7","62.5","37.2","38.63636363636363","true","94.78","52.063999999999986","50","0.3","625","500","3","5","562","2","35","525","0","28100","1122","1782","25120","76","560","26902","56.2","0","50","1000","1997","3.994","62","4.856907818103352","0","41.2","3.618181818181818","10","700","562"
"1335","BA","1000","2","0.1","50","0.1","0.5","1","platform","targeted","70","5","95","95","56.19175924144229","93.65641714953492","93.65641714953492","fixed","1","1","50","3040","15","50","23300937","v2.0-design-v1.0","100","60.9","39.1","40.399002493765586","true","95.00600000000003","53.912","50","0","609","500","0","0","562","0","29","533","0","28100","1134","1673","25219","74","562","26892","56.2","0","50","1000","1997","3.994","54","4.67566314289489","0","38.7","3.6434343434343432","10","700","562"
"1336","BA","1000","2","0.1","50","0.1","0.5","1","platform","targeted","70","5","95","95","56.19175924144229","93.65641714953492","93.65641714953492","fixed","1","1","50","3040","16","50","23300938","v2.0-design-v1.0","100","64.3","35.7","35.272184936614465","true","96.21800000000003","54.05","50","0","643","500","0","0","562","0","37","525","0","28100","946","1736","25373","45","562","27109","56.2","0","50","1000","1997","3.994","104","5.599224528032007","0","43.6","3.5939393939393938","10","700","562"
"1337","BA","1000","2","0.1","50","0.1","0.5","1","platform","targeted","70","5","95","95","56.19175924144229","93.65641714953492","93.65641714953492","fixed","1","1","50","3040","17","50","23300939","v2.0-design-v1.0","99.9","63.4","36.50000000000001","39.45339873861247","true","94.64400000000002","52.22","50","0.1","634","500","1","3","562","2","33","527","0","28100","1126","1728","25172","74","560","26900","56.2","0","50","1000","1997","3.994","66","5.18428788174815","0","43.4","3.595959595959596","10","700","562"
"1338","BA","1000","2","0.1","50","0.1","0.5","1","platform","targeted","70","5","95","95","56.19175924144229","93.65641714953492","93.65641714953492","fixed","1","1","50","3040","18","50","23300940","v2.0-design-v1.0","100","63.4","36.6","37.80487804878049","true","95.75400000000002","53.166000000000004","50","0","634","500","0","0","562","0","41","521","0","28100","1054","1734","25244","68","562","26978","56.2","0","50","1000","1997","3.994","72","5.343080807222782","0","46.5","3.5646464646464646","10","700","562"
"1339","BA","1000","2","0.1","50","0.1","0.5","1","platform","targeted","70","5","95","95","56.19175924144229","93.65641714953492","93.65641714953492","fixed","1","1","50","3040","19","50","23300941","v2.0-design-v1.0","99.7","58.699999999999996","41.00000000000001","42.647560559536","true","93.35600000000001","52.82000000000001","50","0.3","587","500","3","4","562","1","43","518","0","28100","1250","1681","25093","76","561","26774","56.2","0","50","1000","1997","3.994","64","4.934806613872143","0","42.2","3.608080808080808","10","700","562"
"1340","BA","1000","2","0.1","50","0.1","0.5","1","platform","targeted","70","5","95","95","56.19175924144229","93.65641714953492","93.65641714953492","fixed","1","1","50","3040","20","50","23300942","v2.0-design-v1.0","99.9","62.9","37.00000000000001","36.45496950125583","true","95.53599999999994","52.66","50","0.1","629","500","1","1","562","0","29","533","0","28100","1016","1771","25253","60","562","27024","56.2","0","50","1000","1997","3.994","62","4.776481841144035","0","38.2","3.6484848484848484","10","700","562"
"1341","BA","1000","2","0.1","50","0.1","0.5","1","platform","targeted","70","5","95","95","56.19175924144229","93.65641714953492","93.65641714953492","fixed","1","1","50","3040","21","50","23300943","v2.0-design-v1.0","99.8","63.3","36.5","40.24173480270174","true","94.83200000000002","52.34800000000001","50","0.2","633","500","2","3","562","1","32","529","0","28100","1132","1681","25209","78","561","26890","56.2","0","50","1000","1997","3.994","109","5.646401141067271","0","44.9","3.580808080808081","10","700","562"
"1342","BA","1000","2","0.1","50","0.1","0.5","1","platform","targeted","70","5","95","95","56.19175924144229","93.65641714953492","93.65641714953492","fixed","1","1","50","3040","22","50","23300944","v2.0-design-v1.0","100","64.4","35.599999999999994","35.87278106508875","true","96.02400000000002","53.19799999999999","50","0","644","500","0","0","562","0","35","527","0","28100","970","1734","25312","84","562","27046","56.2","0","50","1000","1997","3.994","60","4.708091984034516","0","36.8","3.6626262626262625","10","700","562"
"1343","BA","1000","2","0.1","50","0.1","0.5","1","platform","targeted","70","5","95","95","56.19175924144229","93.65641714953492","93.65641714953492","fixed","1","1","50","3040","23","50","23300945","v2.0-design-v1.0","100","64.5","35.5","36.256011838697745","true","96.13199999999995","52.67799999999999","50","0","645","500","0","1","562","1","34","527","0","28100","980","1723","25330","67","561","27053","56.2","0","50","1000","1997","3.994","73","4.985059158607319","0","39.9","3.6313131313131315","10","700","562"
"1344","BA","1000","2","0.1","50","0.1","0.5","1","platform","targeted","70","5","95","95","56.19175924144229","93.65641714953492","93.65641714953492","fixed","1","1","50","3040","24","50","23300946","v2.0-design-v1.0","99.9","62.2","37.7","38.288770053475936","true","95.23800000000001","54.39200000000002","50","0.1","622","500","1","1","562","0","45","517","0","28100","1074","1731","25243","52","562","26974","56.2","0","50","1000","1997","3.994","69","5.071260364217317","0","44.3","3.5868686868686868","10","700","562"
"1345","BA","1000","2","0.1","50","0.1","0.5","1","platform","targeted","70","5","95","95","56.19175924144229","93.65641714953492","93.65641714953492","fixed","1","1","50","3040","25","50","23300947","v2.0-design-v1.0","99.8","63.2","36.599999999999994","37.26067746686304","true","96.10200000000003","54.374","50","0.2","632","500","2","2","562","0","47","515","0","28100","1012","1704","25306","78","562","27010","56.2","0","50","1000","1997","3.994","96","5.663748056017498","0","46.6","3.5636363636363635","10","700","562"
"1346","BA","1000","2","0.1","50","0.1","0.5","1","platform","targeted","70","5","95","95","56.19175924144229","93.65641714953492","93.65641714953492","fixed","1","1","50","3040","26","50","23300948","v2.0-design-v1.0","99.7","59.699999999999996","40.00000000000001","41.16031582560934","true","94.16","54.27599999999998","50","0.3","597","500","3","5","562","2","38","522","0","28100","1199","1714","25099","88","560","26813","56.2","0","50","1000","1997","3.994","100","5.509657005687396","0","45.4","3.5757575757575757","10","700","562"
"1347","BA","1000","2","0.1","50","0.1","0.5","1","platform","targeted","70","5","95","95","56.19175924144229","93.65641714953492","93.65641714953492","fixed","1","1","50","3040","27","50","23300949","v2.0-design-v1.0","99.8","62.9","36.9","37.353255069370334","true","95.42400000000004","53.31600000000001","50","0.2","629","500","2","3","562","1","44","517","0","28100","1050","1761","25219","70","561","26980","56.2","0","50","1000","1997","3.994","87","5.465147009169265","0","46","3.56969696969697","10","700","562"
"1348","BA","1000","2","0.1","50","0.1","0.5","1","platform","targeted","70","5","95","95","56.19175924144229","93.65641714953492","93.65641714953492","fixed","1","1","50","3040","28","50","23300950","v2.0-design-v1.0","100","62.5","37.5","36.71664744329104","true","96.28800000000003","53.803999999999995","50","0","625","500","0","0","562","0","32","530","0","28100","955","1646","25436","63","562","27082","56.2","0","50","1000","1997","3.994","109","5.5689296078310155","0","44.5","3.584848484848485","10","700","562"
"1349","BA","1000","2","0.1","50","0.1","0.5","1","platform","targeted","70","5","95","95","56.19175924144229","93.65641714953492","93.65641714953492","fixed","1","1","50","3040","29","50","23300951","v2.0-design-v1.0","100","62.4","37.6","39.2031305585201","true","95.546","53.46","50","0","624","500","0","0","562","0","40","522","0","28100","1102","1709","25211","78","562","26920","56.2","0","50","1000","1997","3.994","60","5.069483569720251","0","43.1","3.598989898989899","10","700","562"
"1350","BA","1000","2","0.1","50","0.1","0.5","1","platform","targeted","70","5","95","95","56.19175924144229","93.65641714953492","93.65641714953492","fixed","1","1","50","3040","30","50","23300952","v2.0-design-v1.0","100","63.9","36.1","37.652270210409746","true","95.42400000000002","53.196","50","0","639","500","0","0","562","0","29","533","0","28100","1020","1689","25331","60","562","27020","56.2","0","50","1000","1997","3.994","90","5.259622384508945","0","43.2","3.597979797979798","10","700","562"
"1351","BA","1000","2","0.1","50","0.1","0.5","1","platform","targeted","70","5","95","95","37.56792121728405","86.56730876429995","86.56730876429995","fixed","1","1","50","3041","1","50","23301923","v2.0-design-v1.0","60.5","47","13.5","63.003124425657056","true","64.30799999999999","29.480000000000004","50","39.5","470","500","395","479","376","84","39","241","12","18800","3428","2013","12810","549","280","14823","37.6","0","50","1000","1997","3.994","113","5.49164111374023","0","44.3","3.5868686868686868","10","700","376"
"1352","BA","1000","2","0.1","50","0.1","0.5","1","platform","targeted","70","5","95","95","37.56792121728405","86.56730876429995","86.56730876429995","fixed","1","1","50","3041","2","50","23301924","v2.0-design-v1.0","59.5","46","13.5","63.44244207429202","true","63.117999999999995","27.432000000000002","50","40.5","460","500","405","480","376","75","40","252","9","18800","3450","1988","12776","586","292","14764","37.6","0","50","1000","1997","3.994","81","5.320363734771352","0","44.2","3.587878787878788","10","700","376"
"1353","BA","1000","2","0.1","50","0.1","0.5","1","platform","targeted","70","5","95","95","37.56792121728405","86.56730876429995","86.56730876429995","fixed","1","1","50","3041","3","50","23301925","v2.0-design-v1.0","62.8","47.699999999999996","15.100000000000001","62.06636500754148","true","65.23399999999998","29.34399999999999","50","37.2","477","500","372","439","376","67","40","263","6","18800","3292","2012","12972","524","303","14984","37.6","0","50","1000","1997","3.994","104","5.445329706786868","0","43.1","3.598989898989899","10","700","376"
"1354","BA","1000","2","0.1","50","0.1","0.5","1","platform","targeted","70","5","95","95","37.56792121728405","86.56730876429995","86.56730876429995","fixed","1","1","50","3041","4","50","23301926","v2.0-design-v1.0","64.9","49","15.900000000000006","61.58643539271097","true","67.108","29.916","50","35.099999999999994","490","500","351","417","376","66","43","261","6","18800","3160","1971","13194","475","304","15165","37.6","0","50","1000","1997","3.994","70","5.008097946830204","0","42.3","3.607070707070707","10","700","376"
"1355","BA","1000","2","0.1","50","0.1","0.5","1","platform","targeted","70","5","95","95","37.56792121728405","86.56730876429995","86.56730876429995","fixed","1","1","50","3041","5","50","23301927","v2.0-design-v1.0","61.6","48.3","13.300000000000004","62.5","true","64.38199999999999","28.252000000000017","50","38.4","483","500","384","452","376","68","41","255","12","18800","3330","1998","12931","541","296","14929","37.6","0","50","1000","1997","3.994","56","4.7854848098039895","0","40","3.6303030303030304","10","700","376"
"1356","BA","1000","2","0.1","50","0.1","0.5","1","platform","targeted","70","5","95","95","37.56792121728405","86.56730876429995","86.56730876429995","fixed","1","1","50","3041","6","50","23301928","v2.0-design-v1.0","63.7","47.3","16.400000000000006","60.086158456639815","true","66.342","29.905999999999995","50","36.3","473","500","363","437","376","74","37","256","9","18800","3208","2131","12981","480","293","15112","37.6","0","50","1000","1997","3.994","55","4.848243957297259","0","41","3.6202020202020204","10","700","376"
"1357","BA","1000","2","0.1","50","0.1","0.5","1","platform","targeted","70","5","95","95","37.56792121728405","86.56730876429995","86.56730876429995","fixed","1","1","50","3041","7","50","23301929","v2.0-design-v1.0","60.4","45.2","15.199999999999996","61.53262518968133","true","63.89199999999999","29.13200000000001","50","39.6","452","500","396","446","376","50","40","270","16","18800","3244","2028","13047","481","310","15075","37.6","0","50","1000","1997","3.994","106","5.877287342516669","0","46.5","3.5646464646464646","10","700","376"
"1359","BA","1000","2","0.1","50","0.1","0.5","1","platform","targeted","70","5","95","95","37.56792121728405","86.56730876429995","86.56730876429995","fixed","1","1","50","3041","9","50","23301931","v2.0-design-v1.0","60.5","46.800000000000004","13.699999999999996","62.30870961647459","true","64.05000000000003","28.189999999999994","50","39.5","468","500","395","462","376","67","36","258","15","18800","3298","1995","13023","484","294","15018","37.6","0","50","1000","1997","3.994","69","5.1322806143374695","0","41.4","3.6161616161616164","10","700","376"
"1358","BA","1000","2","0.1","50","0.1","0.5","1","platform","targeted","70","5","95","95","37.56792121728405","86.56730876429995","86.56730876429995","fixed","1","1","50","3041","8","50","23301930","v2.0-design-v1.0","62.7","46.800000000000004","15.899999999999999","62.965750846819724","true","64.58999999999997","28.81600000000001","50","37.3","468","500","373","426","376","53","49","266","8","18800","3346","1968","12993","493","315","14961","37.6","0","50","1000","1997","3.994","86","5.291120860456683","0","42.6","3.604040404040404","10","700","376"
"1360","BA","1000","2","0.1","50","0.1","0.5","1","platform","targeted","70","5","95","95","37.56792121728405","86.56730876429995","86.56730876429995","fixed","1","1","50","3041","10","50","23301932","v2.0-design-v1.0","63.800000000000004","48","15.800000000000004","61.628352490421456","true","65.848","29.603999999999992","50","36.199999999999996","480","500","362","420","376","58","42","269","7","18800","3217","2003","13115","465","311","15118","37.6","0","50","1000","1997","3.994","97","5.13871290989974","0","40.1","3.6292929292929292","10","700","376"
"1361","BA","1000","2","0.1","50","0.1","0.5","1","platform","targeted","70","5","95","95","37.56792121728405","86.56730876429995","86.56730876429995","fixed","1","1","50","3041","11","50","23301933","v2.0-design-v1.0","61.8","47.5","14.299999999999997","61.51222285389426","true","64.58399999999999","28.508000000000003","50","38.2","475","500","382","465","376","83","33","252","8","18800","3246","2031","13034","489","285","15065","37.6","0","50","1000","1997","3.994","64","5.278809508765185","0","46.2","3.5676767676767676","10","700","376"
"1362","BA","1000","2","0.1","50","0.1","0.5","1","platform","targeted","70","5","95","95","37.56792121728405","86.56730876429995","86.56730876429995","fixed","1","1","50","3041","12","50","23301934","v2.0-design-v1.0","61.7","46.6","15.100000000000001","61.48837209302326","true","64.80800000000002","28.704000000000004","50","38.3","466","500","383","456","376","73","52","246","5","18800","3305","2070","12932","493","298","15002","37.6","0","50","1000","1997","3.994","114","5.531958655536612","0","42.6","3.604040404040404","10","700","376"
"1363","BA","1000","2","0.1","50","0.1","0.5","1","platform","targeted","70","5","95","95","37.56792121728405","86.56730876429995","86.56730876429995","fixed","1","1","50","3041","13","50","23301935","v2.0-design-v1.0","64.5","47.3","17.200000000000003","59.706523894507235","true","67.18599999999998","31.525999999999996","50","35.5","473","500","355","430","376","75","47","247","7","18800","3011","2032","13263","494","294","15295","37.6","0","50","1000","1997","3.994","109","5.552007635872694","0","44.3","3.5868686868686868","10","700","376"
"1364","BA","1000","2","0.1","50","0.1","0.5","1","platform","targeted","70","5","95","95","37.56792121728405","86.56730876429995","86.56730876429995","fixed","1","1","50","3041","14","50","23301936","v2.0-design-v1.0","60.4","46.400000000000006","13.999999999999993","63.270275332459256","true","63.43800000000002","28.208000000000002","50","39.6","464","500","396","456","376","60","53","253","10","18800","3378","1961","12885","576","306","14846","37.6","0","50","1000","1997","3.994","79","5.345702997786208","0","45.2","3.577777777777778","10","700","376"
"1365","BA","1000","2","0.1","50","0.1","0.5","1","platform","targeted","70","5","95","95","37.56792121728405","86.56730876429995","86.56730876429995","fixed","1","1","50","3041","15","50","23301937","v2.0-design-v1.0","63.9","46.400000000000006","17.499999999999993","61.83611532625189","true","65.586","30.147999999999996","50","36.1","464","500","361","428","376","67","41","258","10","18800","3260","2012","13009","519","299","15021","37.6","0","50","1000","1997","3.994","68","4.764941622797551","0","37.2","3.6585858585858584","10","700","376"
"1366","BA","1000","2","0.1","50","0.1","0.5","1","platform","targeted","70","5","95","95","37.56792121728405","86.56730876429995","86.56730876429995","fixed","1","1","50","3041","16","50","23301938","v2.0-design-v1.0","60.8","46.7","14.099999999999994","61.74107976835419","true","64.58200000000002","28.477999999999987","50","39.2","467","500","392","453","376","61","37","268","10","18800","3305","2048","12905","542","305","14953","37.6","0","50","1000","1997","3.994","78","5.130915151343878","0","41.9","3.611111111111111","10","700","376"
"1367","BA","1000","2","0.1","50","0.1","0.5","1","platform","targeted","70","5","95","95","37.56792121728405","86.56730876429995","86.56730876429995","fixed","1","1","50","3041","17","50","23301939","v2.0-design-v1.0","64.2","46.800000000000004","17.4","59.9771079740557","true","67.20199999999998","31.244000000000014","50","35.8","468","500","358","425","376","67","38","262","9","18800","3144","2098","13127","431","300","15225","37.6","0","50","1000","1997","3.994","75","5.11528397355709","0","42.7","3.603030303030303","10","700","376"
"1368","BA","1000","2","0.1","50","0.1","0.5","1","platform","targeted","70","5","95","95","37.56792121728405","86.56730876429995","86.56730876429995","fixed","1","1","50","3041","18","50","23301940","v2.0-design-v1.0","60","45","15","63.910614525139664","true","63.07600000000003","28.580000000000005","50","40","450","500","400","451","376","51","45","266","14","18800","3432","1938","12886","544","311","14824","37.6","0","50","1000","1997","3.994","79","4.895705458045026","0","39.4","3.6363636363636362","10","700","376"
"1369","BA","1000","2","0.1","50","0.1","0.5","1","platform","targeted","70","5","95","95","37.56792121728405","86.56730876429995","86.56730876429995","fixed","1","1","50","3041","19","50","23301941","v2.0-design-v1.0","60.099999999999994","47.199999999999996","12.899999999999999","61.567233962969894","true","63.16400000000001","26.855999999999998","50","39.900000000000006","472","500","399","465","376","66","42","259","9","18800","3292","2055","12948","505","301","15003","37.6","0","50","1000","1997","3.994","110","6.146197177095774","0","49.5","3.5343434343434343","10","700","376"
"1370","BA","1000","2","0.1","50","0.1","0.5","1","platform","targeted","70","5","95","95","37.56792121728405","86.56730876429995","86.56730876429995","fixed","1","1","50","3041","20","50","23301942","v2.0-design-v1.0","63.3","46.6","16.699999999999996","61.94130059466718","true","64.68800000000002","28.616","50","36.7","466","500","367","427","376","60","45","260","11","18800","3229","1984","13109","478","305","15093","37.6","0","50","1000","1997","3.994","80","5.2514323323776555","0","43.3","3.596969696969697","10","700","376"
"1371","BA","1000","2","0.1","50","0.1","0.5","1","platform","targeted","70","5","95","95","37.56792121728405","86.56730876429995","86.56730876429995","fixed","1","1","50","3041","21","50","23301943","v2.0-design-v1.0","62.2","45.4","16.800000000000004","60.68326577880718","true","65.306","30.721999999999998","50","37.8","454","500","378","441","376","63","45","259","9","18800","3144","2037","13144","475","304","15181","37.6","0","50","1000","1997","3.994","81","5.4093645860882","0","45.8","3.5717171717171716","10","700","376"
"1372","BA","1000","2","0.1","50","0.1","0.5","1","platform","targeted","70","5","95","95","37.56792121728405","86.56730876429995","86.56730876429995","fixed","1","1","50","3041","22","50","23301944","v2.0-design-v1.0","60.3","45.6","14.699999999999996","63.74813710879285","true","63.234000000000016","28.699999999999992","50","39.7","456","500","397","457","376","60","40","269","7","18800","3422","1946","12900","532","309","14846","37.6","0","50","1000","1997","3.994","97","5.680513377524268","0","46.4","3.5656565656565657","10","700","376"
"1373","BA","1000","2","0.1","50","0.1","0.5","1","platform","targeted","70","5","95","95","37.56792121728405","86.56730876429995","86.56730876429995","fixed","1","1","50","3041","23","50","23301945","v2.0-design-v1.0","60.3","46.6","13.699999999999996","62.73069679849341","true","63.428000000000004","28.23400000000001","50","39.7","466","500","397","464","376","67","38","260","11","18800","3331","1979","12988","502","298","14967","37.6","0","50","1000","1997","3.994","68","5.053662385191896","0","43.5","3.594949494949495","10","700","376"
"1374","BA","1000","2","0.1","50","0.1","0.5","1","platform","targeted","70","5","95","95","37.56792121728405","86.56730876429995","86.56730876429995","fixed","1","1","50","3041","24","50","23301946","v2.0-design-v1.0","61.8","47.8","14","62.01950659781985","true","65.332","29.281999999999993","50","38.2","478","500","382","456","376","74","42","249","11","18800","3243","1986","13048","523","291","15034","37.6","0","50","1000","1997","3.994","102","5.587233768259661","0","47.1","3.5585858585858587","10","700","376"
"1375","BA","1000","2","0.1","50","0.1","0.5","1","platform","targeted","70","5","95","95","37.56792121728405","86.56730876429995","86.56730876429995","fixed","1","1","50","3041","25","50","23301947","v2.0-design-v1.0","61.1","46","15.100000000000001","62.9256229788853","true","63.995999999999995","28.71","50","38.9","460","500","389","455","376","66","31","266","13","18800","3308","1949","13036","507","297","14985","37.6","0","50","1000","1997","3.994","70","5.2888501525318175","0","46.1","3.5686868686868687","10","700","376"
"1376","BA","1000","2","0.1","50","0.1","0.5","1","platform","targeted","70","5","95","95","37.56792121728405","86.56730876429995","86.56730876429995","fixed","1","1","50","3041","26","50","23301948","v2.0-design-v1.0","60.6","45.800000000000004","14.799999999999997","62.026022304832715","true","63.90600000000001","29.733999999999995","50","39.4","458","500","394","465","376","71","45","250","10","18800","3337","2043","12928","492","295","14971","37.6","0","50","1000","1997","3.994","87","5.126230802669948","0","41","3.6202020202020204","10","700","376"
"1377","BA","1000","2","0.1","50","0.1","0.5","1","platform","targeted","70","5","95","95","37.56792121728405","86.56730876429995","86.56730876429995","fixed","1","1","50","3041","27","50","23301949","v2.0-design-v1.0","60.6","48.6","12","61.43667296786389","true","63.78999999999999","26.766000000000005","50","39.4","486","500","394","461","376","67","35","262","12","18800","3250","2040","13014","496","297","15054","37.6","0","50","1000","1997","3.994","73","5.466795208332733","0","46.9","3.5606060606060606","10","700","376"
"1378","BA","1000","2","0.1","50","0.1","0.5","1","platform","targeted","70","5","95","95","37.56792121728405","86.56730876429995","86.56730876429995","fixed","1","1","50","3041","28","50","23301950","v2.0-design-v1.0","60.4","47.599999999999994","12.800000000000004","62.47906197654941","true","64.38600000000002","27.486000000000004","50","39.6","476","500","396","467","376","71","36","256","13","18800","3357","2016","12875","552","292","14891","37.6","0","50","1000","1997","3.994","81","5.283926937788198","0","44.1","3.588888888888889","10","700","376"
"1379","BA","1000","2","0.1","50","0.1","0.5","1","platform","targeted","70","5","95","95","37.56792121728405","86.56730876429995","86.56730876429995","fixed","1","1","50","3041","29","50","23301951","v2.0-design-v1.0","62.6","46.9","15.700000000000003","60.872879740804265","true","65.738","30.141999999999985","50","37.4","469","500","374","448","376","74","34","257","11","18800","3194","2053","13034","519","291","15087","37.6","0","50","1000","1997","3.994","119","6.21067923310622","0","49.3","3.536363636363636","10","700","376"
"1380","BA","1000","2","0.1","50","0.1","0.5","1","platform","targeted","70","5","95","95","37.56792121728405","86.56730876429995","86.56730876429995","fixed","1","1","50","3041","30","50","23301952","v2.0-design-v1.0","62.5","48.199999999999996","14.300000000000004","61.54875717017209","true","65.24","29.089999999999996","50","37.5","482","500","375","449","376","74","35","259","8","18800","3219","2011","13090","480","294","15101","37.6","0","50","1000","1997","3.994","134","6.556138112253838","0","51.8","3.511111111111111","10","700","376"
"1381","BA","1000","2","0.1","50","0.1","0.5","1","platform","targeted","70","5","95","95","3.1951277585495736","76.1021813713115","76.1021813713115","fixed","1","1","50","3042","1","50","23302923","v2.0-design-v1.0","2.799999999999997","2","0.7999999999999972","94.89247311827957","true","8.551999999999998","7.026000000000002","50","97.2","20","500","972","993","32","21","2","2","7","1600","1059","57","168","316","4","225","3.2","0","50","1000","1997","3.994","100","5.857326375768418","0","49.1","3.5383838383838384","10","700","32"
"1382","BA","1000","2","0.1","50","0.1","0.5","1","platform","targeted","70","5","95","95","3.1951277585495736","76.1021813713115","76.1021813713115","fixed","1","1","50","3042","2","50","23302924","v2.0-design-v1.0","3","2.6","0.3999999999999999","94.03794037940379","true","8.318000000000001","6.3960000000000035","50","97","26","500","970","990","32","20","1","7","4","1600","1041","66","168","325","8","234","3.2","0","50","1000","1997","3.994","91","5.212017759863162","0","41.5","3.6151515151515152","10","700","32"
"1383","BA","1000","2","0.1","50","0.1","0.5","1","platform","targeted","70","5","95","95","3.1951277585495736","76.1021813713115","76.1021813713115","fixed","1","1","50","3042","3","50","23302925","v2.0-design-v1.0","3.4000000000000057","2.1999999999999997","1.200000000000006","93.32146037399822","true","8.418000000000001","6.696000000000003","50","96.6","22","500","966","988","32","22","1","4","5","1600","1048","75","157","320","5","232","3.2","0","50","1000","1997","3.994","81","5.509838683874715","0","47.1","3.5585858585858587","10","700","32"
"1384","BA","1000","2","0.1","50","0.1","0.5","1","platform","targeted","70","5","95","95","3.1951277585495736","76.1021813713115","76.1021813713115","fixed","1","1","50","3042","4","50","23302926","v2.0-design-v1.0","3.4000000000000057","1.7999999999999998","1.6000000000000059","96.72131147540983","true","8.336000000000002","7.086","50","96.6","18","500","966","990","32","24","2","3","3","1600","1062","36","140","362","5","176","3.2","0","50","1000","1997","3.994","86","5.344766648837952","0","44.5","3.584848484848485","10","700","32"
"1385","BA","1000","2","0.1","50","0.1","0.5","1","platform","targeted","70","5","95","95","3.1951277585495736","76.1021813713115","76.1021813713115","fixed","1","1","50","3042","5","50","23302927","v2.0-design-v1.0","3","2.5","0.5","94.11239964317573","true","8.774000000000003","6.904000000000005","50","97","25","500","970","991","32","21","1","4","6","1600","1055","66","172","307","5","238","3.2","0","50","1000","1997","3.994","79","5.784065993695038","0","51.2","3.5171717171717174","10","700","32"
"1386","BA","1000","2","0.1","50","0.1","0.5","1","platform","targeted","70","5","95","95","3.1951277585495736","76.1021813713115","76.1021813713115","fixed","1","1","50","3042","6","50","23302928","v2.0-design-v1.0","2.200000000000003","2.3","-0.09999999999999698","96.51785714285714","true","8.602000000000004","7.336000000000001","50","97.8","23","500","978","996","32","18","1","3","10","1600","1081","39","152","328","4","191","3.2","0","50","1000","1997","3.994","73","5.527795267601763","0","45.9","3.5707070707070705","10","700","32"
"1387","BA","1000","2","0.1","50","0.1","0.5","1","platform","targeted","70","5","95","95","3.1951277585495736","76.1021813713115","76.1021813713115","fixed","1","1","50","3042","7","50","23302929","v2.0-design-v1.0","2.9000000000000057","2.3","0.6000000000000059","95.78947368421052","true","8.886000000000001","7.476000000000006","50","97.1","23","500","971","996","32","25","0","3","4","1600","1092","48","138","322","3","186","3.2","0","50","1000","1997","3.994","114","5.766907422633136","0","46","3.56969696969697","10","700","32"
"1388","BA","1000","2","0.1","50","0.1","0.5","1","platform","targeted","70","5","95","95","3.1951277585495736","76.1021813713115","76.1021813713115","fixed","1","1","50","3042","8","50","23302930","v2.0-design-v1.0","2.5","1.7000000000000002","0.7999999999999998","96.40933572710951","true","7.822000000000003","6.670000000000003","50","97.5","17","500","975","997","32","22","0","3","7","1600","1074","40","147","339","3","187","3.2","0","50","1000","1997","3.994","73","4.988471594471473","0","39.9","3.6313131313131315","10","700","32"
"1389","BA","1000","2","0.1","50","0.1","0.5","1","platform","targeted","70","5","95","95","3.1951277585495736","76.1021813713115","76.1021813713115","fixed","1","1","50","3042","9","50","23302931","v2.0-design-v1.0","3","2.1999999999999997","0.8000000000000003","95.64831261101243","true","8.774000000000001","7.296000000000003","50","97","22","500","970","989","32","19","1","7","5","1600","1077","49","172","302","8","221","3.2","0","50","1000","1997","3.994","59","4.950198831205512","0","43.6","3.5939393939393938","10","700","32"
"1390","BA","1000","2","0.1","50","0.1","0.5","1","platform","targeted","70","5","95","95","3.1951277585495736","76.1021813713115","76.1021813713115","fixed","1","1","50","3042","10","50","23302932","v2.0-design-v1.0","2.700000000000003","2.1","0.6000000000000028","94.44444444444444","true","9.250000000000002","7.650000000000003","50","97.3","21","500","973","991","32","18","0","4","10","1600","1020","60","192","328","4","252","3.2","0","50","1000","1997","3.994","110","6.513093303829191","0","52.2","3.507070707070707","10","700","32"
"1391","BA","1000","2","0.1","50","0.1","0.5","1","platform","targeted","70","5","95","95","3.1951277585495736","76.1021813713115","76.1021813713115","fixed","1","1","50","3042","11","50","23302933","v2.0-design-v1.0","2.799999999999997","1.7999999999999998","0.9999999999999973","94.92619926199262","true","8.082000000000004","6.8560000000000025","50","97.2","18","500","972","996","32","24","1","2","5","1600","1029","55","176","340","3","231","3.2","0","50","1000","1997","3.994","67","5.034810156630855","0","43.3","3.596969696969697","10","700","32"
"1392","BA","1000","2","0.1","50","0.1","0.5","1","platform","targeted","70","5","95","95","3.1951277585495736","76.1021813713115","76.1021813713115","fixed","1","1","50","3042","12","50","23302934","v2.0-design-v1.0","2.4000000000000057","1.9","0.5000000000000058","96.03603603603604","true","8.411999999999999","6.962000000000001","50","97.6","19","500","976","995","32","19","0","3","10","1600","1066","44","154","336","3","198","3.2","0","50","1000","1997","3.994","82","5.31528138636292","0","45.3","3.576767676767677","10","700","32"
"1393","BA","1000","2","0.1","50","0.1","0.5","1","platform","targeted","70","5","95","95","3.1951277585495736","76.1021813713115","76.1021813713115","fixed","1","1","50","3042","13","50","23302935","v2.0-design-v1.0","2.6000000000000085","2.8000000000000003","-0.19999999999999174","92.80000000000001","true","8.700000000000003","6.685999999999999","50","97.39999999999999","28","500","974","993","32","19","3","3","7","1600","1044","81","168","307","6","249","3.2","0","50","1000","1997","3.994","106","5.49874532963658","0","41.8","3.6121212121212123","10","700","32"
"1394","BA","1000","2","0.1","50","0.1","0.5","1","platform","targeted","70","5","95","95","3.1951277585495736","76.1021813713115","76.1021813713115","fixed","1","1","50","3042","14","50","23302936","v2.0-design-v1.0","3.200000000000003","1.9","1.300000000000003","95.24245196706312","true","8.855999999999998","7.5100000000000025","50","96.8","19","500","968","993","32","25","0","2","5","1600","1041","52","172","335","2","224","3.2","0","50","1000","1997","3.994","61","4.8606161738600075","0","41.1","3.6191919191919193","10","700","32"
"1395","BA","1000","2","0.1","50","0.1","0.5","1","platform","targeted","70","5","95","95","3.1951277585495736","76.1021813713115","76.1021813713115","fixed","1","1","50","3042","15","50","23302937","v2.0-design-v1.0","2.200000000000003","2.1","0.10000000000000275","95.68014705882352","true","7.972000000000005","6.4440000000000035","50","97.8","21","500","978","996","32","18","0","4","10","1600","1041","47","174","338","4","221","3.2","0","50","1000","1997","3.994","90","5.224869688639437","0","42.8","3.602020202020202","10","700","32"
"1396","BA","1000","2","0.1","50","0.1","0.5","1","platform","targeted","70","5","95","95","3.1951277585495736","76.1021813713115","76.1021813713115","fixed","1","1","50","3042","16","50","23302938","v2.0-design-v1.0","2.799999999999997","2.5","0.29999999999999716","96.06791778373548","true","8.256000000000006","6.644000000000005","50","97.2","25","500","972","997","32","25","1","0","6","1600","1075","44","140","341","1","184","3.2","0","50","1000","1997","3.994","53","4.686355292327486","0","37.6","3.6545454545454548","10","700","32"
"1397","BA","1000","2","0.1","50","0.1","0.5","1","platform","targeted","70","5","95","95","3.1951277585495736","76.1021813713115","76.1021813713115","fixed","1","1","50","3042","17","50","23302939","v2.0-design-v1.0","3","2.7","0.2999999999999998","94.3820224719101","true","9.264000000000003","7.252000000000001","50","97","27","500","970","991","32","21","0","5","6","1600","1008","60","192","340","5","252","3.2","0","50","1000","1997","3.994","78","4.99609096443658","0","39.8","3.632323232323232","10","700","32"
"1398","BA","1000","2","0.1","50","0.1","0.5","1","platform","targeted","70","5","95","95","3.1951277585495736","76.1021813713115","76.1021813713115","fixed","1","1","50","3042","18","50","23302940","v2.0-design-v1.0","2.5","2.1999999999999997","0.30000000000000027","95.26362823949955","true","8.582000000000003","7.031999999999998","50","97.5","22","500","975","995","32","20","0","3","9","1600","1066","53","152","329","3","205","3.2","0","50","1000","1997","3.994","96","5.4128793874668215","0","44","3.5898989898989897","10","700","32"
"1399","BA","1000","2","0.1","50","0.1","0.5","1","platform","targeted","70","5","95","95","3.1951277585495736","76.1021813713115","76.1021813713115","fixed","1","1","50","3042","19","50","23302941","v2.0-design-v1.0","2.6000000000000085","2.5","0.10000000000000853","95.23809523809523","true","8.538","6.776000000000002","50","97.39999999999999","25","500","974","996","32","22","1","0","9","1600","1080","54","162","304","1","216","3.2","0","50","1000","1997","3.994","75","5.355431321998678","0","45.7","3.5727272727272728","10","700","32"
"1400","BA","1000","2","0.1","50","0.1","0.5","1","platform","targeted","70","5","95","95","3.1951277585495736","76.1021813713115","76.1021813713115","fixed","1","1","50","3042","20","50","23302942","v2.0-design-v1.0","2.5","2.5","0","95.46690843155031","true","7.932","6.465999999999999","50","97.5","25","500","975","992","32","17","1","7","7","1600","1053","50","165","332","8","215","3.2","0","50","1000","1997","3.994","97","5.0994085900198165","0","40","3.6303030303030304","10","700","32"
"1401","BA","1000","2","0.1","50","0.1","0.5","1","platform","targeted","70","5","95","95","3.1951277585495736","76.1021813713115","76.1021813713115","fixed","1","1","50","3042","21","50","23302943","v2.0-design-v1.0","2.5","2.5","0","93.96396396396396","true","9.598","7.704000000000002","50","97.5","25","500","975","994","32","19","1","0","12","1600","1043","67","171","319","1","238","3.2","0","50","1000","1997","3.994","67","5.066718428690857","0","42.8","3.602020202020202","10","700","32"
"1402","BA","1000","2","0.1","50","0.1","0.5","1","platform","targeted","70","5","95","95","3.1951277585495736","76.1021813713115","76.1021813713115","fixed","1","1","50","3042","22","50","23302944","v2.0-design-v1.0","2.5","2.7","-0.20000000000000018","93.81818181818183","true","8.396000000000004","6.446000000000003","50","97.5","27","500","975","994","32","19","0","4","9","1600","1032","68","170","330","4","238","3.2","0","50","1000","1997","3.994","71","5.167074865207836","0","43.5","3.594949494949495","10","700","32"
"1403","BA","1000","2","0.1","50","0.1","0.5","1","platform","targeted","70","5","95","95","3.1951277585495736","76.1021813713115","76.1021813713115","fixed","1","1","50","3042","23","50","23302945","v2.0-design-v1.0","2.4000000000000057","2.1999999999999997","0.20000000000000595","96.58986175115207","true","7.637999999999997","6.274000000000004","50","97.6","22","500","976","994","32","18","0","3","11","1600","1048","37","166","349","3","203","3.2","0","50","1000","1997","3.994","79","5.447902683018813","0","47.9","3.5505050505050506","10","700","32"
"1404","BA","1000","2","0.1","50","0.1","0.5","1","platform","targeted","70","5","95","95","3.1951277585495736","76.1021813713115","76.1021813713115","fixed","1","1","50","3042","24","50","23302946","v2.0-design-v1.0","2.700000000000003","2.9000000000000004","-0.1999999999999975","94.48529411764706","true","8.742","6.7760000000000025","50","97.3","29","500","973","998","32","25","0","1","6","1600","1028","60","190","322","1","250","3.2","0","50","1000","1997","3.994","85","5.456348205140106","0","46.6","3.5636363636363635","10","700","32"
"1405","BA","1000","2","0.1","50","0.1","0.5","1","platform","targeted","70","5","95","95","3.1951277585495736","76.1021813713115","76.1021813713115","fixed","1","1","50","3042","25","50","23302947","v2.0-design-v1.0","2.200000000000003","2.1999999999999997","3.1086244689504383E-15","94.33962264150944","true","8.924000000000001","7.280000000000004","50","97.8","22","500","978","996","32","18","0","2","12","1600","1050","63","178","309","2","241","3.2","0","50","1000","1997","3.994","96","5.413249233802855","0","44.4","3.585858585858586","10","700","32"
"1406","BA","1000","2","0.1","50","0.1","0.5","1","platform","targeted","70","5","95","95","3.1951277585495736","76.1021813713115","76.1021813713115","fixed","1","1","50","3042","26","50","23302948","v2.0-design-v1.0","2.4000000000000057","2","0.4000000000000057","95.6959706959707","true","8.478000000000002","7.110000000000005","50","97.6","20","500","976","996","32","20","2","2","8","1600","1045","47","179","329","4","226","3.2","0","50","1000","1997","3.994","113","5.7987575901730475","0","48.1","3.5484848484848484","10","700","32"
"1407","BA","1000","2","0.1","50","0.1","0.5","1","platform","targeted","70","5","95","95","3.1951277585495736","76.1021813713115","76.1021813713115","fixed","1","1","50","3042","27","50","23302949","v2.0-design-v1.0","2.6000000000000085","2.1999999999999997","0.4000000000000088","95.47872340425532","true","8.246000000000004","6.632000000000004","50","97.39999999999999","22","500","974","998","32","24","0","2","6","1600","1077","51","132","340","2","183","3.2","0","50","1000","1997","3.994","57","4.726341323085142","0","37.8","3.6525252525252525","10","700","32"
"1408","BA","1000","2","0.1","50","0.1","0.5","1","platform","targeted","70","5","95","95","3.1951277585495736","76.1021813713115","76.1021813713115","fixed","1","1","50","3042","28","50","23302950","v2.0-design-v1.0","3","2.1999999999999997","0.8000000000000003","94.92430988423864","true","8.228000000000003","6.5260000000000025","50","97","22","500","970","996","32","26","1","2","3","1600","1066","57","148","329","3","205","3.2","0","50","1000","1997","3.994","73","5.165912373497111","0","44.5","3.584848484848485","10","700","32"
"1409","BA","1000","2","0.1","50","0.1","0.5","1","platform","targeted","70","5","95","95","3.1951277585495736","76.1021813713115","76.1021813713115","fixed","1","1","50","3042","29","50","23302951","v2.0-design-v1.0","2.799999999999997","2.6","0.19999999999999707","95.8295557570263","true","8.516000000000002","6.6300000000000034","50","97.2","26","500","972","998","32","26","0","1","5","1600","1057","46","159","338","1","205","3.2","0","50","1000","1997","3.994","55","4.534812954084041","0","36.3","3.6676767676767676","10","700","32"
"1410","BA","1000","2","0.1","50","0.1","0.5","1","platform","targeted","70","5","95","95","3.1951277585495736","76.1021813713115","76.1021813713115","fixed","1","1","50","3042","30","50","23302952","v2.0-design-v1.0","3.200000000000003","2.1","1.1000000000000028","95.07168458781362","true","8.880000000000006","7.2020000000000035","50","96.8","21","500","968","991","32","23","1","5","3","1600","1061","55","158","326","6","213","3.2","0","50","1000","1997","3.994","79","5.279567959391915","0","43.6","3.5939393939393938","10","700","32"
"1411","BA","1000","2","0.1","50","0.1","0.5","1","platform","targeted","70","5","95","95","89.55507390583318","89.31476214999702","89.31476214999702","fixed","1","1","50","3043","1","50","23303923","v2.0-design-v1.0","100","99.3","0.7000000000000028","11.50360643610135","true","99.662","19.249999999999996","50","0","993","500","0","0","896","0","78","818","0","44800","622","4785","39309","84","896","44094","89.6","0","50","1000","1997","3.994","89","5.517463765753819","0","44.6","3.583838383838384","10","700","896"
"1412","BA","1000","2","0.1","50","0.1","0.5","1","platform","targeted","70","5","95","95","89.55507390583318","89.31476214999702","89.31476214999702","fixed","1","1","50","3043","2","50","23303924","v2.0-design-v1.0","100","99.5","0.5","11.569788967049242","true","99.70200000000001","20.325999999999997","50","0","995","500","0","0","896","0","113","783","0","44800","625","4777","39320","78","896","44097","89.6","0","50","1000","1997","3.994","92","5.0136913647631935","0","39.3","3.6373737373737374","10","700","896"
"1413","BA","1000","2","0.1","50","0.1","0.5","1","platform","targeted","70","5","95","95","89.55507390583318","89.31476214999702","89.31476214999702","fixed","1","1","50","3043","3","50","23303925","v2.0-design-v1.0","100","99.2","0.7999999999999972","11.997019374068554","true","99.646","20.97599999999999","50","0","992","500","0","0","896","0","113","783","0","44800","644","4724","39349","83","896","44073","89.6","0","50","1000","1997","3.994","88","5.4565316582731995","0","44.2","3.587878787878788","10","700","896"
"1414","BA","1000","2","0.1","50","0.1","0.5","1","platform","targeted","70","5","95","95","89.55507390583318","89.31476214999702","89.31476214999702","fixed","1","1","50","3043","4","50","23303926","v2.0-design-v1.0","100","99.5","0.5","12.061969752858724","true","99.69200000000001","20.234","50","0","995","500","0","0","896","0","99","797","0","44800","654","4768","39305","73","896","44073","89.6","0","50","1000","1997","3.994","70","5.083286712728655","0","41.1","3.6191919191919193","10","700","896"
"1415","BA","1000","2","0.1","50","0.1","0.5","1","platform","targeted","70","5","95","95","89.55507390583318","89.31476214999702","89.31476214999702","fixed","1","1","50","3043","5","50","23303927","v2.0-design-v1.0","100","99.2","0.7999999999999972","12.117299889339728","true","99.60799999999999","19.63","50","0","992","500","0","0","896","0","85","811","0","44800","657","4765","39292","86","896","44057","89.6","0","50","1000","1997","3.994","84","5.196245275674046","0","42.8","3.602020202020202","10","700","896"
"1416","BA","1000","2","0.1","50","0.1","0.5","1","platform","targeted","70","5","95","95","89.55507390583318","89.31476214999702","89.31476214999702","fixed","1","1","50","3043","6","50","23303928","v2.0-design-v1.0","100","98.7","1.2999999999999972","11.801359516616314","true","99.684","21.147999999999996","50","0","987","500","0","0","896","0","105","791","0","44800","625","4671","39428","76","896","44099","89.6","0","50","1000","1997","3.994","98","5.68685363837546","0","48.6","3.5434343434343436","10","700","896"
"1417","BA","1000","2","0.1","50","0.1","0.5","1","platform","targeted","70","5","95","95","89.55507390583318","89.31476214999702","89.31476214999702","fixed","1","1","50","3043","7","50","23303929","v2.0-design-v1.0","100","99.2","0.7999999999999972","12.226001511715797","true","99.652","20.064","50","0","992","500","0","0","896","0","81","815","0","44800","647","4645","39419","89","896","44064","89.6","0","50","1000","1997","3.994","101","5.746737247255081","0","46.5","3.5646464646464646","10","700","896"
"1418","BA","1000","2","0.1","50","0.1","0.5","1","platform","targeted","70","5","95","95","89.55507390583318","89.31476214999702","89.31476214999702","fixed","1","1","50","3043","8","50","23303930","v2.0-design-v1.0","100","98.6","1.4000000000000057","11.90343546889508","true","99.68799999999999","20.9","50","0","986","500","0","0","896","0","109","787","0","44800","641","4744","39335","80","896","44079","89.6","0","50","1000","1997","3.994","116","5.430419270503279","0","42.9","3.601010101010101","10","700","896"
"1419","BA","1000","2","0.1","50","0.1","0.5","1","platform","targeted","70","5","95","95","89.55507390583318","89.31476214999702","89.31476214999702","fixed","1","1","50","3043","9","50","23303931","v2.0-design-v1.0","100","99.2","0.7999999999999972","12.131941856131197","true","99.728","18.963999999999995","50","0","992","500","0","0","896","0","100","796","0","44800","651","4715","39366","68","896","44081","89.6","0","50","1000","1997","3.994","99","5.682451429995174","0","46.7","3.562626262626263","10","700","896"
"1420","BA","1000","2","0.1","50","0.1","0.5","1","platform","targeted","70","5","95","95","89.55507390583318","89.31476214999702","89.31476214999702","fixed","1","1","50","3043","10","50","23303932","v2.0-design-v1.0","100","99.5","0.5","12.874583795782463","true","99.63600000000001","20.646000000000004","50","0","995","500","0","0","896","0","84","812","0","44800","696","4710","39302","92","896","44012","89.6","0","50","1000","1997","3.994","113","5.854762355744451","0","48.5","3.5444444444444443","10","700","896"
"1421","BA","1000","2","0.1","50","0.1","0.5","1","platform","targeted","70","5","95","95","89.55507390583318","89.31476214999702","89.31476214999702","fixed","1","1","50","3043","11","50","23303933","v2.0-design-v1.0","100","99.2","0.7999999999999972","12.387218045112782","true","99.676","20.859999999999996","50","0","992","500","0","0","896","0","92","804","0","44800","659","4661","39403","77","896","44064","89.6","0","50","1000","1997","3.994","94","5.234057638138811","0","41.9","3.611111111111111","10","700","896"
"1422","BA","1000","2","0.1","50","0.1","0.5","1","platform","targeted","70","5","95","95","89.55507390583318","89.31476214999702","89.31476214999702","fixed","1","1","50","3043","12","50","23303934","v2.0-design-v1.0","100","99.4","0.5999999999999943","11.840120663650074","true","99.68","20.186000000000007","50","0","994","500","0","0","896","0","103","793","0","44800","628","4676","39429","67","896","44105","89.6","0","50","1000","1997","3.994","91","4.9661480673280956","0","38.7","3.6434343434343432","10","700","896"
"1423","BA","1000","2","0.1","50","0.1","0.5","1","platform","targeted","70","5","95","95","89.55507390583318","89.31476214999702","89.31476214999702","fixed","1","1","50","3043","13","50","23303935","v2.0-design-v1.0","100","98.7","1.2999999999999972","11.748013620885358","true","99.684","20.690000000000005","50","0","987","500","0","0","896","0","90","806","0","44800","621","4665","39449","65","896","44114","89.6","0","50","1000","1997","3.994","80","5.657735763887694","0","51.1","3.518181818181818","10","700","896"
"1424","BA","1000","2","0.1","50","0.1","0.5","1","platform","targeted","70","5","95","95","89.55507390583318","89.31476214999702","89.31476214999702","fixed","1","1","50","3043","14","50","23303936","v2.0-design-v1.0","100","99.4","0.5999999999999943","11.736745886654479","true","99.708","19.189999999999998","50","0","994","500","0","0","896","0","82","814","0","44800","642","4828","39258","72","896","44086","89.6","0","50","1000","1997","3.994","67","4.999495870481227","0","42.5","3.605050505050505","10","700","896"
"1425","BA","1000","2","0.1","50","0.1","0.5","1","platform","targeted","70","5","95","95","89.55507390583318","89.31476214999702","89.31476214999702","fixed","1","1","50","3043","15","50","23303937","v2.0-design-v1.0","100","99","1","11.884935654806965","true","99.71","20.644000000000002","50","0","990","500","0","0","896","0","81","815","0","44800","628","4656","39446","70","896","44102","89.6","0","50","1000","1997","3.994","81","5.16591237349711","0","42.1","3.609090909090909","10","700","896"
"1426","BA","1000","2","0.1","50","0.1","0.5","1","platform","targeted","70","5","95","95","89.55507390583318","89.31476214999702","89.31476214999702","fixed","1","1","50","3043","16","50","23303938","v2.0-design-v1.0","100","98.9","1.0999999999999943","11.872727272727273","true","99.632","19.189999999999998","50","0","989","500","0","0","896","0","99","797","0","44800","653","4847","39206","94","896","44053","89.6","0","50","1000","1997","3.994","93","5.508203364465058","0","45.3","3.576767676767677","10","700","896"
"1427","BA","1000","2","0.1","50","0.1","0.5","1","platform","targeted","70","5","95","95","89.55507390583318","89.31476214999702","89.31476214999702","fixed","1","1","50","3043","17","50","23303939","v2.0-design-v1.0","100","99","1","12.374207976146105","true","99.678","18.922000000000008","50","0","990","500","0","0","896","0","97","799","0","44800","664","4702","39359","75","896","44061","89.6","0","50","1000","1997","3.994","81","5.405847499438647","0","43.8","3.591919191919192","10","700","896"
"1428","BA","1000","2","0.1","50","0.1","0.5","1","platform","targeted","70","5","95","95","89.55507390583318","89.31476214999702","89.31476214999702","fixed","1","1","50","3043","18","50","23303940","v2.0-design-v1.0","100","99","1","12.265402843601896","true","99.684","20.819999999999997","50","0","990","500","0","0","896","0","111","785","0","44800","647","4628","39453","72","896","44081","89.6","0","50","1000","1997","3.994","76","5.581677088395479","0","49.2","3.5373737373737373","10","700","896"
"1429","BA","1000","2","0.1","50","0.1","0.5","1","platform","targeted","70","5","95","95","89.55507390583318","89.31476214999702","89.31476214999702","fixed","1","1","50","3043","19","50","23303941","v2.0-design-v1.0","100","98.8","1.2000000000000028","11.568409343715238","true","99.734","19.744","50","0","988","500","0","0","896","0","103","793","0","44800","624","4770","39353","53","896","44123","89.6","0","50","1000","1997","3.994","109","5.365515143278664","0","42.1","3.609090909090909","10","700","896"
"1430","BA","1000","2","0.1","50","0.1","0.5","1","platform","targeted","70","5","95","95","89.55507390583318","89.31476214999702","89.31476214999702","fixed","1","1","50","3043","20","50","23303942","v2.0-design-v1.0","100","99.8","0.20000000000000284","12.178517397881997","true","99.682","19.488000000000003","50","0","998","500","0","0","896","0","96","800","0","44800","644","4644","39436","76","896","44080","89.6","0","50","1000","1997","3.994","63","5.000697048509425","0","42.4","3.606060606060606","10","700","896"
"1431","BA","1000","2","0.1","50","0.1","0.5","1","platform","targeted","70","5","95","95","89.55507390583318","89.31476214999702","89.31476214999702","fixed","1","1","50","3043","21","50","23303943","v2.0-design-v1.0","100","99.6","0.4000000000000057","11.844586948321387","true","99.73200000000001","19.265999999999995","50","0","996","500","0","0","896","0","93","803","0","44800","628","4674","39425","73","896","44099","89.6","0","50","1000","1997","3.994","97","5.369431515048378","0","43.5","3.594949494949495","10","700","896"
"1432","BA","1000","2","0.1","50","0.1","0.5","1","platform","targeted","70","5","95","95","89.55507390583318","89.31476214999702","89.31476214999702","fixed","1","1","50","3043","22","50","23303944","v2.0-design-v1.0","100","99.4","0.5999999999999943","12.09101165851824","true","99.69200000000001","19.538","50","0","994","500","0","0","896","0","86","810","0","44800","643","4675","39412","70","896","44087","89.6","0","50","1000","1997","3.994","86","5.494556775041465","0","45","3.5797979797979798","10","700","896"
"1433","BA","1000","2","0.1","50","0.1","0.5","1","platform","targeted","70","5","95","95","89.55507390583318","89.31476214999702","89.31476214999702","fixed","1","1","50","3043","23","50","23303945","v2.0-design-v1.0","100","99.1","0.9000000000000057","11.724008975317876","true","99.704","19.636","50","0","991","500","0","0","896","0","105","791","0","44800","627","4721","39389","63","896","44110","89.6","0","50","1000","1997","3.994","62","5.008897388952277","0","42.5","3.605050505050505","10","700","896"
"1434","BA","1000","2","0.1","50","0.1","0.5","1","platform","targeted","70","5","95","95","89.55507390583318","89.31476214999702","89.31476214999702","fixed","1","1","50","3043","24","50","23303946","v2.0-design-v1.0","100","98.8","1.2000000000000028","11.91991017964072","true","99.708","20.908000000000005","50","0","988","500","0","0","896","0","97","799","0","44800","637","4707","39392","64","896","44099","89.6","0","50","1000","1997","3.994","92","5.162229422702222","0","41.8","3.6121212121212123","10","700","896"
"1435","BA","1000","2","0.1","50","0.1","0.5","1","platform","targeted","70","5","95","95","89.55507390583318","89.31476214999702","89.31476214999702","fixed","1","1","50","3043","25","50","23303947","v2.0-design-v1.0","100","99.1","0.9000000000000057","12.342663911328199","true","99.67","21.229999999999997","50","0","991","500","0","0","896","0","111","785","0","44800","657","4666","39400","77","896","44066","89.6","0","50","1000","1997","3.994","65","5.06177691977684","0","42.1","3.609090909090909","10","700","896"
"1436","BA","1000","2","0.1","50","0.1","0.5","1","platform","targeted","70","5","95","95","89.55507390583318","89.31476214999702","89.31476214999702","fixed","1","1","50","3043","26","50","23303948","v2.0-design-v1.0","100","99.7","0.29999999999999716","12.419974391805377","true","99.64399999999999","19.822","50","0","997","500","0","0","896","0","117","779","0","44800","679","4788","39243","90","896","44031","89.6","0","50","1000","1997","3.994","107","6.004333103352637","0","49.6","3.533333333333333","10","700","896"
"1437","BA","1000","2","0.1","50","0.1","0.5","1","platform","targeted","70","5","95","95","89.55507390583318","89.31476214999702","89.31476214999702","fixed","1","1","50","3043","27","50","23303949","v2.0-design-v1.0","100","98.9","1.0999999999999943","11.301939058171746","true","99.712","20.327999999999996","50","0","989","500","0","0","896","0","91","805","0","44800","612","4803","39310","75","896","44113","89.6","0","50","1000","1997","3.994","91","5.2603836015670495","0","40.9","3.621212121212121","10","700","896"
"1438","BA","1000","2","0.1","50","0.1","0.5","1","platform","targeted","70","5","95","95","89.55507390583318","89.31476214999702","89.31476214999702","fixed","1","1","50","3043","28","50","23303950","v2.0-design-v1.0","100","99","1","11.933085501858736","true","99.66799999999999","19.888000000000005","50","0","990","500","0","0","896","0","97","799","0","44800","642","4738","39336","84","896","44074","89.6","0","50","1000","1997","3.994","84","5.501293323231201","0","45.6","3.573737373737374","10","700","896"
"1439","BA","1000","2","0.1","50","0.1","0.5","1","platform","targeted","70","5","95","95","89.55507390583318","89.31476214999702","89.31476214999702","fixed","1","1","50","3043","29","50","23303951","v2.0-design-v1.0","100","99.2","0.7999999999999972","12.038582823223893","true","99.67","19.947999999999997","50","0","992","500","0","0","896","0","75","821","0","44800","649","4742","39331","78","896","44073","89.6","0","50","1000","1997","3.994","89","5.18061799429399","0","42.3","3.607070707070707","10","700","896"
"1440","BA","1000","2","0.1","50","0.1","0.5","1","platform","targeted","70","5","95","95","89.55507390583318","89.31476214999702","89.31476214999702","fixed","1","1","50","3043","30","50","23303952","v2.0-design-v1.0","100","99.5","0.5","11.780153817295066","true","99.66","19.778000000000002","50","0","995","500","0","0","896","0","89","807","0","44800","628","4703","39382","87","896","44085","89.6","0","50","1000","1997","3.994","90","5.229465681244239","0","42","3.61010101010101","10","700","896"
"1441","BA","1000","2","0.1","50","0.1","0.5","1","platform","targeted","70","5","95","95","90.71188116020062","69.42241016223716","69.42241016223716","fixed","1","1","50","3044","1","50","23304923","v2.0-design-v1.0","100","100","0","5.244507441530829","true","99.084","6.758000000000002","50","0","1000","500","0","0","907","0","255","652","0","45350","740","13370","30905","335","907","44275","90.7","0","50","1000","1997","3.994","75","4.975813774923922","0","40.8","3.6222222222222222","10","700","907"
"1442","BA","1000","2","0.1","50","0.1","0.5","1","platform","targeted","70","5","95","95","90.71188116020062","69.42241016223716","69.42241016223716","fixed","1","1","50","3044","2","50","23304924","v2.0-design-v1.0","100","100","0","6.611114936987811","true","98.85599999999998","6.605999999999997","50","0","1000","500","0","0","907","0","282","625","0","45350","960","13561","30387","442","907","43948","90.7","0","50","1000","1997","3.994","76","5.304158566455005","0","45.6","3.573737373737374","10","700","907"
"1443","BA","1000","2","0.1","50","0.1","0.5","1","platform","targeted","70","5","95","95","90.71188116020062","69.42241016223716","69.42241016223716","fixed","1","1","50","3044","3","50","23304925","v2.0-design-v1.0","100","100","0","5.273876404494382","true","99.11","6.526000000000002","50","0","1000","500","0","0","907","0","257","650","0","45350","751","13489","30770","340","907","44259","90.7","0","50","1000","1997","3.994","98","5.445513531120598","0","44.6","3.583838383838384","10","700","907"
"1444","BA","1000","2","0.1","50","0.1","0.5","1","platform","targeted","70","5","95","95","90.71188116020062","69.42241016223716","69.42241016223716","fixed","1","1","50","3044","4","50","23304926","v2.0-design-v1.0","100","100","0","5.688353079747801","true","98.976","6.326000000000001","50","0","1000","500","0","0","907","0","274","633","0","45350","821","13612","30516","401","907","44128","90.7","0","50","1000","1997","3.994","101","5.571445504086434","0","45.8","3.5717171717171716","10","700","907"
"1445","BA","1000","2","0.1","50","0.1","0.5","1","platform","targeted","70","5","95","95","90.71188116020062","69.42241016223716","69.42241016223716","fixed","1","1","50","3044","5","50","23304927","v2.0-design-v1.0","100","100","0","6.295805123193969","true","98.97200000000001","6.754000000000001","50","0","1000","500","0","0","907","0","278","629","0","45350","902","13425","30623","400","907","44048","90.7","0","50","1000","1997","3.994","63","5.024859521739199","0","42.7","3.603030303030303","10","700","907"
"1446","BA","1000","2","0.1","50","0.1","0.5","1","platform","targeted","70","5","95","95","90.71188116020062","69.42241016223716","69.42241016223716","fixed","1","1","50","3044","6","50","23304928","v2.0-design-v1.0","100","100","0","5.8232931726907635","true","98.99600000000001","6.574000000000003","50","0","1000","500","0","0","907","0","276","631","0","45350","841","13601","30524","384","907","44125","90.7","0","50","1000","1997","3.994","84","4.93095105210731","0","39.1","3.639393939393939","10","700","907"
"1447","BA","1000","2","0.1","50","0.1","0.5","1","platform","targeted","70","5","95","95","90.71188116020062","69.42241016223716","69.42241016223716","fixed","1","1","50","3044","7","50","23304929","v2.0-design-v1.0","100","100","0","6.555779803744172","true","98.89","6.894000000000001","50","0","1000","500","0","0","907","0","281","626","0","45350","942","13427","30552","429","907","43979","90.7","0","50","1000","1997","3.994","84","5.692483497417299","0","49.5","3.5343434343434343","10","700","907"
"1448","BA","1000","2","0.1","50","0.1","0.5","1","platform","targeted","70","5","95","95","90.71188116020062","69.42241016223716","69.42241016223716","fixed","1","1","50","3044","8","50","23304930","v2.0-design-v1.0","100","100","0","4.845599047685736","true","99.244","6.722000000000003","50","0","1000","500","0","0","907","0","269","638","0","45350","692","13589","30791","278","907","44380","90.7","0","50","1000","1997","3.994","116","6.07576158838373","0","49.7","3.5323232323232325","10","700","907"
"1449","BA","1000","2","0.1","50","0.1","0.5","1","platform","targeted","70","5","95","95","90.71188116020062","69.42241016223716","69.42241016223716","fixed","1","1","50","3044","9","50","23304931","v2.0-design-v1.0","100","100","0","5.579518575205231","true","99.07600000000001","6.792000000000001","50","0","1000","500","0","0","907","0","270","637","0","45350","802","13572","30625","351","907","44197","90.7","0","50","1000","1997","3.994","80","5.5701876980036245","0","47.4","3.5555555555555554","10","700","907"
"1450","BA","1000","2","0.1","50","0.1","0.5","1","platform","targeted","70","5","95","95","90.71188116020062","69.42241016223716","69.42241016223716","fixed","1","1","50","3044","10","50","23304932","v2.0-design-v1.0","100","100","0","5.278284031964111","true","99.152","6.712000000000002","50","0","1000","500","0","0","907","0","277","630","0","45350","753","13513","30764","320","907","44277","90.7","0","50","1000","1997","3.994","98","5.570906479110816","0","45","3.5797979797979798","10","700","907"
"1451","BA","1000","2","0.1","50","0.1","0.5","1","platform","targeted","70","5","95","95","90.71188116020062","69.42241016223716","69.42241016223716","fixed","1","1","50","3044","11","50","23304933","v2.0-design-v1.0","100","100","0","5.899071121586026","true","99.01","6.495999999999999","50","0","1000","500","0","0","907","0","272","635","0","45350","851","13575","30547","377","907","44122","90.7","0","50","1000","1997","3.994","100","5.4115847262377015","0","41.4","3.6161616161616164","10","700","907"
"1452","BA","1000","2","0.1","50","0.1","0.5","1","platform","targeted","70","5","95","95","90.71188116020062","69.42241016223716","69.42241016223716","fixed","1","1","50","3044","12","50","23304934","v2.0-design-v1.0","100","100","0","6.113260640168836","true","98.97399999999999","6.83","50","0","1000","500","0","0","907","0","285","622","0","45350","869","13346","30752","383","907","44098","90.7","0","50","1000","1997","3.994","107","5.724048281481267","0","47.5","3.5545454545454547","10","700","907"
"1453","BA","1000","2","0.1","50","0.1","0.5","1","platform","targeted","70","5","95","95","90.71188116020062","69.42241016223716","69.42241016223716","fixed","1","1","50","3044","13","50","23304935","v2.0-design-v1.0","100","100","0","5.251489538589441","true","99.226","6.5959999999999965","50","0","1000","500","0","0","907","0","277","630","0","45350","758","13676","30630","286","907","44306","90.7","0","50","1000","1997","3.994","57","4.75021352451955","0","40.8","3.6222222222222222","10","700","907"
"1454","BA","1000","2","0.1","50","0.1","0.5","1","platform","targeted","70","5","95","95","90.71188116020062","69.42241016223716","69.42241016223716","fixed","1","1","50","3044","14","50","23304936","v2.0-design-v1.0","100","100","0","5.359532361433904","true","99.14200000000001","6.674000000000001","50","0","1000","500","0","0","907","0","284","623","0","45350","761","13438","30813","338","907","44251","90.7","0","50","1000","1997","3.994","86","5.117240481954125","0","40.8","3.6222222222222222","10","700","907"
"1455","BA","1000","2","0.1","50","0.1","0.5","1","platform","targeted","70","5","95","95","90.71188116020062","69.42241016223716","69.42241016223716","fixed","1","1","50","3044","15","50","23304937","v2.0-design-v1.0","100","100","0","5.684357541899441","true","99.09","6.835999999999999","50","0","1000","500","0","0","907","0","279","628","0","45350","814","13506","30691","339","907","44197","90.7","0","50","1000","1997","3.994","134","6.315366010600517","0","46.9","3.5606060606060606","10","700","907"
"1456","BA","1000","2","0.1","50","0.1","0.5","1","platform","targeted","70","5","95","95","90.71188116020062","69.42241016223716","69.42241016223716","fixed","1","1","50","3044","16","50","23304938","v2.0-design-v1.0","100","100","0","5.199246283760207","true","99.124","6.692","50","0","1000","500","0","0","907","0","265","642","0","45350","745","13584","30683","338","907","44267","90.7","0","50","1000","1997","3.994","85","5.213361980828018","0","43.6","3.5939393939393938","10","700","907"
"1457","BA","1000","2","0.1","50","0.1","0.5","1","platform","targeted","70","5","95","95","90.71188116020062","69.42241016223716","69.42241016223716","fixed","1","1","50","3044","17","50","23304939","v2.0-design-v1.0","100","100","0","5.621218516955115","true","99.008","6.718000000000002","50","0","1000","500","0","0","907","0","276","631","0","45350","799","13415","30762","374","907","44177","90.7","0","50","1000","1997","3.994","78","5.012692997889556","0","39.5","3.6353535353535356","10","700","907"
"1458","BA","1000","2","0.1","50","0.1","0.5","1","platform","targeted","70","5","95","95","90.71188116020062","69.42241016223716","69.42241016223716","fixed","1","1","50","3044","18","50","23304940","v2.0-design-v1.0","100","100","0","6.1959449879483905","true","98.876","6.5120000000000005","50","0","1000","500","0","0","907","0","269","638","0","45350","874","13232","30807","437","907","44039","90.7","0","50","1000","1997","3.994","97","5.552187928266721","0","45.2","3.577777777777778","10","700","907"
"1459","BA","1000","2","0.1","50","0.1","0.5","1","platform","targeted","70","5","95","95","90.71188116020062","69.42241016223716","69.42241016223716","fixed","1","1","50","3044","19","50","23304941","v2.0-design-v1.0","100","100","0","6.29550024266796","true","98.948","6.33","50","0","1000","500","0","0","907","0","271","636","0","45350","908","13515","30518","409","907","44033","90.7","0","50","1000","1997","3.994","66","5.44790268301881","0","48.5","3.5444444444444443","10","700","907"
"1460","BA","1000","2","0.1","50","0.1","0.5","1","platform","targeted","70","5","95","95","90.71188116020062","69.42241016223716","69.42241016223716","fixed","1","1","50","3044","20","50","23304942","v2.0-design-v1.0","100","100","0","5.3206287383502575","true","99.09200000000001","6.863999999999999","50","0","1000","500","0","0","907","0","279","628","0","45350","765","13613","30627","345","907","44240","90.7","0","50","1000","1997","3.994","59","5.039579482591905","0","42.1","3.609090909090909","10","700","907"
"1461","BA","1000","2","0.1","50","0.1","0.5","1","platform","targeted","70","5","95","95","90.71188116020062","69.42241016223716","69.42241016223716","fixed","1","1","50","3044","21","50","23304943","v2.0-design-v1.0","100","100","0","5.586747071463229","true","99.04","6.354","50","0","1000","500","0","0","907","0","273","634","0","45350","806","13621","30554","369","907","44175","90.7","0","50","1000","1997","3.994","68","5.090960801448168","0","42.2","3.608080808080808","10","700","907"
"1462","BA","1000","2","0.1","50","0.1","0.5","1","platform","targeted","70","5","95","95","90.71188116020062","69.42241016223716","69.42241016223716","fixed","1","1","50","3044","22","50","23304944","v2.0-design-v1.0","100","100","0","6.233820751416777","true","98.95400000000001","6.362000000000003","50","0","1000","500","0","0","907","0","250","657","0","45350","891","13402","30657","400","907","44059","90.7","0","50","1000","1997","3.994","83","5.485805142188152","0","47.2","3.5575757575757576","10","700","907"
"1463","BA","1000","2","0.1","50","0.1","0.5","1","platform","targeted","70","5","95","95","90.71188116020062","69.42241016223716","69.42241016223716","fixed","1","1","50","3044","23","50","23304945","v2.0-design-v1.0","100","100","0","5.022187786152004","true","99.214","6.566000000000002","50","0","1000","500","0","0","907","0","307","600","0","45350","713","13484","30858","295","907","44342","90.7","0","50","1000","1997","3.994","58","4.790920257833231","0","40.9","3.621212121212121","10","700","907"
"1464","BA","1000","2","0.1","50","0.1","0.5","1","platform","targeted","70","5","95","95","90.71188116020062","69.42241016223716","69.42241016223716","fixed","1","1","50","3044","24","50","23304946","v2.0-design-v1.0","100","100","0","5.648186744476865","true","99.166","6.572","50","0","1000","500","0","0","907","0","284","623","0","45350","813","13581","30625","331","907","44206","90.7","0","50","1000","1997","3.994","95","5.3455157411178265","0","43.1","3.598989898989899","10","700","907"
"1465","BA","1000","2","0.1","50","0.1","0.5","1","platform","targeted","70","5","95","95","90.71188116020062","69.42241016223716","69.42241016223716","fixed","1","1","50","3044","25","50","23304947","v2.0-design-v1.0","100","100","0","5.399207838232228","true","98.986","6.74","50","0","1000","500","0","0","907","0","279","628","0","45350","777","13614","30581","378","907","44195","90.7","0","50","1000","1997","3.994","108","5.186218358386073","0","40","3.6303030303030304","10","700","907"
"1466","BA","1000","2","0.1","50","0.1","0.5","1","platform","targeted","70","5","95","95","90.71188116020062","69.42241016223716","69.42241016223716","fixed","1","1","50","3044","26","50","23304948","v2.0-design-v1.0","100","100","0","5.739545326971653","true","99.098","6.632","50","0","1000","500","0","0","907","0","271","636","0","45350","818","13434","30750","348","907","44184","90.7","0","50","1000","1997","3.994","88","5.153496145581406","0","42.2","3.608080808080808","10","700","907"
"1467","BA","1000","2","0.1","50","0.1","0.5","1","platform","targeted","70","5","95","95","90.71188116020062","69.42241016223716","69.42241016223716","fixed","1","1","50","3044","27","50","23304949","v2.0-design-v1.0","100","100","0","5.324585635359115","true","98.988","6.431999999999999","50","0","1000","500","0","0","907","0","283","624","0","45350","771","13709","30479","391","907","44188","90.7","0","50","1000","1997","3.994","64","4.864115913876181","0","39.7","3.6333333333333333","10","700","907"
"1468","BA","1000","2","0.1","50","0.1","0.5","1","platform","targeted","70","5","95","95","90.71188116020062","69.42241016223716","69.42241016223716","fixed","1","1","50","3044","28","50","23304950","v2.0-design-v1.0","100","100","0","5.402930402930403","true","99.08400000000002","6.836000000000004","50","0","1000","500","0","0","907","0","276","631","0","45350","767","13429","30813","341","907","44242","90.7","0","50","1000","1997","3.994","55","4.872340680176579","0","41.2","3.618181818181818","10","700","907"
"1469","BA","1000","2","0.1","50","0.1","0.5","1","platform","targeted","70","5","95","95","90.71188116020062","69.42241016223716","69.42241016223716","fixed","1","1","50","3044","29","50","23304951","v2.0-design-v1.0","100","100","0","6.022575895674122","true","98.95","6.600000000000002","50","0","1000","500","0","0","907","0","277","630","0","45350","859","13404","30681","406","907","44085","90.7","0","50","1000","1997","3.994","101","5.866888816432821","0","47","3.5595959595959594","10","700","907"
"1470","BA","1000","2","0.1","50","0.1","0.5","1","platform","targeted","70","5","95","95","90.71188116020062","69.42241016223716","69.42241016223716","fixed","1","1","50","3044","30","50","23304952","v2.0-design-v1.0","100","100","0","5.374387683694891","true","99.09","6.534000000000003","50","0","1000","500","0","0","907","0","273","634","0","45350","768","13522","30712","348","907","44234","90.7","0","50","1000","1997","3.994","69","5.268749730602477","0","44.7","3.5828282828282827","10","700","907"
"1471","BA","1000","2","0.1","50","0.1","0.5","1","platform","targeted","70","5","95","95","92.59660701721054","79.88409571807718","79.88409571807718","fixed","1","1","50","3045","1","50","23305923","v2.0-design-v1.0","100","100","0","6.78695919622719","true","99.584","10.082","50","0","1000","500","0","0","926","0","173","753","0","46300","662","9092","36395","151","926","45487","92.6","0","50","1000","1997","3.994","103","5.774193043647335","0","47.6","3.5535353535353535","10","700","926"
"1472","BA","1000","2","0.1","50","0.1","0.5","1","platform","targeted","70","5","95","95","92.59660701721054","79.88409571807718","79.88409571807718","fixed","1","1","50","3045","2","50","23305924","v2.0-design-v1.0","100","100","0","7.087024491922876","true","99.52799999999999","10.208000000000006","50","0","1000","500","0","0","926","0","193","733","0","46300","680","8915","36524","181","926","45439","92.6","0","50","1000","1997","3.994","81","4.878500155146425","0","37.8","3.6525252525252525","10","700","926"
"1473","BA","1000","2","0.1","50","0.1","0.5","1","platform","targeted","70","5","95","95","92.59660701721054","79.88409571807718","79.88409571807718","fixed","1","1","50","3045","3","50","23305925","v2.0-design-v1.0","100","100","0","6.939306069393061","true","99.51799999999999","9.916000000000004","50","0","1000","500","0","0","926","0","188","738","0","46300","694","9307","36122","177","926","45429","92.6","0","50","1000","1997","3.994","63","4.795097179094172","0","40.1","3.6292929292929292","10","700","926"
"1474","BA","1000","2","0.1","50","0.1","0.5","1","platform","targeted","70","5","95","95","92.59660701721054","79.88409571807718","79.88409571807718","fixed","1","1","50","3045","4","50","23305926","v2.0-design-v1.0","100","100","0","6.769073220686124","true","99.56200000000001","10.4","50","0","1000","500","0","0","926","0","179","747","0","46300","661","9104","36381","154","926","45485","92.6","0","50","1000","1997","3.994","66","4.915498563332723","0","40.3","3.6272727272727274","10","700","926"
"1475","BA","1000","2","0.1","50","0.1","0.5","1","platform","targeted","70","5","95","95","92.59660701721054","79.88409571807718","79.88409571807718","fixed","1","1","50","3045","5","50","23305927","v2.0-design-v1.0","100","100","0","6.932816009801919","true","99.56200000000001","9.454000000000002","50","0","1000","500","0","0","926","0","179","747","0","46300","679","9115","36355","151","926","45470","92.6","0","50","1000","1997","3.994","88","5.164555802451607","0","42.6","3.604040404040404","10","700","926"
"1476","BA","1000","2","0.1","50","0.1","0.5","1","platform","targeted","70","5","95","95","92.59660701721054","79.88409571807718","79.88409571807718","fixed","1","1","50","3045","6","50","23305928","v2.0-design-v1.0","100","100","0","6.8444534577164875","true","99.53399999999999","10.307999999999998","50","0","1000","500","0","0","926","0","180","746","0","46300","675","9187","36261","177","926","45448","92.6","0","50","1000","1997","3.994","53","4.841218999529074","0","38.9","3.6414141414141414","10","700","926"
"1477","BA","1000","2","0.1","50","0.1","0.5","1","platform","targeted","70","5","95","95","92.59660701721054","79.88409571807718","79.88409571807718","fixed","1","1","50","3045","7","50","23305929","v2.0-design-v1.0","100","100","0","7.314112291350532","true","99.514","9.597999999999999","50","0","1000","500","0","0","926","0","188","738","0","46300","723","9162","36243","172","926","45405","92.6","0","50","1000","1997","3.994","96","5.4805109250871755","0","45.2","3.577777777777778","10","700","926"
"1478","BA","1000","2","0.1","50","0.1","0.5","1","platform","targeted","70","5","95","95","92.59660701721054","79.88409571807718","79.88409571807718","fixed","1","1","50","3045","8","50","23305930","v2.0-design-v1.0","100","100","0","6.852508869741511","true","99.58","9.917999999999997","50","0","1000","500","0","0","926","0","193","733","0","46300","676","9189","36281","154","926","45470","92.6","0","50","1000","1997","3.994","96","5.7130204447912245","0","45.6","3.573737373737374","10","700","926"
"1479","BA","1000","2","0.1","50","0.1","0.5","1","platform","targeted","70","5","95","95","92.59660701721054","79.88409571807718","79.88409571807718","fixed","1","1","50","3045","9","50","23305931","v2.0-design-v1.0","100","100","0","6.856679176387058","true","99.53399999999999","10.264000000000008","50","0","1000","500","0","0","926","0","179","747","0","46300","676","9183","36273","168","926","45456","92.6","0","50","1000","1997","3.994","89","5.0787555323876","0","41.5","3.6151515151515152","10","700","926"
"1480","BA","1000","2","0.1","50","0.1","0.5","1","platform","targeted","70","5","95","95","92.59660701721054","79.88409571807718","79.88409571807718","fixed","1","1","50","3045","10","50","23305932","v2.0-design-v1.0","100","100","0","6.78359036387461","true","99.546","9.918","50","0","1000","500","0","0","926","0","186","740","0","46300","673","9248","36212","167","926","45460","92.6","0","50","1000","1997","3.994","77","4.9828498665716054","0","39.7","3.6333333333333333","10","700","926"
"1481","BA","1000","2","0.1","50","0.1","0.5","1","platform","targeted","70","5","95","95","92.59660701721054","79.88409571807718","79.88409571807718","fixed","1","1","50","3045","11","50","23305933","v2.0-design-v1.0","100","100","0","6.681605214911388","true","99.584","10.155999999999997","50","0","1000","500","0","0","926","0","180","746","0","46300","656","9162","36329","153","926","45491","92.6","0","50","1000","1997","3.994","92","5.181970360472618","0","42.6","3.604040404040404","10","700","926"
"1482","BA","1000","2","0.1","50","0.1","0.5","1","platform","targeted","70","5","95","95","92.59660701721054","79.88409571807718","79.88409571807718","fixed","1","1","50","3045","12","50","23305934","v2.0-design-v1.0","100","100","0","7.377299054974087","true","99.484","10.163999999999998","50","0","1000","500","0","0","926","0","192","734","0","46300","726","9115","36267","192","926","45382","92.6","0","50","1000","1997","3.994","76","4.807606169090498","0","39.1","3.639393939393939","10","700","926"
"1483","BA","1000","2","0.1","50","0.1","0.5","1","platform","targeted","70","5","95","95","92.59660701721054","79.88409571807718","79.88409571807718","fixed","1","1","50","3045","13","50","23305935","v2.0-design-v1.0","100","100","0","6.7354865085854465","true","99.58","10.106000000000002","50","0","1000","500","0","0","926","0","180","746","0","46300","659","9125","36366","150","926","45491","92.6","0","50","1000","1997","3.994","128","6.451944791424671","0","54.7","3.481818181818182","10","700","926"
"1484","BA","1000","2","0.1","50","0.1","0.5","1","platform","targeted","70","5","95","95","92.59660701721054","79.88409571807718","79.88409571807718","fixed","1","1","50","3045","14","50","23305936","v2.0-design-v1.0","100","100","0","6.927649108423857","true","99.52","10.154000000000002","50","0","1000","500","0","0","926","0","182","744","0","46300","676","9082","36376","166","926","45458","92.6","0","50","1000","1997","3.994","83","5.372227175466873","0","46.3","3.566666666666667","10","700","926"
"1485","BA","1000","2","0.1","50","0.1","0.5","1","platform","targeted","70","5","95","95","92.59660701721054","79.88409571807718","79.88409571807718","fixed","1","1","50","3045","15","50","23305937","v2.0-design-v1.0","100","100","0","7.120678948457876","true","99.478","10.12","50","0","1000","500","0","0","926","0","179","747","0","46300","688","8974","36443","195","926","45417","92.6","0","50","1000","1997","3.994","63","4.929732879808622","0","40.9","3.621212121212121","10","700","926"
"1486","BA","1000","2","0.1","50","0.1","0.5","1","platform","targeted","70","5","95","95","92.59660701721054","79.88409571807718","79.88409571807718","fixed","1","1","50","3045","16","50","23305938","v2.0-design-v1.0","100","100","0","6.9683979663044555","true","99.538","9.610000000000005","50","0","1000","500","0","0","926","0","199","727","0","46300","699","9332","36106","163","926","45438","92.6","0","50","1000","1997","3.994","101","5.470090116797511","0","44","3.5898989898989897","10","700","926"
"1487","BA","1000","2","0.1","50","0.1","0.5","1","platform","targeted","70","5","95","95","92.59660701721054","79.88409571807718","79.88409571807718","fixed","1","1","50","3045","17","50","23305939","v2.0-design-v1.0","100","99.9","0.09999999999999432","6.7354865085854465","true","99.59200000000001","10.300000000000004","50","0","999","500","0","0","926","0","177","749","0","46300","659","9125","36367","149","926","45492","92.6","0","50","1000","1997","3.994","109","5.869447539114275","0","45.7","3.5727272727272728","10","700","926"
"1488","BA","1000","2","0.1","50","0.1","0.5","1","platform","targeted","70","5","95","95","92.59660701721054","79.88409571807718","79.88409571807718","fixed","1","1","50","3045","18","50","23305940","v2.0-design-v1.0","100","99.9","0.09999999999999432","6.339385333198093","true","99.574","9.690000000000005","50","0","999","500","0","0","926","0","188","738","0","46300","625","9234","36288","153","926","45522","92.6","0","50","1000","1997","3.994","87","5.400474898481527","0","45.9","3.5707070707070705","10","700","926"
"1489","BA","1000","2","0.1","50","0.1","0.5","1","platform","targeted","70","5","95","95","92.59660701721054","79.88409571807718","79.88409571807718","fixed","1","1","50","3045","19","50","23305941","v2.0-design-v1.0","100","100","0","6.551758895272654","true","99.5","9.864000000000003","50","0","1000","500","0","0","926","0","191","735","0","46300","650","9271","36203","176","926","45474","92.6","0","50","1000","1997","3.994","94","5.257909243188735","0","42.4","3.606060606060606","10","700","926"
"1490","BA","1000","2","0.1","50","0.1","0.5","1","platform","targeted","70","5","95","95","92.59660701721054","79.88409571807718","79.88409571807718","fixed","1","1","50","3045","20","50","23305942","v2.0-design-v1.0","100","100","0","7.001614205004035","true","99.506","10.480000000000002","50","0","1000","500","0","0","926","0","213","713","0","46300","694","9218","36208","180","926","45426","92.6","0","50","1000","1997","3.994","68","4.5321633360355005","0","35.6","3.6747474747474747","10","700","926"
"1491","BA","1000","2","0.1","50","0.1","0.5","1","platform","targeted","70","5","95","95","92.59660701721054","79.88409571807718","79.88409571807718","fixed","1","1","50","3045","21","50","23305943","v2.0-design-v1.0","100","100","0","6.894785370351399","true","99.556","10.606000000000003","50","0","1000","500","0","0","926","0","192","734","0","46300","673","9088","36367","172","926","45455","92.6","0","50","1000","1997","3.994","123","5.468625958124196","0","38.8","3.6424242424242426","10","700","926"
"1492","BA","1000","2","0.1","50","0.1","0.5","1","platform","targeted","70","5","95","95","92.59660701721054","79.88409571807718","79.88409571807718","fixed","1","1","50","3045","22","50","23305944","v2.0-design-v1.0","100","100","0","6.814935727402571","true","99.544","10.324000000000002","50","0","1000","500","0","0","926","0","186","740","0","46300","668","9134","36341","157","926","45475","92.6","0","50","1000","1997","3.994","70","5.443123330551263","0","47.5","3.5545454545454547","10","700","926"
"1493","BA","1000","2","0.1","50","0.1","0.5","1","platform","targeted","70","5","95","95","92.59660701721054","79.88409571807718","79.88409571807718","fixed","1","1","50","3045","23","50","23305945","v2.0-design-v1.0","100","100","0","6.560574948665297","true","99.574","10.128000000000004","50","0","1000","500","0","0","926","0","185","741","0","46300","639","9101","36422","138","926","45523","92.6","0","50","1000","1997","3.994","122","5.752656521734719","0","43.5","3.594949494949495","10","700","926"
"1494","BA","1000","2","0.1","50","0.1","0.5","1","platform","targeted","70","5","95","95","92.59660701721054","79.88409571807718","79.88409571807718","fixed","1","1","50","3045","24","50","23305946","v2.0-design-v1.0","100","100","0","7.088788870703764","true","99.538","10.522","50","0","1000","500","0","0","926","0","190","736","0","46300","693","9083","36354","170","926","45437","92.6","0","50","1000","1997","3.994","106","5.398435616649236","0","43","3.6","10","700","926"
"1495","BA","1000","2","0.1","50","0.1","0.5","1","platform","targeted","70","5","95","95","92.59660701721054","79.88409571807718","79.88409571807718","fixed","1","1","50","3045","25","50","23305947","v2.0-design-v1.0","100","100","0","6.933279742765273","true","99.546","10.016000000000002","50","0","1000","500","0","0","926","0","186","740","0","46300","690","9262","36185","163","926","45447","92.6","0","50","1000","1997","3.994","111","6.021646305141524","0","45.7","3.5727272727272728","10","700","926"
"1496","BA","1000","2","0.1","50","0.1","0.5","1","platform","targeted","70","5","95","95","92.59660701721054","79.88409571807718","79.88409571807718","fixed","1","1","50","3045","26","50","23305948","v2.0-design-v1.0","100","100","0","6.8564432200795835","true","99.53","10.448","50","0","1000","500","0","0","926","0","178","748","0","46300","672","9129","36329","170","926","45458","92.6","0","50","1000","1997","3.994","122","6.1833808065004865","0","46.3","3.566666666666667","10","700","926"
"1497","BA","1000","2","0.1","50","0.1","0.5","1","platform","targeted","70","5","95","95","92.59660701721054","79.88409571807718","79.88409571807718","fixed","1","1","50","3045","27","50","23305949","v2.0-design-v1.0","100","100","0","7.517339861281109","true","99.45","9.838000000000006","50","0","1000","500","0","0","926","0","172","754","0","46300","737","9067","36286","210","926","45353","92.6","0","50","1000","1997","3.994","86","5.5258029731884575","0","46.3","3.566666666666667","10","700","926"
"1498","BA","1000","2","0.1","50","0.1","0.5","1","platform","targeted","70","5","95","95","92.59660701721054","79.88409571807718","79.88409571807718","fixed","1","1","50","3045","28","50","23305950","v2.0-design-v1.0","100","100","0","6.998084098013512","true","99.586","10.252","50","0","1000","500","0","0","926","0","170","756","0","46300","694","9223","36239","144","926","45462","92.6","0","50","1000","1997","3.994","76","5.205868329593538","0","43.6","3.5939393939393938","10","700","926"
"1499","BA","1000","2","0.1","50","0.1","0.5","1","platform","targeted","70","5","95","95","92.59660701721054","79.88409571807718","79.88409571807718","fixed","1","1","50","3045","29","50","23305951","v2.0-design-v1.0","100","100","0","7.280360434159329","true","99.45","9.870000000000003","50","0","1000","500","0","0","926","0","196","730","0","46300","711","9055","36333","201","926","45388","92.6","0","50","1000","1997","3.994","69","5.268939715514464","0","45.6","3.573737373737374","10","700","926"
"1500","BA","1000","2","0.1","50","0.1","0.5","1","platform","targeted","70","5","95","95","92.59660701721054","79.88409571807718","79.88409571807718","fixed","1","1","50","3045","30","50","23305952","v2.0-design-v1.0","100","100","0","6.650928872010674","true","99.572","9.937999999999999","50","0","1000","500","0","0","926","0","177","749","0","46300","648","9095","36402","155","926","45497","92.6","0","50","1000","1997","3.994","81","4.908569858732577","0","37","3.6606060606060606","10","700","926"
