"BehaviorSpace results (NetLogo 6.4.0)","Table version 2.0"
"/Users/linjingyu/Downloads/ABM_revision_v2.0/model/ABM_revision_v2.0.nlogo"
"p4_028_20260922T094920879208Z"
"09/22/2026 17:49:34:529 +0800"
"min-pxcor","max-pxcor","min-pycor","max-pycor"
"-16","16","-16","16"
"[run number]","network-type","num-nodes","ba-m","ws-rewire-prob","p0","beta0","amplification","super-ratio","treatment","targeting-mode","legal-strength","legal-response-time","legal-tpr","legal-tnr","platform-speed","platform-tpr","platform-tnr","platform-workload-mode","demand-kappa","lambda-weight","max-ticks","condition-id","replicate-id","[step]","run-seed","model-version","effectiveness","over-removal-rate","net-effectiveness","removal-precision","precision-defined?","mean-effectiveness","mean-net-effectiveness","observation-count","current-pollution-rate","count-wrongly-removed","initial-polluted-count","pollution-count","polluted-pre-review","step-reviews","step-tp","step-fp","step-tn","step-fn","cumulative-reviews","cumulative-tp","cumulative-fp","cumulative-tn","cumulative-fn","step-clean-reviews","cumulative-clean-reviews","actual-review-coverage","legal-action-opportunities","active-review-steps","network-node-count","network-edge-count","mean-degree","max-degree","degree-sd","count-isolates","mean-super-degree","mean-ordinary-degree","count-super-spreaders","legal-load","audit-load"
"1","BA","1000","2","0.1","50","0.1","0.5","1","legal","targeted","11.039067346220818","5","98.42446729701024","98.42446729701024","75","80","80","fixed","1","1","50","1546","1","50","21806923","v2.0-design-v1.0","0","0.1","-0.1","99.90448901623687","true","8.298000000000002","8.198","50","100","1","500","1000","1000","0","0","0","0","0","1100","1046","1","40","13","0","41","0","10","10","1000","1997","3.994","106","5.243038570662373","0","40.6","3.624242424242424","10","110","750"
"2","BA","1000","2","0.1","50","0.1","0.5","1","legal","targeted","11.039067346220818","5","98.42446729701024","98.42446729701024","75","80","80","fixed","1","1","50","1546","2","50","21806924","v2.0-design-v1.0","0.4000000000000057","0.1","0.3000000000000057","99.90310077519379","true","8.512000000000002","8.411999999999999","50","99.6","1","500","996","996","0","0","0","0","0","1100","1031","1","44","24","0","45","0","10","10","1000","1997","3.994","75","4.964938530799198","0","41.3","3.617171717171717","10","110","750"
"3","BA","1000","2","0.1","50","0.1","0.5","1","legal","targeted","11.039067346220818","5","98.42446729701024","98.42446729701024","75","80","80","fixed","1","1","50","1546","3","50","21806925","v2.0-design-v1.0","0.5999999999999943","0","0.5999999999999943","100","true","8.84","8.84","50","99.4","0","500","994","994","0","0","0","0","0","1100","1037","0","51","12","0","51","0","10","10","1000","1997","3.994","72","5.290742476813237","0","45","3.5797979797979798","10","110","750"
"4","BA","1000","2","0.1","50","0.1","0.5","1","legal","targeted","11.039067346220818","5","98.42446729701024","98.42446729701024","75","80","80","fixed","1","1","50","1546","4","50","21806926","v2.0-design-v1.0","0.20000000000000284","0","0.20000000000000284","100","true","8.612000000000005","8.612000000000005","50","99.8","0","500","998","998","0","0","0","0","0","1100","1046","0","44","10","0","44","0","10","10","1000","1997","3.994","73","4.886086147197751","0","39.1","3.639393939393939","10","110","750"
"6","BA","1000","2","0.1","50","0.1","0.5","1","legal","targeted","11.039067346220818","5","98.42446729701024","98.42446729701024","75","80","80","fixed","1","1","50","1546","6","50","21806928","v2.0-design-v1.0","0","0.3","-0.3","99.70674486803519","true","8.538000000000002","8.248000000000001","50","100","3","500","1000","1000","0","0","0","0","0","1100","1020","3","57","20","0","60","0","10","10","1000","1997","3.994","98","5.057028528448053","0","39.9","3.6313131313131315","10","110","750"
"5","BA","1000","2","0.1","50","0.1","0.5","1","legal","targeted","11.039067346220818","5","98.42446729701024","98.42446729701024","75","80","80","fixed","1","1","50","1546","5","50","21806927","v2.0-design-v1.0","0.5","0.2","0.3","99.80970504281636","true","8.704000000000002","8.514000000000005","50","99.5","2","500","995","995","0","0","0","0","0","1100","1049","2","37","12","0","39","0","10","10","1000","1997","3.994","68","5.001497673595272","0","44","3.5898989898989897","10","110","750"
"7","BA","1000","2","0.1","50","0.1","0.5","1","legal","targeted","11.039067346220818","5","98.42446729701024","98.42446729701024","75","80","80","fixed","1","1","50","1546","7","50","21806929","v2.0-design-v1.0","0.09999999999999432","0.1","-5.689893001203927E-15","99.9034749034749","true","8.404000000000002","8.374000000000002","50","99.9","1","500","999","999","0","0","0","0","0","1100","1035","1","48","16","0","49","0","10","10","1000","1997","3.994","145","6.044874233969204","0","44","3.5898989898989897","10","110","750"
"9","BA","1000","2","0.1","50","0.1","0.5","1","legal","targeted","11.039067346220818","5","98.42446729701024","98.42446729701024","75","80","80","fixed","1","1","50","1546","9","50","21806931","v2.0-design-v1.0","0.09999999999999432","0","0.09999999999999432","100","true","8.340000000000002","8.340000000000002","50","99.9","0","500","999","999","0","0","0","0","0","1100","1027","0","51","22","0","51","0","10","10","1000","1997","3.994","94","5.264758463755157","0","44","3.5898989898989897","10","110","750"
"8","BA","1000","2","0.1","50","0.1","0.5","1","legal","targeted","11.039067346220818","5","98.42446729701024","98.42446729701024","75","80","80","fixed","1","1","50","1546","8","50","21806930","v2.0-design-v1.0","0.20000000000000284","0","0.20000000000000284","100","true","8.631999999999998","8.631999999999998","50","99.8","0","500","998","998","0","0","0","0","0","1100","1043","0","41","16","0","41","0","10","10","1000","1997","3.994","51","4.789875458392086","0","39.3","3.6373737373737374","10","110","750"
"10","BA","1000","2","0.1","50","0.1","0.5","1","legal","targeted","11.039067346220818","5","98.42446729701024","98.42446729701024","75","80","80","fixed","1","1","50","1546","10","50","21806932","v2.0-design-v1.0","0.4000000000000057","0.2","0.20000000000000567","99.80713596914175","true","9.158000000000001","9.028","50","99.6","2","500","996","996","0","0","0","0","0","1100","1035","2","43","20","0","45","0","10","10","1000","1997","3.994","92","5.362155976537477","0","44.8","3.581818181818182","10","110","750"
"11","BA","1000","2","0.1","50","0.1","0.5","1","legal","targeted","11.039067346220818","5","98.42446729701024","98.42446729701024","75","80","80","fixed","1","1","50","1546","11","50","21806933","v2.0-design-v1.0","0.09999999999999432","0.1","-5.689893001203927E-15","99.8076923076923","true","8.726000000000008","8.666000000000002","50","99.9","1","500","999","999","0","0","0","0","0","1100","1038","2","40","20","0","42","0","10","10","1000","1997","3.994","61","5.000697048509421","0","42.9","3.601010101010101","10","110","750"
"12","BA","1000","2","0.1","50","0.1","0.5","1","legal","targeted","11.039067346220818","5","98.42446729701024","98.42446729701024","75","80","80","fixed","1","1","50","1546","12","50","21806934","v2.0-design-v1.0","0.29999999999999716","0","0.29999999999999716","100","true","8.872000000000002","8.872000000000002","50","99.7","0","500","997","997","0","0","0","0","0","1100","1037","0","50","13","0","50","0","10","10","1000","1997","3.994","64","5.142218043452293","0","43.6","3.5939393939393938","10","110","750"
"13","BA","1000","2","0.1","50","0.1","0.5","1","legal","targeted","11.039067346220818","5","98.42446729701024","98.42446729701024","75","80","80","fixed","1","1","50","1546","13","50","21806935","v2.0-design-v1.0","0.09999999999999432","0.1","-5.689893001203927E-15","99.90366088631984","true","8.463999999999999","8.363999999999999","50","99.9","1","500","999","999","0","0","0","0","0","1100","1037","1","47","15","0","48","0","10","10","1000","1997","3.994","83","5.324313318383152","0","43.2","3.597979797979798","10","110","750"
"14","BA","1000","2","0.1","50","0.1","0.5","1","legal","targeted","11.039067346220818","5","98.42446729701024","98.42446729701024","75","80","80","fixed","1","1","50","1546","14","50","21806936","v2.0-design-v1.0","0.09999999999999432","0","0.09999999999999432","100","true","8.724","8.724","50","99.9","0","500","999","999","0","0","0","0","0","1100","1025","0","60","15","0","60","0","10","10","1000","1997","3.994","77","5.306045431215043","0","45.8","3.5717171717171716","10","110","750"
"16","BA","1000","2","0.1","50","0.1","0.5","1","legal","targeted","11.039067346220818","5","98.42446729701024","98.42446729701024","75","80","80","fixed","1","1","50","1546","16","50","21806938","v2.0-design-v1.0","0.5999999999999943","0","0.5999999999999943","100","true","8.340000000000002","8.340000000000002","50","99.4","0","500","994","994","0","0","0","0","0","1100","1030","0","56","14","0","56","0","10","10","1000","1997","3.994","98","5.544430061305184","0","47","3.5595959595959594","10","110","750"
"15","BA","1000","2","0.1","50","0.1","0.5","1","legal","targeted","11.039067346220818","5","98.42446729701024","98.42446729701024","75","80","80","fixed","1","1","50","1546","15","50","21806937","v2.0-design-v1.0","0.20000000000000284","0.1","0.10000000000000284","99.90366088631984","true","8.840000000000002","8.739999999999998","50","99.8","1","500","998","998","0","0","0","0","0","1100","1037","1","45","17","0","46","0","10","10","1000","1997","3.994","73","5.238454486335196","0","45.3","3.576767676767677","10","110","750"
"17","BA","1000","2","0.1","50","0.1","0.5","1","legal","targeted","11.039067346220818","5","98.42446729701024","98.42446729701024","75","80","80","fixed","1","1","50","1546","17","50","21806939","v2.0-design-v1.0","0.20000000000000284","0","0.20000000000000284","100","true","9.008000000000003","9.008000000000003","50","99.8","0","500","998","998","0","0","0","0","0","1100","1045","0","37","18","0","37","0","10","10","1000","1997","3.994","97","5.358047468310874","0","42.7","3.603030303030303","10","110","750"
"18","BA","1000","2","0.1","50","0.1","0.5","1","legal","targeted","11.039067346220818","5","98.42446729701024","98.42446729701024","75","80","80","fixed","1","1","50","1546","18","50","21806940","v2.0-design-v1.0","0.4000000000000057","0.1","0.3000000000000057","99.90439770554494","true","8.716000000000001","8.616000000000003","50","99.6","1","500","996","996","0","0","0","0","0","1100","1045","1","34","20","0","35","0","10","10","1000","1997","3.994","86","5.1910414090922865","0","43.2","3.597979797979798","10","110","750"
"19","BA","1000","2","0.1","50","0.1","0.5","1","legal","targeted","11.039067346220818","5","98.42446729701024","98.42446729701024","75","80","80","fixed","1","1","50","1546","19","50","21806941","v2.0-design-v1.0","0.29999999999999716","0.2","0.09999999999999715","99.80916030534351","true","8.374","8.174000000000003","50","99.7","2","500","997","997","0","0","0","0","0","1100","1046","2","35","17","0","37","0","10","10","1000","1997","3.994","91","5.822358960409766","0","50","3.529292929292929","10","110","750"
"20","BA","1000","2","0.1","50","0.1","0.5","1","legal","targeted","11.039067346220818","5","98.42446729701024","98.42446729701024","75","80","80","fixed","1","1","50","1546","20","50","21806942","v2.0-design-v1.0","0.20000000000000284","0.1","0.10000000000000284","99.90328820116055","true","8.606000000000003","8.505999999999998","50","99.8","1","500","998","998","0","0","0","0","0","1100","1033","1","48","18","0","49","0","10","10","1000","1997","3.994","93","5.403254496982268","0","44.5","3.584848484848485","10","110","750"
"21","BA","1000","2","0.1","50","0.1","0.5","1","legal","targeted","11.039067346220818","5","98.42446729701024","98.42446729701024","75","80","80","fixed","1","1","50","1546","21","50","21806943","v2.0-design-v1.0","0.29999999999999716","0","0.29999999999999716","100","true","8.942000000000002","8.942000000000002","50","99.7","0","500","997","997","0","0","0","0","0","1100","1060","0","26","14","0","26","0","10","10","1000","1997","3.994","84","5.494738952503209","0","47.8","3.5515151515151517","10","110","750"
"22","BA","1000","2","0.1","50","0.1","0.5","1","legal","targeted","11.039067346220818","5","98.42446729701024","98.42446729701024","75","80","80","fixed","1","1","50","1546","22","50","21806944","v2.0-design-v1.0","0.5","0","0.5","100","true","8.558","8.558","50","99.5","0","500","995","995","0","0","0","0","0","1100","1039","0","41","20","0","41","0","10","10","1000","1997","3.994","95","5.437971637985567","0","44.7","3.5828282828282827","10","110","750"
"23","BA","1000","2","0.1","50","0.1","0.5","1","legal","targeted","11.039067346220818","5","98.42446729701024","98.42446729701024","75","80","80","fixed","1","1","50","1546","23","50","21806945","v2.0-design-v1.0","1","0.2","0.8","99.8062015503876","true","8.91","8.710000000000003","50","99","2","500","990","990","0","0","0","0","0","1100","1030","2","58","10","0","60","0","10","10","1000","1997","3.994","69","4.881166847157518","0","40.6","3.624242424242424","10","110","750"
"24","BA","1000","2","0.1","50","0.1","0.5","1","legal","targeted","11.039067346220818","5","98.42446729701024","98.42446729701024","75","80","80","fixed","1","1","50","1546","24","50","21806946","v2.0-design-v1.0","0.20000000000000284","0.1","0.10000000000000284","99.90366088631984","true","8.571999999999997","8.472000000000001","50","99.8","1","500","998","998","0","0","0","0","0","1100","1037","1","41","21","0","42","0","10","10","1000","1997","3.994","97","5.39899186081189","0","44.1","3.588888888888889","10","110","750"
"26","BA","1000","2","0.1","50","0.1","0.5","1","legal","targeted","11.039067346220818","5","98.42446729701024","98.42446729701024","75","80","80","fixed","1","1","50","1546","26","50","21806948","v2.0-design-v1.0","0.4000000000000057","0.1","0.3000000000000057","99.90403071017275","true","8.806000000000001","8.726","50","99.6","1","500","996","996","0","0","0","0","0","1100","1041","1","44","14","0","45","0","10","10","1000","1997","3.994","100","5.5500240329900095","0","45","3.5797979797979798","10","110","750"
"25","BA","1000","2","0.1","50","0.1","0.5","1","legal","targeted","11.039067346220818","5","98.42446729701024","98.42446729701024","75","80","80","fixed","1","1","50","1546","25","50","21806947","v2.0-design-v1.0","0.09999999999999432","0","0.09999999999999432","100","true","9.146000000000004","9.146000000000004","50","99.9","0","500","999","999","0","0","0","0","0","1100","1038","0","47","15","0","47","0","10","10","1000","1997","3.994","69","4.972593959966029","0","40.7","3.6232323232323234","10","110","750"
"28","BA","1000","2","0.1","50","0.1","0.5","1","legal","targeted","11.039067346220818","5","98.42446729701024","98.42446729701024","75","80","80","fixed","1","1","50","1546","28","50","21806950","v2.0-design-v1.0","0.29999999999999716","0.2","0.09999999999999715","99.80916030534351","true","9.054","8.874000000000002","50","99.7","2","500","997","997","0","0","0","0","0","1100","1046","2","36","16","0","38","0","10","10","1000","1997","3.994","69","5.198748983264232","0","44.8","3.581818181818182","10","110","750"
"27","BA","1000","2","0.1","50","0.1","0.5","1","legal","targeted","11.039067346220818","5","98.42446729701024","98.42446729701024","75","80","80","fixed","1","1","50","1546","27","50","21806949","v2.0-design-v1.0","0.29999999999999716","0.3","-2.831068712794149E-15","99.71209213051824","true","8.972000000000005","8.692000000000004","50","99.7","3","500","997","997","0","0","0","0","0","1100","1039","3","43","15","0","46","0","10","10","1000","1997","3.994","101","5.761350289398926","0","45.3","3.576767676767677","10","110","750"
"29","BA","1000","2","0.1","50","0.1","0.5","1","legal","targeted","11.039067346220818","5","98.42446729701024","98.42446729701024","75","80","80","fixed","1","1","50","1546","29","50","21806951","v2.0-design-v1.0","0.5","0","0.5","100","true","8.484000000000004","8.484000000000004","50","99.5","0","500","995","995","0","0","0","0","0","1100","1046","0","40","14","0","40","0","10","10","1000","1997","3.994","84","5.022468435857916","0","39.7","3.6333333333333333","10","110","750"
"30","BA","1000","2","0.1","50","0.1","0.5","1","legal","targeted","11.039067346220818","5","98.42446729701024","98.42446729701024","75","80","80","fixed","1","1","50","1546","30","50","21806952","v2.0-design-v1.0","0.20000000000000284","0.1","0.10000000000000284","99.90338164251207","true","8.959999999999997","8.880000000000003","50","99.8","1","500","998","998","0","0","0","0","0","1100","1034","1","49","16","0","50","0","10","10","1000","1997","3.994","91","5.550565085896449","0","45.7","3.5727272727272728","10","110","750"
"32","BA","1000","2","0.1","50","0.1","0.5","1","legal","targeted","74.22643034680382","12","88.01750956937535","88.01750956937535","75","80","80","fixed","1","1","50","1547","2","50","21807924","v2.0-design-v1.0","61.199999999999996","6.2","54.99999999999999","97.80971937029432","true","34.78999999999999","29.573999999999998","50","38.800000000000004","62","500","388","388","0","0","0","0","0","3710","2858","64","388","400","0","452","0","5","5","1000","1997","3.994","86","5.512563138173771","0","46.9","3.5606060606060606","10","742","750"
"31","BA","1000","2","0.1","50","0.1","0.5","1","legal","targeted","74.22643034680382","12","88.01750956937535","88.01750956937535","75","80","80","fixed","1","1","50","1547","1","50","21807923","v2.0-design-v1.0","61.3","5.800000000000001","55.5","97.93850454227812","true","36.05999999999999","31.435999999999993","50","38.7","58","500","387","387","0","0","0","0","0","3710","2803","59","465","383","0","524","0","5","5","1000","1997","3.994","67","5.062567885331857","0","42.9","3.601010101010101","10","742","750"
"34","BA","1000","2","0.1","50","0.1","0.5","1","legal","targeted","74.22643034680382","12","88.01750956937535","88.01750956937535","75","80","80","fixed","1","1","50","1547","4","50","21807926","v2.0-design-v1.0","60","5.4","54.6","98.00140252454418","true","35.876000000000005","31.892000000000003","50","40","54","500","400","400","0","0","0","0","0","3710","2795","57","444","414","0","501","0","5","5","1000","1997","3.994","133","5.905492260501163","0","45.4","3.5757575757575757","10","742","750"
"33","BA","1000","2","0.1","50","0.1","0.5","1","legal","targeted","74.22643034680382","12","88.01750956937535","88.01750956937535","75","80","80","fixed","1","1","50","1547","3","50","21807925","v2.0-design-v1.0","61.6","5.2","56.4","98.15972222222223","true","35.36600000000001","31.558000000000003","50","38.4","52","500","384","384","0","0","0","0","0","3710","2827","53","424","406","0","477","0","5","5","1000","1997","3.994","71","5.421748736280506","0","46.2","3.5676767676767676","10","742","750"
"35","BA","1000","2","0.1","50","0.1","0.5","1","legal","targeted","74.22643034680382","12","88.01750956937535","88.01750956937535","75","80","80","fixed","1","1","50","1547","5","50","21807927","v2.0-design-v1.0","62","7.5","54.5","97.41735537190083","true","36.028000000000006","30.543999999999983","50","38","75","500","380","380","0","0","0","0","0","3710","2829","75","421","385","0","496","0","5","5","1000","1997","3.994","96","5.699688627499785","0","47.6","3.5535353535353535","10","742","750"
"37","BA","1000","2","0.1","50","0.1","0.5","1","legal","targeted","74.22643034680382","12","88.01750956937535","88.01750956937535","75","80","80","fixed","1","1","50","1547","7","50","21807929","v2.0-design-v1.0","59.5","4.6","54.9","98.41050449205252","true","37.588","33.78000000000001","50","40.5","46","500","405","405","0","0","0","0","0","3710","2848","46","449","367","0","495","0","5","5","1000","1997","3.994","53","4.930545028115468","0","40.2","3.628282828282828","10","742","750"
"36","BA","1000","2","0.1","50","0.1","0.5","1","legal","targeted","74.22643034680382","12","88.01750956937535","88.01750956937535","75","80","80","fixed","1","1","50","1547","6","50","21807928","v2.0-design-v1.0","62.9","5.6000000000000005","57.3","98.0736154110767","true","35.34","31.06","50","37.1","56","500","371","371","0","0","0","0","0","3710","2851","56","427","376","0","483","0","5","5","1000","1997","3.994","71","4.715952099439102","0","36.9","3.6616161616161618","10","742","750"
"38","BA","1000","2","0.1","50","0.1","0.5","1","legal","targeted","74.22643034680382","12","88.01750956937535","88.01750956937535","75","80","80","fixed","1","1","50","1547","8","50","21807930","v2.0-design-v1.0","62.6","4.9","57.7","98.29979181124219","true","35.95399999999999","32.42200000000001","50","37.4","49","500","374","374","0","0","0","0","0","3710","2833","49","433","395","0","482","0","5","5","1000","1997","3.994","114","5.640725288629267","0","43","3.6","10","742","750"
"39","BA","1000","2","0.1","50","0.1","0.5","1","legal","targeted","74.22643034680382","12","88.01750956937535","88.01750956937535","75","80","80","fixed","1","1","50","1547","9","50","21807931","v2.0-design-v1.0","61.8","5.5","56.3","98.07427785419533","true","35.986","31.757999999999996","50","38.2","55","500","382","382","0","0","0","0","0","3710","2852","56","421","381","0","477","0","5","5","1000","1997","3.994","70","5.277861292211058","0","45.6","3.573737373737374","10","742","750"
"40","BA","1000","2","0.1","50","0.1","0.5","1","legal","targeted","74.22643034680382","12","88.01750956937535","88.01750956937535","75","80","80","fixed","1","1","50","1547","10","50","21807932","v2.0-design-v1.0","59.699999999999996","5.1","54.599999999999994","98.11715481171548","true","36.454000000000015","32.577999999999996","50","40.300000000000004","51","500","403","403","0","0","0","0","0","3710","2814","54","433","409","0","487","0","5","5","1000","1997","3.994","129","5.921235092869166","0","45.3","3.576767676767677","10","742","750"
"42","BA","1000","2","0.1","50","0.1","0.5","1","legal","targeted","74.22643034680382","12","88.01750956937535","88.01750956937535","75","80","80","fixed","1","1","50","1547","12","50","21807934","v2.0-design-v1.0","61.199999999999996","6.1","55.099999999999994","97.81174018756512","true","36.269999999999996","31.634","50","38.800000000000004","61","500","388","388","0","0","0","0","0","3710","2816","63","415","416","0","478","0","5","5","1000","1997","3.994","74","4.962921981513964","0","41.5","3.6151515151515152","10","742","750"
"43","BA","1000","2","0.1","50","0.1","0.5","1","legal","targeted","74.22643034680382","12","88.01750956937535","88.01750956937535","75","80","80","fixed","1","1","50","1547","13","50","21807935","v2.0-design-v1.0","63.800000000000004","6.2","57.6","97.79005524861878","true","36.675999999999995","31.916000000000007","50","36.199999999999996","62","500","362","362","0","0","0","0","0","3710","2832","64","434","380","0","498","0","5","5","1000","1997","3.994","79","5.274066721210466","0","45.2","3.577777777777778","10","742","750"
"41","BA","1000","2","0.1","50","0.1","0.5","1","legal","targeted","74.22643034680382","12","88.01750956937535","88.01750956937535","75","80","80","fixed","1","1","50","1547","11","50","21807933","v2.0-design-v1.0","59.9","6.1","53.8","97.85689595575528","true","36.709999999999994","31.88200000000001","50","40.1","61","500","401","401","0","0","0","0","0","3710","2831","62","461","356","0","523","0","5","5","1000","1997","3.994","88","5.355805135425352","0","46","3.56969696969697","10","742","750"
"45","BA","1000","2","0.1","50","0.1","0.5","1","legal","targeted","74.22643034680382","12","88.01750956937535","88.01750956937535","75","80","80","fixed","1","1","50","1547","15","50","21807937","v2.0-design-v1.0","63.1","6","57.1","97.88414845646895","true","36.046","31.702","50","36.9","60","500","369","369","0","0","0","0","0","3710","2822","61","452","375","0","513","0","5","5","1000","1997","3.994","72","5.093712782431865","0","41.5","3.6151515151515152","10","742","750"
"44","BA","1000","2","0.1","50","0.1","0.5","1","legal","targeted","74.22643034680382","12","88.01750956937535","88.01750956937535","75","80","80","fixed","1","1","50","1547","14","50","21807936","v2.0-design-v1.0","60.9","5.800000000000001","55.099999999999994","97.93530626290433","true","36.01400000000002","31.438","50","39.1","58","500","391","391","0","0","0","0","0","3710","2846","60","412","392","0","472","0","5","5","1000","1997","3.994","54","4.822158978841024","0","39.4","3.6363636363636362","10","742","750"
"46","BA","1000","2","0.1","50","0.1","0.5","1","legal","targeted","74.22643034680382","12","88.01750956937535","88.01750956937535","75","80","80","fixed","1","1","50","1547","16","50","21807938","v2.0-design-v1.0","60.8","5","55.8","98.20874956941095","true","36.45399999999999","32.36600000000001","50","39.2","50","500","392","392","0","0","0","0","0","3710","2851","52","419","388","0","471","0","5","5","1000","1997","3.994","100","5.0779670882893315","0","40.1","3.6292929292929292","10","742","750"
"47","BA","1000","2","0.1","50","0.1","0.5","1","legal","targeted","74.22643034680382","12","88.01750956937535","88.01750956937535","75","80","80","fixed","1","1","50","1547","17","50","21807939","v2.0-design-v1.0","61","6.9","54.1","97.55256807997242","true","37.410000000000004","32.286","50","39","69","500","390","390","0","0","0","0","0","3710","2830","71","431","378","0","502","0","5","5","1000","1997","3.994","75","5.068891166483804","0","42.2","3.608080808080808","10","742","750"
"48","BA","1000","2","0.1","50","0.1","0.5","1","legal","targeted","74.22643034680382","12","88.01750956937535","88.01750956937535","75","80","80","fixed","1","1","50","1547","18","50","21807940","v2.0-design-v1.0","59.2","5.4","53.800000000000004","98.13407049067035","true","35.071999999999996","30.44","50","40.8","54","500","408","408","0","0","0","0","0","3710","2840","54","397","419","0","451","0","5","5","1000","1997","3.994","61","5.11038942548217","0","44.4","3.585858585858586","10","742","750"
"50","BA","1000","2","0.1","50","0.1","0.5","1","legal","targeted","74.22643034680382","12","88.01750956937535","88.01750956937535","75","80","80","fixed","1","1","50","1547","20","50","21807942","v2.0-design-v1.0","59.8","5.4","54.4","98.04810038340885","true","37.464","33.432","50","40.2","54","500","402","402","0","0","0","0","0","3710","2813","56","472","369","0","528","0","5","5","1000","1997","3.994","62","4.623563705772988","0","37.7","3.6535353535353536","10","742","750"
"49","BA","1000","2","0.1","50","0.1","0.5","1","legal","targeted","74.22643034680382","12","88.01750956937535","88.01750956937535","75","80","80","fixed","1","1","50","1547","19","50","21807941","v2.0-design-v1.0","63.5","4.9","58.6","98.24922760041194","true","35.809999999999995","31.678","50","36.5","49","500","365","365","0","0","0","0","0","3710","2862","51","425","372","0","476","0","5","5","1000","1997","3.994","94","5.385997862325321","0","44","3.5898989898989897","10","742","750"
"52","BA","1000","2","0.1","50","0.1","0.5","1","legal","targeted","74.22643034680382","12","88.01750956937535","88.01750956937535","75","80","80","fixed","1","1","50","1547","22","50","21807944","v2.0-design-v1.0","63","4.8","58.2","98.30508474576271","true","35.478","31.829999999999995","50","37","48","500","370","370","0","0","0","0","0","3710","2842","49","435","384","0","484","0","5","5","1000","1997","3.994","111","5.674695248748261","0","44.5","3.584848484848485","10","742","750"
"51","BA","1000","2","0.1","50","0.1","0.5","1","legal","targeted","74.22643034680382","12","88.01750956937535","88.01750956937535","75","80","80","fixed","1","1","50","1547","21","50","21807943","v2.0-design-v1.0","62","3.5999999999999996","58.4","98.75776397515527","true","36.58599999999999","33.75400000000001","50","38","36","500","380","380","0","0","0","0","0","3710","2862","36","439","373","0","475","0","5","5","1000","1997","3.994","93","5.742380946866794","0","48.4","3.5454545454545454","10","742","750"
"53","BA","1000","2","0.1","50","0.1","0.5","1","legal","targeted","74.22643034680382","12","88.01750956937535","88.01750956937535","75","80","80","fixed","1","1","50","1547","23","50","21807945","v2.0-design-v1.0","60.8","5.4","55.4","98.11061490896599","true","35.83","31.846000000000004","50","39.2","54","500","392","392","0","0","0","0","0","3710","2856","55","419","380","0","474","0","5","5","1000","1997","3.994","80","5.042756527276852","0","39.3","3.6373737373737374","10","742","750"
"54","BA","1000","2","0.1","50","0.1","0.5","1","legal","targeted","74.22643034680382","12","88.01750956937535","88.01750956937535","75","80","80","fixed","1","1","50","1547","24","50","21807946","v2.0-design-v1.0","61","5.2","55.8","98.21121431028553","true","35.19799999999999","31.22199999999999","50","39","52","500","390","390","0","0","0","0","0","3710","2855","52","418","385","0","470","0","5","5","1000","1997","3.994","74","5.513652542948662","0","47.1","3.5585858585858587","10","742","750"
"55","BA","1000","2","0.1","50","0.1","0.5","1","legal","targeted","74.22643034680382","12","88.01750956937535","88.01750956937535","75","80","80","fixed","1","1","50","1547","25","50","21807947","v2.0-design-v1.0","63.3","6.4","56.9","97.66242695084222","true","37.258","32.00999999999999","50","36.7","64","500","367","367","0","0","0","0","0","3710","2841","68","413","388","0","481","0","5","5","1000","1997","3.994","71","5.0514830972182185","0","40.5","3.625252525252525","10","742","750"
"56","BA","1000","2","0.1","50","0.1","0.5","1","legal","targeted","74.22643034680382","12","88.01750956937535","88.01750956937535","75","80","80","fixed","1","1","50","1547","26","50","21807948","v2.0-design-v1.0","62.1","5.1","57","98.20131442407471","true","35.757999999999996","31.641999999999992","50","37.9","51","500","379","379","0","0","0","0","0","3710","2839","52","450","369","0","502","0","5","5","1000","1997","3.994","56","4.644085650753167","0","37.7","3.6535353535353536","10","742","750"
"57","BA","1000","2","0.1","50","0.1","0.5","1","legal","targeted","74.22643034680382","12","88.01750956937535","88.01750956937535","75","80","80","fixed","1","1","50","1547","27","50","21807949","v2.0-design-v1.0","62.4","5.4","57","98.09556786703601","true","36.926","32.534000000000006","50","37.6","54","500","376","376","0","0","0","0","0","3710","2833","55","444","378","0","499","0","5","5","1000","1997","3.994","88","5.404736365002006","0","45.4","3.5757575757575757","10","742","750"
"58","BA","1000","2","0.1","50","0.1","0.5","1","legal","targeted","74.22643034680382","12","88.01750956937535","88.01750956937535","75","80","80","fixed","1","1","50","1547","28","50","21807950","v2.0-design-v1.0","62.3","6.3","56","97.75988799439972","true","35.376","30.348000000000003","50","37.7","63","500","377","377","0","0","0","0","0","3710","2793","64","429","424","0","493","0","5","5","1000","1997","3.994","96","4.979634601128948","0","37.9","3.6515151515151514","10","742","750"
"59","BA","1000","2","0.1","50","0.1","0.5","1","legal","targeted","74.22643034680382","12","88.01750956937535","88.01750956937535","75","80","80","fixed","1","1","50","1547","29","50","21807951","v2.0-design-v1.0","63.6","6.800000000000001","56.8","97.63374485596708","true","36.31","30.901999999999994","50","36.4","68","500","364","364","0","0","0","0","0","3710","2847","69","426","368","0","495","0","5","5","1000","1997","3.994","75","4.979433578104909","0","41.5","3.6151515151515152","10","742","750"
"60","BA","1000","2","0.1","50","0.1","0.5","1","legal","targeted","74.22643034680382","12","88.01750956937535","88.01750956937535","75","80","80","fixed","1","1","50","1547","30","50","21807952","v2.0-design-v1.0","62.3","5.1","57.199999999999996","98.12173913043478","true","35.854","31.930000000000003","50","37.7","51","500","377","377","0","0","0","0","0","3710","2821","54","458","377","0","512","0","5","5","1000","1997","3.994","81","5.359915362456076","0","44.7","3.5828282828282827","10","742","750"
"62","BA","1000","2","0.1","50","0.1","0.5","1","legal","targeted","27.454132023040685","6","86.03819976370288","86.03819976370288","75","80","80","fixed","1","1","50","1548","2","50","21808924","v2.0-design-v1.0","14.400000000000006","3.4000000000000004","11.000000000000005","98.09523809523809","true","16.312","13.704000000000006","50","85.6","34","500","856","856","0","0","0","0","0","2475","1957","38","181","299","0","219","0","9","9","1000","1997","3.994","110","5.48981803907033","0","42.9","3.601010101010101","10","275","750"
"61","BA","1000","2","0.1","50","0.1","0.5","1","legal","targeted","27.454132023040685","6","86.03819976370288","86.03819976370288","75","80","80","fixed","1","1","50","1548","1","50","21808923","v2.0-design-v1.0","15.900000000000006","2.5","13.400000000000006","98.70064967516242","true","16.264000000000003","14.484000000000002","50","84.1","25","500","841","841","0","0","0","0","0","2475","1975","26","175","299","0","201","0","9","9","1000","1997","3.994","73","4.846798474813592","0","38.5","3.6454545454545455","10","275","750"
"63","BA","1000","2","0.1","50","0.1","0.5","1","legal","targeted","27.454132023040685","6","86.03819976370288","86.03819976370288","75","80","80","fixed","1","1","50","1548","3","50","21808925","v2.0-design-v1.0","14.799999999999997","2.1999999999999997","12.599999999999998","98.82951653944019","true","16.066000000000003","14.214","50","85.2","22","500","852","852","0","0","0","0","0","2475","1942","23","157","353","0","180","0","9","9","1000","1997","3.994","70","4.8023980496234335","0","40.2","3.628282828282828","10","275","750"
"65","BA","1000","2","0.1","50","0.1","0.5","1","legal","targeted","27.454132023040685","6","86.03819976370288","86.03819976370288","75","80","80","fixed","1","1","50","1548","5","50","21808927","v2.0-design-v1.0","15.400000000000006","3","12.400000000000006","98.35981547924142","true","16.625999999999998","14.514","50","84.6","30","500","846","846","0","0","0","0","0","2475","1919","32","209","315","0","241","0","9","9","1000","1997","3.994","59","4.8362540621180425","0","41.5","3.6151515151515152","10","275","750"
"64","BA","1000","2","0.1","50","0.1","0.5","1","legal","targeted","27.454132023040685","6","86.03819976370288","86.03819976370288","75","80","80","fixed","1","1","50","1548","4","50","21808926","v2.0-design-v1.0","14.700000000000003","3.5999999999999996","11.100000000000003","98.11128126595202","true","15.811999999999998","12.956","50","85.3","36","500","853","853","0","0","0","0","0","2475","1922","37","174","342","0","211","0","9","9","1000","1997","3.994","71","5.128378326943538","0","44.1","3.588888888888889","10","275","750"
"66","BA","1000","2","0.1","50","0.1","0.5","1","legal","targeted","27.454132023040685","6","86.03819976370288","86.03819976370288","75","80","80","fixed","1","1","50","1548","6","50","21808928","v2.0-design-v1.0","15.799999999999997","3","12.799999999999997","98.39034205231388","true","16.592","14.288000000000002","50","84.2","30","500","842","842","0","0","0","0","0","2475","1956","32","192","295","0","224","0","9","9","1000","1997","3.994","84","5.274066721210468","0","44.4","3.585858585858586","10","275","750"
"67","BA","1000","2","0.1","50","0.1","0.5","1","legal","targeted","27.454132023040685","6","86.03819976370288","86.03819976370288","75","80","80","fixed","1","1","50","1548","7","50","21808929","v2.0-design-v1.0","14","2.7","11.3","98.58657243816255","true","15.484000000000005","13.563999999999998","50","86","27","500","860","860","0","0","0","0","0","2475","1953","28","175","319","0","203","0","9","9","1000","1997","3.994","127","5.928499903948","0","46.7","3.562626262626263","10","275","750"
"69","BA","1000","2","0.1","50","0.1","0.5","1","legal","targeted","27.454132023040685","6","86.03819976370288","86.03819976370288","75","80","80","fixed","1","1","50","1548","9","50","21808931","v2.0-design-v1.0","15.900000000000006","2.6","13.300000000000006","98.69083585095669","true","15.478000000000003","13.585999999999991","50","84.1","26","500","841","841","0","0","0","0","0","2475","1960","26","165","324","0","191","0","9","9","1000","1997","3.994","109","5.734705820776753","0","46.8","3.5616161616161617","10","275","750"
"68","BA","1000","2","0.1","50","0.1","0.5","1","legal","targeted","27.454132023040685","6","86.03819976370288","86.03819976370288","75","80","80","fixed","1","1","50","1548","8","50","21808930","v2.0-design-v1.0","14.299999999999997","2.9000000000000004","11.399999999999997","98.43671205244578","true","16.116","13.936","50","85.7","29","500","857","857","0","0","0","0","0","2475","1952","31","172","320","0","203","0","9","9","1000","1997","3.994","100","5.557053611838274","0","44.8","3.581818181818182","10","275","750"
"71","BA","1000","2","0.1","50","0.1","0.5","1","legal","targeted","27.454132023040685","6","86.03819976370288","86.03819976370288","75","80","80","fixed","1","1","50","1548","11","50","21808933","v2.0-design-v1.0","16.200000000000003","1.9","14.300000000000002","98.99193548387096","true","15.836000000000004","14.463999999999999","50","83.8","19","500","838","838","0","0","0","0","0","2475","1964","20","175","316","0","195","0","9","9","1000","1997","3.994","70","5.10176361584814","0","42.1","3.609090909090909","10","275","750"
"70","BA","1000","2","0.1","50","0.1","0.5","1","legal","targeted","27.454132023040685","6","86.03819976370288","86.03819976370288","75","80","80","fixed","1","1","50","1548","10","50","21808932","v2.0-design-v1.0","14.400000000000006","2.7","11.700000000000006","98.59437751004016","true","15.735999999999999","13.527999999999999","50","85.6","27","500","856","856","0","0","0","0","0","2475","1964","28","167","316","0","195","0","9","9","1000","1997","3.994","82","4.9970926482240525","0","41.6","3.614141414141414","10","275","750"
"73","BA","1000","2","0.1","50","0.1","0.5","1","legal","targeted","27.454132023040685","6","86.03819976370288","86.03819976370288","75","80","80","fixed","1","1","50","1548","13","50","21808935","v2.0-design-v1.0","14.900000000000006","3.2","11.700000000000006","98.28196058615463","true","15.400000000000004","13.1","50","85.1","32","500","851","851","0","0","0","0","0","2475","1945","34","172","324","0","206","0","9","9","1000","1997","3.994","79","5.274636080886119","0","44","3.5898989898989897","10","275","750"
"72","BA","1000","2","0.1","50","0.1","0.5","1","legal","targeted","27.454132023040685","6","86.03819976370288","86.03819976370288","75","80","80","fixed","1","1","50","1548","12","50","21808934","v2.0-design-v1.0","15.400000000000006","2.7","12.700000000000006","98.65671641791045","true","15.868","13.780000000000005","50","84.6","27","500","846","846","0","0","0","0","0","2475","1983","27","162","303","0","189","0","9","9","1000","1997","3.994","58","4.9558575972806596","0","42.4","3.606060606060606","10","275","750"
"74","BA","1000","2","0.1","50","0.1","0.5","1","legal","targeted","27.454132023040685","6","86.03819976370288","86.03819976370288","75","80","80","fixed","1","1","50","1548","14","50","21808936","v2.0-design-v1.0","16.400000000000006","2.5","13.900000000000006","98.68885526979324","true","16.444000000000003","14.375999999999992","50","83.6","25","500","836","836","0","0","0","0","0","2475","1957","26","174","318","0","200","0","9","9","1000","1997","3.994","122","5.773846317776502","0","45.3","3.576767676767677","10","275","750"
"75","BA","1000","2","0.1","50","0.1","0.5","1","legal","targeted","27.454132023040685","6","86.03819976370288","86.03819976370288","75","80","80","fixed","1","1","50","1548","15","50","21808937","v2.0-design-v1.0","14.400000000000006","2","12.400000000000006","98.98631525595539","true","15.425999999999997","13.821999999999996","50","85.6","20","500","856","856","0","0","0","0","0","2475","1953","20","172","330","0","192","0","9","9","1000","1997","3.994","55","4.855052578040265","0","41.3","3.617171717171717","10","275","750"
"76","BA","1000","2","0.1","50","0.1","0.5","1","legal","targeted","27.454132023040685","6","86.03819976370288","86.03819976370288","75","80","80","fixed","1","1","50","1548","16","50","21808938","v2.0-design-v1.0","15.799999999999997","3.4000000000000004","12.399999999999997","98.29145728643216","true","16.534","13.926000000000002","50","84.2","34","500","842","842","0","0","0","0","0","2475","1956","34","164","321","0","198","0","9","9","1000","1997","3.994","92","5.033219377028698","0","38.4","3.6464646464646466","10","275","750"
"77","BA","1000","2","0.1","50","0.1","0.5","1","legal","targeted","27.454132023040685","6","86.03819976370288","86.03819976370288","75","80","80","fixed","1","1","50","1548","17","50","21808939","v2.0-design-v1.0","17.60000000000001","2.9000000000000004","14.700000000000008","98.42639593908629","true","16.256000000000007","13.943999999999996","50","82.39999999999999","29","500","824","824","0","0","0","0","0","2475","1939","31","163","342","0","194","0","9","9","1000","1997","3.994","75","5.1740443305729995","0","43.1","3.598989898989899","10","275","750"
"78","BA","1000","2","0.1","50","0.1","0.5","1","legal","targeted","27.454132023040685","6","86.03819976370288","86.03819976370288","75","80","80","fixed","1","1","50","1548","18","50","21808940","v2.0-design-v1.0","15.900000000000006","2","13.900000000000006","98.8905698436712","true","16.024000000000004","14.515999999999998","50","84.1","20","500","841","841","0","0","0","0","0","2475","1961","22","181","311","0","203","0","9","9","1000","1997","3.994","60","5.034611336668523","0","42.8","3.602020202020202","10","275","750"
"79","BA","1000","2","0.1","50","0.1","0.5","1","legal","targeted","27.454132023040685","6","86.03819976370288","86.03819976370288","75","80","80","fixed","1","1","50","1548","19","50","21808941","v2.0-design-v1.0","15.600000000000009","2.9000000000000004","12.700000000000008","98.45599588265569","true","15.322000000000003","13.478000000000003","50","84.39999999999999","29","500","844","844","0","0","0","0","0","2475","1913","30","183","349","0","213","0","9","9","1000","1997","3.994","77","5.104705870275187","0","41.7","3.613131313131313","10","275","750"
"80","BA","1000","2","0.1","50","0.1","0.5","1","legal","targeted","27.454132023040685","6","86.03819976370288","86.03819976370288","75","80","80","fixed","1","1","50","1548","20","50","21808942","v2.0-design-v1.0","14.600000000000009","2.3","12.300000000000008","98.69149471565174","true","16.032","14.223999999999997","50","85.39999999999999","23","500","854","854","0","0","0","0","0","2475","1961","26","175","313","0","201","0","9","9","1000","1997","3.994","70","4.912850506589835","0","40.1","3.6292929292929292","10","275","750"
"82","BA","1000","2","0.1","50","0.1","0.5","1","legal","targeted","27.454132023040685","6","86.03819976370288","86.03819976370288","75","80","80","fixed","1","1","50","1548","22","50","21808944","v2.0-design-v1.0","16.900000000000006","2.5","14.400000000000006","98.69346733668341","true","16.284","14.456000000000001","50","83.1","25","500","831","831","0","0","0","0","0","2475","1964","26","179","306","0","205","0","9","9","1000","1997","3.994","110","5.696350797871595","0","44.5","3.584848484848485","10","275","750"
"81","BA","1000","2","0.1","50","0.1","0.5","1","legal","targeted","27.454132023040685","6","86.03819976370288","86.03819976370288","75","80","80","fixed","1","1","50","1548","21","50","21808943","v2.0-design-v1.0","16.400000000000006","2.5","13.900000000000006","98.69869869869869","true","15.603999999999994","13.439999999999992","50","83.6","25","500","836","836","0","0","0","0","0","2475","1972","26","184","293","0","210","0","9","9","1000","1997","3.994","95","5.4250710037192444","0","43.2","3.597979797979798","10","275","750"
"83","BA","1000","2","0.1","50","0.1","0.5","1","legal","targeted","27.454132023040685","6","86.03819976370288","86.03819976370288","75","80","80","fixed","1","1","50","1548","23","50","21808945","v2.0-design-v1.0","15.299999999999997","1.9","13.399999999999997","98.98167006109979","true","14.972000000000005","13.479999999999997","50","84.7","19","500","847","847","0","0","0","0","0","2475","1944","20","172","339","0","192","0","9","9","1000","1997","3.994","128","5.911760559504522","0","46.8","3.5616161616161617","10","275","750"
"84","BA","1000","2","0.1","50","0.1","0.5","1","legal","targeted","27.454132023040685","6","86.03819976370288","86.03819976370288","75","80","80","fixed","1","1","50","1548","24","50","21808946","v2.0-design-v1.0","16.10000000000001","2.5","13.600000000000009","98.63221884498479","true","15.814000000000004","13.854000000000001","50","83.89999999999999","25","500","839","839","0","0","0","0","0","2475","1947","27","178","323","0","205","0","9","9","1000","1997","3.994","82","5.255814645474813","0","45.2","3.577777777777778","10","275","750"
"86","BA","1000","2","0.1","50","0.1","0.5","1","legal","targeted","27.454132023040685","6","86.03819976370288","86.03819976370288","75","80","80","fixed","1","1","50","1548","26","50","21808948","v2.0-design-v1.0","16.799999999999997","2.5","14.299999999999997","98.7090367428004","true","16.216","14.207999999999997","50","83.2","25","500","832","832","0","0","0","0","0","2475","1988","26","163","298","0","189","0","9","9","1000","1997","3.994","86","5.187376299524913","0","44.9","3.580808080808081","10","275","750"
"87","BA","1000","2","0.1","50","0.1","0.5","1","legal","targeted","27.454132023040685","6","86.03819976370288","86.03819976370288","75","80","80","fixed","1","1","50","1548","27","50","21808949","v2.0-design-v1.0","15.5","3.5999999999999996","11.9","98.13131313131314","true","16.130000000000003","12.925999999999997","50","84.5","36","500","845","845","0","0","0","0","0","2475","1943","37","154","341","0","191","0","9","9","1000","1997","3.994","99","5.24342039678847","0","43.1","3.598989898989899","10","275","750"
"85","BA","1000","2","0.1","50","0.1","0.5","1","legal","targeted","27.454132023040685","6","86.03819976370288","86.03819976370288","75","80","80","fixed","1","1","50","1548","25","50","21808947","v2.0-design-v1.0","15.900000000000006","2.9000000000000004","13.000000000000005","98.52507374631269","true","15.472000000000001","13.471999999999994","50","84.1","29","500","841","841","0","0","0","0","0","2475","2004","30","151","290","0","181","0","9","9","1000","1997","3.994","105","5.849973178245033","0","46.9","3.5606060606060606","10","275","750"
"88","BA","1000","2","0.1","50","0.1","0.5","1","legal","targeted","27.454132023040685","6","86.03819976370288","86.03819976370288","75","80","80","fixed","1","1","50","1548","28","50","21808950","v2.0-design-v1.0","13.900000000000006","2.5","11.400000000000006","98.58156028368793","true","15.964","14.339999999999998","50","86.1","25","500","861","861","0","0","0","0","0","2475","1946","28","190","311","0","218","0","9","9","1000","1997","3.994","107","5.3591682829227","0","42.4","3.606060606060606","10","275","750"
"89","BA","1000","2","0.1","50","0.1","0.5","1","legal","targeted","27.454132023040685","6","86.03819976370288","86.03819976370288","75","80","80","fixed","1","1","50","1548","29","50","21808951","v2.0-design-v1.0","16.10000000000001","3","13.100000000000009","98.38953195772521","true","15.92","13.412000000000003","50","83.89999999999999","30","500","839","839","0","0","0","0","0","2475","1955","32","169","319","0","201","0","9","9","1000","1997","3.994","95","5.668341388280527","0","46.7","3.562626262626263","10","275","750"
"90","BA","1000","2","0.1","50","0.1","0.5","1","legal","targeted","27.454132023040685","6","86.03819976370288","86.03819976370288","75","80","80","fixed","1","1","50","1548","30","50","21808952","v2.0-design-v1.0","14.600000000000009","2.5","12.100000000000009","98.52941176470588","true","15.274","13.254000000000001","50","85.39999999999999","25","500","854","854","0","0","0","0","0","2475","1943","29","172","331","0","201","0","9","9","1000","1997","3.994","59","4.948783128654392","0","41.2","3.618181818181818","10","275","750"
"91","BA","1000","2","0.1","50","0.1","0.5","1","legal","targeted","57.801117587276565","10","87.25920864158016","87.25920864158016","75","80","80","fixed","1","1","50","1549","1","50","21809923","v2.0-design-v1.0","6.1000000000000085","4","2.1000000000000085","98.1300089047195","true","27.42","23.98","50","93.89999999999999","40","500","939","939","0","0","0","0","0","2890","2204","42","314","330","0","356","0","5","5","1000","1997","3.994","62","5.081711108257502","0","43.5","3.594949494949495","10","578","750"
"92","BA","1000","2","0.1","50","0.1","0.5","1","legal","targeted","57.801117587276565","10","87.25920864158016","87.25920864158016","75","80","80","fixed","1","1","50","1549","2","50","21809924","v2.0-design-v1.0","5.300000000000011","4.7","0.6000000000000112","97.73448119619393","true","27.561999999999998","23.622000000000003","50","94.69999999999999","47","500","947","947","0","0","0","0","0","2890","2157","50","331","352","0","381","0","5","5","1000","1997","3.994","72","4.735439619337185","0","37.3","3.6575757575757577","10","578","750"
"93","BA","1000","2","0.1","50","0.1","0.5","1","legal","targeted","57.801117587276565","10","87.25920864158016","87.25920864158016","75","80","80","fixed","1","1","50","1549","3","50","21809925","v2.0-design-v1.0","6","3.9","2.1","98.1157469717362","true","27.451999999999988","23.932","50","94","39","500","940","940","0","0","0","0","0","2890","2187","42","325","336","0","367","0","5","5","1000","1997","3.994","70","5.1583497916070495","0","43.5","3.594949494949495","10","578","750"
"94","BA","1000","2","0.1","50","0.1","0.5","1","legal","targeted","57.801117587276565","10","87.25920864158016","87.25920864158016","75","80","80","fixed","1","1","50","1549","4","50","21809926","v2.0-design-v1.0","4.900000000000006","5.1","-0.19999999999999396","97.58820902188478","true","27.731999999999992","23.192000000000004","50","95.1","51","500","951","951","0","0","0","0","0","2890","2185","54","309","342","0","363","0","5","5","1000","1997","3.994","68","5.1092140362357075","0","42.9","3.601010101010101","10","578","750"
"95","BA","1000","2","0.1","50","0.1","0.5","1","legal","targeted","57.801117587276565","10","87.25920864158016","87.25920864158016","75","80","80","fixed","1","1","50","1549","5","50","21809927","v2.0-design-v1.0","6.599999999999994","4.5","2.0999999999999943","97.93999104343932","true","27.522","23.701999999999988","50","93.4","45","500","934","934","0","0","0","0","0","2890","2187","46","327","330","0","373","0","5","5","1000","1997","3.994","78","5.079937969086794","0","42.3","3.607070707070707","10","578","750"
"96","BA","1000","2","0.1","50","0.1","0.5","1","legal","targeted","57.801117587276565","10","87.25920864158016","87.25920864158016","75","80","80","fixed","1","1","50","1549","6","50","21809928","v2.0-design-v1.0","5.700000000000003","4.9","0.8000000000000025","97.80123131046614","true","27.59","23.33","50","94.3","49","500","943","943","0","0","0","0","0","2890","2224","50","308","308","0","358","0","5","5","1000","1997","3.994","67","5.044344299253306","0","43.2","3.597979797979798","10","578","750"
"97","BA","1000","2","0.1","50","0.1","0.5","1","legal","targeted","57.801117587276565","10","87.25920864158016","87.25920864158016","75","80","80","fixed","1","1","50","1549","7","50","21809929","v2.0-design-v1.0","5.900000000000006","4.8","1.1000000000000059","97.83473265576667","true","26.811999999999994","22.491999999999997","50","94.1","48","500","941","941","0","0","0","0","0","2890","2214","49","305","322","0","354","0","5","5","1000","1997","3.994","65","4.93237187287133","0","42.5","3.605050505050505","10","578","750"
"98","BA","1000","2","0.1","50","0.1","0.5","1","legal","targeted","57.801117587276565","10","87.25920864158016","87.25920864158016","75","80","80","fixed","1","1","50","1549","8","50","21809930","v2.0-design-v1.0","4.700000000000003","4.3999999999999995","0.3000000000000034","97.95464650955981","true","27.691999999999993","24.272000000000002","50","95.3","44","500","953","953","0","0","0","0","0","2890","2203","46","326","315","0","372","0","5","5","1000","1997","3.994","78","5.157185333159988","0","42.9","3.601010101010101","10","578","750"
"99","BA","1000","2","0.1","50","0.1","0.5","1","legal","targeted","57.801117587276565","10","87.25920864158016","87.25920864158016","75","80","80","fixed","1","1","50","1549","9","50","21809931","v2.0-design-v1.0","4.800000000000011","5.3","-0.49999999999998845","97.61061946902655","true","27.067999999999998","22.888","50","95.19999999999999","53","500","952","952","0","0","0","0","0","2890","2206","54","287","343","0","341","0","5","5","1000","1997","3.994","99","5.3276963453586825","0","41.5","3.6151515151515152","10","578","750"
"100","BA","1000","2","0.1","50","0.1","0.5","1","legal","targeted","57.801117587276565","10","87.25920864158016","87.25920864158016","75","80","80","fixed","1","1","50","1549","10","50","21809932","v2.0-design-v1.0","5.900000000000006","4.7","1.2000000000000055","97.84140969162995","true","27.079999999999995","22.980000000000008","50","94.1","47","500","941","941","0","0","0","0","0","2890","2221","49","286","334","0","335","0","5","5","1000","1997","3.994","71","4.985460742882119","0","40.9","3.621212121212121","10","578","750"
"101","BA","1000","2","0.1","50","0.1","0.5","1","legal","targeted","57.801117587276565","10","87.25920864158016","87.25920864158016","75","80","80","fixed","1","1","50","1549","11","50","21809933","v2.0-design-v1.0","5.5","3.4000000000000004","2.0999999999999996","98.46846846846847","true","27.313999999999997","24.294","50","94.5","34","500","945","945","0","0","0","0","0","2890","2186","34","332","338","0","366","0","5","5","1000","1997","3.994","80","5.231570828473342","0","44.5","3.584848484848485","10","578","750"
"102","BA","1000","2","0.1","50","0.1","0.5","1","legal","targeted","57.801117587276565","10","87.25920864158016","87.25920864158016","75","80","80","fixed","1","1","50","1549","12","50","21809934","v2.0-design-v1.0","7.099999999999994","5","2.0999999999999943","97.74933804060018","true","27.486000000000004","23.366","50","92.9","50","500","929","929","0","0","0","0","0","2890","2215","51","289","335","0","340","0","5","5","1000","1997","3.994","66","5.249335150237544","0","45.7","3.5727272727272728","10","578","750"
"103","BA","1000","2","0.1","50","0.1","0.5","1","legal","targeted","57.801117587276565","10","87.25920864158016","87.25920864158016","75","80","80","fixed","1","1","50","1549","13","50","21809935","v2.0-design-v1.0","6","3.6999999999999997","2.3000000000000003","98.38216003498033","true","28.39399999999999","25.193999999999996","50","94","37","500","940","940","0","0","0","0","0","2890","2250","37","322","281","0","359","0","5","5","1000","1997","3.994","86","5.350569370879374","0","44.4","3.585858585858586","10","578","750"
"104","BA","1000","2","0.1","50","0.1","0.5","1","legal","targeted","57.801117587276565","10","87.25920864158016","87.25920864158016","75","80","80","fixed","1","1","50","1549","14","50","21809936","v2.0-design-v1.0","6.8999999999999915","4.5","2.3999999999999915","98.03063457330416","true","28.148000000000003","24.307999999999993","50","93.10000000000001","45","500","931","931","0","0","0","0","0","2890","2240","45","290","315","0","335","0","5","5","1000","1997","3.994","128","6.1848376062930335","0","50.4","3.525252525252525","10","578","750"
"105","BA","1000","2","0.1","50","0.1","0.5","1","legal","targeted","57.801117587276565","10","87.25920864158016","87.25920864158016","75","80","80","fixed","1","1","50","1549","15","50","21809937","v2.0-design-v1.0","5.5","4.7","0.7999999999999998","97.83089862771138","true","26.337999999999994","22.077999999999996","50","94.5","47","500","945","945","0","0","0","0","0","2890","2210","49","302","329","0","351","0","5","5","1000","1997","3.994","100","5.562095010056983","0","47.2","3.5575757575757576","10","578","750"
"106","BA","1000","2","0.1","50","0.1","0.5","1","legal","targeted","57.801117587276565","10","87.25920864158016","87.25920864158016","75","80","80","fixed","1","1","50","1549","16","50","21809938","v2.0-design-v1.0","6.599999999999994","5.1","1.4999999999999947","97.67337807606265","true","27.405999999999995","22.866000000000007","50","93.4","51","500","934","934","0","0","0","0","0","2890","2183","52","307","348","0","359","0","5","5","1000","1997","3.994","81","5.205483748995957","0","43.3","3.596969696969697","10","578","750"
"107","BA","1000","2","0.1","50","0.1","0.5","1","legal","targeted","57.801117587276565","10","87.25920864158016","87.25920864158016","75","80","80","fixed","1","1","50","1549","17","50","21809939","v2.0-design-v1.0","6.8999999999999915","3.9","2.9999999999999916","98.1447963800905","true","27.59000000000001","24.41","50","93.10000000000001","39","500","931","931","0","0","0","0","0","2890","2169","41","340","340","0","381","0","5","5","1000","1997","3.994","72","5.145915316485913","0","43.6","3.5939393939393938","10","578","750"
"108","BA","1000","2","0.1","50","0.1","0.5","1","legal","targeted","57.801117587276565","10","87.25920864158016","87.25920864158016","75","80","80","fixed","1","1","50","1549","18","50","21809940","v2.0-design-v1.0","4.700000000000003","4.6","0.1000000000000032","97.8202846975089","true","26.706000000000003","22.806000000000008","50","95.3","46","500","953","953","0","0","0","0","0","2890","2199","49","313","329","0","362","0","5","5","1000","1997","3.994","75","5.031230195218379","0","42.3","3.607070707070707","10","578","750"
"109","BA","1000","2","0.1","50","0.1","0.5","1","legal","targeted","57.801117587276565","10","87.25920864158016","87.25920864158016","75","80","80","fixed","1","1","50","1549","19","50","21809941","v2.0-design-v1.0","4.700000000000003","4.3999999999999995","0.3000000000000034","97.99017418490398","true","27.280000000000005","23.539999999999996","50","95.3","44","500","953","953","0","0","0","0","0","2890","2194","45","316","335","0","361","0","5","5","1000","1997","3.994","93","5.429866245815573","0","43.7","3.592929292929293","10","578","750"
"110","BA","1000","2","0.1","50","0.1","0.5","1","legal","targeted","57.801117587276565","10","87.25920864158016","87.25920864158016","75","80","80","fixed","1","1","50","1549","20","50","21809942","v2.0-design-v1.0","3.4000000000000057","5.4","-1.9999999999999947","97.5914362176628","true","26.53000000000001","21.98999999999999","50","96.6","54","500","966","966","0","0","0","0","0","2890","2188","54","289","359","0","343","0","5","5","1000","1997","3.994","78","5.051483097218222","0","41.9","3.611111111111111","10","578","750"
"111","BA","1000","2","0.1","50","0.1","0.5","1","legal","targeted","57.801117587276565","10","87.25920864158016","87.25920864158016","75","80","80","fixed","1","1","50","1549","21","50","21809943","v2.0-design-v1.0","4.200000000000003","4","0.20000000000000284","98.18423383525243","true","27.884000000000004","24.524","50","95.8","40","500","958","958","0","0","0","0","0","2890","2217","41","308","324","0","349","0","5","5","1000","1997","3.994","86","5.32318516494591","0","44.1","3.588888888888889","10","578","750"
"113","BA","1000","2","0.1","50","0.1","0.5","1","legal","targeted","57.801117587276565","10","87.25920864158016","87.25920864158016","75","80","80","fixed","1","1","50","1549","23","50","21809945","v2.0-design-v1.0","5.900000000000006","4.3","1.6000000000000059","97.9973297730307","true","27.546","24.146","50","94.1","43","500","941","941","0","0","0","0","0","2890","2202","45","326","317","0","371","0","5","5","1000","1997","3.994","85","5.475394409898144","0","44.7","3.5828282828282827","10","578","750"
"112","BA","1000","2","0.1","50","0.1","0.5","1","legal","targeted","57.801117587276565","10","87.25920864158016","87.25920864158016","75","80","80","fixed","1","1","50","1549","22","50","21809944","v2.0-design-v1.0","6.799999999999997","3.5000000000000004","3.2999999999999967","98.39928857269898","true","27.877999999999997","24.818000000000012","50","93.2","35","500","932","932","0","0","0","0","0","2890","2213","36","321","320","0","357","0","5","5","1000","1997","3.994","80","5.258099619787696","0","44.7","3.5828282828282827","10","578","750"
"114","BA","1000","2","0.1","50","0.1","0.5","1","legal","targeted","57.801117587276565","10","87.25920864158016","87.25920864158016","75","80","80","fixed","1","1","50","1549","24","50","21809946","v2.0-design-v1.0","6.699999999999989","4.7","1.9999999999999885","97.88519637462235","true","27.583999999999996","23.34400000000001","50","93.30000000000001","47","500","933","933","0","0","0","0","0","2890","2268","49","271","302","0","320","0","5","5","1000","1997","3.994","108","5.60547815849686","0","44.9","3.580808080808081","10","578","750"
"115","BA","1000","2","0.1","50","0.1","0.5","1","legal","targeted","57.801117587276565","10","87.25920864158016","87.25920864158016","75","80","80","fixed","1","1","50","1549","25","50","21809947","v2.0-design-v1.0","6.1000000000000085","4.2","1.9000000000000083","98.014440433213","true","27.36799999999999","23.868","50","93.89999999999999","42","500","939","939","0","0","0","0","0","2890","2172","44","348","326","0","392","0","5","5","1000","1997","3.994","99","5.5597549293898565","0","45.2","3.577777777777778","10","578","750"
"116","BA","1000","2","0.1","50","0.1","0.5","1","legal","targeted","57.801117587276565","10","87.25920864158016","87.25920864158016","75","80","80","fixed","1","1","50","1549","26","50","21809948","v2.0-design-v1.0","5.200000000000003","4.8","0.400000000000003","97.78172138420585","true","27.555999999999997","23.535999999999998","50","94.8","48","500","948","948","0","0","0","0","0","2890","2204","50","310","326","0","360","0","5","5","1000","1997","3.994","93","5.518552203107112","0","46.2","3.5676767676767676","10","578","750"
"117","BA","1000","2","0.1","50","0.1","0.5","1","legal","targeted","57.801117587276565","10","87.25920864158016","87.25920864158016","75","80","80","fixed","1","1","50","1549","27","50","21809949","v2.0-design-v1.0","5.300000000000011","5.1","0.20000000000001172","97.57174392935983","true","26.48","21.84","50","94.69999999999999","51","500","947","947","0","0","0","0","0","2890","2210","55","292","333","0","347","0","5","5","1000","1997","3.994","115","5.737323494529548","0","46.8","3.5616161616161617","10","578","750"
"118","BA","1000","2","0.1","50","0.1","0.5","1","legal","targeted","57.801117587276565","10","87.25920864158016","87.25920864158016","75","80","80","fixed","1","1","50","1549","28","50","21809950","v2.0-design-v1.0","6.599999999999994","4.5","2.0999999999999943","97.94917521176994","true","28.915999999999993","25.016000000000005","50","93.4","45","500","934","934","0","0","0","0","0","2890","2197","46","341","306","0","387","0","5","5","1000","1997","3.994","79","5.336519693811909","0","43.4","3.595959595959596","10","578","750"
"120","BA","1000","2","0.1","50","0.1","0.5","1","legal","targeted","57.801117587276565","10","87.25920864158016","87.25920864158016","75","80","80","fixed","1","1","50","1549","30","50","21809952","v2.0-design-v1.0","7.8999999999999915","4.3","3.5999999999999917","98.05309734513274","true","27.740000000000006","24.060000000000006","50","92.10000000000001","43","500","921","921","0","0","0","0","0","2890","2216","44","331","299","0","375","0","5","5","1000","1997","3.994","97","5.381907554847895","0","44.4","3.585858585858586","10","578","750"
"119","BA","1000","2","0.1","50","0.1","0.5","1","legal","targeted","57.801117587276565","10","87.25920864158016","87.25920864158016","75","80","80","fixed","1","1","50","1549","29","50","21809951","v2.0-design-v1.0","5","5.1","-0.09999999999999964","97.73735581188997","true","28.15400000000001","23.434","50","95","51","500","950","950","0","0","0","0","0","2890","2203","51","312","324","0","363","0","5","5","1000","1997","3.994","67","5.156020611726494","0","41.8","3.6121212121212123","10","578","750"
"121","BA","1000","2","0.1","50","0.1","0.5","1","legal","targeted","52.98781688637741","19","81.06045731980521","81.06045731980521","75","80","80","fixed","1","1","50","1550","1","50","21810923","v2.0-design-v1.0","1.2000000000000028","3.5000000000000004","-2.2999999999999976","97.02127659574468","true","14.746000000000004","11.245999999999999","50","98.8","35","500","988","988","0","0","0","0","0","1590","1140","35","157","258","0","192","0","3","3","1000","1997","3.994","105","5.890387140134416","0","48","3.5494949494949495","10","530","750"
"122","BA","1000","2","0.1","50","0.1","0.5","1","legal","targeted","52.98781688637741","19","81.06045731980521","81.06045731980521","75","80","80","fixed","1","1","50","1550","2","50","21810924","v2.0-design-v1.0","1.2000000000000028","4.3","-3.099999999999997","96.28349178910976","true","14.422000000000002","10.121999999999996","50","98.8","43","500","988","988","0","0","0","0","0","1590","1114","43","165","268","0","208","0","3","3","1000","1997","3.994","62","4.912646750795135","0","41.5","3.6151515151515152","10","530","750"
"123","BA","1000","2","0.1","50","0.1","0.5","1","legal","targeted","52.98781688637741","19","81.06045731980521","81.06045731980521","75","80","80","fixed","1","1","50","1550","3","50","21810925","v2.0-design-v1.0","1.9000000000000057","3.5999999999999996","-1.699999999999994","96.97478991596638","true","14.896000000000006","11.372000000000003","50","98.1","36","500","981","981","0","0","0","0","0","1590","1154","36","158","242","0","194","0","3","3","1000","1997","3.994","80","5.520003119060199","0","47.1","3.5585858585858587","10","530","750"
"124","BA","1000","2","0.1","50","0.1","0.5","1","legal","targeted","52.98781688637741","19","81.06045731980521","81.06045731980521","75","80","80","fixed","1","1","50","1550","4","50","21810926","v2.0-design-v1.0","1.5999999999999943","4.2","-2.600000000000006","96.40718562874252","true","14.200000000000006","10.038000000000004","50","98.4","42","500","984","984","0","0","0","0","0","1590","1127","42","154","267","0","196","0","3","3","1000","1997","3.994","111","5.3503822845279485","0","40.1","3.6292929292929292","10","530","750"
"125","BA","1000","2","0.1","50","0.1","0.5","1","legal","targeted","52.98781688637741","19","81.06045731980521","81.06045731980521","75","80","80","fixed","1","1","50","1550","5","50","21810927","v2.0-design-v1.0","1.5999999999999943","4.9","-3.300000000000006","95.84393553859204","true","14.878","10.129999999999997","50","98.4","49","500","984","984","0","0","0","0","0","1590","1130","49","154","257","0","203","0","3","3","1000","1997","3.994","60","5.178492133891938","0","44.2","3.587878787878788","10","530","750"
"126","BA","1000","2","0.1","50","0.1","0.5","1","legal","targeted","52.98781688637741","19","81.06045731980521","81.06045731980521","75","80","80","fixed","1","1","50","1550","6","50","21810928","v2.0-design-v1.0","2","2.4","-0.3999999999999999","97.94520547945206","true","14.068","11.668","50","98","24","500","980","980","0","0","0","0","0","1590","1144","24","170","252","0","194","0","3","3","1000","1997","3.994","94","5.6101191999312565","0","45","3.5797979797979798","10","530","750"
"127","BA","1000","2","0.1","50","0.1","0.5","1","legal","targeted","52.98781688637741","19","81.06045731980521","81.06045731980521","75","80","80","fixed","1","1","50","1550","7","50","21810929","v2.0-design-v1.0","1.9000000000000057","3.1","-1.1999999999999944","97.3458904109589","true","14.920000000000007","11.82","50","98.1","31","500","981","981","0","0","0","0","0","1590","1137","31","165","257","0","196","0","3","3","1000","1997","3.994","83","4.852990368372416","0","37.2","3.6585858585858584","10","530","750"
"128","BA","1000","2","0.1","50","0.1","0.5","1","legal","targeted","52.98781688637741","19","81.06045731980521","81.06045731980521","75","80","80","fixed","1","1","50","1550","8","50","21810930","v2.0-design-v1.0","1.5","4.5","-3","96.21212121212122","true","15.071999999999997","10.571999999999996","50","98.5","45","500","985","985","0","0","0","0","0","1590","1143","45","155","247","0","200","0","3","3","1000","1997","3.994","109","5.319046555187892","0","41.4","3.6161616161616164","10","530","750"
"129","BA","1000","2","0.1","50","0.1","0.5","1","legal","targeted","52.98781688637741","19","81.06045731980521","81.06045731980521","75","80","80","fixed","1","1","50","1550","9","50","21810931","v2.0-design-v1.0","1.7000000000000028","3.6999999999999997","-1.999999999999997","96.82947729220223","true","14.612000000000005","10.912000000000004","50","98.3","37","500","983","983","0","0","0","0","0","1590","1130","37","182","241","0","219","0","3","3","1000","1997","3.994","83","5.354122769476857","0","45","3.5797979797979798","10","530","750"
"130","BA","1000","2","0.1","50","0.1","0.5","1","legal","targeted","52.98781688637741","19","81.06045731980521","81.06045731980521","75","80","80","fixed","1","1","50","1550","10","50","21810932","v2.0-design-v1.0","1.5999999999999943","3.2","-1.6000000000000059","97.27891156462584","true","15.740000000000002","12.540000000000006","50","98.4","32","500","984","984","0","0","0","0","0","1590","1144","32","170","244","0","202","0","3","3","1000","1997","3.994","99","5.588308616495076","0","46.5","3.5646464646464646","10","530","750"
"131","BA","1000","2","0.1","50","0.1","0.5","1","legal","targeted","52.98781688637741","19","81.06045731980521","81.06045731980521","75","80","80","fixed","1","1","50","1550","11","50","21810933","v2.0-design-v1.0","2.200000000000003","3.5000000000000004","-1.2999999999999976","96.93251533742331","true","14.876000000000001","11.375999999999998","50","97.8","35","500","978","978","0","0","0","0","0","1590","1106","35","170","279","0","205","0","3","3","1000","1997","3.994","59","4.954241466512142","0","41.4","3.6161616161616164","10","530","750"
"132","BA","1000","2","0.1","50","0.1","0.5","1","legal","targeted","52.98781688637741","19","81.06045731980521","81.06045731980521","75","80","80","fixed","1","1","50","1550","12","50","21810934","v2.0-design-v1.0","2","3.3000000000000003","-1.3000000000000003","97.11538461538461","true","14.597999999999997","11.298000000000002","50","98","33","500","980","980","0","0","0","0","0","1590","1111","33","190","256","0","223","0","3","3","1000","1997","3.994","82","5.153496145581407","0","41.2","3.618181818181818","10","530","750"
"133","BA","1000","2","0.1","50","0.1","0.5","1","legal","targeted","52.98781688637741","19","81.06045731980521","81.06045731980521","75","80","80","fixed","1","1","50","1550","13","50","21810935","v2.0-design-v1.0","1.4000000000000057","3.1","-1.6999999999999944","97.33676975945016","true","15.744000000000002","12.72","50","98.6","31","500","986","986","0","0","0","0","0","1590","1133","31","175","251","0","206","0","3","3","1000","1997","3.994","97","5.460566067889092","0","44.9","3.580808080808081","10","530","750"
"134","BA","1000","2","0.1","50","0.1","0.5","1","legal","targeted","52.98781688637741","19","81.06045731980521","81.06045731980521","75","80","80","fixed","1","1","50","1550","14","50","21810936","v2.0-design-v1.0","1.5","4.6","-3.0999999999999996","95.9023539668701","true","15.416000000000006","10.854000000000001","50","98.5","46","500","985","985","0","0","0","0","0","1590","1100","47","180","263","0","227","0","3","3","1000","1997","3.994","84","5.24532911050178","0","44.9","3.580808080808081","10","530","750"
"135","BA","1000","2","0.1","50","0.1","0.5","1","legal","targeted","52.98781688637741","19","81.06045731980521","81.06045731980521","75","80","80","fixed","1","1","50","1550","15","50","21810937","v2.0-design-v1.0","1.9000000000000057","4.6","-2.699999999999994","96.08843537414967","true","14.824000000000005","10.300000000000002","50","98.1","46","500","981","981","0","0","0","0","0","1590","1130","46","147","267","0","193","0","3","3","1000","1997","3.994","75","5.171915768137823","0","44","3.5898989898989897","10","530","750"
"136","BA","1000","2","0.1","50","0.1","0.5","1","legal","targeted","52.98781688637741","19","81.06045731980521","81.06045731980521","75","80","80","fixed","1","1","50","1550","16","50","21810938","v2.0-design-v1.0","1.7000000000000028","4.3","-2.599999999999997","96.286701208981","true","14.512000000000006","10.288000000000002","50","98.3","43","500","983","983","0","0","0","0","0","1590","1115","43","180","252","0","223","0","3","3","1000","1997","3.994","97","5.4565316582731995","0","43.2","3.597979797979798","10","530","750"
"137","BA","1000","2","0.1","50","0.1","0.5","1","legal","targeted","52.98781688637741","19","81.06045731980521","81.06045731980521","75","80","80","fixed","1","1","50","1550","17","50","21810939","v2.0-design-v1.0","1.5999999999999943","3.9","-2.3000000000000056","96.69491525423729","true","14.652000000000003","10.752000000000002","50","98.4","39","500","984","984","0","0","0","0","0","1590","1141","39","166","244","0","205","0","3","3","1000","1997","3.994","90","5.376883379326238","0","43.1","3.598989898989899","10","530","750"
"138","BA","1000","2","0.1","50","0.1","0.5","1","legal","targeted","52.98781688637741","19","81.06045731980521","81.06045731980521","75","80","80","fixed","1","1","50","1550","18","50","21810940","v2.0-design-v1.0","1.2999999999999972","3.4000000000000004","-2.100000000000003","96.98848538529671","true","14.856000000000003","11.455999999999996","50","98.7","34","500","987","987","0","0","0","0","0","1590","1095","34","172","289","0","206","0","3","3","1000","1997","3.994","98","5.400474898481527","0","42.9","3.601010101010101","10","530","750"
"139","BA","1000","2","0.1","50","0.1","0.5","1","legal","targeted","52.98781688637741","19","81.06045731980521","81.06045731980521","75","80","80","fixed","1","1","50","1550","19","50","21810941","v2.0-design-v1.0","1.5","3.3000000000000003","-1.8000000000000003","97.17465753424658","true","15.244000000000003","11.981999999999998","50","98.5","33","500","985","985","0","0","0","0","0","1590","1135","33","179","243","0","212","0","3","3","1000","1997","3.994","67","4.851133630142278","0","40.9","3.621212121212121","10","530","750"
"141","BA","1000","2","0.1","50","0.1","0.5","1","legal","targeted","52.98781688637741","19","81.06045731980521","81.06045731980521","75","80","80","fixed","1","1","50","1550","21","50","21810943","v2.0-design-v1.0","1.9000000000000057","3","-1.0999999999999943","97.37991266375546","true","14.646000000000008","11.645999999999999","50","98.1","30","500","981","981","0","0","0","0","0","1590","1115","30","172","273","0","202","0","3","3","1000","1997","3.994","78","5.310194173677841","0","45","3.5797979797979798","10","530","750"
"140","BA","1000","2","0.1","50","0.1","0.5","1","legal","targeted","52.98781688637741","19","81.06045731980521","81.06045731980521","75","80","80","fixed","1","1","50","1550","20","50","21810942","v2.0-design-v1.0","1.5999999999999943","3.6999999999999997","-2.1000000000000054","96.74657534246576","true","15.77","12.221999999999998","50","98.4","37","500","984","984","0","0","0","0","0","1590","1130","38","169","253","0","207","0","3","3","1000","1997","3.994","80","5.1604839496499295","0","42.5","3.605050505050505","10","530","750"
"142","BA","1000","2","0.1","50","0.1","0.5","1","legal","targeted","52.98781688637741","19","81.06045731980521","81.06045731980521","75","80","80","fixed","1","1","50","1550","22","50","21810944","v2.0-design-v1.0","1.5999999999999943","3.8","-2.2000000000000055","96.77692960135708","true","15.290000000000004","11.528000000000004","50","98.4","38","500","984","984","0","0","0","0","0","1590","1141","38","157","254","0","195","0","3","3","1000","1997","3.994","74","5.363089289460564","0","43.7","3.592929292929293","10","530","750"
"143","BA","1000","2","0.1","50","0.1","0.5","1","legal","targeted","52.98781688637741","19","81.06045731980521","81.06045731980521","75","80","80","fixed","1","1","50","1550","23","50","21810945","v2.0-design-v1.0","1.7999999999999972","3.4000000000000004","-1.6000000000000032","96.98848538529671","true","15.086000000000004","11.686000000000005","50","98.2","34","500","982","982","0","0","0","0","0","1590","1095","34","191","270","0","225","0","3","3","1000","1997","3.994","85","5.109409953220622","0","40","3.6303030303030304","10","530","750"
"144","BA","1000","2","0.1","50","0.1","0.5","1","legal","targeted","52.98781688637741","19","81.06045731980521","81.06045731980521","75","80","80","fixed","1","1","50","1550","24","50","21810946","v2.0-design-v1.0","2.299999999999997","3.5000000000000004","-1.2000000000000033","96.95916594265856","true","14.776","11.275999999999994","50","97.7","35","500","977","977","0","0","0","0","0","1590","1116","35","171","268","0","206","0","3","3","1000","1997","3.994","82","5.412694454822034","0","44.7","3.5828282828282827","10","530","750"
"145","BA","1000","2","0.1","50","0.1","0.5","1","legal","targeted","52.98781688637741","19","81.06045731980521","81.06045731980521","75","80","80","fixed","1","1","50","1550","25","50","21810947","v2.0-design-v1.0","1.2999999999999972","3.8","-2.5000000000000027","96.77145284621919","true","15.405999999999997","11.681999999999999","50","98.7","38","500","987","987","0","0","0","0","0","1590","1139","38","158","255","0","196","0","3","3","1000","1997","3.994","58","4.9425087144477855","0","39.9","3.6313131313131315","10","530","750"
"147","BA","1000","2","0.1","50","0.1","0.5","1","legal","targeted","52.98781688637741","19","81.06045731980521","81.06045731980521","75","80","80","fixed","1","1","50","1550","27","50","21810949","v2.0-design-v1.0","1.5999999999999943","4.6","-3.0000000000000053","96.07843137254902","true","14.494000000000005","9.932000000000002","50","98.4","46","500","984","984","0","0","0","0","0","1590","1127","46","141","276","0","187","0","3","3","1000","1997","3.994","114","5.849288689933012","0","46.8","3.5616161616161617","10","530","750"
"146","BA","1000","2","0.1","50","0.1","0.5","1","legal","targeted","52.98781688637741","19","81.06045731980521","81.06045731980521","75","80","80","fixed","1","1","50","1550","26","50","21810948","v2.0-design-v1.0","1.2999999999999972","3.5999999999999996","-2.3000000000000025","96.88581314878893","true","15.187999999999997","11.587999999999997","50","98.7","36","500","987","987","0","0","0","0","0","1590","1120","36","170","264","0","206","0","3","3","1000","1997","3.994","68","4.926279755782466","0","39.8","3.632323232323232","10","530","750"
"148","BA","1000","2","0.1","50","0.1","0.5","1","legal","targeted","52.98781688637741","19","81.06045731980521","81.06045731980521","75","80","80","fixed","1","1","50","1550","28","50","21810950","v2.0-design-v1.0","1.5999999999999943","4.3","-2.7000000000000055","96.26411815812337","true","14.923999999999994","10.661999999999999","50","98.4","43","500","984","984","0","0","0","0","0","1590","1108","43","158","281","0","201","0","3","3","1000","1997","3.994","68","5.037195384074083","0","42","3.61010101010101","10","530","750"
"149","BA","1000","2","0.1","50","0.1","0.5","1","legal","targeted","52.98781688637741","19","81.06045731980521","81.06045731980521","75","80","80","fixed","1","1","50","1550","29","50","21810951","v2.0-design-v1.0","2.200000000000003","4.1000000000000005","-1.8999999999999977","96.4655172413793","true","15.354000000000001","11.253999999999994","50","97.8","41","500","978","978","0","0","0","0","0","1590","1119","41","163","267","0","204","0","3","3","1000","1997","3.994","76","5.0968560840916295","0","40.1","3.6292929292929292","10","530","750"
"151","BA","1000","2","0.1","50","0.1","0.5","1","legal","targeted","71.78725212794104","12","94.43282069174205","94.43282069174205","75","80","80","fixed","1","1","50","1551","1","50","21811923","v2.0-design-v1.0","65","2.9000000000000004","62.1","98.94593675620538","true","38.81199999999999","36.53599999999999","50","35","29","500","350","350","0","0","0","0","0","3590","2910","31","470","179","0","501","0","5","5","1000","1997","3.994","97","5.211249477919958","0","41.8","3.6121212121212123","10","718","750"
"150","BA","1000","2","0.1","50","0.1","0.5","1","legal","targeted","52.98781688637741","19","81.06045731980521","81.06045731980521","75","80","80","fixed","1","1","50","1550","30","50","21810952","v2.0-design-v1.0","1.9000000000000057","3.5000000000000004","-1.5999999999999948","96.90189328743546","true","15.059999999999997","11.559999999999992","50","98.1","35","500","981","981","0","0","0","0","0","1590","1126","36","178","250","0","214","0","3","3","1000","1997","3.994","85","5.418054938750551","0","45.3","3.576767676767677","10","530","750"
"152","BA","1000","2","0.1","50","0.1","0.5","1","legal","targeted","71.78725212794104","12","94.43282069174205","94.43282069174205","75","80","80","fixed","1","1","50","1551","2","50","21811924","v2.0-design-v1.0","64.1","1.7999999999999998","62.3","99.39373526439879","true","39.343999999999994","38.023999999999994","50","35.9","18","500","359","359","0","0","0","0","0","3590","2951","18","452","169","0","470","0","5","5","1000","1997","3.994","88","5.356552684017636","0","43.8","3.591919191919192","10","718","750"
"153","BA","1000","2","0.1","50","0.1","0.5","1","legal","targeted","71.78725212794104","12","94.43282069174205","94.43282069174205","75","80","80","fixed","1","1","50","1551","3","50","21811925","v2.0-design-v1.0","65.4","3","62.400000000000006","98.96836313617607","true","39.172000000000004","36.579999999999984","50","34.599999999999994","30","500","346","346","0","0","0","0","0","3590","2878","30","483","199","0","513","0","5","5","1000","1997","3.994","101","5.651539958622239","0","45.3","3.576767676767677","10","718","750"
"154","BA","1000","2","0.1","50","0.1","0.5","1","legal","targeted","71.78725212794104","12","94.43282069174205","94.43282069174205","75","80","80","fixed","1","1","50","1551","4","50","21811926","v2.0-design-v1.0","64.5","2.1999999999999997","62.3","99.19327731092437","true","37.628","35.788","50","35.5","22","500","355","355","0","0","0","0","0","3590","2951","24","430","185","0","454","0","5","5","1000","1997","3.994","104","5.639660430360118","0","48.1","3.5484848484848484","10","718","750"
"155","BA","1000","2","0.1","50","0.1","0.5","1","legal","targeted","71.78725212794104","12","94.43282069174205","94.43282069174205","75","80","80","fixed","1","1","50","1551","5","50","21811927","v2.0-design-v1.0","66.1","2","64.1","99.32363882313156","true","38.516000000000005","37.23599999999998","50","33.900000000000006","20","500","339","339","0","0","0","0","0","3590","2937","20","457","176","0","477","0","5","5","1000","1997","3.994","71","4.927092473278752","0","40.4","3.6262626262626263","10","718","750"
"157","BA","1000","2","0.1","50","0.1","0.5","1","legal","targeted","71.78725212794104","12","94.43282069174205","94.43282069174205","75","80","80","fixed","1","1","50","1551","7","50","21811929","v2.0-design-v1.0","62.9","2.5","60.4","99.11654774040095","true","38.360000000000014","36.55600000000001","50","37.1","25","500","371","371","0","0","0","0","0","3590","2917","26","478","169","0","504","0","5","5","1000","1997","3.994","52","4.7074541021792236","0","37.4","3.6565656565656566","10","718","750"
"156","BA","1000","2","0.1","50","0.1","0.5","1","legal","targeted","71.78725212794104","12","94.43282069174205","94.43282069174205","75","80","80","fixed","1","1","50","1551","6","50","21811928","v2.0-design-v1.0","65.1","3.3000000000000003","61.8","98.84077736106376","true","38.059999999999995","35.407999999999994","50","34.9","33","500","349","349","0","0","0","0","0","3590","2899","34","475","182","0","509","0","5","5","1000","1997","3.994","91","5.533044241516461","0","44.8","3.581818181818182","10","718","750"
"159","BA","1000","2","0.1","50","0.1","0.5","1","legal","targeted","71.78725212794104","12","94.43282069174205","94.43282069174205","75","80","80","fixed","1","1","50","1551","9","50","21811931","v2.0-design-v1.0","64.1","3.5000000000000004","60.599999999999994","98.79396984924624","true","37.611999999999995","35.192","50","35.9","35","500","359","359","0","0","0","0","0","3590","2949","36","435","170","0","471","0","5","5","1000","1997","3.994","70","5.436314700007481","0","46.2","3.5676767676767676","10","718","750"
"160","BA","1000","2","0.1","50","0.1","0.5","1","legal","targeted","71.78725212794104","12","94.43282069174205","94.43282069174205","75","80","80","fixed","1","1","50","1551","10","50","21811932","v2.0-design-v1.0","64.2","2.8000000000000003","61.400000000000006","99.06040268456375","true","38.342000000000006","36.574000000000005","50","35.8","28","500","358","358","0","0","0","0","0","3590","2952","28","439","171","0","467","0","5","5","1000","1997","3.994","84","5.322809060664889","0","44.3","3.5868686868686868","10","718","750"
"158","BA","1000","2","0.1","50","0.1","0.5","1","legal","targeted","71.78725212794104","12","94.43282069174205","94.43282069174205","75","80","80","fixed","1","1","50","1551","8","50","21811930","v2.0-design-v1.0","66","3.4000000000000004","62.6","98.84077736106376","true","40.087999999999994","37.14399999999999","50","34","34","500","340","340","0","0","0","0","0","3590","2899","34","465","192","0","499","0","5","5","1000","1997","3.994","52","4.52929116733274","0","37","3.6606060606060606","10","718","750"
"161","BA","1000","2","0.1","50","0.1","0.5","1","legal","targeted","71.78725212794104","12","94.43282069174205","94.43282069174205","75","80","80","fixed","1","1","50","1551","11","50","21811933","v2.0-design-v1.0","65","4.7","60.3","98.38763856231105","true","38.396","34.896","50","35","47","500","350","350","0","0","0","0","0","3590","2929","48","420","193","0","468","0","5","5","1000","1997","3.994","100","5.478684146761876","0","44.9","3.580808080808081","10","718","750"
"162","BA","1000","2","0.1","50","0.1","0.5","1","legal","targeted","71.78725212794104","12","94.43282069174205","94.43282069174205","75","80","80","fixed","1","1","50","1551","12","50","21811934","v2.0-design-v1.0","64.1","2.9000000000000004","61.199999999999996","99.02027027027027","true","37.41199999999999","35.16","50","35.9","29","500","359","359","0","0","0","0","0","3590","2931","29","445","185","0","474","0","5","5","1000","1997","3.994","81","5.264378185282429","0","45.3","3.576767676767677","10","718","750"
"163","BA","1000","2","0.1","50","0.1","0.5","1","legal","targeted","71.78725212794104","12","94.43282069174205","94.43282069174205","75","80","80","fixed","1","1","50","1551","13","50","21811935","v2.0-design-v1.0","64.5","1.7000000000000002","62.8","99.41520467836257","true","39.47600000000001","38.208","50","35.5","17","500","355","355","0","0","0","0","0","3590","2890","17","506","177","0","523","0","5","5","1000","1997","3.994","68","5.109018111737909","0","42.1","3.609090909090909","10","718","750"
"164","BA","1000","2","0.1","50","0.1","0.5","1","legal","targeted","71.78725212794104","12","94.43282069174205","94.43282069174205","75","80","80","fixed","1","1","50","1551","14","50","21811936","v2.0-design-v1.0","65.8","2.6","63.199999999999996","99.07849829351537","true","39.428000000000004","37.163999999999994","50","34.2","26","500","342","342","0","0","0","0","0","3590","2903","27","475","185","0","502","0","5","5","1000","1997","3.994","87","5.092926653889866","0","41.1","3.6191919191919193","10","718","750"
"165","BA","1000","2","0.1","50","0.1","0.5","1","legal","targeted","71.78725212794104","12","94.43282069174205","94.43282069174205","75","80","80","fixed","1","1","50","1551","15","50","21811937","v2.0-design-v1.0","64.4","2.7","61.7","99.04632152588556","true","39.04200000000001","36.84600000000001","50","35.6","27","500","356","356","0","0","0","0","0","3590","2908","28","479","175","0","507","0","5","5","1000","1997","3.994","102","5.370177166798386","0","42.9","3.601010101010101","10","718","750"
"166","BA","1000","2","0.1","50","0.1","0.5","1","legal","targeted","71.78725212794104","12","94.43282069174205","94.43282069174205","75","80","80","fixed","1","1","50","1551","16","50","21811938","v2.0-design-v1.0","63.2","2.9000000000000004","60.300000000000004","99.02159244264507","true","38.38199999999999","36.058000000000014","50","36.8","29","500","368","368","0","0","0","0","0","3590","2935","29","460","166","0","489","0","5","5","1000","1997","3.994","91","5.473200153467793","0","44.7","3.5828282828282827","10","718","750"
"167","BA","1000","2","0.1","50","0.1","0.5","1","legal","targeted","71.78725212794104","12","94.43282069174205","94.43282069174205","75","80","80","fixed","1","1","50","1551","17","50","21811939","v2.0-design-v1.0","64.30000000000001","1.7999999999999998","62.500000000000014","99.35680433310765","true","37.68000000000001","36.24","50","35.699999999999996","18","500","357","357","0","0","0","0","0","3590","2935","19","439","197","0","458","0","5","5","1000","1997","3.994","77","5.053662385191893","0","42.3","3.607070707070707","10","718","750"
"168","BA","1000","2","0.1","50","0.1","0.5","1","legal","targeted","71.78725212794104","12","94.43282069174205","94.43282069174205","75","80","80","fixed","1","1","50","1551","18","50","21811940","v2.0-design-v1.0","62.9","3.1","59.8","98.89996562392575","true","38.26800000000001","35.816","50","37.1","31","500","371","371","0","0","0","0","0","3590","2877","32","486","195","0","518","0","5","5","1000","1997","3.994","73","5.157573515187591","0","43.2","3.597979797979798","10","718","750"
"169","BA","1000","2","0.1","50","0.1","0.5","1","legal","targeted","71.78725212794104","12","94.43282069174205","94.43282069174205","75","80","80","fixed","1","1","50","1551","19","50","21811941","v2.0-design-v1.0","63.5","2.3","61.2","99.22060318536089","true","38.954","37.27799999999999","50","36.5","23","500","365","365","0","0","0","0","0","3590","2928","23","473","166","0","496","0","5","5","1000","1997","3.994","99","5.415652619333442","0","43.8","3.591919191919192","10","718","750"
"170","BA","1000","2","0.1","50","0.1","0.5","1","legal","targeted","71.78725212794104","12","94.43282069174205","94.43282069174205","75","80","80","fixed","1","1","50","1551","20","50","21811942","v2.0-design-v1.0","65.4","3.1","62.300000000000004","98.94915254237289","true","39.01400000000001","36.75400000000001","50","34.599999999999994","31","500","346","346","0","0","0","0","0","3590","2919","31","459","181","0","490","0","5","5","1000","1997","3.994","69","4.697023102564637","0","36.8","3.6626262626262625","10","718","750"
"171","BA","1000","2","0.1","50","0.1","0.5","1","legal","targeted","71.78725212794104","12","94.43282069174205","94.43282069174205","75","80","80","fixed","1","1","50","1551","21","50","21811943","v2.0-design-v1.0","66.9","2.6","64.30000000000001","99.05052560189895","true","39.461999999999996","37.197999999999986","50","33.1","26","500","331","331","0","0","0","0","0","3590","2921","28","468","173","0","496","0","5","5","1000","1997","3.994","73","4.781718187935038","0","38.5","3.6454545454545455","10","718","750"
"172","BA","1000","2","0.1","50","0.1","0.5","1","legal","targeted","71.78725212794104","12","94.43282069174205","94.43282069174205","75","80","80","fixed","1","1","50","1551","22","50","21811944","v2.0-design-v1.0","63.1","2.3","60.800000000000004","99.181725196045","true","38.65","36.71","50","36.9","23","500","369","369","0","0","0","0","0","3590","2909","24","470","187","0","494","0","5","5","1000","1997","3.994","68","4.9602992418369745","0","40.7","3.6232323232323234","10","718","750"
"173","BA","1000","2","0.1","50","0.1","0.5","1","legal","targeted","71.78725212794104","12","94.43282069174205","94.43282069174205","75","80","80","fixed","1","1","50","1551","23","50","21811945","v2.0-design-v1.0","65.6","1.7999999999999998","63.8","99.35832489023979","true","37.624","36.279999999999994","50","34.4","18","500","344","344","0","0","0","0","0","3590","2942","19","463","166","0","482","0","5","5","1000","1997","3.994","62","5.442755514221405","0","48.7","3.5424242424242425","10","718","750"
"175","BA","1000","2","0.1","50","0.1","0.5","1","legal","targeted","71.78725212794104","12","94.43282069174205","94.43282069174205","75","80","80","fixed","1","1","50","1551","25","50","21811947","v2.0-design-v1.0","65.69999999999999","2.6","63.09999999999999","99.09939959973315","true","36.696","34.64799999999999","50","34.300000000000004","26","500","343","343","0","0","0","0","0","3590","2971","27","418","174","0","445","0","5","5","1000","1997","3.994","88","5.475942836621822","0","45.3","3.576767676767677","10","718","750"
"174","BA","1000","2","0.1","50","0.1","0.5","1","legal","targeted","71.78725212794104","12","94.43282069174205","94.43282069174205","75","80","80","fixed","1","1","50","1551","24","50","21811946","v2.0-design-v1.0","66.4","3.2","63.2","98.91745602165088","true","39.61600000000001","37.304","50","33.6","32","500","336","336","0","0","0","0","0","3590","2924","32","480","154","0","512","0","5","5","1000","1997","3.994","71","5.264568327952408","0","44.2","3.587878787878788","10","718","750"
"176","BA","1000","2","0.1","50","0.1","0.5","1","legal","targeted","71.78725212794104","12","94.43282069174205","94.43282069174205","75","80","80","fixed","1","1","50","1551","26","50","21811948","v2.0-design-v1.0","64.5","2.5","62","99.15311653116531","true","39.461999999999996","37.346","50","35.5","25","500","355","355","0","0","0","0","0","3590","2927","25","456","182","0","481","0","5","5","1000","1997","3.994","92","5.093712782431871","0","40.5","3.625252525252525","10","718","750"
"177","BA","1000","2","0.1","50","0.1","0.5","1","legal","targeted","71.78725212794104","12","94.43282069174205","94.43282069174205","75","80","80","fixed","1","1","50","1551","27","50","21811949","v2.0-design-v1.0","66","3.2","62.8","98.88438133874239","true","37.168","34.711999999999996","50","34","32","500","340","340","0","0","0","0","0","3590","2925","33","453","179","0","486","0","5","5","1000","1997","3.994","75","5.292444990169846","0","42.7","3.603030303030303","10","718","750"
"178","BA","1000","2","0.1","50","0.1","0.5","1","legal","targeted","71.78725212794104","12","94.43282069174205","94.43282069174205","75","80","80","fixed","1","1","50","1551","28","50","21811950","v2.0-design-v1.0","64.4","2","62.400000000000006","99.32386747802569","true","37.488","35.871999999999986","50","35.6","20","500","356","356","0","0","0","0","0","3590","2938","20","438","194","0","458","0","5","5","1000","1997","3.994","76","5.273117651804265","0","44.2","3.587878787878788","10","718","750"
"179","BA","1000","2","0.1","50","0.1","0.5","1","legal","targeted","71.78725212794104","12","94.43282069174205","94.43282069174205","75","80","80","fixed","1","1","50","1551","29","50","21811951","v2.0-design-v1.0","66.6","1.5","65.1","99.49341438703141","true","38.09599999999999","36.836000000000006","50","33.4","15","500","334","334","0","0","0","0","0","3590","2946","15","442","187","0","457","0","5","5","1000","1997","3.994","61","5.074417573841714","0","41.6","3.614141414141414","10","718","750"
"180","BA","1000","2","0.1","50","0.1","0.5","1","legal","targeted","71.78725212794104","12","94.43282069174205","94.43282069174205","75","80","80","fixed","1","1","50","1551","30","50","21811952","v2.0-design-v1.0","62.7","3","59.7","98.95658027600135","true","37.092000000000006","35.076","50","37.3","30","500","373","373","0","0","0","0","0","3590","2940","31","437","182","0","468","0","5","5","1000","1997","3.994","105","5.568030797954233","0","46.4","3.5656565656565657","10","718","750"
"181","BA","1000","2","0.1","50","0.1","0.5","1","legal","targeted","42.15845190232055","17","89.99220528746768","89.99220528746768","75","80","80","fixed","1","1","50","1552","1","50","21812923","v2.0-design-v1.0","0.20000000000000284","1.0999999999999999","-0.899999999999997","98.92262487757101","true","13.110000000000005","12.009999999999996","50","99.8","11","500","998","998","0","0","0","0","0","1266","1010","11","146","99","0","157","0","3","3","1000","1997","3.994","83","5.4980171145779515","0","47.2","3.5575757575757576","10","422","750"
"182","BA","1000","2","0.1","50","0.1","0.5","1","legal","targeted","42.15845190232055","17","89.99220528746768","89.99220528746768","75","80","80","fixed","1","1","50","1552","2","50","21812924","v2.0-design-v1.0","0.09999999999999432","2.1999999999999997","-2.1000000000000054","97.84735812133071","true","13.044000000000006","10.844000000000001","50","99.9","22","500","999","999","0","0","0","0","0","1266","1000","22","123","121","0","145","0","3","3","1000","1997","3.994","77","5.1338406987673695","0","42.4","3.606060606060606","10","422","750"
"183","BA","1000","2","0.1","50","0.1","0.5","1","legal","targeted","42.15845190232055","17","89.99220528746768","89.99220528746768","75","80","80","fixed","1","1","50","1552","3","50","21812925","v2.0-design-v1.0","0","1.2","-1.2","98.8035892323031","true","13.017999999999999","11.818","50","100","12","500","1000","1000","0","0","0","0","0","1266","991","12","140","123","0","152","0","3","3","1000","1997","3.994","88","5.629000768311331","0","48.5","3.5444444444444443","10","422","750"
"184","BA","1000","2","0.1","50","0.1","0.5","1","legal","targeted","42.15845190232055","17","89.99220528746768","89.99220528746768","75","80","80","fixed","1","1","50","1552","4","50","21812926","v2.0-design-v1.0","0.09999999999999432","2.4","-2.3000000000000056","97.64243614931237","true","12.17","9.906000000000004","50","99.9","24","500","999","999","0","0","0","0","0","1266","994","24","137","111","0","161","0","3","3","1000","1997","3.994","111","5.675577166788952","0","46.4","3.5656565656565657","10","422","750"
"185","BA","1000","2","0.1","50","0.1","0.5","1","legal","targeted","42.15845190232055","17","89.99220528746768","89.99220528746768","75","80","80","fixed","1","1","50","1552","5","50","21812927","v2.0-design-v1.0","0.20000000000000284","1.9","-1.699999999999997","98.14090019569471","true","13.123999999999993","11.224000000000004","50","99.8","19","500","998","998","0","0","0","0","0","1266","1003","19","137","107","0","156","0","3","3","1000","1997","3.994","75","5.1567971219116675","0","43.3","3.596969696969697","10","422","750"
"186","BA","1000","2","0.1","50","0.1","0.5","1","legal","targeted","42.15845190232055","17","89.99220528746768","89.99220528746768","75","80","80","fixed","1","1","50","1552","6","50","21812928","v2.0-design-v1.0","0.20000000000000284","1","-0.7999999999999972","99.000999000999","true","12.116000000000001","11.116000000000001","50","99.8","10","500","998","998","0","0","0","0","0","1266","991","10","153","112","0","163","0","3","3","1000","1997","3.994","76","4.971788680412973","0","39.6","3.6343434343434344","10","422","750"
"187","BA","1000","2","0.1","50","0.1","0.5","1","legal","targeted","42.15845190232055","17","89.99220528746768","89.99220528746768","75","80","80","fixed","1","1","50","1552","7","50","21812929","v2.0-design-v1.0","0.20000000000000284","1.0999999999999999","-0.899999999999997","98.9351403678606","true","12.671999999999993","11.572000000000005","50","99.8","11","500","998","998","0","0","0","0","0","1266","1022","11","140","93","0","151","0","3","3","1000","1997","3.994","102","5.763434842277748","0","47.8","3.5515151515151517","10","422","750"
"188","BA","1000","2","0.1","50","0.1","0.5","1","legal","targeted","42.15845190232055","17","89.99220528746768","89.99220528746768","75","80","80","fixed","1","1","50","1552","8","50","21812930","v2.0-design-v1.0","0.20000000000000284","1.7000000000000002","-1.4999999999999973","98.3218163869694","true","12.810000000000004","11.144","50","99.8","17","500","998","998","0","0","0","0","0","1266","996","17","160","93","0","177","0","3","3","1000","1997","3.994","82","5.181777186913262","0","42.5","3.605050505050505","10","422","750"
"189","BA","1000","2","0.1","50","0.1","0.5","1","legal","targeted","42.15845190232055","17","89.99220528746768","89.99220528746768","75","80","80","fixed","1","1","50","1552","9","50","21812931","v2.0-design-v1.0","0.09999999999999432","1.0999999999999999","-1.0000000000000056","98.9010989010989","true","12.940000000000005","11.873999999999999","50","99.9","11","500","999","999","0","0","0","0","0","1266","990","11","142","123","0","153","0","3","3","1000","1997","3.994","86","4.997693562128517","0","38.7","3.6434343434343432","10","422","750"
"190","BA","1000","2","0.1","50","0.1","0.5","1","legal","targeted","42.15845190232055","17","89.99220528746768","89.99220528746768","75","80","80","fixed","1","1","50","1552","10","50","21812932","v2.0-design-v1.0","0.09999999999999432","1.6","-1.5000000000000058","98.42983316977428","true","12.918","11.318","50","99.9","16","500","999","999","0","0","0","0","0","1266","1003","16","134","113","0","150","0","3","3","1000","1997","3.994","60","4.862675149504593","0","39.7","3.6333333333333333","10","422","750"
"191","BA","1000","2","0.1","50","0.1","0.5","1","legal","targeted","42.15845190232055","17","89.99220528746768","89.99220528746768","75","80","80","fixed","1","1","50","1552","11","50","21812933","v2.0-design-v1.0","0.09999999999999432","1.3","-1.2000000000000057","98.73046875","true","13.226000000000004","11.92599999999999","50","99.9","13","500","999","999","0","0","0","0","0","1266","1011","13","120","122","0","133","0","3","3","1000","1997","3.994","75","4.9053059054483","0","40.4","3.6262626262626263","10","422","750"
"192","BA","1000","2","0.1","50","0.1","0.5","1","legal","targeted","42.15845190232055","17","89.99220528746768","89.99220528746768","75","80","80","fixed","1","1","50","1552","12","50","21812934","v2.0-design-v1.0","0.09999999999999432","1.4000000000000001","-1.3000000000000058","98.61386138613861","true","12.551999999999998","11.152000000000001","50","99.9","14","500","999","999","0","0","0","0","0","1266","996","14","140","116","0","154","0","3","3","1000","1997","3.994","84","5.127011824664551","0","42.2","3.608080808080808","10","422","750"
"193","BA","1000","2","0.1","50","0.1","0.5","1","legal","targeted","42.15845190232055","17","89.99220528746768","89.99220528746768","75","80","80","fixed","1","1","50","1552","13","50","21812935","v2.0-design-v1.0","0","2.5","-2.5","97.5296442687747","true","13.151999999999997","10.720000000000002","50","100","25","500","1000","1000","0","0","0","0","0","1266","987","25","140","114","0","165","0","3","3","1000","1997","3.994","121","5.569468824132412","0","42.4","3.606060606060606","10","422","750"
"194","BA","1000","2","0.1","50","0.1","0.5","1","legal","targeted","42.15845190232055","17","89.99220528746768","89.99220528746768","75","80","80","fixed","1","1","50","1552","14","50","21812936","v2.0-design-v1.0","0.20000000000000284","1.6","-1.3999999999999972","98.42829076620825","true","13.152000000000003","11.620000000000003","50","99.8","16","500","998","998","0","0","0","0","0","1266","1002","16","138","110","0","154","0","3","3","1000","1997","3.994","78","5.004498876911545","0","39.6","3.6343434343434344","10","422","750"
"195","BA","1000","2","0.1","50","0.1","0.5","1","legal","targeted","42.15845190232055","17","89.99220528746768","89.99220528746768","75","80","80","fixed","1","1","50","1552","15","50","21812937","v2.0-design-v1.0","0.20000000000000284","1.4000000000000001","-1.1999999999999973","98.635477582846","true","13.044000000000004","11.643999999999997","50","99.8","14","500","998","998","0","0","0","0","0","1266","1012","14","141","99","0","155","0","3","3","1000","1997","3.994","72","4.918552241885418","0","40.4","3.6262626262626263","10","422","750"
"196","BA","1000","2","0.1","50","0.1","0.5","1","legal","targeted","42.15845190232055","17","89.99220528746768","89.99220528746768","75","80","80","fixed","1","1","50","1552","16","50","21812938","v2.0-design-v1.0","0","1.4000000000000001","-1.4000000000000001","98.61932938856016","true","12.912000000000008","11.511999999999993","50","100","14","500","1000","1000","0","0","0","0","0","1266","1000","14","149","103","0","163","0","3","3","1000","1997","3.994","66","5.094302299227619","0","44","3.5898989898989897","10","422","750"
"197","BA","1000","2","0.1","50","0.1","0.5","1","legal","targeted","42.15845190232055","17","89.99220528746768","89.99220528746768","75","80","80","fixed","1","1","50","1552","17","50","21812939","v2.0-design-v1.0","0.20000000000000284","2.1","-1.8999999999999972","97.88306451612904","true","12.500000000000005","10.399999999999999","50","99.8","21","500","998","998","0","0","0","0","0","1266","971","21","145","129","0","166","0","3","3","1000","1997","3.994","79","5.15038741168957","0","41.8","3.6121212121212123","10","422","750"
"198","BA","1000","2","0.1","50","0.1","0.5","1","legal","targeted","42.15845190232055","17","89.99220528746768","89.99220528746768","75","80","80","fixed","1","1","50","1552","18","50","21812940","v2.0-design-v1.0","0.20000000000000284","1.0999999999999999","-0.899999999999997","98.90547263681592","true","13.226","12.194000000000003","50","99.8","11","500","998","998","0","0","0","0","0","1266","994","11","145","116","0","156","0","3","3","1000","1997","3.994","85","4.918959255793858","0","38.9","3.6414141414141414","10","422","750"
"199","BA","1000","2","0.1","50","0.1","0.5","1","legal","targeted","42.15845190232055","17","89.99220528746768","89.99220528746768","75","80","80","fixed","1","1","50","1552","19","50","21812941","v2.0-design-v1.0","0.20000000000000284","1.7999999999999998","-1.599999999999997","98.15762538382803","true","12.925999999999995","11.126","50","99.8","18","500","998","998","0","0","0","0","0","1266","959","18","161","128","0","179","0","3","3","1000","1997","3.994","86","5.163780458988215","0","42.5","3.605050505050505","10","422","750"
"200","BA","1000","2","0.1","50","0.1","0.5","1","legal","targeted","42.15845190232055","17","89.99220528746768","89.99220528746768","75","80","80","fixed","1","1","50","1552","20","50","21812942","v2.0-design-v1.0","0.20000000000000284","1.7000000000000002","-1.4999999999999973","98.27760891590678","true","12.742000000000004","11.042000000000005","50","99.8","17","500","998","998","0","0","0","0","0","1266","970","17","153","126","0","170","0","3","3","1000","1997","3.994","78","5.123496288103872","0","43.3","3.596969696969697","10","422","750"
"201","BA","1000","2","0.1","50","0.1","0.5","1","legal","targeted","42.15845190232055","17","89.99220528746768","89.99220528746768","75","80","80","fixed","1","1","50","1552","21","50","21812943","v2.0-design-v1.0","0.20000000000000284","1.6","-1.3999999999999972","98.4126984126984","true","12.156","10.556000000000006","50","99.8","16","500","998","998","0","0","0","0","0","1266","992","16","128","130","0","144","0","3","3","1000","1997","3.994","73","5.406958405536252","0","45.5","3.5747474747474746","10","422","750"
"202","BA","1000","2","0.1","50","0.1","0.5","1","legal","targeted","42.15845190232055","17","89.99220528746768","89.99220528746768","75","80","80","fixed","1","1","50","1552","22","50","21812944","v2.0-design-v1.0","0.4000000000000057","1.3","-0.8999999999999944","98.7192118226601","true","12.828000000000001","11.561999999999996","50","99.6","13","500","996","996","0","0","0","0","0","1266","1002","13","132","119","0","145","0","3","3","1000","1997","3.994","69","5.267039558016022","0","44.6","3.583838383838384","10","422","750"
"203","BA","1000","2","0.1","50","0.1","0.5","1","legal","targeted","42.15845190232055","17","89.99220528746768","89.99220528746768","75","80","80","fixed","1","1","50","1552","23","50","21812945","v2.0-design-v1.0","0.29999999999999716","1.7000000000000002","-1.400000000000003","98.35589941972921","true","13.517999999999995","11.818000000000005","50","99.7","17","500","997","997","0","0","0","0","0","1266","1017","17","136","96","0","153","0","3","3","1000","1997","3.994","60","4.79363567065154","0","39.9","3.6313131313131315","10","422","750"
"204","BA","1000","2","0.1","50","0.1","0.5","1","legal","targeted","42.15845190232055","17","89.99220528746768","89.99220528746768","75","80","80","fixed","1","1","50","1552","24","50","21812946","v2.0-design-v1.0","0","1.7999999999999998","-1.7999999999999998","98.21605550049554","true","12.462","10.662","50","100","18","500","1000","1000","0","0","0","0","0","1266","991","18","162","95","0","180","0","3","3","1000","1997","3.994","56","4.902243975568323","0","42.1","3.609090909090909","10","422","750"
"205","BA","1000","2","0.1","50","0.1","0.5","1","legal","targeted","42.15845190232055","17","89.99220528746768","89.99220528746768","75","80","80","fixed","1","1","50","1552","25","50","21812947","v2.0-design-v1.0","0.4000000000000057","1.4000000000000001","-0.9999999999999944","98.59578736208626","true","13.130000000000003","11.730000000000002","50","99.6","14","500","996","996","0","0","0","0","0","1266","983","14","156","113","0","170","0","3","3","1000","1997","3.994","90","5.237307838326221","0","42.2","3.608080808080808","10","422","750"
"206","BA","1000","2","0.1","50","0.1","0.5","1","legal","targeted","42.15845190232055","17","89.99220528746768","89.99220528746768","75","80","80","fixed","1","1","50","1552","26","50","21812948","v2.0-design-v1.0","0.09999999999999432","1.7999999999999998","-1.7000000000000055","98.23529411764706","true","13.268000000000004","11.467999999999995","50","99.9","18","500","999","999","0","0","0","0","0","1266","1002","18","132","114","0","150","0","3","3","1000","1997","3.994","74","5.335956937273423","0","44.9","3.580808080808081","10","422","750"
"207","BA","1000","2","0.1","50","0.1","0.5","1","legal","targeted","42.15845190232055","17","89.99220528746768","89.99220528746768","75","80","80","fixed","1","1","50","1552","27","50","21812949","v2.0-design-v1.0","0.20000000000000284","1.6","-1.3999999999999972","98.4126984126984","true","12.189999999999998","10.590000000000002","50","99.8","16","500","998","998","0","0","0","0","0","1266","992","16","137","121","0","153","0","3","3","1000","1997","3.994","59","4.65463528427626","0","38.1","3.6494949494949496","10","422","750"
"209","BA","1000","2","0.1","50","0.1","0.5","1","legal","targeted","42.15845190232055","17","89.99220528746768","89.99220528746768","75","80","80","fixed","1","1","50","1552","29","50","21812951","v2.0-design-v1.0","0.20000000000000284","1.5","-1.2999999999999972","98.5192497532083","true","12.442000000000002","10.942","50","99.8","15","500","998","998","0","0","0","0","0","1266","998","15","143","110","0","158","0","3","3","1000","1997","3.994","77","5.103136879019213","0","42.9","3.601010101010101","10","422","750"
"208","BA","1000","2","0.1","50","0.1","0.5","1","legal","targeted","42.15845190232055","17","89.99220528746768","89.99220528746768","75","80","80","fixed","1","1","50","1552","28","50","21812950","v2.0-design-v1.0","0.09999999999999432","1.7999999999999998","-1.7000000000000055","98.26086956521739","true","13.292000000000003","11.560000000000002","50","99.9","18","500","999","999","0","0","0","0","0","1266","1017","18","137","94","0","155","0","3","3","1000","1997","3.994","75","5.2877144329023515","0","45.1","3.5787878787878786","10","422","750"
"210","BA","1000","2","0.1","50","0.1","0.5","1","legal","targeted","42.15845190232055","17","89.99220528746768","89.99220528746768","75","80","80","fixed","1","1","50","1552","30","50","21812952","v2.0-design-v1.0","0.29999999999999716","1.6","-1.300000000000003","98.45559845559846","true","12.982000000000005","11.416000000000002","50","99.7","16","500","997","997","0","0","0","0","0","1266","1020","16","128","102","0","144","0","3","3","1000","1997","3.994","72","5.22659365947662","0","43.8","3.591919191919192","10","422","750"
"211","BA","1000","2","0.1","50","0.1","0.5","1","legal","targeted","37.793833362327774","3","88.62910382833206","88.62910382833206","75","80","80","fixed","1","1","50","1553","1","50","21813923","v2.0-design-v1.0","31.69999999999999","18.4","13.29999999999999","93.35690831017935","true","39.370000000000005","28.45799999999999","50","68.30000000000001","184","500","683","683","0","0","0","0","0","6426","3696","263","2024","443","0","2287","0","17","17","1000","1997","3.994","52","4.894887529241485","0","39.7","3.6333333333333333","10","378","750"
"212","BA","1000","2","0.1","50","0.1","0.5","1","legal","targeted","37.793833362327774","3","88.62910382833206","88.62910382833206","75","80","80","fixed","1","1","50","1553","2","50","21813924","v2.0-design-v1.0","29.700000000000003","16.8","12.900000000000002","94.48974549048678","true","38.243999999999986","27.78600000000001","50","70.3","168","500","703","703","0","0","0","0","0","6426","3824","223","1873","506","0","2096","0","17","17","1000","1997","3.994","70","5.152524867723827","0","44.4","3.585858585858586","10","378","750"
"213","BA","1000","2","0.1","50","0.1","0.5","1","legal","targeted","37.793833362327774","3","88.62910382833206","88.62910382833206","75","80","80","fixed","1","1","50","1553","3","50","21813925","v2.0-design-v1.0","31.599999999999994","18.9","12.699999999999996","93.5891089108911","true","39.592","28.660000000000004","50","68.4","189","500","684","684","0","0","0","0","0","6426","3781","259","1913","473","0","2172","0","17","17","1000","1997","3.994","101","5.401030932621568","0","42.9","3.601010101010101","10","378","750"
"214","BA","1000","2","0.1","50","0.1","0.5","1","legal","targeted","37.793833362327774","3","88.62910382833206","88.62910382833206","75","80","80","fixed","1","1","50","1553","4","50","21813926","v2.0-design-v1.0","28.700000000000003","17.9","10.800000000000004","93.6635655016344","true","38.599999999999994","27.449999999999996","50","71.3","179","500","713","713","0","0","0","0","0","6426","3725","252","1986","463","0","2238","0","17","17","1000","1997","3.994","67","5.116262321279088","0","43.2","3.597979797979798","10","378","750"
"215","BA","1000","2","0.1","50","0.1","0.5","1","legal","targeted","37.793833362327774","3","88.62910382833206","88.62910382833206","75","80","80","fixed","1","1","50","1553","5","50","21813927","v2.0-design-v1.0","30.10000000000001","17.7","12.40000000000001","93.97321428571429","true","38.476000000000006","27.633999999999997","50","69.89999999999999","177","500","699","699","0","0","0","0","0","6426","3789","243","1912","482","0","2155","0","17","17","1000","1997","3.994","82","5.17539841449416","0","41.8","3.6121212121212123","10","378","750"
"216","BA","1000","2","0.1","50","0.1","0.5","1","legal","targeted","37.793833362327774","3","88.62910382833206","88.62910382833206","75","80","80","fixed","1","1","50","1553","6","50","21813928","v2.0-design-v1.0","31.299999999999997","18.099999999999998","13.2","93.7314906219151","true","38.38","27.461999999999993","50","68.7","181","500","687","687","0","0","0","0","0","6426","3798","254","1888","486","0","2142","0","17","17","1000","1997","3.994","95","5.347949566381913","0","43.8","3.591919191919192","10","378","750"
"217","BA","1000","2","0.1","50","0.1","0.5","1","legal","targeted","37.793833362327774","3","88.62910382833206","88.62910382833206","75","80","80","fixed","1","1","50","1553","7","50","21813929","v2.0-design-v1.0","32.89999999999999","19.5","13.399999999999991","93.39504628471353","true","40.121999999999986","28.392000000000003","50","67.10000000000001","195","500","671","671","0","0","0","0","0","6426","3733","264","1985","444","0","2249","0","17","17","1000","1997","3.994","76","5.3133978014257615","0","45.1","3.5787878787878786","10","378","750"
"218","BA","1000","2","0.1","50","0.1","0.5","1","legal","targeted","37.793833362327774","3","88.62910382833206","88.62910382833206","75","80","80","fixed","1","1","50","1553","8","50","21813930","v2.0-design-v1.0","31.5","16.900000000000002","14.599999999999998","94.73684210526315","true","38.02799999999999","28.657999999999994","50","68.5","169","500","685","685","0","0","0","0","0","6426","3924","218","1802","482","0","2020","0","17","17","1000","1997","3.994","75","4.755899765825862","0","37.5","3.6555555555555554","10","378","750"
"219","BA","1000","2","0.1","50","0.1","0.5","1","legal","targeted","37.793833362327774","3","88.62910382833206","88.62910382833206","75","80","80","fixed","1","1","50","1553","9","50","21813931","v2.0-design-v1.0","30.10000000000001","18.8","11.300000000000008","93.46307385229541","true","38.65","28.136","50","69.89999999999999","188","500","699","699","0","0","0","0","0","6426","3746","262","1961","457","0","2223","0","17","17","1000","1997","3.994","84","5.423779252641214","0","44.2","3.587878787878788","10","378","750"
"220","BA","1000","2","0.1","50","0.1","0.5","1","legal","targeted","37.793833362327774","3","88.62910382833206","88.62910382833206","75","80","80","fixed","1","1","50","1553","10","50","21813932","v2.0-design-v1.0","30.30000000000001","17.5","12.800000000000011","94.13810233482364","true","38.532000000000004","28.100000000000005","50","69.69999999999999","175","500","697","697","0","0","0","0","0","6426","3790","236","1896","504","0","2132","0","17","17","1000","1997","3.994","100","5.597436493190005","0","46.6","3.5636363636363635","10","378","750"
"222","BA","1000","2","0.1","50","0.1","0.5","1","legal","targeted","37.793833362327774","3","88.62910382833206","88.62910382833206","75","80","80","fixed","1","1","50","1553","12","50","21813934","v2.0-design-v1.0","30.60000000000001","17.2","13.40000000000001","94.29133858267717","true","37.98399999999999","27.078000000000003","50","69.39999999999999","172","500","694","694","0","0","0","0","0","6426","3832","232","1849","513","0","2081","0","17","17","1000","1997","3.994","93","5.887667503233251","0","50","3.529292929292929","10","378","750"
"221","BA","1000","2","0.1","50","0.1","0.5","1","legal","targeted","37.793833362327774","3","88.62910382833206","88.62910382833206","75","80","80","fixed","1","1","50","1553","11","50","21813933","v2.0-design-v1.0","31.69999999999999","17","14.699999999999989","94.35948859363249","true","38.976000000000006","28.708000000000002","50","68.30000000000001","170","500","683","683","0","0","0","0","0","6426","3764","225","1960","477","0","2185","0","17","17","1000","1997","3.994","66","5.112935175230174","0","44.2","3.587878787878788","10","378","750"
"223","BA","1000","2","0.1","50","0.1","0.5","1","legal","targeted","37.793833362327774","3","88.62910382833206","88.62910382833206","75","80","80","fixed","1","1","50","1553","13","50","21813935","v2.0-design-v1.0","32.099999999999994","17","15.099999999999994","94.2043721403152","true","39.11999999999999","28.99","50","67.9","170","500","679","679","0","0","0","0","0","6426","3706","228","2042","450","0","2270","0","17","17","1000","1997","3.994","71","5.149415547465592","0","41.8","3.6121212121212123","10","378","750"
"224","BA","1000","2","0.1","50","0.1","0.5","1","legal","targeted","37.793833362327774","3","88.62910382833206","88.62910382833206","75","80","80","fixed","1","1","50","1553","14","50","21813936","v2.0-design-v1.0","31","19.1","11.899999999999999","93.3300024981264","true","38.684000000000005","27.054000000000002","50","69","191","500","690","690","0","0","0","0","0","6426","3736","267","1926","497","0","2193","0","17","17","1000","1997","3.994","88","5.4814240859479115","0","45.7","3.5727272727272728","10","378","750"
"225","BA","1000","2","0.1","50","0.1","0.5","1","legal","targeted","37.793833362327774","3","88.62910382833206","88.62910382833206","75","80","80","fixed","1","1","50","1553","15","50","21813937","v2.0-design-v1.0","31.89999999999999","18.6","13.29999999999999","93.59331476323119","true","39.74200000000001","28.774000000000004","50","68.10000000000001","186","500","681","681","0","0","0","0","0","6426","3696","253","2018","459","0","2271","0","17","17","1000","1997","3.994","56","4.948580852370945","0","40.5","3.625252525252525","10","378","750"
"226","BA","1000","2","0.1","50","0.1","0.5","1","legal","targeted","37.793833362327774","3","88.62910382833206","88.62910382833206","75","80","80","fixed","1","1","50","1553","16","50","21813938","v2.0-design-v1.0","29.80000000000001","18.5","11.300000000000011","94.03500123243776","true","38.312","27.192000000000004","50","70.19999999999999","185","500","702","702","0","0","0","0","0","6426","3815","242","1896","473","0","2138","0","17","17","1000","1997","3.994","60","4.660223351051065","0","38","3.6505050505050507","10","378","750"
"227","BA","1000","2","0.1","50","0.1","0.5","1","legal","targeted","37.793833362327774","3","88.62910382833206","88.62910382833206","75","80","80","fixed","1","1","50","1553","17","50","21813939","v2.0-design-v1.0","32","17.8","14.2","94.15911379657604","true","38.76","28.94","50","68","178","500","680","680","0","0","0","0","0","6426","3740","232","2000","454","0","2232","0","17","17","1000","1997","3.994","99","5.85065758647644","0","49.3","3.536363636363636","10","378","750"
"228","BA","1000","2","0.1","50","0.1","0.5","1","legal","targeted","37.793833362327774","3","88.62910382833206","88.62910382833206","75","80","80","fixed","1","1","50","1553","18","50","21813940","v2.0-design-v1.0","30.80000000000001","17","13.800000000000011","94.54813359528488","true","38.102000000000004","27.461999999999993","50","69.19999999999999","170","500","692","692","0","0","0","0","0","6426","3850","222","1830","524","0","2052","0","17","17","1000","1997","3.994","78","4.992282733067791","0","40.7","3.6232323232323234","10","378","750"
"229","BA","1000","2","0.1","50","0.1","0.5","1","legal","targeted","37.793833362327774","3","88.62910382833206","88.62910382833206","75","80","80","fixed","1","1","50","1553","19","50","21813941","v2.0-design-v1.0","31.299999999999997","18.5","12.799999999999997","93.57638888888889","true","37.547999999999995","26.037999999999997","50","68.7","185","500","687","687","0","0","0","0","0","6426","3773","259","1877","517","0","2136","0","17","17","1000","1997","3.994","109","5.494192401995951","0","43.1","3.598989898989899","10","378","750"
"230","BA","1000","2","0.1","50","0.1","0.5","1","legal","targeted","37.793833362327774","3","88.62910382833206","88.62910382833206","75","80","80","fixed","1","1","50","1553","20","50","21813942","v2.0-design-v1.0","29.299999999999997","18.8","10.499999999999996","93.7624254473161","true","38.980000000000004","27.991999999999994","50","70.7","188","500","707","707","0","0","0","0","0","6426","3773","251","1906","496","0","2157","0","17","17","1000","1997","3.994","70","5.267799703264507","0","45.7","3.5727272727272728","10","378","750"
"231","BA","1000","2","0.1","50","0.1","0.5","1","legal","targeted","37.793833362327774","3","88.62910382833206","88.62910382833206","75","80","80","fixed","1","1","50","1553","21","50","21813943","v2.0-design-v1.0","31.10000000000001","16.400000000000002","14.700000000000006","94.23124535776182","true","38.592","28.67199999999999","50","68.89999999999999","164","500","689","689","0","0","0","0","0","6426","3806","233","1872","515","0","2105","0","17","17","1000","1997","3.994","61","4.920180095501798","0","42.6","3.604040404040404","10","378","750"
"232","BA","1000","2","0.1","50","0.1","0.5","1","legal","targeted","37.793833362327774","3","88.62910382833206","88.62910382833206","75","80","80","fixed","1","1","50","1553","22","50","21813944","v2.0-design-v1.0","32.599999999999994","18.2","14.399999999999995","93.64278506559032","true","39.087999999999994","28.717999999999996","50","67.4","182","500","674","674","0","0","0","0","0","6426","3712","252","1986","476","0","2238","0","17","17","1000","1997","3.994","53","4.560127055111368","0","37.6","3.6545454545454548","10","378","750"
"233","BA","1000","2","0.1","50","0.1","0.5","1","legal","targeted","37.793833362327774","3","88.62910382833206","88.62910382833206","75","80","80","fixed","1","1","50","1553","23","50","21813945","v2.0-design-v1.0","31.5","17.2","14.3","93.94091136705057","true","37.598000000000006","27.586","50","68.5","172","500","685","685","0","0","0","0","0","6426","3752","242","1953","479","0","2195","0","17","17","1000","1997","3.994","67","5.227359686236371","0","43.3","3.596969696969697","10","378","750"
"235","BA","1000","2","0.1","50","0.1","0.5","1","legal","targeted","37.793833362327774","3","88.62910382833206","88.62910382833206","75","80","80","fixed","1","1","50","1553","25","50","21813947","v2.0-design-v1.0","31.69999999999999","18.9","12.79999999999999","93.40252038547072","true","38.70399999999999","27.22","50","68.30000000000001","189","500","683","683","0","0","0","0","0","6426","3780","267","1923","456","0","2190","0","17","17","1000","1997","3.994","113","5.812723264679972","0","46.8","3.5616161616161617","10","378","750"
"234","BA","1000","2","0.1","50","0.1","0.5","1","legal","targeted","37.793833362327774","3","88.62910382833206","88.62910382833206","75","80","80","fixed","1","1","50","1553","24","50","21813946","v2.0-design-v1.0","30.60000000000001","19.3","11.300000000000008","93.16816816816817","true","37.928","26.109999999999996","50","69.39999999999999","193","500","694","694","0","0","0","0","0","6426","3723","273","1927","503","0","2200","0","17","17","1000","1997","3.994","85","4.926686131289083","0","40","3.6303030303030304","10","378","750"
"236","BA","1000","2","0.1","50","0.1","0.5","1","legal","targeted","37.793833362327774","3","88.62910382833206","88.62910382833206","75","80","80","fixed","1","1","50","1553","26","50","21813948","v2.0-design-v1.0","30.700000000000003","17.2","13.500000000000004","93.88103364212579","true","38.166","27.674","50","69.3","172","500","693","693","0","0","0","0","0","6426","3851","251","1830","494","0","2081","0","17","17","1000","1997","3.994","93","5.305290765840272","0","44.7","3.5828282828282827","10","378","750"
"237","BA","1000","2","0.1","50","0.1","0.5","1","legal","targeted","37.793833362327774","3","88.62910382833206","88.62910382833206","75","80","80","fixed","1","1","50","1553","27","50","21813949","v2.0-design-v1.0","32.099999999999994","18.6","13.499999999999993","93.97233201581028","true","38.687999999999995","27.449999999999996","50","67.9","186","500","679","679","0","0","0","0","0","6426","3804","244","1901","477","0","2145","0","17","17","1000","1997","3.994","96","5.416761514531094","0","45.4","3.5757575757575757","10","378","750"
"238","BA","1000","2","0.1","50","0.1","0.5","1","legal","targeted","37.793833362327774","3","88.62910382833206","88.62910382833206","75","80","80","fixed","1","1","50","1553","28","50","21813950","v2.0-design-v1.0","32.599999999999994","18","14.599999999999994","93.7061183550652","true","40.748000000000005","29.138","50","67.4","180","500","674","674","0","0","0","0","0","6426","3737","251","2007","431","0","2258","0","17","17","1000","1997","3.994","86","4.935009454734432","0","37.7","3.6535353535353536","10","378","750"
"239","BA","1000","2","0.1","50","0.1","0.5","1","legal","targeted","37.793833362327774","3","88.62910382833206","88.62910382833206","75","80","80","fixed","1","1","50","1553","29","50","21813951","v2.0-design-v1.0","30.200000000000003","17.599999999999998","12.600000000000005","93.7814702920443","true","37.22400000000002","26.325999999999993","50","69.8","176","500","698","698","0","0","0","0","0","6426","3725","247","1911","543","0","2158","0","17","17","1000","1997","3.994","81","5.15155340674077","0","42.8","3.602020202020202","10","378","750"
"240","BA","1000","2","0.1","50","0.1","0.5","1","legal","targeted","37.793833362327774","3","88.62910382833206","88.62910382833206","75","80","80","fixed","1","1","50","1553","30","50","21813952","v2.0-design-v1.0","31","17.9","13.100000000000001","93.89600602863602","true","39.616","28.687999999999988","50","69","179","500","690","690","0","0","0","0","0","6426","3738","243","1975","470","0","2218","0","17","17","1000","1997","3.994","57","4.719771206344662","0","38.5","3.6454545454545455","10","378","750"
"242","BA","1000","2","0.1","50","0.1","0.5","1","legal","targeted","78.6935333840122","9","85.95312390841016","85.95312390841016","75","80","80","fixed","1","1","50","1554","2","50","21814924","v2.0-design-v1.0","38.800000000000004","12.5","26.300000000000004","96.19849100406267","true","45.26800000000003","36.638000000000005","50","61.199999999999996","125","500","612","612","0","0","0","0","0","4722","3315","131","721","555","0","852","0","6","6","1000","1997","3.994","84","5.877968570391874","0","51.8","3.511111111111111","10","787","750"
"241","BA","1000","2","0.1","50","0.1","0.5","1","legal","targeted","78.6935333840122","9","85.95312390841016","85.95312390841016","75","80","80","fixed","1","1","50","1554","1","50","21814923","v2.0-design-v1.0","41.800000000000004","10.299999999999999","31.500000000000007","96.7562828755114","true","46.624","39.312000000000005","50","58.199999999999996","103","500","582","582","0","0","0","0","0","4722","3311","111","769","531","0","880","0","6","6","1000","1997","3.994","79","5.111172868147582","0","41.4","3.6161616161616164","10","787","750"
"243","BA","1000","2","0.1","50","0.1","0.5","1","legal","targeted","78.6935333840122","9","85.95312390841016","85.95312390841016","75","80","80","fixed","1","1","50","1554","3","50","21814925","v2.0-design-v1.0","39.900000000000006","12.1","27.800000000000004","96.28111273792094","true","46.958","38.476","50","60.099999999999994","121","500","601","601","0","0","0","0","0","4722","3288","127","742","565","0","869","0","6","6","1000","1997","3.994","113","5.555612372081838","0","42.9","3.601010101010101","10","787","750"
"244","BA","1000","2","0.1","50","0.1","0.5","1","legal","targeted","78.6935333840122","9","85.95312390841016","85.95312390841016","75","80","80","fixed","1","1","50","1554","4","50","21814926","v2.0-design-v1.0","39.300000000000004","12.9","26.400000000000006","95.81408775981525","true","46.106","38.012","50","60.699999999999996","129","500","607","607","0","0","0","0","0","4722","3319","145","682","576","0","827","0","6","6","1000","1997","3.994","91","5.693890092404686","0","48.4","3.5454545454545454","10","787","750"
"245","BA","1000","2","0.1","50","0.1","0.5","1","legal","targeted","78.6935333840122","9","85.95312390841016","85.95312390841016","75","80","80","fixed","1","1","50","1554","5","50","21814927","v2.0-design-v1.0","40.5","11.799999999999999","28.700000000000003","96.34609763227127","true","48.558","39.854","50","59.5","118","500","595","595","0","0","0","0","0","4722","3296","125","808","493","0","933","0","6","6","1000","1997","3.994","79","5.11352247595647","0","40.8","3.6222222222222222","10","787","750"
"246","BA","1000","2","0.1","50","0.1","0.5","1","legal","targeted","78.6935333840122","9","85.95312390841016","85.95312390841016","75","80","80","fixed","1","1","50","1554","6","50","21814928","v2.0-design-v1.0","38.800000000000004","12.6","26.200000000000003","95.89000591366056","true","46.41599999999998","38.1","50","61.199999999999996","126","500","612","612","0","0","0","0","0","4722","3243","139","771","569","0","910","0","6","6","1000","1997","3.994","99","5.585262675931998","0","48.7","3.5424242424242425","10","787","750"
"247","BA","1000","2","0.1","50","0.1","0.5","1","legal","targeted","78.6935333840122","9","85.95312390841016","85.95312390841016","75","80","80","fixed","1","1","50","1554","7","50","21814929","v2.0-design-v1.0","40.1","11.4","28.700000000000003","96.34689634689634","true","47.756","40.09999999999999","50","59.9","114","500","599","599","0","0","0","0","0","4722","3244","123","805","550","0","928","0","6","6","1000","1997","3.994","79","5.046328311696469","0","40.2","3.628282828282828","10","787","750"
"248","BA","1000","2","0.1","50","0.1","0.5","1","legal","targeted","78.6935333840122","9","85.95312390841016","85.95312390841016","75","80","80","fixed","1","1","50","1554","8","50","21814930","v2.0-design-v1.0","42.50000000000001","9.8","32.7","97.02363583309017","true","45.552000000000014","38.668000000000006","50","57.49999999999999","98","500","575","575","0","0","0","0","0","4722","3325","102","739","556","0","841","0","6","6","1000","1997","3.994","74","5.141244634949428","0","42.9","3.601010101010101","10","787","750"
"249","BA","1000","2","0.1","50","0.1","0.5","1","legal","targeted","78.6935333840122","9","85.95312390841016","85.95312390841016","75","80","80","fixed","1","1","50","1554","9","50","21814931","v2.0-design-v1.0","45.49999999999999","12.1","33.39999999999999","96.19549312262218","true","48.692","40.89399999999999","50","54.50000000000001","121","500","545","545","0","0","0","0","0","4722","3287","130","810","495","0","940","0","6","6","1000","1997","3.994","88","5.437787558698245","0","44.1","3.588888888888889","10","787","750"
"251","BA","1000","2","0.1","50","0.1","0.5","1","legal","targeted","78.6935333840122","9","85.95312390841016","85.95312390841016","75","80","80","fixed","1","1","50","1554","11","50","21814933","v2.0-design-v1.0","42.800000000000004","12.6","30.200000000000003","96.0104834012813","true","47.38399999999999","38.09600000000001","50","57.199999999999996","126","500","572","572","0","0","0","0","0","4722","3297","137","768","520","0","905","0","6","6","1000","1997","3.994","88","5.529062717543946","0","46.1","3.5686868686868687","10","787","750"
"250","BA","1000","2","0.1","50","0.1","0.5","1","legal","targeted","78.6935333840122","9","85.95312390841016","85.95312390841016","75","80","80","fixed","1","1","50","1554","10","50","21814932","v2.0-design-v1.0","42.2","11","31.200000000000003","96.56992084432717","true","46.82999999999999","39.772000000000006","50","57.8","110","500","578","578","0","0","0","0","0","4722","3294","117","774","537","0","891","0","6","6","1000","1997","3.994","89","5.493099137839955","0","42.5","3.605050505050505","10","787","750"
"252","BA","1000","2","0.1","50","0.1","0.5","1","legal","targeted","78.6935333840122","9","85.95312390841016","85.95312390841016","75","80","80","fixed","1","1","50","1554","12","50","21814934","v2.0-design-v1.0","43.2","12.1","31.1","96.23467600700525","true","48.16399999999999","40.15","50","56.8","121","500","568","568","0","0","0","0","0","4722","3297","129","792","504","0","921","0","6","6","1000","1997","3.994","60","5.018480761061962","0","42.5","3.605050505050505","10","787","750"
"253","BA","1000","2","0.1","50","0.1","0.5","1","legal","targeted","78.6935333840122","9","85.95312390841016","85.95312390841016","75","80","80","fixed","1","1","50","1554","13","50","21814935","v2.0-design-v1.0","39.800000000000004","10.8","29.000000000000004","96.57794676806084","true","47.023999999999994","40.292","50","60.199999999999996","108","500","602","602","0","0","0","0","0","4722","3302","117","764","539","0","881","0","6","6","1000","1997","3.994","106","5.894464242720367","0","50.5","3.5242424242424244","10","787","750"
"254","BA","1000","2","0.1","50","0.1","0.5","1","legal","targeted","78.6935333840122","9","85.95312390841016","85.95312390841016","75","80","80","fixed","1","1","50","1554","14","50","21814936","v2.0-design-v1.0","43.10000000000001","12.7","30.40000000000001","96.10119047619048","true","48.44999999999998","39.566","50","56.89999999999999","127","500","569","569","0","0","0","0","0","4722","3229","131","837","525","0","968","0","6","6","1000","1997","3.994","78","4.915091262847722","0","39.6","3.6343434343434344","10","787","750"
"255","BA","1000","2","0.1","50","0.1","0.5","1","legal","targeted","78.6935333840122","9","85.95312390841016","85.95312390841016","75","80","80","fixed","1","1","50","1554","15","50","21814937","v2.0-design-v1.0","46.4","13.100000000000001","33.3","95.80908032596042","true","49.45","40.274","50","53.6","131","500","536","536","0","0","0","0","0","4722","3292","144","798","488","0","942","0","6","6","1000","1997","3.994","64","4.933386494316276","0","42","3.61010101010101","10","787","750"
"256","BA","1000","2","0.1","50","0.1","0.5","1","legal","targeted","78.6935333840122","9","85.95312390841016","85.95312390841016","75","80","80","fixed","1","1","50","1554","16","50","21814938","v2.0-design-v1.0","39.5","10.5","29","96.60466489518748","true","47.66400000000001","40.38600000000001","50","60.5","105","500","605","605","0","0","0","0","0","4722","3272","115","784","551","0","899","0","6","6","1000","1997","3.994","71","5.2533381350871995","0","45.6","3.573737373737374","10","787","750"
"257","BA","1000","2","0.1","50","0.1","0.5","1","legal","targeted","78.6935333840122","9","85.95312390841016","85.95312390841016","75","80","80","fixed","1","1","50","1554","17","50","21814939","v2.0-design-v1.0","39.5","11.700000000000001","27.799999999999997","96.38235294117648","true","46.542000000000016","38.226","50","60.5","117","500","605","605","0","0","0","0","0","4722","3277","123","812","510","0","935","0","6","6","1000","1997","3.994","99","5.787699150911479","0","47","3.5595959595959594","10","787","750"
"258","BA","1000","2","0.1","50","0.1","0.5","1","legal","targeted","78.6935333840122","9","85.95312390841016","85.95312390841016","75","80","80","fixed","1","1","50","1554","18","50","21814940","v2.0-design-v1.0","42.6","12","30.6","96.34972034147778","true","47.838","39.653999999999975","50","57.4","120","500","574","574","0","0","0","0","0","4722","3273","124","798","527","0","922","0","6","6","1000","1997","3.994","69","5.070865574798606","0","41.8","3.6121212121212123","10","787","750"
"259","BA","1000","2","0.1","50","0.1","0.5","1","legal","targeted","78.6935333840122","9","85.95312390841016","85.95312390841016","75","80","80","fixed","1","1","50","1554","19","50","21814941","v2.0-design-v1.0","41.1","12.8","28.3","95.98346131128174","true","47.733999999999995","39.416","50","58.9","128","500","589","589","0","0","0","0","0","4722","3250","136","786","550","0","922","0","6","6","1000","1997","3.994","76","5.29131004213152","0","45.2","3.577777777777778","10","787","750"
"260","BA","1000","2","0.1","50","0.1","0.5","1","legal","targeted","78.6935333840122","9","85.95312390841016","85.95312390841016","75","80","80","fixed","1","1","50","1554","20","50","21814942","v2.0-design-v1.0","41.6","11.5","30.1","96.41693811074919","true","46.512","38.504","50","58.4","115","500","584","584","0","0","0","0","0","4722","3256","121","788","557","0","909","0","6","6","1000","1997","3.994","89","5.147665729479955","0","41.7","3.613131313131313","10","787","750"
"261","BA","1000","2","0.1","50","0.1","0.5","1","legal","targeted","78.6935333840122","9","85.95312390841016","85.95312390841016","75","80","80","fixed","1","1","50","1554","21","50","21814943","v2.0-design-v1.0","40.400000000000006","11.3","29.100000000000005","96.41503934712912","true","47.015999999999984","39.388000000000005","50","59.599999999999994","113","500","596","596","0","0","0","0","0","4722","3308","123","763","528","0","886","0","6","6","1000","1997","3.994","65","5.100782487225062","0","44.2","3.587878787878788","10","787","750"
"262","BA","1000","2","0.1","50","0.1","0.5","1","legal","targeted","78.6935333840122","9","85.95312390841016","85.95312390841016","75","80","80","fixed","1","1","50","1554","22","50","21814944","v2.0-design-v1.0","39.800000000000004","11.200000000000001","28.6","96.55969933506793","true","46.44999999999999","39.066","50","60.199999999999996","112","500","602","602","0","0","0","0","0","4722","3340","119","731","532","0","850","0","6","6","1000","1997","3.994","103","5.947885451262625","0","50.7","3.522222222222222","10","787","750"
"263","BA","1000","2","0.1","50","0.1","0.5","1","legal","targeted","78.6935333840122","9","85.95312390841016","85.95312390841016","75","80","80","fixed","1","1","50","1554","23","50","21814945","v2.0-design-v1.0","36.4","12.3","24.099999999999998","96.05809128630706","true","46.61","38.234","50","63.6","123","500","636","636","0","0","0","0","0","4722","3241","133","809","539","0","942","0","6","6","1000","1997","3.994","110","5.732960040923951","0","44.8","3.581818181818182","10","787","750"
"264","BA","1000","2","0.1","50","0.1","0.5","1","legal","targeted","78.6935333840122","9","85.95312390841016","85.95312390841016","75","80","80","fixed","1","1","50","1554","24","50","21814946","v2.0-design-v1.0","42.00000000000001","12.3","29.700000000000006","96.15048118985126","true","46.941999999999986","38.44","50","57.99999999999999","123","500","580","580","0","0","0","0","0","4722","3297","132","755","538","0","887","0","6","6","1000","1997","3.994","80","5.728069026711766","0","50.3","3.526262626262626","10","787","750"
"265","BA","1000","2","0.1","50","0.1","0.5","1","legal","targeted","78.6935333840122","9","85.95312390841016","85.95312390841016","75","80","80","fixed","1","1","50","1554","25","50","21814947","v2.0-design-v1.0","38.1","13.4","24.700000000000003","95.9023539668701","true","48.215999999999994","39.208","50","61.9","134","500","619","619","0","0","0","0","0","4722","3300","141","776","505","0","917","0","6","6","1000","1997","3.994","63","5.2037527845818135","0","45.2","3.577777777777778","10","787","750"
"266","BA","1000","2","0.1","50","0.1","0.5","1","legal","targeted","78.6935333840122","9","85.95312390841016","85.95312390841016","75","80","80","fixed","1","1","50","1554","26","50","21814948","v2.0-design-v1.0","42.7","14.499999999999998","28.200000000000003","95.44920728126834","true","48.65200000000001","40.181999999999995","50","57.3","145","500","573","573","0","0","0","0","0","4722","3251","155","834","482","0","989","0","6","6","1000","1997","3.994","61","4.698088551319139","0","37.9","3.6515151515151514","10","787","750"
"267","BA","1000","2","0.1","50","0.1","0.5","1","legal","targeted","78.6935333840122","9","85.95312390841016","85.95312390841016","75","80","80","fixed","1","1","50","1554","27","50","21814949","v2.0-design-v1.0","40.400000000000006","12.5","27.900000000000006","96.01523586287723","true","47.71400000000001","39.048000000000016","50","59.599999999999994","125","500","596","596","0","0","0","0","0","4722","3277","136","760","549","0","896","0","6","6","1000","1997","3.994","134","5.933056983138246","0","46.2","3.5676767676767676","10","787","750"
"268","BA","1000","2","0.1","50","0.1","0.5","1","legal","targeted","78.6935333840122","9","85.95312390841016","85.95312390841016","75","80","80","fixed","1","1","50","1554","28","50","21814950","v2.0-design-v1.0","40.7","12.2","28.500000000000004","96.26713327500728","true","47.08599999999998","38.828","50","59.3","122","500","593","593","0","0","0","0","0","4722","3301","128","751","542","0","879","0","6","6","1000","1997","3.994","65","4.923434188064682","0","39.5","3.6353535353535356","10","787","750"
"269","BA","1000","2","0.1","50","0.1","0.5","1","legal","targeted","78.6935333840122","9","85.95312390841016","85.95312390841016","75","80","80","fixed","1","1","50","1554","29","50","21814951","v2.0-design-v1.0","41.300000000000004","13.100000000000001","28.200000000000003","95.87357330992099","true","48.474","39.31599999999999","50","58.699999999999996","131","500","587","587","0","0","0","0","0","4722","3276","141","786","519","0","927","0","6","6","1000","1997","3.994","80","4.838323405206939","0","37.7","3.6535353535353536","10","787","750"
"270","BA","1000","2","0.1","50","0.1","0.5","1","legal","targeted","78.6935333840122","9","85.95312390841016","85.95312390841016","75","80","80","fixed","1","1","50","1554","30","50","21814952","v2.0-design-v1.0","41.6","11.5","30.1","96.47058823529412","true","47.44599999999998","39.45600000000001","50","58.4","115","500","584","584","0","0","0","0","0","4722","3280","120","798","524","0","918","0","6","6","1000","1997","3.994","84","5.185832320549594","0","41.4","3.6161616161616164","10","787","750"
"271","BA","1000","2","0.1","50","0.1","0.5","1","legal","targeted","8.956738322869121","2","97.66714868613245","97.66714868613245","75","80","80","fixed","1","1","50","1555","1","50","21815923","v2.0-design-v1.0","3.200000000000003","0.8","2.400000000000003","99.58224543080941","true","12.6","12.088000000000001","50","96.8","8","500","968","968","0","0","0","0","0","2250","1907","8","298","37","0","306","0","25","25","1000","1997","3.994","85","5.074614834222953","0","40.8","3.6222222222222222","10","90","750"
"272","BA","1000","2","0.1","50","0.1","0.5","1","legal","targeted","8.956738322869121","2","97.66714868613245","97.66714868613245","75","80","80","fixed","1","1","50","1555","2","50","21815924","v2.0-design-v1.0","3.1000000000000085","0.5","2.6000000000000085","99.73753280839895","true","12.412000000000004","12.064000000000005","50","96.89999999999999","5","500","969","969","0","0","0","0","0","2250","1900","5","304","41","0","309","0","25","25","1000","1997","3.994","112","5.815133685460704","0","47.1","3.5585858585858587","10","90","750"
"273","BA","1000","2","0.1","50","0.1","0.5","1","legal","targeted","8.956738322869121","2","97.66714868613245","97.66714868613245","75","80","80","fixed","1","1","50","1555","3","50","21815925","v2.0-design-v1.0","3.6000000000000085","0.8","2.8000000000000087","99.57333333333334","true","11.988000000000001","11.46","50","96.39999999999999","8","500","964","964","0","0","0","0","0","2250","1867","8","314","61","0","322","0","25","25","1000","1997","3.994","85","5.061381390646382","0","42.1","3.609090909090909","10","90","750"
"274","BA","1000","2","0.1","50","0.1","0.5","1","legal","targeted","8.956738322869121","2","97.66714868613245","97.66714868613245","75","80","80","fixed","1","1","50","1555","4","50","21815926","v2.0-design-v1.0","3.6000000000000085","0.7000000000000001","2.9000000000000083","99.62746141564662","true","12.94","12.584000000000001","50","96.39999999999999","7","500","964","964","0","0","0","0","0","2250","1872","7","333","38","0","340","0","25","25","1000","1997","3.994","75","5.101174961318803","0","41.9","3.611111111111111","10","90","750"
"275","BA","1000","2","0.1","50","0.1","0.5","1","legal","targeted","8.956738322869121","2","97.66714868613245","97.66714868613245","75","80","80","fixed","1","1","50","1555","5","50","21815927","v2.0-design-v1.0","3.200000000000003","0.8999999999999999","2.300000000000003","99.52178533475026","true","12.628000000000002","12.367999999999995","50","96.8","9","500","968","968","0","0","0","0","0","2250","1873","9","326","42","0","335","0","25","25","1000","1997","3.994","107","5.708463063780866","0","45","3.5797979797979798","10","90","750"
"276","BA","1000","2","0.1","50","0.1","0.5","1","legal","targeted","8.956738322869121","2","97.66714868613245","97.66714868613245","75","80","80","fixed","1","1","50","1555","6","50","21815928","v2.0-design-v1.0","3.700000000000003","1.0999999999999999","2.600000000000003","99.31614939505523","true","11.791999999999998","11.152000000000001","50","96.3","11","500","963","963","0","0","0","0","0","2250","1888","13","310","39","0","323","0","25","25","1000","1997","3.994","85","5.232144812535223","0","43.2","3.597979797979798","10","90","750"
"277","BA","1000","2","0.1","50","0.1","0.5","1","legal","targeted","8.956738322869121","2","97.66714868613245","97.66714868613245","75","80","80","fixed","1","1","50","1555","7","50","21815929","v2.0-design-v1.0","4","0.7000000000000001","3.3","99.63021658742737","true","12.772000000000002","12.344","50","96","7","500","960","960","0","0","0","0","0","2250","1886","7","317","40","0","324","0","25","25","1000","1997","3.994","87","5.310005664795476","0","44.2","3.587878787878788","10","90","750"
"279","BA","1000","2","0.1","50","0.1","0.5","1","legal","targeted","8.956738322869121","2","97.66714868613245","97.66714868613245","75","80","80","fixed","1","1","50","1555","9","50","21815931","v2.0-design-v1.0","3.5","0.5","3","99.7373949579832","true","12.722000000000003","12.366","50","96.5","5","500","965","965","0","0","0","0","0","2250","1899","5","309","37","0","314","0","25","25","1000","1997","3.994","60","4.962921981513967","0","40.8","3.6222222222222222","10","90","750"
"278","BA","1000","2","0.1","50","0.1","0.5","1","legal","targeted","8.956738322869121","2","97.66714868613245","97.66714868613245","75","80","80","fixed","1","1","50","1555","8","50","21815930","v2.0-design-v1.0","4","0.8","3.2","99.51612903225806","true","12.485999999999995","11.942000000000005","50","96","8","500","960","960","0","0","0","0","0","2250","1851","9","353","37","0","362","0","25","25","1000","1997","3.994","70","5.42691582903359","0","47.5","3.5545454545454547","10","90","750"
"280","BA","1000","2","0.1","50","0.1","0.5","1","legal","targeted","8.956738322869121","2","97.66714868613245","97.66714868613245","75","80","80","fixed","1","1","50","1555","10","50","21815932","v2.0-design-v1.0","3.9000000000000057","0.8999999999999999","3.0000000000000058","99.52706253284288","true","12.445999999999994","11.845999999999998","50","96.1","9","500","961","961","0","0","0","0","0","2250","1894","9","309","38","0","318","0","25","25","1000","1997","3.994","78","5.739242363143658","0","50.7","3.522222222222222","10","90","750"
"281","BA","1000","2","0.1","50","0.1","0.5","1","legal","targeted","8.956738322869121","2","97.66714868613245","97.66714868613245","75","80","80","fixed","1","1","50","1555","11","50","21815933","v2.0-design-v1.0","3.700000000000003","0.8","2.900000000000003","99.52153110047847","true","12.748000000000001","12.152000000000003","50","96.3","8","500","963","963","0","0","0","0","0","2250","1872","9","323","46","0","332","0","25","25","1000","1997","3.994","76","5.1099976591067025","0","41.8","3.6121212121212123","10","90","750"
"282","BA","1000","2","0.1","50","0.1","0.5","1","legal","targeted","8.956738322869121","2","97.66714868613245","97.66714868613245","75","80","80","fixed","1","1","50","1555","12","50","21815934","v2.0-design-v1.0","3.200000000000003","0.8999999999999999","2.300000000000003","99.52305246422894","true","12.322000000000001","11.969999999999994","50","96.8","9","500","968","968","0","0","0","0","0","2250","1878","9","312","51","0","321","0","25","25","1000","1997","3.994","81","5.0609858306043005","0","40.5","3.625252525252525","10","90","750"
"283","BA","1000","2","0.1","50","0.1","0.5","1","legal","targeted","8.956738322869121","2","97.66714868613245","97.66714868613245","75","80","80","fixed","1","1","50","1555","13","50","21815935","v2.0-design-v1.0","3.4000000000000057","0.7000000000000001","2.7000000000000055","99.62486602357986","true","13.288000000000004","12.912000000000008","50","96.6","7","500","966","966","0","0","0","0","0","2250","1859","7","340","44","0","347","0","25","25","1000","1997","3.994","90","5.30944009799094","0","44.2","3.587878787878788","10","90","750"
"284","BA","1000","2","0.1","50","0.1","0.5","1","legal","targeted","8.956738322869121","2","97.66714868613245","97.66714868613245","75","80","80","fixed","1","1","50","1555","14","50","21815936","v2.0-design-v1.0","3.200000000000003","1.0999999999999999","2.100000000000003","99.25133689839572","true","12.448","11.719999999999995","50","96.8","11","500","968","968","0","0","0","0","0","2250","1856","14","329","51","0","343","0","25","25","1000","1997","3.994","92","5.246474005414433","0","43.1","3.598989898989899","10","90","750"
"285","BA","1000","2","0.1","50","0.1","0.5","1","legal","targeted","8.956738322869121","2","97.66714868613245","97.66714868613245","75","80","80","fixed","1","1","50","1555","15","50","21815937","v2.0-design-v1.0","4.900000000000006","0.6","4.300000000000006","99.68404423380727","true","12.786","12.478","50","95.1","6","500","951","951","0","0","0","0","0","2250","1893","6","309","42","0","315","0","25","25","1000","1997","3.994","82","5.546596138960237","0","48.1","3.5484848484848484","10","90","750"
"286","BA","1000","2","0.1","50","0.1","0.5","1","legal","targeted","8.956738322869121","2","97.66714868613245","97.66714868613245","75","80","80","fixed","1","1","50","1555","16","50","21815938","v2.0-design-v1.0","3.6000000000000085","0.7000000000000001","2.9000000000000083","99.62018448182312","true","13.188000000000004","12.840000000000002","50","96.39999999999999","7","500","964","964","0","0","0","0","0","2250","1836","7","355","52","0","362","0","25","25","1000","1997","3.994","87","5.647464728341182","0","47.2","3.5575757575757576","10","90","750"
"287","BA","1000","2","0.1","50","0.1","0.5","1","legal","targeted","8.956738322869121","2","97.66714868613245","97.66714868613245","75","80","80","fixed","1","1","50","1555","17","50","21815939","v2.0-design-v1.0","4","0.5","3.5","99.73247726056714","true","12.294000000000004","12.03","50","96","5","500","960","960","0","0","0","0","0","2250","1864","5","333","48","0","338","0","25","25","1000","1997","3.994","68","5.023464859954642","0","41.9","3.611111111111111","10","90","750"
"288","BA","1000","2","0.1","50","0.1","0.5","1","legal","targeted","8.956738322869121","2","97.66714868613245","97.66714868613245","75","80","80","fixed","1","1","50","1555","18","50","21815940","v2.0-design-v1.0","4.1000000000000085","0.5","3.6000000000000085","99.73418394471027","true","13.327999999999996","13.032000000000004","50","95.89999999999999","5","500","959","959","0","0","0","0","0","2250","1876","5","335","34","0","340","0","25","25","1000","1997","3.994","85","5.695823593336286","0","48.9","3.54040404040404","10","90","750"
"289","BA","1000","2","0.1","50","0.1","0.5","1","legal","targeted","8.956738322869121","2","97.66714868613245","97.66714868613245","75","80","80","fixed","1","1","50","1555","19","50","21815941","v2.0-design-v1.0","3.700000000000003","0.6","3.1000000000000028","99.68270756213644","true","12.623999999999999","12.187999999999999","50","96.3","6","500","963","963","0","0","0","0","0","2250","1885","6","318","41","0","324","0","25","25","1000","1997","3.994","103","5.422117977632288","0","41.8","3.6121212121212123","10","90","750"
"290","BA","1000","2","0.1","50","0.1","0.5","1","legal","targeted","8.956738322869121","2","97.66714868613245","97.66714868613245","75","80","80","fixed","1","1","50","1555","20","50","21815942","v2.0-design-v1.0","3.799999999999997","1.2","2.599999999999997","99.3660855784469","true","12.343999999999996","11.472000000000001","50","96.2","12","500","962","962","0","0","0","0","0","2250","1881","12","306","51","0","318","0","25","25","1000","1997","3.994","94","5.118414028013176","0","41","3.6202020202020204","10","90","750"
"292","BA","1000","2","0.1","50","0.1","0.5","1","legal","targeted","8.956738322869121","2","97.66714868613245","97.66714868613245","75","80","80","fixed","1","1","50","1555","22","50","21815944","v2.0-design-v1.0","3.4000000000000057","0.5","2.9000000000000057","99.6742671009772","true","12.971999999999994","12.579999999999995","50","96.6","5","500","966","966","0","0","0","0","0","2250","1836","6","374","34","0","380","0","25","25","1000","1997","3.994","68","5.004298852687251","0","41.1","3.6191919191919193","10","90","750"
"291","BA","1000","2","0.1","50","0.1","0.5","1","legal","targeted","8.956738322869121","2","97.66714868613245","97.66714868613245","75","80","80","fixed","1","1","50","1555","21","50","21815943","v2.0-design-v1.0","3.5","0.7000000000000001","2.8","99.62121212121212","true","12.748","12.38","50","96.5","7","500","965","965","0","0","0","0","0","2250","1841","7","345","57","0","352","0","25","25","1000","1997","3.994","52","4.812808652660839","0","41.3","3.617171717171717","10","90","750"
"294","BA","1000","2","0.1","50","0.1","0.5","1","legal","targeted","8.956738322869121","2","97.66714868613245","97.66714868613245","75","80","80","fixed","1","1","50","1555","24","50","21815946","v2.0-design-v1.0","4","0.7000000000000001","3.3","99.52380952380952","true","13.318","12.941999999999997","50","96","7","500","960","960","0","0","0","0","0","2250","1881","9","317","43","0","326","0","25","25","1000","1997","3.994","54","4.839564586343001","0","40.3","3.6272727272727274","10","90","750"
"293","BA","1000","2","0.1","50","0.1","0.5","1","legal","targeted","8.956738322869121","2","97.66714868613245","97.66714868613245","75","80","80","fixed","1","1","50","1555","23","50","21815945","v2.0-design-v1.0","3.9000000000000057","1.3","2.600000000000006","99.29767693138844","true","12.976000000000004","12.255999999999998","50","96.1","13","500","961","961","0","0","0","0","0","2250","1838","13","356","43","0","369","0","25","25","1000","1997","3.994","61","4.880961768728338","0","39.9","3.6313131313131315","10","90","750"
"295","BA","1000","2","0.1","50","0.1","0.5","1","legal","targeted","8.956738322869121","2","97.66714868613245","97.66714868613245","75","80","80","fixed","1","1","50","1555","25","50","21815947","v2.0-design-v1.0","3.799999999999997","0.4","3.3999999999999972","99.78958442924777","true","12.686","12.434","50","96.2","4","500","962","962","0","0","0","0","0","2250","1897","4","305","44","0","309","0","25","25","1000","1997","3.994","58","4.9534332033954405","0","42.1","3.609090909090909","10","90","750"
"296","BA","1000","2","0.1","50","0.1","0.5","1","legal","targeted","8.956738322869121","2","97.66714868613245","97.66714868613245","75","80","80","fixed","1","1","50","1555","26","50","21815948","v2.0-design-v1.0","2.700000000000003","0.7000000000000001","2.0000000000000027","99.63021658742737","true","13.414000000000009","13.042000000000005","50","97.3","7","500","973","973","0","0","0","0","0","2250","1886","7","313","44","0","320","0","25","25","1000","1997","3.994","108","5.3228090606648815","0","39.9","3.6313131313131315","10","90","750"
"297","BA","1000","2","0.1","50","0.1","0.5","1","legal","targeted","8.956738322869121","2","97.66714868613245","97.66714868613245","75","80","80","fixed","1","1","50","1555","27","50","21815949","v2.0-design-v1.0","4.6000000000000085","1.3","3.3000000000000087","99.25373134328358","true","13.116000000000003","12.51599999999999","50","95.39999999999999","13","500","954","954","0","0","0","0","0","2250","1862","14","335","39","0","349","0","25","25","1000","1997","3.994","107","5.588487737769052","0","44.8","3.581818181818182","10","90","750"
"298","BA","1000","2","0.1","50","0.1","0.5","1","legal","targeted","8.956738322869121","2","97.66714868613245","97.66714868613245","75","80","80","fixed","1","1","50","1555","28","50","21815950","v2.0-design-v1.0","3.799999999999997","0.5","3.299999999999997","99.7355896351137","true","12.334000000000001","12.113999999999999","50","96.2","5","500","962","962","0","0","0","0","0","2250","1886","5","321","38","0","326","0","25","25","1000","1997","3.994","105","5.271029097600171","0","41.4","3.6161616161616164","10","90","750"
"299","BA","1000","2","0.1","50","0.1","0.5","1","legal","targeted","8.956738322869121","2","97.66714868613245","97.66714868613245","75","80","80","fixed","1","1","50","1555","29","50","21815951","v2.0-design-v1.0","3.299999999999997","0.8","2.4999999999999973","99.57356076759062","true","12.056","11.488","50","96.7","8","500","967","967","0","0","0","0","0","2250","1868","8","309","65","0","317","0","25","25","1000","1997","3.994","116","5.688261625516202","0","46","3.56969696969697","10","90","750"
"300","BA","1000","2","0.1","50","0.1","0.5","1","legal","targeted","8.956738322869121","2","97.66714868613245","97.66714868613245","75","80","80","fixed","1","1","50","1555","30","50","21815952","v2.0-design-v1.0","2.700000000000003","0.8","1.9000000000000028","99.46666666666667","true","12.55","12.018000000000002","50","97.3","8","500","973","973","0","0","0","0","0","2250","1865","10","333","42","0","343","0","25","25","1000","1997","3.994","117","5.400845594268831","0","40","3.6303030303030304","10","90","750"
"302","BA","1000","2","0.1","50","0.1","0.5","1","legal","targeted","44.14976647223712","6","87.84521610205366","87.84521610205366","75","80","80","fixed","1","1","50","1556","2","50","21816924","v2.0-design-v1.0","31.69999999999999","6.7","24.99999999999999","97.51984126984127","true","28.02","23.432000000000013","50","68.30000000000001","67","500","683","683","0","0","0","0","0","3969","2949","75","524","421","0","599","0","9","9","1000","1997","3.994","76","5.090764174451588","0","41","3.6202020202020204","10","441","750"
"301","BA","1000","2","0.1","50","0.1","0.5","1","legal","targeted","44.14976647223712","6","87.84521610205366","87.84521610205366","75","80","80","fixed","1","1","50","1556","1","50","21816923","v2.0-design-v1.0","28.700000000000003","7.3","21.400000000000002","97.20632783574554","true","27.732000000000014","22.928000000000008","50","71.3","73","500","713","713","0","0","0","0","0","3969","2888","83","566","432","0","649","0","9","9","1000","1997","3.994","63","4.861645770682959","0","37.5","3.6555555555555554","10","441","750"
"304","BA","1000","2","0.1","50","0.1","0.5","1","legal","targeted","44.14976647223712","6","87.84521610205366","87.84521610205366","75","80","80","fixed","1","1","50","1556","4","50","21816926","v2.0-design-v1.0","32.69999999999999","6.800000000000001","25.899999999999988","97.60262725779967","true","29.264","24.528000000000006","50","67.30000000000001","68","500","673","673","0","0","0","0","0","3969","2972","73","525","399","0","598","0","9","9","1000","1997","3.994","62","5.075403799080779","0","43.3","3.596969696969697","10","441","750"
"303","BA","1000","2","0.1","50","0.1","0.5","1","legal","targeted","44.14976647223712","6","87.84521610205366","87.84521610205366","75","80","80","fixed","1","1","50","1556","3","50","21816925","v2.0-design-v1.0","30.60000000000001","6.5","24.10000000000001","97.67673415200797","true","29.048","25.019999999999996","50","69.39999999999999","65","500","694","694","0","0","0","0","0","3969","2943","70","536","420","0","606","0","9","9","1000","1997","3.994","78","5.369804353866043","0","45","3.5797979797979798","10","441","750"
"305","BA","1000","2","0.1","50","0.1","0.5","1","legal","targeted","44.14976647223712","6","87.84521610205366","87.84521610205366","75","80","80","fixed","1","1","50","1556","5","50","21816927","v2.0-design-v1.0","30.700000000000003","9.1","21.6","96.89896632210737","true","28.452","22.856000000000005","50","69.3","91","500","693","693","0","0","0","0","0","3969","2906","93","565","405","0","658","0","9","9","1000","1997","3.994","101","5.432999308069292","0","45.2","3.577777777777778","10","441","750"
"306","BA","1000","2","0.1","50","0.1","0.5","1","legal","targeted","44.14976647223712","6","87.84521610205366","87.84521610205366","75","80","80","fixed","1","1","50","1556","6","50","21816928","v2.0-design-v1.0","30.900000000000006","5.5","25.400000000000006","98.04049640757675","true","28.796","25.119999999999994","50","69.1","55","500","691","691","0","0","0","0","0","3969","3002","60","502","405","0","562","0","9","9","1000","1997","3.994","71","5.220077893404766","0","45.1","3.5787878787878786","10","441","750"
"307","BA","1000","2","0.1","50","0.1","0.5","1","legal","targeted","44.14976647223712","6","87.84521610205366","87.84521610205366","75","80","80","fixed","1","1","50","1556","7","50","21816929","v2.0-design-v1.0","32.69999999999999","6.800000000000001","25.899999999999988","97.56978653530378","true","28.675999999999995","24.228000000000005","50","67.30000000000001","68","500","673","673","0","0","0","0","0","3969","2971","74","529","395","0","603","0","9","9","1000","1997","3.994","85","5.322056772366133","0","44.4","3.585858585858586","10","441","750"
"308","BA","1000","2","0.1","50","0.1","0.5","1","legal","targeted","44.14976647223712","6","87.84521610205366","87.84521610205366","75","80","80","fixed","1","1","50","1556","8","50","21816930","v2.0-design-v1.0","32.099999999999994","8.1","23.999999999999993","97.0520039748261","true","29.059999999999995","23.515999999999995","50","67.9","81","500","679","679","0","0","0","0","0","3969","2930","89","555","395","0","644","0","9","9","1000","1997","3.994","74","5.482154505120946","0","48.3","3.5464646464646465","10","441","750"
"309","BA","1000","2","0.1","50","0.1","0.5","1","legal","targeted","44.14976647223712","6","87.84521610205366","87.84521610205366","75","80","80","fixed","1","1","50","1556","9","50","21816931","v2.0-design-v1.0","31.39999999999999","6.9","24.499999999999993","97.59234828496042","true","27.682000000000002","22.822000000000006","50","68.60000000000001","69","500","686","686","0","0","0","0","0","3969","2959","73","524","413","0","597","0","9","9","1000","1997","3.994","121","5.783719859693704","0","45.7","3.5727272727272728","10","441","750"
"310","BA","1000","2","0.1","50","0.1","0.5","1","legal","targeted","44.14976647223712","6","87.84521610205366","87.84521610205366","75","80","80","fixed","1","1","50","1556","10","50","21816932","v2.0-design-v1.0","32.599999999999994","7.199999999999999","25.399999999999995","97.39498534679257","true","28.405999999999995","23.654000000000007","50","67.4","72","500","674","674","0","0","0","0","0","3969","2991","80","510","388","0","590","0","9","9","1000","1997","3.994","113","5.596899971349245","0","44.1","3.588888888888889","10","441","750"
"311","BA","1000","2","0.1","50","0.1","0.5","1","legal","targeted","44.14976647223712","6","87.84521610205366","87.84521610205366","75","80","80","fixed","1","1","50","1556","11","50","21816933","v2.0-design-v1.0","30.10000000000001","6.7","23.40000000000001","97.59599332220368","true","29.037999999999997","25.001999999999995","50","69.89999999999999","67","500","699","699","0","0","0","0","0","3969","2923","72","571","403","0","643","0","9","9","1000","1997","3.994","79","5.421748736280508","0","45.4","3.5757575757575757","10","441","750"
"312","BA","1000","2","0.1","50","0.1","0.5","1","legal","targeted","44.14976647223712","6","87.84521610205366","87.84521610205366","75","80","80","fixed","1","1","50","1556","12","50","21816934","v2.0-design-v1.0","30.10000000000001","7.5","22.60000000000001","97.22589167767504","true","28.064","23.3","50","69.89999999999999","75","500","699","699","0","0","0","0","0","3969","2944","84","531","410","0","615","0","9","9","1000","1997","3.994","79","5.406773270370889","0","46.6","3.5636363636363635","10","441","750"
"313","BA","1000","2","0.1","50","0.1","0.5","1","legal","targeted","44.14976647223712","6","87.84521610205366","87.84521610205366","75","80","80","fixed","1","1","50","1556","13","50","21816935","v2.0-design-v1.0","31.89999999999999","7.000000000000001","24.89999999999999","97.47759707932293","true","28.880000000000013","24.916000000000004","50","68.10000000000001","70","500","681","681","0","0","0","0","0","3969","2937","76","547","409","0","623","0","9","9","1000","1997","3.994","76","5.427838006557062","0","46.6","3.5636363636363635","10","441","750"
"314","BA","1000","2","0.1","50","0.1","0.5","1","legal","targeted","44.14976647223712","6","87.84521610205366","87.84521610205366","75","80","80","fixed","1","1","50","1556","14","50","21816936","v2.0-design-v1.0","32","7.9","24.1","97.10386151797603","true","27.569999999999997","22.441999999999997","50","68","79","500","680","680","0","0","0","0","0","3969","2917","87","539","426","0","626","0","9","9","1000","1997","3.994","82","5.409549632568976","0","45.1","3.5787878787878786","10","441","750"
"316","BA","1000","2","0.1","50","0.1","0.5","1","legal","targeted","44.14976647223712","6","87.84521610205366","87.84521610205366","75","80","80","fixed","1","1","50","1556","16","50","21816938","v2.0-design-v1.0","30.700000000000003","7.6","23.1","97.3044925124792","true","28.514000000000006","23.889999999999997","50","69.3","76","500","693","693","0","0","0","0","0","3969","2924","81","573","391","0","654","0","9","9","1000","1997","3.994","80","5.005698854407938","0","40.3","3.6272727272727274","10","441","750"
"315","BA","1000","2","0.1","50","0.1","0.5","1","legal","targeted","44.14976647223712","6","87.84521610205366","87.84521610205366","75","80","80","fixed","1","1","50","1556","15","50","21816937","v2.0-design-v1.0","30.60000000000001","6","24.60000000000001","97.87859007832898","true","27.537999999999993","23.40999999999999","50","69.39999999999999","60","500","694","694","0","0","0","0","0","3969","2999","65","488","417","0","553","0","9","9","1000","1997","3.994","70","4.9526248083710485","0","42.8","3.602020202020202","10","441","750"
"317","BA","1000","2","0.1","50","0.1","0.5","1","legal","targeted","44.14976647223712","6","87.84521610205366","87.84521610205366","75","80","80","fixed","1","1","50","1556","17","50","21816939","v2.0-design-v1.0","32.099999999999994","6.9","25.199999999999996","97.62376237623762","true","28.795999999999996","24.451999999999998","50","67.9","69","500","679","679","0","0","0","0","0","3969","2958","72","542","397","0","614","0","9","9","1000","1997","3.994","75","5.029439258929285","0","42.2","3.608080808080808","10","441","750"
"318","BA","1000","2","0.1","50","0.1","0.5","1","legal","targeted","44.14976647223712","6","87.84521610205366","87.84521610205366","75","80","80","fixed","1","1","50","1556","18","50","21816940","v2.0-design-v1.0","32","7.1","24.9","97.36060706037611","true","29.205999999999996","24.72200000000001","50","68","71","500","680","680","0","0","0","0","0","3969","2951","80","551","387","0","631","0","9","9","1000","1997","3.994","94","5.380233350971946","0","44.3","3.5868686868686868","10","441","750"
"320","BA","1000","2","0.1","50","0.1","0.5","1","legal","targeted","44.14976647223712","6","87.84521610205366","87.84521610205366","75","80","80","fixed","1","1","50","1556","20","50","21816942","v2.0-design-v1.0","32.8","8.1","24.699999999999996","97.13721618953603","true","28.987999999999996","23.54","50","67.2","81","500","672","672","0","0","0","0","0","3969","2952","87","525","405","0","612","0","9","9","1000","1997","3.994","68","4.817382190689365","0","39.1","3.639393939393939","10","441","750"
"319","BA","1000","2","0.1","50","0.1","0.5","1","legal","targeted","44.14976647223712","6","87.84521610205366","87.84521610205366","75","80","80","fixed","1","1","50","1556","19","50","21816941","v2.0-design-v1.0","30.700000000000003","6.6000000000000005","24.1","97.60399334442596","true","28.563999999999997","24.16","50","69.3","66","500","693","693","0","0","0","0","0","3969","2933","72","560","404","0","632","0","9","9","1000","1997","3.994","95","5.94165526324673","0","50.9","3.5202020202020203","10","441","750"
"321","BA","1000","2","0.1","50","0.1","0.5","1","legal","targeted","44.14976647223712","6","87.84521610205366","87.84521610205366","75","80","80","fixed","1","1","50","1556","21","50","21816943","v2.0-design-v1.0","32.599999999999994","6.4","26.199999999999996","97.72727272727273","true","28.808000000000003","24.507999999999996","50","67.4","64","500","674","674","0","0","0","0","0","3969","2967","69","519","414","0","588","0","9","9","1000","1997","3.994","78","5.264948592691437","0","44.9","3.580808080808081","10","441","750"
"322","BA","1000","2","0.1","50","0.1","0.5","1","legal","targeted","44.14976647223712","6","87.84521610205366","87.84521610205366","75","80","80","fixed","1","1","50","1556","22","50","21816944","v2.0-design-v1.0","33.8","5.6000000000000005","28.199999999999996","97.96921061251228","true","29.746","25.682000000000002","50","66.2","56","500","662","662","0","0","0","0","0","3969","2991","62","529","387","0","591","0","9","9","1000","1997","3.994","82","4.865967698376303","0","37.9","3.6515151515151514","10","441","750"
"323","BA","1000","2","0.1","50","0.1","0.5","1","legal","targeted","44.14976647223712","6","87.84521610205366","87.84521610205366","75","80","80","fixed","1","1","50","1556","23","50","21816945","v2.0-design-v1.0","32.3","6.6000000000000005","25.699999999999996","97.70114942528735","true","28.534000000000002","24.598000000000003","50","67.7","66","500","677","677","0","0","0","0","0","3969","2975","70","551","373","0","621","0","9","9","1000","1997","3.994","80","5.165331029531848","0","41.8","3.6121212121212123","10","441","750"
"325","BA","1000","2","0.1","50","0.1","0.5","1","legal","targeted","44.14976647223712","6","87.84521610205366","87.84521610205366","75","80","80","fixed","1","1","50","1556","25","50","21816947","v2.0-design-v1.0","31.5","6.4","25.1","97.72879091516367","true","28.32","23.65999999999999","50","68.5","64","500","685","685","0","0","0","0","0","3969","2926","68","572","403","0","640","0","9","9","1000","1997","3.994","85","5.194896625627008","0","43.4","3.595959595959596","10","441","750"
"324","BA","1000","2","0.1","50","0.1","0.5","1","legal","targeted","44.14976647223712","6","87.84521610205366","87.84521610205366","75","80","80","fixed","1","1","50","1556","24","50","21816946","v2.0-design-v1.0","30.400000000000006","6.2","24.200000000000006","97.78523489932886","true","28.684000000000005","24.788","50","69.6","62","500","696","696","0","0","0","0","0","3969","2914","66","565","424","0","631","0","9","9","1000","1997","3.994","79","5.1854462539739785","0","42.7","3.603030303030303","10","441","750"
"326","BA","1000","2","0.1","50","0.1","0.5","1","legal","targeted","44.14976647223712","6","87.84521610205366","87.84521610205366","75","80","80","fixed","1","1","50","1556","26","50","21816948","v2.0-design-v1.0","31.5","7.000000000000001","24.5","97.50841750841751","true","28.851999999999997","24.096000000000004","50","68.5","70","500","685","685","0","0","0","0","0","3969","2896","74","574","425","0","648","0","9","9","1000","1997","3.994","90","5.436498829165644","0","46.1","3.5686868686868687","10","441","750"
"327","BA","1000","2","0.1","50","0.1","0.5","1","legal","targeted","44.14976647223712","6","87.84521610205366","87.84521610205366","75","80","80","fixed","1","1","50","1556","27","50","21816949","v2.0-design-v1.0","31.5","7.199999999999999","24.3","97.56018217306442","true","28.364","23.88799999999999","50","68.5","72","500","685","685","0","0","0","0","0","3969","2999","75","509","386","0","584","0","9","9","1000","1997","3.994","84","5.591173868269985","0","47.7","3.5525252525252524","10","441","750"
"328","BA","1000","2","0.1","50","0.1","0.5","1","legal","targeted","44.14976647223712","6","87.84521610205366","87.84521610205366","75","80","80","fixed","1","1","50","1556","28","50","21816950","v2.0-design-v1.0","32.89999999999999","6.7","26.199999999999992","97.6078167115903","true","29.066","24.622000000000007","50","67.10000000000001","67","500","671","671","0","0","0","0","0","3969","2897","71","587","414","0","658","0","9","9","1000","1997","3.994","86","5.313209406205829","0","44.4","3.585858585858586","10","441","750"
"329","BA","1000","2","0.1","50","0.1","0.5","1","legal","targeted","44.14976647223712","6","87.84521610205366","87.84521610205366","75","80","80","fixed","1","1","50","1556","29","50","21816951","v2.0-design-v1.0","33.2","6.2","27.000000000000004","97.8441127694859","true","28.718000000000004","24.834","50","66.8","62","500","668","668","0","0","0","0","0","3969","2950","65","553","401","0","618","0","9","9","1000","1997","3.994","69","4.802606482841262","0","39.6","3.6343434343434344","10","441","750"
"330","BA","1000","2","0.1","50","0.1","0.5","1","legal","targeted","44.14976647223712","6","87.84521610205366","87.84521610205366","75","80","80","fixed","1","1","50","1556","30","50","21816952","v2.0-design-v1.0","30.80000000000001","7.3","23.50000000000001","97.44346116027532","true","28.641999999999992","23.75400000000001","50","69.19999999999999","73","500","692","692","0","0","0","0","0","3969","2973","78","545","373","0","623","0","9","9","1000","1997","3.994","56","4.832734145317662","0","39.4","3.6363636363636362","10","441","750"
"331","BA","1000","2","0.1","50","0.1","0.5","1","legal","targeted","25.89735382369092","12","90.61510711745645","90.61510711745645","75","80","80","fixed","1","1","50","1557","1","50","21817923","v2.0-design-v1.0","15.100000000000009","1.0999999999999999","14.000000000000009","98.98989898989899","true","10.437999999999999","9.338","50","84.89999999999999","11","500","849","849","0","0","0","0","0","1295","1078","11","83","123","0","94","0","5","5","1000","1997","3.994","77","5.099015979967495","0","42.9","3.601010101010101","10","259","750"
"332","BA","1000","2","0.1","50","0.1","0.5","1","legal","targeted","25.89735382369092","12","90.61510711745645","90.61510711745645","75","80","80","fixed","1","1","50","1557","2","50","21817924","v2.0-design-v1.0","15","1.4000000000000001","13.6","98.71559633027523","true","10.510000000000002","9.110000000000003","50","85","14","500","850","850","0","0","0","0","0","1295","1076","14","78","127","0","92","0","5","5","1000","1997","3.994","67","5.183708598564807","0","44.6","3.583838383838384","10","259","750"
"333","BA","1000","2","0.1","50","0.1","0.5","1","legal","targeted","25.89735382369092","12","90.61510711745645","90.61510711745645","75","80","80","fixed","1","1","50","1557","3","50","21817925","v2.0-design-v1.0","14.600000000000009","0.7000000000000001","13.90000000000001","99.35897435897436","true","10.4","9.700000000000003","50","85.39999999999999","7","500","854","854","0","0","0","0","0","1295","1085","7","90","113","0","97","0","5","5","1000","1997","3.994","82","4.869874708827694","0","40.1","3.6292929292929292","10","259","750"
"334","BA","1000","2","0.1","50","0.1","0.5","1","legal","targeted","25.89735382369092","12","90.61510711745645","90.61510711745645","75","80","80","fixed","1","1","50","1557","4","50","21817926","v2.0-design-v1.0","14.400000000000006","1.5","12.900000000000006","98.64253393665159","true","11.010000000000002","9.51","50","85.6","15","500","856","856","0","0","0","0","0","1295","1090","15","70","120","0","85","0","5","5","1000","1997","3.994","75","4.868846852147804","0","39.2","3.6383838383838385","10","259","750"
"335","BA","1000","2","0.1","50","0.1","0.5","1","legal","targeted","25.89735382369092","12","90.61510711745645","90.61510711745645","75","80","80","fixed","1","1","50","1557","5","50","21817927","v2.0-design-v1.0","15.5","0.8","14.7","99.29203539823008","true","10.624000000000002","9.823999999999998","50","84.5","8","500","845","845","0","0","0","0","0","1295","1122","8","74","91","0","82","0","5","5","1000","1997","3.994","81","5.231953491511301","0","45.4","3.5757575757575757","10","259","750"
"336","BA","1000","2","0.1","50","0.1","0.5","1","legal","targeted","25.89735382369092","12","90.61510711745645","90.61510711745645","75","80","80","fixed","1","1","50","1557","6","50","21817928","v2.0-design-v1.0","14.5","0.5","14","99.54044117647058","true","10.478000000000002","9.978000000000002","50","85.5","5","500","855","855","0","0","0","0","0","1295","1083","5","85","122","0","90","0","5","5","1000","1997","3.994","148","6.167333297301226","0","44.7","3.5828282828282827","10","259","750"
"337","BA","1000","2","0.1","50","0.1","0.5","1","legal","targeted","25.89735382369092","12","90.61510711745645","90.61510711745645","75","80","80","fixed","1","1","50","1557","7","50","21817929","v2.0-design-v1.0","14.400000000000006","0.8999999999999999","13.500000000000005","99.17733089579525","true","10.734000000000004","9.858000000000002","50","85.6","9","500","856","856","0","0","0","0","0","1295","1085","9","89","112","0","98","0","5","5","1000","1997","3.994","76","5.318858360048154","0","43.4","3.595959595959596","10","259","750"
"338","BA","1000","2","0.1","50","0.1","0.5","1","legal","targeted","25.89735382369092","12","90.61510711745645","90.61510711745645","75","80","80","fixed","1","1","50","1557","8","50","21817930","v2.0-design-v1.0","15.299999999999997","0.7000000000000001","14.599999999999998","99.36536718041704","true","10.87","10.170000000000003","50","84.7","7","500","847","847","0","0","0","0","0","1295","1096","7","79","113","0","86","0","5","5","1000","1997","3.994","92","5.69424168686124","0","47.7","3.5525252525252524","10","259","750"
"340","BA","1000","2","0.1","50","0.1","0.5","1","legal","targeted","25.89735382369092","12","90.61510711745645","90.61510711745645","75","80","80","fixed","1","1","50","1557","10","50","21817932","v2.0-design-v1.0","13.900000000000006","1.5","12.400000000000006","98.63760217983652","true","10.511999999999995","9.035999999999996","50","86.1","15","500","861","861","0","0","0","0","0","1295","1086","15","77","117","0","92","0","5","5","1000","1997","3.994","78","5.209712574135455","0","43.4","3.595959595959596","10","259","750"
"339","BA","1000","2","0.1","50","0.1","0.5","1","legal","targeted","25.89735382369092","12","90.61510711745645","90.61510711745645","75","80","80","fixed","1","1","50","1557","9","50","21817931","v2.0-design-v1.0","14.900000000000006","0.3","14.600000000000005","99.73118279569893","true","11.200000000000005","10.9","50","85.1","3","500","851","851","0","0","0","0","0","1295","1113","3","78","101","0","81","0","5","5","1000","1997","3.994","101","5.872175614407887","0","49.5","3.5343434343434343","10","259","750"
"341","BA","1000","2","0.1","50","0.1","0.5","1","legal","targeted","25.89735382369092","12","90.61510711745645","90.61510711745645","75","80","80","fixed","1","1","50","1557","11","50","21817933","v2.0-design-v1.0","14.400000000000006","0.7000000000000001","13.700000000000006","99.3601462522852","true","10.953999999999999","10.254000000000003","50","85.6","7","500","856","856","0","0","0","0","0","1295","1087","7","89","112","0","96","0","5","5","1000","1997","3.994","70","5.026652089734394","0","42.6","3.604040404040404","10","259","750"
"342","BA","1000","2","0.1","50","0.1","0.5","1","legal","targeted","25.89735382369092","12","90.61510711745645","90.61510711745645","75","80","80","fixed","1","1","50","1557","12","50","21817934","v2.0-design-v1.0","14.799999999999997","0.4","14.399999999999997","99.63768115942028","true","10.643999999999998","10.244000000000002","50","85.2","4","500","852","852","0","0","0","0","0","1295","1100","4","77","114","0","81","0","5","5","1000","1997","3.994","59","4.877268882453753","0","41.8","3.6121212121212123","10","259","750"
"343","BA","1000","2","0.1","50","0.1","0.5","1","legal","targeted","25.89735382369092","12","90.61510711745645","90.61510711745645","75","80","80","fixed","1","1","50","1557","13","50","21817935","v2.0-design-v1.0","16.700000000000003","0.6","16.1","99.4661921708185","true","11.000000000000002","10.4","50","83.3","6","500","833","833","0","0","0","0","0","1295","1118","6","69","102","0","75","0","5","5","1000","1997","3.994","93","5.150776106034354","0","41.8","3.6121212121212123","10","259","750"
"344","BA","1000","2","0.1","50","0.1","0.5","1","legal","targeted","25.89735382369092","12","90.61510711745645","90.61510711745645","75","80","80","fixed","1","1","50","1557","14","50","21817936","v2.0-design-v1.0","15.700000000000003","1","14.700000000000003","99.096657633243","true","10.564","9.588000000000001","50","84.3","10","500","843","843","0","0","0","0","0","1295","1097","10","82","106","0","92","0","5","5","1000","1997","3.994","84","5.72439802361197","0","48.2","3.5474747474747477","10","259","750"
"345","BA","1000","2","0.1","50","0.1","0.5","1","legal","targeted","25.89735382369092","12","90.61510711745645","90.61510711745645","75","80","80","fixed","1","1","50","1557","15","50","21817937","v2.0-design-v1.0","15.600000000000009","0.8999999999999999","14.700000000000008","99.19427036705461","true","10.833999999999998","10.006000000000002","50","84.39999999999999","9","500","844","844","0","0","0","0","0","1295","1108","9","84","94","0","93","0","5","5","1000","1997","3.994","111","5.821155370701753","0","47.5","3.5545454545454547","10","259","750"
"346","BA","1000","2","0.1","50","0.1","0.5","1","legal","targeted","25.89735382369092","12","90.61510711745645","90.61510711745645","75","80","80","fixed","1","1","50","1557","16","50","21817938","v2.0-design-v1.0","14.200000000000003","0.8999999999999999","13.300000000000002","99.1971454058876","true","10.918000000000001","10.186","50","85.8","9","500","858","858","0","0","0","0","0","1295","1112","9","74","100","0","83","0","5","5","1000","1997","3.994","81","5.204714502549872","0","42.9","3.601010101010101","10","259","750"
"347","BA","1000","2","0.1","50","0.1","0.5","1","legal","targeted","25.89735382369092","12","90.61510711745645","90.61510711745645","75","80","80","fixed","1","1","50","1557","17","50","21817939","v2.0-design-v1.0","14.299999999999997","1.0999999999999999","13.199999999999998","99.00181488203266","true","10.478000000000003","9.378000000000002","50","85.7","11","500","857","857","0","0","0","0","0","1295","1091","11","89","104","0","100","0","5","5","1000","1997","3.994","76","5.330701678051426","0","44","3.5898989898989897","10","259","750"
"348","BA","1000","2","0.1","50","0.1","0.5","1","legal","targeted","25.89735382369092","12","90.61510711745645","90.61510711745645","75","80","80","fixed","1","1","50","1557","18","50","21817940","v2.0-design-v1.0","15.299999999999997","1.0999999999999999","14.199999999999998","98.98242368177613","true","10.634","9.581999999999995","50","84.7","11","500","847","847","0","0","0","0","0","1295","1070","11","86","128","0","97","0","5","5","1000","1997","3.994","101","5.559574882387394","0","46.5","3.5646464646464646","10","259","750"
"349","BA","1000","2","0.1","50","0.1","0.5","1","legal","targeted","25.89735382369092","12","90.61510711745645","90.61510711745645","75","80","80","fixed","1","1","50","1557","19","50","21817941","v2.0-design-v1.0","14.799999999999997","1","13.799999999999997","99.08675799086758","true","10.244000000000002","9.244000000000002","50","85.2","10","500","852","852","0","0","0","0","0","1295","1085","10","82","118","0","92","0","5","5","1000","1997","3.994","77","5.319422925492969","0","44.7","3.5828282828282827","10","259","750"
"350","BA","1000","2","0.1","50","0.1","0.5","1","legal","targeted","25.89735382369092","12","90.61510711745645","90.61510711745645","75","80","80","fixed","1","1","50","1557","20","50","21817942","v2.0-design-v1.0","14.099999999999994","1.0999999999999999","12.999999999999995","98.98148148148148","true","10.194000000000003","9.094000000000001","50","85.9","11","500","859","859","0","0","0","0","0","1295","1069","11","93","122","0","104","0","5","5","1000","1997","3.994","77","5.450290787624965","0","46.8","3.5616161616161617","10","259","750"
"351","BA","1000","2","0.1","50","0.1","0.5","1","legal","targeted","25.89735382369092","12","90.61510711745645","90.61510711745645","75","80","80","fixed","1","1","50","1557","21","50","21817943","v2.0-design-v1.0","13.200000000000003","0.7000000000000001","12.500000000000004","99.36708860759494","true","10.676000000000004","9.976","50","86.8","7","500","868","868","0","0","0","0","0","1295","1099","7","76","113","0","83","0","5","5","1000","1997","3.994","109","5.758569711753523","0","46.9","3.5606060606060606","10","259","750"
"353","BA","1000","2","0.1","50","0.1","0.5","1","legal","targeted","25.89735382369092","12","90.61510711745645","90.61510711745645","75","80","80","fixed","1","1","50","1557","23","50","21817945","v2.0-design-v1.0","14.5","1","13.5","99.11032028469751","true","10.655999999999999","9.655999999999999","50","85.5","10","500","855","855","0","0","0","0","0","1295","1114","10","67","104","0","77","0","5","5","1000","1997","3.994","59","5.010096312952971","0","42.3","3.607070707070707","10","259","750"
"354","BA","1000","2","0.1","50","0.1","0.5","1","legal","targeted","25.89735382369092","12","90.61510711745645","90.61510711745645","75","80","80","fixed","1","1","50","1557","24","50","21817946","v2.0-design-v1.0","16.299999999999997","1","15.299999999999997","99.11347517730496","true","10.568000000000005","9.664","50","83.7","10","500","837","837","0","0","0","0","0","1295","1118","10","77","90","0","87","0","5","5","1000","1997","3.994","56","4.761999647274299","0","39.2","3.6383838383838385","10","259","750"
"352","BA","1000","2","0.1","50","0.1","0.5","1","legal","targeted","25.89735382369092","12","90.61510711745645","90.61510711745645","75","80","80","fixed","1","1","50","1557","22","50","21817944","v2.0-design-v1.0","15.400000000000006","1.0999999999999999","14.300000000000006","99.0036231884058","true","10.442000000000002","9.341999999999997","50","84.6","11","500","846","846","0","0","0","0","0","1295","1093","11","83","108","0","94","0","5","5","1000","1997","3.994","78","5.1858323205495935","0","43.3","3.596969696969697","10","259","750"
"355","BA","1000","2","0.1","50","0.1","0.5","1","legal","targeted","25.89735382369092","12","90.61510711745645","90.61510711745645","75","80","80","fixed","1","1","50","1557","25","50","21817947","v2.0-design-v1.0","15","1.0999999999999999","13.9","98.99543378995433","true","10.87","9.77","50","85","11","500","850","850","0","0","0","0","0","1295","1084","11","82","118","0","93","0","5","5","1000","1997","3.994","108","5.235587395448123","0","40.8","3.6222222222222222","10","259","750"
"356","BA","1000","2","0.1","50","0.1","0.5","1","legal","targeted","25.89735382369092","12","90.61510711745645","90.61510711745645","75","80","80","fixed","1","1","50","1557","26","50","21817948","v2.0-design-v1.0","14.700000000000003","1.0999999999999999","13.600000000000003","99.01256732495511","true","11.194000000000003","10.094","50","85.3","11","500","853","853","0","0","0","0","0","1295","1103","11","70","111","0","81","0","5","5","1000","1997","3.994","67","4.774595350473242","0","39.1","3.639393939393939","10","259","750"
"357","BA","1000","2","0.1","50","0.1","0.5","1","legal","targeted","25.89735382369092","12","90.61510711745645","90.61510711745645","75","80","80","fixed","1","1","50","1557","27","50","21817949","v2.0-design-v1.0","13.900000000000006","0.7000000000000001","13.200000000000006","99.35779816513761","true","10.831999999999999","10.132000000000003","50","86.1","7","500","861","861","0","0","0","0","0","1295","1083","7","86","119","0","93","0","5","5","1000","1997","3.994","79","5.311513548526081","0","43.3","3.596969696969697","10","259","750"
"358","BA","1000","2","0.1","50","0.1","0.5","1","legal","targeted","25.89735382369092","12","90.61510711745645","90.61510711745645","75","80","80","fixed","1","1","50","1557","28","50","21817950","v2.0-design-v1.0","15.299999999999997","0.8999999999999999","14.399999999999997","99.18404351767906","true","11.182","10.282000000000004","50","84.7","9","500","847","847","0","0","0","0","0","1295","1094","9","96","96","0","105","0","5","5","1000","1997","3.994","66","5.306988612021701","0","45.2","3.577777777777778","10","259","750"
"359","BA","1000","2","0.1","50","0.1","0.5","1","legal","targeted","25.89735382369092","12","90.61510711745645","90.61510711745645","75","80","80","fixed","1","1","50","1557","29","50","21817951","v2.0-design-v1.0","16.200000000000003","0.3","15.900000000000002","99.73521624007061","true","11.507999999999997","11.207999999999993","50","83.8","3","500","838","838","0","0","0","0","0","1295","1130","3","75","87","0","78","0","5","5","1000","1997","3.994","98","5.199711626715552","0","40.4","3.6262626262626263","10","259","750"
"360","BA","1000","2","0.1","50","0.1","0.5","1","legal","targeted","25.89735382369092","12","90.61510711745645","90.61510711745645","75","80","80","fixed","1","1","50","1557","30","50","21817952","v2.0-design-v1.0","14.5","1.2","13.3","98.91696750902527","true","11.020000000000003","9.844000000000001","50","85.5","12","500","855","855","0","0","0","0","0","1295","1096","12","78","109","0","90","0","5","5","1000","1997","3.994","81","5.188919819084584","0","44","3.5898989898989897","10","259","750"
"361","BA","1000","2","0.1","50","0.1","0.5","1","legal","targeted","94.5891957420531","9","90.9378725093328","90.9378725093328","75","80","80","fixed","1","1","50","1558","1","50","21818923","v2.0-design-v1.0","66","14.6","51.4","95.96199524940617","true","65.05199999999999","55.86999999999999","50","34","146","500","340","340","0","0","0","0","0","5676","3636","153","1523","364","0","1676","0","6","6","1000","1997","3.994","95","5.602798885856541","0","46.6","3.5636363636363635","10","946","750"
"362","BA","1000","2","0.1","50","0.1","0.5","1","legal","targeted","94.5891957420531","9","90.9378725093328","90.9378725093328","75","80","80","fixed","1","1","50","1558","2","50","21818924","v2.0-design-v1.0","64.80000000000001","16.2","48.60000000000001","95.23939064200218","true","67.68200000000003","58.394","50","35.199999999999996","162","500","352","352","0","0","0","0","0","5676","3501","175","1637","363","0","1812","0","6","6","1000","1997","3.994","63","4.679301214910164","0","37.1","3.6595959595959595","10","946","750"
"363","BA","1000","2","0.1","50","0.1","0.5","1","legal","targeted","94.5891957420531","9","90.9378725093328","90.9378725093328","75","80","80","fixed","1","1","50","1558","3","50","21818925","v2.0-design-v1.0","66.19999999999999","14.099999999999998","52.099999999999994","95.88565321934277","true","65.48","56.852000000000004","50","33.800000000000004","141","500","338","338","0","0","0","0","0","5676","3589","154","1548","385","0","1702","0","6","6","1000","1997","3.994","62","5.051086762022349","0","42.9","3.601010101010101","10","946","750"
"365","BA","1000","2","0.1","50","0.1","0.5","1","legal","targeted","94.5891957420531","9","90.9378725093328","90.9378725093328","75","80","80","fixed","1","1","50","1558","5","50","21818927","v2.0-design-v1.0","64.80000000000001","15.9","48.90000000000001","95.27537796976242","true","66.52","56.52399999999999","50","35.199999999999996","159","500","352","352","0","0","0","0","0","5676","3529","175","1625","347","0","1800","0","6","6","1000","1997","3.994","87","5.719674700424721","0","48.3","3.5464646464646465","10","946","750"
"366","BA","1000","2","0.1","50","0.1","0.5","1","legal","targeted","94.5891957420531","9","90.9378725093328","90.9378725093328","75","80","80","fixed","1","1","50","1558","6","50","21818928","v2.0-design-v1.0","69.5","13.700000000000001","55.8","95.87546567323044","true","66.88799999999999","59.127999999999986","50","30.5","137","500","305","305","0","0","0","0","0","5676","3603","155","1567","351","0","1722","0","6","6","1000","1997","3.994","75","5.1029407211924385","0","43.2","3.597979797979798","10","946","750"
"364","BA","1000","2","0.1","50","0.1","0.5","1","legal","targeted","94.5891957420531","9","90.9378725093328","90.9378725093328","75","80","80","fixed","1","1","50","1558","4","50","21818926","v2.0-design-v1.0","62.5","14.6","47.9","95.83224798124512","true","64.74","55.828","50","37.5","146","500","375","375","0","0","0","0","0","5676","3679","160","1471","366","0","1631","0","6","6","1000","1997","3.994","89","5.52634639744057","0","46.6","3.5636363636363635","10","946","750"
"367","BA","1000","2","0.1","50","0.1","0.5","1","legal","targeted","94.5891957420531","9","90.9378725093328","90.9378725093328","75","80","80","fixed","1","1","50","1558","7","50","21818929","v2.0-design-v1.0","64.30000000000001","15.5","48.80000000000001","95.43869063590019","true","67.52000000000002","58.535999999999994","50","35.699999999999996","155","500","357","357","0","0","0","0","0","5676","3557","170","1611","338","0","1781","0","6","6","1000","1997","3.994","61","5.08131713080218","0","43.3","3.596969696969697","10","946","750"
"368","BA","1000","2","0.1","50","0.1","0.5","1","legal","targeted","94.5891957420531","9","90.9378725093328","90.9378725093328","75","80","80","fixed","1","1","50","1558","8","50","21818930","v2.0-design-v1.0","64.5","13.200000000000001","51.3","96.13007256113949","true","66.858","58.824000000000005","50","35.5","132","500","355","355","0","0","0","0","0","5676","3577","144","1608","347","0","1752","0","6","6","1000","1997","3.994","63","4.884241990301025","0","41.1","3.6191919191919193","10","946","750"
"369","BA","1000","2","0.1","50","0.1","0.5","1","legal","targeted","94.5891957420531","9","90.9378725093328","90.9378725093328","75","80","80","fixed","1","1","50","1558","9","50","21818931","v2.0-design-v1.0","63.1","13.5","49.6","96.12045577862182","true","67.12399999999997","58.592","50","36.9","135","500","369","369","0","0","0","0","0","5676","3543","143","1635","355","0","1778","0","6","6","1000","1997","3.994","105","5.586517087879806","0","43.6","3.5939393939393938","10","946","750"
"370","BA","1000","2","0.1","50","0.1","0.5","1","legal","targeted","94.5891957420531","9","90.9378725093328","90.9378725093328","75","80","80","fixed","1","1","50","1558","10","50","21818932","v2.0-design-v1.0","62.8","14.7","48.099999999999994","95.92370002613013","true","64.35600000000001","55.434000000000005","50","37.2","147","500","372","372","0","0","0","0","0","5676","3671","156","1467","382","0","1623","0","6","6","1000","1997","3.994","79","5.2584803523085935","0","44.6","3.583838383838384","10","946","750"
"371","BA","1000","2","0.1","50","0.1","0.5","1","legal","targeted","94.5891957420531","9","90.9378725093328","90.9378725093328","75","80","80","fixed","1","1","50","1558","11","50","21818933","v2.0-design-v1.0","62.6","13.100000000000001","49.5","96.47270854788877","true","63.51400000000002","55.597999999999985","50","37.4","131","500","374","374","0","0","0","0","0","5676","3747","137","1402","390","0","1539","0","6","6","1000","1997","3.994","73","5.178298830579275","0","43.2","3.597979797979798","10","946","750"
"372","BA","1000","2","0.1","50","0.1","0.5","1","legal","targeted","94.5891957420531","9","90.9378725093328","90.9378725093328","75","80","80","fixed","1","1","50","1558","12","50","21818934","v2.0-design-v1.0","67.5","14.099999999999998","53.400000000000006","95.83447519868457","true","68.378","60.236000000000004","50","32.5","141","500","325","325","0","0","0","0","0","5676","3497","152","1683","344","0","1835","0","6","6","1000","1997","3.994","66","4.956059576571533","0","43.2","3.597979797979798","10","946","750"
"373","BA","1000","2","0.1","50","0.1","0.5","1","legal","targeted","94.5891957420531","9","90.9378725093328","90.9378725093328","75","80","80","fixed","1","1","50","1558","13","50","21818935","v2.0-design-v1.0","59.599999999999994","15.5","44.099999999999994","95.27342676559495","true","68.012","58.34399999999998","50","40.400000000000006","155","500","404","404","0","0","0","0","0","5676","3467","172","1662","375","0","1834","0","6","6","1000","1997","3.994","94","5.491641113740227","0","44.9","3.580808080808081","10","946","750"
"374","BA","1000","2","0.1","50","0.1","0.5","1","legal","targeted","94.5891957420531","9","90.9378725093328","90.9378725093328","75","80","80","fixed","1","1","50","1558","14","50","21818936","v2.0-design-v1.0","63.5","13.3","50.2","96.23486045286992","true","64.694","57.15399999999999","50","36.5","133","500","365","365","0","0","0","0","0","5676","3655","143","1469","409","0","1612","0","6","6","1000","1997","3.994","74","5.385997862325313","0","45.7","3.5727272727272728","10","946","750"
"375","BA","1000","2","0.1","50","0.1","0.5","1","legal","targeted","94.5891957420531","9","90.9378725093328","90.9378725093328","75","80","80","fixed","1","1","50","1558","15","50","21818937","v2.0-design-v1.0","66.4","14.499999999999998","51.900000000000006","95.85910190911535","true","67.31","58.64200000000001","50","33.6","145","500","336","336","0","0","0","0","0","5676","3565","154","1616","341","0","1770","0","6","6","1000","1997","3.994","72","5.071062973349825","0","41.8","3.6121212121212123","10","946","750"
"376","BA","1000","2","0.1","50","0.1","0.5","1","legal","targeted","94.5891957420531","9","90.9378725093328","90.9378725093328","75","80","80","fixed","1","1","50","1558","16","50","21818938","v2.0-design-v1.0","62.5","15.4","47.1","95.48472775564409","true","65.57000000000001","56.28999999999997","50","37.5","154","500","375","375","0","0","0","0","0","5676","3595","170","1545","366","0","1715","0","6","6","1000","1997","3.994","79","5.387112861727035","0","45.8","3.5717171717171716","10","946","750"
"377","BA","1000","2","0.1","50","0.1","0.5","1","legal","targeted","94.5891957420531","9","90.9378725093328","90.9378725093328","75","80","80","fixed","1","1","50","1558","17","50","21818939","v2.0-design-v1.0","67.9","17.8","50.10000000000001","94.93537325243999","true","66.778","56.32200000000001","50","32.1","178","500","321","321","0","0","0","0","0","5676","3599","192","1529","356","0","1721","0","6","6","1000","1997","3.994","87","5.235396200229099","0","42.3","3.607070707070707","10","946","750"
"378","BA","1000","2","0.1","50","0.1","0.5","1","legal","targeted","94.5891957420531","9","90.9378725093328","90.9378725093328","75","80","80","fixed","1","1","50","1558","18","50","21818940","v2.0-design-v1.0","67.4","15.6","51.800000000000004","95.3808752025932","true","66.664","57.526000000000025","50","32.6","156","500","326","326","0","0","0","0","0","5676","3531","171","1589","385","0","1760","0","6","6","1000","1997","3.994","60","4.8793208309939695","0","40.3","3.6272727272727274","10","946","750"
"379","BA","1000","2","0.1","50","0.1","0.5","1","legal","targeted","94.5891957420531","9","90.9378725093328","90.9378725093328","75","80","80","fixed","1","1","50","1558","19","50","21818941","v2.0-design-v1.0","64.4","14.399999999999999","50.00000000000001","95.61806870435488","true","66.92200000000001","58.47999999999999","50","35.6","144","500","356","356","0","0","0","0","0","5676","3535","162","1616","363","0","1778","0","6","6","1000","1997","3.994","59","5.00949688681997","0","42.8","3.602020202020202","10","946","750"
"380","BA","1000","2","0.1","50","0.1","0.5","1","legal","targeted","94.5891957420531","9","90.9378725093328","90.9378725093328","75","80","80","fixed","1","1","50","1558","20","50","21818942","v2.0-design-v1.0","68.3","14.6","53.699999999999996","95.75382961569471","true","67.194","57.81400000000001","50","31.7","146","500","317","317","0","0","0","0","0","5676","3563","158","1625","330","0","1783","0","6","6","1000","1997","3.994","65","4.686355292327483","0","37.7","3.6535353535353536","10","946","750"
"381","BA","1000","2","0.1","50","0.1","0.5","1","legal","targeted","94.5891957420531","9","90.9378725093328","90.9378725093328","75","80","80","fixed","1","1","50","1558","21","50","21818943","v2.0-design-v1.0","61.6","14.2","47.400000000000006","96.05263157894737","true","66.18399999999998","57.744000000000014","50","38.4","142","500","384","384","0","0","0","0","0","5676","3577","147","1579","373","0","1726","0","6","6","1000","1997","3.994","84","5.213745980305048","0","43.6","3.5939393939393938","10","946","750"
"382","BA","1000","2","0.1","50","0.1","0.5","1","legal","targeted","94.5891957420531","9","90.9378725093328","90.9378725093328","75","80","80","fixed","1","1","50","1558","22","50","21818944","v2.0-design-v1.0","68.1","13.700000000000001","54.39999999999999","95.87657018022938","true","67.61200000000002","59.312","50","31.900000000000002","137","500","319","319","0","0","0","0","0","5676","3511","151","1665","349","0","1816","0","6","6","1000","1997","3.994","83","5.036002911568388","0","39","3.6404040404040403","10","946","750"
"383","BA","1000","2","0.1","50","0.1","0.5","1","legal","targeted","94.5891957420531","9","90.9378725093328","90.9378725093328","75","80","80","fixed","1","1","50","1558","23","50","21818945","v2.0-design-v1.0","70.6","16.6","53.99999999999999","95.15699840340606","true","67.38600000000001","56.79799999999998","50","29.4","166","500","294","294","0","0","0","0","0","5676","3576","182","1579","339","0","1761","0","6","6","1000","1997","3.994","63","4.977221788983955","0","41.8","3.6121212121212123","10","946","750"
"384","BA","1000","2","0.1","50","0.1","0.5","1","legal","targeted","94.5891957420531","9","90.9378725093328","90.9378725093328","75","80","80","fixed","1","1","50","1558","24","50","21818946","v2.0-design-v1.0","62.7","15","47.7","95.66596194503171","true","65.66799999999998","56.14","50","37.3","150","500","373","373","0","0","0","0","0","5676","3620","164","1537","355","0","1701","0","6","6","1000","1997","3.994","80","5.462032387106255","0","47.6","3.5535353535353535","10","946","750"
"385","BA","1000","2","0.1","50","0.1","0.5","1","legal","targeted","94.5891957420531","9","90.9378725093328","90.9378725093328","75","80","80","fixed","1","1","50","1558","25","50","21818947","v2.0-design-v1.0","64.9","13.900000000000002","51","95.81667998934186","true","66.204","57.902","50","35.099999999999994","139","500","351","351","0","0","0","0","0","5676","3596","157","1572","351","0","1729","0","6","6","1000","1997","3.994","95","5.477953264858317","0","45.6","3.573737373737374","10","946","750"
"386","BA","1000","2","0.1","50","0.1","0.5","1","legal","targeted","94.5891957420531","9","90.9378725093328","90.9378725093328","75","80","80","fixed","1","1","50","1558","26","50","21818948","v2.0-design-v1.0","66.4","14.6","51.800000000000004","95.8265139116203","true","66.808","58.382000000000026","50","33.6","146","500","336","336","0","0","0","0","0","5676","3513","153","1613","397","0","1766","0","6","6","1000","1997","3.994","51","4.786530567631924","0","38.4","3.6464646464646466","10","946","750"
"387","BA","1000","2","0.1","50","0.1","0.5","1","legal","targeted","94.5891957420531","9","90.9378725093328","90.9378725093328","75","80","80","fixed","1","1","50","1558","27","50","21818949","v2.0-design-v1.0","66.6","14.799999999999999","51.8","95.55555555555556","true","67.862","59.308","50","33.4","148","500","334","334","0","0","0","0","0","5676","3483","162","1661","370","0","1823","0","6","6","1000","1997","3.994","72","5.02784678000863","0","41.1","3.6191919191919193","10","946","750"
"388","BA","1000","2","0.1","50","0.1","0.5","1","legal","targeted","94.5891957420531","9","90.9378725093328","90.9378725093328","75","80","80","fixed","1","1","50","1558","28","50","21818950","v2.0-design-v1.0","68","13.600000000000001","54.4","95.9086078639745","true","66.82400000000001","58.26399999999999","50","32","136","500","320","320","0","0","0","0","0","5676","3610","154","1559","353","0","1713","0","6","6","1000","1997","3.994","70","5.127011824664556","0","43.1","3.598989898989899","10","946","750"
"389","BA","1000","2","0.1","50","0.1","0.5","1","legal","targeted","94.5891957420531","9","90.9378725093328","90.9378725093328","75","80","80","fixed","1","1","50","1558","29","50","21818951","v2.0-design-v1.0","63.1","13.900000000000002","49.2","96.04117181314331","true","64.84","56.03399999999998","50","36.9","139","500","369","369","0","0","0","0","0","5676","3639","150","1525","362","0","1675","0","6","6","1000","1997","3.994","147","6.340517815302352","0","48","3.5494949494949495","10","946","750"
"390","BA","1000","2","0.1","50","0.1","0.5","1","legal","targeted","94.5891957420531","9","90.9378725093328","90.9378725093328","75","80","80","fixed","1","1","50","1558","30","50","21818952","v2.0-design-v1.0","60.8","15.7","45.099999999999994","95.4053340374967","true","65.84199999999998","56.334","50","39.2","157","500","392","392","0","0","0","0","0","5676","3613","174","1534","355","0","1708","0","6","6","1000","1997","3.994","66","5.413434147495396","0","45.8","3.5717171717171716","10","946","750"
"391","BA","1000","2","0.1","50","0.1","0.5","1","legal","targeted","14.311641224448199","2","80.81782358021371","80.81782358021371","75","80","80","fixed","1","1","50","1559","1","50","21819923","v2.0-design-v1.0","5.6000000000000085","7.3","-1.6999999999999913","95.07211538461539","true","15.308000000000003","10.676000000000004","50","94.39999999999999","73","500","944","944","0","0","0","0","0","3575","2373","123","543","536","0","666","0","25","25","1000","1997","3.994","60","4.784438823399749","0","39.3","3.6373737373737374","10","143","750"
"392","BA","1000","2","0.1","50","0.1","0.5","1","legal","targeted","14.311641224448199","2","80.81782358021371","80.81782358021371","75","80","80","fixed","1","1","50","1559","2","50","21819924","v2.0-design-v1.0","5.900000000000006","7.8","-1.8999999999999941","94.54319966928483","true","16.125999999999998","11.142000000000001","50","94.1","78","500","941","941","0","0","0","0","0","3575","2287","132","601","555","0","733","0","25","25","1000","1997","3.994","66","5.022269127315571","0","42.9","3.601010101010101","10","143","750"
"393","BA","1000","2","0.1","50","0.1","0.5","1","legal","targeted","14.311641224448199","2","80.81782358021371","80.81782358021371","75","80","80","fixed","1","1","50","1559","3","50","21819925","v2.0-design-v1.0","7.299999999999997","8.9","-1.6000000000000032","93.17803660565723","true","15.977999999999998","9.953999999999997","50","92.7","89","500","927","927","0","0","0","0","0","3575","2240","164","649","522","0","813","0","25","25","1000","1997","3.994","84","5.49364579711361","0","47.3","3.5565656565656565","10","143","750"
"394","BA","1000","2","0.1","50","0.1","0.5","1","legal","targeted","14.311641224448199","2","80.81782358021371","80.81782358021371","75","80","80","fixed","1","1","50","1559","4","50","21819926","v2.0-design-v1.0","5.800000000000011","9.2","-3.399999999999988","92.80635717273108","true","15.946","9.873999999999999","50","94.19999999999999","92","500","942","942","0","0","0","0","0","3575","2219","172","676","508","0","848","0","25","25","1000","1997","3.994","81","5.85202616280979","0","51.4","3.515151515151515","10","143","750"
"395","BA","1000","2","0.1","50","0.1","0.5","1","legal","targeted","14.311641224448199","2","80.81782358021371","80.81782358021371","75","80","80","fixed","1","1","50","1559","5","50","21819927","v2.0-design-v1.0","7.799999999999997","6.6000000000000005","1.1999999999999966","95.71952710966164","true","15.816000000000008","11.716","50","92.2","66","500","922","922","0","0","0","0","0","3575","2348","105","587","535","0","692","0","25","25","1000","1997","3.994","79","5.087420352776614","0","43.2","3.597979797979798","10","143","750"
"396","BA","1000","2","0.1","50","0.1","0.5","1","legal","targeted","14.311641224448199","2","80.81782358021371","80.81782358021371","75","80","80","fixed","1","1","50","1559","6","50","21819928","v2.0-design-v1.0","6.699999999999989","8.1","-1.400000000000011","94.75383373688459","true","16.112","10.467999999999993","50","93.30000000000001","81","500","933","933","0","0","0","0","0","3575","2348","130","568","529","0","698","0","25","25","1000","1997","3.994","67","5.050690395725458","0","41.8","3.6121212121212123","10","143","750"
"397","BA","1000","2","0.1","50","0.1","0.5","1","legal","targeted","14.311641224448199","2","80.81782358021371","80.81782358021371","75","80","80","fixed","1","1","50","1559","7","50","21819929","v2.0-design-v1.0","6.5","7.5","-1","95.36396909312728","true","16.130000000000006","11.658000000000001","50","93.5","75","500","935","935","0","0","0","0","0","3575","2345","114","533","583","0","647","0","25","25","1000","1997","3.994","59","4.625511794316307","0","38.6","3.6444444444444444","10","143","750"
"398","BA","1000","2","0.1","50","0.1","0.5","1","legal","targeted","14.311641224448199","2","80.81782358021371","80.81782358021371","75","80","80","fixed","1","1","50","1559","8","50","21819930","v2.0-design-v1.0","5.5","9.3","-3.8000000000000007","93.77274565305297","true","15.481999999999998","9.117999999999999","50","94.5","93","500","945","945","0","0","0","0","0","3575","2319","154","582","520","0","736","0","25","25","1000","1997","3.994","81","5.4971067100959665","0","48.1","3.5484848484848484","10","143","750"
"399","BA","1000","2","0.1","50","0.1","0.5","1","legal","targeted","14.311641224448199","2","80.81782358021371","80.81782358021371","75","80","80","fixed","1","1","50","1559","9","50","21819931","v2.0-design-v1.0","6.3999999999999915","7.3999999999999995","-1.000000000000008","94.37194127243067","true","16.242000000000004","11.070000000000002","50","93.60000000000001","74","500","936","936","0","0","0","0","0","3575","2314","138","551","572","0","689","0","25","25","1000","1997","3.994","103","5.762566370218316","0","45.5","3.5747474747474746","10","143","750"
"400","BA","1000","2","0.1","50","0.1","0.5","1","legal","targeted","14.311641224448199","2","80.81782358021371","80.81782358021371","75","80","80","fixed","1","1","50","1559","10","50","21819932","v2.0-design-v1.0","7.8999999999999915","8.200000000000001","-0.3000000000000096","94.46267432321575","true","16.325999999999993","10.881999999999998","50","92.10000000000001","82","500","921","921","0","0","0","0","0","3575","2303","135","593","544","0","728","0","25","25","1000","1997","3.994","72","5.857497270530684","0","53.2","3.496969696969697","10","143","750"
"401","BA","1000","2","0.1","50","0.1","0.5","1","legal","targeted","14.311641224448199","2","80.81782358021371","80.81782358021371","75","80","80","fixed","1","1","50","1559","11","50","21819933","v2.0-design-v1.0","5.900000000000006","8.3","-2.399999999999995","94.0984940984941","true","15.392000000000003","9.580000000000002","50","94.1","83","500","941","941","0","0","0","0","0","3575","2312","145","554","564","0","699","0","25","25","1000","1997","3.994","80","5.526527526983506","0","46.8","3.5616161616161617","10","143","750"
"402","BA","1000","2","0.1","50","0.1","0.5","1","legal","targeted","14.311641224448199","2","80.81782358021371","80.81782358021371","75","80","80","fixed","1","1","50","1559","12","50","21819934","v2.0-design-v1.0","6.5","8","-1.5","94.37019036046983","true","15.371999999999996","10.035999999999998","50","93.5","80","500","935","935","0","0","0","0","0","3575","2330","139","553","553","0","692","0","25","25","1000","1997","3.994","76","5.249144455767762","0","42.6","3.604040404040404","10","143","750"
"403","BA","1000","2","0.1","50","0.1","0.5","1","legal","targeted","14.311641224448199","2","80.81782358021371","80.81782358021371","75","80","80","fixed","1","1","50","1559","13","50","21819935","v2.0-design-v1.0","5.300000000000011","7.9","-2.599999999999989","94.36677631578947","true","16.046000000000003","10.469999999999995","50","94.69999999999999","79","500","947","947","0","0","0","0","0","3575","2295","137","599","544","0","736","0","25","25","1000","1997","3.994","91","5.333517639458062","0","44.3","3.5868686868686868","10","143","750"
"404","BA","1000","2","0.1","50","0.1","0.5","1","legal","targeted","14.311641224448199","2","80.81782358021371","80.81782358021371","75","80","80","fixed","1","1","50","1559","14","50","21819936","v2.0-design-v1.0","4.900000000000006","8.6","-3.699999999999994","93.94555058919138","true","16.002000000000002","9.770000000000003","50","95.1","86","500","951","951","0","0","0","0","0","3575","2312","149","559","555","0","708","0","25","25","1000","1997","3.994","80","5.01289268717105","0","40.6","3.624242424242424","10","143","750"
"405","BA","1000","2","0.1","50","0.1","0.5","1","legal","targeted","14.311641224448199","2","80.81782358021371","80.81782358021371","75","80","80","fixed","1","1","50","1559","15","50","21819937","v2.0-design-v1.0","7.099999999999994","8.5","-1.4000000000000057","94.87489911218725","true","16.745999999999995","11.197999999999997","50","92.9","85","500","929","929","0","0","0","0","0","3575","2351","127","554","543","0","681","0","25","25","1000","1997","3.994","82","5.574498994442365","0","46.3","3.566666666666667","10","143","750"
"406","BA","1000","2","0.1","50","0.1","0.5","1","legal","targeted","14.311641224448199","2","80.81782358021371","80.81782358021371","75","80","80","fixed","1","1","50","1559","16","50","21819938","v2.0-design-v1.0","7.199999999999989","8.1","-0.900000000000011","94.58892617449665","true","16.078000000000003","10.553999999999997","50","92.80000000000001","81","500","928","928","0","0","0","0","0","3575","2255","129","633","558","0","762","0","25","25","1000","1997","3.994","90","5.10509804274374","0","41.5","3.6151515151515152","10","143","750"
"407","BA","1000","2","0.1","50","0.1","0.5","1","legal","targeted","14.311641224448199","2","80.81782358021371","80.81782358021371","75","80","80","fixed","1","1","50","1559","17","50","21819939","v2.0-design-v1.0","5.5","9.5","-4","93.54969574036511","true","16.009999999999994","10.014","50","94.5","95","500","945","945","0","0","0","0","0","3575","2306","159","597","513","0","756","0","25","25","1000","1997","3.994","57","4.880141368831407","0","41.7","3.613131313131313","10","143","750"
"408","BA","1000","2","0.1","50","0.1","0.5","1","legal","targeted","14.311641224448199","2","80.81782358021371","80.81782358021371","75","80","80","fixed","1","1","50","1559","18","50","21819940","v2.0-design-v1.0","6.5","7.9","-1.4000000000000004","94.48499594484996","true","16.023999999999997","10.808","50","93.5","79","500","935","935","0","0","0","0","0","3575","2330","136","602","507","0","738","0","25","25","1000","1997","3.994","72","5.087223588937656","0","42.6","3.604040404040404","10","143","750"
"410","BA","1000","2","0.1","50","0.1","0.5","1","legal","targeted","14.311641224448199","2","80.81782358021371","80.81782358021371","75","80","80","fixed","1","1","50","1559","20","50","21819942","v2.0-design-v1.0","5.900000000000006","7.5","-1.5999999999999943","93.74747882210569","true","16.282","10.909999999999995","50","94.1","75","500","941","941","0","0","0","0","0","3575","2324","155","533","563","0","688","0","25","25","1000","1997","3.994","89","5.326380979082728","0","42.3","3.607070707070707","10","143","750"
"411","BA","1000","2","0.1","50","0.1","0.5","1","legal","targeted","14.311641224448199","2","80.81782358021371","80.81782358021371","75","80","80","fixed","1","1","50","1559","21","50","21819943","v2.0-design-v1.0","6.3999999999999915","8.1","-1.7000000000000082","94.21352893235535","true","15.737999999999992","9.566000000000003","50","93.60000000000001","81","500","936","936","0","0","0","0","0","3575","2312","142","576","545","0","718","0","25","25","1000","1997","3.994","67","4.886700711507079","0","39.8","3.632323232323232","10","143","750"
"409","BA","1000","2","0.1","50","0.1","0.5","1","legal","targeted","14.311641224448199","2","80.81782358021371","80.81782358021371","75","80","80","fixed","1","1","50","1559","19","50","21819941","v2.0-design-v1.0","7.199999999999989","9","-1.8000000000000114","93.77889869693148","true","16.175999999999995","10.436","50","92.80000000000001","90","500","928","928","0","0","0","0","0","3575","2231","148","647","549","0","795","0","25","25","1000","1997","3.994","107","5.415652619333447","0","43","3.6","10","143","750"
"412","BA","1000","2","0.1","50","0.1","0.5","1","legal","targeted","14.311641224448199","2","80.81782358021371","80.81782358021371","75","80","80","fixed","1","1","50","1559","22","50","21819944","v2.0-design-v1.0","6.3999999999999915","7.3","-0.9000000000000083","95.11804721888755","true","16.528","11.779999999999996","50","93.60000000000001","73","500","936","936","0","0","0","0","0","3575","2377","122","512","564","0","634","0","25","25","1000","1997","3.994","61","5.1344256082181445","0","42.7","3.603030303030303","10","143","750"
"413","BA","1000","2","0.1","50","0.1","0.5","1","legal","targeted","14.311641224448199","2","80.81782358021371","80.81782358021371","75","80","80","fixed","1","1","50","1559","23","50","21819945","v2.0-design-v1.0","5.400000000000006","8","-2.5999999999999943","93.99424105306458","true","16.014","10.357999999999999","50","94.6","80","500","946","946","0","0","0","0","0","3575","2285","146","617","527","0","763","0","25","25","1000","1997","3.994","93","5.6231293408193554","0","47.5","3.5545454545454547","10","143","750"
"415","BA","1000","2","0.1","50","0.1","0.5","1","legal","targeted","14.311641224448199","2","80.81782358021371","80.81782358021371","75","80","80","fixed","1","1","50","1559","25","50","21819947","v2.0-design-v1.0","5.6000000000000085","7.5","-1.8999999999999915","94.84494563028595","true","16.659999999999997","11.575999999999999","50","94.39999999999999","75","500","944","944","0","0","0","0","0","3575","2355","128","542","550","0","670","0","25","25","1000","1997","3.994","70","4.885061701537426","0","38.8","3.6424242424242426","10","143","750"
"414","BA","1000","2","0.1","50","0.1","0.5","1","legal","targeted","14.311641224448199","2","80.81782358021371","80.81782358021371","75","80","80","fixed","1","1","50","1559","24","50","21819946","v2.0-design-v1.0","6.200000000000003","7.199999999999999","-0.9999999999999964","94.88","true","15.301999999999998","10.129999999999999","50","93.8","72","500","938","938","0","0","0","0","0","3575","2372","128","543","532","0","671","0","25","25","1000","1997","3.994","93","5.4887239036127555","0","44.7","3.5828282828282827","10","143","750"
"416","BA","1000","2","0.1","50","0.1","0.5","1","legal","targeted","14.311641224448199","2","80.81782358021371","80.81782358021371","75","80","80","fixed","1","1","50","1559","26","50","21819948","v2.0-design-v1.0","5.6000000000000085","7.5","-1.8999999999999915","94.76482617586912","true","16.484","11.731999999999996","50","94.39999999999999","75","500","944","944","0","0","0","0","0","3575","2317","128","581","549","0","709","0","25","25","1000","1997","3.994","139","6.284541308596816","0","48.1","3.5484848484848484","10","143","750"
"417","BA","1000","2","0.1","50","0.1","0.5","1","legal","targeted","14.311641224448199","2","80.81782358021371","80.81782358021371","75","80","80","fixed","1","1","50","1559","27","50","21819949","v2.0-design-v1.0","6","7.3","-1.2999999999999998","94.70684039087948","true","16.598","12.034000000000002","50","94","73","500","940","940","0","0","0","0","0","3575","2326","130","601","518","0","731","0","25","25","1000","1997","3.994","71","4.85443400712477","0","40.4","3.6262626262626263","10","143","750"
"418","BA","1000","2","0.1","50","0.1","0.5","1","legal","targeted","14.311641224448199","2","80.81782358021371","80.81782358021371","75","80","80","fixed","1","1","50","1559","28","50","21819950","v2.0-design-v1.0","5.800000000000011","8.4","-2.599999999999989","94.56921192323398","true","15.593999999999996","10.209999999999997","50","94.19999999999999","84","500","942","942","0","0","0","0","0","3575","2316","133","581","545","0","714","0","25","25","1000","1997","3.994","86","5.303781112950835","0","41.9","3.611111111111111","10","143","750"
"419","BA","1000","2","0.1","50","0.1","0.5","1","legal","targeted","14.311641224448199","2","80.81782358021371","80.81782358021371","75","80","80","fixed","1","1","50","1559","29","50","21819951","v2.0-design-v1.0","5.700000000000003","9","-3.299999999999997","93.99424105306458","true","16.306","10.754000000000001","50","94.3","90","500","943","943","0","0","0","0","0","3575","2285","146","583","561","0","729","0","25","25","1000","1997","3.994","74","5.128768689292604","0","43.2","3.597979797979798","10","143","750"
"420","BA","1000","2","0.1","50","0.1","0.5","1","legal","targeted","14.311641224448199","2","80.81782358021371","80.81782358021371","75","80","80","fixed","1","1","50","1559","30","50","21819952","v2.0-design-v1.0","6.5","8","-1.5","94.43069306930693","true","15.546","9.878","50","93.5","80","500","935","935","0","0","0","0","0","3575","2289","135","610","541","0","745","0","25","25","1000","1997","3.994","77","4.8950920242550975","0","38.6","3.6444444444444444","10","143","750"
"421","BA","1000","2","0.1","50","0.1","0.5","1","legal","targeted","14.871809940550023","8","82.71587750554603","82.71587750554603","75","80","80","fixed","1","1","50","1560","1","50","21820923","v2.0-design-v1.0","6.299999999999997","0.8","5.499999999999997","99.03614457831326","true","7.763999999999999","6.963999999999996","50","93.7","8","500","937","937","0","0","0","0","0","1043","822","8","38","175","0","46","0","7","7","1000","1997","3.994","50","4.582244096614766","0","37","3.6606060606060606","10","149","750"
"422","BA","1000","2","0.1","50","0.1","0.5","1","legal","targeted","14.871809940550023","8","82.71587750554603","82.71587750554603","75","80","80","fixed","1","1","50","1560","2","50","21820924","v2.0-design-v1.0","4.700000000000003","0.8","3.900000000000003","99.03614457831326","true","7.690000000000001","6.89","50","95.3","8","500","953","953","0","0","0","0","0","1043","822","8","38","175","0","46","0","7","7","1000","1997","3.994","76","5.176172017693836","0","42.3","3.607070707070707","10","149","750"
"423","BA","1000","2","0.1","50","0.1","0.5","1","legal","targeted","14.871809940550023","8","82.71587750554603","82.71587750554603","75","80","80","fixed","1","1","50","1560","3","50","21820925","v2.0-design-v1.0","5.6000000000000085","0.8","4.800000000000009","98.91826923076923","true","7.934000000000001","7.1339999999999995","50","94.39999999999999","8","500","944","944","0","0","0","0","0","1043","823","9","52","159","0","61","0","7","7","1000","1997","3.994","143","6.10649271294526","0","45.4","3.5757575757575757","10","149","750"
"424","BA","1000","2","0.1","50","0.1","0.5","1","legal","targeted","14.871809940550023","8","82.71587750554603","82.71587750554603","75","80","80","fixed","1","1","50","1560","4","50","21820926","v2.0-design-v1.0","5.900000000000006","0.7000000000000001","5.2000000000000055","99.1504854368932","true","7.745999999999999","7.061999999999999","50","94.1","7","500","941","941","0","0","0","0","0","1043","817","7","41","178","0","48","0","7","7","1000","1997","3.994","114","5.580959694453186","0","44","3.5898989898989897","10","149","750"
"425","BA","1000","2","0.1","50","0.1","0.5","1","legal","targeted","14.871809940550023","8","82.71587750554603","82.71587750554603","75","80","80","fixed","1","1","50","1560","5","50","21820927","v2.0-design-v1.0","5.6000000000000085","0.8","4.800000000000009","99.03730445246691","true","8.113999999999997","7.313999999999997","50","94.39999999999999","8","500","944","944","0","0","0","0","0","1043","823","8","34","178","0","42","0","7","7","1000","1997","3.994","80","5.530872856480652","0","47","3.5595959595959594","10","149","750"
"426","BA","1000","2","0.1","50","0.1","0.5","1","legal","targeted","14.871809940550023","8","82.71587750554603","82.71587750554603","75","80","80","fixed","1","1","50","1560","6","50","21820928","v2.0-design-v1.0","6","0.7000000000000001","5.3","99.17936694021103","true","8.104000000000001","7.404000000000004","50","94","7","500","940","940","0","0","0","0","0","1043","846","7","34","156","0","41","0","7","7","1000","1997","3.994","74","5.1041175550741285","0","41.6","3.614141414141414","10","149","750"
"427","BA","1000","2","0.1","50","0.1","0.5","1","legal","targeted","14.871809940550023","8","82.71587750554603","82.71587750554603","75","80","80","fixed","1","1","50","1560","7","50","21820929","v2.0-design-v1.0","5.5","1","4.5","98.78493317132441","true","8.016","7.016","50","94.5","10","500","945","945","0","0","0","0","0","1043","813","10","47","173","0","57","0","7","7","1000","1997","3.994","89","5.476673986824291","0","45.2","3.577777777777778","10","149","750"
"428","BA","1000","2","0.1","50","0.1","0.5","1","legal","targeted","14.871809940550023","8","82.71587750554603","82.71587750554603","75","80","80","fixed","1","1","50","1560","8","50","21820930","v2.0-design-v1.0","5.5","0.8","4.7","99.02439024390245","true","7.817999999999999","7.017999999999994","50","94.5","8","500","945","945","0","0","0","0","0","1043","812","8","28","195","0","36","0","7","7","1000","1997","3.994","75","4.964535286470475","0","40.8","3.6222222222222222","10","149","750"
"429","BA","1000","2","0.1","50","0.1","0.5","1","legal","targeted","14.871809940550023","8","82.71587750554603","82.71587750554603","75","80","80","fixed","1","1","50","1560","9","50","21820931","v2.0-design-v1.0","5.900000000000006","1","4.900000000000006","98.79227053140096","true","8.36","7.36","50","94.1","10","500","941","941","0","0","0","0","0","1043","818","10","44","171","0","54","0","7","7","1000","1997","3.994","66","5.009496886819967","0","42.3","3.607070707070707","10","149","750"
"431","BA","1000","2","0.1","50","0.1","0.5","1","legal","targeted","14.871809940550023","8","82.71587750554603","82.71587750554603","75","80","80","fixed","1","1","50","1560","11","50","21820933","v2.0-design-v1.0","6.200000000000003","1.0999999999999999","5.100000000000003","98.68263473053892","true","8.114000000000003","7.013999999999998","50","93.8","11","500","938","938","0","0","0","0","0","1043","824","11","39","169","0","50","0","7","7","1000","1997","3.994","104","5.3859978623253175","0","43.6","3.5939393939393938","10","149","750"
"432","BA","1000","2","0.1","50","0.1","0.5","1","legal","targeted","14.871809940550023","8","82.71587750554603","82.71587750554603","75","80","80","fixed","1","1","50","1560","12","50","21820934","v2.0-design-v1.0","6.200000000000003","0.6","5.600000000000003","99.27360774818402","true","7.646","7.045999999999998","50","93.8","6","500","938","938","0","0","0","0","0","1043","820","6","41","176","0","47","0","7","7","1000","1997","3.994","94","5.606906580406105","0","46.3","3.566666666666667","10","149","750"
"430","BA","1000","2","0.1","50","0.1","0.5","1","legal","targeted","14.871809940550023","8","82.71587750554603","82.71587750554603","75","80","80","fixed","1","1","50","1560","10","50","21820932","v2.0-design-v1.0","4.6000000000000085","1.0999999999999999","3.500000000000009","98.70892018779342","true","8.178000000000004","7.126000000000001","50","95.39999999999999","11","500","954","954","0","0","0","0","0","1043","841","11","37","154","0","48","0","7","7","1000","1997","3.994","77","5.017283840599118","0","42.4","3.606060606060606","10","149","750"
"433","BA","1000","2","0.1","50","0.1","0.5","1","legal","targeted","14.871809940550023","8","82.71587750554603","82.71587750554603","75","80","80","fixed","1","1","50","1560","13","50","21820935","v2.0-design-v1.0","6.299999999999997","0.7000000000000001","5.599999999999997","99.15151515151514","true","8.074000000000002","7.390000000000003","50","93.7","7","500","937","937","0","0","0","0","0","1043","818","7","36","182","0","43","0","7","7","1000","1997","3.994","62","4.748105781099281","0","38","3.6505050505050507","10","149","750"
"434","BA","1000","2","0.1","50","0.1","0.5","1","legal","targeted","14.871809940550023","8","82.71587750554603","82.71587750554603","75","80","80","fixed","1","1","50","1560","14","50","21820936","v2.0-design-v1.0","5.300000000000011","0.8","4.5000000000000115","99.03381642512076","true","7.572000000000004","6.771999999999995","50","94.69999999999999","8","500","947","947","0","0","0","0","0","1043","820","8","38","177","0","46","0","7","7","1000","1997","3.994","89","5.601905510212149","0","44.7","3.5828282828282827","10","149","750"
"435","BA","1000","2","0.1","50","0.1","0.5","1","legal","targeted","14.871809940550023","8","82.71587750554603","82.71587750554603","75","80","80","fixed","1","1","50","1560","15","50","21820937","v2.0-design-v1.0","5.200000000000003","0.6","4.600000000000003","99.2744860943168","true","8.194000000000003","7.594000000000001","50","94.8","6","500","948","948","0","0","0","0","0","1043","821","6","52","164","0","58","0","7","7","1000","1997","3.994","96","5.345141208100537","0","43.3","3.596969696969697","10","149","750"
"437","BA","1000","2","0.1","50","0.1","0.5","1","legal","targeted","14.871809940550023","8","82.71587750554603","82.71587750554603","75","80","80","fixed","1","1","50","1560","17","50","21820939","v2.0-design-v1.0","5.6000000000000085","0.8","4.800000000000009","99.05437352245863","true","7.986000000000003","7.250000000000005","50","94.39999999999999","8","500","944","944","0","0","0","0","0","1043","838","8","44","153","0","52","0","7","7","1000","1997","3.994","94","5.670107063725872","0","47.6","3.5535353535353535","10","149","750"
"436","BA","1000","2","0.1","50","0.1","0.5","1","legal","targeted","14.871809940550023","8","82.71587750554603","82.71587750554603","75","80","80","fixed","1","1","50","1560","16","50","21820938","v2.0-design-v1.0","6","0.8","5.2","99.03264812575574","true","7.837999999999995","7.101999999999997","50","94","8","500","940","940","0","0","0","0","0","1043","819","8","38","178","0","46","0","7","7","1000","1997","3.994","77","5.120955788540664","0","42.6","3.604040404040404","10","149","750"
"438","BA","1000","2","0.1","50","0.1","0.5","1","legal","targeted","14.871809940550023","8","82.71587750554603","82.71587750554603","75","80","80","fixed","1","1","50","1560","18","50","21820940","v2.0-design-v1.0","6.3999999999999915","0.5","5.8999999999999915","99.4019138755981","true","7.939999999999995","7.439999999999998","50","93.60000000000001","5","500","936","936","0","0","0","0","0","1043","831","5","40","167","0","45","0","7","7","1000","1997","3.994","84","5.179072000540896","0","39.9","3.6313131313131315","10","149","750"
"439","BA","1000","2","0.1","50","0.1","0.5","1","legal","targeted","14.871809940550023","8","82.71587750554603","82.71587750554603","75","80","80","fixed","1","1","50","1560","19","50","21820941","v2.0-design-v1.0","6.3999999999999915","0.8999999999999999","5.499999999999991","98.90377588306943","true","7.777999999999997","6.9739999999999975","50","93.60000000000001","9","500","936","936","0","0","0","0","0","1043","812","9","41","181","0","50","0","7","7","1000","1997","3.994","76","5.313774571827459","0","46.8","3.5616161616161617","10","149","750"
"440","BA","1000","2","0.1","50","0.1","0.5","1","legal","targeted","14.871809940550023","8","82.71587750554603","82.71587750554603","75","80","80","fixed","1","1","50","1560","20","50","21820942","v2.0-design-v1.0","5.900000000000006","0.6","5.300000000000006","99.28057553956835","true","7.9599999999999955","7.4239999999999995","50","94.1","6","500","941","941","0","0","0","0","0","1043","828","6","43","166","0","49","0","7","7","1000","1997","3.994","77","5.344392063324547","0","46.7","3.562626262626263","10","149","750"
"441","BA","1000","2","0.1","50","0.1","0.5","1","legal","targeted","14.871809940550023","8","82.71587750554603","82.71587750554603","75","80","80","fixed","1","1","50","1560","21","50","21820943","v2.0-design-v1.0","5.700000000000003","0.8","4.900000000000003","99.03614457831326","true","8.168","7.367999999999996","50","94.3","8","500","943","943","0","0","0","0","0","1043","822","8","35","178","0","43","0","7","7","1000","1997","3.994","70","5.058216044175005","0","43.1","3.598989898989899","10","149","750"
"442","BA","1000","2","0.1","50","0.1","0.5","1","legal","targeted","14.871809940550023","8","82.71587750554603","82.71587750554603","75","80","80","fixed","1","1","50","1560","22","50","21820944","v2.0-design-v1.0","6.799999999999997","0.3","6.499999999999997","99.63811821471653","true","7.627999999999998","7.360000000000002","50","93.2","3","500","932","932","0","0","0","0","0","1043","826","3","41","173","0","44","0","7","7","1000","1997","3.994","87","5.48124146594619","0","44.5","3.584848484848485","10","149","750"
"443","BA","1000","2","0.1","50","0.1","0.5","1","legal","targeted","14.871809940550023","8","82.71587750554603","82.71587750554603","75","80","80","fixed","1","1","50","1560","23","50","21820945","v2.0-design-v1.0","5.900000000000006","0.7000000000000001","5.2000000000000055","99.16666666666667","true","8.022","7.402","50","94.1","7","500","941","941","0","0","0","0","0","1043","833","7","36","167","0","43","0","7","7","1000","1997","3.994","91","5.66710508814509","0","47.2","3.5575757575757576","10","149","750"
"444","BA","1000","2","0.1","50","0.1","0.5","1","legal","targeted","14.871809940550023","8","82.71587750554603","82.71587750554603","75","80","80","fixed","1","1","50","1560","24","50","21820946","v2.0-design-v1.0","6","0.6","5.4","99.30232558139535","true","8.126000000000001","7.525999999999998","50","94","6","500","940","940","0","0","0","0","0","1043","854","6","29","154","0","35","0","7","7","1000","1997","3.994","78","5.089387572770004","0","42.1","3.609090909090909","10","149","750"
"445","BA","1000","2","0.1","50","0.1","0.5","1","legal","targeted","14.871809940550023","8","82.71587750554603","82.71587750554603","75","80","80","fixed","1","1","50","1560","25","50","21820947","v2.0-design-v1.0","5.700000000000003","0.8","4.900000000000003","99.05771495877504","true","8.232000000000005","7.431999999999999","50","94.3","8","500","943","943","0","0","0","0","0","1043","841","8","41","153","0","49","0","7","7","1000","1997","3.994","94","5.6989860889848085","0","47.3","3.5565656565656565","10","149","750"
"446","BA","1000","2","0.1","50","0.1","0.5","1","legal","targeted","14.871809940550023","8","82.71587750554603","82.71587750554603","75","80","80","fixed","1","1","50","1560","26","50","21820948","v2.0-design-v1.0","5.800000000000011","0.4","5.400000000000011","99.52095808383234","true","8.064","7.664000000000002","50","94.19999999999999","4","500","942","942","0","0","0","0","0","1043","831","4","35","173","0","39","0","7","7","1000","1997","3.994","83","5.386183711587909","0","45.2","3.577777777777778","10","149","750"
"448","BA","1000","2","0.1","50","0.1","0.5","1","legal","targeted","14.871809940550023","8","82.71587750554603","82.71587750554603","75","80","80","fixed","1","1","50","1560","28","50","21820950","v2.0-design-v1.0","6","0.6","5.4","99.26650366748166","true","7.781999999999999","7.213999999999999","50","94","6","500","940","940","0","0","0","0","0","1043","812","6","37","188","0","43","0","7","7","1000","1997","3.994","92","5.496378277936671","0","45","3.5797979797979798","10","149","750"
"449","BA","1000","2","0.1","50","0.1","0.5","1","legal","targeted","14.871809940550023","8","82.71587750554603","82.71587750554603","75","80","80","fixed","1","1","50","1560","29","50","21820951","v2.0-design-v1.0","6.200000000000003","1","5.200000000000003","98.80952380952381","true","7.726000000000002","6.726000000000002","50","93.8","10","500","938","938","0","0","0","0","0","1043","830","10","32","171","0","42","0","7","7","1000","1997","3.994","58","4.923637497440904","0","41.1","3.6191919191919193","10","149","750"
"447","BA","1000","2","0.1","50","0.1","0.5","1","legal","targeted","14.871809940550023","8","82.71587750554603","82.71587750554603","75","80","80","fixed","1","1","50","1560","27","50","21820949","v2.0-design-v1.0","6.200000000000003","1.0999999999999999","5.100000000000003","98.69513641755636","true","7.821999999999998","6.8180000000000005","50","93.8","11","500","938","938","0","0","0","0","0","1043","832","11","36","164","0","47","0","7","7","1000","1997","3.994","72","5.09273010279357","0","41.3","3.617171717171717","10","149","750"
"450","BA","1000","2","0.1","50","0.1","0.5","1","legal","targeted","14.871809940550023","8","82.71587750554603","82.71587750554603","75","80","80","fixed","1","1","50","1560","30","50","21820952","v2.0-design-v1.0","5.6000000000000085","1.0999999999999999","4.500000000000009","98.711943793911","true","8.352000000000002","7.3480000000000025","50","94.39999999999999","11","500","944","944","0","0","0","0","0","1043","843","11","33","156","0","44","0","7","7","1000","1997","3.994","86","5.49492112392508","0","46.3","3.566666666666667","10","149","750"
"451","BA","1000","2","0.1","50","0.1","0.5","1","legal","targeted","34.74570258261101","18","90.4117097272408","90.4117097272408","75","80","80","fixed","1","1","50","1561","1","50","21821923","v2.0-design-v1.0","0","1","-1","98.84925201380898","true","11.071999999999997","10.072000000000001","50","100","10","500","1000","1000","0","0","0","0","0","1041","859","10","93","79","0","103","0","3","3","1000","1997","3.994","77","5.103333029306231","0","42","3.61010101010101","10","347","750"
"452","BA","1000","2","0.1","50","0.1","0.5","1","legal","targeted","34.74570258261101","18","90.4117097272408","90.4117097272408","75","80","80","fixed","1","1","50","1561","2","50","21821924","v2.0-design-v1.0","0.5","1.0999999999999999","-0.5999999999999999","98.676293622142","true","11.191999999999998","10.091999999999999","50","99.5","11","500","995","995","0","0","0","0","0","1041","820","11","118","92","0","129","0","3","3","1000","1997","3.994","76","5.061579159075109","0","41.2","3.618181818181818","10","347","750"
"453","BA","1000","2","0.1","50","0.1","0.5","1","legal","targeted","34.74570258261101","18","90.4117097272408","90.4117097272408","75","80","80","fixed","1","1","50","1561","3","50","21821925","v2.0-design-v1.0","0.20000000000000284","0.5","-0.29999999999999716","99.40405244338498","true","10.614000000000003","10.114000000000003","50","99.8","5","500","998","998","0","0","0","0","0","1041","834","5","129","73","0","134","0","3","3","1000","1997","3.994","70","4.863704310463322","0","39.8","3.632323232323232","10","347","750"
"454","BA","1000","2","0.1","50","0.1","0.5","1","legal","targeted","34.74570258261101","18","90.4117097272408","90.4117097272408","75","80","80","fixed","1","1","50","1561","4","50","21821926","v2.0-design-v1.0","0.20000000000000284","1.5","-1.2999999999999972","98.23943661971832","true","10.678000000000004","9.178000000000003","50","99.8","15","500","998","998","0","0","0","0","0","1041","837","15","116","73","0","131","0","3","3","1000","1997","3.994","69","4.964132009385578","0","41","3.6202020202020204","10","347","750"
"455","BA","1000","2","0.1","50","0.1","0.5","1","legal","targeted","34.74570258261101","18","90.4117097272408","90.4117097272408","75","80","80","fixed","1","1","50","1561","5","50","21821927","v2.0-design-v1.0","0.09999999999999432","1.6","-1.5000000000000058","98.10201660735468","true","10.364","8.764","50","99.9","16","500","999","999","0","0","0","0","0","1041","827","16","110","88","0","126","0","3","3","1000","1997","3.994","67","4.893660379706778","0","40.4","3.6262626262626263","10","347","750"
"456","BA","1000","2","0.1","50","0.1","0.5","1","legal","targeted","34.74570258261101","18","90.4117097272408","90.4117097272408","75","80","80","fixed","1","1","50","1561","6","50","21821928","v2.0-design-v1.0","0.20000000000000284","1.2","-0.9999999999999971","98.42233009708737","true","11.224000000000004","10.024000000000006","50","99.8","12","500","998","998","0","0","0","0","0","1041","811","13","116","101","0","129","0","3","3","1000","1997","3.994","74","5.1800383007075075","0","43","3.6","10","347","750"
"457","BA","1000","2","0.1","50","0.1","0.5","1","legal","targeted","34.74570258261101","18","90.4117097272408","90.4117097272408","75","80","80","fixed","1","1","50","1561","7","50","21821929","v2.0-design-v1.0","0","1.4000000000000001","-1.4000000000000001","98.30508474576271","true","10.472000000000001","9.072000000000003","50","100","14","500","1000","1000","0","0","0","0","0","1041","812","14","129","86","0","143","0","3","3","1000","1997","3.994","84","5.762392660099544","0","49.4","3.5353535353535355","10","347","750"
"458","BA","1000","2","0.1","50","0.1","0.5","1","legal","targeted","34.74570258261101","18","90.4117097272408","90.4117097272408","75","80","80","fixed","1","1","50","1561","8","50","21821930","v2.0-design-v1.0","0.20000000000000284","1","-0.7999999999999972","98.82629107981221","true","10.698000000000002","9.698000000000002","50","99.8","10","500","998","998","0","0","0","0","0","1041","842","10","109","80","0","119","0","3","3","1000","1997","3.994","129","5.822015103025748","0","44.5","3.584848484848485","10","347","750"
"459","BA","1000","2","0.1","50","0.1","0.5","1","legal","targeted","34.74570258261101","18","90.4117097272408","90.4117097272408","75","80","80","fixed","1","1","50","1561","9","50","21821931","v2.0-design-v1.0","0.09999999999999432","0.6","-0.5000000000000057","99.28825622775801","true","11.018000000000011","10.454","50","99.9","6","500","999","999","0","0","0","0","0","1041","837","6","116","82","0","122","0","3","3","1000","1997","3.994","69","4.664946486909107","0","38.3","3.6474747474747473","10","347","750"
"460","BA","1000","2","0.1","50","0.1","0.5","1","legal","targeted","34.74570258261101","18","90.4117097272408","90.4117097272408","75","80","80","fixed","1","1","50","1561","10","50","21821932","v2.0-design-v1.0","0.09999999999999432","1.0999999999999999","-1.0000000000000056","98.69358669833728","true","10.006000000000002","8.906","50","99.9","11","500","999","999","0","0","0","0","0","1041","831","11","113","86","0","124","0","3","3","1000","1997","3.994","76","5.039976722700737","0","42","3.61010101010101","10","347","750"
"461","BA","1000","2","0.1","50","0.1","0.5","1","legal","targeted","34.74570258261101","18","90.4117097272408","90.4117097272408","75","80","80","fixed","1","1","50","1561","11","50","21821933","v2.0-design-v1.0","0","1.3","-1.3","98.44868735083531","true","10.778000000000002","9.477999999999998","50","100","13","500","1000","1000","0","0","0","0","0","1041","825","13","120","83","0","133","0","3","3","1000","1997","3.994","98","5.41047477003979","0","45.1","3.5787878787878786","10","347","750"
"462","BA","1000","2","0.1","50","0.1","0.5","1","legal","targeted","34.74570258261101","18","90.4117097272408","90.4117097272408","75","80","80","fixed","1","1","50","1561","12","50","21821934","v2.0-design-v1.0","0.20000000000000284","0.8","-0.5999999999999972","99.05548996458087","true","10.96","10.16","50","99.8","8","500","998","998","0","0","0","0","0","1041","839","8","118","76","0","126","0","3","3","1000","1997","3.994","81","5.038188895560313","0","41.1","3.6191919191919193","10","347","750"
"463","BA","1000","2","0.1","50","0.1","0.5","1","legal","targeted","34.74570258261101","18","90.4117097272408","90.4117097272408","75","80","80","fixed","1","1","50","1561","13","50","21821935","v2.0-design-v1.0","0.20000000000000284","1.2","-0.9999999999999971","98.55595667870037","true","10.844","9.644000000000002","50","99.8","12","500","998","998","0","0","0","0","0","1041","819","12","122","88","0","134","0","3","3","1000","1997","3.994","68","4.920790401772676","0","40.6","3.624242424242424","10","347","750"
"464","BA","1000","2","0.1","50","0.1","0.5","1","legal","targeted","34.74570258261101","18","90.4117097272408","90.4117097272408","75","80","80","fixed","1","1","50","1561","14","50","21821936","v2.0-design-v1.0","0.20000000000000284","1.7999999999999998","-1.599999999999997","97.89964994165695","true","10.643999999999997","8.844000000000001","50","99.8","18","500","998","998","0","0","0","0","0","1041","839","18","100","84","0","118","0","3","3","1000","1997","3.994","65","4.681653755018817","0","36.9","3.6616161616161618","10","347","750"
"465","BA","1000","2","0.1","50","0.1","0.5","1","legal","targeted","34.74570258261101","18","90.4117097272408","90.4117097272408","75","80","80","fixed","1","1","50","1561","15","50","21821937","v2.0-design-v1.0","0.09999999999999432","1.9","-1.8000000000000056","97.70253929866989","true","9.876","7.9760000000000035","50","99.9","19","500","999","999","0","0","0","0","0","1041","808","19","111","103","0","130","0","3","3","1000","1997","3.994","78","4.697662400815103","0","36","3.6707070707070706","10","347","750"
"466","BA","1000","2","0.1","50","0.1","0.5","1","legal","targeted","34.74570258261101","18","90.4117097272408","90.4117097272408","75","80","80","fixed","1","1","50","1561","16","50","21821938","v2.0-design-v1.0","0.09999999999999432","1.4000000000000001","-1.3000000000000058","98.3132530120482","true","10.096000000000002","8.696000000000003","50","99.9","14","500","999","999","0","0","0","0","0","1041","816","14","103","108","0","117","0","3","3","1000","1997","3.994","115","6.183542690092834","0","51.3","3.5161616161616163","10","347","750"
"467","BA","1000","2","0.1","50","0.1","0.5","1","legal","targeted","34.74570258261101","18","90.4117097272408","90.4117097272408","75","80","80","fixed","1","1","50","1561","17","50","21821939","v2.0-design-v1.0","0.4000000000000057","0.8999999999999999","-0.4999999999999942","98.91956782713085","true","11.100000000000005","10.199999999999998","50","99.6","9","500","996","996","0","0","0","0","0","1041","824","9","119","89","0","128","0","3","3","1000","1997","3.994","118","5.498927368333036","0","42.1","3.609090909090909","10","347","750"
"468","BA","1000","2","0.1","50","0.1","0.5","1","legal","targeted","34.74570258261101","18","90.4117097272408","90.4117097272408","75","80","80","fixed","1","1","50","1561","18","50","21821940","v2.0-design-v1.0","0.09999999999999432","1.5","-1.4000000000000057","98.23113207547169","true","11.126000000000003","9.626000000000001","50","99.9","15","500","999","999","0","0","0","0","0","1041","833","15","112","81","0","127","0","3","3","1000","1997","3.994","65","4.812392660945591","0","39.4","3.6363636363636362","10","347","750"
"469","BA","1000","2","0.1","50","0.1","0.5","1","legal","targeted","34.74570258261101","18","90.4117097272408","90.4117097272408","75","80","80","fixed","1","1","50","1561","19","50","21821941","v2.0-design-v1.0","0.20000000000000284","0.7000000000000001","-0.4999999999999972","99.16467780429595","true","11.341999999999999","10.642000000000005","50","99.8","7","500","998","998","0","0","0","0","0","1041","831","7","115","88","0","122","0","3","3","1000","1997","3.994","95","5.179651802273272","0","40.8","3.6222222222222222","10","347","750"
"470","BA","1000","2","0.1","50","0.1","0.5","1","legal","targeted","34.74570258261101","18","90.4117097272408","90.4117097272408","75","80","80","fixed","1","1","50","1561","20","50","21821942","v2.0-design-v1.0","0.4000000000000057","0.8999999999999999","-0.4999999999999942","98.91304347826086","true","10.881999999999998","9.982000000000001","50","99.6","9","500","996","996","0","0","0","0","0","1041","819","9","115","98","0","124","0","3","3","1000","1997","3.994","60","4.602297811435614","0","38.4","3.6464646464646466","10","347","750"
"471","BA","1000","2","0.1","50","0.1","0.5","1","legal","targeted","34.74570258261101","18","90.4117097272408","90.4117097272408","75","80","80","fixed","1","1","50","1561","21","50","21821943","v2.0-design-v1.0","0.09999999999999432","1.4000000000000001","-1.3000000000000058","98.37962962962963","true","10.674000000000005","9.274","50","99.9","14","500","999","999","0","0","0","0","0","1041","850","14","96","81","0","110","0","3","3","1000","1997","3.994","118","5.805313571691516","0","43.8","3.591919191919192","10","347","750"
"472","BA","1000","2","0.1","50","0.1","0.5","1","legal","targeted","34.74570258261101","18","90.4117097272408","90.4117097272408","75","80","80","fixed","1","1","50","1561","22","50","21821944","v2.0-design-v1.0","0.20000000000000284","1.0999999999999999","-0.899999999999997","98.72093023255813","true","10.958000000000002","9.857999999999999","50","99.8","11","500","998","998","0","0","0","0","0","1041","849","11","100","81","0","111","0","3","3","1000","1997","3.994","97","5.49346358340001","0","45","3.5797979797979798","10","347","750"
"473","BA","1000","2","0.1","50","0.1","0.5","1","legal","targeted","34.74570258261101","18","90.4117097272408","90.4117097272408","75","80","80","fixed","1","1","50","1561","23","50","21821945","v2.0-design-v1.0","0.09999999999999432","1","-0.9000000000000057","98.80668257756562","true","10.589999999999998","9.589999999999998","50","99.9","10","500","999","999","0","0","0","0","0","1041","828","10","108","95","0","118","0","3","3","1000","1997","3.994","56","4.864527482461942","0","41","3.6202020202020204","10","347","750"
"474","BA","1000","2","0.1","50","0.1","0.5","1","legal","targeted","34.74570258261101","18","90.4117097272408","90.4117097272408","75","80","80","fixed","1","1","50","1561","24","50","21821946","v2.0-design-v1.0","0.20000000000000284","1.6","-1.3999999999999972","98.07692307692307","true","11.050000000000004","9.486","50","99.8","16","500","998","998","0","0","0","0","0","1041","816","16","110","99","0","126","0","3","3","1000","1997","3.994","89","6.008666080592963","0","52.8","3.501010101010101","10","347","750"
"475","BA","1000","2","0.1","50","0.1","0.5","1","legal","targeted","34.74570258261101","18","90.4117097272408","90.4117097272408","75","80","80","fixed","1","1","50","1561","25","50","21821947","v2.0-design-v1.0","0.09999999999999432","1.4000000000000001","-1.3000000000000058","98.32535885167464","true","10.222000000000003","8.822000000000001","50","99.9","14","500","999","999","0","0","0","0","0","1041","822","14","116","89","0","130","0","3","3","1000","1997","3.994","85","5.465879603489246","0","48.5","3.5444444444444443","10","347","750"
"476","BA","1000","2","0.1","50","0.1","0.5","1","legal","targeted","34.74570258261101","18","90.4117097272408","90.4117097272408","75","80","80","fixed","1","1","50","1561","26","50","21821948","v2.0-design-v1.0","0.20000000000000284","1.2","-0.9999999999999971","98.562874251497","true","11.075999999999997","9.876000000000001","50","99.8","12","500","998","998","0","0","0","0","0","1041","823","12","127","79","0","139","0","3","3","1000","1997","3.994","70","4.92973287980862","0","39.9","3.6313131313131315","10","347","750"
"477","BA","1000","2","0.1","50","0.1","0.5","1","legal","targeted","34.74570258261101","18","90.4117097272408","90.4117097272408","75","80","80","fixed","1","1","50","1561","27","50","21821949","v2.0-design-v1.0","0.09999999999999432","1","-0.9000000000000057","98.78934624697337","true","10.992000000000004","9.991999999999997","50","99.9","10","500","999","999","0","0","0","0","0","1041","816","10","119","96","0","129","0","3","3","1000","1997","3.994","97","5.699337369067244","0","47.7","3.5525252525252524","10","347","750"
"478","BA","1000","2","0.1","50","0.1","0.5","1","legal","targeted","34.74570258261101","18","90.4117097272408","90.4117097272408","75","80","80","fixed","1","1","50","1561","28","50","21821950","v2.0-design-v1.0","0.20000000000000284","0.6","-0.39999999999999714","99.30555555555556","true","11.043999999999999","10.444","50","99.8","6","500","998","998","0","0","0","0","0","1041","858","6","101","76","0","107","0","3","3","1000","1997","3.994","80","5.084074331853512","0","42.4","3.606060606060606","10","347","750"
"479","BA","1000","2","0.1","50","0.1","0.5","1","legal","targeted","34.74570258261101","18","90.4117097272408","90.4117097272408","75","80","80","fixed","1","1","50","1561","29","50","21821951","v2.0-design-v1.0","0.20000000000000284","1.2","-0.9999999999999971","98.58989424206815","true","11.164000000000001","9.964000000000004","50","99.8","12","500","998","998","0","0","0","0","0","1041","839","12","114","76","0","126","0","3","3","1000","1997","3.994","70","5.030832264474058","0","41.9","3.611111111111111","10","347","750"
"480","BA","1000","2","0.1","50","0.1","0.5","1","legal","targeted","34.74570258261101","18","90.4117097272408","90.4117097272408","75","80","80","fixed","1","1","50","1561","30","50","21821952","v2.0-design-v1.0","0.5","2","-1.5","97.64428739693759","true","11.51","9.509999999999998","50","99.5","20","500","995","995","0","0","0","0","0","1041","829","20","106","86","0","126","0","3","3","1000","1997","3.994","71","5.226593659476619","0","45.4","3.5757575757575757","10","347","750"
"481","BA","1000","2","0.1","50","0.1","0.5","1","legal","targeted","13.351069004601719","13","82.80420381407001","82.80420381407001","75","80","80","fixed","1","1","50","1562","1","50","21822923","v2.0-design-v1.0","0","0.6","-0.6","98.62068965517241","true","6.414000000000002","5.814","50","100","6","500","1000","1000","0","0","0","0","0","536","429","6","20","81","0","26","0","4","4","1000","1997","3.994","77","4.948580852370949","0","40.6","3.624242424242424","10","134","750"
"482","BA","1000","2","0.1","50","0.1","0.5","1","legal","targeted","13.351069004601719","13","82.80420381407001","82.80420381407001","75","80","80","fixed","1","1","50","1562","2","50","21822924","v2.0-design-v1.0","0","0.6","-0.6","98.56801909307876","true","6.1560000000000015","5.555999999999995","50","100","6","500","1000","1000","0","0","0","0","0","536","413","6","27","90","0","33","0","4","4","1000","1997","3.994","90","5.416207095311184","0","45.1","3.5787878787878786","10","134","750"
"483","BA","1000","2","0.1","50","0.1","0.5","1","legal","targeted","13.351069004601719","13","82.80420381407001","82.80420381407001","75","80","80","fixed","1","1","50","1562","3","50","21822925","v2.0-design-v1.0","0","0.5","-0.5","98.83990719257541","true","5.934000000000001","5.434000000000001","50","100","5","500","1000","1000","0","0","0","0","0","536","426","5","31","74","0","36","0","4","4","1000","1997","3.994","92","5.008097946830212","0","40.1","3.6292929292929292","10","134","750"
"484","BA","1000","2","0.1","50","0.1","0.5","1","legal","targeted","13.351069004601719","13","82.80420381407001","82.80420381407001","75","80","80","fixed","1","1","50","1562","4","50","21822926","v2.0-design-v1.0","0","0.3","-0.3","99.25925925925925","true","6.224000000000002","5.923999999999998","50","100","3","500","1000","1000","0","0","0","0","0","536","402","3","32","99","0","35","0","4","4","1000","1997","3.994","96","5.940307336430633","0","51.1","3.518181818181818","10","134","750"
"485","BA","1000","2","0.1","50","0.1","0.5","1","legal","targeted","13.351069004601719","13","82.80420381407001","82.80420381407001","75","80","80","fixed","1","1","50","1562","5","50","21822927","v2.0-design-v1.0","0","0.8","-0.8","98.06295399515739","true","6.047999999999998","5.247999999999993","50","100","8","500","1000","1000","0","0","0","0","0","536","405","8","35","88","0","43","0","4","4","1000","1997","3.994","105","5.942329111996031","0","46.9","3.5606060606060606","10","134","750"
"486","BA","1000","2","0.1","50","0.1","0.5","1","legal","targeted","13.351069004601719","13","82.80420381407001","82.80420381407001","75","80","80","fixed","1","1","50","1562","6","50","21822928","v2.0-design-v1.0","0","0.8","-0.8","98.04878048780488","true","5.884000000000003","5.083999999999994","50","100","8","500","1000","1000","0","0","0","0","0","536","402","8","31","95","0","39","0","4","4","1000","1997","3.994","91","5.350195191634463","0","43.9","3.590909090909091","10","134","750"
"487","BA","1000","2","0.1","50","0.1","0.5","1","legal","targeted","13.351069004601719","13","82.80420381407001","82.80420381407001","75","80","80","fixed","1","1","50","1562","7","50","21822929","v2.0-design-v1.0","0.09999999999999432","1","-0.9000000000000057","97.58454106280193","true","5.974000000000003","4.974","50","99.9","10","500","999","999","0","0","0","0","0","536","404","10","25","97","0","35","0","4","4","1000","1997","3.994","85","5.100193719455748","0","41.6","3.614141414141414","10","134","750"
"488","BA","1000","2","0.1","50","0.1","0.5","1","legal","targeted","13.351069004601719","13","82.80420381407001","82.80420381407001","75","80","80","fixed","1","1","50","1562","8","50","21822930","v2.0-design-v1.0","0","0.8999999999999999","-0.8999999999999999","97.79411764705883","true","6.222000000000003","5.322000000000004","50","100","9","500","1000","1000","0","0","0","0","0","536","399","9","36","92","0","45","0","4","4","1000","1997","3.994","130","5.881884099551839","0","46","3.56969696969697","10","134","750"
"489","BA","1000","2","0.1","50","0.1","0.5","1","legal","targeted","13.351069004601719","13","82.80420381407001","82.80420381407001","75","80","80","fixed","1","1","50","1562","9","50","21822931","v2.0-design-v1.0","0","0.5","-0.5","98.8009592326139","true","6.264000000000003","5.764000000000003","50","100","5","500","1000","1000","0","0","0","0","0","536","412","5","32","87","0","37","0","4","4","1000","1997","3.994","75","5.389899351102481","0","46.2","3.5676767676767676","10","134","750"
"490","BA","1000","2","0.1","50","0.1","0.5","1","legal","targeted","13.351069004601719","13","82.80420381407001","82.80420381407001","75","80","80","fixed","1","1","50","1562","10","50","21822932","v2.0-design-v1.0","0","0.8","-0.8","98.05352798053528","true","6.268","5.467999999999998","50","100","8","500","1000","1000","0","0","0","0","0","536","403","8","29","96","0","37","0","4","4","1000","1997","3.994","108","5.6605658733033","0","46.5","3.5646464646464646","10","134","750"
"491","BA","1000","2","0.1","50","0.1","0.5","1","legal","targeted","13.351069004601719","13","82.80420381407001","82.80420381407001","75","80","80","fixed","1","1","50","1562","11","50","21822933","v2.0-design-v1.0","0","0.6","-0.6","98.57142857142858","true","6.628000000000006","6.0279999999999925","50","100","6","500","1000","1000","0","0","0","0","0","536","414","6","32","84","0","38","0","4","4","1000","1997","3.994","80","5.251432332377659","0","43.7","3.592929292929293","10","134","750"
"492","BA","1000","2","0.1","50","0.1","0.5","1","legal","targeted","13.351069004601719","13","82.80420381407001","82.80420381407001","75","80","80","fixed","1","1","50","1562","12","50","21822934","v2.0-design-v1.0","0","0.5","-0.5","98.82903981264637","true","6.204000000000001","5.704000000000001","50","100","5","500","1000","1000","0","0","0","0","0","536","422","5","35","74","0","40","0","4","4","1000","1997","3.994","99","5.71091749008673","0","45.9","3.5707070707070705","10","134","750"
"493","BA","1000","2","0.1","50","0.1","0.5","1","legal","targeted","13.351069004601719","13","82.80420381407001","82.80420381407001","75","80","80","fixed","1","1","50","1562","13","50","21822935","v2.0-design-v1.0","0","0.6","-0.6","98.54721549636804","true","6.472","5.871999999999996","50","100","6","500","1000","1000","0","0","0","0","0","536","407","6","34","89","0","40","0","4","4","1000","1997","3.994","127","6.025966833320325","0","48.2","3.5474747474747477","10","134","750"
"494","BA","1000","2","0.1","50","0.1","0.5","1","legal","targeted","13.351069004601719","13","82.80420381407001","82.80420381407001","75","80","80","fixed","1","1","50","1562","14","50","21822936","v2.0-design-v1.0","0","0.7000000000000001","-0.7000000000000001","98.22335025380711","true","6.524000000000005","5.824000000000004","50","100","7","500","1000","1000","0","0","0","0","0","536","387","7","33","109","0","40","0","4","4","1000","1997","3.994","152","6.409449667876751","0","48.3","3.5464646464646465","10","134","750"
"495","BA","1000","2","0.1","50","0.1","0.5","1","legal","targeted","13.351069004601719","13","82.80420381407001","82.80420381407001","75","80","80","fixed","1","1","50","1562","15","50","21822937","v2.0-design-v1.0","0","0.3","-0.3","99.26289926289927","true","6.062","5.761999999999998","50","100","3","500","1000","1000","0","0","0","0","0","536","404","3","44","85","0","47","0","4","4","1000","1997","3.994","90","5.023863374257215","0","40.6","3.624242424242424","10","134","750"
"496","BA","1000","2","0.1","50","0.1","0.5","1","legal","targeted","13.351069004601719","13","82.80420381407001","82.80420381407001","75","80","80","fixed","1","1","50","1562","16","50","21822938","v2.0-design-v1.0","0","0.4","-0.4","99.0453460620525","true","6.0820000000000025","5.6820000000000075","50","100","4","500","1000","1000","0","0","0","0","0","536","415","4","24","93","0","28","0","4","4","1000","1997","3.994","80","5.502203034988632","0","45.3","3.576767676767677","10","134","750"
"497","BA","1000","2","0.1","50","0.1","0.5","1","legal","targeted","13.351069004601719","13","82.80420381407001","82.80420381407001","75","80","80","fixed","1","1","50","1562","17","50","21822939","v2.0-design-v1.0","0","0.5","-0.5","98.83177570093457","true","6.392","5.892","50","100","5","500","1000","1000","0","0","0","0","0","536","423","5","33","75","0","38","0","4","4","1000","1997","3.994","107","5.711969064218617","0","47.1","3.5585858585858587","10","134","750"
"498","BA","1000","2","0.1","50","0.1","0.5","1","legal","targeted","13.351069004601719","13","82.80420381407001","82.80420381407001","75","80","80","fixed","1","1","50","1562","18","50","21822940","v2.0-design-v1.0","0.09999999999999432","0.8","-0.7000000000000057","98.0392156862745","true","6.1220000000000026","5.321999999999995","50","99.9","8","500","999","999","0","0","0","0","0","536","400","8","43","85","0","51","0","4","4","1000","1997","3.994","64","4.937442895096841","0","41.2","3.618181818181818","10","134","750"
"499","BA","1000","2","0.1","50","0.1","0.5","1","legal","targeted","13.351069004601719","13","82.80420381407001","82.80420381407001","75","80","80","fixed","1","1","50","1562","19","50","21822941","v2.0-design-v1.0","0","0.4","-0.4","99.06542056074767","true","6.689999999999998","6.290000000000004","50","100","4","500","1000","1000","0","0","0","0","0","536","424","4","24","84","0","28","0","4","4","1000","1997","3.994","76","5.098034322555496","0","40.2","3.628282828282828","10","134","750"
"500","BA","1000","2","0.1","50","0.1","0.5","1","legal","targeted","13.351069004601719","13","82.80420381407001","82.80420381407001","75","80","80","fixed","1","1","50","1562","20","50","21822942","v2.0-design-v1.0","0","0.3","-0.3","99.28909952606635","true","6.2280000000000015","5.927999999999997","50","100","3","500","1000","1000","0","0","0","0","0","536","419","3","28","86","0","31","0","4","4","1000","1997","3.994","74","5.182549837948765","0","43.4","3.595959595959596","10","134","750"
"501","BA","1000","2","0.1","50","0.1","0.5","1","legal","targeted","13.351069004601719","13","82.80420381407001","82.80420381407001","75","80","80","fixed","1","1","50","1562","21","50","21822943","v2.0-design-v1.0","0.09999999999999432","0.8999999999999999","-0.8000000000000056","97.9020979020979","true","6.052000000000003","5.152","50","99.9","9","500","999","999","0","0","0","0","0","536","420","9","25","82","0","34","0","4","4","1000","1997","3.994","83","5.057028528448048","0","40.9","3.621212121212121","10","134","750"
"502","BA","1000","2","0.1","50","0.1","0.5","1","legal","targeted","13.351069004601719","13","82.80420381407001","82.80420381407001","75","80","80","fixed","1","1","50","1562","22","50","21822944","v2.0-design-v1.0","0","0.8999999999999999","-0.8999999999999999","97.87234042553192","true","6.120000000000002","5.2200000000000015","50","100","9","500","1000","1000","0","0","0","0","0","536","414","9","32","81","0","41","0","4","4","1000","1997","3.994","119","5.682451429995169","0","45","3.5797979797979798","10","134","750"
"503","BA","1000","2","0.1","50","0.1","0.5","1","legal","targeted","13.351069004601719","13","82.80420381407001","82.80420381407001","75","80","80","fixed","1","1","50","1562","23","50","21822945","v2.0-design-v1.0","0.20000000000000284","0.8999999999999999","-0.6999999999999971","97.8622327790974","true","6.104","5.204","50","99.8","9","500","998","998","0","0","0","0","0","536","412","9","31","84","0","40","0","4","4","1000","1997","3.994","92","5.263237185009392","0","41.8","3.6121212121212123","10","134","750"
"504","BA","1000","2","0.1","50","0.1","0.5","1","legal","targeted","13.351069004601719","13","82.80420381407001","82.80420381407001","75","80","80","fixed","1","1","50","1562","24","50","21822946","v2.0-design-v1.0","0","0.7000000000000001","-0.7000000000000001","98.37209302325581","true","6.502000000000001","5.802000000000005","50","100","7","500","1000","1000","0","0","0","0","0","536","423","7","28","78","0","35","0","4","4","1000","1997","3.994","87","5.438523838464025","0","44.8","3.581818181818182","10","134","750"
"505","BA","1000","2","0.1","50","0.1","0.5","1","legal","targeted","13.351069004601719","13","82.80420381407001","82.80420381407001","75","80","80","fixed","1","1","50","1562","25","50","21822947","v2.0-design-v1.0","0","0.5","-0.5","98.8009592326139","true","6.587999999999999","6.087999999999999","50","100","5","500","1000","1000","0","0","0","0","0","536","412","5","27","92","0","32","0","4","4","1000","1997","3.994","99","5.42783800655706","0","45","3.5797979797979798","10","134","750"
"506","BA","1000","2","0.1","50","0.1","0.5","1","legal","targeted","13.351069004601719","13","82.80420381407001","82.80420381407001","75","80","80","fixed","1","1","50","1562","26","50","21822948","v2.0-design-v1.0","0","0.6","-0.6","98.5781990521327","true","6.795999999999999","6.195999999999995","50","100","6","500","1000","1000","0","0","0","0","0","536","416","6","41","73","0","47","0","4","4","1000","1997","3.994","74","5.382465507082682","0","46.8","3.5616161616161617","10","134","750"
"507","BA","1000","2","0.1","50","0.1","0.5","1","legal","targeted","13.351069004601719","13","82.80420381407001","82.80420381407001","75","80","80","fixed","1","1","50","1562","27","50","21822949","v2.0-design-v1.0","0","0.8999999999999999","-0.8999999999999999","97.87735849056604","true","5.720000000000002","4.819999999999999","50","100","9","500","1000","1000","0","0","0","0","0","536","415","9","31","81","0","40","0","4","4","1000","1997","3.994","52","4.889977083369181","0","41.4","3.6161616161616164","10","134","750"
"508","BA","1000","2","0.1","50","0.1","0.5","1","legal","targeted","13.351069004601719","13","82.80420381407001","82.80420381407001","75","80","80","fixed","1","1","50","1562","28","50","21822950","v2.0-design-v1.0","0","0.6","-0.6","98.56115107913669","true","6.2340000000000035","5.633999999999995","50","100","6","500","1000","1000","0","0","0","0","0","536","411","6","34","85","0","40","0","4","4","1000","1997","3.994","72","5.133060715821725","0","43","3.6","10","134","750"
"509","BA","1000","2","0.1","50","0.1","0.5","1","legal","targeted","13.351069004601719","13","82.80420381407001","82.80420381407001","75","80","80","fixed","1","1","50","1562","29","50","21822951","v2.0-design-v1.0","0","0.8999999999999999","-0.8999999999999999","97.9498861047836","true","6.272","5.372000000000005","50","100","9","500","1000","1000","0","0","0","0","0","536","430","9","24","73","0","33","0","4","4","1000","1997","3.994","91","5.307177228068613","0","44.4","3.585858585858586","10","134","750"
"510","BA","1000","2","0.1","50","0.1","0.5","1","legal","targeted","13.351069004601719","13","82.80420381407001","82.80420381407001","75","80","80","fixed","1","1","50","1562","30","50","21822952","v2.0-design-v1.0","0","0.6","-0.6","98.52216748768473","true","6.414000000000002","5.813999999999998","50","100","6","500","1000","1000","0","0","0","0","0","536","400","6","30","100","0","36","0","4","4","1000","1997","3.994","60","4.805523598636985","0","40.3","3.6272727272727274","10","134","750"
"511","BA","1000","2","0.1","50","0.1","0.5","1","legal","targeted","49.33397141386163","19","83.42150728107681","83.42150728107681","75","80","80","fixed","1","1","50","1563","1","50","21823923","v2.0-design-v1.0","1.2000000000000028","3.1","-1.8999999999999972","97.1894832275612","true","14.152000000000001","11.089999999999998","50","98.8","31","500","988","988","0","0","0","0","0","1479","1072","31","155","221","0","186","0","3","3","1000","1997","3.994","83","5.488541526497544","0","44.3","3.5868686868686868","10","493","750"
"512","BA","1000","2","0.1","50","0.1","0.5","1","legal","targeted","49.33397141386163","19","83.42150728107681","83.42150728107681","75","80","80","fixed","1","1","50","1563","2","50","21823924","v2.0-design-v1.0","0.5999999999999943","3.6999999999999997","-3.1000000000000054","96.67565139263252","true","13.571999999999997","9.872000000000002","50","99.4","37","500","994","994","0","0","0","0","0","1479","1076","37","160","206","0","197","0","3","3","1000","1997","3.994","78","5.030036308543428","0","41.2","3.618181818181818","10","493","750"
"513","BA","1000","2","0.1","50","0.1","0.5","1","legal","targeted","49.33397141386163","19","83.42150728107681","83.42150728107681","75","80","80","fixed","1","1","50","1563","3","50","21823925","v2.0-design-v1.0","1.7000000000000028","3.5999999999999996","-1.8999999999999968","96.75090252707581","true","14.208","10.607999999999999","50","98.3","36","500","983","983","0","0","0","0","0","1479","1072","36","149","222","0","185","0","3","3","1000","1997","3.994","75","5.086633251752851","0","41.5","3.6151515151515152","10","493","750"
"514","BA","1000","2","0.1","50","0.1","0.5","1","legal","targeted","49.33397141386163","19","83.42150728107681","83.42150728107681","75","80","80","fixed","1","1","50","1563","4","50","21823926","v2.0-design-v1.0","0.7000000000000028","3.1","-2.3999999999999972","97.21223021582733","true","14.776000000000002","11.675999999999998","50","99.3","31","500","993","993","0","0","0","0","0","1479","1081","31","168","199","0","199","0","3","3","1000","1997","3.994","93","5.780257379682616","0","50","3.529292929292929","10","493","750"
"516","BA","1000","2","0.1","50","0.1","0.5","1","legal","targeted","49.33397141386163","19","83.42150728107681","83.42150728107681","75","80","80","fixed","1","1","50","1563","6","50","21823928","v2.0-design-v1.0","1.2999999999999972","3.8","-2.5000000000000027","96.52333028362305","true","13.914000000000003","10.152","50","98.7","38","500","987","987","0","0","0","0","0","1479","1055","38","154","232","0","192","0","3","3","1000","1997","3.994","89","5.5961845288804755","0","47.5","3.5545454545454547","10","493","750"
"515","BA","1000","2","0.1","50","0.1","0.5","1","legal","targeted","49.33397141386163","19","83.42150728107681","83.42150728107681","75","80","80","fixed","1","1","50","1563","5","50","21823927","v2.0-design-v1.0","0.7999999999999972","2.4","-1.6000000000000028","97.85714285714285","true","13.650000000000002","11.288000000000002","50","99.2","24","500","992","992","0","0","0","0","0","1479","1096","24","160","199","0","184","0","3","3","1000","1997","3.994","59","4.925263670324879","0","40.3","3.6272727272727274","10","493","750"
"517","BA","1000","2","0.1","50","0.1","0.5","1","legal","targeted","49.33397141386163","19","83.42150728107681","83.42150728107681","75","80","80","fixed","1","1","50","1563","7","50","21823929","v2.0-design-v1.0","1.2000000000000028","3.6999999999999997","-2.499999999999997","96.55813953488372","true","13.741999999999997","10.117999999999999","50","98.8","37","500","988","988","0","0","0","0","0","1479","1038","37","153","251","0","190","0","3","3","1000","1997","3.994","77","5.36999076356754","0","47.1","3.5585858585858587","10","493","750"
"518","BA","1000","2","0.1","50","0.1","0.5","1","legal","targeted","49.33397141386163","19","83.42150728107681","83.42150728107681","75","80","80","fixed","1","1","50","1563","8","50","21823930","v2.0-design-v1.0","1","2.9000000000000004","-1.9000000000000004","97.38738738738739","true","14.237999999999992","11.338","50","99","29","500","990","990","0","0","0","0","0","1479","1081","29","163","206","0","192","0","3","3","1000","1997","3.994","54","4.672879176674667","0","38.3","3.6474747474747473","10","493","750"
"520","BA","1000","2","0.1","50","0.1","0.5","1","legal","targeted","49.33397141386163","19","83.42150728107681","83.42150728107681","75","80","80","fixed","1","1","50","1563","10","50","21823932","v2.0-design-v1.0","0.5999999999999943","3.3000000000000003","-2.700000000000006","96.97239536954586","true","14.270000000000003","10.97","50","99.4","33","500","994","994","0","0","0","0","0","1479","1089","34","148","208","0","182","0","3","3","1000","1997","3.994","77","5.413249233802855","0","44.7","3.5828282828282827","10","493","750"
"519","BA","1000","2","0.1","50","0.1","0.5","1","legal","targeted","49.33397141386163","19","83.42150728107681","83.42150728107681","75","80","80","fixed","1","1","50","1563","9","50","21823931","v2.0-design-v1.0","0.7000000000000028","2.3","-1.599999999999997","97.89954337899543","true","13.732000000000006","11.432","50","99.3","23","500","993","993","0","0","0","0","0","1479","1072","23","169","215","0","192","0","3","3","1000","1997","3.994","69","5.225061269044145","0","45.4","3.5757575757575757","10","493","750"
"521","BA","1000","2","0.1","50","0.1","0.5","1","legal","targeted","49.33397141386163","19","83.42150728107681","83.42150728107681","75","80","80","fixed","1","1","50","1563","11","50","21823933","v2.0-design-v1.0","0.4000000000000057","2.3","-1.8999999999999941","97.90528233151184","true","13.618","11.317999999999994","50","99.6","23","500","996","996","0","0","0","0","0","1479","1075","23","161","220","0","184","0","3","3","1000","1997","3.994","66","5.00689854431193","0","42.3","3.607070707070707","10","493","750"
"522","BA","1000","2","0.1","50","0.1","0.5","1","legal","targeted","49.33397141386163","19","83.42150728107681","83.42150728107681","75","80","80","fixed","1","1","50","1563","12","50","21823934","v2.0-design-v1.0","1.0999999999999943","3.4000000000000004","-2.300000000000006","96.88359303391384","true","14.303999999999998","10.904000000000003","50","98.9","34","500","989","989","0","0","0","0","0","1479","1057","34","145","243","0","179","0","3","3","1000","1997","3.994","65","5.131890519126477","0","43.2","3.597979797979798","10","493","750"
"524","BA","1000","2","0.1","50","0.1","0.5","1","legal","targeted","49.33397141386163","19","83.42150728107681","83.42150728107681","75","80","80","fixed","1","1","50","1563","14","50","21823936","v2.0-design-v1.0","0.7999999999999972","2.8000000000000003","-2.000000000000003","97.47747747747748","true","14.437999999999999","11.714000000000004","50","99.2","28","500","992","992","0","0","0","0","0","1479","1082","28","160","209","0","188","0","3","3","1000","1997","3.994","78","5.247809400454958","0","42.4","3.606060606060606","10","493","750"
"523","BA","1000","2","0.1","50","0.1","0.5","1","legal","targeted","49.33397141386163","19","83.42150728107681","83.42150728107681","75","80","80","fixed","1","1","50","1563","13","50","21823935","v2.0-design-v1.0","1.0999999999999943","2.7","-1.6000000000000059","97.55213055303717","true","14.046","11.460000000000003","50","98.9","27","500","989","989","0","0","0","0","0","1479","1076","27","156","220","0","183","0","3","3","1000","1997","3.994","69","4.9024481637237045","0","40.3","3.6272727272727274","10","493","750"
"526","BA","1000","2","0.1","50","0.1","0.5","1","legal","targeted","49.33397141386163","19","83.42150728107681","83.42150728107681","75","80","80","fixed","1","1","50","1563","16","50","21823938","v2.0-design-v1.0","0.9000000000000057","2.7","-1.7999999999999945","97.52747252747253","true","14.722000000000001","12.022","50","99.1","27","500","991","991","0","0","0","0","0","1479","1065","27","152","235","0","179","0","3","3","1000","1997","3.994","108","6.04321805700281","0","50.7","3.522222222222222","10","493","750"
"525","BA","1000","2","0.1","50","0.1","0.5","1","legal","targeted","49.33397141386163","19","83.42150728107681","83.42150728107681","75","80","80","fixed","1","1","50","1563","15","50","21823937","v2.0-design-v1.0","1.0999999999999943","4.1000000000000005","-3.000000000000006","96.28623188405797","true","14.538000000000006","10.513999999999996","50","98.9","41","500","989","989","0","0","0","0","0","1479","1063","41","165","210","0","206","0","3","3","1000","1997","3.994","93","5.08958425294913","0","40","3.6303030303030304","10","493","750"
"527","BA","1000","2","0.1","50","0.1","0.5","1","legal","targeted","49.33397141386163","19","83.42150728107681","83.42150728107681","75","80","80","fixed","1","1","50","1563","17","50","21823939","v2.0-design-v1.0","1.5","3.2","-1.7000000000000002","97.0988213961922","true","13.842000000000006","10.642000000000001","50","98.5","32","500","985","985","0","0","0","0","0","1479","1071","32","165","211","0","197","0","3","3","1000","1997","3.994","69","5.0681011877871525","0","42.7","3.603030303030303","10","493","750"
"528","BA","1000","2","0.1","50","0.1","0.5","1","legal","targeted","49.33397141386163","19","83.42150728107681","83.42150728107681","75","80","80","fixed","1","1","50","1563","18","50","21823940","v2.0-design-v1.0","0.9000000000000057","2.9000000000000004","-1.9999999999999947","97.37080689029919","true","14.007999999999997","11.184","50","99.1","29","500","991","991","0","0","0","0","0","1479","1074","29","160","216","0","189","0","3","3","1000","1997","3.994","53","5.028244947021491","0","42.4","3.606060606060606","10","493","750"
"529","BA","1000","2","0.1","50","0.1","0.5","1","legal","targeted","49.33397141386163","19","83.42150728107681","83.42150728107681","75","80","80","fixed","1","1","50","1563","19","50","21823941","v2.0-design-v1.0","1.2999999999999972","2.8000000000000003","-1.500000000000003","97.47747747747748","true","14.910000000000002","12.11","50","98.7","28","500","987","987","0","0","0","0","0","1479","1082","28","170","199","0","198","0","3","3","1000","1997","3.994","65","4.586611058396047","0","35.1","3.67979797979798","10","493","750"
"530","BA","1000","2","0.1","50","0.1","0.5","1","legal","targeted","49.33397141386163","19","83.42150728107681","83.42150728107681","75","80","80","fixed","1","1","50","1563","20","50","21823942","v2.0-design-v1.0","0.7999999999999972","2","-1.2000000000000028","98.18676337262012","true","14.753999999999998","12.753999999999998","50","99.2","20","500","992","992","0","0","0","0","0","1479","1083","20","156","220","0","176","0","3","3","1000","1997","3.994","72","4.850308185001175","0","40.4","3.6262626262626263","10","493","750"
"531","BA","1000","2","0.1","50","0.1","0.5","1","legal","targeted","49.33397141386163","19","83.42150728107681","83.42150728107681","75","80","80","fixed","1","1","50","1563","21","50","21823943","v2.0-design-v1.0","1","2.9000000000000004","-1.9000000000000004","97.37556561085972","true","13.989999999999995","11.090000000000002","50","99","29","500","990","990","0","0","0","0","0","1479","1076","29","151","223","0","180","0","3","3","1000","1997","3.994","54","4.772498375142797","0","40","3.6303030303030304","10","493","750"
"532","BA","1000","2","0.1","50","0.1","0.5","1","legal","targeted","49.33397141386163","19","83.42150728107681","83.42150728107681","75","80","80","fixed","1","1","50","1563","22","50","21823944","v2.0-design-v1.0","0.5999999999999943","3.2","-2.600000000000006","97.15048975957258","true","14.286000000000001","11.086000000000002","50","99.4","32","500","994","994","0","0","0","0","0","1479","1091","32","165","191","0","197","0","3","3","1000","1997","3.994","74","5.46972411387282","0","46.9","3.5606060606060606","10","493","750"
"534","BA","1000","2","0.1","50","0.1","0.5","1","legal","targeted","49.33397141386163","19","83.42150728107681","83.42150728107681","75","80","80","fixed","1","1","50","1563","24","50","21823946","v2.0-design-v1.0","1.0999999999999943","4.3","-3.2000000000000055","96.20476610767874","true","14.274000000000001","9.973999999999997","50","98.9","43","500","989","989","0","0","0","0","0","1479","1090","43","146","200","0","189","0","3","3","1000","1997","3.994","77","5.0962668627080205","0","42.1","3.609090909090909","10","493","750"
"533","BA","1000","2","0.1","50","0.1","0.5","1","legal","targeted","49.33397141386163","19","83.42150728107681","83.42150728107681","75","80","80","fixed","1","1","50","1563","23","50","21823945","v2.0-design-v1.0","0.5999999999999943","2.9000000000000004","-2.300000000000006","97.36842105263158","true","13.9","10.999999999999998","50","99.4","29","500","994","994","0","0","0","0","0","1479","1073","29","150","227","0","179","0","3","3","1000","1997","3.994","65","5.200481613178623","0","44.1","3.588888888888889","10","493","750"
"536","BA","1000","2","0.1","50","0.1","0.5","1","legal","targeted","49.33397141386163","19","83.42150728107681","83.42150728107681","75","80","80","fixed","1","1","50","1563","26","50","21823948","v2.0-design-v1.0","0.9000000000000057","2","-1.0999999999999943","98.22852081488043","true","14.191999999999993","12.267999999999997","50","99.1","20","500","991","991","0","0","0","0","0","1479","1109","20","158","192","0","178","0","3","3","1000","1997","3.994","70","5.017283840599123","0","42.6","3.604040404040404","10","493","750"
"535","BA","1000","2","0.1","50","0.1","0.5","1","legal","targeted","49.33397141386163","19","83.42150728107681","83.42150728107681","75","80","80","fixed","1","1","50","1563","25","50","21823947","v2.0-design-v1.0","1","3.8","-2.8","96.59192825112108","true","14.940000000000005","11.139999999999995","50","99","38","500","990","990","0","0","0","0","0","1479","1077","38","161","203","0","199","0","3","3","1000","1997","3.994","90","5.22984849831381","0","42.5","3.605050505050505","10","493","750"
"537","BA","1000","2","0.1","50","0.1","0.5","1","legal","targeted","49.33397141386163","19","83.42150728107681","83.42150728107681","75","80","80","fixed","1","1","50","1563","27","50","21823949","v2.0-design-v1.0","1.2000000000000028","2.8000000000000003","-1.5999999999999974","97.54601226993866","true","14.886000000000001","12.086000000000004","50","98.8","28","500","988","988","0","0","0","0","0","1479","1113","28","150","188","0","178","0","3","3","1000","1997","3.994","72","5.127402291048962","0","43.4","3.595959595959596","10","493","750"
"538","BA","1000","2","0.1","50","0.1","0.5","1","legal","targeted","49.33397141386163","19","83.42150728107681","83.42150728107681","75","80","80","fixed","1","1","50","1563","28","50","21823950","v2.0-design-v1.0","1.2999999999999972","3.8","-2.5000000000000027","96.62222222222222","true","13.628000000000002","9.903999999999995","50","98.7","38","500","987","987","0","0","0","0","0","1479","1087","38","141","213","0","179","0","3","3","1000","1997","3.994","95","5.536480526166103","0","46.5","3.5646464646464646","10","493","750"
"539","BA","1000","2","0.1","50","0.1","0.5","1","legal","targeted","49.33397141386163","19","83.42150728107681","83.42150728107681","75","80","80","fixed","1","1","50","1563","29","50","21823951","v2.0-design-v1.0","1.0999999999999943","2.1","-1.0000000000000058","98.08043875685559","true","14.194000000000003","12.094","50","98.9","21","500","989","989","0","0","0","0","0","1479","1073","21","166","219","0","187","0","3","3","1000","1997","3.994","66","5.084074331853515","0","42.6","3.604040404040404","10","493","750"
"540","BA","1000","2","0.1","50","0.1","0.5","1","legal","targeted","49.33397141386163","19","83.42150728107681","83.42150728107681","75","80","80","fixed","1","1","50","1563","30","50","21823952","v2.0-design-v1.0","1.0999999999999943","3.2","-2.100000000000006","97.1326164874552","true","13.796000000000001","10.595999999999998","50","98.9","32","500","989","989","0","0","0","0","0","1479","1084","32","153","210","0","185","0","3","3","1000","1997","3.994","57","4.939267188597947","0","42","3.61010101010101","10","493","750"
"541","BA","1000","2","0.1","50","0.1","0.5","1","legal","targeted","69.72893706912396","8","91.57413382514483","91.57413382514483","75","80","80","fixed","1","1","50","1564","1","50","21824923","v2.0-design-v1.0","63.6","8.5","55.1","97.47432694976409","true","49.43999999999999","43.883999999999986","50","36.4","85","500","364","364","0","0","0","0","0","4879","3512","91","956","320","0","1047","0","7","7","1000","1997","3.994","78","5.239600883408703","0","41.9","3.611111111111111","10","697","750"
"542","BA","1000","2","0.1","50","0.1","0.5","1","legal","targeted","69.72893706912396","8","91.57413382514483","91.57413382514483","75","80","80","fixed","1","1","50","1564","2","50","21824924","v2.0-design-v1.0","65.1","8.200000000000001","56.89999999999999","97.56637168141593","true","47.45399999999998","42.54999999999999","50","34.9","82","500","349","349","0","0","0","0","0","4879","3528","88","903","360","0","991","0","7","7","1000","1997","3.994","77","5.449372409705503","0","44.8","3.581818181818182","10","697","750"
"543","BA","1000","2","0.1","50","0.1","0.5","1","legal","targeted","69.72893706912396","8","91.57413382514483","91.57413382514483","75","80","80","fixed","1","1","50","1564","3","50","21824925","v2.0-design-v1.0","64.80000000000001","7.000000000000001","57.80000000000001","97.94093741533459","true","47.15000000000002","42.214000000000006","50","35.199999999999996","70","500","352","352","0","0","0","0","0","4879","3615","76","848","340","0","924","0","7","7","1000","1997","3.994","88","5.368872208275098","0","43.3","3.596969696969697","10","697","750"
"544","BA","1000","2","0.1","50","0.1","0.5","1","legal","targeted","69.72893706912396","8","91.57413382514483","91.57413382514483","75","80","80","fixed","1","1","50","1564","4","50","21824926","v2.0-design-v1.0","63.800000000000004","8.5","55.300000000000004","97.45645562620957","true","48.44000000000002","43.635999999999996","50","36.199999999999996","85","500","362","362","0","0","0","0","0","4879","3525","92","910","352","0","1002","0","7","7","1000","1997","3.994","61","4.7601074171306825","0","39","3.6404040404040403","10","697","750"
"545","BA","1000","2","0.1","50","0.1","0.5","1","legal","targeted","69.72893706912396","8","91.57413382514483","91.57413382514483","75","80","80","fixed","1","1","50","1564","5","50","21824927","v2.0-design-v1.0","65.1","7.9","57.199999999999996","97.62834821428571","true","49.188","44.359999999999985","50","34.9","79","500","349","349","0","0","0","0","0","4879","3499","85","949","346","0","1034","0","7","7","1000","1997","3.994","100","5.6534879433784795","0","46.5","3.5646464646464646","10","697","750"
"546","BA","1000","2","0.1","50","0.1","0.5","1","legal","targeted","69.72893706912396","8","91.57413382514483","91.57413382514483","75","80","80","fixed","1","1","50","1564","6","50","21824928","v2.0-design-v1.0","65.1","9","56.099999999999994","97.3982839745364","true","48.09199999999999","41.748000000000005","50","34.9","90","500","349","349","0","0","0","0","0","4879","3519","94","938","328","0","1032","0","7","7","1000","1997","3.994","76","5.4706390752719045","0","47.7","3.5525252525252524","10","697","750"
"547","BA","1000","2","0.1","50","0.1","0.5","1","legal","targeted","69.72893706912396","8","91.57413382514483","91.57413382514483","75","80","80","fixed","1","1","50","1564","7","50","21824929","v2.0-design-v1.0","63.2","8.4","54.800000000000004","97.3589102029469","true","47.374","42.158","50","36.8","84","500","368","368","0","0","0","0","0","4879","3502","95","934","348","0","1029","0","7","7","1000","1997","3.994","96","5.281842657810032","0","43.3","3.596969696969697","10","697","750"
"548","BA","1000","2","0.1","50","0.1","0.5","1","legal","targeted","69.72893706912396","8","91.57413382514483","91.57413382514483","75","80","80","fixed","1","1","50","1564","8","50","21824930","v2.0-design-v1.0","66.3","8","58.3","97.79411764705883","true","48.162","43.042","50","33.7","80","500","337","337","0","0","0","0","0","4879","3591","81","893","314","0","974","0","7","7","1000","1997","3.994","73","4.787157912674367","0","38.3","3.6474747474747473","10","697","750"
"549","BA","1000","2","0.1","50","0.1","0.5","1","legal","targeted","69.72893706912396","8","91.57413382514483","91.57413382514483","75","80","80","fixed","1","1","50","1564","9","50","21824931","v2.0-design-v1.0","65.5","9","56.5","97.3536036036036","true","49.172","43.644","50","34.5","90","500","345","345","0","0","0","0","0","4879","3458","94","999","328","0","1093","0","7","7","1000","1997","3.994","67","4.933792284471067","0","41.5","3.6151515151515152","10","697","750"
"550","BA","1000","2","0.1","50","0.1","0.5","1","legal","targeted","69.72893706912396","8","91.57413382514483","91.57413382514483","75","80","80","fixed","1","1","50","1564","10","50","21824932","v2.0-design-v1.0","66.69999999999999","7.8","58.89999999999999","97.79154322650147","true","47.385999999999996","42.626","50","33.300000000000004","78","500","333","333","0","0","0","0","0","4879","3631","82","845","321","0","927","0","7","7","1000","1997","3.994","80","5.554170758341224","0","48","3.5494949494949495","10","697","750"
"552","BA","1000","2","0.1","50","0.1","0.5","1","legal","targeted","69.72893706912396","8","91.57413382514483","91.57413382514483","75","80","80","fixed","1","1","50","1564","12","50","21824934","v2.0-design-v1.0","66.19999999999999","7.3","58.89999999999999","97.95862068965518","true","49.166","44.938","50","33.800000000000004","73","500","338","338","0","0","0","0","0","4879","3551","74","941","313","0","1015","0","7","7","1000","1997","3.994","114","5.677340591878926","0","43.2","3.597979797979798","10","697","750"
"551","BA","1000","2","0.1","50","0.1","0.5","1","legal","targeted","69.72893706912396","8","91.57413382514483","91.57413382514483","75","80","80","fixed","1","1","50","1564","11","50","21824933","v2.0-design-v1.0","65.4","7.9","57.50000000000001","97.76566757493188","true","47.77600000000001","42.563999999999986","50","34.599999999999994","79","500","346","346","0","0","0","0","0","4879","3588","82","897","312","0","979","0","7","7","1000","1997","3.994","61","5.212977953064744","0","46.3","3.566666666666667","10","697","750"
"553","BA","1000","2","0.1","50","0.1","0.5","1","legal","targeted","69.72893706912396","8","91.57413382514483","91.57413382514483","75","80","80","fixed","1","1","50","1564","13","50","21824935","v2.0-design-v1.0","63.6","6.6000000000000005","57","98.0585179108559","true","47.376","43.272000000000006","50","36.4","66","500","364","364","0","0","0","0","0","4879","3586","71","884","338","0","955","0","7","7","1000","1997","3.994","72","4.876653129529071","0","40.4","3.6262626262626263","10","697","750"
"554","BA","1000","2","0.1","50","0.1","0.5","1","legal","targeted","69.72893706912396","8","91.57413382514483","91.57413382514483","75","80","80","fixed","1","1","50","1564","14","50","21824936","v2.0-design-v1.0","63","7.3999999999999995","55.6","97.8297161936561","true","48.266000000000005","43.266000000000005","50","37","74","500","370","370","0","0","0","0","0","4879","3516","78","941","344","0","1019","0","7","7","1000","1997","3.994","76","5.319799269170232","0","44.9","3.580808080808081","10","697","750"
"555","BA","1000","2","0.1","50","0.1","0.5","1","legal","targeted","69.72893706912396","8","91.57413382514483","91.57413382514483","75","80","80","fixed","1","1","50","1564","15","50","21824937","v2.0-design-v1.0","61.5","7.6","53.9","97.67572108653039","true","49.01400000000002","44.15","50","38.5","76","500","385","385","0","0","0","0","0","4879","3488","83","993","315","0","1076","0","7","7","1000","1997","3.994","67","5.272358273274085","0","45.5","3.5747474747474746","10","697","750"
"556","BA","1000","2","0.1","50","0.1","0.5","1","legal","targeted","69.72893706912396","8","91.57413382514483","91.57413382514483","75","80","80","fixed","1","1","50","1564","16","50","21824938","v2.0-design-v1.0","63.7","6.5","57.2","98.10699588477367","true","47.74800000000001","43.599999999999994","50","36.3","65","500","363","363","0","0","0","0","0","4879","3576","69","914","320","0","983","0","7","7","1000","1997","3.994","72","5.142023376493375","0","44.1","3.588888888888889","10","697","750"
"557","BA","1000","2","0.1","50","0.1","0.5","1","legal","targeted","69.72893706912396","8","91.57413382514483","91.57413382514483","75","80","80","fixed","1","1","50","1564","17","50","21824939","v2.0-design-v1.0","68.4","9.2","59.2","97.40680713128039","true","49.146","43.914000000000016","50","31.6","92","500","316","316","0","0","0","0","0","4879","3606","96","879","298","0","975","0","7","7","1000","1997","3.994","89","5.38339529896745","0","44.5","3.584848484848485","10","697","750"
"558","BA","1000","2","0.1","50","0.1","0.5","1","legal","targeted","69.72893706912396","8","91.57413382514483","91.57413382514483","75","80","80","fixed","1","1","50","1564","18","50","21824940","v2.0-design-v1.0","65.69999999999999","7.7","57.999999999999986","97.66419345974168","true","47.754","43.126000000000005","50","34.300000000000004","77","500","343","343","0","0","0","0","0","4879","3554","85","883","357","0","968","0","7","7","1000","1997","3.994","60","4.816550961337694","0","39.9","3.6313131313131315","10","697","750"
"559","BA","1000","2","0.1","50","0.1","0.5","1","legal","targeted","69.72893706912396","8","91.57413382514483","91.57413382514483","75","80","80","fixed","1","1","50","1564","19","50","21824941","v2.0-design-v1.0","65.4","8.799999999999999","56.60000000000001","97.41687276724375","true","47.948","42.65199999999999","50","34.599999999999994","88","500","346","346","0","0","0","0","0","4879","3545","94","927","313","0","1021","0","7","7","1000","1997","3.994","67","5.017283840599124","0","41.3","3.617171717171717","10","697","750"
"560","BA","1000","2","0.1","50","0.1","0.5","1","legal","targeted","69.72893706912396","8","91.57413382514483","91.57413382514483","75","80","80","fixed","1","1","50","1564","20","50","21824942","v2.0-design-v1.0","66.69999999999999","8.7","57.999999999999986","97.43518260384722","true","49.087999999999994","43.812","50","33.300000000000004","87","500","333","333","0","0","0","0","0","4879","3495","92","985","307","0","1077","0","7","7","1000","1997","3.994","108","5.830090389861381","0","48.5","3.5444444444444443","10","697","750"
"561","BA","1000","2","0.1","50","0.1","0.5","1","legal","targeted","69.72893706912396","8","91.57413382514483","91.57413382514483","75","80","80","fixed","1","1","50","1564","21","50","21824943","v2.0-design-v1.0","65.9","10.100000000000001","55.800000000000004","96.98060941828255","true","49.10799999999999","42.88000000000002","50","34.1","101","500","341","341","0","0","0","0","0","4879","3501","109","935","334","0","1044","0","7","7","1000","1997","3.994","72","5.013491707293332","0","39.3","3.6373737373737374","10","697","750"
"562","BA","1000","2","0.1","50","0.1","0.5","1","legal","targeted","69.72893706912396","8","91.57413382514483","91.57413382514483","75","80","80","fixed","1","1","50","1564","22","50","21824944","v2.0-design-v1.0","66.6","7.8","58.8","97.71097628240484","true","46.82800000000001","41.492","50","33.4","78","500","334","334","0","0","0","0","0","4879","3543","83","896","357","0","979","0","7","7","1000","1997","3.994","99","5.348323902735182","0","42","3.61010101010101","10","697","750"
"563","BA","1000","2","0.1","50","0.1","0.5","1","legal","targeted","69.72893706912396","8","91.57413382514483","91.57413382514483","75","80","80","fixed","1","1","50","1564","23","50","21824945","v2.0-design-v1.0","64.30000000000001","7.8","56.500000000000014","97.81284606866002","true","48.36399999999999","43.46","50","35.699999999999996","78","500","357","357","0","0","0","0","0","4879","3533","79","943","324","0","1022","0","7","7","1000","1997","3.994","77","5.35131765087819","0","44.6","3.583838383838384","10","697","750"
"564","BA","1000","2","0.1","50","0.1","0.5","1","legal","targeted","69.72893706912396","8","91.57413382514483","91.57413382514483","75","80","80","fixed","1","1","50","1564","24","50","21824946","v2.0-design-v1.0","63.3","7.5","55.8","97.77406789092933","true","47.80600000000001","43.69800000000002","50","36.7","75","500","367","367","0","0","0","0","0","4879","3514","80","933","352","0","1013","0","7","7","1000","1997","3.994","90","5.708813760717234","0","46.8","3.5616161616161617","10","697","750"
"565","BA","1000","2","0.1","50","0.1","0.5","1","legal","targeted","69.72893706912396","8","91.57413382514483","91.57413382514483","75","80","80","fixed","1","1","50","1564","25","50","21824947","v2.0-design-v1.0","65.5","7.5","58","97.68688293370946","true","49.01000000000001","44.406000000000006","50","34.5","75","500","345","345","0","0","0","0","0","4879","3463","82","982","352","0","1064","0","7","7","1000","1997","3.994","88","4.948176274997522","0","39","3.6404040404040403","10","697","750"
"566","BA","1000","2","0.1","50","0.1","0.5","1","legal","targeted","69.72893706912396","8","91.57413382514483","91.57413382514483","75","80","80","fixed","1","1","50","1564","26","50","21824948","v2.0-design-v1.0","67.3","7.5","59.8","97.91780821917808","true","47.654","43.418","50","32.7","75","500","327","327","0","0","0","0","0","4879","3574","76","925","304","0","1001","0","7","7","1000","1997","3.994","75","5.690724764768389","0","51.4","3.515151515151515","10","697","750"
"567","BA","1000","2","0.1","50","0.1","0.5","1","legal","targeted","69.72893706912396","8","91.57413382514483","91.57413382514483","75","80","80","fixed","1","1","50","1564","27","50","21824949","v2.0-design-v1.0","64.7","9.8","54.900000000000006","97.12210114557139","true","47.968","41.51200000000001","50","35.3","98","500","353","353","0","0","0","0","0","4879","3476","103","964","336","0","1067","0","7","7","1000","1997","3.994","75","4.949187656419824","0","39.4","3.6363636363636362","10","697","750"
"568","BA","1000","2","0.1","50","0.1","0.5","1","legal","targeted","69.72893706912396","8","91.57413382514483","91.57413382514483","75","80","80","fixed","1","1","50","1564","28","50","21824950","v2.0-design-v1.0","62.9","8.4","54.5","97.54258586986874","true","47.93599999999998","42.83200000000001","50","37.1","84","500","371","371","0","0","0","0","0","4879","3493","88","949","349","0","1037","0","7","7","1000","1997","3.994","90","5.6149346827448845","0","47","3.5595959595959594","10","697","750"
"569","BA","1000","2","0.1","50","0.1","0.5","1","legal","targeted","69.72893706912396","8","91.57413382514483","91.57413382514483","75","80","80","fixed","1","1","50","1564","29","50","21824951","v2.0-design-v1.0","64.2","6.7","57.5","98.00218938149973","true","47.251999999999995","43","50","35.8","67","500","358","358","0","0","0","0","0","4879","3581","73","888","337","0","961","0","7","7","1000","1997","3.994","91","5.597615322375877","0","48.1","3.5484848484848484","10","697","750"
"570","BA","1000","2","0.1","50","0.1","0.5","1","legal","targeted","69.72893706912396","8","91.57413382514483","91.57413382514483","75","80","80","fixed","1","1","50","1564","30","50","21824952","v2.0-design-v1.0","67.3","7.3","60","97.86051681022506","true","47.284000000000006","42.592","50","32.7","73","500","327","327","0","0","0","0","0","4879","3522","77","969","311","0","1046","0","7","7","1000","1997","3.994","86","5.690372953009694","0","47.2","3.5575757575757576","10","697","750"
"571","BA","1000","2","0.1","50","0.1","0.5","1","legal","targeted","24.21557279991676","9","95.1392651608501","95.1392651608501","75","80","80","fixed","1","1","50","1565","1","50","21825923","v2.0-design-v1.0","2.200000000000003","0.3","1.9000000000000028","99.77220956719817","true","11.226000000000006","10.925999999999998","50","97.8","3","500","978","978","0","0","0","0","0","1452","1314","3","81","54","0","84","0","6","6","1000","1997","3.994","104","5.63486607788647","0","43.3","3.596969696969697","10","242","750"
"572","BA","1000","2","0.1","50","0.1","0.5","1","legal","targeted","24.21557279991676","9","95.1392651608501","95.1392651608501","75","80","80","fixed","1","1","50","1565","2","50","21825924","v2.0-design-v1.0","1.7999999999999972","0.4","1.3999999999999972","99.69442322383499","true","12.189999999999998","11.844000000000001","50","98.2","4","500","982","982","0","0","0","0","0","1452","1305","4","88","55","0","92","0","6","6","1000","1997","3.994","70","5.673813193625258","0","51.3","3.5161616161616163","10","242","750"
"574","BA","1000","2","0.1","50","0.1","0.5","1","legal","targeted","24.21557279991676","9","95.1392651608501","95.1392651608501","75","80","80","fixed","1","1","50","1565","4","50","21825926","v2.0-design-v1.0","2.5","0.8","1.7","99.37597503900156","true","12.051999999999998","11.252","50","97.5","8","500","975","975","0","0","0","0","0","1452","1274","8","98","72","0","106","0","6","6","1000","1997","3.994","67","5.00189793808139","0","41.4","3.6161616161616164","10","242","750"
"573","BA","1000","2","0.1","50","0.1","0.5","1","legal","targeted","24.21557279991676","9","95.1392651608501","95.1392651608501","75","80","80","fixed","1","1","50","1565","3","50","21825925","v2.0-design-v1.0","2.9000000000000057","0.4","2.5000000000000058","99.69604863221885","true","12.208","11.808000000000002","50","97.1","4","500","971","971","0","0","0","0","0","1452","1312","4","71","65","0","75","0","6","6","1000","1997","3.994","79","4.972392652304183","0","40.4","3.6262626262626263","10","242","750"
"576","BA","1000","2","0.1","50","0.1","0.5","1","legal","targeted","24.21557279991676","9","95.1392651608501","95.1392651608501","75","80","80","fixed","1","1","50","1565","6","50","21825928","v2.0-design-v1.0","2.700000000000003","0.5","2.200000000000003","99.61627014581734","true","12.218000000000004","11.718000000000004","50","97.3","5","500","973","973","0","0","0","0","0","1452","1298","5","80","69","0","85","0","6","6","1000","1997","3.994","100","5.504567581950842","0","46.7","3.562626262626263","10","242","750"
"575","BA","1000","2","0.1","50","0.1","0.5","1","legal","targeted","24.21557279991676","9","95.1392651608501","95.1392651608501","75","80","80","fixed","1","1","50","1565","5","50","21825927","v2.0-design-v1.0","3.4000000000000057","0.6","2.8000000000000056","99.54198473282443","true","11.988000000000001","11.387999999999998","50","96.6","6","500","966","966","0","0","0","0","0","1452","1304","6","84","58","0","90","0","6","6","1000","1997","3.994","103","5.588129489479566","0","43.5","3.594949494949495","10","242","750"
"578","BA","1000","2","0.1","50","0.1","0.5","1","legal","targeted","24.21557279991676","9","95.1392651608501","95.1392651608501","75","80","80","fixed","1","1","50","1565","8","50","21825930","v2.0-design-v1.0","2.799999999999997","0.6","2.199999999999997","99.53307392996109","true","11.243999999999998","10.698000000000002","50","97.2","6","500","972","972","0","0","0","0","0","1452","1279","6","87","80","0","93","0","6","6","1000","1997","3.994","71","5.1633927435964555","0","42.5","3.605050505050505","10","242","750"
"577","BA","1000","2","0.1","50","0.1","0.5","1","legal","targeted","24.21557279991676","9","95.1392651608501","95.1392651608501","75","80","80","fixed","1","1","50","1565","7","50","21825929","v2.0-design-v1.0","2.700000000000003","0.3","2.400000000000003","99.77029096477796","true","11.859999999999998","11.559999999999997","50","97.3","3","500","973","973","0","0","0","0","0","1452","1303","3","84","62","0","87","0","6","6","1000","1997","3.994","59","5.076784192551194","0","44.5","3.584848484848485","10","242","750"
"580","BA","1000","2","0.1","50","0.1","0.5","1","legal","targeted","24.21557279991676","9","95.1392651608501","95.1392651608501","75","80","80","fixed","1","1","50","1565","10","50","21825932","v2.0-design-v1.0","3.299999999999997","0.6","2.699999999999997","99.53632148377125","true","12.089999999999996","11.580000000000002","50","96.7","6","500","967","967","0","0","0","0","0","1452","1288","6","83","75","0","89","0","6","6","1000","1997","3.994","60","5.044939584912321","0","43.6","3.5939393939393938","10","242","750"
"579","BA","1000","2","0.1","50","0.1","0.5","1","legal","targeted","24.21557279991676","9","95.1392651608501","95.1392651608501","75","80","80","fixed","1","1","50","1565","9","50","21825931","v2.0-design-v1.0","2.700000000000003","0.5","2.200000000000003","99.61210240496509","true","11.732000000000003","11.232000000000003","50","97.3","5","500","973","973","0","0","0","0","0","1452","1284","5","90","73","0","95","0","6","6","1000","1997","3.994","75","5.31057117136811","0","45.7","3.5727272727272728","10","242","750"
"581","BA","1000","2","0.1","50","0.1","0.5","1","legal","targeted","24.21557279991676","9","95.1392651608501","95.1392651608501","75","80","80","fixed","1","1","50","1565","11","50","21825933","v2.0-design-v1.0","3.4000000000000057","0.5","2.9000000000000057","99.61627014581734","true","11.887999999999998","11.405999999999999","50","96.6","5","500","966","966","0","0","0","0","0","1452","1298","5","89","60","0","94","0","6","6","1000","1997","3.994","78","5.277671628456788","0","44.4","3.585858585858586","10","242","750"
"582","BA","1000","2","0.1","50","0.1","0.5","1","legal","targeted","24.21557279991676","9","95.1392651608501","95.1392651608501","75","80","80","fixed","1","1","50","1565","12","50","21825934","v2.0-design-v1.0","2.1000000000000085","0.7000000000000001","1.4000000000000083","99.46646341463415","true","12.047999999999996","11.348000000000006","50","97.89999999999999","7","500","979","979","0","0","0","0","0","1452","1305","7","81","59","0","88","0","6","6","1000","1997","3.994","77","5.1697863293071045","0","41.8","3.6121212121212123","10","242","750"
"584","BA","1000","2","0.1","50","0.1","0.5","1","legal","targeted","24.21557279991676","9","95.1392651608501","95.1392651608501","75","80","80","fixed","1","1","50","1565","14","50","21825936","v2.0-design-v1.0","2.4000000000000057","0.4","2.0000000000000058","99.6923076923077","true","12.273999999999994","11.874","50","97.6","4","500","976","976","0","0","0","0","0","1452","1296","4","83","69","0","87","0","6","6","1000","1997","3.994","75","5.234248882252474","0","45.4","3.5757575757575757","10","242","750"
"583","BA","1000","2","0.1","50","0.1","0.5","1","legal","targeted","24.21557279991676","9","95.1392651608501","95.1392651608501","75","80","80","fixed","1","1","50","1565","13","50","21825935","v2.0-design-v1.0","3","0.4","2.6","99.69488939740656","true","12.444000000000006","12.062000000000001","50","97","4","500","970","970","0","0","0","0","0","1452","1307","4","72","69","0","76","0","6","6","1000","1997","3.994","77","5.183129250638919","0","43.1","3.598989898989899","10","242","750"
"585","BA","1000","2","0.1","50","0.1","0.5","1","legal","targeted","24.21557279991676","9","95.1392651608501","95.1392651608501","75","80","80","fixed","1","1","50","1565","15","50","21825937","v2.0-design-v1.0","2.6000000000000085","0.4","2.2000000000000086","99.69159599074789","true","11.900000000000002","11.499999999999995","50","97.39999999999999","4","500","974","974","0","0","0","0","0","1452","1293","4","90","65","0","94","0","6","6","1000","1997","3.994","75","5.025457115449214","0","42.6","3.604040404040404","10","242","750"
"586","BA","1000","2","0.1","50","0.1","0.5","1","legal","targeted","24.21557279991676","9","95.1392651608501","95.1392651608501","75","80","80","fixed","1","1","50","1565","16","50","21825938","v2.0-design-v1.0","3.299999999999997","0.4","2.8999999999999972","99.69348659003832","true","12.429999999999996","12.048","50","96.7","4","500","967","967","0","0","0","0","0","1452","1301","4","90","57","0","94","0","6","6","1000","1997","3.994","76","5.387298672524746","0","44.4","3.585858585858586","10","242","750"
"587","BA","1000","2","0.1","50","0.1","0.5","1","legal","targeted","24.21557279991676","9","95.1392651608501","95.1392651608501","75","80","80","fixed","1","1","50","1565","17","50","21825939","v2.0-design-v1.0","3.4000000000000057","0.8","2.600000000000006","99.38837920489296","true","12.141999999999998","11.36","50","96.6","8","500","966","966","0","0","0","0","0","1452","1300","8","84","60","0","92","0","6","6","1000","1997","3.994","105","5.751438345583038","0","48.6","3.5434343434343436","10","242","750"
"588","BA","1000","2","0.1","50","0.1","0.5","1","legal","targeted","24.21557279991676","9","95.1392651608501","95.1392651608501","75","80","80","fixed","1","1","50","1565","18","50","21825940","v2.0-design-v1.0","2.700000000000003","0.6","2.1000000000000028","99.54022988505747","true","12.200000000000003","11.618000000000002","50","97.3","6","500","973","973","0","0","0","0","0","1452","1299","6","92","55","0","98","0","6","6","1000","1997","3.994","87","5.4008455942688265","0","44.4","3.585858585858586","10","242","750"
"589","BA","1000","2","0.1","50","0.1","0.5","1","legal","targeted","24.21557279991676","9","95.1392651608501","95.1392651608501","75","80","80","fixed","1","1","50","1565","19","50","21825941","v2.0-design-v1.0","2.200000000000003","0.7000000000000001","1.5000000000000027","99.46195234435051","true","12.164000000000003","11.536000000000001","50","97.8","7","500","978","978","0","0","0","0","0","1452","1294","7","84","67","0","91","0","6","6","1000","1997","3.994","80","5.1101935460487224","0","42","3.61010101010101","10","242","750"
"590","BA","1000","2","0.1","50","0.1","0.5","1","legal","targeted","24.21557279991676","9","95.1392651608501","95.1392651608501","75","80","80","fixed","1","1","50","1565","20","50","21825942","v2.0-design-v1.0","3.700000000000003","0.4","3.300000000000003","99.69183359013869","true","12.354000000000001","11.953999999999999","50","96.3","4","500","963","963","0","0","0","0","0","1452","1294","4","91","63","0","95","0","6","6","1000","1997","3.994","123","6.470226257854372","0","49.9","3.5303030303030303","10","242","750"
"591","BA","1000","2","0.1","50","0.1","0.5","1","legal","targeted","24.21557279991676","9","95.1392651608501","95.1392651608501","75","80","80","fixed","1","1","50","1565","21","50","21825943","v2.0-design-v1.0","2.799999999999997","0.6","2.199999999999997","99.53632148377125","true","12.072000000000003","11.472000000000001","50","97.2","6","500","972","972","0","0","0","0","0","1452","1288","6","86","72","0","92","0","6","6","1000","1997","3.994","76","5.118805150244157","0","43.2","3.597979797979798","10","242","750"
"592","BA","1000","2","0.1","50","0.1","0.5","1","legal","targeted","24.21557279991676","9","95.1392651608501","95.1392651608501","75","80","80","fixed","1","1","50","1565","22","50","21825944","v2.0-design-v1.0","1.7000000000000028","0.3","1.4000000000000028","99.76689976689977","true","11.854000000000001","11.554","50","98.3","3","500","983","983","0","0","0","0","0","1452","1284","3","86","79","0","89","0","6","6","1000","1997","3.994","60","5.058216044175009","0","42.8","3.602020202020202","10","242","750"
"594","BA","1000","2","0.1","50","0.1","0.5","1","legal","targeted","24.21557279991676","9","95.1392651608501","95.1392651608501","75","80","80","fixed","1","1","50","1565","24","50","21825946","v2.0-design-v1.0","2.6000000000000085","0.3","2.3000000000000087","99.77289931869797","true","12.058000000000003","11.758","50","97.39999999999999","3","500","974","974","0","0","0","0","0","1452","1318","3","70","61","0","73","0","6","6","1000","1997","3.994","104","5.136764580000747","0","40.1","3.6292929292929292","10","242","750"
"593","BA","1000","2","0.1","50","0.1","0.5","1","legal","targeted","24.21557279991676","9","95.1392651608501","95.1392651608501","75","80","80","fixed","1","1","50","1565","23","50","21825945","v2.0-design-v1.0","2.6000000000000085","0.3","2.3000000000000087","99.76993865030674","true","11.838000000000001","11.53799999999999","50","97.39999999999999","3","500","974","974","0","0","0","0","0","1452","1301","3","82","66","0","85","0","6","6","1000","1997","3.994","70","4.9437237386816415","0","40.1","3.6292929292929292","10","242","750"
"595","BA","1000","2","0.1","50","0.1","0.5","1","legal","targeted","24.21557279991676","9","95.1392651608501","95.1392651608501","75","80","80","fixed","1","1","50","1565","25","50","21825947","v2.0-design-v1.0","3.1000000000000085","0.4","2.7000000000000086","99.6951219512195","true","12.46","12.06","50","96.89999999999999","4","500","969","969","0","0","0","0","0","1452","1308","4","84","56","0","88","0","6","6","1000","1997","3.994","137","6.089091971800175","0","47.9","3.5505050505050506","10","242","750"
"596","BA","1000","2","0.1","50","0.1","0.5","1","legal","targeted","24.21557279991676","9","95.1392651608501","95.1392651608501","75","80","80","fixed","1","1","50","1565","26","50","21825948","v2.0-design-v1.0","3.1000000000000085","0.6","2.5000000000000084","99.54022988505747","true","11.672000000000004","11.108000000000002","50","96.89999999999999","6","500","969","969","0","0","0","0","0","1452","1299","6","80","67","0","86","0","6","6","1000","1997","3.994","66","4.9506032432898905","0","40.5","3.625252525252525","10","242","750"
"597","BA","1000","2","0.1","50","0.1","0.5","1","legal","targeted","24.21557279991676","9","95.1392651608501","95.1392651608501","75","80","80","fixed","1","1","50","1565","27","50","21825949","v2.0-design-v1.0","3.4000000000000057","0.5","2.9000000000000057","99.61832061068702","true","12.909999999999993","12.500000000000002","50","96.6","5","500","966","966","0","0","0","0","0","1452","1305","5","87","55","0","92","0","6","6","1000","1997","3.994","97","5.469724113872819","0","44.5","3.584848484848485","10","242","750"
"598","BA","1000","2","0.1","50","0.1","0.5","1","legal","targeted","24.21557279991676","9","95.1392651608501","95.1392651608501","75","80","80","fixed","1","1","50","1565","28","50","21825950","v2.0-design-v1.0","2.4000000000000057","0.6","1.8000000000000056","99.53632148377125","true","11.808000000000002","11.207999999999997","50","97.6","6","500","976","976","0","0","0","0","0","1452","1288","6","84","74","0","90","0","6","6","1000","1997","3.994","96","5.856300902469103","0","50.6","3.5232323232323233","10","242","750"
"600","BA","1000","2","0.1","50","0.1","0.5","1","legal","targeted","24.21557279991676","9","95.1392651608501","95.1392651608501","75","80","80","fixed","1","1","50","1565","30","50","21825952","v2.0-design-v1.0","3.299999999999997","0.4","2.8999999999999972","99.69159599074789","true","12.995999999999999","12.668","50","96.7","4","500","967","967","0","0","0","0","0","1452","1293","4","94","61","0","98","0","6","6","1000","1997","3.994","85","5.380419399351019","0","43.5","3.594949494949495","10","242","750"
"599","BA","1000","2","0.1","50","0.1","0.5","1","legal","targeted","24.21557279991676","9","95.1392651608501","95.1392651608501","75","80","80","fixed","1","1","50","1565","29","50","21825951","v2.0-design-v1.0","2.6000000000000085","0.6","2.0000000000000084","99.53703703703704","true","12.020000000000005","11.492","50","97.39999999999999","6","500","974","974","0","0","0","0","0","1452","1290","6","94","62","0","100","0","6","6","1000","1997","3.994","83","5.286010395932438","0","43.3","3.596969696969697","10","242","750"
"601","BA","1000","2","0.1","50","0.1","0.5","1","legal","targeted","40.68204496333726","13","93.14814101315719","93.14814101315719","75","80","80","fixed","1","1","50","1566","1","50","21826923","v2.0-design-v1.0","1.2999999999999972","1.5","-0.20000000000000284","98.89217134416543","true","16.21","14.709999999999996","50","98.7","15","500","987","987","0","0","0","0","0","1628","1339","15","168","106","0","183","0","4","4","1000","1997","3.994","87","5.340269888543313","0","44.7","3.5828282828282827","10","407","750"
"602","BA","1000","2","0.1","50","0.1","0.5","1","legal","targeted","40.68204496333726","13","93.14814101315719","93.14814101315719","75","80","80","fixed","1","1","50","1566","2","50","21826924","v2.0-design-v1.0","1.4000000000000057","0.7000000000000001","0.7000000000000056","99.48942377826404","true","14.854000000000003","14.15400000000001","50","98.6","7","500","986","986","0","0","0","0","0","1628","1364","7","153","104","0","160","0","4","4","1000","1997","3.994","109","5.357486973074836","0","42.2","3.608080808080808","10","407","750"
"603","BA","1000","2","0.1","50","0.1","0.5","1","legal","targeted","40.68204496333726","13","93.14814101315719","93.14814101315719","75","80","80","fixed","1","1","50","1566","3","50","21826925","v2.0-design-v1.0","1","0.8","0.19999999999999996","99.42154736080984","true","15.998","15.276000000000002","50","99","8","500","990","990","0","0","0","0","0","1628","1375","8","146","99","0","154","0","4","4","1000","1997","3.994","111","5.547859293704432","0","44.8","3.581818181818182","10","407","750"
"604","BA","1000","2","0.1","50","0.1","0.5","1","legal","targeted","40.68204496333726","13","93.14814101315719","93.14814101315719","75","80","80","fixed","1","1","50","1566","4","50","21826926","v2.0-design-v1.0","1","0.8999999999999999","0.10000000000000009","99.34354485776805","true","15.801999999999996","14.901999999999997","50","99","9","500","990","990","0","0","0","0","0","1628","1362","9","157","100","0","166","0","4","4","1000","1997","3.994","77","5.107254453035207","0","41.9","3.611111111111111","10","407","750"
"605","BA","1000","2","0.1","50","0.1","0.5","1","legal","targeted","40.68204496333726","13","93.14814101315719","93.14814101315719","75","80","80","fixed","1","1","50","1566","5","50","21826927","v2.0-design-v1.0","0.9000000000000057","0.8","0.10000000000000564","99.43222143364088","true","15.663999999999996","14.864","50","99.1","8","500","991","991","0","0","0","0","0","1628","1401","8","139","80","0","147","0","4","4","1000","1997","3.994","91","5.6665751626598935","0","47.6","3.5535353535353535","10","407","750"
"606","BA","1000","2","0.1","50","0.1","0.5","1","legal","targeted","40.68204496333726","13","93.14814101315719","93.14814101315719","75","80","80","fixed","1","1","50","1566","6","50","21826928","v2.0-design-v1.0","1.4000000000000057","1.6","-0.1999999999999944","98.83636363636363","true","15.356000000000003","13.781999999999998","50","98.6","16","500","986","986","0","0","0","0","0","1628","1359","16","149","104","0","165","0","4","4","1000","1997","3.994","67","4.704050604754589","0","38.4","3.6464646464646466","10","407","750"
"607","BA","1000","2","0.1","50","0.1","0.5","1","legal","targeted","40.68204496333726","13","93.14814101315719","93.14814101315719","75","80","80","fixed","1","1","50","1566","7","50","21826929","v2.0-design-v1.0","0.9000000000000057","1.6","-0.6999999999999944","98.83551673944687","true","15.966","14.391999999999996","50","99.1","16","500","991","991","0","0","0","0","0","1628","1358","16","155","99","0","171","0","4","4","1000","1997","3.994","80","4.897749682451302","0","39.1","3.639393939393939","10","407","750"
"608","BA","1000","2","0.1","50","0.1","0.5","1","legal","targeted","40.68204496333726","13","93.14814101315719","93.14814101315719","75","80","80","fixed","1","1","50","1566","8","50","21826930","v2.0-design-v1.0","1.2000000000000028","0.8999999999999999","0.30000000000000293","99.35111751982696","true","16.54","15.640000000000002","50","98.8","9","500","988","988","0","0","0","0","0","1628","1378","9","144","97","0","153","0","4","4","1000","1997","3.994","55","4.924450651008102","0","42.8","3.602020202020202","10","407","750"
"610","BA","1000","2","0.1","50","0.1","0.5","1","legal","targeted","40.68204496333726","13","93.14814101315719","93.14814101315719","75","80","80","fixed","1","1","50","1566","10","50","21826932","v2.0-design-v1.0","1.2999999999999972","1.3","-2.886579864025407E-15","99.06001446131599","true","16.516","15.293999999999999","50","98.7","13","500","987","987","0","0","0","0","0","1628","1370","13","152","93","0","165","0","4","4","1000","1997","3.994","88","5.463315093586651","0","46.4","3.5656565656565657","10","407","750"
"609","BA","1000","2","0.1","50","0.1","0.5","1","legal","targeted","40.68204496333726","13","93.14814101315719","93.14814101315719","75","80","80","fixed","1","1","50","1566","9","50","21826931","v2.0-design-v1.0","1.0999999999999943","1.6","-0.5000000000000058","98.82783882783883","true","15.784","14.209999999999996","50","98.9","16","500","989","989","0","0","0","0","0","1628","1349","16","170","93","0","186","0","4","4","1000","1997","3.994","108","5.357113277004934","0","42.9","3.601010101010101","10","407","750"
"612","BA","1000","2","0.1","50","0.1","0.5","1","legal","targeted","40.68204496333726","13","93.14814101315719","93.14814101315719","75","80","80","fixed","1","1","50","1566","12","50","21826934","v2.0-design-v1.0","0.7999999999999972","1.9","-1.1000000000000028","98.6090775988287","true","14.391999999999994","12.595999999999997","50","99.2","19","500","992","992","0","0","0","0","0","1628","1347","19","142","120","0","161","0","4","4","1000","1997","3.994","84","5.437787558698247","0","45.7","3.5727272727272728","10","407","750"
"611","BA","1000","2","0.1","50","0.1","0.5","1","legal","targeted","40.68204496333726","13","93.14814101315719","93.14814101315719","75","80","80","fixed","1","1","50","1566","11","50","21826933","v2.0-design-v1.0","0.9000000000000057","1","-0.09999999999999432","99.27588703837799","true","14.900000000000002","13.978","50","99.1","10","500","991","991","0","0","0","0","0","1628","1371","10","147","100","0","157","0","4","4","1000","1997","3.994","94","5.5852626759319985","0","44.6","3.583838383838384","10","407","750"
"613","BA","1000","2","0.1","50","0.1","0.5","1","legal","targeted","40.68204496333726","13","93.14814101315719","93.14814101315719","75","80","80","fixed","1","1","50","1566","13","50","21826935","v2.0-design-v1.0","1.0999999999999943","0.8","0.29999999999999427","99.42693409742121","true","16.658","15.909999999999998","50","98.9","8","500","989","989","0","0","0","0","0","1628","1388","8","156","76","0","164","0","4","4","1000","1997","3.994","64","4.857938200879407","0","40.3","3.6272727272727274","10","407","750"
"614","BA","1000","2","0.1","50","0.1","0.5","1","legal","targeted","40.68204496333726","13","93.14814101315719","93.14814101315719","75","80","80","fixed","1","1","50","1566","14","50","21826936","v2.0-design-v1.0","1.2999999999999972","1","0.29999999999999716","99.27325581395348","true","14.902000000000001","13.902000000000001","50","98.7","10","500","987","987","0","0","0","0","0","1628","1366","10","146","106","0","156","0","4","4","1000","1997","3.994","71","5.001497673595273","0","41.6","3.614141414141414","10","407","750"
"615","BA","1000","2","0.1","50","0.1","0.5","1","legal","targeted","40.68204496333726","13","93.14814101315719","93.14814101315719","75","80","80","fixed","1","1","50","1566","15","50","21826937","v2.0-design-v1.0","1.5","1.2","0.30000000000000004","99.13544668587896","true","15.722000000000003","14.521999999999998","50","98.5","12","500","985","985","0","0","0","0","0","1628","1376","12","142","98","0","154","0","4","4","1000","1997","3.994","84","5.316411216998566","0","42.9","3.601010101010101","10","407","750"
"616","BA","1000","2","0.1","50","0.1","0.5","1","legal","targeted","40.68204496333726","13","93.14814101315719","93.14814101315719","75","80","80","fixed","1","1","50","1566","16","50","21826938","v2.0-design-v1.0","0.9000000000000057","0.7000000000000001","0.20000000000000562","99.48491537895512","true","16.284","15.636","50","99.1","7","500","991","991","0","0","0","0","0","1628","1352","7","161","108","0","168","0","4","4","1000","1997","3.994","81","4.8492761809861245","0","38.2","3.6484848484848484","10","407","750"
"617","BA","1000","2","0.1","50","0.1","0.5","1","legal","targeted","40.68204496333726","13","93.14814101315719","93.14814101315719","75","80","80","fixed","1","1","50","1566","17","50","21826939","v2.0-design-v1.0","1.5","0.5","1","99.6415770609319","true","16.086","15.585999999999999","50","98.5","5","500","985","985","0","0","0","0","0","1628","1390","5","147","86","0","152","0","4","4","1000","1997","3.994","70","4.961308151947279","0","41.1","3.6191919191919193","10","407","750"
"618","BA","1000","2","0.1","50","0.1","0.5","1","legal","targeted","40.68204496333726","13","93.14814101315719","93.14814101315719","75","80","80","fixed","1","1","50","1566","18","50","21826940","v2.0-design-v1.0","1.9000000000000057","1.4000000000000001","0.5000000000000056","98.98181818181818","true","15.82799999999999","14.505999999999995","50","98.1","14","500","981","981","0","0","0","0","0","1628","1361","14","154","99","0","168","0","4","4","1000","1997","3.994","67","5.110389425482171","0","44.4","3.585858585858586","10","407","750"
"619","BA","1000","2","0.1","50","0.1","0.5","1","legal","targeted","40.68204496333726","13","93.14814101315719","93.14814101315719","75","80","80","fixed","1","1","50","1566","19","50","21826941","v2.0-design-v1.0","1","0.8999999999999999","0.10000000000000009","99.34402332361516","true","16.292","15.418","50","99","9","500","990","990","0","0","0","0","0","1628","1363","9","155","101","0","164","0","4","4","1000","1997","3.994","86","5.430419270503278","0","45.1","3.5787878787878786","10","407","750"
"620","BA","1000","2","0.1","50","0.1","0.5","1","legal","targeted","40.68204496333726","13","93.14814101315719","93.14814101315719","75","80","80","fixed","1","1","50","1566","20","50","21826942","v2.0-design-v1.0","1","1.4000000000000001","-0.40000000000000013","98.97585954645209","true","15.077999999999998","13.782000000000004","50","99","14","500","990","990","0","0","0","0","0","1628","1353","14","151","110","0","165","0","4","4","1000","1997","3.994","134","6.138537744906837","0","48.5","3.5444444444444443","10","407","750"
"621","BA","1000","2","0.1","50","0.1","0.5","1","legal","targeted","40.68204496333726","13","93.14814101315719","93.14814101315719","75","80","80","fixed","1","1","50","1566","21","50","21826943","v2.0-design-v1.0","0.7000000000000028","1.2","-0.4999999999999971","99.11045218680505","true","15.793999999999993","14.646000000000006","50","99.3","12","500","993","993","0","0","0","0","0","1628","1337","12","150","129","0","162","0","4","4","1000","1997","3.994","101","5.441100033041984","0","44.2","3.587878787878788","10","407","750"
"622","BA","1000","2","0.1","50","0.1","0.5","1","legal","targeted","40.68204496333726","13","93.14814101315719","93.14814101315719","75","80","80","fixed","1","1","50","1566","22","50","21826944","v2.0-design-v1.0","0.7999999999999972","1.3","-0.5000000000000029","99.06340057636888","true","15.406","14.105999999999996","50","99.2","13","500","992","992","0","0","0","0","0","1628","1375","13","145","95","0","158","0","4","4","1000","1997","3.994","67","4.7459971016097775","0","37.8","3.6525252525252525","10","407","750"
"624","BA","1000","2","0.1","50","0.1","0.5","1","legal","targeted","40.68204496333726","13","93.14814101315719","93.14814101315719","75","80","80","fixed","1","1","50","1566","24","50","21826946","v2.0-design-v1.0","0.9000000000000057","1.6","-0.6999999999999944","98.85139985642498","true","15.894000000000007","14.294000000000004","50","99.1","16","500","991","991","0","0","0","0","0","1628","1377","16","140","95","0","156","0","4","4","1000","1997","3.994","66","4.516897869817983","0","35.4","3.676767676767677","10","407","750"
"623","BA","1000","2","0.1","50","0.1","0.5","1","legal","targeted","40.68204496333726","13","93.14814101315719","93.14814101315719","75","80","80","fixed","1","1","50","1566","23","50","21826945","v2.0-design-v1.0","1.0999999999999943","0.8999999999999999","0.1999999999999944","99.34545454545454","true","15.743999999999996","14.844000000000001","50","98.9","9","500","989","989","0","0","0","0","0","1628","1366","9","152","101","0","161","0","4","4","1000","1997","3.994","70","5.217392565753996","0","46.1","3.5686868686868687","10","407","750"
"626","BA","1000","2","0.1","50","0.1","0.5","1","legal","targeted","40.68204496333726","13","93.14814101315719","93.14814101315719","75","80","80","fixed","1","1","50","1566","26","50","21826948","v2.0-design-v1.0","1.5","0.8999999999999999","0.6000000000000001","99.34114202049781","true","15.547999999999996","14.648000000000003","50","98.5","9","500","985","985","0","0","0","0","0","1628","1357","9","150","112","0","159","0","4","4","1000","1997","3.994","63","5.156020611726492","0","44.5","3.584848484848485","10","407","750"
"625","BA","1000","2","0.1","50","0.1","0.5","1","legal","targeted","40.68204496333726","13","93.14814101315719","93.14814101315719","75","80","80","fixed","1","1","50","1566","25","50","21826947","v2.0-design-v1.0","1.0999999999999943","1.0999999999999999","-5.551115123125783E-15","99.19883466860888","true","16.198000000000008","15.097999999999999","50","98.9","11","500","989","989","0","0","0","0","0","1628","1362","11","143","112","0","154","0","4","4","1000","1997","3.994","99","5.377069543615444","0","43.5","3.594949494949495","10","407","750"
"628","BA","1000","2","0.1","50","0.1","0.5","1","legal","targeted","40.68204496333726","13","93.14814101315719","93.14814101315719","75","80","80","fixed","1","1","50","1566","28","50","21826950","v2.0-design-v1.0","1.5","1.0999999999999999","0.40000000000000013","99.19354838709677","true","16.094000000000005","15.020000000000008","50","98.5","11","500","985","985","0","0","0","0","0","1628","1353","11","166","98","0","177","0","4","4","1000","1997","3.994","110","5.910575174963868","0","48.9","3.54040404040404","10","407","750"
"627","BA","1000","2","0.1","50","0.1","0.5","1","legal","targeted","40.68204496333726","13","93.14814101315719","93.14814101315719","75","80","80","fixed","1","1","50","1566","27","50","21826949","v2.0-design-v1.0","0.9000000000000057","1.3","-0.39999999999999436","99.04552129221733","true","15.838000000000001","14.564","50","99.1","13","500","991","991","0","0","0","0","0","1628","1349","13","151","115","0","164","0","4","4","1000","1997","3.994","113","5.6582665172276805","0","45.2","3.577777777777778","10","407","750"
"629","BA","1000","2","0.1","50","0.1","0.5","1","legal","targeted","40.68204496333726","13","93.14814101315719","93.14814101315719","75","80","80","fixed","1","1","50","1566","29","50","21826951","v2.0-design-v1.0","0.9000000000000057","1","-0.09999999999999432","99.2603550295858","true","15.415999999999997","14.415999999999997","50","99.1","10","500","991","991","0","0","0","0","0","1628","1342","10","159","117","0","169","0","4","4","1000","1997","3.994","92","4.992884225865125","0","38.2","3.6484848484848484","10","407","750"
"630","BA","1000","2","0.1","50","0.1","0.5","1","legal","targeted","40.68204496333726","13","93.14814101315719","93.14814101315719","75","80","80","fixed","1","1","50","1566","30","50","21826952","v2.0-design-v1.0","1.2000000000000028","1.7999999999999998","-0.599999999999997","98.69565217391305","true","15.300000000000004","13.577999999999998","50","98.8","18","500","988","988","0","0","0","0","0","1628","1362","18","143","105","0","161","0","4","4","1000","1997","3.994","81","5.389527902424378","0","45.1","3.5787878787878786","10","407","750"
"631","BA","1000","2","0.1","50","0.1","0.5","1","legal","targeted","97.0460696582939","9","83.13005011833242","83.13005011833242","75","80","80","fixed","1","1","50","1567","1","50","21827923","v2.0-design-v1.0","55.4","22.6","32.8","93.343653250774","true","59.62599999999998","45.52199999999999","50","44.6","226","500","446","446","0","0","0","0","0","5820","3618","258","1254","690","0","1512","0","6","6","1000","1997","3.994","84","5.197593575778973","0","43.6","3.5939393939393938","10","970","750"
"632","BA","1000","2","0.1","50","0.1","0.5","1","legal","targeted","97.0460696582939","9","83.13005011833242","83.13005011833242","75","80","80","fixed","1","1","50","1567","2","50","21827924","v2.0-design-v1.0","57.4","21.8","35.599999999999994","93.66433928109646","true","57.152","43.21800000000001","50","42.6","218","500","426","426","0","0","0","0","0","5820","3622","245","1200","753","0","1445","0","6","6","1000","1997","3.994","104","5.552728770325155","0","44.7","3.5828282828282827","10","970","750"
"634","BA","1000","2","0.1","50","0.1","0.5","1","legal","targeted","97.0460696582939","9","83.13005011833242","83.13005011833242","75","80","80","fixed","1","1","50","1567","4","50","21827926","v2.0-design-v1.0","56.9","21.3","35.599999999999994","93.71428571428572","true","58.58399999999999","44.556000000000004","50","43.1","213","500","431","431","0","0","0","0","0","5820","3608","242","1243","727","0","1485","0","6","6","1000","1997","3.994","93","5.281653137026304","0","42.5","3.605050505050505","10","970","750"
"633","BA","1000","2","0.1","50","0.1","0.5","1","legal","targeted","97.0460696582939","9","83.13005011833242","83.13005011833242","75","80","80","fixed","1","1","50","1567","3","50","21827925","v2.0-design-v1.0","56.9","21.9","35","93.7066529668636","true","58.14000000000001","45.149999999999984","50","43.1","219","500","431","431","0","0","0","0","0","5820","3648","245","1203","724","0","1448","0","6","6","1000","1997","3.994","62","5.171915768137819","0","45.3","3.576767676767677","10","970","750"
"635","BA","1000","2","0.1","50","0.1","0.5","1","legal","targeted","97.0460696582939","9","83.13005011833242","83.13005011833242","75","80","80","fixed","1","1","50","1567","5","50","21827927","v2.0-design-v1.0","54.9","22.8","32.099999999999994","93.48441926345609","true","58.707999999999984","45.53799999999998","50","45.1","228","500","451","451","0","0","0","0","0","5820","3630","253","1226","711","0","1479","0","6","6","1000","1997","3.994","60","4.664088090690146","0","37","3.6606060606060606","10","970","750"
"636","BA","1000","2","0.1","50","0.1","0.5","1","legal","targeted","97.0460696582939","9","83.13005011833242","83.13005011833242","75","80","80","fixed","1","1","50","1567","6","50","21827928","v2.0-design-v1.0","49.2","20","29.200000000000003","94.3772062531518","true","55.278","41.434000000000005","50","50.8","200","500","508","508","0","0","0","0","0","5820","3743","223","1105","749","0","1328","0","6","6","1000","1997","3.994","90","5.73680005533353","0","49.6","3.533333333333333","10","970","750"
"637","BA","1000","2","0.1","50","0.1","0.5","1","legal","targeted","97.0460696582939","9","83.13005011833242","83.13005011833242","75","80","80","fixed","1","1","50","1567","7","50","21827929","v2.0-design-v1.0","52.1","21.9","30.200000000000003","93.71149897330595","true","57.792","43.056000000000004","50","47.9","219","500","479","479","0","0","0","0","0","5820","3651","245","1184","740","0","1429","0","6","6","1000","1997","3.994","71","5.056632627899072","0","41","3.6202020202020204","10","970","750"
"638","BA","1000","2","0.1","50","0.1","0.5","1","legal","targeted","97.0460696582939","9","83.13005011833242","83.13005011833242","75","80","80","fixed","1","1","50","1567","8","50","21827930","v2.0-design-v1.0","54.5","21.2","33.3","93.72579395817195","true","57.321999999999996","44.294000000000004","50","45.5","212","500","455","455","0","0","0","0","0","5820","3630","243","1208","739","0","1451","0","6","6","1000","1997","3.994","76","5.289985628330936","0","44.1","3.588888888888889","10","970","750"
"639","BA","1000","2","0.1","50","0.1","0.5","1","legal","targeted","97.0460696582939","9","83.13005011833242","83.13005011833242","75","80","80","fixed","1","1","50","1567","9","50","21827931","v2.0-design-v1.0","52","21","31","93.71398638030382","true","57.966000000000015","45.102","50","48","210","500","480","480","0","0","0","0","0","5820","3578","240","1266","736","0","1506","0","6","6","1000","1997","3.994","93","5.266659444249421","0","44.3","3.5868686868686868","10","970","750"
"640","BA","1000","2","0.1","50","0.1","0.5","1","legal","targeted","97.0460696582939","9","83.13005011833242","83.13005011833242","75","80","80","fixed","1","1","50","1567","10","50","21827932","v2.0-design-v1.0","53.8","20.599999999999998","33.2","93.8921205711264","true","58.606","45.205999999999996","50","46.2","206","500","462","462","0","0","0","0","0","5820","3551","231","1319","719","0","1550","0","6","6","1000","1997","3.994","80","5.273307479350286","0","43.1","3.598989898989899","10","970","750"
"641","BA","1000","2","0.1","50","0.1","0.5","1","legal","targeted","97.0460696582939","9","83.13005011833242","83.13005011833242","75","80","80","fixed","1","1","50","1567","11","50","21827933","v2.0-design-v1.0","58.4","22.8","35.599999999999994","93.20261437908496","true","59.35599999999999","45.88000000000001","50","41.6","228","500","416","416","0","0","0","0","0","5820","3565","260","1300","695","0","1560","0","6","6","1000","1997","3.994","67","5.105882297314923","0","43.4","3.595959595959596","10","970","750"
"642","BA","1000","2","0.1","50","0.1","0.5","1","legal","targeted","97.0460696582939","9","83.13005011833242","83.13005011833242","75","80","80","fixed","1","1","50","1567","12","50","21827934","v2.0-design-v1.0","55.1","23","32.1","93.49428208386277","true","56.266000000000005","41.456","50","44.9","230","500","449","449","0","0","0","0","0","5820","3679","256","1111","774","0","1367","0","6","6","1000","1997","3.994","83","5.3761386577046855","0","43.3","3.596969696969697","10","970","750"
"643","BA","1000","2","0.1","50","0.1","0.5","1","legal","targeted","97.0460696582939","9","83.13005011833242","83.13005011833242","75","80","80","fixed","1","1","50","1567","13","50","21827935","v2.0-design-v1.0","53.4","20.200000000000003","33.199999999999996","94.33434959349594","true","55.78799999999999","44.066","50","46.6","202","500","466","466","0","0","0","0","0","5820","3713","223","1117","767","0","1340","0","6","6","1000","1997","3.994","119","5.9734115583681255","0","48.6","3.5434343434343436","10","970","750"
"644","BA","1000","2","0.1","50","0.1","0.5","1","legal","targeted","97.0460696582939","9","83.13005011833242","83.13005011833242","75","80","80","fixed","1","1","50","1567","14","50","21827936","v2.0-design-v1.0","52.2","23.599999999999998","28.600000000000005","93.18300996329313","true","59.023999999999994","43.776","50","47.8","236","500","478","478","0","0","0","0","0","5820","3554","260","1267","739","0","1527","0","6","6","1000","1997","3.994","72","5.012892687171049","0","41.5","3.6151515151515152","10","970","750"
"645","BA","1000","2","0.1","50","0.1","0.5","1","legal","targeted","97.0460696582939","9","83.13005011833242","83.13005011833242","75","80","80","fixed","1","1","50","1567","15","50","21827937","v2.0-design-v1.0","60.3","21.9","38.4","93.639394716594","true","57.818000000000005","43.064000000000014","50","39.7","219","500","397","397","0","0","0","0","0","5820","3651","248","1188","733","0","1436","0","6","6","1000","1997","3.994","59","4.644732235289507","0","36.3","3.6676767676767676","10","970","750"
"646","BA","1000","2","0.1","50","0.1","0.5","1","legal","targeted","97.0460696582939","9","83.13005011833242","83.13005011833242","75","80","80","fixed","1","1","50","1567","16","50","21827938","v2.0-design-v1.0","54.199999999999996","22.900000000000002","31.299999999999994","93.16329213778596","true","59.77399999999999","45.784000000000006","50","45.800000000000004","229","500","458","458","0","0","0","0","0","5820","3543","260","1313","704","0","1573","0","6","6","1000","1997","3.994","115","5.395468012607896","0","41.9","3.611111111111111","10","970","750"
"647","BA","1000","2","0.1","50","0.1","0.5","1","legal","targeted","97.0460696582939","9","83.13005011833242","83.13005011833242","75","80","80","fixed","1","1","50","1567","17","50","21827939","v2.0-design-v1.0","55.7","22.2","33.5","93.29015544041451","true","58.995999999999995","43.78000000000001","50","44.3","222","500","443","443","0","0","0","0","0","5820","3601","259","1263","697","0","1522","0","6","6","1000","1997","3.994","77","4.88157697816942","0","38.4","3.6464646464646466","10","970","750"
"648","BA","1000","2","0.1","50","0.1","0.5","1","legal","targeted","97.0460696582939","9","83.13005011833242","83.13005011833242","75","80","80","fixed","1","1","50","1567","18","50","21827940","v2.0-design-v1.0","55.1","21.7","33.400000000000006","93.72569354420534","true","57.412","44.135999999999996","50","44.9","217","500","449","449","0","0","0","0","0","5820","3615","242","1222","741","0","1464","0","6","6","1000","1997","3.994","100","5.326756831162679","0","42.7","3.603030303030303","10","970","750"
"649","BA","1000","2","0.1","50","0.1","0.5","1","legal","targeted","97.0460696582939","9","83.13005011833242","83.13005011833242","75","80","80","fixed","1","1","50","1567","19","50","21827941","v2.0-design-v1.0","51.5","23.9","27.6","92.79894875164257","true","60.41799999999999","44.69","50","48.5","239","500","485","485","0","0","0","0","0","5820","3531","274","1330","685","0","1604","0","6","6","1000","1997","3.994","65","5.048906362318017","0","43","3.6","10","970","750"
"650","BA","1000","2","0.1","50","0.1","0.5","1","legal","targeted","97.0460696582939","9","83.13005011833242","83.13005011833242","75","80","80","fixed","1","1","50","1567","20","50","21827942","v2.0-design-v1.0","57.7","23.599999999999998","34.10000000000001","92.6975051975052","true","60.835999999999984","45.641999999999996","50","42.3","236","500","423","423","0","0","0","0","0","5820","3567","281","1290","682","0","1571","0","6","6","1000","1997","3.994","85","5.01967739612428","0","41.9","3.611111111111111","10","970","750"
"651","BA","1000","2","0.1","50","0.1","0.5","1","legal","targeted","97.0460696582939","9","83.13005011833242","83.13005011833242","75","80","80","fixed","1","1","50","1567","21","50","21827943","v2.0-design-v1.0","55.3","22.2","33.099999999999994","93.30391902413704","true","58.264","44.092000000000006","50","44.7","222","500","447","447","0","0","0","0","0","5820","3595","258","1227","740","0","1485","0","6","6","1000","1997","3.994","71","5.044344299253309","0","41.9","3.611111111111111","10","970","750"
"652","BA","1000","2","0.1","50","0.1","0.5","1","legal","targeted","97.0460696582939","9","83.13005011833242","83.13005011833242","75","80","80","fixed","1","1","50","1567","22","50","21827944","v2.0-design-v1.0","57.6","23.1","34.5","93.18299637117677","true","59.01","44.711999999999996","50","42.4","231","500","424","424","0","0","0","0","0","5820","3595","263","1280","682","0","1543","0","6","6","1000","1997","3.994","53","4.771029944019072","0","39.1","3.639393939393939","10","970","750"
"653","BA","1000","2","0.1","50","0.1","0.5","1","legal","targeted","97.0460696582939","9","83.13005011833242","83.13005011833242","75","80","80","fixed","1","1","50","1567","23","50","21827945","v2.0-design-v1.0","57.7","21.3","36.400000000000006","93.60718870346598","true","59.34600000000001","45.803999999999995","50","42.3","213","500","423","423","0","0","0","0","0","5820","3646","249","1227","698","0","1476","0","6","6","1000","1997","3.994","85","5.155438152334143","0","42","3.61010101010101","10","970","750"
"654","BA","1000","2","0.1","50","0.1","0.5","1","legal","targeted","97.0460696582939","9","83.13005011833242","83.13005011833242","75","80","80","fixed","1","1","50","1567","24","50","21827946","v2.0-design-v1.0","51.4","21.2","30.2","93.95590142671854","true","56.71400000000003","43.02000000000001","50","48.6","212","500","486","486","0","0","0","0","0","5820","3622","233","1207","758","0","1440","0","6","6","1000","1997","3.994","80","5.535033929489547","0","48.6","3.5434343434343436","10","970","750"
"655","BA","1000","2","0.1","50","0.1","0.5","1","legal","targeted","97.0460696582939","9","83.13005011833242","83.13005011833242","75","80","80","fixed","1","1","50","1567","25","50","21827947","v2.0-design-v1.0","52.900000000000006","20.7","32.2","94.1038961038961","true","57.63799999999999","44.67799999999999","50","47.099999999999994","207","500","471","471","0","0","0","0","0","5820","3623","227","1236","734","0","1463","0","6","6","1000","1997","3.994","90","5.294903209691365","0","44.4","3.585858585858586","10","970","750"
"656","BA","1000","2","0.1","50","0.1","0.5","1","legal","targeted","97.0460696582939","9","83.13005011833242","83.13005011833242","75","80","80","fixed","1","1","50","1567","26","50","21827948","v2.0-design-v1.0","53.8","20.9","32.9","93.5633367662204","true","57.05000000000001","42.9","50","46.2","209","500","462","462","0","0","0","0","0","5820","3634","250","1217","719","0","1467","0","6","6","1000","1997","3.994","88","5.614934682744885","0","47.6","3.5535353535353535","10","970","750"
"657","BA","1000","2","0.1","50","0.1","0.5","1","legal","targeted","97.0460696582939","9","83.13005011833242","83.13005011833242","75","80","80","fixed","1","1","50","1567","27","50","21827949","v2.0-design-v1.0","51.1","21.4","29.700000000000003","93.73555840821565","true","56.616000000000014","43.099999999999994","50","48.9","214","500","489","489","0","0","0","0","0","5820","3651","244","1154","771","0","1398","0","6","6","1000","1997","3.994","78","4.918959255793854","0","40","3.6303030303030304","10","970","750"
"658","BA","1000","2","0.1","50","0.1","0.5","1","legal","targeted","97.0460696582939","9","83.13005011833242","83.13005011833242","75","80","80","fixed","1","1","50","1567","28","50","21827950","v2.0-design-v1.0","56.4","20.1","36.3","94.01932619482893","true","55.44200000000001","42.722","50","43.6","201","500","436","436","0","0","0","0","0","5820","3600","229","1164","827","0","1393","0","6","6","1000","1997","3.994","61","4.906530142375358","0","40.9","3.621212121212121","10","970","750"
"659","BA","1000","2","0.1","50","0.1","0.5","1","legal","targeted","97.0460696582939","9","83.13005011833242","83.13005011833242","75","80","80","fixed","1","1","50","1567","29","50","21827951","v2.0-design-v1.0","57.5","21.7","35.8","93.81175247009881","true","59.15","45.33400000000002","50","42.5","217","500","425","425","0","0","0","0","0","5820","3608","238","1259","715","0","1497","0","6","6","1000","1997","3.994","81","5.1096058626935195","0","40.9","3.621212121212121","10","970","750"
"660","BA","1000","2","0.1","50","0.1","0.5","1","legal","targeted","97.0460696582939","9","83.13005011833242","83.13005011833242","75","80","80","fixed","1","1","50","1567","30","50","21827952","v2.0-design-v1.0","56.4","18.8","37.599999999999994","94.66155810983398","true","57.836000000000006","45.3","50","43.6","188","500","436","436","0","0","0","0","0","5820","3706","209","1188","717","0","1397","0","6","6","1000","1997","3.994","88","5.562454935089797","0","45","3.5797979797979798","10","970","750"
"661","BA","1000","2","0.1","50","0.1","0.5","1","legal","targeted","72.37838234427555","11","90.72012362470043","90.72012362470043","75","80","80","fixed","1","1","50","1568","1","50","21828923","v2.0-design-v1.0","26.900000000000006","4.7","22.200000000000006","98.34623504574243","true","38.696000000000005","34.897999999999996","50","73.1","47","500","731","731","0","0","0","0","0","3620","2795","47","455","323","0","502","0","5","5","1000","1997","3.994","86","5.734705820776752","0","48.5","3.5444444444444443","10","724","750"
"662","BA","1000","2","0.1","50","0.1","0.5","1","legal","targeted","72.37838234427555","11","90.72012362470043","90.72012362470043","75","80","80","fixed","1","1","50","1568","2","50","21828924","v2.0-design-v1.0","28.799999999999997","5","23.799999999999997","98.2388164846777","true","39.547999999999995","35.55999999999999","50","71.2","50","500","712","712","0","0","0","0","0","3620","2789","50","481","300","0","531","0","5","5","1000","1997","3.994","57","4.901835573740914","0","40.4","3.6262626262626263","10","724","750"
"663","BA","1000","2","0.1","50","0.1","0.5","1","legal","targeted","72.37838234427555","11","90.72012362470043","90.72012362470043","75","80","80","fixed","1","1","50","1568","3","50","21828925","v2.0-design-v1.0","33.099999999999994","5.3","27.799999999999994","98.12787001059696","true","39.64400000000001","35.55400000000001","50","66.9","53","500","669","669","0","0","0","0","0","3620","2778","53","499","290","0","552","0","5","5","1000","1997","3.994","65","5.086830038426659","0","43.2","3.597979797979798","10","724","750"
"664","BA","1000","2","0.1","50","0.1","0.5","1","legal","targeted","72.37838234427555","11","90.72012362470043","90.72012362470043","75","80","80","fixed","1","1","50","1568","4","50","21828926","v2.0-design-v1.0","33.599999999999994","4.9","28.699999999999996","98.28009828009829","true","40.968","36.948","50","66.4","49","500","664","664","0","0","0","0","0","3620","2800","49","499","272","0","548","0","5","5","1000","1997","3.994","73","5.00769817790978","0","40.4","3.6262626262626263","10","724","750"
"665","BA","1000","2","0.1","50","0.1","0.5","1","legal","targeted","72.37838234427555","11","90.72012362470043","90.72012362470043","75","80","80","fixed","1","1","50","1568","5","50","21828927","v2.0-design-v1.0","33.7","4.3","29.400000000000002","98.43912591050989","true","40.838","37.461999999999996","50","66.3","43","500","663","663","0","0","0","0","0","3620","2838","45","481","256","0","526","0","5","5","1000","1997","3.994","70","4.938253775409917","0","40.5","3.625252525252525","10","724","750"
"666","BA","1000","2","0.1","50","0.1","0.5","1","legal","targeted","72.37838234427555","11","90.72012362470043","90.72012362470043","75","80","80","fixed","1","1","50","1568","6","50","21828928","v2.0-design-v1.0","31.10000000000001","3.8","27.300000000000008","98.67086393844001","true","40.14599999999999","37.204","50","68.89999999999999","38","500","689","689","0","0","0","0","0","3620","2821","38","476","285","0","514","0","5","5","1000","1997","3.994","83","5.27102909760017","0","43.7","3.592929292929293","10","724","750"
"668","BA","1000","2","0.1","50","0.1","0.5","1","legal","targeted","72.37838234427555","11","90.72012362470043","90.72012362470043","75","80","80","fixed","1","1","50","1568","8","50","21828930","v2.0-design-v1.0","30","5.5","24.5","97.99859550561798","true","40.02","35.773999999999994","50","70","55","500","700","700","0","0","0","0","0","3620","2791","57","493","279","0","550","0","5","5","1000","1997","3.994","84","5.278619879080871","0","43.8","3.591919191919192","10","724","750"
"667","BA","1000","2","0.1","50","0.1","0.5","1","legal","targeted","72.37838234427555","11","90.72012362470043","90.72012362470043","75","80","80","fixed","1","1","50","1568","7","50","21828929","v2.0-design-v1.0","29.10000000000001","4.9","24.20000000000001","98.25113676110529","true","39.464000000000006","35.88400000000001","50","70.89999999999999","49","500","709","709","0","0","0","0","0","3620","2809","50","483","278","0","533","0","5","5","1000","1997","3.994","73","4.955251610011183","0","39.4","3.6363636363636362","10","724","750"
"669","BA","1000","2","0.1","50","0.1","0.5","1","legal","targeted","72.37838234427555","11","90.72012362470043","90.72012362470043","75","80","80","fixed","1","1","50","1568","9","50","21828931","v2.0-design-v1.0","34","4.1000000000000005","29.9","98.57490441432047","true","40.186000000000014","36.965999999999994","50","66","41","500","660","660","0","0","0","0","0","3620","2836","41","475","268","0","516","0","5","5","1000","1997","3.994","82","5.010296105727383","0","41.1","3.6191919191919193","10","724","750"
"670","BA","1000","2","0.1","50","0.1","0.5","1","legal","targeted","72.37838234427555","11","90.72012362470043","90.72012362470043","75","80","80","fixed","1","1","50","1568","10","50","21828932","v2.0-design-v1.0","30.30000000000001","4.3","26.00000000000001","98.43912591050989","true","38.108","34.51200000000001","50","69.69999999999999","43","500","697","697","0","0","0","0","0","3620","2838","45","432","305","0","477","0","5","5","1000","1997","3.994","95","5.254100262611044","0","43.5","3.594949494949495","10","724","750"
"672","BA","1000","2","0.1","50","0.1","0.5","1","legal","targeted","72.37838234427555","11","90.72012362470043","90.72012362470043","75","80","80","fixed","1","1","50","1568","12","50","21828934","v2.0-design-v1.0","31.599999999999994","4.3999999999999995","27.199999999999996","98.45722300140253","true","39.007999999999996","35.444","50","68.4","44","500","684","684","0","0","0","0","0","3620","2808","44","465","303","0","509","0","5","5","1000","1997","3.994","69","4.938861848276007","0","41.6","3.614141414141414","10","724","750"
"671","BA","1000","2","0.1","50","0.1","0.5","1","legal","targeted","72.37838234427555","11","90.72012362470043","90.72012362470043","75","80","80","fixed","1","1","50","1568","11","50","21828933","v2.0-design-v1.0","28.900000000000006","4.5","24.400000000000006","98.42877094972067","true","38.444","35","50","71.1","45","500","711","711","0","0","0","0","0","3620","2819","45","443","313","0","488","0","5","5","1000","1997","3.994","76","5.450841740105426","0","49.3","3.536363636363636","10","724","750"
"673","BA","1000","2","0.1","50","0.1","0.5","1","legal","targeted","72.37838234427555","11","90.72012362470043","90.72012362470043","75","80","80","fixed","1","1","50","1568","13","50","21828935","v2.0-design-v1.0","31.200000000000003","5.4","25.800000000000004","97.98301486199576","true","38.462","34.382","50","68.8","54","500","688","688","0","0","0","0","0","3620","2769","57","481","313","0","538","0","5","5","1000","1997","3.994","127","5.966201434712028","0","47.5","3.5545454545454547","10","724","750"
"674","BA","1000","2","0.1","50","0.1","0.5","1","legal","targeted","72.37838234427555","11","90.72012362470043","90.72012362470043","75","80","80","fixed","1","1","50","1568","14","50","21828936","v2.0-design-v1.0","30.10000000000001","5.6000000000000005","24.500000000000007","98.05623047552933","true","38.738","34.743999999999986","50","69.89999999999999","56","500","699","699","0","0","0","0","0","3620","2825","56","457","282","0","513","0","5","5","1000","1997","3.994","83","5.61903350564289","0","47.1","3.5585858585858587","10","724","750"
"675","BA","1000","2","0.1","50","0.1","0.5","1","legal","targeted","72.37838234427555","11","90.72012362470043","90.72012362470043","75","80","80","fixed","1","1","50","1568","15","50","21828937","v2.0-design-v1.0","32.39999999999999","3.5000000000000004","28.89999999999999","98.77536738978307","true","40.82599999999999","38.36000000000001","50","67.60000000000001","35","500","676","676","0","0","0","0","0","3620","2823","35","509","253","0","544","0","5","5","1000","1997","3.994","77","4.9216040257405975","0","39.6","3.6343434343434344","10","724","750"
"676","BA","1000","2","0.1","50","0.1","0.5","1","legal","targeted","72.37838234427555","11","90.72012362470043","90.72012362470043","75","80","80","fixed","1","1","50","1568","16","50","21828938","v2.0-design-v1.0","30.10000000000001","4.3999999999999995","25.70000000000001","98.38822704975473","true","38.339999999999996","34.819999999999986","50","69.89999999999999","44","500","699","699","0","0","0","0","0","3620","2808","46","450","316","0","496","0","5","5","1000","1997","3.994","72","5.06790367387222","0","43.5","3.594949494949495","10","724","750"
"677","BA","1000","2","0.1","50","0.1","0.5","1","legal","targeted","72.37838234427555","11","90.72012362470043","90.72012362470043","75","80","80","fixed","1","1","50","1568","17","50","21828939","v2.0-design-v1.0","34","5.5","28.5","98.07096107475026","true","39.681999999999995","35.15","50","66","55","500","660","660","0","0","0","0","0","3620","2847","56","451","266","0","507","0","5","5","1000","1997","3.994","63","4.718498514170389","0","39.6","3.6343434343434344","10","724","750"
"678","BA","1000","2","0.1","50","0.1","0.5","1","legal","targeted","72.37838234427555","11","90.72012362470043","90.72012362470043","75","80","80","fixed","1","1","50","1568","18","50","21828940","v2.0-design-v1.0","29.299999999999997","4.3","24.999999999999996","98.43041506801534","true","39.63200000000001","36.25600000000001","50","70.7","43","500","707","707","0","0","0","0","0","3620","2822","45","485","268","0","530","0","5","5","1000","1997","3.994","54","4.753794543579102","0","38.2","3.6484848484848484","10","724","750"
"679","BA","1000","2","0.1","50","0.1","0.5","1","legal","targeted","72.37838234427555","11","90.72012362470043","90.72012362470043","75","80","80","fixed","1","1","50","1568","19","50","21828941","v2.0-design-v1.0","30.80000000000001","5.3","25.50000000000001","98.11320754716981","true","39.698","35.696","50","69.19999999999999","53","500","692","692","0","0","0","0","0","3620","2808","54","479","279","0","533","0","5","5","1000","1997","3.994","88","5.533948733823665","0","44.6","3.583838383838384","10","724","750"
"680","BA","1000","2","0.1","50","0.1","0.5","1","legal","targeted","72.37838234427555","11","90.72012362470043","90.72012362470043","75","80","80","fixed","1","1","50","1568","20","50","21828942","v2.0-design-v1.0","27.400000000000006","4.7","22.700000000000006","98.29268292682927","true","39.04000000000002","35.87999999999999","50","72.6","47","500","726","726","0","0","0","0","0","3620","2821","49","476","274","0","525","0","5","5","1000","1997","3.994","78","5.197400982892974","0","44.2","3.587878787878788","10","724","750"
"681","BA","1000","2","0.1","50","0.1","0.5","1","legal","targeted","72.37838234427555","11","90.72012362470043","90.72012362470043","75","80","80","fixed","1","1","50","1568","21","50","21828943","v2.0-design-v1.0","33","4.2","28.8","98.48270995059985","true","39.986","36.88600000000001","50","67","42","500","670","670","0","0","0","0","0","3620","2791","43","492","294","0","535","0","5","5","1000","1997","3.994","68","5.0556427408909625","0","41.8","3.6121212121212123","10","724","750"
"683","BA","1000","2","0.1","50","0.1","0.5","1","legal","targeted","72.37838234427555","11","90.72012362470043","90.72012362470043","75","80","80","fixed","1","1","50","1568","23","50","21828945","v2.0-design-v1.0","32.19999999999999","4.8","27.399999999999988","98.25374198146828","true","38.217999999999996","34.672000000000004","50","67.80000000000001","48","500","678","678","0","0","0","0","0","3620","2757","49","487","327","0","536","0","5","5","1000","1997","3.994","54","4.690411918367498","0","38.3","3.6474747474747473","10","724","750"
"682","BA","1000","2","0.1","50","0.1","0.5","1","legal","targeted","72.37838234427555","11","90.72012362470043","90.72012362470043","75","80","80","fixed","1","1","50","1568","22","50","21828944","v2.0-design-v1.0","28.799999999999997","5.1","23.699999999999996","98.14814814814815","true","38.352","34.418","50","71.2","51","500","712","712","0","0","0","0","0","3620","2809","53","474","284","0","527","0","5","5","1000","1997","3.994","102","5.594395522418947","0","45.4","3.5757575757575757","10","724","750"
"684","BA","1000","2","0.1","50","0.1","0.5","1","legal","targeted","72.37838234427555","11","90.72012362470043","90.72012362470043","75","80","80","fixed","1","1","50","1568","24","50","21828946","v2.0-design-v1.0","34.8","5.4","29.4","97.98870853916726","true","40.918","36.48600000000001","50","65.2","54","500","652","652","0","0","0","0","0","3620","2777","57","498","288","0","555","0","5","5","1000","1997","3.994","117","5.5111102634892255","0","41.7","3.613131313131313","10","724","750"
"685","BA","1000","2","0.1","50","0.1","0.5","1","legal","targeted","72.37838234427555","11","90.72012362470043","90.72012362470043","75","80","80","fixed","1","1","50","1568","25","50","21828947","v2.0-design-v1.0","31.799999999999997","4.1000000000000005","27.699999999999996","98.56341976173792","true","39.75000000000001","36.55199999999999","50","68.2","41","500","682","682","0","0","0","0","0","3620","2813","41","494","272","0","535","0","5","5","1000","1997","3.994","74","4.998094131260921","0","41.3","3.617171717171717","10","724","750"
"686","BA","1000","2","0.1","50","0.1","0.5","1","legal","targeted","72.37838234427555","11","90.72012362470043","90.72012362470043","75","80","80","fixed","1","1","50","1568","26","50","21828948","v2.0-design-v1.0","26.900000000000006","5.1","21.800000000000004","98.2098982098982","true","39.593999999999994","35.81400000000001","50","73.1","51","500","731","731","0","0","0","0","0","3620","2798","51","470","301","0","521","0","5","5","1000","1997","3.994","70","5.033418251973422","0","42","3.61010101010101","10","724","750"
"687","BA","1000","2","0.1","50","0.1","0.5","1","legal","targeted","72.37838234427555","11","90.72012362470043","90.72012362470043","75","80","80","fixed","1","1","50","1568","27","50","21828949","v2.0-design-v1.0","33.2","5.1","28.1","98.10659186535764","true","39.964","36.228","50","66.8","51","500","668","668","0","0","0","0","0","3620","2798","54","483","285","0","537","0","5","5","1000","1997","3.994","88","5.100193719455745","0","40.5","3.625252525252525","10","724","750"
"688","BA","1000","2","0.1","50","0.1","0.5","1","legal","targeted","72.37838234427555","11","90.72012362470043","90.72012362470043","75","80","80","fixed","1","1","50","1568","28","50","21828950","v2.0-design-v1.0","31.5","4.8","26.7","98.28009828009829","true","40.97800000000001","37.498000000000005","50","68.5","48","500","685","685","0","0","0","0","0","3620","2800","49","498","273","0","547","0","5","5","1000","1997","3.994","58","4.594243253362952","0","36.1","3.66969696969697","10","724","750"
"689","BA","1000","2","0.1","50","0.1","0.5","1","legal","targeted","72.37838234427555","11","90.72012362470043","90.72012362470043","75","80","80","fixed","1","1","50","1568","29","50","21828951","v2.0-design-v1.0","29.10000000000001","4.3","24.800000000000008","98.48270995059985","true","39.64000000000001","36.06600000000001","50","70.89999999999999","43","500","709","709","0","0","0","0","0","3620","2791","43","483","303","0","526","0","5","5","1000","1997","3.994","91","5.206252881782538","0","42.3","3.607070707070707","10","724","750"
"690","BA","1000","2","0.1","50","0.1","0.5","1","legal","targeted","72.37838234427555","11","90.72012362470043","90.72012362470043","75","80","80","fixed","1","1","50","1568","30","50","21828952","v2.0-design-v1.0","29.400000000000006","4.3","25.100000000000005","98.49334267694464","true","38.17999999999999","35.023999999999994","50","70.6","43","500","706","706","0","0","0","0","0","3620","2811","43","459","307","0","502","0","5","5","1000","1997","3.994","83","5.555612372081832","0","45.9","3.5707070707070705","10","724","750"
"691","BA","1000","2","0.1","50","0.1","0.5","1","legal","targeted","9.503722840016902","12","82.61618217908175","82.61618217908175","75","80","80","fixed","1","1","50","1569","1","50","21829923","v2.0-design-v1.0","3.200000000000003","0.4","2.800000000000003","98.94736842105263","true","5.929999999999999","5.530000000000001","50","96.8","4","500","968","968","0","0","0","0","0","475","376","4","20","75","0","24","0","5","5","1000","1997","3.994","96","5.318293734671693","0","44","3.5898989898989897","10","95","750"
"692","BA","1000","2","0.1","50","0.1","0.5","1","legal","targeted","9.503722840016902","12","82.61618217908175","82.61618217908175","75","80","80","fixed","1","1","50","1569","2","50","21829924","v2.0-design-v1.0","2.9000000000000057","0.4","2.5000000000000058","98.93333333333332","true","5.5939999999999985","5.193999999999997","50","97.1","4","500","971","971","0","0","0","0","0","475","371","4","21","79","0","25","0","5","5","1000","1997","3.994","112","5.704954908718422","0","45.1","3.5787878787878786","10","95","750"
"693","BA","1000","2","0.1","50","0.1","0.5","1","legal","targeted","9.503722840016902","12","82.61618217908175","82.61618217908175","75","80","80","fixed","1","1","50","1569","3","50","21829925","v2.0-design-v1.0","3.1000000000000085","0.2","2.9000000000000083","99.47229551451187","true","5.7340000000000035","5.534000000000007","50","96.89999999999999","2","500","969","969","0","0","0","0","0","475","377","2","21","75","0","23","0","5","5","1000","1997","3.994","71","5.32581715122931","0","46.9","3.5606060606060606","10","95","750"
"694","BA","1000","2","0.1","50","0.1","0.5","1","legal","targeted","9.503722840016902","12","82.61618217908175","82.61618217908175","75","80","80","fixed","1","1","50","1569","4","50","21829926","v2.0-design-v1.0","3.4000000000000057","0.6","2.8000000000000056","98.47328244274809","true","5.874000000000003","5.274","50","96.6","6","500","966","966","0","0","0","0","0","475","387","6","22","60","0","28","0","5","5","1000","1997","3.994","71","5.154467240417044","0","43.7","3.592929292929293","10","95","750"
"695","BA","1000","2","0.1","50","0.1","0.5","1","legal","targeted","9.503722840016902","12","82.61618217908175","82.61618217908175","75","80","80","fixed","1","1","50","1569","5","50","21829927","v2.0-design-v1.0","3.799999999999997","0.2","3.599999999999997","99.46949602122017","true","6.0980000000000025","5.898000000000005","50","96.2","2","500","962","962","0","0","0","0","0","475","375","2","25","73","0","27","0","5","5","1000","1997","3.994","75","5.441467961274192","0","46.7","3.562626262626263","10","95","750"
"696","BA","1000","2","0.1","50","0.1","0.5","1","legal","targeted","9.503722840016902","12","82.61618217908175","82.61618217908175","75","80","80","fixed","1","1","50","1569","6","50","21829928","v2.0-design-v1.0","2.5","0.3","2.2","99.1869918699187","true","5.668000000000001","5.367999999999994","50","97.5","3","500","975","975","0","0","0","0","0","475","366","3","22","84","0","25","0","5","5","1000","1997","3.994","81","5.359168282922697","0","45.4","3.5757575757575757","10","95","750"
"697","BA","1000","2","0.1","50","0.1","0.5","1","legal","targeted","9.503722840016902","12","82.61618217908175","82.61618217908175","75","80","80","fixed","1","1","50","1569","7","50","21829929","v2.0-design-v1.0","2.6000000000000085","0.5","2.1000000000000085","98.63013698630137","true","5.993999999999999","5.493999999999999","50","97.39999999999999","5","500","974","974","0","0","0","0","0","475","360","5","28","82","0","33","0","5","5","1000","1997","3.994","61","5.07796708828933","0","42.3","3.607070707070707","10","95","750"
"698","BA","1000","2","0.1","50","0.1","0.5","1","legal","targeted","9.503722840016902","12","82.61618217908175","82.61618217908175","75","80","80","fixed","1","1","50","1569","8","50","21829930","v2.0-design-v1.0","2.9000000000000057","0.6","2.3000000000000056","98.47715736040608","true","5.826000000000001","5.226000000000002","50","97.1","6","500","971","971","0","0","0","0","0","475","388","6","21","60","0","27","0","5","5","1000","1997","3.994","71","5.324501320716732","0","45","3.5797979797979798","10","95","750"
"699","BA","1000","2","0.1","50","0.1","0.5","1","legal","targeted","9.503722840016902","12","82.61618217908175","82.61618217908175","75","80","80","fixed","1","1","50","1569","9","50","21829931","v2.0-design-v1.0","2.299999999999997","0.1","2.199999999999997","99.73045822102425","true","5.693999999999997","5.593999999999998","50","97.7","1","500","977","977","0","0","0","0","0","475","370","1","17","87","0","18","0","5","5","1000","1997","3.994","96","5.374090141116427","0","41.5","3.6151515151515152","10","95","750"
"700","BA","1000","2","0.1","50","0.1","0.5","1","legal","targeted","9.503722840016902","12","82.61618217908175","82.61618217908175","75","80","80","fixed","1","1","50","1569","10","50","21829932","v2.0-design-v1.0","3.299999999999997","0.5","2.799999999999997","98.66666666666667","true","5.831999999999999","5.331999999999999","50","96.7","5","500","967","967","0","0","0","0","0","475","370","5","21","79","0","26","0","5","5","1000","1997","3.994","95","5.218159943236039","0","42.5","3.605050505050505","10","95","750"
"701","BA","1000","2","0.1","50","0.1","0.5","1","legal","targeted","9.503722840016902","12","82.61618217908175","82.61618217908175","75","80","80","fixed","1","1","50","1569","11","50","21829933","v2.0-design-v1.0","3.4000000000000057","0.6","2.8000000000000056","98.36512261580381","true","5.428","4.828","50","96.6","6","500","966","966","0","0","0","0","0","475","361","6","16","92","0","22","0","5","5","1000","1997","3.994","83","5.514015630043888","0","44.5","3.584848484848485","10","95","750"
"702","BA","1000","2","0.1","50","0.1","0.5","1","legal","targeted","9.503722840016902","12","82.61618217908175","82.61618217908175","75","80","80","fixed","1","1","50","1569","12","50","21829934","v2.0-design-v1.0","3.1000000000000085","0.2","2.9000000000000083","99.46380697050938","true","6.044000000000002","5.8440000000000065","50","96.89999999999999","2","500","969","969","0","0","0","0","0","475","371","2","19","83","0","21","0","5","5","1000","1997","3.994","74","5.201059028218666","0","42.2","3.608080808080808","10","95","750"
"703","BA","1000","2","0.1","50","0.1","0.5","1","legal","targeted","9.503722840016902","12","82.61618217908175","82.61618217908175","75","80","80","fixed","1","1","50","1569","13","50","21829935","v2.0-design-v1.0","2.5","0.3","2.2","99.19786096256684","true","5.605999999999999","5.305999999999995","50","97.5","3","500","975","975","0","0","0","0","0","475","371","3","21","80","0","24","0","5","5","1000","1997","3.994","87","5.352439874731201","0","43.8","3.591919191919192","10","95","750"
"704","BA","1000","2","0.1","50","0.1","0.5","1","legal","targeted","9.503722840016902","12","82.61618217908175","82.61618217908175","75","80","80","fixed","1","1","50","1569","14","50","21829936","v2.0-design-v1.0","2.9000000000000057","0.1","2.8000000000000056","99.73262032085562","true","6.2639999999999985","6.163999999999995","50","97.1","1","500","971","971","0","0","0","0","0","475","373","1","20","81","0","21","0","5","5","1000","1997","3.994","100","5.474297391623132","0","45.3","3.576767676767677","10","95","750"
"705","BA","1000","2","0.1","50","0.1","0.5","1","legal","targeted","9.503722840016902","12","82.61618217908175","82.61618217908175","75","80","80","fixed","1","1","50","1569","15","50","21829937","v2.0-design-v1.0","2.1000000000000085","0.5","1.6000000000000085","98.71794871794873","true","5.626000000000004","5.126000000000001","50","97.89999999999999","5","500","979","979","0","0","0","0","0","475","385","5","19","66","0","24","0","5","5","1000","1997","3.994","57","4.954039413095782","0","42.1","3.609090909090909","10","95","750"
"706","BA","1000","2","0.1","50","0.1","0.5","1","legal","targeted","9.503722840016902","12","82.61618217908175","82.61618217908175","75","80","80","fixed","1","1","50","1569","16","50","21829938","v2.0-design-v1.0","2.4000000000000057","0.3","2.100000000000006","99.1869918699187","true","5.792000000000001","5.491999999999995","50","97.6","3","500","976","976","0","0","0","0","0","475","366","3","20","86","0","23","0","5","5","1000","1997","3.994","64","5.06533529212248","0","42.9","3.601010101010101","10","95","750"
"707","BA","1000","2","0.1","50","0.1","0.5","1","legal","targeted","9.503722840016902","12","82.61618217908175","82.61618217908175","75","80","80","fixed","1","1","50","1569","17","50","21829939","v2.0-design-v1.0","2.799999999999997","0.3","2.4999999999999973","99.21259842519686","true","5.755999999999998","5.455999999999996","50","97.2","3","500","972","972","0","0","0","0","0","475","378","3","20","74","0","23","0","5","5","1000","1997","3.994","89","5.094302299227624","0","41.5","3.6151515151515152","10","95","750"
"708","BA","1000","2","0.1","50","0.1","0.5","1","legal","targeted","9.503722840016902","12","82.61618217908175","82.61618217908175","75","80","80","fixed","1","1","50","1569","18","50","21829940","v2.0-design-v1.0","2.5","0.5","2","98.74686716791979","true","6.200000000000002","5.700000000000002","50","97.5","5","500","975","975","0","0","0","0","0","475","394","5","16","60","0","21","0","5","5","1000","1997","3.994","65","5.037592812181357","0","41.1","3.6191919191919193","10","95","750"
"709","BA","1000","2","0.1","50","0.1","0.5","1","legal","targeted","9.503722840016902","12","82.61618217908175","82.61618217908175","75","80","80","fixed","1","1","50","1569","19","50","21829941","v2.0-design-v1.0","3.299999999999997","0.3","2.9999999999999973","99.21671018276761","true","5.632000000000002","5.3319999999999945","50","96.7","3","500","967","967","0","0","0","0","0","475","380","3","26","66","0","29","0","5","5","1000","1997","3.994","68","5.073825746683429","0","41.5","3.6151515151515152","10","95","750"
"710","BA","1000","2","0.1","50","0.1","0.5","1","legal","targeted","9.503722840016902","12","82.61618217908175","82.61618217908175","75","80","80","fixed","1","1","50","1569","20","50","21829942","v2.0-design-v1.0","3.1000000000000085","0.4","2.7000000000000086","98.91598915989161","true","5.5299999999999985","5.129999999999999","50","96.89999999999999","4","500","969","969","0","0","0","0","0","475","365","4","16","90","0","20","0","5","5","1000","1997","3.994","98","5.518914967855756","0","46.9","3.5606060606060606","10","95","750"
"711","BA","1000","2","0.1","50","0.1","0.5","1","legal","targeted","9.503722840016902","12","82.61618217908175","82.61618217908175","75","80","80","fixed","1","1","50","1569","21","50","21829943","v2.0-design-v1.0","3.299999999999997","0.1","3.199999999999997","99.73753280839895","true","5.553999999999999","5.454","50","96.7","1","500","967","967","0","0","0","0","0","475","380","1","18","76","0","19","0","5","5","1000","1997","3.994","82","5.164168145271078","0","41.8","3.6121212121212123","10","95","750"
"712","BA","1000","2","0.1","50","0.1","0.5","1","legal","targeted","9.503722840016902","12","82.61618217908175","82.61618217908175","75","80","80","fixed","1","1","50","1569","22","50","21829944","v2.0-design-v1.0","3.1000000000000085","0.7000000000000001","2.4000000000000083","98.17232375979113","true","5.690000000000001","4.990000000000005","50","96.89999999999999","7","500","969","969","0","0","0","0","0","475","376","7","17","75","0","24","0","5","5","1000","1997","3.994","111","5.924953085811675","0","45.9","3.5707070707070705","10","95","750"
"713","BA","1000","2","0.1","50","0.1","0.5","1","legal","targeted","9.503722840016902","12","82.61618217908175","82.61618217908175","75","80","80","fixed","1","1","50","1569","23","50","21829945","v2.0-design-v1.0","2.6000000000000085","0.5","2.1000000000000085","98.69109947643979","true","5.660000000000002","5.160000000000002","50","97.39999999999999","5","500","974","974","0","0","0","0","0","475","377","5","17","76","0","22","0","5","5","1000","1997","3.994","63","5.162423327722604","0","41.8","3.6121212121212123","10","95","750"
"714","BA","1000","2","0.1","50","0.1","0.5","1","legal","targeted","9.503722840016902","12","82.61618217908175","82.61618217908175","75","80","80","fixed","1","1","50","1569","24","50","21829946","v2.0-design-v1.0","2.5","0.4","2.1","98.93617021276596","true","5.385999999999999","4.986","50","97.5","4","500","975","975","0","0","0","0","0","475","372","4","27","72","0","31","0","5","5","1000","1997","3.994","89","5.657558835042892","0","48.1","3.5484848484848484","10","95","750"
"715","BA","1000","2","0.1","50","0.1","0.5","1","legal","targeted","9.503722840016902","12","82.61618217908175","82.61618217908175","75","80","80","fixed","1","1","50","1569","25","50","21829947","v2.0-design-v1.0","2.799999999999997","0.3","2.4999999999999973","99.21465968586386","true","5.968","5.667999999999995","50","97.2","3","500","972","972","0","0","0","0","0","475","379","3","14","79","0","17","0","5","5","1000","1997","3.994","70","5.098819663604695","0","41.7","3.613131313131313","10","95","750"
"716","BA","1000","2","0.1","50","0.1","0.5","1","legal","targeted","9.503722840016902","12","82.61618217908175","82.61618217908175","75","80","80","fixed","1","1","50","1569","26","50","21829948","v2.0-design-v1.0","2.4000000000000057","0.5","1.9000000000000057","98.68421052631578","true","5.825999999999999","5.325999999999999","50","97.6","5","500","976","976","0","0","0","0","0","475","375","5","19","76","0","24","0","5","5","1000","1997","3.994","81","5.153107656406805","0","42.9","3.601010101010101","10","95","750"
"717","BA","1000","2","0.1","50","0.1","0.5","1","legal","targeted","9.503722840016902","12","82.61618217908175","82.61618217908175","75","80","80","fixed","1","1","50","1569","27","50","21829949","v2.0-design-v1.0","2.799999999999997","0.4","2.3999999999999972","98.93048128342245","true","5.866000000000001","5.466000000000005","50","97.2","4","500","972","972","0","0","0","0","0","475","370","4","21","80","0","25","0","5","5","1000","1997","3.994","77","5.041763915871439","0","41.3","3.617171717171717","10","95","750"
"718","BA","1000","2","0.1","50","0.1","0.5","1","legal","targeted","9.503722840016902","12","82.61618217908175","82.61618217908175","75","80","80","fixed","1","1","50","1569","28","50","21829950","v2.0-design-v1.0","2.9000000000000057","0.2","2.7000000000000055","99.46524064171123","true","5.372000000000001","5.172000000000006","50","97.1","2","500","971","971","0","0","0","0","0","475","372","2","22","79","0","24","0","5","5","1000","1997","3.994","74","5.317352559144277","0","46.1","3.5686868686868687","10","95","750"
"720","BA","1000","2","0.1","50","0.1","0.5","1","legal","targeted","9.503722840016902","12","82.61618217908175","82.61618217908175","75","80","80","fixed","1","1","50","1569","30","50","21829952","v2.0-design-v1.0","3.700000000000003","0.3","3.400000000000003","99.19137466307278","true","6.028000000000008","5.7280000000000015","50","96.3","3","500","963","963","0","0","0","0","0","475","368","3","19","85","0","22","0","5","5","1000","1997","3.994","98","5.263997879337869","0","41.5","3.6151515151515152","10","95","750"
"721","BA","1000","2","0.1","50","0.1","0.5","1","legal","targeted","30.8176530341062","13","91.78233910092763","91.78233910092763","75","80","80","fixed","1","1","50","1570","1","50","21830923","v2.0-design-v1.0","0.20000000000000284","1.3","-1.0999999999999972","98.73540856031128","true","11.782000000000005","10.481999999999996","50","99.8","13","500","998","998","0","0","0","0","0","1232","1015","13","103","101","0","116","0","4","4","1000","1997","3.994","57","4.949996612773219","0","41.5","3.6151515151515152","10","308","750"
"719","BA","1000","2","0.1","50","0.1","0.5","1","legal","targeted","9.503722840016902","12","82.61618217908175","82.61618217908175","75","80","80","fixed","1","1","50","1569","29","50","21829951","v2.0-design-v1.0","3.799999999999997","0.3","3.4999999999999973","99.19137466307278","true","6.031999999999999","5.731999999999997","50","96.2","3","500","962","962","0","0","0","0","0","475","368","3","22","82","0","25","0","5","5","1000","1997","3.994","110","5.955117750928834","0","51.4","3.515151515151515","10","95","750"
"722","BA","1000","2","0.1","50","0.1","0.5","1","legal","targeted","30.8176530341062","13","91.78233910092763","91.78233910092763","75","80","80","fixed","1","1","50","1570","2","50","21830924","v2.0-design-v1.0","0.20000000000000284","1.6","-1.3999999999999972","98.46005774783445","true","11.792","10.244000000000003","50","99.8","16","500","998","998","0","0","0","0","0","1232","1023","16","107","86","0","123","0","4","4","1000","1997","3.994","60","4.896932095092177","0","40.9","3.621212121212121","10","308","750"
"723","BA","1000","2","0.1","50","0.1","0.5","1","legal","targeted","30.8176530341062","13","91.78233910092763","91.78233910092763","75","80","80","fixed","1","1","50","1570","3","50","21830925","v2.0-design-v1.0","0.20000000000000284","1.2","-0.9999999999999971","98.80715705765407","true","11.312000000000001","10.112000000000005","50","99.8","12","500","998","998","0","0","0","0","0","1232","994","12","117","109","0","129","0","4","4","1000","1997","3.994","75","5.459099354817211","0","46.5","3.5646464646464646","10","308","750"
"724","BA","1000","2","0.1","50","0.1","0.5","1","legal","targeted","30.8176530341062","13","91.78233910092763","91.78233910092763","75","80","80","fixed","1","1","50","1570","4","50","21830926","v2.0-design-v1.0","0.29999999999999716","0.6","-0.3000000000000028","99.43127962085309","true","11.943999999999994","11.343999999999996","50","99.7","6","500","997","997","0","0","0","0","0","1232","1049","6","98","79","0","104","0","4","4","1000","1997","3.994","71","5.180424770306073","0","42.3","3.607070707070707","10","308","750"
"725","BA","1000","2","0.1","50","0.1","0.5","1","legal","targeted","30.8176530341062","13","91.78233910092763","91.78233910092763","75","80","80","fixed","1","1","50","1570","5","50","21830927","v2.0-design-v1.0","0.29999999999999716","1.2","-0.9000000000000028","98.86363636363636","true","12.489999999999998","11.341999999999999","50","99.7","12","500","997","997","0","0","0","0","0","1232","1044","12","93","83","0","105","0","4","4","1000","1997","3.994","64","4.867818778432448","0","39.6","3.6343434343434344","10","308","750"
"726","BA","1000","2","0.1","50","0.1","0.5","1","legal","targeted","30.8176530341062","13","91.78233910092763","91.78233910092763","75","80","80","fixed","1","1","50","1570","6","50","21830928","v2.0-design-v1.0","0.20000000000000284","0.8999999999999999","-0.6999999999999971","99.13294797687861","true","11.525999999999996","10.626000000000003","50","99.8","9","500","998","998","0","0","0","0","0","1232","1029","9","108","86","0","117","0","4","4","1000","1997","3.994","85","5.1268165803203996","0","41.7","3.613131313131313","10","308","750"
"727","BA","1000","2","0.1","50","0.1","0.5","1","legal","targeted","30.8176530341062","13","91.78233910092763","91.78233910092763","75","80","80","fixed","1","1","50","1570","7","50","21830929","v2.0-design-v1.0","0.5999999999999943","0.4","0.1999999999999943","99.61202715809894","true","11.875999999999998","11.475999999999999","50","99.4","4","500","994","994","0","0","0","0","0","1232","1027","4","104","97","0","108","0","4","4","1000","1997","3.994","79","5.389527902424383","0","46.3","3.566666666666667","10","308","750"
"728","BA","1000","2","0.1","50","0.1","0.5","1","legal","targeted","30.8176530341062","13","91.78233910092763","91.78233910092763","75","80","80","fixed","1","1","50","1570","8","50","21830930","v2.0-design-v1.0","0.29999999999999716","0.8","-0.5000000000000029","99.2248062015504","true","11.66","10.860000000000003","50","99.7","8","500","997","997","0","0","0","0","0","1232","1024","8","95","105","0","103","0","4","4","1000","1997","3.994","116","5.836954174399015","0","44.5","3.584848484848485","10","308","750"
"729","BA","1000","2","0.1","50","0.1","0.5","1","legal","targeted","30.8176530341062","13","91.78233910092763","91.78233910092763","75","80","80","fixed","1","1","50","1570","9","50","21830931","v2.0-design-v1.0","0.29999999999999716","0.7000000000000001","-0.4000000000000029","99.33649289099526","true","11.974","11.274000000000003","50","99.7","7","500","997","997","0","0","0","0","0","1232","1048","7","104","73","0","111","0","4","4","1000","1997","3.994","46","4.756741593842417","0","40.1","3.6292929292929292","10","308","750"
"730","BA","1000","2","0.1","50","0.1","0.5","1","legal","targeted","30.8176530341062","13","91.78233910092763","91.78233910092763","75","80","80","fixed","1","1","50","1570","10","50","21830932","v2.0-design-v1.0","0.20000000000000284","0.8999999999999999","-0.6999999999999971","99.1395793499044","true","11.388000000000003","10.487999999999994","50","99.8","9","500","998","998","0","0","0","0","0","1232","1037","9","102","84","0","111","0","4","4","1000","1997","3.994","146","6.144894118186573","0","44.9","3.580808080808081","10","308","750"
"731","BA","1000","2","0.1","50","0.1","0.5","1","legal","targeted","30.8176530341062","13","91.78233910092763","91.78233910092763","75","80","80","fixed","1","1","50","1570","11","50","21830933","v2.0-design-v1.0","0.09999999999999432","0.7000000000000001","-0.6000000000000058","99.32756964457252","true","11.663999999999998","10.964000000000004","50","99.9","7","500","999","999","0","0","0","0","0","1232","1034","7","101","90","0","108","0","4","4","1000","1997","3.994","98","5.378930832135396","0","43.3","3.596969696969697","10","308","750"
"732","BA","1000","2","0.1","50","0.1","0.5","1","legal","targeted","30.8176530341062","13","91.78233910092763","91.78233910092763","75","80","80","fixed","1","1","50","1570","12","50","21830934","v2.0-design-v1.0","0.5999999999999943","1","-0.4000000000000057","99.04030710172745","true","10.976","10.001999999999999","50","99.4","10","500","994","994","0","0","0","0","0","1232","1032","10","107","83","0","117","0","4","4","1000","1997","3.994","85","5.171528662659489","0","43.8","3.591919191919192","10","308","750"
"733","BA","1000","2","0.1","50","0.1","0.5","1","legal","targeted","30.8176530341062","13","91.78233910092763","91.78233910092763","75","80","80","fixed","1","1","50","1570","13","50","21830935","v2.0-design-v1.0","0.4000000000000057","1.2","-0.7999999999999943","98.82352941176471","true","11.51","10.310000000000004","50","99.6","12","500","996","996","0","0","0","0","0","1232","1008","12","117","95","0","129","0","4","4","1000","1997","3.994","71","5.173076910768355","0","45","3.5797979797979798","10","308","750"
"734","BA","1000","2","0.1","50","0.1","0.5","1","legal","targeted","30.8176530341062","13","91.78233910092763","91.78233910092763","75","80","80","fixed","1","1","50","1570","14","50","21830936","v2.0-design-v1.0","0.20000000000000284","0.8999999999999999","-0.6999999999999971","99.1304347826087","true","11.382000000000003","10.507999999999997","50","99.8","9","500","998","998","0","0","0","0","0","1232","1026","9","101","96","0","110","0","4","4","1000","1997","3.994","92","5.358234287027262","0","39.8","3.632323232323232","10","308","750"
"735","BA","1000","2","0.1","50","0.1","0.5","1","legal","targeted","30.8176530341062","13","91.78233910092763","91.78233910092763","75","80","80","fixed","1","1","50","1570","15","50","21830937","v2.0-design-v1.0","0.20000000000000284","0.4","-0.19999999999999718","99.60861056751467","true","12.25","11.850000000000001","50","99.8","4","500","998","998","0","0","0","0","0","1232","1018","4","116","94","0","120","0","4","4","1000","1997","3.994","91","5.456348205140102","0","46.3","3.566666666666667","10","308","750"
"737","BA","1000","2","0.1","50","0.1","0.5","1","legal","targeted","30.8176530341062","13","91.78233910092763","91.78233910092763","75","80","80","fixed","1","1","50","1570","17","50","21830939","v2.0-design-v1.0","0.4000000000000057","1.0999999999999999","-0.6999999999999942","98.93924783027965","true","12.053999999999997","10.953999999999997","50","99.6","11","500","996","996","0","0","0","0","0","1232","1026","11","97","98","0","108","0","4","4","1000","1997","3.994","63","4.823819361588197","0","40.6","3.624242424242424","10","308","750"
"736","BA","1000","2","0.1","50","0.1","0.5","1","legal","targeted","30.8176530341062","13","91.78233910092763","91.78233910092763","75","80","80","fixed","1","1","50","1570","16","50","21830938","v2.0-design-v1.0","0.20000000000000284","0.6","-0.39999999999999714","99.40769990128332","true","11.979999999999995","11.38","50","99.8","6","500","998","998","0","0","0","0","0","1232","1007","6","120","99","0","126","0","4","4","1000","1997","3.994","55","4.62009840905031","0","36.6","3.6646464646464647","10","308","750"
"739","BA","1000","2","0.1","50","0.1","0.5","1","legal","targeted","30.8176530341062","13","91.78233910092763","91.78233910092763","75","80","80","fixed","1","1","50","1570","19","50","21830941","v2.0-design-v1.0","0.20000000000000284","0.7000000000000001","-0.4999999999999972","99.32885906040269","true","11.611999999999998","10.912000000000003","50","99.8","7","500","998","998","0","0","0","0","0","1232","1036","7","103","86","0","110","0","4","4","1000","1997","3.994","72","5.354870552930157","0","48.2","3.5474747474747477","10","308","750"
"738","BA","1000","2","0.1","50","0.1","0.5","1","legal","targeted","30.8176530341062","13","91.78233910092763","91.78233910092763","75","80","80","fixed","1","1","50","1570","18","50","21830940","v2.0-design-v1.0","0.09999999999999432","1.0999999999999999","-1.0000000000000056","98.92262487757101","true","11.956","10.855999999999996","50","99.9","11","500","999","999","0","0","0","0","0","1232","1010","11","109","102","0","120","0","4","4","1000","1997","3.994","71","4.963325356915313","0","41.5","3.6151515151515152","10","308","750"
"740","BA","1000","2","0.1","50","0.1","0.5","1","legal","targeted","30.8176530341062","13","91.78233910092763","91.78233910092763","75","80","80","fixed","1","1","50","1570","20","50","21830942","v2.0-design-v1.0","0.5999999999999943","1.2","-0.6000000000000056","98.85167464114832","true","11.496000000000008","10.322000000000001","50","99.4","12","500","994","994","0","0","0","0","0","1232","1033","12","85","102","0","97","0","4","4","1000","1997","3.994","82","5.08289285739919","0","42.1","3.609090909090909","10","308","750"
"741","BA","1000","2","0.1","50","0.1","0.5","1","legal","targeted","30.8176530341062","13","91.78233910092763","91.78233910092763","75","80","80","fixed","1","1","50","1570","21","50","21830943","v2.0-design-v1.0","0.5","1","-0.5","99.03567984570878","true","11.35","10.376000000000003","50","99.5","10","500","995","995","0","0","0","0","0","1232","1027","10","103","92","0","113","0","4","4","1000","1997","3.994","80","5.066520860870259","0","40.9","3.621212121212121","10","308","750"
"743","BA","1000","2","0.1","50","0.1","0.5","1","legal","targeted","30.8176530341062","13","91.78233910092763","91.78233910092763","75","80","80","fixed","1","1","50","1570","23","50","21830945","v2.0-design-v1.0","0.29999999999999716","0.4","-0.10000000000000286","99.61832061068702","true","11.972000000000001","11.572000000000008","50","99.7","4","500","997","997","0","0","0","0","0","1232","1044","4","95","89","0","99","0","4","4","1000","1997","3.994","74","5.318858360048156","0","45","3.5797979797979798","10","308","750"
"742","BA","1000","2","0.1","50","0.1","0.5","1","legal","targeted","30.8176530341062","13","91.78233910092763","91.78233910092763","75","80","80","fixed","1","1","50","1570","22","50","21830944","v2.0-design-v1.0","0.4000000000000057","0.8999999999999999","-0.4999999999999942","99.10625620655412","true","11.216","10.316","50","99.6","9","500","996","996","0","0","0","0","0","1232","998","9","100","125","0","109","0","4","4","1000","1997","3.994","92","5.726321223504198","0","48.6","3.5434343434343436","10","308","750"
"744","BA","1000","2","0.1","50","0.1","0.5","1","legal","targeted","30.8176530341062","13","91.78233910092763","91.78233910092763","75","80","80","fixed","1","1","50","1570","24","50","21830946","v2.0-design-v1.0","0.09999999999999432","0.8","-0.7000000000000057","99.23150816522575","true","11.248000000000001","10.447999999999997","50","99.9","8","500","999","999","0","0","0","0","0","1232","1033","8","99","92","0","107","0","4","4","1000","1997","3.994","75","5.239982960031582","0","45.3","3.576767676767677","10","308","750"
"745","BA","1000","2","0.1","50","0.1","0.5","1","legal","targeted","30.8176530341062","13","91.78233910092763","91.78233910092763","75","80","80","fixed","1","1","50","1570","25","50","21830947","v2.0-design-v1.0","0","0.8","-0.8","99.23591212989494","true","11.452","10.652000000000001","50","100","8","500","1000","1000","0","0","0","0","0","1232","1039","8","102","83","0","110","0","4","4","1000","1997","3.994","74","4.922010787289083","0","40.5","3.625252525252525","10","308","750"
"746","BA","1000","2","0.1","50","0.1","0.5","1","legal","targeted","30.8176530341062","13","91.78233910092763","91.78233910092763","75","80","80","fixed","1","1","50","1570","26","50","21830948","v2.0-design-v1.0","0.29999999999999716","0.6","-0.3000000000000028","99.42307692307692","true","11.269999999999998","10.670000000000002","50","99.7","6","500","997","997","0","0","0","0","0","1232","1034","6","97","95","0","103","0","4","4","1000","1997","3.994","110","6.522461690689093","0","55.8","3.470707070707071","10","308","750"
"747","BA","1000","2","0.1","50","0.1","0.5","1","legal","targeted","30.8176530341062","13","91.78233910092763","91.78233910092763","75","80","80","fixed","1","1","50","1570","27","50","21830949","v2.0-design-v1.0","0.5999999999999943","0.8","-0.20000000000000573","99.23664122137404","true","12.004000000000001","11.203999999999994","50","99.4","8","500","994","994","0","0","0","0","0","1232","1040","8","101","83","0","109","0","4","4","1000","1997","3.994","83","5.352439874731197","0","45.4","3.5757575757575757","10","308","750"
"748","BA","1000","2","0.1","50","0.1","0.5","1","legal","targeted","30.8176530341062","13","91.78233910092763","91.78233910092763","75","80","80","fixed","1","1","50","1570","28","50","21830950","v2.0-design-v1.0","0.7000000000000028","0.5","0.20000000000000284","99.52244508118434","true","11.724","11.223999999999998","50","99.3","5","500","993","993","0","0","0","0","0","1232","1042","5","95","90","0","100","0","4","4","1000","1997","3.994","83","5.302082239656036","0","44.4","3.585858585858586","10","308","750"
"749","BA","1000","2","0.1","50","0.1","0.5","1","legal","targeted","30.8176530341062","13","91.78233910092763","91.78233910092763","75","80","80","fixed","1","1","50","1570","29","50","21830951","v2.0-design-v1.0","0.29999999999999716","0.8999999999999999","-0.6000000000000028","99.14204003813155","true","11.561999999999996","10.714000000000004","50","99.7","9","500","997","997","0","0","0","0","0","1232","1040","9","89","94","0","98","0","4","4","1000","1997","3.994","64","5.072641885220715","0","42.5","3.605050505050505","10","308","750"
"751","BA","1000","2","0.1","50","0.1","0.5","1","legal","targeted","71.93389263786696","2","87.96989916734624","87.96989916734624","75","80","80","fixed","1","1","50","1571","1","50","21831923","v2.0-design-v1.0","99.7","82.1","17.60000000000001","38.18681318681318","true","96.39799999999997","42.53","50","0.3","821","500","3","3","0","0","0","0","0","17975","1251","2025","14513","186","0","16538","0","25","25","1000","1997","3.994","75","5.095088215519317","0","40.6","3.624242424242424","10","719","750"
"750","BA","1000","2","0.1","50","0.1","0.5","1","legal","targeted","30.8176530341062","13","91.78233910092763","91.78233910092763","75","80","80","fixed","1","1","50","1570","30","50","21830952","v2.0-design-v1.0","0.20000000000000284","0.8999999999999999","-0.6999999999999971","99.15254237288136","true","11.401999999999997","10.554","50","99.8","9","500","998","998","0","0","0","0","0","1232","1053","9","88","82","0","97","0","4","4","1000","1997","3.994","87","5.581856422474609","0","48.3","3.5464646464646465","10","308","750"
"752","BA","1000","2","0.1","50","0.1","0.5","1","legal","targeted","71.93389263786696","2","87.96989916734624","87.96989916734624","75","80","80","fixed","1","1","50","1571","2","50","21831924","v2.0-design-v1.0","100","83.6","16.400000000000006","35","true","96.81200000000001","42.704000000000015","50","0","836","500","0","0","0","0","0","0","0","17975","1099","2041","14682","153","0","16723","0","25","25","1000","1997","3.994","62","4.87110785055018","0","40","3.6303030303030304","10","719","750"
"753","BA","1000","2","0.1","50","0.1","0.5","1","legal","targeted","71.93389263786696","2","87.96989916734624","87.96989916734624","75","80","80","fixed","1","1","50","1571","3","50","21831925","v2.0-design-v1.0","96.6","80.80000000000001","15.799999999999983","42.727005583308845","true","95.60800000000005","42.40800000000002","50","3.4000000000000004","808","500","34","34","0","0","0","0","0","17975","1454","1949","14363","209","0","16312","0","25","25","1000","1997","3.994","73","4.98244807186073","0","42.4","3.606060606060606","10","719","750"
"754","BA","1000","2","0.1","50","0.1","0.5","1","legal","targeted","71.93389263786696","2","87.96989916734624","87.96989916734624","75","80","80","fixed","1","1","50","1571","4","50","21831926","v2.0-design-v1.0","98.5","81.69999999999999","16.80000000000001","43.56060606060606","true","95.65600000000002","41.82000000000002","50","1.5","817","500","15","15","0","0","0","0","0","17975","1495","1937","14330","213","0","16267","0","25","25","1000","1997","3.994","76","5.1585438424592756","0","42.8","3.602020202020202","10","719","750"
"755","BA","1000","2","0.1","50","0.1","0.5","1","legal","targeted","71.93389263786696","2","87.96989916734624","87.96989916734624","75","80","80","fixed","1","1","50","1571","5","50","21831927","v2.0-design-v1.0","99.2","81.8","17.400000000000006","45.24010109519798","true","95.20799999999997","42.02000000000001","50","0.8","818","500","8","8","0","0","0","0","0","17975","1611","1950","14194","220","0","16144","0","25","25","1000","1997","3.994","75","5.285252869815957","0","44.4","3.585858585858586","10","719","750"
"756","BA","1000","2","0.1","50","0.1","0.5","1","legal","targeted","71.93389263786696","2","87.96989916734624","87.96989916734624","75","80","80","fixed","1","1","50","1571","6","50","21831928","v2.0-design-v1.0","99.9","81.6","18.30000000000001","38.92215568862276","true","96.59199999999996","43.968","50","0.1","816","500","1","1","0","0","0","0","0","17975","1235","1938","14637","165","0","16575","0","25","25","1000","1997","3.994","86","4.999896295220823","0","39.4","3.6363636363636362","10","719","750"
"757","BA","1000","2","0.1","50","0.1","0.5","1","legal","targeted","71.93389263786696","2","87.96989916734624","87.96989916734624","75","80","80","fixed","1","1","50","1571","7","50","21831929","v2.0-design-v1.0","98.6","80.80000000000001","17.799999999999983","48.177366702937974","true","94.94000000000004","43.952000000000005","50","1.4000000000000001","808","500","14","14","0","0","0","0","0","17975","1771","1905","14051","248","0","15956","0","25","25","1000","1997","3.994","89","5.684212722468623","0","47.7","3.5525252525252524","10","719","750"
"758","BA","1000","2","0.1","50","0.1","0.5","1","legal","targeted","71.93389263786696","2","87.96989916734624","87.96989916734624","75","80","80","fixed","1","1","50","1571","8","50","21831930","v2.0-design-v1.0","100","81.6","18.400000000000006","40.982142857142854","true","96.24599999999998","43.73","50","0","816","500","0","0","0","0","0","0","0","17975","1377","1983","14433","182","0","16416","0","25","25","1000","1997","3.994","92","5.383767170759604","0","45.9","3.5707070707070705","10","719","750"
"759","BA","1000","2","0.1","50","0.1","0.5","1","legal","targeted","71.93389263786696","2","87.96989916734624","87.96989916734624","75","80","80","fixed","1","1","50","1571","9","50","21831931","v2.0-design-v1.0","100","83.8","16.200000000000003","35.38156590683845","true","96.944","42.575999999999986","50","0","838","500","0","0","0","0","0","0","0","17975","1071","1956","14810","138","0","16766","0","25","25","1000","1997","3.994","115","5.821671225331771","0","47.3","3.5565656565656565","10","719","750"
"760","BA","1000","2","0.1","50","0.1","0.5","1","legal","targeted","71.93389263786696","2","87.96989916734624","87.96989916734624","75","80","80","fixed","1","1","50","1571","10","50","21831932","v2.0-design-v1.0","98.9","81.3","17.60000000000001","40.68554396423249","true","96.124","43.495999999999995","50","1.0999999999999999","813","500","11","11","0","0","0","0","0","17975","1365","1990","14430","190","0","16420","0","25","25","1000","1997","3.994","95","5.500747423961776","0","45.3","3.576767676767677","10","719","750"
"761","BA","1000","2","0.1","50","0.1","0.5","1","legal","targeted","71.93389263786696","2","87.96989916734624","87.96989916734624","75","80","80","fixed","1","1","50","1571","11","50","21831933","v2.0-design-v1.0","100","84.39999999999999","15.600000000000009","39.899139721150995","true","95.91600000000003","41.424","50","0","844","500","0","0","0","0","0","0","0","17975","1345","2026","14422","182","0","16448","0","25","25","1000","1997","3.994","123","5.9864682244042795","0","48.4","3.5454545454545454","10","719","750"
"762","BA","1000","2","0.1","50","0.1","0.5","1","legal","targeted","71.93389263786696","2","87.96989916734624","87.96989916734624","75","80","80","fixed","1","1","50","1571","12","50","21831934","v2.0-design-v1.0","99.3","81","18.299999999999997","43.110981648703756","true","95.80399999999997","44.06400000000001","50","0.7000000000000001","810","500","7","7","0","0","0","0","0","17975","1480","1953","14338","204","0","16291","0","25","25","1000","1997","3.994","96","5.624909208476483","0","48.3","3.5464646464646465","10","719","750"
"763","BA","1000","2","0.1","50","0.1","0.5","1","legal","targeted","71.93389263786696","2","87.96989916734624","87.96989916734624","75","80","80","fixed","1","1","50","1571","13","50","21831935","v2.0-design-v1.0","100","81.10000000000001","18.89999999999999","37.84213876511776","true","96.498","44.04600000000001","50","0","811","500","0","0","0","0","0","0","0","17975","1189","1953","14697","136","0","16650","0","25","25","1000","1997","3.994","89","5.521997506016856","0","46.1","3.5686868686868687","10","719","750"
"764","BA","1000","2","0.1","50","0.1","0.5","1","legal","targeted","71.93389263786696","2","87.96989916734624","87.96989916734624","75","80","80","fixed","1","1","50","1571","14","50","21831936","v2.0-design-v1.0","99.5","82.8","16.700000000000003","37.14827695226051","true","96.84400000000001","43.38800000000001","50","0.5","828","500","5","5","0","0","0","0","0","17975","1175","1988","14668","144","0","16656","0","25","25","1000","1997","3.994","60","5.04077110900438","0","43.2","3.597979797979798","10","719","750"
"765","BA","1000","2","0.1","50","0.1","0.5","1","legal","targeted","71.93389263786696","2","87.96989916734624","87.96989916734624","75","80","80","fixed","1","1","50","1571","15","50","21831937","v2.0-design-v1.0","99.8","81.39999999999999","18.400000000000006","39.93044577932343","true","96.22000000000001","43.168","50","0.2","814","500","2","2","0","0","0","0","0","17975","1263","1900","14647","165","0","16547","0","25","25","1000","1997","3.994","89","5.122714730121728","0","44.1","3.588888888888889","10","719","750"
"766","BA","1000","2","0.1","50","0.1","0.5","1","legal","targeted","71.93389263786696","2","87.96989916734624","87.96989916734624","75","80","80","fixed","1","1","50","1571","16","50","21831938","v2.0-design-v1.0","99.9","80.30000000000001","19.599999999999994","42.874039030159665","true","95.47399999999999","44.58599999999999","50","0.1","803","500","1","1","0","0","0","0","0","17975","1450","1932","14382","211","0","16314","0","25","25","1000","1997","3.994","86","5.35580513542535","0","43.5","3.594949494949495","10","719","750"
"767","BA","1000","2","0.1","50","0.1","0.5","1","legal","targeted","71.93389263786696","2","87.96989916734624","87.96989916734624","75","80","80","fixed","1","1","50","1571","17","50","21831939","v2.0-design-v1.0","99.6","83.7","15.899999999999991","42.491369390103564","true","95.85000000000002","42.825999999999986","50","0.4","837","500","4","4","0","0","0","0","0","17975","1477","1999","14293","206","0","16292","0","25","25","1000","1997","3.994","81","5.643563928389021","0","48.5","3.5444444444444443","10","719","750"
"769","BA","1000","2","0.1","50","0.1","0.5","1","legal","targeted","71.93389263786696","2","87.96989916734624","87.96989916734624","75","80","80","fixed","1","1","50","1571","19","50","21831941","v2.0-design-v1.0","100","84.3","15.700000000000003","37.8328173374613","true","96.486","41.553999999999995","50","0","843","500","0","0","0","0","0","0","0","17975","1222","2008","14580","165","0","16588","0","25","25","1000","1997","3.994","100","5.4235946916578595","0","42.6","3.604040404040404","10","719","750"
"768","BA","1000","2","0.1","50","0.1","0.5","1","legal","targeted","71.93389263786696","2","87.96989916734624","87.96989916734624","75","80","80","fixed","1","1","50","1571","18","50","21831940","v2.0-design-v1.0","99.1","83.2","15.899999999999991","43.7300897770055","true","95.88400000000001","42.73600000000001","50","0.8999999999999999","832","500","9","9","0","0","0","0","0","17975","1510","1943","14331","191","0","16274","0","25","25","1000","1997","3.994","66","4.977020668505871","0","41.8","3.6121212121212123","10","719","750"
"771","BA","1000","2","0.1","50","0.1","0.5","1","legal","targeted","71.93389263786696","2","87.96989916734624","87.96989916734624","75","80","80","fixed","1","1","50","1571","21","50","21831943","v2.0-design-v1.0","100","83","17","40.37172455819622","true","96.12599999999999","43.802000000000014","50","0","830","500","0","0","0","0","0","0","0","17975","1325","1957","14529","164","0","16486","0","25","25","1000","1997","3.994","63","5.141439331393332","0","43.6","3.5939393939393938","10","719","750"
"770","BA","1000","2","0.1","50","0.1","0.5","1","legal","targeted","71.93389263786696","2","87.96989916734624","87.96989916734624","75","80","80","fixed","1","1","50","1571","20","50","21831942","v2.0-design-v1.0","99.5","82.8","16.700000000000003","44.126631491252425","true","95.41","40.89400000000001","50","0.5","828","500","5","5","0","0","0","0","0","17975","1589","2012","14167","207","0","16179","0","25","25","1000","1997","3.994","80","5.10960586269352","0","44.2","3.587878787878788","10","719","750"
"772","BA","1000","2","0.1","50","0.1","0.5","1","legal","targeted","71.93389263786696","2","87.96989916734624","87.96989916734624","75","80","80","fixed","1","1","50","1571","22","50","21831944","v2.0-design-v1.0","99.4","82.8","16.60000000000001","40.05408653846153","true","96.15599999999999","41.571999999999996","50","0.6","828","500","6","6","0","0","0","0","0","17975","1333","1995","14469","178","0","16464","0","25","25","1000","1997","3.994","65","5.081120130619004","0","43.8","3.591919191919192","10","719","750"
"773","BA","1000","2","0.1","50","0.1","0.5","1","legal","targeted","71.93389263786696","2","87.96989916734624","87.96989916734624","75","80","80","fixed","1","1","50","1571","23","50","21831945","v2.0-design-v1.0","99.6","86.1","13.5","34.71387922858046","true","96.83800000000002","41.273999999999994","50","0.4","861","500","4","4","0","0","0","0","0","17975","1098","2065","14672","140","0","16737","0","25","25","1000","1997","3.994","56","4.749792050661215","0","39.2","3.6383838383838385","10","719","750"
"774","BA","1000","2","0.1","50","0.1","0.5","1","legal","targeted","71.93389263786696","2","87.96989916734624","87.96989916734624","75","80","80","fixed","1","1","50","1571","24","50","21831946","v2.0-design-v1.0","100","82.6","17.400000000000006","39.879336349924586","true","96.47000000000004","42.76200000000001","50","0","826","500","0","0","0","0","0","0","0","17975","1322","1993","14508","152","0","16501","0","25","25","1000","1997","3.994","100","5.4434911220278","0","45","3.5797979797979798","10","719","750"
"775","BA","1000","2","0.1","50","0.1","0.5","1","legal","targeted","71.93389263786696","2","87.96989916734624","87.96989916734624","75","80","80","fixed","1","1","50","1571","25","50","21831947","v2.0-design-v1.0","99","83.7","15.299999999999997","40.006047777441786","true","96.292","41.343999999999994","50","1","837","500","10","10","0","0","0","0","0","17975","1323","1984","14464","204","0","16448","0","25","25","1000","1997","3.994","62","5.436682952087736","0","47.7","3.5525252525252524","10","719","750"
"776","BA","1000","2","0.1","50","0.1","0.5","1","legal","targeted","71.93389263786696","2","87.96989916734624","87.96989916734624","75","80","80","fixed","1","1","50","1571","26","50","21831948","v2.0-design-v1.0","97.5","81.39999999999999","16.10000000000001","46.80910879955018","true","95.05400000000002","42.006","50","2.5","814","500","25","25","0","0","0","0","0","17975","1665","1892","14203","215","0","16095","0","25","25","1000","1997","3.994","85","5.331077225513086","0","45.8","3.5717171717171716","10","719","750"
"778","BA","1000","2","0.1","50","0.1","0.5","1","legal","targeted","71.93389263786696","2","87.96989916734624","87.96989916734624","75","80","80","fixed","1","1","50","1571","28","50","21831950","v2.0-design-v1.0","99.6","80.60000000000001","18.999999999999986","45.390470820411615","true","95.18999999999998","41.81399999999999","50","0.4","806","500","4","4","0","0","0","0","0","17975","1610","1937","14202","226","0","16139","0","25","25","1000","1997","3.994","78","5.427838006557058","0","46.8","3.5616161616161617","10","719","750"
"777","BA","1000","2","0.1","50","0.1","0.5","1","legal","targeted","71.93389263786696","2","87.96989916734624","87.96989916734624","75","80","80","fixed","1","1","50","1571","27","50","21831949","v2.0-design-v1.0","100","84.39999999999999","15.600000000000009","37.94303797468355","true","96.59200000000001","42.687999999999995","50","0","844","500","0","0","0","0","0","0","0","17975","1199","1961","14657","158","0","16618","0","25","25","1000","1997","3.994","81","5.836782678156871","0","49.3","3.536363636363636","10","719","750"
"779","BA","1000","2","0.1","50","0.1","0.5","1","legal","targeted","71.93389263786696","2","87.96989916734624","87.96989916734624","75","80","80","fixed","1","1","50","1571","29","50","21831951","v2.0-design-v1.0","100","80.5","19.5","39.23076923076923","true","96.32200000000003","43.778","50","0","805","500","0","0","0","0","0","0","0","17975","1275","1975","14552","173","0","16527","0","25","25","1000","1997","3.994","77","5.029439258929286","0","42.2","3.608080808080808","10","719","750"
"780","BA","1000","2","0.1","50","0.1","0.5","1","legal","targeted","71.93389263786696","2","87.96989916734624","87.96989916734624","75","80","80","fixed","1","1","50","1571","30","50","21831952","v2.0-design-v1.0","95.4","82.1","13.300000000000011","42.52906976744186","true","95.90599999999996","42.358000000000004","50","4.6","821","500","46","46","0","0","0","0","0","17975","1463","1977","14318","217","0","16295","0","25","25","1000","1997","3.994","75","5.298682858979199","0","46","3.56969696969697","10","719","750"
"781","BA","1000","2","0.1","50","0.1","0.5","1","legal","targeted","29.910484594135006","7","89.30702457302311","89.30702457302311","75","80","80","fixed","1","1","50","1572","1","50","21832923","v2.0-design-v1.0","26.400000000000006","2","24.400000000000006","98.98989898989899","true","16.126","14.658000000000001","50","73.6","20","500","736","988","299","252","1","7","39","2392","1960","20","155","257","8","175","29.9","8","8","1000","1997","3.994","64","4.8934558248654705","0","41.2","3.618181818181818","10","299","750"
"782","BA","1000","2","0.1","50","0.1","0.5","1","legal","targeted","29.910484594135006","7","89.30702457302311","89.30702457302311","75","80","80","fixed","1","1","50","1572","2","50","21832924","v2.0-design-v1.0","27.900000000000006","1.9","26.000000000000007","99.03307888040712","true","16.188","14.707999999999993","50","72.1","19","500","721","991","299","270","0","7","22","2392","1946","19","177","250","7","196","29.9","8","8","1000","1997","3.994","89","5.531596746199279","0","47.6","3.5535353535353535","10","299","750"
"783","BA","1000","2","0.1","50","0.1","0.5","1","legal","targeted","29.910484594135006","7","89.30702457302311","89.30702457302311","75","80","80","fixed","1","1","50","1572","3","50","21832925","v2.0-design-v1.0","27.200000000000003","1.6","25.6","99.18657854600916","true","15.58","14.329999999999998","50","72.8","16","500","728","991","299","263","1","7","28","2392","1951","16","182","243","8","198","29.9","8","8","1000","1997","3.994","58","4.951007622340768","0","42.3","3.607070707070707","10","299","750"
"784","BA","1000","2","0.1","50","0.1","0.5","1","legal","targeted","29.910484594135006","7","89.30702457302311","89.30702457302311","75","80","80","fixed","1","1","50","1572","4","50","21832926","v2.0-design-v1.0","25.700000000000003","2","23.700000000000003","98.98785425101214","true","16.5","15.003999999999996","50","74.3","20","500","743","991","299","248","2","7","42","2392","1956","20","191","225","9","211","29.9","8","8","1000","1997","3.994","89","5.434104663465123","0","45","3.5797979797979798","10","299","750"
"785","BA","1000","2","0.1","50","0.1","0.5","1","legal","targeted","29.910484594135006","7","89.30702457302311","89.30702457302311","75","80","80","fixed","1","1","50","1572","5","50","21832927","v2.0-design-v1.0","27.10000000000001","2.3","24.800000000000008","98.84827240861291","true","15.942000000000007","13.936","50","72.89999999999999","23","500","729","993","299","264","0","7","28","2392","1974","23","170","225","7","193","29.9","8","8","1000","1997","3.994","83","5.296415393076333","0","44","3.5898989898989897","10","299","750"
"786","BA","1000","2","0.1","50","0.1","0.5","1","legal","targeted","29.910484594135006","7","89.30702457302311","89.30702457302311","75","80","80","fixed","1","1","50","1572","6","50","21832928","v2.0-design-v1.0","27.10000000000001","1.7000000000000002","25.40000000000001","99.15548931942375","true","16.150000000000006","14.995999999999999","50","72.89999999999999","17","500","729","989","299","260","2","5","32","2392","1996","17","162","217","7","179","29.9","8","8","1000","1997","3.994","96","5.353000898432443","0","44.3","3.5868686868686868","10","299","750"
"787","BA","1000","2","0.1","50","0.1","0.5","1","legal","targeted","29.910484594135006","7","89.30702457302311","89.30702457302311","75","80","80","fixed","1","1","50","1572","7","50","21832929","v2.0-design-v1.0","26.5","2.3","24.2","98.78849066128218","true","15.813999999999997","14.087999999999997","50","73.5","23","500","735","985","299","250","4","11","34","2392","1957","24","171","240","15","195","29.9","8","8","1000","1997","3.994","104","6.008666080592965","0","50","3.529292929292929","10","299","750"
"788","BA","1000","2","0.1","50","0.1","0.5","1","legal","targeted","29.910484594135006","7","89.30702457302311","89.30702457302311","75","80","80","fixed","1","1","50","1572","8","50","21832930","v2.0-design-v1.0","28.10000000000001","1.5","26.60000000000001","99.24774322968906","true","16.322","14.962000000000003","50","71.89999999999999","15","500","719","984","299","265","1","11","22","2392","1979","15","188","210","12","203","29.9","8","8","1000","1997","3.994","105","5.561915038806225","0","42.9","3.601010101010101","10","299","750"
"789","BA","1000","2","0.1","50","0.1","0.5","1","legal","targeted","29.910484594135006","7","89.30702457302311","89.30702457302311","75","80","80","fixed","1","1","50","1572","9","50","21832931","v2.0-design-v1.0","26.5","1.7999999999999998","24.7","99.04474610356964","true","15.982000000000003","14.518000000000004","50","73.5","18","500","735","993","299","258","0","6","35","2392","1970","19","158","245","6","177","29.9","8","8","1000","1997","3.994","95","4.955453614001491","0","38.9","3.6414141414141414","10","299","750"
"790","BA","1000","2","0.1","50","0.1","0.5","1","legal","targeted","29.910484594135006","7","89.30702457302311","89.30702457302311","75","80","80","fixed","1","1","50","1572","10","50","21832932","v2.0-design-v1.0","27.10000000000001","1.6","25.500000000000007","99.20199501246883","true","15.972000000000007","14.750000000000007","50","72.89999999999999","16","500","729","988","299","259","2","10","28","2392","1989","16","167","220","12","183","29.9","8","8","1000","1997","3.994","71","5.095874010602291","0","41.6","3.614141414141414","10","299","750"
"791","BA","1000","2","0.1","50","0.1","0.5","1","legal","targeted","29.910484594135006","7","89.30702457302311","89.30702457302311","75","80","80","fixed","1","1","50","1572","11","50","21832933","v2.0-design-v1.0","27.299999999999997","2.4","24.9","98.77551020408163","true","16.461999999999993","14.719999999999997","50","72.7","24","500","727","985","299","258","1","13","27","2392","1936","24","177","255","14","201","29.9","8","8","1000","1997","3.994","85","5.042955026112694","0","40","3.6303030303030304","10","299","750"
"792","BA","1000","2","0.1","50","0.1","0.5","1","legal","targeted","29.910484594135006","7","89.30702457302311","89.30702457302311","75","80","80","fixed","1","1","50","1572","12","50","21832934","v2.0-design-v1.0","26.799999999999997","1.7999999999999998","24.999999999999996","99.0886075949367","true","16.284","14.959999999999997","50","73.2","18","500","732","988","299","256","2","7","34","2392","1957","18","180","237","9","198","29.9","8","8","1000","1997","3.994","89","5.661803601328815","0","47.5","3.5545454545454547","10","299","750"
"793","BA","1000","2","0.1","50","0.1","0.5","1","legal","targeted","29.910484594135006","7","89.30702457302311","89.30702457302311","75","80","80","fixed","1","1","50","1572","13","50","21832935","v2.0-design-v1.0","26.900000000000006","2.5","24.400000000000006","98.73991935483872","true","15.616000000000003","13.550000000000004","50","73.1","25","500","731","994","299","263","0","5","31","2392","1959","25","165","243","5","190","29.9","8","8","1000","1997","3.994","90","5.402328123054823","0","44.5","3.584848484848485","10","299","750"
"794","BA","1000","2","0.1","50","0.1","0.5","1","legal","targeted","29.910484594135006","7","89.30702457302311","89.30702457302311","75","80","80","fixed","1","1","50","1572","14","50","21832936","v2.0-design-v1.0","26.799999999999997","2.1","24.699999999999996","98.95418326693228","true","16.811999999999994","15.342","50","73.2","21","500","732","988","299","256","4","8","31","2392","1987","21","173","211","12","194","29.9","8","8","1000","1997","3.994","103","5.7521344778309","0","45.5","3.5747474747474746","10","299","750"
"795","BA","1000","2","0.1","50","0.1","0.5","1","legal","targeted","29.910484594135006","7","89.30702457302311","89.30702457302311","75","80","80","fixed","1","1","50","1572","15","50","21832937","v2.0-design-v1.0","27","2","25","98.99749373433583","true","16.019999999999996","14.495999999999999","50","73","20","500","730","990","299","260","2","6","31","2392","1975","20","136","261","8","156","29.9","8","8","1000","1997","3.994","109","5.423963807344526","0","44.5","3.584848484848485","10","299","750"
"796","BA","1000","2","0.1","50","0.1","0.5","1","legal","targeted","29.910484594135006","7","89.30702457302311","89.30702457302311","75","80","80","fixed","1","1","50","1572","16","50","21832938","v2.0-design-v1.0","26.799999999999997","1.5","25.299999999999997","99.24050632911391","true","15.616000000000003","14.34","50","73.2","15","500","732","991","299","259","0","8","32","2392","1960","15","177","240","8","192","29.9","8","8","1000","1997","3.994","68","5.329011386961214","0","45.2","3.577777777777778","10","299","750"
"797","BA","1000","2","0.1","50","0.1","0.5","1","legal","targeted","29.910484594135006","7","89.30702457302311","89.30702457302311","75","80","80","fixed","1","1","50","1572","17","50","21832939","v2.0-design-v1.0","26","2.5","23.5","98.6479719579369","true","15.366000000000001","13.370000000000003","50","74","25","500","740","993","299","253","2","4","40","2392","1970","27","152","243","6","179","29.9","8","8","1000","1997","3.994","72","4.978629404841325","0","41.8","3.6121212121212123","10","299","750"
"798","BA","1000","2","0.1","50","0.1","0.5","1","legal","targeted","29.910484594135006","7","89.30702457302311","89.30702457302311","75","80","80","fixed","1","1","50","1572","18","50","21832940","v2.0-design-v1.0","26.599999999999994","2","24.599999999999994","98.98887765419616","true","15.781999999999998","14.341999999999993","50","73.4","20","500","734","987","299","253","0","13","33","2392","1958","20","170","244","13","190","29.9","8","8","1000","1997","3.994","57","4.98927418136714","0","43","3.6","10","299","750"
"799","BA","1000","2","0.1","50","0.1","0.5","1","legal","targeted","29.910484594135006","7","89.30702457302311","89.30702457302311","75","80","80","fixed","1","1","50","1572","19","50","21832941","v2.0-design-v1.0","27.200000000000003","1.6","25.6","99.14572864321607","true","16.191999999999993","14.984000000000004","50","72.8","16","500","728","990","299","262","1","9","27","2392","1973","17","182","220","10","199","29.9","8","8","1000","1997","3.994","68","5.083089788878584","0","42.8","3.602020202020202","10","299","750"
"800","BA","1000","2","0.1","50","0.1","0.5","1","legal","targeted","29.910484594135006","7","89.30702457302311","89.30702457302311","75","80","80","fixed","1","1","50","1572","20","50","21832942","v2.0-design-v1.0","27.5","1.7999999999999998","25.7","99.04522613065326","true","15.878000000000004","14.568000000000005","50","72.5","18","500","725","993","299","268","1","6","24","2392","1971","19","160","242","7","179","29.9","8","8","1000","1997","3.994","96","5.642144787028928","0","47.6","3.5535353535353535","10","299","750"
"801","BA","1000","2","0.1","50","0.1","0.5","1","legal","targeted","29.910484594135006","7","89.30702457302311","89.30702457302311","75","80","80","fixed","1","1","50","1572","21","50","21832943","v2.0-design-v1.0","27.10000000000001","2.1","25.000000000000007","98.95574341123819","true","16.30999999999999","14.602000000000002","50","72.89999999999999","21","500","729","992","299","263","3","5","28","2392","1990","21","159","222","8","180","29.9","8","8","1000","1997","3.994","94","5.313397801425764","0","42.2","3.608080808080808","10","299","750"
"802","BA","1000","2","0.1","50","0.1","0.5","1","legal","targeted","29.910484594135006","7","89.30702457302311","89.30702457302311","75","80","80","fixed","1","1","50","1572","22","50","21832944","v2.0-design-v1.0","27.799999999999997","1.3","26.499999999999996","99.34277047522751","true","16.517999999999994","15.609999999999992","50","72.2","13","500","722","990","299","268","0","6","25","2392","1965","13","174","240","6","187","29.9","8","8","1000","1997","3.994","73","4.883627116581866","0","36.8","3.6626262626262625","10","299","750"
"803","BA","1000","2","0.1","50","0.1","0.5","1","legal","targeted","29.910484594135006","7","89.30702457302311","89.30702457302311","75","80","80","fixed","1","1","50","1572","23","50","21832945","v2.0-design-v1.0","27.299999999999997","2.1","25.199999999999996","98.73289406994424","true","15.798000000000004","14.076","50","72.7","21","500","727","990","299","263","0","9","27","2392","1948","25","183","236","9","208","29.9","8","8","1000","1997","3.994","85","5.3796751672294105","0","44.6","3.583838383838384","10","299","750"
"804","BA","1000","2","0.1","50","0.1","0.5","1","legal","targeted","29.910484594135006","7","89.30702457302311","89.30702457302311","75","80","80","fixed","1","1","50","1572","24","50","21832946","v2.0-design-v1.0","25.700000000000003","2.1999999999999997","23.500000000000004","98.79214896829392","true","16.189999999999994","14.675999999999998","50","74.3","22","500","743","987","299","244","2","11","42","2392","1963","24","171","234","13","195","29.9","8","8","1000","1997","3.994","71","4.756952027568964","0","38.9","3.6414141414141414","10","299","750"
"805","BA","1000","2","0.1","50","0.1","0.5","1","legal","targeted","29.910484594135006","7","89.30702457302311","89.30702457302311","75","80","80","fixed","1","1","50","1572","25","50","21832947","v2.0-design-v1.0","27.5","1.6","25.9","99.19517102615694","true","16.007999999999996","14.604","50","72.5","16","500","725","989","299","264","0","11","24","2392","1972","16","181","223","11","197","29.9","8","8","1000","1997","3.994","98","5.405106768527249","0","44.2","3.587878787878788","10","299","750"
"806","BA","1000","2","0.1","50","0.1","0.5","1","legal","targeted","29.910484594135006","7","89.30702457302311","89.30702457302311","75","80","80","fixed","1","1","50","1572","26","50","21832948","v2.0-design-v1.0","27.10000000000001","2.8000000000000003","24.300000000000008","98.53461344113188","true","15.450000000000005","13.294000000000008","50","72.89999999999999","28","500","729","991","299","262","2","7","28","2392","1950","29","174","239","9","203","29.9","8","8","1000","1997","3.994","64","4.999295646084242","0","42.9","3.601010101010101","10","299","750"
"807","BA","1000","2","0.1","50","0.1","0.5","1","legal","targeted","29.910484594135006","7","89.30702457302311","89.30702457302311","75","80","80","fixed","1","1","50","1572","27","50","21832949","v2.0-design-v1.0","27.10000000000001","1.3","25.800000000000008","99.35032483758121","true","15.466000000000006","14.474","50","72.89999999999999","13","500","729","994","299","265","1","5","28","2392","1988","13","162","229","6","175","29.9","8","8","1000","1997","3.994","93","5.076587016464471","0","39.6","3.6343434343434344","10","299","750"
"808","BA","1000","2","0.1","50","0.1","0.5","1","legal","targeted","29.910484594135006","7","89.30702457302311","89.30702457302311","75","80","80","fixed","1","1","50","1572","28","50","21832950","v2.0-design-v1.0","27.200000000000003","1.6","25.6","99.19191919191918","true","15.929999999999998","14.778000000000002","50","72.8","16","500","728","984","299","256","1","13","29","2392","1964","16","176","236","14","192","29.9","8","8","1000","1997","3.994","77","4.94696234435197","0","40.7","3.6232323232323234","10","299","750"
"809","BA","1000","2","0.1","50","0.1","0.5","1","legal","targeted","29.910484594135006","7","89.30702457302311","89.30702457302311","75","80","80","fixed","1","1","50","1572","29","50","21832951","v2.0-design-v1.0","27.400000000000006","1.9","25.500000000000007","99.03943377148636","true","15.880000000000006","14.371999999999998","50","72.6","19","500","726","989","299","263","0","10","26","2392","1959","19","180","234","10","199","29.9","8","8","1000","1997","3.994","106","5.636287051928038","0","44","3.5898989898989897","10","299","750"
"810","BA","1000","2","0.1","50","0.1","0.5","1","legal","targeted","29.910484594135006","7","89.30702457302311","89.30702457302311","75","80","80","fixed","1","1","50","1572","30","50","21832952","v2.0-design-v1.0","27.10000000000001","2.1999999999999997","24.90000000000001","98.73289406994424","true","16.378000000000007","14.289999999999997","50","72.89999999999999","22","500","729","986","299","257","1","13","28","2392","1948","25","189","230","14","214","29.9","8","8","1000","1997","3.994","74","5.670107063725873","0","51.3","3.5161616161616163","10","299","750"
"811","BA","1000","2","0.1","50","0.1","0.5","1","legal","targeted","73.61937756762369","3","82.09816511586104","82.09816511586104","75","80","80","fixed","1","1","50","1573","1","50","21833923","v2.0-design-v1.0","88.8","74.6","14.200000000000003","68.2891764222633","true","83.60199999999999","37.646","50","11.200000000000001","746","500","112","112","0","0","0","0","0","12512","3325","1544","6937","706","0","8481","0","17","17","1000","1997","3.994","100","5.205291448041981","0","41.3","3.617171717171717","10","736","750"
"812","BA","1000","2","0.1","50","0.1","0.5","1","legal","targeted","73.61937756762369","3","82.09816511586104","82.09816511586104","75","80","80","fixed","1","1","50","1573","2","50","21833924","v2.0-design-v1.0","87","75.5","11.5","68.37411862297802","true","82.90599999999999","36.422","50","13","755","500","130","130","0","0","0","0","0","12512","3297","1525","6918","772","0","8443","0","17","17","1000","1997","3.994","53","4.731633159106084","0","37.9","3.6515151515151514","10","736","750"
"813","BA","1000","2","0.1","50","0.1","0.5","1","legal","targeted","73.61937756762369","3","82.09816511586104","82.09816511586104","75","80","80","fixed","1","1","50","1573","3","50","21833925","v2.0-design-v1.0","88.4","74.5","13.900000000000006","67.45164003364171","true","84.24","36.913999999999994","50","11.600000000000001","745","500","116","116","0","0","0","0","0","12512","3208","1548","7099","657","0","8647","0","17","17","1000","1997","3.994","77","5.298116083480425","0","44","3.5898989898989897","10","736","750"
"814","BA","1000","2","0.1","50","0.1","0.5","1","legal","targeted","73.61937756762369","3","82.09816511586104","82.09816511586104","75","80","80","fixed","1","1","50","1573","4","50","21833926","v2.0-design-v1.0","84.4","75.2","9.200000000000003","66.6236559139785","true","84.70999999999998","37.523999999999994","50","15.6","752","500","156","156","0","0","0","0","0","12512","3098","1552","7200","662","0","8752","0","17","17","1000","1997","3.994","62","4.966551180711879","0","42.8","3.602020202020202","10","736","750"
"815","BA","1000","2","0.1","50","0.1","0.5","1","legal","targeted","73.61937756762369","3","82.09816511586104","82.09816511586104","75","80","80","fixed","1","1","50","1573","5","50","21833927","v2.0-design-v1.0","84.8","74.2","10.599999999999994","70.76104100946372","true","81.67200000000001","36.24799999999999","50","15.2","742","500","152","152","0","0","0","0","0","12512","3589","1483","6657","783","0","8140","0","17","17","1000","1997","3.994","100","5.966369210965906","0","49.1","3.5383838383838384","10","736","750"
"816","BA","1000","2","0.1","50","0.1","0.5","1","legal","targeted","73.61937756762369","3","82.09816511586104","82.09816511586104","75","80","80","fixed","1","1","50","1573","6","50","21833928","v2.0-design-v1.0","84.1","70.19999999999999","13.900000000000006","71.78831398780248","true","80.81200000000001","36.26800000000001","50","15.9","702","500","159","159","0","0","0","0","0","12512","3649","1434","6630","799","0","8064","0","17","17","1000","1997","3.994","111","6.0495091173219135","0","51.3","3.5161616161616163","10","736","750"
"817","BA","1000","2","0.1","50","0.1","0.5","1","legal","targeted","73.61937756762369","3","82.09816511586104","82.09816511586104","75","80","80","fixed","1","1","50","1573","7","50","21833929","v2.0-design-v1.0","85.5","73.2","12.299999999999997","71.29090544067456","true","81.904","37.17999999999999","50","14.499999999999998","732","500","145","145","0","0","0","0","0","12512","3551","1430","6759","772","0","8189","0","17","17","1000","1997","3.994","78","5.7032000219605115","0","49.4","3.5353535353535355","10","736","750"
"818","BA","1000","2","0.1","50","0.1","0.5","1","legal","targeted","73.61937756762369","3","82.09816511586104","82.09816511586104","75","80","80","fixed","1","1","50","1573","8","50","21833930","v2.0-design-v1.0","87.1","74.1","13","67.95185638514893","true","83.54600000000002","37.35800000000001","50","12.9","741","500","129","129","0","0","0","0","0","12512","3331","1571","6911","699","0","8482","0","17","17","1000","1997","3.994","83","5.446616346836771","0","45.7","3.5727272727272728","10","736","750"
"819","BA","1000","2","0.1","50","0.1","0.5","1","legal","targeted","73.61937756762369","3","82.09816511586104","82.09816511586104","75","80","80","fixed","1","1","50","1573","9","50","21833931","v2.0-design-v1.0","85.7","70.6","15.100000000000009","70.53159478435306","true","81.77600000000001","39.117999999999995","50","14.299999999999999","706","500","143","143","0","0","0","0","0","12512","3516","1469","6753","774","0","8222","0","17","17","1000","1997","3.994","108","5.56371448934242","0","44.1","3.588888888888889","10","736","750"
"820","BA","1000","2","0.1","50","0.1","0.5","1","legal","targeted","73.61937756762369","3","82.09816511586104","82.09816511586104","75","80","80","fixed","1","1","50","1573","10","50","21833932","v2.0-design-v1.0","87.2","73.9","13.299999999999997","68.4065934065934","true","83.61800000000001","37.635999999999996","50","12.8","739","500","128","128","0","0","0","0","0","12512","3237","1495","7095","685","0","8590","0","17","17","1000","1997","3.994","62","5.007698177909781","0","41.1","3.6191919191919193","10","736","750"
"821","BA","1000","2","0.1","50","0.1","0.5","1","legal","targeted","73.61937756762369","3","82.09816511586104","82.09816511586104","75","80","80","fixed","1","1","50","1573","11","50","21833933","v2.0-design-v1.0","83.5","73","10.5","69.84352773826458","true","81.71599999999998","36.4","50","16.5","730","500","165","165","0","0","0","0","0","12512","3437","1484","6850","741","0","8334","0","17","17","1000","1997","3.994","67","5.066125702114934","0","42.3","3.607070707070707","10","736","750"
"822","BA","1000","2","0.1","50","0.1","0.5","1","legal","targeted","73.61937756762369","3","82.09816511586104","82.09816511586104","75","80","80","fixed","1","1","50","1573","12","50","21833934","v2.0-design-v1.0","85.6","74.7","10.899999999999991","66.49703138252757","true","84.48200000000001","37.004","50","14.399999999999999","747","500","144","144","0","0","0","0","0","12512","3136","1580","7121","675","0","8701","0","17","17","1000","1997","3.994","68","4.866173408710745","0","39.4","3.6363636363636362","10","736","750"
"823","BA","1000","2","0.1","50","0.1","0.5","1","legal","targeted","73.61937756762369","3","82.09816511586104","82.09816511586104","75","80","80","fixed","1","1","50","1573","13","50","21833935","v2.0-design-v1.0","88.6","75.8","12.799999999999997","64.33107072476461","true","85.64799999999997","39.163999999999994","50","11.4","758","500","114","114","0","0","0","0","0","12512","2938","1629","7359","586","0","8988","0","17","17","1000","1997","3.994","66","4.581588693341519","0","36.9","3.6616161616161618","10","736","750"
"824","BA","1000","2","0.1","50","0.1","0.5","1","legal","targeted","73.61937756762369","3","82.09816511586104","82.09816511586104","75","80","80","fixed","1","1","50","1573","14","50","21833936","v2.0-design-v1.0","84.6","73.3","11.299999999999997","71.19659771892519","true","81.13999999999999","35.002","50","15.4","733","500","154","154","0","0","0","0","0","12512","3683","1490","6558","781","0","8048","0","17","17","1000","1997","3.994","97","5.958814602877972","0","50.6","3.5232323232323233","10","736","750"
"825","BA","1000","2","0.1","50","0.1","0.5","1","legal","targeted","73.61937756762369","3","82.09816511586104","82.09816511586104","75","80","80","fixed","1","1","50","1573","15","50","21833937","v2.0-design-v1.0","88.7","74","14.700000000000003","66.62337662337663","true","84.744","40.53399999999999","50","11.3","740","500","113","113","0","0","0","0","0","12512","3078","1542","7219","673","0","8761","0","17","17","1000","1997","3.994","63","4.8252717278146315","0","38.9","3.6414141414141414","10","736","750"
"826","BA","1000","2","0.1","50","0.1","0.5","1","legal","targeted","73.61937756762369","3","82.09816511586104","82.09816511586104","75","80","80","fixed","1","1","50","1573","16","50","21833938","v2.0-design-v1.0","85.2","72.3","12.900000000000006","70.96900745390349","true","81.242","35.70200000000002","50","14.799999999999999","723","500","148","148","0","0","0","0","0","12512","3618","1480","6576","838","0","8056","0","17","17","1000","1997","3.994","71","5.449372409705506","0","47.5","3.5545454545454547","10","736","750"
"827","BA","1000","2","0.1","50","0.1","0.5","1","legal","targeted","73.61937756762369","3","82.09816511586104","82.09816511586104","75","80","80","fixed","1","1","50","1573","17","50","21833939","v2.0-design-v1.0","87.7","68.89999999999999","18.80000000000001","71.57310057528268","true","82.012","38.49799999999999","50","12.3","689","500","123","123","0","0","0","0","0","12512","3608","1433","6686","785","0","8119","0","17","17","1000","1997","3.994","84","5.527614179600312","0","48.3","3.5464646464646465","10","736","750"
"828","BA","1000","2","0.1","50","0.1","0.5","1","legal","targeted","73.61937756762369","3","82.09816511586104","82.09816511586104","75","80","80","fixed","1","1","50","1573","18","50","21833940","v2.0-design-v1.0","85","77.60000000000001","7.3999999999999915","66.68062827225131","true","83.568","34.036","50","15","776","500","150","150","0","0","0","0","0","12512","3184","1591","7061","676","0","8652","0","17","17","1000","1997","3.994","107","5.652779662955013","0","46.2","3.5676767676767676","10","736","750"
"829","BA","1000","2","0.1","50","0.1","0.5","1","legal","targeted","73.61937756762369","3","82.09816511586104","82.09816511586104","75","80","80","fixed","1","1","50","1573","19","50","21833941","v2.0-design-v1.0","84.8","72.1","12.700000000000003","70.45681228805107","true","82.16000000000004","37.3","50","15.2","721","500","152","152","0","0","0","0","0","12512","3532","1481","6706","793","0","8187","0","17","17","1000","1997","3.994","69","5.195474661371842","0","45.4","3.5757575757575757","10","736","750"
"830","BA","1000","2","0.1","50","0.1","0.5","1","legal","targeted","73.61937756762369","3","82.09816511586104","82.09816511586104","75","80","80","fixed","1","1","50","1573","20","50","21833942","v2.0-design-v1.0","88","75.5","12.5","69.78809283551968","true","82.32599999999998","36.748000000000005","50","12","755","500","120","120","0","0","0","0","0","12512","3458","1497","6823","734","0","8320","0","17","17","1000","1997","3.994","55","4.8223665579484","0","40.4","3.6262626262626263","10","736","750"
"832","BA","1000","2","0.1","50","0.1","0.5","1","legal","targeted","73.61937756762369","3","82.09816511586104","82.09816511586104","75","80","80","fixed","1","1","50","1573","22","50","21833944","v2.0-design-v1.0","83.8","72.2","11.599999999999994","69.6938353330575","true","82.31000000000006","37.092000000000006","50","16.2","722","500","162","162","0","0","0","0","0","12512","3369","1465","6925","753","0","8390","0","17","17","1000","1997","3.994","95","5.441835864630384","0","42.7","3.603030303030303","10","736","750"
"833","BA","1000","2","0.1","50","0.1","0.5","1","legal","targeted","73.61937756762369","3","82.09816511586104","82.09816511586104","75","80","80","fixed","1","1","50","1573","23","50","21833945","v2.0-design-v1.0","89.6","72.89999999999999","16.700000000000003","69.73873688541453","true","82.68800000000002","38.52799999999999","50","10.4","729","500","104","104","0","0","0","0","0","12512","3390","1471","6919","732","0","8390","0","17","17","1000","1997","3.994","80","5.293012372929037","0","45.1","3.5787878787878786","10","736","750"
"831","BA","1000","2","0.1","50","0.1","0.5","1","legal","targeted","73.61937756762369","3","82.09816511586104","82.09816511586104","75","80","80","fixed","1","1","50","1573","21","50","21833943","v2.0-design-v1.0","89.3","71","18.299999999999997","67.98767062967855","true","84.958","41.102","50","10.7","710","500","107","107","0","0","0","0","0","12512","3088","1454","7306","664","0","8760","0","17","17","1000","1997","3.994","82","4.810104063437819","0","37.6","3.6545454545454548","10","736","750"
"834","BA","1000","2","0.1","50","0.1","0.5","1","legal","targeted","73.61937756762369","3","82.09816511586104","82.09816511586104","75","80","80","fixed","1","1","50","1573","24","50","21833946","v2.0-design-v1.0","85.9","71.89999999999999","14.000000000000014","69.94535519125684","true","83.088","37.678000000000004","50","14.099999999999998","719","500","141","141","0","0","0","0","0","12512","3456","1485","6808","763","0","8293","0","17","17","1000","1997","3.994","84","5.286767813505129","0","42.8","3.602020202020202","10","736","750"
"835","BA","1000","2","0.1","50","0.1","0.5","1","legal","targeted","73.61937756762369","3","82.09816511586104","82.09816511586104","75","80","80","fixed","1","1","50","1573","25","50","21833947","v2.0-design-v1.0","85.3","74.5","10.799999999999997","69.04422253922966","true","83.206","37.77","50","14.7","745","500","147","147","0","0","0","0","0","12512","3388","1519","6893","712","0","8412","0","17","17","1000","1997","3.994","117","5.791502871060796","0","47.5","3.5545454545454547","10","736","750"
"836","BA","1000","2","0.1","50","0.1","0.5","1","legal","targeted","73.61937756762369","3","82.09816511586104","82.09816511586104","75","80","80","fixed","1","1","50","1573","26","50","21833948","v2.0-design-v1.0","90.4","74.8","15.600000000000009","65.8351409978308","true","85.22399999999998","38.70799999999999","50","9.6","748","500","96","96","0","0","0","0","0","12512","3035","1575","7260","642","0","8835","0","17","17","1000","1997","3.994","57","4.722739487656309","0","38.4","3.6464646464646466","10","736","750"
"837","BA","1000","2","0.1","50","0.1","0.5","1","legal","targeted","73.61937756762369","3","82.09816511586104","82.09816511586104","75","80","80","fixed","1","1","50","1573","27","50","21833949","v2.0-design-v1.0","85.8","72.5","13.299999999999997","70.66909237921973","true","82.24199999999999","37.083999999999996","50","14.2","725","500","142","142","0","0","0","0","0","12512","3496","1451","6807","758","0","8258","0","17","17","1000","1997","3.994","107","5.6369974046241715","0","45.7","3.5727272727272728","10","736","750"
"838","BA","1000","2","0.1","50","0.1","0.5","1","legal","targeted","73.61937756762369","3","82.09816511586104","82.09816511586104","75","80","80","fixed","1","1","50","1573","28","50","21833950","v2.0-design-v1.0","85.6","73.9","11.699999999999989","69.21366484738225","true","82.37200000000001","35.85000000000001","50","14.399999999999999","739","500","144","144","0","0","0","0","0","12512","3424","1523","6855","710","0","8378","0","17","17","1000","1997","3.994","85","5.201251485653901","0","43.1","3.598989898989899","10","736","750"
"839","BA","1000","2","0.1","50","0.1","0.5","1","legal","targeted","73.61937756762369","3","82.09816511586104","82.09816511586104","75","80","80","fixed","1","1","50","1573","29","50","21833951","v2.0-design-v1.0","89.8","73.9","15.899999999999991","68.84013812715824","true","83.774","38.596","50","10.2","739","500","102","102","0","0","0","0","0","12512","3389","1534","6892","697","0","8426","0","17","17","1000","1997","3.994","106","5.347762388379128","0","43","3.6","10","736","750"
"840","BA","1000","2","0.1","50","0.1","0.5","1","legal","targeted","73.61937756762369","3","82.09816511586104","82.09816511586104","75","80","80","fixed","1","1","50","1573","30","50","21833952","v2.0-design-v1.0","89.7","76.7","13","65.2459711620017","true","84.858","36.16000000000001","50","10.299999999999999","767","500","103","103","0","0","0","0","0","12512","3077","1639","7131","665","0","8770","0","17","17","1000","1997","3.994","70","4.813848474675644","0","38","3.6505050505050507","10","736","750"
"841","BA","1000","2","0.1","50","0.1","0.5","1","legal","targeted","19.218370288766977","8","92.02817310533808","92.02817310533808","75","80","80","fixed","1","1","50","1574","1","50","21834923","v2.0-design-v1.0","9.899999999999991","1.0999999999999999","8.799999999999992","99.05498281786942","true","10.172","9.12","50","90.10000000000001","11","500","901","901","0","0","0","0","0","1344","1153","11","73","107","0","84","0","7","7","1000","1997","3.994","72","5.043550475746358","0","41.5","3.6151515151515152","10","192","750"
"842","BA","1000","2","0.1","50","0.1","0.5","1","legal","targeted","19.218370288766977","8","92.02817310533808","92.02817310533808","75","80","80","fixed","1","1","50","1574","2","50","21834924","v2.0-design-v1.0","9.299999999999997","1.0999999999999999","8.199999999999998","99.07016060862215","true","10.604000000000001","9.551999999999998","50","90.7","11","500","907","907","0","0","0","0","0","1344","1172","11","61","100","0","72","0","7","7","1000","1997","3.994","69","4.642145356784236","0","35.7","3.6737373737373735","10","192","750"
"843","BA","1000","2","0.1","50","0.1","0.5","1","legal","targeted","19.218370288766977","8","92.02817310533808","92.02817310533808","75","80","80","fixed","1","1","50","1574","3","50","21834925","v2.0-design-v1.0","8.200000000000003","0.3","7.900000000000003","99.74070872947277","true","10.936","10.651999999999996","50","91.8","3","500","918","918","0","0","0","0","0","1344","1154","3","67","120","0","70","0","7","7","1000","1997","3.994","67","5.09508821551932","0","42.1","3.609090909090909","10","192","750"
"844","BA","1000","2","0.1","50","0.1","0.5","1","legal","targeted","19.218370288766977","8","92.02817310533808","92.02817310533808","75","80","80","fixed","1","1","50","1574","4","50","21834926","v2.0-design-v1.0","9.099999999999994","0.5","8.599999999999994","99.57007738607051","true","10.340000000000007","9.936000000000002","50","90.9","5","500","909","909","0","0","0","0","0","1344","1158","5","60","121","0","65","0","7","7","1000","1997","3.994","61","5.271408896277314","0","45","3.5797979797979798","10","192","750"
"845","BA","1000","2","0.1","50","0.1","0.5","1","legal","targeted","19.218370288766977","8","92.02817310533808","92.02817310533808","75","80","80","fixed","1","1","50","1574","5","50","21834927","v2.0-design-v1.0","9.799999999999997","0.5","9.299999999999997","99.5766299745978","true","10.772","10.368000000000002","50","90.2","5","500","902","902","0","0","0","0","0","1344","1176","5","66","97","0","71","0","7","7","1000","1997","3.994","65","5.26228616246357","0","45.5","3.5747474747474746","10","192","750"
"846","BA","1000","2","0.1","50","0.1","0.5","1","legal","targeted","19.218370288766977","8","92.02817310533808","92.02817310533808","75","80","80","fixed","1","1","50","1574","6","50","21834928","v2.0-design-v1.0","9.799999999999997","0.3","9.499999999999996","99.74182444061962","true","10.192000000000002","9.891999999999998","50","90.2","3","500","902","902","0","0","0","0","0","1344","1159","3","75","107","0","78","0","7","7","1000","1997","3.994","112","5.447535189389743","0","44.1","3.588888888888889","10","192","750"
"847","BA","1000","2","0.1","50","0.1","0.5","1","legal","targeted","19.218370288766977","8","92.02817310533808","92.02817310533808","75","80","80","fixed","1","1","50","1574","7","50","21834929","v2.0-design-v1.0","11.700000000000003","0.8","10.900000000000002","99.32260795935647","true","10.536000000000001","9.735999999999995","50","88.3","8","500","883","883","0","0","0","0","0","1344","1173","8","62","101","0","70","0","7","7","1000","1997","3.994","122","6.285019130079543","0","51.6","3.5131313131313133","10","192","750"
"848","BA","1000","2","0.1","50","0.1","0.5","1","legal","targeted","19.218370288766977","8","92.02817310533808","92.02817310533808","75","80","80","fixed","1","1","50","1574","8","50","21834930","v2.0-design-v1.0","9.700000000000003","0.7000000000000001","9.000000000000004","99.39965694682675","true","10.224000000000002","9.524000000000004","50","90.3","7","500","903","903","0","0","0","0","0","1344","1159","7","64","114","0","71","0","7","7","1000","1997","3.994","56","4.905918062099277","0","41.6","3.614141414141414","10","192","750"
"849","BA","1000","2","0.1","50","0.1","0.5","1","legal","targeted","19.218370288766977","8","92.02817310533808","92.02817310533808","75","80","80","fixed","1","1","50","1574","9","50","21834931","v2.0-design-v1.0","9.099999999999994","0.4","8.699999999999994","99.66499162479062","true","10.114000000000003","9.730000000000002","50","90.9","4","500","909","909","0","0","0","0","0","1344","1190","4","58","92","0","62","0","7","7","1000","1997","3.994","70","5.286199760499768","0","43.4","3.595959595959596","10","192","750"
"850","BA","1000","2","0.1","50","0.1","0.5","1","legal","targeted","19.218370288766977","8","92.02817310533808","92.02817310533808","75","80","80","fixed","1","1","50","1574","10","50","21834932","v2.0-design-v1.0","10.900000000000006","0.7000000000000001","10.200000000000006","99.40017137960582","true","10.015999999999998","9.348000000000003","50","89.1","7","500","891","891","0","0","0","0","0","1344","1160","7","64","113","0","71","0","7","7","1000","1997","3.994","71","5.272358273274082","0","43.5","3.594949494949495","10","192","750"
"851","BA","1000","2","0.1","50","0.1","0.5","1","legal","targeted","19.218370288766977","8","92.02817310533808","92.02817310533808","75","80","80","fixed","1","1","50","1574","11","50","21834933","v2.0-design-v1.0","10.299999999999997","0.8999999999999999","9.399999999999997","99.24242424242425","true","10.760000000000002","10.036","50","89.7","9","500","897","897","0","0","0","0","0","1344","1179","9","65","91","0","74","0","7","7","1000","1997","3.994","62","4.998494668292529","0","42.3","3.607070707070707","10","192","750"
"852","BA","1000","2","0.1","50","0.1","0.5","1","legal","targeted","19.218370288766977","8","92.02817310533808","92.02817310533808","75","80","80","fixed","1","1","50","1574","12","50","21834934","v2.0-design-v1.0","9.599999999999994","0.5","9.099999999999994","99.58368026644463","true","10.36","9.908000000000001","50","90.4","5","500","904","904","0","0","0","0","0","1344","1196","5","49","94","0","54","0","7","7","1000","1997","3.994","68","4.662156121334802","0","37.8","3.6525252525252525","10","192","750"
"853","BA","1000","2","0.1","50","0.1","0.5","1","legal","targeted","19.218370288766977","8","92.02817310533808","92.02817310533808","75","80","80","fixed","1","1","50","1574","13","50","21834935","v2.0-design-v1.0","9.700000000000003","0.3","9.400000000000002","99.74747474747475","true","11.092000000000006","10.840000000000002","50","90.3","3","500","903","903","0","0","0","0","0","1344","1185","3","58","98","0","61","0","7","7","1000","1997","3.994","96","5.123496288103871","0","39.4","3.6363636363636362","10","192","750"
"854","BA","1000","2","0.1","50","0.1","0.5","1","legal","targeted","19.218370288766977","8","92.02817310533808","92.02817310533808","75","80","80","fixed","1","1","50","1574","14","50","21834936","v2.0-design-v1.0","9.399999999999991","0.6","8.799999999999992","99.49152542372882","true","11.220000000000004","10.635999999999997","50","90.60000000000001","6","500","906","906","0","0","0","0","0","1344","1174","6","65","99","0","71","0","7","7","1000","1997","3.994","62","4.919162750119384","0","41.1","3.6191919191919193","10","192","750"
"855","BA","1000","2","0.1","50","0.1","0.5","1","legal","targeted","19.218370288766977","8","92.02817310533808","92.02817310533808","75","80","80","fixed","1","1","50","1574","15","50","21834937","v2.0-design-v1.0","10","0.6","9.4","99.49367088607595","true","10.442000000000002","9.905999999999999","50","90","6","500","900","900","0","0","0","0","0","1344","1179","6","73","86","0","79","0","7","7","1000","1997","3.994","63","5.141828702164467","0","43.9","3.590909090909091","10","192","750"
"856","BA","1000","2","0.1","50","0.1","0.5","1","legal","targeted","19.218370288766977","8","92.02817310533808","92.02817310533808","75","80","80","fixed","1","1","50","1574","16","50","21834938","v2.0-design-v1.0","10.099999999999994","0.2","9.899999999999995","99.83164983164983","true","9.768000000000002","9.568000000000005","50","89.9","2","500","899","899","0","0","0","0","0","1344","1186","2","56","100","0","58","0","7","7","1000","1997","3.994","77","4.995089079777741","0","41","3.6202020202020204","10","192","750"
"857","BA","1000","2","0.1","50","0.1","0.5","1","legal","targeted","19.218370288766977","8","92.02817310533808","92.02817310533808","75","80","80","fixed","1","1","50","1574","17","50","21834939","v2.0-design-v1.0","10.5","0.2","10.3","99.83122362869197","true","10.017999999999999","9.818000000000003","50","89.5","2","500","895","895","0","0","0","0","0","1344","1183","2","67","92","0","69","0","7","7","1000","1997","3.994","56","4.966752725134657","0","42.1","3.609090909090909","10","192","750"
"858","BA","1000","2","0.1","50","0.1","0.5","1","legal","targeted","19.218370288766977","8","92.02817310533808","92.02817310533808","75","80","80","fixed","1","1","50","1574","18","50","21834940","v2.0-design-v1.0","9.200000000000003","0.4","8.800000000000002","99.6627318718381","true","10.284","9.884000000000004","50","90.8","4","500","908","908","0","0","0","0","0","1344","1182","4","59","99","0","63","0","7","7","1000","1997","3.994","64","4.799270465080802","0","41.2","3.618181818181818","10","192","750"
"860","BA","1000","2","0.1","50","0.1","0.5","1","legal","targeted","19.218370288766977","8","92.02817310533808","92.02817310533808","75","80","80","fixed","1","1","50","1574","20","50","21834942","v2.0-design-v1.0","9.599999999999994","0.3","9.299999999999994","99.74489795918367","true","10.480000000000002","10.276000000000003","50","90.4","3","500","904","904","0","0","0","0","0","1344","1173","3","75","93","0","78","0","7","7","1000","1997","3.994","86","5.442387673033175","0","44","3.5898989898989897","10","192","750"
"859","BA","1000","2","0.1","50","0.1","0.5","1","legal","targeted","19.218370288766977","8","92.02817310533808","92.02817310533808","75","80","80","fixed","1","1","50","1574","19","50","21834941","v2.0-design-v1.0","9.899999999999991","0.7000000000000001","9.199999999999992","99.4077834179357","true","9.942000000000007","9.242000000000004","50","90.10000000000001","7","500","901","901","0","0","0","0","0","1344","1175","7","60","102","0","67","0","7","7","1000","1997","3.994","84","5.151942013115673","0","42.6","3.604040404040404","10","192","750"
"861","BA","1000","2","0.1","50","0.1","0.5","1","legal","targeted","19.218370288766977","8","92.02817310533808","92.02817310533808","75","80","80","fixed","1","1","50","1574","21","50","21834943","v2.0-design-v1.0","9.599999999999994","0.8","8.799999999999994","99.31506849315068","true","10.280000000000003","9.495999999999999","50","90.4","8","500","904","904","0","0","0","0","0","1344","1160","8","68","108","0","76","0","7","7","1000","1997","3.994","78","5.145720789397961","0","41.7","3.613131313131313","10","192","750"
"862","BA","1000","2","0.1","50","0.1","0.5","1","legal","targeted","19.218370288766977","8","92.02817310533808","92.02817310533808","75","80","80","fixed","1","1","50","1574","22","50","21834944","v2.0-design-v1.0","9.599999999999994","0.6","8.999999999999995","99.4077834179357","true","10.562000000000003","9.993999999999998","50","90.4","6","500","904","904","0","0","0","0","0","1344","1175","7","66","96","0","73","0","7","7","1000","1997","3.994","84","5.559574882387393","0","48.3","3.5464646464646465","10","192","750"
"863","BA","1000","2","0.1","50","0.1","0.5","1","legal","targeted","19.218370288766977","8","92.02817310533808","92.02817310533808","75","80","80","fixed","1","1","50","1574","23","50","21834945","v2.0-design-v1.0","11.099999999999994","0.8","10.299999999999994","99.32203389830508","true","10.016000000000002","9.231999999999996","50","88.9","8","500","889","889","0","0","0","0","0","1344","1172","8","60","104","0","68","0","7","7","1000","1997","3.994","77","5.452494263517715","0","47.4","3.5555555555555554","10","192","750"
"864","BA","1000","2","0.1","50","0.1","0.5","1","legal","targeted","19.218370288766977","8","92.02817310533808","92.02817310533808","75","80","80","fixed","1","1","50","1574","24","50","21834946","v2.0-design-v1.0","9.200000000000003","0.4","8.800000000000002","99.65217391304347","true","10.081999999999995","9.682000000000006","50","90.8","4","500","908","908","0","0","0","0","0","1344","1146","4","72","122","0","76","0","7","7","1000","1997","3.994","73","5.127402291048963","0","40.9","3.621212121212121","10","192","750"
"865","BA","1000","2","0.1","50","0.1","0.5","1","legal","targeted","19.218370288766977","8","92.02817310533808","92.02817310533808","75","80","80","fixed","1","1","50","1574","25","50","21834947","v2.0-design-v1.0","8.899999999999991","0.5","8.399999999999991","99.57841483979763","true","10.378000000000002","9.910000000000004","50","91.10000000000001","5","500","911","911","0","0","0","0","0","1344","1181","5","60","98","0","65","0","7","7","1000","1997","3.994","84","5.4339204531803205","0","45.5","3.5747474747474746","10","192","750"
"866","BA","1000","2","0.1","50","0.1","0.5","1","legal","targeted","19.218370288766977","8","92.02817310533808","92.02817310533808","75","80","80","fixed","1","1","50","1574","26","50","21834948","v2.0-design-v1.0","10.200000000000003","0.6","9.600000000000003","99.48979591836735","true","10.634","10.033999999999997","50","89.8","6","500","898","898","0","0","0","0","0","1344","1170","6","62","106","0","68","0","7","7","1000","1997","3.994","56","4.807814376520684","0","40.1","3.6292929292929292","10","192","750"
"867","BA","1000","2","0.1","50","0.1","0.5","1","legal","targeted","19.218370288766977","8","92.02817310533808","92.02817310533808","75","80","80","fixed","1","1","50","1574","27","50","21834949","v2.0-design-v1.0","10.5","0.7000000000000001","9.8","99.40017137960582","true","9.882000000000003","9.198000000000002","50","89.5","7","500","895","895","0","0","0","0","0","1344","1160","7","72","105","0","79","0","7","7","1000","1997","3.994","122","5.954109120214015","0","48.5","3.5444444444444443","10","192","750"
"868","BA","1000","2","0.1","50","0.1","0.5","1","legal","targeted","19.218370288766977","8","92.02817310533808","92.02817310533808","75","80","80","fixed","1","1","50","1574","28","50","21834950","v2.0-design-v1.0","10.299999999999997","0.5","9.799999999999997","99.56369982547993","true","10.330000000000002","9.862000000000002","50","89.7","5","500","897","897","0","0","0","0","0","1344","1141","5","79","119","0","84","0","7","7","1000","1997","3.994","70","5.142607355263508","0","43.7","3.592929292929293","10","192","750"
"869","BA","1000","2","0.1","50","0.1","0.5","1","legal","targeted","19.218370288766977","8","92.02817310533808","92.02817310533808","75","80","80","fixed","1","1","50","1574","29","50","21834951","v2.0-design-v1.0","9.5","0.7000000000000001","8.8","99.41763727121464","true","10.55","9.882000000000003","50","90.5","7","500","905","905","0","0","0","0","0","1344","1195","7","60","82","0","67","0","7","7","1000","1997","3.994","74","4.908773783752916","0","40.1","3.6292929292929292","10","192","750"
"870","BA","1000","2","0.1","50","0.1","0.5","1","legal","targeted","19.218370288766977","8","92.02817310533808","92.02817310533808","75","80","80","fixed","1","1","50","1574","30","50","21834952","v2.0-design-v1.0","9.399999999999991","0.5","8.899999999999991","99.5777027027027","true","9.646","9.226000000000004","50","90.60000000000001","5","500","906","906","0","0","0","0","0","1344","1179","5","57","103","0","62","0","7","7","1000","1997","3.994","117","5.714947473479045","0","44","3.5898989898989897","10","192","750"
"871","BA","1000","2","0.1","50","0.1","0.5","1","legal","targeted","70.89266021183681","15","99.42145179368555","99.42145179368555","75","80","80","fixed","1","1","50","1575","1","50","21835923","v2.0-design-v1.0","43.99999999999999","0.4","43.599999999999994","99.8371335504886","true","35.61599999999999","35.27599999999999","50","56.00000000000001","4","500","560","560","0","0","0","0","0","2836","2452","4","363","17","0","367","0","4","4","1000","1997","3.994","73","4.772078869500864","0","38.6","3.6444444444444444","10","709","750"
"872","BA","1000","2","0.1","50","0.1","0.5","1","legal","targeted","70.89266021183681","15","99.42145179368555","99.42145179368555","75","80","80","fixed","1","1","50","1575","2","50","21835924","v2.0-design-v1.0","41.2","0.1","41.1","99.95948136142626","true","35.778","35.67799999999999","50","58.8","1","500","588","588","0","0","0","0","0","2836","2467","1","356","12","0","357","0","4","4","1000","1997","3.994","87","5.149026750413749","0","42.7","3.603030303030303","10","709","750"
"873","BA","1000","2","0.1","50","0.1","0.5","1","legal","targeted","70.89266021183681","15","99.42145179368555","99.42145179368555","75","80","80","fixed","1","1","50","1575","3","50","21835925","v2.0-design-v1.0","40.5","0.2","40.3","99.91776315789474","true","34.51200000000001","34.34199999999999","50","59.5","2","500","595","595","0","0","0","0","0","2836","2430","2","382","22","0","384","0","4","4","1000","1997","3.994","79","5.49546760195746","0","46.3","3.566666666666667","10","709","750"
"874","BA","1000","2","0.1","50","0.1","0.5","1","legal","targeted","70.89266021183681","15","99.42145179368555","99.42145179368555","75","80","80","fixed","1","1","50","1575","4","50","21835926","v2.0-design-v1.0","40.300000000000004","0.3","40.00000000000001","99.87689782519492","true","35.40800000000001","35.19799999999999","50","59.699999999999996","3","500","597","597","0","0","0","0","0","2836","2434","3","383","16","0","386","0","4","4","1000","1997","3.994","81","5.53394873382366","0","48.2","3.5474747474747477","10","709","750"
"875","BA","1000","2","0.1","50","0.1","0.5","1","legal","targeted","70.89266021183681","15","99.42145179368555","99.42145179368555","75","80","80","fixed","1","1","50","1575","5","50","21835927","v2.0-design-v1.0","39.5","0.3","39.2","99.87765089722676","true","36.098000000000006","35.858","50","60.5","3","500","605","605","0","0","0","0","0","2836","2449","3","367","17","0","370","0","4","4","1000","1997","3.994","83","5.30925156233457","0","44.4","3.585858585858586","10","709","750"
"876","BA","1000","2","0.1","50","0.1","0.5","1","legal","targeted","70.89266021183681","15","99.42145179368555","99.42145179368555","75","80","80","fixed","1","1","50","1575","6","50","21835928","v2.0-design-v1.0","40.5","0.4","40.1","99.83733224888167","true","35.03","34.66","50","59.5","4","500","595","595","0","0","0","0","0","2836","2455","4","363","14","0","367","0","4","4","1000","1997","3.994","78","5.134230645805098","0","41.5","3.6151515151515152","10","709","750"
"877","BA","1000","2","0.1","50","0.1","0.5","1","legal","targeted","70.89266021183681","15","99.42145179368555","99.42145179368555","75","80","80","fixed","1","1","50","1575","7","50","21835929","v2.0-design-v1.0","41.5","0.1","41.4","99.95938261575954","true","35.556","35.516000000000005","50","58.5","1","500","585","585","0","0","0","0","0","2836","2461","1","350","24","0","351","0","4","4","1000","1997","3.994","115","6.060915665037673","0","44.5","3.584848484848485","10","709","750"
"878","BA","1000","2","0.1","50","0.1","0.5","1","legal","targeted","70.89266021183681","15","99.42145179368555","99.42145179368555","75","80","80","fixed","1","1","50","1575","8","50","21835930","v2.0-design-v1.0","43.7","0.2","43.5","99.91840065279479","true","35.95400000000001","35.784","50","56.3","2","500","563","563","0","0","0","0","0","2836","2449","2","369","16","0","371","0","4","4","1000","1997","3.994","73","5.428575635784521","0","46.3","3.566666666666667","10","709","750"
"879","BA","1000","2","0.1","50","0.1","0.5","1","legal","targeted","70.89266021183681","15","99.42145179368555","99.42145179368555","75","80","80","fixed","1","1","50","1575","9","50","21835931","v2.0-design-v1.0","41.800000000000004","0.1","41.7","99.95926680244399","true","36.67999999999999","36.57999999999999","50","58.199999999999996","1","500","582","582","0","0","0","0","0","2836","2454","1","368","13","0","369","0","4","4","1000","1997","3.994","97","5.1056862449657014","0","40","3.6303030303030304","10","709","750"
"880","BA","1000","2","0.1","50","0.1","0.5","1","legal","targeted","70.89266021183681","15","99.42145179368555","99.42145179368555","75","80","80","fixed","1","1","50","1575","10","50","21835932","v2.0-design-v1.0","39.1","0.5","38.6","99.79707792207793","true","35.35799999999999","34.94799999999999","50","60.9","5","500","609","609","0","0","0","0","0","2836","2459","5","356","16","0","361","0","4","4","1000","1997","3.994","89","5.448270151859908","0","44","3.5898989898989897","10","709","750"
"881","BA","1000","2","0.1","50","0.1","0.5","1","legal","targeted","70.89266021183681","15","99.42145179368555","99.42145179368555","75","80","80","fixed","1","1","50","1575","11","50","21835933","v2.0-design-v1.0","39","0.3","38.7","99.87704918032787","true","36.166","35.896000000000015","50","61","3","500","610","610","0","0","0","0","0","2836","2437","3","379","17","0","382","0","4","4","1000","1997","3.994","55","5.055048715642358","0","43.5","3.594949494949495","10","709","750"
"882","BA","1000","2","0.1","50","0.1","0.5","1","legal","targeted","70.89266021183681","15","99.42145179368555","99.42145179368555","75","80","80","fixed","1","1","50","1575","12","50","21835934","v2.0-design-v1.0","43.400000000000006","0.1","43.300000000000004","99.95903318312168","true","35.53799999999999","35.43800000000001","50","56.599999999999994","1","500","566","566","0","0","0","0","0","2836","2440","1","373","22","0","374","0","4","4","1000","1997","3.994","60","4.9457481157479455","0","41.8","3.6121212121212123","10","709","750"
"883","BA","1000","2","0.1","50","0.1","0.5","1","legal","targeted","70.89266021183681","15","99.42145179368555","99.42145179368555","75","80","80","fixed","1","1","50","1575","13","50","21835935","v2.0-design-v1.0","42.2","0.1","42.1","99.95948136142626","true","34.562","34.461999999999996","50","57.8","1","500","578","578","0","0","0","0","0","2836","2467","1","355","13","0","356","0","4","4","1000","1997","3.994","91","5.579345220820538","0","48.8","3.5414141414141413","10","709","750"
"884","BA","1000","2","0.1","50","0.1","0.5","1","legal","targeted","70.89266021183681","15","99.42145179368555","99.42145179368555","75","80","80","fixed","1","1","50","1575","14","50","21835936","v2.0-design-v1.0","43.8","0.2","43.599999999999994","99.9185667752443","true","36.547999999999995","36.467999999999996","50","56.2","2","500","562","562","0","0","0","0","0","2836","2454","2","364","16","0","366","0","4","4","1000","1997","3.994","59","4.951816281374376","0","41.3","3.617171717171717","10","709","750"
"885","BA","1000","2","0.1","50","0.1","0.5","1","legal","targeted","70.89266021183681","15","99.42145179368555","99.42145179368555","75","80","80","fixed","1","1","50","1575","15","50","21835937","v2.0-design-v1.0","40.7","0.3","40.400000000000006","99.87854251012146","true","36.302","36.001999999999995","50","59.3","3","500","593","593","0","0","0","0","0","2836","2467","3","351","15","0","354","0","4","4","1000","1997","3.994","77","5.320363734771349","0","45.1","3.5787878787878786","10","709","750"
"886","BA","1000","2","0.1","50","0.1","0.5","1","legal","targeted","70.89266021183681","15","99.42145179368555","99.42145179368555","75","80","80","fixed","1","1","50","1575","16","50","21835938","v2.0-design-v1.0","39","0.2","38.8","99.91866612444082","true","35.23199999999999","35.122000000000014","50","61","2","500","610","610","0","0","0","0","0","2836","2457","2","362","15","0","364","0","4","4","1000","1997","3.994","93","5.575217219718615","0","45.3","3.576767676767677","10","709","750"
"887","BA","1000","2","0.1","50","0.1","0.5","1","legal","targeted","70.89266021183681","15","99.42145179368555","99.42145179368555","75","80","80","fixed","1","1","50","1575","17","50","21835939","v2.0-design-v1.0","43.60000000000001","0","43.60000000000001","100","true","35.603999999999985","35.603999999999985","50","56.39999999999999","0","500","564","564","0","0","0","0","0","2836","2454","0","368","14","0","368","0","4","4","1000","1997","3.994","59","4.865144770059111","0","40.4","3.6262626262626263","10","709","750"
"888","BA","1000","2","0.1","50","0.1","0.5","1","legal","targeted","70.89266021183681","15","99.42145179368555","99.42145179368555","75","80","80","fixed","1","1","50","1575","18","50","21835940","v2.0-design-v1.0","41.6","0.2","41.4","99.9187982135607","true","35.90399999999999","35.704","50","58.4","2","500","584","584","0","0","0","0","0","2836","2461","2","360","13","0","362","0","4","4","1000","1997","3.994","69","4.876858389142303","0","41.9","3.611111111111111","10","709","750"
"889","BA","1000","2","0.1","50","0.1","0.5","1","legal","targeted","70.89266021183681","15","99.42145179368555","99.42145179368555","75","80","80","fixed","1","1","50","1575","19","50","21835941","v2.0-design-v1.0","39.300000000000004","0.3","39.00000000000001","99.878983461073","true","36.707999999999984","36.468","50","60.699999999999996","3","500","607","607","0","0","0","0","0","2836","2476","3","340","17","0","343","0","4","4","1000","1997","3.994","84","4.937848351898449","0","40.4","3.6262626262626263","10","709","750"
"890","BA","1000","2","0.1","50","0.1","0.5","1","legal","targeted","70.89266021183681","15","99.42145179368555","99.42145179368555","75","80","80","fixed","1","1","50","1575","20","50","21835942","v2.0-design-v1.0","40.6","0.3","40.300000000000004","99.87689782519492","true","35.753999999999984","35.454","50","59.4","3","500","594","594","0","0","0","0","0","2836","2434","3","382","17","0","385","0","4","4","1000","1997","3.994","79","4.943521255380857","0","38.4","3.6464646464646466","10","709","750"
"891","BA","1000","2","0.1","50","0.1","0.5","1","legal","targeted","70.89266021183681","15","99.42145179368555","99.42145179368555","75","80","80","fixed","1","1","50","1575","21","50","21835943","v2.0-design-v1.0","41.900000000000006","0","41.900000000000006","100","true","35.564","35.564","50","58.099999999999994","0","500","581","581","0","0","0","0","0","2836","2492","0","334","10","0","334","0","4","4","1000","1997","3.994","150","6.82000560677752","0","54","3.488888888888889","10","709","750"
"892","BA","1000","2","0.1","50","0.1","0.5","1","legal","targeted","70.89266021183681","15","99.42145179368555","99.42145179368555","75","80","80","fixed","1","1","50","1575","22","50","21835944","v2.0-design-v1.0","41.900000000000006","0.1","41.800000000000004","99.95911692559281","true","36.226","36.126","50","58.099999999999994","1","500","581","581","0","0","0","0","0","2836","2445","1","375","15","0","376","0","4","4","1000","1997","3.994","72","5.447718939303084","0","46","3.56969696969697","10","709","750"
"893","BA","1000","2","0.1","50","0.1","0.5","1","legal","targeted","70.89266021183681","15","99.42145179368555","99.42145179368555","75","80","80","fixed","1","1","50","1575","23","50","21835945","v2.0-design-v1.0","40.7","0.3","40.400000000000006","99.87770077456176","true","37.245999999999995","37.096","50","59.3","3","500","593","593","0","0","0","0","0","2836","2450","3","373","10","0","376","0","4","4","1000","1997","3.994","87","5.282032171793707","0","42.2","3.608080808080808","10","709","750"
"894","BA","1000","2","0.1","50","0.1","0.5","1","legal","targeted","70.89266021183681","15","99.42145179368555","99.42145179368555","75","80","80","fixed","1","1","50","1575","24","50","21835946","v2.0-design-v1.0","41.900000000000006","0.2","41.7","99.91922455573506","true","35.906","35.766","50","58.099999999999994","2","500","581","581","0","0","0","0","0","2836","2474","2","347","13","0","349","0","4","4","1000","1997","3.994","79","5.346826400076264","0","47.2","3.5575757575757576","10","709","750"
"895","BA","1000","2","0.1","50","0.1","0.5","1","legal","targeted","70.89266021183681","15","99.42145179368555","99.42145179368555","75","80","80","fixed","1","1","50","1575","25","50","21835947","v2.0-design-v1.0","39","0.4","38.6","99.83838383838383","true","35.906","35.50599999999999","50","61","4","500","610","610","0","0","0","0","0","2836","2471","4","349","12","0","353","0","4","4","1000","1997","3.994","80","5.480693569430962","0","46.1","3.5686868686868687","10","709","750"
"896","BA","1000","2","0.1","50","0.1","0.5","1","legal","targeted","70.89266021183681","15","99.42145179368555","99.42145179368555","75","80","80","fixed","1","1","50","1575","26","50","21835948","v2.0-design-v1.0","44.199999999999996","0.3","43.9","99.87873888439773","true","35.582","35.282000000000004","50","55.800000000000004","3","500","558","558","0","0","0","0","0","2836","2471","3","349","13","0","352","0","4","4","1000","1997","3.994","94","5.5435272791513","0","46.3","3.566666666666667","10","709","750"
"897","BA","1000","2","0.1","50","0.1","0.5","1","legal","targeted","70.89266021183681","15","99.42145179368555","99.42145179368555","75","80","80","fixed","1","1","50","1575","27","50","21835949","v2.0-design-v1.0","40.800000000000004","0.3","40.50000000000001","99.87799918666124","true","35.033999999999985","34.794000000000004","50","59.199999999999996","3","500","592","592","0","0","0","0","0","2836","2456","3","363","14","0","366","0","4","4","1000","1997","3.994","85","5.2239116812263555","0","43.1","3.598989898989899","10","709","750"
"898","BA","1000","2","0.1","50","0.1","0.5","1","legal","targeted","70.89266021183681","15","99.42145179368555","99.42145179368555","75","80","80","fixed","1","1","50","1575","28","50","21835950","v2.0-design-v1.0","42.00000000000001","0.4","41.60000000000001","99.83792544570503","true","35.85199999999999","35.512","50","57.99999999999999","4","500","580","580","0","0","0","0","0","2836","2464","4","357","11","0","361","0","4","4","1000","1997","3.994","98","5.315846331697533","0","42.7","3.603030303030303","10","709","750"
"899","BA","1000","2","0.1","50","0.1","0.5","1","legal","targeted","70.89266021183681","15","99.42145179368555","99.42145179368555","75","80","80","fixed","1","1","50","1575","29","50","21835951","v2.0-design-v1.0","42.00000000000001","0.2","41.800000000000004","99.91922455573506","true","35.8","35.69","50","57.99999999999999","2","500","580","580","0","0","0","0","0","2836","2474","2","347","13","0","349","0","4","4","1000","1997","3.994","120","6.381746680235049","0","53.2","3.496969696969697","10","709","750"
"900","BA","1000","2","0.1","50","0.1","0.5","1","legal","targeted","70.89266021183681","15","99.42145179368555","99.42145179368555","75","80","80","fixed","1","1","50","1575","30","50","21835952","v2.0-design-v1.0","41.5","0.4","41.1","99.83739837398375","true","35.627999999999986","35.288000000000004","50","58.5","4","500","585","585","0","0","0","0","0","2836","2456","4","360","16","0","364","0","4","4","1000","1997","3.994","115","5.90955894182359","0","49.6","3.533333333333333","10","709","750"
"901","BA","1000","2","0.1","50","0.1","0.5","1","legal","targeted","89.10397005603853","16","86.82119461348695","86.82119461348695","75","80","80","fixed","1","1","50","1576","1","50","21836923","v2.0-design-v1.0","75.1","6.1","69","97.79783393501805","true","37.21400000000001","31.945999999999998","50","24.9","61","500","249","249","0","0","0","0","0","3564","2709","61","418","376","0","479","0","4","4","1000","1997","3.994","110","5.640192884625109","0","47.1","3.5585858585858587","10","891","750"
"902","BA","1000","2","0.1","50","0.1","0.5","1","legal","targeted","89.10397005603853","16","86.82119461348695","86.82119461348695","75","80","80","fixed","1","1","50","1576","2","50","21836924","v2.0-design-v1.0","72","5.6000000000000005","66.4","97.96806966618288","true","35.074000000000005","30.082000000000008","50","28.000000000000004","56","500","280","280","0","0","0","0","0","3564","2700","56","408","400","0","464","0","4","4","1000","1997","3.994","91","5.771071760883693","0","48.2","3.5474747474747477","10","891","750"
"903","BA","1000","2","0.1","50","0.1","0.5","1","legal","targeted","89.10397005603853","16","86.82119461348695","86.82119461348695","75","80","80","fixed","1","1","50","1576","3","50","21836925","v2.0-design-v1.0","74.9","6.4","68.5","97.60589318600368","true","36.331999999999994","30.540000000000006","50","25.1","64","500","251","251","0","0","0","0","0","3564","2650","65","432","417","0","497","0","4","4","1000","1997","3.994","80","5.405847499438648","0","43.8","3.591919191919192","10","891","750"
"904","BA","1000","2","0.1","50","0.1","0.5","1","legal","targeted","89.10397005603853","16","86.82119461348695","86.82119461348695","75","80","80","fixed","1","1","50","1576","4","50","21836926","v2.0-design-v1.0","71.3","4.9","66.39999999999999","98.2110259218693","true","34.32400000000001","29.743999999999996","50","28.7","49","500","287","287","0","0","0","0","0","3564","2690","49","408","417","0","457","0","4","4","1000","1997","3.994","68","5.319987431025204","0","46.6","3.5636363636363635","10","891","750"
"905","BA","1000","2","0.1","50","0.1","0.5","1","legal","targeted","89.10397005603853","16","86.82119461348695","86.82119461348695","75","80","80","fixed","1","1","50","1576","5","50","21836927","v2.0-design-v1.0","71.1","6","65.1","97.80139245144743","true","36.118","30.790000000000006","50","28.9","60","500","289","289","0","0","0","0","0","3564","2669","60","419","416","0","479","0","4","4","1000","1997","3.994","79","5.31772904934448","0","44","3.5898989898989897","10","891","750"
"906","BA","1000","2","0.1","50","0.1","0.5","1","legal","targeted","89.10397005603853","16","86.82119461348695","86.82119461348695","75","80","80","fixed","1","1","50","1576","6","50","21836928","v2.0-design-v1.0","74.3","6.800000000000001","67.5","97.4829198130169","true","37.17400000000001","31.366000000000003","50","25.7","68","500","257","257","0","0","0","0","0","3564","2711","70","411","372","0","481","0","4","4","1000","1997","3.994","75","5.41028975520121","0","46.1","3.5686868686868687","10","891","750"
"907","BA","1000","2","0.1","50","0.1","0.5","1","legal","targeted","89.10397005603853","16","86.82119461348695","86.82119461348695","75","80","80","fixed","1","1","50","1576","7","50","21836929","v2.0-design-v1.0","72","5.3","66.7","98.05218669606762","true","35.016000000000005","30.548000000000002","50","28.000000000000004","53","500","280","280","0","0","0","0","0","3564","2668","53","404","439","0","457","0","4","4","1000","1997","3.994","97","4.937645627659426","0","35.4","3.676767676767677","10","891","750"
"908","BA","1000","2","0.1","50","0.1","0.5","1","legal","targeted","89.10397005603853","16","86.82119461348695","86.82119461348695","75","80","80","fixed","1","1","50","1576","8","50","21836930","v2.0-design-v1.0","72.6","6.4","66.19999999999999","97.68535262206149","true","37.482","31.91399999999999","50","27.400000000000002","64","500","274","274","0","0","0","0","0","3564","2701","64","418","381","0","482","0","4","4","1000","1997","3.994","65","5.087223588937658","0","43.5","3.594949494949495","10","891","750"
"909","BA","1000","2","0.1","50","0.1","0.5","1","legal","targeted","89.10397005603853","16","86.82119461348695","86.82119461348695","75","80","80","fixed","1","1","50","1576","9","50","21836931","v2.0-design-v1.0","70.3","6.5","63.8","97.65173410404624","true","35.57599999999999","30.004","50","29.7","65","500","297","297","0","0","0","0","0","3564","2703","65","379","417","0","444","0","4","4","1000","1997","3.994","71","5.173657384358828","0","41.8","3.6121212121212123","10","891","750"
"910","BA","1000","2","0.1","50","0.1","0.5","1","legal","targeted","89.10397005603853","16","86.82119461348695","86.82119461348695","75","80","80","fixed","1","1","50","1576","10","50","21836932","v2.0-design-v1.0","71.4","5.800000000000001","65.60000000000001","97.88706739526411","true","35.78200000000001","30.686","50","28.599999999999998","58","500","286","286","0","0","0","0","0","3564","2687","58","405","414","0","463","0","4","4","1000","1997","3.994","88","5.502930696115131","0","46.2","3.5676767676767676","10","891","750"
"911","BA","1000","2","0.1","50","0.1","0.5","1","legal","targeted","89.10397005603853","16","86.82119461348695","86.82119461348695","75","80","80","fixed","1","1","50","1576","11","50","21836933","v2.0-design-v1.0","75.1","6.800000000000001","68.3","97.47252747252747","true","35.174","29.206","50","24.9","68","500","249","249","0","0","0","0","0","3564","2661","69","417","417","0","486","0","4","4","1000","1997","3.994","83","5.598688177538488","0","48.4","3.5454545454545454","10","891","750"
"912","BA","1000","2","0.1","50","0.1","0.5","1","legal","targeted","89.10397005603853","16","86.82119461348695","86.82119461348695","75","80","80","fixed","1","1","50","1576","12","50","21836934","v2.0-design-v1.0","70.2","6.7","63.5","97.48999636231358","true","34.724","28.82400000000001","50","29.799999999999997","67","500","298","298","0","0","0","0","0","3564","2680","69","388","427","0","457","0","4","4","1000","1997","3.994","76","5.63486607788647","0","47.5","3.5545454545454547","10","891","750"
"913","BA","1000","2","0.1","50","0.1","0.5","1","legal","targeted","89.10397005603853","16","86.82119461348695","86.82119461348695","75","80","80","fixed","1","1","50","1576","13","50","21836935","v2.0-design-v1.0","74.4","6","68.4","97.83705839942321","true","37.35999999999999","32.256","50","25.6","60","500","256","256","0","0","0","0","0","3564","2714","60","411","379","0","471","0","4","4","1000","1997","3.994","113","5.746563058645312","0","43.6","3.5939393939393938","10","891","750"
"915","BA","1000","2","0.1","50","0.1","0.5","1","legal","targeted","89.10397005603853","16","86.82119461348695","86.82119461348695","75","80","80","fixed","1","1","50","1576","15","50","21836937","v2.0-design-v1.0","72.1","6.4","65.69999999999999","97.61560693641619","true","37.483999999999995","32.23599999999999","50","27.900000000000002","64","500","279","279","0","0","0","0","0","3564","2702","66","404","392","0","470","0","4","4","1000","1997","3.994","59","4.9323718728713315","0","40.4","3.6262626262626263","10","891","750"
"916","BA","1000","2","0.1","50","0.1","0.5","1","legal","targeted","89.10397005603853","16","86.82119461348695","86.82119461348695","75","80","80","fixed","1","1","50","1576","16","50","21836938","v2.0-design-v1.0","73.9","5.5","68.4","97.96954314720813","true","35.64799999999999","30.692000000000004","50","26.1","55","500","261","261","0","0","0","0","0","3564","2702","56","386","420","0","442","0","4","4","1000","1997","3.994","70","5.050888582761987","0","43.3","3.596969696969697","10","891","750"
"914","BA","1000","2","0.1","50","0.1","0.5","1","legal","targeted","89.10397005603853","16","86.82119461348695","86.82119461348695","75","80","80","fixed","1","1","50","1576","14","50","21836936","v2.0-design-v1.0","72.7","6","66.7","97.80461031833151","true","35.17","30.06600000000001","50","27.3","60","500","273","273","0","0","0","0","0","3564","2673","60","409","422","0","469","0","4","4","1000","1997","3.994","96","5.294336029569137","0","43.1","3.598989898989899","10","891","750"
"917","BA","1000","2","0.1","50","0.1","0.5","1","legal","targeted","89.10397005603853","16","86.82119461348695","86.82119461348695","75","80","80","fixed","1","1","50","1576","17","50","21836939","v2.0-design-v1.0","72.4","6.2","66.2","97.75930610769787","true","36.13800000000001","31.058000000000003","50","27.6","62","500","276","276","0","0","0","0","0","3564","2705","62","382","415","0","444","0","4","4","1000","1997","3.994","62","4.801564226272406","0","40.2","3.628282828282828","10","891","750"
"918","BA","1000","2","0.1","50","0.1","0.5","1","legal","targeted","89.10397005603853","16","86.82119461348695","86.82119461348695","75","80","80","fixed","1","1","50","1576","18","50","21836940","v2.0-design-v1.0","72.8","5.800000000000001","67","97.83008458992276","true","37.146","32.018","50","27.200000000000003","58","500","272","272","0","0","0","0","0","3564","2660","59","440","405","0","499","0","4","4","1000","1997","3.994","68","5.028045867456374","0","40.5","3.625252525252525","10","891","750"
"919","BA","1000","2","0.1","50","0.1","0.5","1","legal","targeted","89.10397005603853","16","86.82119461348695","86.82119461348695","75","80","80","fixed","1","1","50","1576","19","50","21836941","v2.0-design-v1.0","74.2","6","68.2","97.81420765027322","true","35.312000000000005","29.887999999999998","50","25.8","60","500","258","258","0","0","0","0","0","3564","2685","60","397","422","0","457","0","4","4","1000","1997","3.994","74","5.202598488354736","0","43.3","3.596969696969697","10","891","750"
"920","BA","1000","2","0.1","50","0.1","0.5","1","legal","targeted","89.10397005603853","16","86.82119461348695","86.82119461348695","75","80","80","fixed","1","1","50","1576","20","50","21836942","v2.0-design-v1.0","70","5.5","64.5","97.93178519593614","true","35.761999999999986","31.093999999999998","50","30","55","500","300","300","0","0","0","0","0","3564","2699","57","407","401","0","464","0","4","4","1000","1997","3.994","76","5.401401590248504","0","45.2","3.577777777777778","10","891","750"
"921","BA","1000","2","0.1","50","0.1","0.5","1","legal","targeted","89.10397005603853","16","86.82119461348695","86.82119461348695","75","80","80","fixed","1","1","50","1576","21","50","21836943","v2.0-design-v1.0","72.3","6.5","65.8","97.6508854354897","true","35.44799999999999","29.46","50","27.700000000000003","65","500","277","277","0","0","0","0","0","3564","2702","65","399","398","0","464","0","4","4","1000","1997","3.994","82","5.829231848532356","0","50.5","3.5242424242424244","10","891","750"
"922","BA","1000","2","0.1","50","0.1","0.5","1","legal","targeted","89.10397005603853","16","86.82119461348695","86.82119461348695","75","80","80","fixed","1","1","50","1576","22","50","21836944","v2.0-design-v1.0","71.5","5.3","66.2","98.02052785923753","true","36.773999999999994","32.402","50","28.499999999999996","53","500","285","285","0","0","0","0","0","3564","2674","54","419","417","0","473","0","4","4","1000","1997","3.994","73","4.7838111217782","0","38.1","3.6494949494949496","10","891","750"
"923","BA","1000","2","0.1","50","0.1","0.5","1","legal","targeted","89.10397005603853","16","86.82119461348695","86.82119461348695","75","80","80","fixed","1","1","50","1576","23","50","21836945","v2.0-design-v1.0","70.1","7.000000000000001","63.099999999999994","97.38276990185388","true","36.508","30.724","50","29.9","70","500","299","299","0","0","0","0","0","3564","2679","72","390","423","0","462","0","4","4","1000","1997","3.994","123","5.848261807252334","0","44.8","3.581818181818182","10","891","750"
"924","BA","1000","2","0.1","50","0.1","0.5","1","legal","targeted","89.10397005603853","16","86.82119461348695","86.82119461348695","75","80","80","fixed","1","1","50","1576","24","50","21836946","v2.0-design-v1.0","71.7","6.6000000000000005","65.10000000000001","97.59475218658892","true","34.536","28.703999999999986","50","28.299999999999997","66","500","283","283","0","0","0","0","0","3564","2678","66","380","440","0","446","0","4","4","1000","1997","3.994","112","5.906339716681494","0","47.7","3.5525252525252524","10","891","750"
"925","BA","1000","2","0.1","50","0.1","0.5","1","legal","targeted","89.10397005603853","16","86.82119461348695","86.82119461348695","75","80","80","fixed","1","1","50","1576","25","50","21836947","v2.0-design-v1.0","73.9","8.200000000000001","65.7","97.00839109813937","true","36.594000000000015","29.929999999999996","50","26.1","82","500","261","261","0","0","0","0","0","3564","2659","82","426","397","0","508","0","4","4","1000","1997","3.994","58","4.824234367983916","0","40","3.6303030303030304","10","891","750"
"926","BA","1000","2","0.1","50","0.1","0.5","1","legal","targeted","89.10397005603853","16","86.82119461348695","86.82119461348695","75","80","80","fixed","1","1","50","1576","26","50","21836948","v2.0-design-v1.0","72.6","5.4","67.19999999999999","98.03779069767442","true","36.23799999999999","31.67","50","27.400000000000002","54","500","274","274","0","0","0","0","0","3564","2698","54","402","410","0","456","0","4","4","1000","1997","3.994","73","4.814680170597524","0","37.2","3.6585858585858584","10","891","750"
"927","BA","1000","2","0.1","50","0.1","0.5","1","legal","targeted","89.10397005603853","16","86.82119461348695","86.82119461348695","75","80","80","fixed","1","1","50","1576","27","50","21836949","v2.0-design-v1.0","70.6","6.800000000000001","63.8","97.51552795031056","true","36.192","30.288","50","29.4","68","500","294","294","0","0","0","0","0","3564","2669","68","425","402","0","493","0","4","4","1000","1997","3.994","95","5.438339777867823","0","45.7","3.5727272727272728","10","891","750"
"928","BA","1000","2","0.1","50","0.1","0.5","1","legal","targeted","89.10397005603853","16","86.82119461348695","86.82119461348695","75","80","80","fixed","1","1","50","1576","28","50","21836950","v2.0-design-v1.0","70.5","5.1","65.4","98.04860088365243","true","35.29599999999999","30.899999999999995","50","29.5","51","500","295","295","0","0","0","0","0","3564","2663","53","423","425","0","476","0","4","4","1000","1997","3.994","71","4.952624808371053","0","39.8","3.632323232323232","10","891","750"
"929","BA","1000","2","0.1","50","0.1","0.5","1","legal","targeted","89.10397005603853","16","86.82119461348695","86.82119461348695","75","80","80","fixed","1","1","50","1576","29","50","21836951","v2.0-design-v1.0","73.5","6.7","66.8","97.40212221002561","true","36.28599999999999","30.449999999999985","50","26.5","67","500","265","265","0","0","0","0","0","3564","2662","71","418","413","0","489","0","4","4","1000","1997","3.994","81","5.43373623665056","0","45","3.5797979797979798","10","891","750"
"930","BA","1000","2","0.1","50","0.1","0.5","1","legal","targeted","89.10397005603853","16","86.82119461348695","86.82119461348695","75","80","80","fixed","1","1","50","1576","30","50","21836952","v2.0-design-v1.0","74.8","5.8999999999999995","68.89999999999999","97.82372143634385","true","36.164","31.159999999999997","50","25.2","59","500","252","252","0","0","0","0","0","3564","2697","60","399","408","0","459","0","4","4","1000","1997","3.994","96","5.696350797871587","0","47.2","3.5575757575757576","10","891","750"
"931","BA","1000","2","0.1","50","0.1","0.5","1","legal","targeted","99.10438769546754","1","95.45596601070203","95.45596601070203","75","80","80","fixed","1","1","50","1577","1","50","21837923","v2.0-design-v1.0","100","88.8","11.200000000000003","22.048066875653085","true","99.95","39.417999999999985","50","0","888","500","0","0","991","0","41","950","0","49550","633","2238","46655","24","991","48893","99.1","50","50","1000","1997","3.994","70","4.980639594547139","0","41.1","3.6191919191919193","10","991","750"
"932","BA","1000","2","0.1","50","0.1","0.5","1","legal","targeted","99.10438769546754","1","95.45596601070203","95.45596601070203","75","80","80","fixed","1","1","50","1577","2","50","21837924","v2.0-design-v1.0","100","90","10","21.54774582889599","true","99.928","37.959999999999994","50","0","900","500","0","0","991","0","45","946","0","49550","607","2210","46705","28","991","48915","99.1","50","50","1000","1997","3.994","104","5.101959818931732","0","39","3.6404040404040403","10","991","750"
"933","BA","1000","2","0.1","50","0.1","0.5","1","legal","targeted","99.10438769546754","1","95.45596601070203","95.45596601070203","75","80","80","fixed","1","1","50","1577","3","50","21837925","v2.0-design-v1.0","100","90.8","9.200000000000003","20.92210967516591","true","99.92","39.22799999999999","50","0","908","500","0","0","991","0","58","933","0","49550","599","2264","46655","32","991","48919","99.1","50","50","1000","1997","3.994","78","5.2721684115513305","0","43.8","3.591919191919192","10","991","750"
"934","BA","1000","2","0.1","50","0.1","0.5","1","legal","targeted","99.10438769546754","1","95.45596601070203","95.45596601070203","75","80","80","fixed","1","1","50","1577","4","50","21837926","v2.0-design-v1.0","100","89.8","10.200000000000003","21.09181141439206","true","99.936","40.736","50","0","898","500","0","0","991","0","36","955","0","49550","595","2226","46702","27","991","48928","99.1","50","50","1000","1997","3.994","91","5.553449811135837","0","45","3.5797979797979798","10","991","750"
"935","BA","1000","2","0.1","50","0.1","0.5","1","legal","targeted","99.10438769546754","1","95.45596601070203","95.45596601070203","75","80","80","fixed","1","1","50","1577","5","50","21837927","v2.0-design-v1.0","100","88.9","11.099999999999994","21.609113563545744","true","99.926","39.15199999999999","50","0","889","500","0","0","991","0","42","949","0","49550","607","2202","46712","29","991","48914","99.1","50","50","1000","1997","3.994","104","5.85048649192461","0","48.7","3.5424242424242425","10","991","750"
"936","BA","1000","2","0.1","50","0.1","0.5","1","legal","targeted","99.10438769546754","1","95.45596601070203","95.45596601070203","75","80","80","fixed","1","1","50","1577","6","50","21837928","v2.0-design-v1.0","100","89.1","10.900000000000006","21.335217237725185","true","99.93799999999999","39.44","50","0","891","500","0","0","991","0","41","950","0","49550","604","2227","46695","24","991","48922","99.1","50","50","1000","1997","3.994","95","5.611903193877938","0","46.9","3.5606060606060606","10","991","750"
"937","BA","1000","2","0.1","50","0.1","0.5","1","legal","targeted","99.10438769546754","1","95.45596601070203","95.45596601070203","75","80","80","fixed","1","1","50","1577","7","50","21837929","v2.0-design-v1.0","100","88.9","11.099999999999994","21.29860863360685","true","99.94","39.31599999999999","50","0","889","500","0","0","991","0","33","958","0","49550","597","2206","46725","22","991","48931","99.1","50","50","1000","1997","3.994","91","5.298682858979197","0","44.5","3.584848484848485","10","991","750"
"938","BA","1000","2","0.1","50","0.1","0.5","1","legal","targeted","99.10438769546754","1","95.45596601070203","95.45596601070203","75","80","80","fixed","1","1","50","1577","8","50","21837930","v2.0-design-v1.0","100","91.60000000000001","8.399999999999991","21.103448275862068","true","99.94200000000001","38.385999999999996","50","0","916","500","0","0","991","0","52","939","0","49550","612","2288","46628","22","991","48916","99.1","50","50","1000","1997","3.994","73","5.0564346660004835","0","41.6","3.614141414141414","10","991","750"
"939","BA","1000","2","0.1","50","0.1","0.5","1","legal","targeted","99.10438769546754","1","95.45596601070203","95.45596601070203","75","80","80","fixed","1","1","50","1577","9","50","21837931","v2.0-design-v1.0","100","89","11","21.795332136445243","true","99.934","40.61000000000001","50","0","890","500","0","0","991","0","44","947","0","49550","607","2178","46740","25","991","48918","99.1","50","50","1000","1997","3.994","104","5.560115005903998","0","43.9","3.590909090909091","10","991","750"
"940","BA","1000","2","0.1","50","0.1","0.5","1","legal","targeted","99.10438769546754","1","95.45596601070203","95.45596601070203","75","80","80","fixed","1","1","50","1577","10","50","21837932","v2.0-design-v1.0","100","89.3","10.700000000000003","21.17229129662522","true","99.932","38.29800000000001","50","0","893","500","0","0","991","0","55","936","0","49550","596","2219","46709","26","991","48928","99.1","50","50","1000","1997","3.994","85","5.340082441356159","0","44.5","3.584848484848485","10","991","750"
"941","BA","1000","2","0.1","50","0.1","0.5","1","legal","targeted","99.10438769546754","1","95.45596601070203","95.45596601070203","75","80","80","fixed","1","1","50","1577","11","50","21837933","v2.0-design-v1.0","100","90.60000000000001","9.399999999999991","21.084552265429895","true","99.95","39.91600000000001","50","0","906","500","0","0","991","0","58","933","0","49550","591","2212","46727","20","991","48939","99.1","50","50","1000","1997","3.994","65","5.198363875969718","0","44.4","3.585858585858586","10","991","750"
"942","BA","1000","2","0.1","50","0.1","0.5","1","legal","targeted","99.10438769546754","1","95.45596601070203","95.45596601070203","75","80","80","fixed","1","1","50","1577","12","50","21837934","v2.0-design-v1.0","100","89.60000000000001","10.399999999999991","20.799719396702912","true","99.926","39.916","50","0","896","500","0","0","991","0","45","946","0","49550","593","2258","46668","31","991","48926","99.1","50","50","1000","1997","3.994","87","5.192198274615757","0","43.6","3.5939393939393938","10","991","750"
"943","BA","1000","2","0.1","50","0.1","0.5","1","legal","targeted","99.10438769546754","1","95.45596601070203","95.45596601070203","75","80","80","fixed","1","1","50","1577","13","50","21837935","v2.0-design-v1.0","100","90.2","9.799999999999997","20.997191011235955","true","99.962","38.864000000000004","50","0","902","500","0","0","991","0","43","948","0","49550","598","2250","46687","15","991","48937","99.1","50","50","1000","1997","3.994","58","5.144748043629768","0","44.8","3.581818181818182","10","991","750"
"944","BA","1000","2","0.1","50","0.1","0.5","1","legal","targeted","99.10438769546754","1","95.45596601070203","95.45596601070203","75","80","80","fixed","1","1","50","1577","14","50","21837936","v2.0-design-v1.0","100","89.1","10.900000000000006","21.59526297457332","true","99.91","38.25200000000001","50","0","891","500","0","0","991","0","44","947","0","49550","620","2251","46640","39","991","48891","99.1","50","50","1000","1997","3.994","89","5.299438465351589","0","41.8","3.6121212121212123","10","991","750"
"945","BA","1000","2","0.1","50","0.1","0.5","1","legal","targeted","99.10438769546754","1","95.45596601070203","95.45596601070203","75","80","80","fixed","1","1","50","1577","15","50","21837937","v2.0-design-v1.0","100","89.7","10.299999999999997","21.6454802259887","true","99.932","38.326","50","0","897","500","0","0","991","0","47","944","0","49550","613","2219","46690","28","991","48909","99.1","50","50","1000","1997","3.994","62","4.701496364783024","0","39","3.6404040404040403","10","991","750"
"946","BA","1000","2","0.1","50","0.1","0.5","1","legal","targeted","99.10438769546754","1","95.45596601070203","95.45596601070203","75","80","80","fixed","1","1","50","1577","16","50","21837938","v2.0-design-v1.0","100","91.3","8.700000000000003","21.050763223287188","true","99.932","39.34","50","0","913","500","0","0","991","0","47","944","0","49550","593","2224","46704","29","991","48928","99.1","50","50","1000","1997","3.994","89","5.321868683675519","0","44.7","3.5828282828282827","10","991","750"
"947","BA","1000","2","0.1","50","0.1","0.5","1","legal","targeted","99.10438769546754","1","95.45596601070203","95.45596601070203","75","80","80","fixed","1","1","50","1577","17","50","21837939","v2.0-design-v1.0","100","88.8","11.200000000000003","21.491693177801345","true","99.92","39.77199999999999","50","0","888","500","0","0","991","0","41","950","0","49550","608","2221","46688","33","991","48909","99.1","50","50","1000","1997","3.994","44","4.794053289956932","0","37.3","3.6575757575757577","10","991","750"
"948","BA","1000","2","0.1","50","0.1","0.5","1","legal","targeted","99.10438769546754","1","95.45596601070203","95.45596601070203","75","80","80","fixed","1","1","50","1577","18","50","21837940","v2.0-design-v1.0","100","89.5","10.5","21.355813136635053","true","99.936","38.46000000000001","50","0","895","500","0","0","991","0","49","942","0","49550","608","2239","46676","27","991","48915","99.1","50","50","1000","1997","3.994","86","5.243611299425175","0","43.7","3.592929292929293","10","991","750"
"949","BA","1000","2","0.1","50","0.1","0.5","1","legal","targeted","99.10438769546754","1","95.45596601070203","95.45596601070203","75","80","80","fixed","1","1","50","1577","19","50","21837941","v2.0-design-v1.0","100","90.4","9.599999999999994","21.150473518063837","true","99.91","39.054","50","0","904","500","0","0","991","0","32","959","0","49550","603","2248","46657","42","991","48905","99.1","50","50","1000","1997","3.994","101","5.735753033635842","0","48.1","3.5484848484848484","10","991","750"
"950","BA","1000","2","0.1","50","0.1","0.5","1","legal","targeted","99.10438769546754","1","95.45596601070203","95.45596601070203","75","80","80","fixed","1","1","50","1577","20","50","21837942","v2.0-design-v1.0","100","89.5","10.5","21.326676176890157","true","99.932","40.516000000000005","50","0","895","500","0","0","991","0","43","948","0","49550","598","2206","46719","27","991","48925","99.1","50","50","1000","1997","3.994","113","5.602262877565569","0","45","3.5797979797979798","10","991","750"
"951","BA","1000","2","0.1","50","0.1","0.5","1","legal","targeted","99.10438769546754","1","95.45596601070203","95.45596601070203","75","80","80","fixed","1","1","50","1577","21","50","21837943","v2.0-design-v1.0","100","89.60000000000001","10.399999999999991","22.066738428417654","true","99.94","39.468","50","0","896","500","0","0","991","0","40","951","0","49550","615","2172","46740","23","991","48912","99.1","50","50","1000","1997","3.994","115","5.553089302433442","0","43.1","3.598989898989899","10","991","750"
"952","BA","1000","2","0.1","50","0.1","0.5","1","legal","targeted","99.10438769546754","1","95.45596601070203","95.45596601070203","75","80","80","fixed","1","1","50","1577","22","50","21837944","v2.0-design-v1.0","100","90.9","9.099999999999994","21.015761821366024","true","99.94","38.39199999999999","50","0","909","500","0","0","991","0","51","940","0","49550","600","2255","46670","25","991","48925","99.1","50","50","1000","1997","3.994","64","4.805731896294152","0","40.4","3.6262626262626263","10","991","750"
"953","BA","1000","2","0.1","50","0.1","0.5","1","legal","targeted","99.10438769546754","1","95.45596601070203","95.45596601070203","75","80","80","fixed","1","1","50","1577","23","50","21837945","v2.0-design-v1.0","100","91.7","8.299999999999997","21.527041357370095","true","99.91799999999999","38.396","50","0","917","500","0","0","991","0","50","941","0","49550","609","2220","46686","35","991","48906","99.1","50","50","1000","1997","3.994","72","4.994287427342046","0","42.3","3.607070707070707","10","991","750"
"954","BA","1000","2","0.1","50","0.1","0.5","1","legal","targeted","99.10438769546754","1","95.45596601070203","95.45596601070203","75","80","80","fixed","1","1","50","1577","24","50","21837946","v2.0-design-v1.0","100","89","11","21.039776692254012","true","99.93","39.46200000000001","50","0","890","500","0","0","991","0","44","947","0","49550","603","2263","46653","31","991","48916","99.1","50","50","1000","1997","3.994","73","5.096266862708023","0","42.9","3.601010101010101","10","991","750"
"955","BA","1000","2","0.1","50","0.1","0.5","1","legal","targeted","99.10438769546754","1","95.45596601070203","95.45596601070203","75","80","80","fixed","1","1","50","1577","25","50","21837947","v2.0-design-v1.0","100","90.8","9.200000000000003","20.62888735314444","true","99.936","38.267999999999994","50","0","908","500","0","0","991","0","46","945","0","49550","597","2297","46628","28","991","48925","99.1","50","50","1000","1997","3.994","79","5.263617545915507","0","44.2","3.587878787878788","10","991","750"
"956","BA","1000","2","0.1","50","0.1","0.5","1","legal","targeted","99.10438769546754","1","95.45596601070203","95.45596601070203","75","80","80","fixed","1","1","50","1577","26","50","21837948","v2.0-design-v1.0","100","91.10000000000001","8.899999999999991","22.12674543501611","true","99.936","38.366","50","0","911","500","0","0","991","0","53","938","0","49550","618","2175","46729","28","991","48904","99.1","50","50","1000","1997","3.994","63","4.785484809803997","0","39.8","3.632323232323232","10","991","750"
"957","BA","1000","2","0.1","50","0.1","0.5","1","legal","targeted","99.10438769546754","1","95.45596601070203","95.45596601070203","75","80","80","fixed","1","1","50","1577","27","50","21837949","v2.0-design-v1.0","100","89.7","10.299999999999997","21.725125268432354","true","99.936","39.556","50","0","897","500","0","0","991","0","63","928","0","49550","607","2187","46728","28","991","48915","99.1","50","50","1000","1997","3.994","87","5.094695272528065","0","41.1","3.6191919191919193","10","991","750"
"958","BA","1000","2","0.1","50","0.1","0.5","1","legal","targeted","99.10438769546754","1","95.45596601070203","95.45596601070203","75","80","80","fixed","1","1","50","1577","28","50","21837950","v2.0-design-v1.0","100","88.8","11.200000000000003","21.149012567324952","true","99.93799999999999","39.68400000000001","50","0","888","500","0","0","991","0","45","946","0","49550","589","2196","46738","27","991","48934","99.1","50","50","1000","1997","3.994","74","5.255052766583745","0","45.2","3.577777777777778","10","991","750"
"959","BA","1000","2","0.1","50","0.1","0.5","1","legal","targeted","99.10438769546754","1","95.45596601070203","95.45596601070203","75","80","80","fixed","1","1","50","1577","29","50","21837951","v2.0-design-v1.0","100","88.9","11.099999999999994","21.682378535170415","true","99.926","39.461999999999996","50","0","889","500","0","0","991","0","36","955","0","49550","598","2160","46762","30","991","48922","99.1","50","50","1000","1997","3.994","96","5.676282602565176","0","47.7","3.5525252525252524","10","991","750"
"960","BA","1000","2","0.1","50","0.1","0.5","1","legal","targeted","99.10438769546754","1","95.45596601070203","95.45596601070203","75","80","80","fixed","1","1","50","1577","30","50","21837952","v2.0-design-v1.0","100","90.10000000000001","9.899999999999991","21.978021978021978","true","99.914","39.19799999999999","50","0","901","500","0","0","991","0","45","946","0","49550","620","2201","46691","38","991","48892","99.1","50","50","1000","1997","3.994","79","5.496924611105747","0","47.8","3.5515151515151517","10","991","750"
"961","BA","1000","2","0.1","50","0.1","0.5","1","legal","targeted","31.085531739027118","10","89.79462256235256","89.79462256235256","75","80","80","fixed","1","1","50","1578","1","50","21838923","v2.0-design-v1.0","0.29999999999999716","1.5","-1.2000000000000028","98.83359253499222","true","12.152000000000003","10.691999999999998","50","99.7","15","500","997","997","0","0","0","0","0","1555","1271","15","104","165","0","119","0","5","5","1000","1997","3.994","93","4.961711658549147","0","38.8","3.6424242424242426","10","311","750"
"962","BA","1000","2","0.1","50","0.1","0.5","1","legal","targeted","31.085531739027118","10","89.79462256235256","89.79462256235256","75","80","80","fixed","1","1","50","1578","2","50","21838924","v2.0-design-v1.0","0.7000000000000028","1.5","-0.7999999999999972","98.83268482490273","true","12.992","11.572000000000001","50","99.3","15","500","993","993","0","0","0","0","0","1555","1270","15","127","143","0","142","0","5","5","1000","1997","3.994","58","4.827967820240024","0","39.5","3.6353535353535356","10","311","750"
"963","BA","1000","2","0.1","50","0.1","0.5","1","legal","targeted","31.085531739027118","10","89.79462256235256","89.79462256235256","75","80","80","fixed","1","1","50","1578","3","50","21838925","v2.0-design-v1.0","1","1.2","-0.19999999999999996","99.06542056074767","true","12.966","11.866","50","99","12","500","990","990","0","0","0","0","0","1555","1272","12","98","173","0","110","0","5","5","1000","1997","3.994","88","5.183515489784201","0","41.8","3.6121212121212123","10","311","750"
"964","BA","1000","2","0.1","50","0.1","0.5","1","legal","targeted","31.085531739027118","10","89.79462256235256","89.79462256235256","75","80","80","fixed","1","1","50","1578","4","50","21838926","v2.0-design-v1.0","0.5","2.1","-1.6","98.38957055214725","true","12.862","10.841999999999999","50","99.5","21","500","995","995","0","0","0","0","0","1555","1283","21","97","154","0","118","0","5","5","1000","1997","3.994","92","5.559034706391638","0","46.8","3.5616161616161617","10","311","750"
"965","BA","1000","2","0.1","50","0.1","0.5","1","legal","targeted","31.085531739027118","10","89.79462256235256","89.79462256235256","75","80","80","fixed","1","1","50","1578","5","50","21838927","v2.0-design-v1.0","0.20000000000000284","0.7000000000000001","-0.4999999999999972","99.46605644546148","true","12.978","12.278000000000002","50","99.8","7","500","998","998","0","0","0","0","0","1555","1304","7","100","144","0","107","0","5","5","1000","1997","3.994","111","5.972406017145349","0","47.6","3.5535353535353535","10","311","750"
"966","BA","1000","2","0.1","50","0.1","0.5","1","legal","targeted","31.085531739027118","10","89.79462256235256","89.79462256235256","75","80","80","fixed","1","1","50","1578","6","50","21838928","v2.0-design-v1.0","0.5999999999999943","1.6","-1.0000000000000058","98.74804381846636","true","12.742","11.221999999999998","50","99.4","16","500","994","994","0","0","0","0","0","1555","1262","16","122","155","0","138","0","5","5","1000","1997","3.994","105","5.7131956560758965","0","47.3","3.5565656565656565","10","311","750"
"968","BA","1000","2","0.1","50","0.1","0.5","1","legal","targeted","31.085531739027118","10","89.79462256235256","89.79462256235256","75","80","80","fixed","1","1","50","1578","8","50","21838930","v2.0-design-v1.0","0.5999999999999943","1.0999999999999999","-0.5000000000000056","99.15579432079817","true","13.384000000000004","12.283999999999994","50","99.4","11","500","994","994","0","0","0","0","0","1555","1292","11","115","137","0","126","0","5","5","1000","1997","3.994","83","5.401957529002337","0","46.3","3.566666666666667","10","311","750"
"969","BA","1000","2","0.1","50","0.1","0.5","1","legal","targeted","31.085531739027118","10","89.79462256235256","89.79462256235256","75","80","80","fixed","1","1","50","1578","9","50","21838931","v2.0-design-v1.0","0.09999999999999432","0.8999999999999999","-0.8000000000000056","99.30286599535243","true","13.13","12.370000000000006","50","99.9","9","500","999","999","0","0","0","0","0","1555","1282","9","102","162","0","111","0","5","5","1000","1997","3.994","70","5.319799269170234","0","45.5","3.5747474747474746","10","311","750"
"967","BA","1000","2","0.1","50","0.1","0.5","1","legal","targeted","31.085531739027118","10","89.79462256235256","89.79462256235256","75","80","80","fixed","1","1","50","1578","7","50","21838929","v2.0-design-v1.0","0.5999999999999943","1.6","-1.0000000000000058","98.75097580015613","true","13.165999999999997","11.606000000000003","50","99.4","16","500","994","994","0","0","0","0","0","1555","1265","16","129","145","0","145","0","5","5","1000","1997","3.994","83","5.3455157411178265","0","45.3","3.576767676767677","10","311","750"
"970","BA","1000","2","0.1","50","0.1","0.5","1","legal","targeted","31.085531739027118","10","89.79462256235256","89.79462256235256","75","80","80","fixed","1","1","50","1578","10","50","21838932","v2.0-design-v1.0","0.5999999999999943","1.4000000000000001","-0.8000000000000058","98.91472868217053","true","12.97","11.63","50","99.4","14","500","994","994","0","0","0","0","0","1555","1276","14","106","159","0","120","0","5","5","1000","1997","3.994","63","4.647317673837404","0","36.8","3.6626262626262625","10","311","750"
"971","BA","1000","2","0.1","50","0.1","0.5","1","legal","targeted","31.085531739027118","10","89.79462256235256","89.79462256235256","75","80","80","fixed","1","1","50","1578","11","50","21838933","v2.0-design-v1.0","0.4000000000000057","1.2","-0.7999999999999943","99.07904834996162","true","13.043999999999999","12.044000000000004","50","99.6","12","500","996","996","0","0","0","0","0","1555","1291","12","110","142","0","122","0","5","5","1000","1997","3.994","57","4.782974058140053","0","38.5","3.6454545454545455","10","311","750"
"972","BA","1000","2","0.1","50","0.1","0.5","1","legal","targeted","31.085531739027118","10","89.79462256235256","89.79462256235256","75","80","80","fixed","1","1","50","1578","12","50","21838934","v2.0-design-v1.0","0.4000000000000057","1.4000000000000001","-0.9999999999999944","98.84169884169884","true","13.134","11.813999999999998","50","99.6","14","500","996","996","0","0","0","0","0","1555","1280","15","109","151","0","124","0","5","5","1000","1997","3.994","64","5.177718877340935","0","42.8","3.602020202020202","10","311","750"
"973","BA","1000","2","0.1","50","0.1","0.5","1","legal","targeted","31.085531739027118","10","89.79462256235256","89.79462256235256","75","80","80","fixed","1","1","50","1578","13","50","21838935","v2.0-design-v1.0","1.0999999999999943","1.7999999999999998","-0.7000000000000055","98.61325115562404","true","13.18","11.459999999999997","50","98.9","18","500","989","989","0","0","0","0","0","1555","1280","18","112","145","0","130","0","5","5","1000","1997","3.994","59","5.024461086445902","0","42.1","3.609090909090909","10","311","750"
"974","BA","1000","2","0.1","50","0.1","0.5","1","legal","targeted","31.085531739027118","10","89.79462256235256","89.79462256235256","75","80","80","fixed","1","1","50","1578","14","50","21838936","v2.0-design-v1.0","0.4000000000000057","0.8","-0.39999999999999436","99.37007874015748","true","12.464","11.684000000000001","50","99.6","8","500","996","996","0","0","0","0","0","1555","1262","8","113","172","0","121","0","5","5","1000","1997","3.994","54","4.670522216816621","0","37.7","3.6535353535353536","10","311","750"
"975","BA","1000","2","0.1","50","0.1","0.5","1","legal","targeted","31.085531739027118","10","89.79462256235256","89.79462256235256","75","80","80","fixed","1","1","50","1578","15","50","21838937","v2.0-design-v1.0","0.4000000000000057","1.2","-0.7999999999999943","99.08396946564886","true","13.555999999999994","12.396","50","99.6","12","500","996","996","0","0","0","0","0","1555","1298","12","102","143","0","114","0","5","5","1000","1997","3.994","69","5.092140403984734","0","42.4","3.606060606060606","10","311","750"
"976","BA","1000","2","0.1","50","0.1","0.5","1","legal","targeted","31.085531739027118","10","89.79462256235256","89.79462256235256","75","80","80","fixed","1","1","50","1578","16","50","21838938","v2.0-design-v1.0","0.4000000000000057","1.3","-0.8999999999999944","98.98911353032659","true","13.242","12.102","50","99.6","13","500","996","996","0","0","0","0","0","1555","1273","13","132","137","0","145","0","5","5","1000","1997","3.994","69","4.718286365432488","0","38.8","3.6424242424242426","10","311","750"
"977","BA","1000","2","0.1","50","0.1","0.5","1","legal","targeted","31.085531739027118","10","89.79462256235256","89.79462256235256","75","80","80","fixed","1","1","50","1578","17","50","21838939","v2.0-design-v1.0","0.29999999999999716","1.3","-1.0000000000000029","98.99302865995352","true","13.911999999999999","12.772","50","99.7","13","500","997","997","0","0","0","0","0","1555","1278","13","120","144","0","133","0","5","5","1000","1997","3.994","75","4.911016400103143","0","39.2","3.6383838383838385","10","311","750"
"979","BA","1000","2","0.1","50","0.1","0.5","1","legal","targeted","31.085531739027118","10","89.79462256235256","89.79462256235256","75","80","80","fixed","1","1","50","1578","19","50","21838941","v2.0-design-v1.0","0.5","0.7000000000000001","-0.20000000000000007","99.45736434108528","true","13.07","12.369999999999996","50","99.5","7","500","995","995","0","0","0","0","0","1555","1283","7","123","142","0","130","0","5","5","1000","1997","3.994","71","4.942103639988571","0","39.4","3.6363636363636362","10","311","750"
"980","BA","1000","2","0.1","50","0.1","0.5","1","legal","targeted","31.085531739027118","10","89.79462256235256","89.79462256235256","75","80","80","fixed","1","1","50","1578","20","50","21838942","v2.0-design-v1.0","0.7000000000000028","0.8","-0.0999999999999972","99.38697318007664","true","13.402000000000008","12.622","50","99.3","8","500","993","993","0","0","0","0","0","1555","1297","8","117","133","0","125","0","5","5","1000","1997","3.994","86","5.586158713209736","0","45.7","3.5727272727272728","10","311","750"
"978","BA","1000","2","0.1","50","0.1","0.5","1","legal","targeted","31.085531739027118","10","89.79462256235256","89.79462256235256","75","80","80","fixed","1","1","50","1578","18","50","21838940","v2.0-design-v1.0","0.9000000000000057","1.9","-0.9999999999999942","98.54294478527608","true","12.84","10.999999999999995","50","99.1","19","500","991","991","0","0","0","0","0","1555","1285","19","105","146","0","124","0","5","5","1000","1997","3.994","70","5.221036604279181","0","44.6","3.583838383838384","10","311","750"
"981","BA","1000","2","0.1","50","0.1","0.5","1","legal","targeted","31.085531739027118","10","89.79462256235256","89.79462256235256","75","80","80","fixed","1","1","50","1578","21","50","21838943","v2.0-design-v1.0","0.5","0.8","-0.30000000000000004","99.37984496124031","true","14.159999999999998","13.399999999999999","50","99.5","8","500","995","995","0","0","0","0","0","1555","1282","8","111","154","0","119","0","5","5","1000","1997","3.994","101","5.605120996141054","0","45.7","3.5727272727272728","10","311","750"
"983","BA","1000","2","0.1","50","0.1","0.5","1","legal","targeted","31.085531739027118","10","89.79462256235256","89.79462256235256","75","80","80","fixed","1","1","50","1578","23","50","21838945","v2.0-design-v1.0","0.4000000000000057","1.0999999999999999","-0.6999999999999942","99.15644171779141","true","13.312000000000001","12.231999999999998","50","99.6","11","500","996","996","0","0","0","0","0","1555","1293","11","114","137","0","125","0","5","5","1000","1997","3.994","114","6.121391625720069","0","52.9","3.5","10","311","750"
"982","BA","1000","2","0.1","50","0.1","0.5","1","legal","targeted","31.085531739027118","10","89.79462256235256","89.79462256235256","75","80","80","fixed","1","1","50","1578","22","50","21838944","v2.0-design-v1.0","0.4000000000000057","1.4000000000000001","-0.9999999999999944","98.92966360856269","true","13.06","11.739999999999995","50","99.6","14","500","996","996","0","0","0","0","0","1555","1294","14","102","145","0","116","0","5","5","1000","1997","3.994","107","5.679279727062066","0","46.8","3.5616161616161617","10","311","750"
"984","BA","1000","2","0.1","50","0.1","0.5","1","legal","targeted","31.085531739027118","10","89.79462256235256","89.79462256235256","75","80","80","fixed","1","1","50","1578","24","50","21838946","v2.0-design-v1.0","0.4000000000000057","1.5","-1.0999999999999943","98.83810999225406","true","12.731999999999998","11.391999999999994","50","99.6","15","500","996","996","0","0","0","0","0","1555","1276","15","119","145","0","134","0","5","5","1000","1997","3.994","54","4.72189159768203","0","39.2","3.6383838383838385","10","311","750"
"985","BA","1000","2","0.1","50","0.1","0.5","1","legal","targeted","31.085531739027118","10","89.79462256235256","89.79462256235256","75","80","80","fixed","1","1","50","1578","25","50","21838947","v2.0-design-v1.0","0.29999999999999716","1.7000000000000002","-1.400000000000003","98.70918754745634","true","12.886000000000003","11.465999999999998","50","99.7","17","500","997","997","0","0","0","0","0","1555","1300","17","98","140","0","115","0","5","5","1000","1997","3.994","62","4.809479711475553","0","39.8","3.632323232323232","10","311","750"
"986","BA","1000","2","0.1","50","0.1","0.5","1","legal","targeted","31.085531739027118","10","89.79462256235256","89.79462256235256","75","80","80","fixed","1","1","50","1578","26","50","21838948","v2.0-design-v1.0","0.09999999999999432","1.2","-1.1000000000000056","99.08116385911178","true","12.84","11.8","50","99.9","12","500","999","999","0","0","0","0","0","1555","1294","12","106","143","0","118","0","5","5","1000","1997","3.994","87","5.607620654913212","0","45.9","3.5707070707070705","10","311","750"
"987","BA","1000","2","0.1","50","0.1","0.5","1","legal","targeted","31.085531739027118","10","89.79462256235256","89.79462256235256","75","80","80","fixed","1","1","50","1578","27","50","21838949","v2.0-design-v1.0","0.9000000000000057","1.2","-0.29999999999999427","99.079754601227","true","13.212","12.091999999999999","50","99.1","12","500","991","991","0","0","0","0","0","1555","1292","12","112","139","0","124","0","5","5","1000","1997","3.994","87","5.098034322555495","0","40.3","3.6272727272727274","10","311","750"
"988","BA","1000","2","0.1","50","0.1","0.5","1","legal","targeted","31.085531739027118","10","89.79462256235256","89.79462256235256","75","80","80","fixed","1","1","50","1578","28","50","21838950","v2.0-design-v1.0","0.20000000000000284","1","-0.7999999999999972","99.21996879875195","true","12.944","11.964","50","99.8","10","500","998","998","0","0","0","0","0","1555","1272","10","128","145","0","138","0","5","5","1000","1997","3.994","124","5.946875593900517","0","47.8","3.5515151515151517","10","311","750"
"989","BA","1000","2","0.1","50","0.1","0.5","1","legal","targeted","31.085531739027118","10","89.79462256235256","89.79462256235256","75","80","80","fixed","1","1","50","1578","29","50","21838951","v2.0-design-v1.0","0.7999999999999972","1.7000000000000002","-0.900000000000003","98.6963190184049","true","12.987999999999998","11.528000000000004","50","99.2","17","500","992","992","0","0","0","0","0","1555","1287","17","96","155","0","113","0","5","5","1000","1997","3.994","92","5.237690082221103","0","42.9","3.601010101010101","10","311","750"
"990","BA","1000","2","0.1","50","0.1","0.5","1","legal","targeted","31.085531739027118","10","89.79462256235256","89.79462256235256","75","80","80","fixed","1","1","50","1578","30","50","21838952","v2.0-design-v1.0","0.9000000000000057","1.0999999999999999","-0.19999999999999418","99.15579432079817","true","13.296000000000006","12.236","50","99.1","11","500","991","991","0","0","0","0","0","1555","1292","11","111","141","0","122","0","5","5","1000","1997","3.994","73","4.842459438489218","0","40.1","3.6292929292929292","10","311","750"
"991","BA","1000","2","0.1","50","0.1","0.5","1","legal","targeted","75.85646228914631","3","95.21781538798592","95.21781538798592","75","80","80","fixed","1","1","50","1579","1","50","21839923","v2.0-design-v1.0","96.9","39.300000000000004","57.6","81.25920471281296","true","93.142","71.29599999999999","50","3.1","393","500","31","31","0","0","0","0","0","12903","2207","509","10081","106","0","10590","0","17","17","1000","1997","3.994","81","5.428206833700182","0","44","3.5898989898989897","10","759","750"
"992","BA","1000","2","0.1","50","0.1","0.5","1","legal","targeted","75.85646228914631","3","95.21781538798592","95.21781538798592","75","80","80","fixed","1","1","50","1579","2","50","21839924","v2.0-design-v1.0","95.3","42.1","53.199999999999996","78.26086956521739","true","93.87200000000001","71.85400000000001","50","4.7","421","500","47","47","0","0","0","0","0","12903","1962","545","10298","98","0","10843","0","17","17","1000","1997","3.994","81","5.125840247046151","0","40.8","3.6222222222222222","10","759","750"
"993","BA","1000","2","0.1","50","0.1","0.5","1","legal","targeted","75.85646228914631","3","95.21781538798592","95.21781538798592","75","80","80","fixed","1","1","50","1579","3","50","21839925","v2.0-design-v1.0","100","40.8","59.2","70.39226222461042","true","95.88800000000003","74.17399999999998","50","0","408","500","0","0","0","0","0","0","0","12903","1310","551","10958","84","0","11509","0","17","17","1000","1997","3.994","61","4.9495921511233965","0","40.5","3.625252525252525","10","759","750"
"994","BA","1000","2","0.1","50","0.1","0.5","1","legal","targeted","75.85646228914631","3","95.21781538798592","95.21781538798592","75","80","80","fixed","1","1","50","1579","4","50","21839926","v2.0-design-v1.0","99.4","39.5","59.900000000000006","78.61029719547929","true","93.79999999999998","73.46999999999998","50","0.6","395","500","6","6","0","0","0","0","0","12903","1878","511","10406","108","0","10917","0","17","17","1000","1997","3.994","76","4.995289472785018","0","39.7","3.6333333333333333","10","759","750"
"995","BA","1000","2","0.1","50","0.1","0.5","1","legal","targeted","75.85646228914631","3","95.21781538798592","95.21781538798592","75","80","80","fixed","1","1","50","1579","5","50","21839927","v2.0-design-v1.0","99.6","43","56.599999999999994","71.7181956411556","true","95.62000000000002","72.92400000000002","50","0.4","430","500","4","4","0","0","0","0","0","12903","1415","558","10862","68","0","11420","0","17","17","1000","1997","3.994","88","5.021471814038097","0","41","3.6202020202020204","10","759","750"
"996","BA","1000","2","0.1","50","0.1","0.5","1","legal","targeted","75.85646228914631","3","95.21781538798592","95.21781538798592","75","80","80","fixed","1","1","50","1579","6","50","21839928","v2.0-design-v1.0","98.3","41.5","56.8","75.77916295636687","true","94.958","73.612","50","1.7000000000000002","415","500","17","17","0","0","0","0","0","12903","1702","544","10584","73","0","11128","0","17","17","1000","1997","3.994","76","5.359541835706536","0","46","3.56969696969697","10","759","750"
"997","BA","1000","2","0.1","50","0.1","0.5","1","legal","targeted","75.85646228914631","3","95.21781538798592","95.21781538798592","75","80","80","fixed","1","1","50","1579","7","50","21839929","v2.0-design-v1.0","99.1","42","57.099999999999994","77.11252653927814","true","94.5","72.774","50","0.8999999999999999","420","500","9","9","0","0","0","0","0","12903","1816","539","10465","83","0","11004","0","17","17","1000","1997","3.994","79","5.309063019982912","0","44.2","3.587878787878788","10","759","750"
"998","BA","1000","2","0.1","50","0.1","0.5","1","legal","targeted","75.85646228914631","3","95.21781538798592","95.21781538798592","75","80","80","fixed","1","1","50","1579","8","50","21839930","v2.0-design-v1.0","100","42.4","57.6","64.71710108073745","true","97.07000000000002","74.21199999999999","50","0","424","500","0","0","0","0","0","0","0","12903","1018","555","11286","44","0","11841","0","17","17","1000","1997","3.994","68","4.943318763786159","0","41.7","3.613131313131313","10","759","750"
"1000","BA","1000","2","0.1","50","0.1","0.5","1","legal","targeted","75.85646228914631","3","95.21781538798592","95.21781538798592","75","80","80","fixed","1","1","50","1579","10","50","21839932","v2.0-design-v1.0","100","42.8","57.2","71.28412537917089","true","95.78800000000001","73.064","50","0","428","500","0","0","0","0","0","0","0","12903","1410","568","10861","64","0","11429","0","17","17","1000","1997","3.994","64","5.086042846047576","0","43.9","3.590909090909091","10","759","750"
"999","BA","1000","2","0.1","50","0.1","0.5","1","legal","targeted","75.85646228914631","3","95.21781538798592","95.21781538798592","75","80","80","fixed","1","1","50","1579","9","50","21839931","v2.0-design-v1.0","95.2","38.5","56.7","82.87145242070116","true","92.16399999999997","71.538","50","4.8","385","500","48","48","0","0","0","0","0","12903","2482","513","9774","134","0","10287","0","17","17","1000","1997","3.994","95","6.084158198221123","0","50.7","3.522222222222222","10","759","750"
"1001","BA","1000","2","0.1","50","0.1","0.5","1","legal","targeted","75.85646228914631","3","95.21781538798592","95.21781538798592","75","80","80","fixed","1","1","50","1579","11","50","21839933","v2.0-design-v1.0","96.8","38.800000000000004","57.99999999999999","81.28983877015374","true","93.21999999999998","73.17600000000002","50","3.2","388","500","32","32","0","0","0","0","0","12903","2168","499","10138","98","0","10637","0","17","17","1000","1997","3.994","115","5.746911430585209","0","48.6","3.5434343434343436","10","759","750"
"1002","BA","1000","2","0.1","50","0.1","0.5","1","legal","targeted","75.85646228914631","3","95.21781538798592","95.21781538798592","75","80","80","fixed","1","1","50","1579","12","50","21839934","v2.0-design-v1.0","97.5","39.2","58.3","79.11728647323253","true","94.21200000000003","72.96400000000001","50","2.5","392","500","25","25","0","0","0","0","0","12903","1936","511","10354","102","0","10865","0","17","17","1000","1997","3.994","73","5.329011386961211","0","46.4","3.5656565656565657","10","759","750"
"1004","BA","1000","2","0.1","50","0.1","0.5","1","legal","targeted","75.85646228914631","3","95.21781538798592","95.21781538798592","75","80","80","fixed","1","1","50","1579","14","50","21839936","v2.0-design-v1.0","100","42.4","57.6","66.6469893742621","true","96.80999999999999","73.04","50","0","424","500","0","0","0","0","0","0","0","12903","1129","565","11155","54","0","11720","0","17","17","1000","1997","3.994","62","5.145720789397955","0","42.6","3.604040404040404","10","759","750"
"1003","BA","1000","2","0.1","50","0.1","0.5","1","legal","targeted","75.85646228914631","3","95.21781538798592","95.21781538798592","75","80","80","fixed","1","1","50","1579","13","50","21839935","v2.0-design-v1.0","97.6","43.7","53.89999999999999","77.19092331768388","true","93.75200000000001","70.24799999999999","50","2.4","437","500","24","24","0","0","0","0","0","12903","1973","583","10231","116","0","10814","0","17","17","1000","1997","3.994","79","5.4438588886560515","0","47.8","3.5515151515151517","10","759","750"
"1005","BA","1000","2","0.1","50","0.1","0.5","1","legal","targeted","75.85646228914631","3","95.21781538798592","95.21781538798592","75","80","80","fixed","1","1","50","1579","15","50","21839937","v2.0-design-v1.0","99.4","38.6","60.800000000000004","75.78585461689588","true","95.57000000000002","74.79599999999999","50","0.6","386","500","6","6","0","0","0","0","0","12903","1543","493","10789","78","0","11282","0","17","17","1000","1997","3.994","101","5.2729278174243674","0","41.6","3.614141414141414","10","759","750"
"1006","BA","1000","2","0.1","50","0.1","0.5","1","legal","targeted","75.85646228914631","3","95.21781538798592","95.21781538798592","75","80","80","fixed","1","1","50","1579","16","50","21839938","v2.0-design-v1.0","96.9","40.300000000000004","56.6","81.92602930914165","true","92.49199999999999","70.582","50","3.1","403","500","31","31","0","0","0","0","0","12903","2348","518","9906","131","0","10424","0","17","17","1000","1997","3.994","100","5.595290097150566","0","45.2","3.577777777777778","10","759","750"
"1007","BA","1000","2","0.1","50","0.1","0.5","1","legal","targeted","75.85646228914631","3","95.21781538798592","95.21781538798592","75","80","80","fixed","1","1","50","1579","17","50","21839939","v2.0-design-v1.0","95.2","37.6","57.6","81.50375939849624","true","93.03399999999998","71.92800000000001","50","4.8","376","500","48","48","0","0","0","0","0","12903","2168","492","10129","114","0","10621","0","17","17","1000","1997","3.994","86","5.45194347803493","0","47","3.5595959595959594","10","759","750"
"1008","BA","1000","2","0.1","50","0.1","0.5","1","legal","targeted","75.85646228914631","3","95.21781538798592","95.21781538798592","75","80","80","fixed","1","1","50","1579","18","50","21839940","v2.0-design-v1.0","97.4","41.199999999999996","56.20000000000001","79.74388824214202","true","93.58399999999997","71.22399999999998","50","2.6","412","500","26","26","0","0","0","0","0","12903","2055","522","10223","103","0","10745","0","17","17","1000","1997","3.994","77","5.449556097670851","0","45.6","3.573737373737374","10","759","750"
"1009","BA","1000","2","0.1","50","0.1","0.5","1","legal","targeted","75.85646228914631","3","95.21781538798592","95.21781538798592","75","80","80","fixed","1","1","50","1579","19","50","21839941","v2.0-design-v1.0","99","43.4","55.6","73.47130761994356","true","95.12800000000001","72.572","50","1","434","500","10","10","0","0","0","0","0","12903","1562","564","10694","83","0","11258","0","17","17","1000","1997","3.994","92","4.881576978169418","0","37.6","3.6545454545454548","10","759","750"
"1010","BA","1000","2","0.1","50","0.1","0.5","1","legal","targeted","75.85646228914631","3","95.21781538798592","95.21781538798592","75","80","80","fixed","1","1","50","1579","20","50","21839942","v2.0-design-v1.0","97.5","37.8","59.7","83.78109452736318","true","92.016","71.15399999999998","50","2.5","378","500","25","25","0","0","0","0","0","12903","2526","489","9735","153","0","10224","0","17","17","1000","1997","3.994","89","5.52797634967105","0","47.8","3.5515151515151517","10","759","750"
"1011","BA","1000","2","0.1","50","0.1","0.5","1","legal","targeted","75.85646228914631","3","95.21781538798592","95.21781538798592","75","80","80","fixed","1","1","50","1579","21","50","21839943","v2.0-design-v1.0","99.6","41.3","58.3","74.27906976744187","true","95.47","72.69200000000002","50","0.4","413","500","4","4","0","0","0","0","0","12903","1597","553","10685","68","0","11238","0","17","17","1000","1997","3.994","79","4.839357744926828","0","39.2","3.6383838383838385","10","759","750"
"1013","BA","1000","2","0.1","50","0.1","0.5","1","legal","targeted","75.85646228914631","3","95.21781538798592","95.21781538798592","75","80","80","fixed","1","1","50","1579","23","50","21839945","v2.0-design-v1.0","96.4","38.7","57.7","82.79036827195468","true","92.63","72.062","50","3.5999999999999996","387","500","36","36","0","0","0","0","0","12903","2338","486","9968","111","0","10454","0","17","17","1000","1997","3.994","82","5.806348049994736","0","50","3.529292929292929","10","759","750"
"1014","BA","1000","2","0.1","50","0.1","0.5","1","legal","targeted","75.85646228914631","3","95.21781538798592","95.21781538798592","75","80","80","fixed","1","1","50","1579","24","50","21839946","v2.0-design-v1.0","97.3","40","57.3","81.11031002162942","true","92.70200000000003","71.81199999999998","50","2.7","400","500","27","27","0","0","0","0","0","12903","2250","524","10003","126","0","10527","0","17","17","1000","1997","3.994","115","5.575755827962067","0","43.9","3.590909090909091","10","759","750"
"1012","BA","1000","2","0.1","50","0.1","0.5","1","legal","targeted","75.85646228914631","3","95.21781538798592","95.21781538798592","75","80","80","fixed","1","1","50","1579","22","50","21839944","v2.0-design-v1.0","96.6","41.6","54.99999999999999","77.50107342206955","true","94.47999999999998","73.196","50","3.4000000000000004","416","500","34","34","0","0","0","0","0","12903","1805","524","10481","93","0","11005","0","17","17","1000","1997","3.994","83","5.1548556271283115","0","41.3","3.617171717171717","10","759","750"
"1015","BA","1000","2","0.1","50","0.1","0.5","1","legal","targeted","75.85646228914631","3","95.21781538798592","95.21781538798592","75","80","80","fixed","1","1","50","1579","25","50","21839947","v2.0-design-v1.0","96","38.9","57.1","78.19715808170515","true","94.92","74.96799999999999","50","4","389","500","40","40","0","0","0","0","0","12903","1761","491","10554","97","0","11045","0","17","17","1000","1997","3.994","72","5.0098965122109","0","39.9","3.6313131313131315","10","759","750"
"1016","BA","1000","2","0.1","50","0.1","0.5","1","legal","targeted","75.85646228914631","3","95.21781538798592","95.21781538798592","75","80","80","fixed","1","1","50","1579","26","50","21839948","v2.0-design-v1.0","96.9","40.6","56.300000000000004","80.45540796963947","true","93.404","70.99000000000001","50","3.1","406","500","31","31","0","0","0","0","0","12903","2120","515","10165","103","0","10680","0","17","17","1000","1997","3.994","102","5.4294975313967475","0","44","3.5898989898989897","10","759","750"
"1017","BA","1000","2","0.1","50","0.1","0.5","1","legal","targeted","75.85646228914631","3","95.21781538798592","95.21781538798592","75","80","80","fixed","1","1","50","1579","27","50","21839949","v2.0-design-v1.0","98.2","37.4","60.800000000000004","77.97154658100047","true","94.846","75.96800000000002","50","1.7999999999999998","374","500","18","18","0","0","0","0","0","12903","1699","480","10636","88","0","11116","0","17","17","1000","1997","3.994","77","4.969170620602251","0","39.7","3.6333333333333333","10","759","750"
"1018","BA","1000","2","0.1","50","0.1","0.5","1","legal","targeted","75.85646228914631","3","95.21781538798592","95.21781538798592","75","80","80","fixed","1","1","50","1579","28","50","21839950","v2.0-design-v1.0","97.8","40.699999999999996","57.1","78.32110839445802","true","94.028","72.98399999999995","50","2.1999999999999997","407","500","22","22","0","0","0","0","0","12903","1922","532","10367","82","0","10899","0","17","17","1000","1997","3.994","79","5.350195191634461","0","45.3","3.576767676767677","10","759","750"
"1019","BA","1000","2","0.1","50","0.1","0.5","1","legal","targeted","75.85646228914631","3","95.21781538798592","95.21781538798592","75","80","80","fixed","1","1","50","1579","29","50","21839951","v2.0-design-v1.0","100","41.8","58.2","70.09857612267251","true","96.36399999999998","74.376","50","0","418","500","0","0","0","0","0","0","0","12903","1280","546","11014","63","0","11560","0","17","17","1000","1997","3.994","83","5.045336402998252","0","40.6","3.624242424242424","10","759","750"
"1020","BA","1000","2","0.1","50","0.1","0.5","1","legal","targeted","75.85646228914631","3","95.21781538798592","95.21781538798592","75","80","80","fixed","1","1","50","1579","30","50","21839952","v2.0-design-v1.0","96.1","42.199999999999996","53.9","79.01424720831729","true","93.772","71.84","50","3.9","422","500","39","39","0","0","0","0","0","12903","2052","545","10193","113","0","10738","0","17","17","1000","1997","3.994","78","5.152330590180565","0","42","3.61010101010101","10","759","750"
"1021","BA","1000","2","0.1","50","0.1","0.5","1","legal","targeted","73.50847961885036","6","94.76259268657782","94.76259268657782","75","80","80","fixed","1","1","50","1580","1","50","21840923","v2.0-design-v1.0","77.6","14.7","62.89999999999999","95.830193418739","true","67.14999999999999","59.25399999999997","50","22.400000000000002","147","500","224","224","0","0","0","0","0","6615","3815","166","2415","219","0","2581","0","9","9","1000","1997","3.994","61","5.005898822691378","0","41.5","3.6151515151515152","10","735","750"
"1022","BA","1000","2","0.1","50","0.1","0.5","1","legal","targeted","73.50847961885036","6","94.76259268657782","94.76259268657782","75","80","80","fixed","1","1","50","1580","2","50","21840924","v2.0-design-v1.0","78.9","12.3","66.60000000000001","96.6012084592145","true","68.20400000000001","62.11999999999998","50","21.099999999999998","123","500","211","211","0","0","0","0","0","6615","3837","135","2444","199","0","2579","0","9","9","1000","1997","3.994","88","5.0679036738722205","0","40.6","3.624242424242424","10","735","750"
"1024","BA","1000","2","0.1","50","0.1","0.5","1","legal","targeted","73.50847961885036","6","94.76259268657782","94.76259268657782","75","80","80","fixed","1","1","50","1580","4","50","21840926","v2.0-design-v1.0","75.8","13.100000000000001","62.699999999999996","96.55172413793103","true","66.45600000000002","59.236","50","24.2","131","500","242","242","0","0","0","0","0","6615","3920","140","2322","233","0","2462","0","9","9","1000","1997","3.994","79","5.455063860462279","0","47.8","3.5515151515151517","10","735","750"
"1023","BA","1000","2","0.1","50","0.1","0.5","1","legal","targeted","73.50847961885036","6","94.76259268657782","94.76259268657782","75","80","80","fixed","1","1","50","1580","3","50","21840925","v2.0-design-v1.0","78.3","10.2","68.1","97.21800708143653","true","67.26200000000001","61.813999999999986","50","21.7","102","500","217","217","0","0","0","0","0","6615","3844","110","2442","219","0","2552","0","9","9","1000","1997","3.994","66","4.944736030812394","0","39.7","3.6333333333333333","10","735","750"
"1025","BA","1000","2","0.1","50","0.1","0.5","1","legal","targeted","73.50847961885036","6","94.76259268657782","94.76259268657782","75","80","80","fixed","1","1","50","1580","5","50","21840927","v2.0-design-v1.0","75.3","12.7","62.599999999999994","96.65822784810126","true","67.38000000000002","60.59599999999998","50","24.7","127","500","247","247","0","0","0","0","0","6615","3818","132","2448","217","0","2580","0","9","9","1000","1997","3.994","76","5.440916059595802","0","46.2","3.5676767676767676","10","735","750"
"1026","BA","1000","2","0.1","50","0.1","0.5","1","legal","targeted","73.50847961885036","6","94.76259268657782","94.76259268657782","75","80","80","fixed","1","1","50","1580","6","50","21840928","v2.0-design-v1.0","76.9","13.600000000000001","63.300000000000004","96.22216662496874","true","67.26599999999999","60.02600000000001","50","23.1","136","500","231","231","0","0","0","0","0","6615","3846","151","2404","214","0","2555","0","9","9","1000","1997","3.994","84","5.295092256231416","0","44.9","3.580808080808081","10","735","750"
"1027","BA","1000","2","0.1","50","0.1","0.5","1","legal","targeted","73.50847961885036","6","94.76259268657782","94.76259268657782","75","80","80","fixed","1","1","50","1580","7","50","21840929","v2.0-design-v1.0","76.8","12.9","63.9","96.52346660044698","true","66.34200000000001","58.961999999999996","50","23.200000000000003","129","500","232","232","0","0","0","0","0","6615","3887","140","2354","234","0","2494","0","9","9","1000","1997","3.994","110","5.5007474239617755","0","44.1","3.588888888888889","10","735","750"
"1029","BA","1000","2","0.1","50","0.1","0.5","1","legal","targeted","73.50847961885036","6","94.76259268657782","94.76259268657782","75","80","80","fixed","1","1","50","1580","9","50","21840931","v2.0-design-v1.0","80.4","13.100000000000001","67.30000000000001","96.40564826700898","true","68.99399999999999","62.59","50","19.6","131","500","196","196","0","0","0","0","0","6615","3755","140","2510","210","0","2650","0","9","9","1000","1997","3.994","57","4.675877225486973","0","38.3","3.6474747474747473","10","735","750"
"1028","BA","1000","2","0.1","50","0.1","0.5","1","legal","targeted","73.50847961885036","6","94.76259268657782","94.76259268657782","75","80","80","fixed","1","1","50","1580","8","50","21840930","v2.0-design-v1.0","80.2","11.600000000000001","68.6","96.99062654168722","true","67.01599999999999","61.272","50","19.8","116","500","198","198","0","0","0","0","0","6615","3932","122","2361","200","0","2483","0","9","9","1000","1997","3.994","63","5.041366816586479","0","42.7","3.603030303030303","10","735","750"
"1030","BA","1000","2","0.1","50","0.1","0.5","1","legal","targeted","73.50847961885036","6","94.76259268657782","94.76259268657782","75","80","80","fixed","1","1","50","1580","10","50","21840932","v2.0-design-v1.0","78.3","13.600000000000001","64.69999999999999","96.5052421367948","true","67.12000000000003","60.168","50","21.7","136","500","217","217","0","0","0","0","0","6615","3866","140","2404","205","0","2544","0","9","9","1000","1997","3.994","80","5.442939425493313","0","47.3","3.5565656565656565","10","735","750"
"1031","BA","1000","2","0.1","50","0.1","0.5","1","legal","targeted","73.50847961885036","6","94.76259268657782","94.76259268657782","75","80","80","fixed","1","1","50","1580","11","50","21840933","v2.0-design-v1.0","79.2","11.899999999999999","67.30000000000001","96.69108360697146","true","68.14200000000001","61.245999999999995","50","20.8","119","500","208","208","0","0","0","0","0","6615","3828","131","2431","225","0","2562","0","9","9","1000","1997","3.994","62","4.9812424932717985","0","41","3.6202020202020204","10","735","750"
"1032","BA","1000","2","0.1","50","0.1","0.5","1","legal","targeted","73.50847961885036","6","94.76259268657782","94.76259268657782","75","80","80","fixed","1","1","50","1580","12","50","21840934","v2.0-design-v1.0","77.7","13","64.7","96.55845740785941","true","66.49999999999999","59.49999999999998","50","22.3","130","500","223","223","0","0","0","0","0","6615","3956","141","2286","232","0","2427","0","9","9","1000","1997","3.994","77","5.672931001356008","0","49.1","3.5383838383838384","10","735","750"
"1033","BA","1000","2","0.1","50","0.1","0.5","1","legal","targeted","73.50847961885036","6","94.76259268657782","94.76259268657782","75","80","80","fixed","1","1","50","1580","13","50","21840935","v2.0-design-v1.0","75.4","13","62.400000000000006","96.57785382547056","true","65.57800000000002","58.29000000000003","50","24.6","130","500","246","246","0","0","0","0","0","6615","3951","140","2299","225","0","2439","0","9","9","1000","1997","3.994","89","5.686853638375463","0","47.3","3.5565656565656565","10","735","750"
"1034","BA","1000","2","0.1","50","0.1","0.5","1","legal","targeted","73.50847961885036","6","94.76259268657782","94.76259268657782","75","80","80","fixed","1","1","50","1580","14","50","21840936","v2.0-design-v1.0","80.5","13.5","67","96.38042935596604","true","68.42999999999998","61.686000000000014","50","19.5","135","500","195","195","0","0","0","0","0","6615","3861","145","2398","211","0","2543","0","9","9","1000","1997","3.994","79","5.361222501137832","0","46.3","3.566666666666667","10","735","750"
"1035","BA","1000","2","0.1","50","0.1","0.5","1","legal","targeted","73.50847961885036","6","94.76259268657782","94.76259268657782","75","80","80","fixed","1","1","50","1580","15","50","21840937","v2.0-design-v1.0","78.2","11.5","66.7","97.00449326010984","true","67.21999999999998","61.732000000000006","50","21.8","115","500","218","218","0","0","0","0","0","6615","3886","120","2413","196","0","2533","0","9","9","1000","1997","3.994","77","5.423594691657856","0","47","3.5595959595959594","10","735","750"
"1036","BA","1000","2","0.1","50","0.1","0.5","1","legal","targeted","73.50847961885036","6","94.76259268657782","94.76259268657782","75","80","80","fixed","1","1","50","1580","16","50","21840938","v2.0-design-v1.0","77.2","13.200000000000001","64","96.30395451020935","true","69.352","62.535999999999994","50","22.8","132","500","228","228","0","0","0","0","0","6615","3726","143","2535","211","0","2678","0","9","9","1000","1997","3.994","72","5.157185333159984","0","43.3","3.596969696969697","10","735","750"
"1037","BA","1000","2","0.1","50","0.1","0.5","1","legal","targeted","73.50847961885036","6","94.76259268657782","94.76259268657782","75","80","80","fixed","1","1","50","1580","17","50","21840939","v2.0-design-v1.0","78.6","12.5","66.1","96.75972083748754","true","66.558","59.90200000000001","50","21.4","125","500","214","214","0","0","0","0","0","6615","3882","130","2388","215","0","2518","0","9","9","1000","1997","3.994","88","5.283358579339263","0","42.9","3.601010101010101","10","735","750"
"1038","BA","1000","2","0.1","50","0.1","0.5","1","legal","targeted","73.50847961885036","6","94.76259268657782","94.76259268657782","75","80","80","fixed","1","1","50","1580","18","50","21840940","v2.0-design-v1.0","80.4","11.1","69.30000000000001","97.090817100936","true","67.35199999999999","61.279999999999994","50","19.6","111","500","196","196","0","0","0","0","0","6615","3838","115","2447","215","0","2562","0","9","9","1000","1997","3.994","57","5.056830582047959","0","44.3","3.5868686868686868","10","735","750"
"1039","BA","1000","2","0.1","50","0.1","0.5","1","legal","targeted","73.50847961885036","6","94.76259268657782","94.76259268657782","75","80","80","fixed","1","1","50","1580","19","50","21840941","v2.0-design-v1.0","81","14.7","66.3","95.71352502662407","true","70.148","61.964000000000006","50","19","147","500","190","190","0","0","0","0","0","6615","3595","161","2684","175","0","2845","0","9","9","1000","1997","3.994","61","4.881371916970853","0","40.8","3.6222222222222222","10","735","750"
"1040","BA","1000","2","0.1","50","0.1","0.5","1","legal","targeted","73.50847961885036","6","94.76259268657782","94.76259268657782","75","80","80","fixed","1","1","50","1580","20","50","21840942","v2.0-design-v1.0","79.3","12.6","66.7","96.67003027245207","true","66.67000000000002","60.04599999999998","50","20.7","126","500","207","207","0","0","0","0","0","6615","3832","132","2423","228","0","2555","0","9","9","1000","1997","3.994","69","5.0481132562024955","0","42.9","3.601010101010101","10","735","750"
"1041","BA","1000","2","0.1","50","0.1","0.5","1","legal","targeted","73.50847961885036","6","94.76259268657782","94.76259268657782","75","80","80","fixed","1","1","50","1580","21","50","21840943","v2.0-design-v1.0","79.2","12.4","66.8","96.69255825607617","true","66.55999999999996","60.13600000000003","50","20.8","124","500","208","208","0","0","0","0","0","6615","3859","132","2397","227","0","2529","0","9","9","1000","1997","3.994","76","5.112347807035437","0","42","3.61010101010101","10","735","750"
"1042","BA","1000","2","0.1","50","0.1","0.5","1","legal","targeted","73.50847961885036","6","94.76259268657782","94.76259268657782","75","80","80","fixed","1","1","50","1580","22","50","21840944","v2.0-design-v1.0","78.8","12","66.8","96.59203980099502","true","66.61","60.034000000000006","50","21.2","120","500","212","212","0","0","0","0","0","6615","3883","137","2375","220","0","2512","0","9","9","1000","1997","3.994","116","5.77159209189936","0","46.1","3.5686868686868687","10","735","750"
"1043","BA","1000","2","0.1","50","0.1","0.5","1","legal","targeted","73.50847961885036","6","94.76259268657782","94.76259268657782","75","80","80","fixed","1","1","50","1580","23","50","21840945","v2.0-design-v1.0","78.6","11.1","67.5","96.83864441072332","true","67.67399999999999","62.31000000000001","50","21.4","111","500","214","214","0","0","0","0","0","6615","3829","125","2458","203","0","2583","0","9","9","1000","1997","3.994","66","5.179651802273267","0","42.8","3.602020202020202","10","735","750"
"1044","BA","1000","2","0.1","50","0.1","0.5","1","legal","targeted","73.50847961885036","6","94.76259268657782","94.76259268657782","75","80","80","fixed","1","1","50","1580","24","50","21840946","v2.0-design-v1.0","80.7","13.4","67.3","96.42589352661834","true","67.278","60.08200000000001","50","19.3","134","500","193","193","0","0","0","0","0","6615","3858","143","2425","189","0","2568","0","9","9","1000","1997","3.994","126","6.086954494245491","0","48.9","3.54040404040404","10","735","750"
"1045","BA","1000","2","0.1","50","0.1","0.5","1","legal","targeted","73.50847961885036","6","94.76259268657782","94.76259268657782","75","80","80","fixed","1","1","50","1580","25","50","21840947","v2.0-design-v1.0","79.3","11.700000000000001","67.6","96.75260287555776","true","66.61000000000001","60.50200000000001","50","20.7","117","500","207","207","0","0","0","0","0","6615","3903","131","2356","225","0","2487","0","9","9","1000","1997","3.994","82","5.087223588937661","0","41.7","3.613131313131313","10","735","750"
"1046","BA","1000","2","0.1","50","0.1","0.5","1","legal","targeted","73.50847961885036","6","94.76259268657782","94.76259268657782","75","80","80","fixed","1","1","50","1580","26","50","21840948","v2.0-design-v1.0","79.7","13.8","65.9","96.03536030002678","true","69.49200000000002","62.25599999999999","50","20.3","138","500","203","203","0","0","0","0","0","6615","3585","148","2672","210","0","2820","0","9","9","1000","1997","3.994","53","4.502025347799821","0","35.8","3.672727272727273","10","735","750"
"1047","BA","1000","2","0.1","50","0.1","0.5","1","legal","targeted","73.50847961885036","6","94.76259268657782","94.76259268657782","75","80","80","fixed","1","1","50","1580","27","50","21840949","v2.0-design-v1.0","79.3","11.200000000000001","68.1","96.97953070394408","true","66.55999999999999","59.535999999999994","50","20.7","112","500","207","207","0","0","0","0","0","6615","3885","121","2390","219","0","2511","0","9","9","1000","1997","3.994","74","5.162035510398057","0","42.2","3.608080808080808","10","735","750"
"1048","BA","1000","2","0.1","50","0.1","0.5","1","legal","targeted","73.50847961885036","6","94.76259268657782","94.76259268657782","75","80","80","fixed","1","1","50","1580","28","50","21840950","v2.0-design-v1.0","77","12.4","64.6","96.64280424586522","true","66.332","59.187999999999995","50","23","124","500","230","230","0","0","0","0","0","6615","3915","136","2353","211","0","2489","0","9","9","1000","1997","3.994","94","5.741160590414173","0","48.1","3.5484848484848484","10","735","750"
"1049","BA","1000","2","0.1","50","0.1","0.5","1","legal","targeted","73.50847961885036","6","94.76259268657782","94.76259268657782","75","80","80","fixed","1","1","50","1580","29","50","21840951","v2.0-design-v1.0","78.6","13.4","65.19999999999999","96.41791044776119","true","67.378","59.653999999999996","50","21.4","134","500","214","214","0","0","0","0","0","6615","3876","144","2384","211","0","2528","0","9","9","1000","1997","3.994","64","5.441284000267901","0","47.5","3.5545454545454547","10","735","750"
"1050","BA","1000","2","0.1","50","0.1","0.5","1","legal","targeted","73.50847961885036","6","94.76259268657782","94.76259268657782","75","80","80","fixed","1","1","50","1580","30","50","21840952","v2.0-design-v1.0","79.3","11.700000000000001","67.6","96.84263702955292","true","67.954","61.762","50","20.7","117","500","207","207","0","0","0","0","0","6615","3834","125","2459","197","0","2584","0","9","9","1000","1997","3.994","89","5.307554440053733","0","44.7","3.5828282828282827","10","735","750"
"1051","BA","1000","2","0.1","50","0.1","0.5","1","legal","targeted","25.91794055462853","11","96.88537643449982","96.88537643449982","75","80","80","fixed","1","1","50","1581","1","50","21841923","v2.0-design-v1.0","1.9000000000000057","0.3","1.6000000000000056","99.74271012006861","true","12.183999999999994","11.883999999999997","50","98.1","3","500","981","981","0","0","0","0","0","1295","1163","3","90","39","0","93","0","5","5","1000","1997","3.994","94","5.596363398072287","0","45.7","3.5727272727272728","10","259","750"
"1052","BA","1000","2","0.1","50","0.1","0.5","1","legal","targeted","25.91794055462853","11","96.88537643449982","96.88537643449982","75","80","80","fixed","1","1","50","1581","2","50","21841924","v2.0-design-v1.0","2.299999999999997","0.3","1.9999999999999971","99.74554707379136","true","11.829999999999998","11.529999999999998","50","97.7","3","500","977","977","0","0","0","0","0","1295","1176","3","82","34","0","85","0","5","5","1000","1997","3.994","71","5.172302844644402","0","42.7","3.603030303030303","10","259","750"
"1053","BA","1000","2","0.1","50","0.1","0.5","1","legal","targeted","25.91794055462853","11","96.88537643449982","96.88537643449982","75","80","80","fixed","1","1","50","1581","3","50","21841925","v2.0-design-v1.0","1.7999999999999972","0.2","1.5999999999999972","99.82847341337907","true","11.837999999999997","11.638","50","98.2","2","500","982","982","0","0","0","0","0","1295","1164","2","100","29","0","102","0","5","5","1000","1997","3.994","85","5.223528429064894","0","42.3","3.607070707070707","10","259","750"
"1054","BA","1000","2","0.1","50","0.1","0.5","1","legal","targeted","25.91794055462853","11","96.88537643449982","96.88537643449982","75","80","80","fixed","1","1","50","1581","4","50","21841926","v2.0-design-v1.0","2.4000000000000057","0.1","2.3000000000000056","99.91423670668954","true","11.46","11.36","50","97.6","1","500","976","976","0","0","0","0","0","1295","1165","1","90","39","0","91","0","5","5","1000","1997","3.994","95","5.393241237980272","0","43","3.6","10","259","750"
"1055","BA","1000","2","0.1","50","0.1","0.5","1","legal","targeted","25.91794055462853","11","96.88537643449982","96.88537643449982","75","80","80","fixed","1","1","50","1581","5","50","21841927","v2.0-design-v1.0","1.7000000000000028","0.6","1.1000000000000028","99.48936170212765","true","11.748000000000001","11.148","50","98.3","6","500","983","983","0","0","0","0","0","1295","1169","6","83","37","0","89","0","5","5","1000","1997","3.994","60","5.0669159888079385","0","44.1","3.588888888888889","10","259","750"
"1056","BA","1000","2","0.1","50","0.1","0.5","1","legal","targeted","25.91794055462853","11","96.88537643449982","96.88537643449982","75","80","80","fixed","1","1","50","1581","6","50","21841928","v2.0-design-v1.0","2.700000000000003","0.3","2.400000000000003","99.74070872947277","true","11.116","10.815999999999999","50","97.3","3","500","973","973","0","0","0","0","0","1295","1154","3","103","35","0","106","0","5","5","1000","1997","3.994","138","6.169280673143693","0","48.2","3.5474747474747477","10","259","750"
"1057","BA","1000","2","0.1","50","0.1","0.5","1","legal","targeted","25.91794055462853","11","96.88537643449982","96.88537643449982","75","80","80","fixed","1","1","50","1581","7","50","21841929","v2.0-design-v1.0","2.200000000000003","0.2","2.0000000000000027","99.82817869415808","true","11.475999999999999","11.276000000000003","50","97.8","2","500","978","978","0","0","0","0","0","1295","1162","2","88","43","0","90","0","5","5","1000","1997","3.994","79","5.018879671117155","0","41.4","3.6161616161616164","10","259","750"
"1058","BA","1000","2","0.1","50","0.1","0.5","1","legal","targeted","25.91794055462853","11","96.88537643449982","96.88537643449982","75","80","80","fixed","1","1","50","1581","8","50","21841930","v2.0-design-v1.0","2.5","0","2.5","100","true","12.201999999999998","12.201999999999998","50","97.5","0","500","975","975","0","0","0","0","0","1295","1167","0","85","43","0","85","0","5","5","1000","1997","3.994","63","5.0526719162729545","0","42.2","3.608080808080808","10","259","750"
"1059","BA","1000","2","0.1","50","0.1","0.5","1","legal","targeted","25.91794055462853","11","96.88537643449982","96.88537643449982","75","80","80","fixed","1","1","50","1581","9","50","21841931","v2.0-design-v1.0","1.9000000000000057","0.1","1.8000000000000056","99.91518235793045","true","11.641999999999998","11.563999999999998","50","98.1","1","500","981","981","0","0","0","0","0","1295","1178","1","82","34","0","83","0","5","5","1000","1997","3.994","110","5.913622826570456","0","47.5","3.5545454545454547","10","259","750"
"1060","BA","1000","2","0.1","50","0.1","0.5","1","legal","targeted","25.91794055462853","11","96.88537643449982","96.88537643449982","75","80","80","fixed","1","1","50","1581","10","50","21841932","v2.0-design-v1.0","2.5","0.2","2.3","99.82817869415808","true","11.408000000000001","11.208","50","97.5","2","500","975","975","0","0","0","0","0","1295","1162","2","89","42","0","91","0","5","5","1000","1997","3.994","80","5.169011770414401","0","43.7","3.592929292929293","10","259","750"
"1061","BA","1000","2","0.1","50","0.1","0.5","1","legal","targeted","25.91794055462853","11","96.88537643449982","96.88537643449982","75","80","80","fixed","1","1","50","1581","11","50","21841933","v2.0-design-v1.0","2.5","0.4","2.1","99.65841161400513","true","11.614000000000003","11.236","50","97.5","4","500","975","975","0","0","0","0","0","1295","1167","4","84","40","0","88","0","5","5","1000","1997","3.994","66","4.955655609757643","0","40.8","3.6222222222222222","10","259","750"
"1062","BA","1000","2","0.1","50","0.1","0.5","1","legal","targeted","25.91794055462853","11","96.88537643449982","96.88537643449982","75","80","80","fixed","1","1","50","1581","12","50","21841934","v2.0-design-v1.0","2.799999999999997","0","2.799999999999997","100","true","12.052","12.052","50","97.2","0","500","972","972","0","0","0","0","0","1295","1158","0","89","48","0","89","0","5","5","1000","1997","3.994","78","5.31697604228514","0","45.3","3.576767676767677","10","259","750"
"1063","BA","1000","2","0.1","50","0.1","0.5","1","legal","targeted","25.91794055462853","11","96.88537643449982","96.88537643449982","75","80","80","fixed","1","1","50","1581","13","50","21841935","v2.0-design-v1.0","2.1000000000000085","0.3","1.8000000000000085","99.74380871050384","true","11.650000000000007","11.393999999999997","50","97.89999999999999","3","500","979","979","0","0","0","0","0","1295","1168","3","81","43","0","84","0","5","5","1000","1997","3.994","82","5.47045609523464","0","46.3","3.566666666666667","10","259","750"
"1064","BA","1000","2","0.1","50","0.1","0.5","1","legal","targeted","25.91794055462853","11","96.88537643449982","96.88537643449982","75","80","80","fixed","1","1","50","1581","14","50","21841936","v2.0-design-v1.0","2.299999999999997","0.2","2.099999999999997","99.8286203941731","true","11.162","10.962000000000003","50","97.7","2","500","977","977","0","0","0","0","0","1295","1165","2","87","41","0","89","0","5","5","1000","1997","3.994","73","4.861028038758213","0","39.1","3.639393939393939","10","259","750"
"1065","BA","1000","2","0.1","50","0.1","0.5","1","legal","targeted","25.91794055462853","11","96.88537643449982","96.88537643449982","75","80","80","fixed","1","1","50","1581","15","50","21841937","v2.0-design-v1.0","2.700000000000003","0.1","2.6000000000000028","99.91431019708654","true","12.034000000000002","11.934000000000001","50","97.3","1","500","973","973","0","0","0","0","0","1295","1166","1","93","35","0","94","0","5","5","1000","1997","3.994","74","5.169011770414397","0","43","3.6","10","259","750"
"1066","BA","1000","2","0.1","50","0.1","0.5","1","legal","targeted","25.91794055462853","11","96.88537643449982","96.88537643449982","75","80","80","fixed","1","1","50","1581","16","50","21841938","v2.0-design-v1.0","2.200000000000003","0.2","2.0000000000000027","99.83108108108108","true","11.962000000000003","11.762000000000006","50","97.8","2","500","978","978","0","0","0","0","0","1295","1182","2","84","27","0","86","0","5","5","1000","1997","3.994","74","5.313397801425761","0","45.6","3.573737373737374","10","259","750"
"1067","BA","1000","2","0.1","50","0.1","0.5","1","legal","targeted","25.91794055462853","11","96.88537643449982","96.88537643449982","75","80","80","fixed","1","1","50","1581","17","50","21841939","v2.0-design-v1.0","1.9000000000000057","0.7000000000000001","1.2000000000000055","99.40323955669224","true","11.538000000000002","10.838000000000001","50","98.1","7","500","981","981","0","0","0","0","0","1295","1166","7","84","38","0","91","0","5","5","1000","1997","3.994","68","4.818005518591389","0","39.2","3.6383838383838385","10","259","750"
"1068","BA","1000","2","0.1","50","0.1","0.5","1","legal","targeted","25.91794055462853","11","96.88537643449982","96.88537643449982","75","80","80","fixed","1","1","50","1581","18","50","21841940","v2.0-design-v1.0","2","0.1","1.9","99.91489361702128","true","11.782000000000007","11.681999999999999","50","98","1","500","980","980","0","0","0","0","0","1295","1174","1","84","36","0","85","0","5","5","1000","1997","3.994","59","4.490671456489558","0","35.8","3.672727272727273","10","259","750"
"1069","BA","1000","2","0.1","50","0.1","0.5","1","legal","targeted","25.91794055462853","11","96.88537643449982","96.88537643449982","75","80","80","fixed","1","1","50","1581","19","50","21841941","v2.0-design-v1.0","1.7000000000000028","0.3","1.4000000000000028","99.74293059125964","true","11.980000000000008","11.679999999999996","50","98.3","3","500","983","983","0","0","0","0","0","1295","1164","3","100","28","0","103","0","5","5","1000","1997","3.994","78","5.268559738839605","0","44.2","3.587878787878788","10","259","750"
"1070","BA","1000","2","0.1","50","0.1","0.5","1","legal","targeted","25.91794055462853","11","96.88537643449982","96.88537643449982","75","80","80","fixed","1","1","50","1581","20","50","21841942","v2.0-design-v1.0","2.1000000000000085","0.3","1.8000000000000085","99.74424552429667","true","11.812000000000001","11.512","50","97.89999999999999","3","500","979","979","0","0","0","0","0","1295","1170","3","87","35","0","90","0","5","5","1000","1997","3.994","111","5.834895886818385","0","49.7","3.5323232323232325","10","259","750"
"1071","BA","1000","2","0.1","50","0.1","0.5","1","legal","targeted","25.91794055462853","11","96.88537643449982","96.88537643449982","75","80","80","fixed","1","1","50","1581","21","50","21841943","v2.0-design-v1.0","2.700000000000003","0.1","2.6000000000000028","99.91334488734836","true","12.048000000000004","11.948000000000002","50","97.3","1","500","973","973","0","0","0","0","0","1295","1153","1","104","37","0","105","0","5","5","1000","1997","3.994","91","5.343080807222779","0","44.9","3.580808080808081","10","259","750"
"1072","BA","1000","2","0.1","50","0.1","0.5","1","legal","targeted","25.91794055462853","11","96.88537643449982","96.88537643449982","75","80","80","fixed","1","1","50","1581","22","50","21841944","v2.0-design-v1.0","2","0.5","1.5","99.56709956709958","true","11.344","10.865999999999994","50","98","5","500","980","980","0","0","0","0","0","1295","1150","5","105","35","0","110","0","5","5","1000","1997","3.994","94","5.739591179422696","0","49.7","3.5323232323232325","10","259","750"
"1073","BA","1000","2","0.1","50","0.1","0.5","1","legal","targeted","25.91794055462853","11","96.88537643449982","96.88537643449982","75","80","80","fixed","1","1","50","1581","23","50","21841945","v2.0-design-v1.0","1.7999999999999972","0.1","1.699999999999997","99.9128160418483","true","11.665999999999997","11.565999999999997","50","98.2","1","500","982","982","0","0","0","0","0","1295","1146","1","107","41","0","108","0","5","5","1000","1997","3.994","114","5.568570101289278","0","44.6","3.583838383838384","10","259","750"
"1074","BA","1000","2","0.1","50","0.1","0.5","1","legal","targeted","25.91794055462853","11","96.88537643449982","96.88537643449982","75","80","80","fixed","1","1","50","1581","24","50","21841946","v2.0-design-v1.0","1.5999999999999943","0.3","1.2999999999999943","99.74619289340102","true","12.040000000000003","11.74","50","98.4","3","500","984","984","0","0","0","0","0","1295","1179","3","84","29","0","87","0","5","5","1000","1997","3.994","92","5.2772922804989415","0","42.5","3.605050505050505","10","259","750"
"1075","BA","1000","2","0.1","50","0.1","0.5","1","legal","targeted","25.91794055462853","11","96.88537643449982","96.88537643449982","75","80","80","fixed","1","1","50","1581","25","50","21841947","v2.0-design-v1.0","2.4000000000000057","0.3","2.100000000000006","99.74597798475868","true","11.934000000000001","11.700000000000005","50","97.6","3","500","976","976","0","0","0","0","0","1295","1178","3","78","36","0","81","0","5","5","1000","1997","3.994","70","4.9431162638965205","0","40.6","3.624242424242424","10","259","750"
"1076","BA","1000","2","0.1","50","0.1","0.5","1","legal","targeted","25.91794055462853","11","96.88537643449982","96.88537643449982","75","80","80","fixed","1","1","50","1581","26","50","21841948","v2.0-design-v1.0","2.9000000000000057","0.3","2.600000000000006","99.74489795918367","true","12.037999999999997","11.738000000000005","50","97.1","3","500","971","971","0","0","0","0","0","1295","1173","3","86","33","0","89","0","5","5","1000","1997","3.994","117","5.689317387203164","0","44.9","3.580808080808081","10","259","750"
"1077","BA","1000","2","0.1","50","0.1","0.5","1","legal","targeted","25.91794055462853","11","96.88537643449982","96.88537643449982","75","80","80","fixed","1","1","50","1581","27","50","21841949","v2.0-design-v1.0","2","0","2","100","true","11.941999999999998","11.941999999999998","50","98","0","500","980","980","0","0","0","0","0","1295","1187","0","82","26","0","82","0","5","5","1000","1997","3.994","92","5.393983598330548","0","46.9","3.5606060606060606","10","259","750"
"1078","BA","1000","2","0.1","50","0.1","0.5","1","legal","targeted","25.91794055462853","11","96.88537643449982","96.88537643449982","75","80","80","fixed","1","1","50","1581","28","50","21841950","v2.0-design-v1.0","1.9000000000000057","0.2","1.7000000000000057","99.82920580700257","true","11.542","11.364000000000008","50","98.1","2","500","981","981","0","0","0","0","0","1295","1169","2","99","25","0","101","0","5","5","1000","1997","3.994","65","4.767881783003501","0","39.3","3.6373737373737374","10","259","750"
"1079","BA","1000","2","0.1","50","0.1","0.5","1","legal","targeted","25.91794055462853","11","96.88537643449982","96.88537643449982","75","80","80","fixed","1","1","50","1581","29","50","21841951","v2.0-design-v1.0","2.1000000000000085","0.6","1.5000000000000084","99.49324324324324","true","11.784","11.184","50","97.89999999999999","6","500","979","979","0","0","0","0","0","1295","1178","6","77","34","0","83","0","5","5","1000","1997","3.994","43","4.486657340837831","0","34.6","3.684848484848485","10","259","750"
"1080","BA","1000","2","0.1","50","0.1","0.5","1","legal","targeted","25.91794055462853","11","96.88537643449982","96.88537643449982","75","80","80","fixed","1","1","50","1581","30","50","21841952","v2.0-design-v1.0","2.1000000000000085","0.4","1.7000000000000086","99.66187658495352","true","11.732000000000005","11.331999999999999","50","97.89999999999999","4","500","979","979","0","0","0","0","0","1295","1179","4","75","37","0","79","0","5","5","1000","1997","3.994","78","5.438523838464024","0","46.2","3.5676767676767676","10","259","750"
"1081","BA","1000","2","0.1","50","0.1","0.5","1","legal","targeted","24.94441670719741","10","81.49962167581951","81.49962167581951","75","80","80","fixed","1","1","50","1582","1","50","21842923","v2.0-design-v1.0","0","1.5","-1.5","98.33679833679834","true","9.616000000000003","8.136000000000003","50","100","15","500","1000","1000","0","0","0","0","0","1245","946","16","76","207","0","92","0","5","5","1000","1997","3.994","90","5.075601021132926","0","43.4","3.595959595959596","10","249","750"
"1083","BA","1000","2","0.1","50","0.1","0.5","1","legal","targeted","24.94441670719741","10","81.49962167581951","81.49962167581951","75","80","80","fixed","1","1","50","1582","3","50","21842925","v2.0-design-v1.0","0","0.8","-0.8","99.18116683725691","true","10.065999999999997","9.366000000000003","50","100","8","500","1000","1000","0","0","0","0","0","1245","969","8","73","195","0","81","0","5","5","1000","1997","3.994","67","5.167074865207833","0","43","3.6","10","249","750"
"1082","BA","1000","2","0.1","50","0.1","0.5","1","legal","targeted","24.94441670719741","10","81.49962167581951","81.49962167581951","75","80","80","fixed","1","1","50","1582","2","50","21842924","v2.0-design-v1.0","0.29999999999999716","1.0999999999999999","-0.8000000000000027","98.86128364389234","true","10.483999999999998","9.463999999999999","50","99.7","11","500","997","997","0","0","0","0","0","1245","955","11","74","205","0","85","0","5","5","1000","1997","3.994","74","5.193547625365233","0","42.7","3.603030303030303","10","249","750"
"1084","BA","1000","2","0.1","50","0.1","0.5","1","legal","targeted","24.94441670719741","10","81.49962167581951","81.49962167581951","75","80","80","fixed","1","1","50","1582","4","50","21842926","v2.0-design-v1.0","0","1.4000000000000001","-1.4000000000000001","98.52320675105484","true","9.487999999999996","8.168000000000003","50","100","14","500","1000","1000","0","0","0","0","0","1245","934","14","80","217","0","94","0","5","5","1000","1997","3.994","90","5.178105520050421","0","41.4","3.6161616161616164","10","249","750"
"1085","BA","1000","2","0.1","50","0.1","0.5","1","legal","targeted","24.94441670719741","10","81.49962167581951","81.49962167581951","75","80","80","fixed","1","1","50","1582","5","50","21842927","v2.0-design-v1.0","0.29999999999999716","1.9","-1.6000000000000028","98.01670146137788","true","10.261999999999993","8.362","50","99.7","19","500","997","997","0","0","0","0","0","1245","939","19","63","224","0","82","0","5","5","1000","1997","3.994","106","5.983457676441446","0","50.5","3.5242424242424244","10","249","750"
"1086","BA","1000","2","0.1","50","0.1","0.5","1","legal","targeted","24.94441670719741","10","81.49962167581951","81.49962167581951","75","80","80","fixed","1","1","50","1582","6","50","21842928","v2.0-design-v1.0","0.5","1.7999999999999998","-1.2999999999999998","97.98515376458113","true","10.211999999999998","8.451999999999993","50","99.5","18","500","995","995","0","0","0","0","0","1245","924","19","79","223","0","98","0","5","5","1000","1997","3.994","112","5.376324847781129","0","40.9","3.621212121212121","10","249","750"
"1087","BA","1000","2","0.1","50","0.1","0.5","1","legal","targeted","24.94441670719741","10","81.49962167581951","81.49962167581951","75","80","80","fixed","1","1","50","1582","7","50","21842929","v2.0-design-v1.0","0.09999999999999432","1.0999999999999999","-1.0000000000000056","98.84332281808622","true","9.748000000000001","8.728000000000002","50","99.9","11","500","999","999","0","0","0","0","0","1245","940","11","71","223","0","82","0","5","5","1000","1997","3.994","82","5.121346716654918","0","41.8","3.6121212121212123","10","249","750"
"1088","BA","1000","2","0.1","50","0.1","0.5","1","legal","targeted","24.94441670719741","10","81.49962167581951","81.49962167581951","75","80","80","fixed","1","1","50","1582","8","50","21842930","v2.0-design-v1.0","0","1.4000000000000001","-1.4000000000000001","98.54469854469855","true","10.096000000000004","8.755999999999998","50","100","14","500","1000","1000","0","0","0","0","0","1245","948","14","67","216","0","81","0","5","5","1000","1997","3.994","123","5.7883909223090155","0","44.9","3.580808080808081","10","249","750"
"1089","BA","1000","2","0.1","50","0.1","0.5","1","legal","targeted","24.94441670719741","10","81.49962167581951","81.49962167581951","75","80","80","fixed","1","1","50","1582","9","50","21842931","v2.0-design-v1.0","0","1.7000000000000002","-1.7000000000000002","98.24380165289256","true","10.510000000000002","8.810000000000002","50","100","17","500","1000","1000","0","0","0","0","0","1245","951","17","77","200","0","94","0","5","5","1000","1997","3.994","62","4.832941270212297","0","39.5","3.6353535353535356","10","249","750"
"1090","BA","1000","2","0.1","50","0.1","0.5","1","legal","targeted","24.94441670719741","10","81.49962167581951","81.49962167581951","75","80","80","fixed","1","1","50","1582","10","50","21842932","v2.0-design-v1.0","0.29999999999999716","2.3","-2.0000000000000027","97.62150982419855","true","9.692","7.411999999999997","50","99.7","23","500","997","997","0","0","0","0","0","1245","944","23","71","207","0","94","0","5","5","1000","1997","3.994","98","5.6256209978642815","0","46.7","3.562626262626263","10","249","750"
"1091","BA","1000","2","0.1","50","0.1","0.5","1","legal","targeted","24.94441670719741","10","81.49962167581951","81.49962167581951","75","80","80","fixed","1","1","50","1582","11","50","21842933","v2.0-design-v1.0","0.29999999999999716","1.7999999999999998","-1.5000000000000027","98.1151832460733","true","10.686","9.086000000000004","50","99.7","18","500","997","997","0","0","0","0","0","1245","937","18","86","204","0","104","0","5","5","1000","1997","3.994","93","5.326756831162679","0","41.8","3.6121212121212123","10","249","750"
"1092","BA","1000","2","0.1","50","0.1","0.5","1","legal","targeted","24.94441670719741","10","81.49962167581951","81.49962167581951","75","80","80","fixed","1","1","50","1582","12","50","21842934","v2.0-design-v1.0","0.7000000000000028","1.7999999999999998","-1.099999999999997","98.04123711340206","true","9.642000000000003","7.841999999999997","50","99.3","18","500","993","993","0","0","0","0","0","1245","951","19","66","209","0","85","0","5","5","1000","1997","3.994","65","4.876653129529074","0","40.2","3.628282828282828","10","249","750"
"1093","BA","1000","2","0.1","50","0.1","0.5","1","legal","targeted","24.94441670719741","10","81.49962167581951","81.49962167581951","75","80","80","fixed","1","1","50","1582","13","50","21842935","v2.0-design-v1.0","0.20000000000000284","1.6","-1.3999999999999972","98.35051546391752","true","10.002000000000002","8.421999999999999","50","99.8","16","500","998","998","0","0","0","0","0","1245","954","16","77","198","0","93","0","5","5","1000","1997","3.994","70","5.042955026112698","0","42.6","3.604040404040404","10","249","750"
"1094","BA","1000","2","0.1","50","0.1","0.5","1","legal","targeted","24.94441670719741","10","81.49962167581951","81.49962167581951","75","80","80","fixed","1","1","50","1582","14","50","21842936","v2.0-design-v1.0","0.09999999999999432","1.7999999999999998","-1.7000000000000055","98.08510638297872","true","9.944000000000003","8.223999999999998","50","99.9","18","500","999","999","0","0","0","0","0","1245","922","18","75","230","0","93","0","5","5","1000","1997","3.994","63","5.196630539971925","0","46.6","3.5636363636363635","10","249","750"
"1095","BA","1000","2","0.1","50","0.1","0.5","1","legal","targeted","24.94441670719741","10","81.49962167581951","81.49962167581951","75","80","80","fixed","1","1","50","1582","15","50","21842937","v2.0-design-v1.0","0.09999999999999432","2.1","-2.0000000000000058","97.79874213836479","true","10.143999999999995","8.123999999999999","50","99.9","21","500","999","999","0","0","0","0","0","1245","933","21","65","226","0","86","0","5","5","1000","1997","3.994","67","5.102548382916119","0","42.1","3.609090909090909","10","249","750"
"1096","BA","1000","2","0.1","50","0.1","0.5","1","legal","targeted","24.94441670719741","10","81.49962167581951","81.49962167581951","75","80","80","fixed","1","1","50","1582","16","50","21842938","v2.0-design-v1.0","0.20000000000000284","1.6","-1.3999999999999972","98.33333333333333","true","9.790000000000001","8.209999999999997","50","99.8","16","500","998","998","0","0","0","0","0","1245","944","16","78","207","0","94","0","5","5","1000","1997","3.994","70","4.96816330716358","0","41.2","3.618181818181818","10","249","750"
"1097","BA","1000","2","0.1","50","0.1","0.5","1","legal","targeted","24.94441670719741","10","81.49962167581951","81.49962167581951","75","80","80","fixed","1","1","50","1582","17","50","21842939","v2.0-design-v1.0","0.20000000000000284","1.6","-1.3999999999999972","98.3402489626556","true","10.361999999999998","8.802000000000003","50","99.8","16","500","998","998","0","0","0","0","0","1245","948","16","83","198","0","99","0","5","5","1000","1997","3.994","83","5.00809794683021","0","40.7","3.6232323232323234","10","249","750"
"1098","BA","1000","2","0.1","50","0.1","0.5","1","legal","targeted","24.94441670719741","10","81.49962167581951","81.49962167581951","75","80","80","fixed","1","1","50","1582","18","50","21842940","v2.0-design-v1.0","0.29999999999999716","1.6","-1.300000000000003","98.3453981385729","true","10.121999999999996","8.601999999999997","50","99.7","16","500","997","997","0","0","0","0","0","1245","951","16","69","209","0","85","0","5","5","1000","1997","3.994","65","4.584428097481832","0","34.7","3.683838383838384","10","249","750"
"1099","BA","1000","2","0.1","50","0.1","0.5","1","legal","targeted","24.94441670719741","10","81.49962167581951","81.49962167581951","75","80","80","fixed","1","1","50","1582","19","50","21842941","v2.0-design-v1.0","0.09999999999999432","2.3","-2.2000000000000055","97.61658031088083","true","10.266000000000004","7.985999999999999","50","99.9","23","500","999","999","0","0","0","0","0","1245","942","23","69","211","0","92","0","5","5","1000","1997","3.994","104","5.673813193625261","0","45.4","3.5757575757575757","10","249","750"
"1100","BA","1000","2","0.1","50","0.1","0.5","1","legal","targeted","24.94441670719741","10","81.49962167581951","81.49962167581951","75","80","80","fixed","1","1","50","1582","20","50","21842942","v2.0-design-v1.0","0.09999999999999432","1.7999999999999998","-1.7000000000000055","98.10924369747899","true","10.01","8.29","50","99.9","18","500","999","999","0","0","0","0","0","1245","934","18","75","218","0","93","0","5","5","1000","1997","3.994","82","5.305856774934282","0","45.2","3.577777777777778","10","249","750"
"1101","BA","1000","2","0.1","50","0.1","0.5","1","legal","targeted","24.94441670719741","10","81.49962167581951","81.49962167581951","75","80","80","fixed","1","1","50","1582","21","50","21842943","v2.0-design-v1.0","0.20000000000000284","1.3","-1.0999999999999972","98.65284974093265","true","10.593999999999994","9.293999999999999","50","99.8","13","500","998","998","0","0","0","0","0","1245","952","13","72","208","0","85","0","5","5","1000","1997","3.994","55","4.83128402242149","0","40.7","3.6232323232323234","10","249","750"
"1102","BA","1000","2","0.1","50","0.1","0.5","1","legal","targeted","24.94441670719741","10","81.49962167581951","81.49962167581951","75","80","80","fixed","1","1","50","1582","22","50","21842944","v2.0-design-v1.0","0.20000000000000284","1.7000000000000002","-1.4999999999999973","98.22546972860125","true","10.052","8.392000000000001","50","99.8","17","500","998","998","0","0","0","0","0","1245","941","17","81","206","0","98","0","5","5","1000","1997","3.994","84","5.337457489521802","0","45.1","3.5787878787878786","10","249","750"
"1103","BA","1000","2","0.1","50","0.1","0.5","1","legal","targeted","24.94441670719741","10","81.49962167581951","81.49962167581951","75","80","80","fixed","1","1","50","1582","23","50","21842945","v2.0-design-v1.0","0.20000000000000284","1.7000000000000002","-1.4999999999999973","98.23100936524453","true","9.785999999999994","8.146","50","99.8","17","500","998","998","0","0","0","0","0","1245","944","17","75","209","0","92","0","5","5","1000","1997","3.994","70","5.063358727327295","0","42.5","3.605050505050505","10","249","750"
"1104","BA","1000","2","0.1","50","0.1","0.5","1","legal","targeted","24.94441670719741","10","81.49962167581951","81.49962167581951","75","80","80","fixed","1","1","50","1582","24","50","21842946","v2.0-design-v1.0","0.29999999999999716","1.4000000000000001","-1.100000000000003","98.55521155830753","true","9.998","8.658000000000001","50","99.7","14","500","997","997","0","0","0","0","0","1245","955","14","68","208","0","82","0","5","5","1000","1997","3.994","84","5.1790720005408994","0","43.1","3.598989898989899","10","249","750"
"1105","BA","1000","2","0.1","50","0.1","0.5","1","legal","targeted","24.94441670719741","10","81.49962167581951","81.49962167581951","75","80","80","fixed","1","1","50","1582","25","50","21842947","v2.0-design-v1.0","0.4000000000000057","1.6","-1.1999999999999944","98.31045406546991","true","10.123999999999999","8.524000000000001","50","99.6","16","500","996","996","0","0","0","0","0","1245","931","16","75","223","0","91","0","5","5","1000","1997","3.994","69","5.451759870508381","0","47","3.5595959595959594","10","249","750"
"1106","BA","1000","2","0.1","50","0.1","0.5","1","legal","targeted","24.94441670719741","10","81.49962167581951","81.49962167581951","75","80","80","fixed","1","1","50","1582","26","50","21842948","v2.0-design-v1.0","0.09999999999999432","1.2","-1.1000000000000056","98.72881355932203","true","9.878","8.678000000000004","50","99.9","12","500","999","999","0","0","0","0","0","1245","932","12","77","224","0","89","0","5","5","1000","1997","3.994","86","5.289607163480461","0","43.8","3.591919191919192","10","249","750"
"1107","BA","1000","2","0.1","50","0.1","0.5","1","legal","targeted","24.94441670719741","10","81.49962167581951","81.49962167581951","75","80","80","fixed","1","1","50","1582","27","50","21842949","v2.0-design-v1.0","0","1.7000000000000002","-1.7000000000000002","98.03707742639041","true","9.436","7.756000000000005","50","100","17","500","1000","1000","0","0","0","0","0","1245","899","18","89","239","0","107","0","5","5","1000","1997","3.994","69","5.156991231188827","0","43.7","3.592929292929293","10","249","750"
"1108","BA","1000","2","0.1","50","0.1","0.5","1","legal","targeted","24.94441670719741","10","81.49962167581951","81.49962167581951","75","80","80","fixed","1","1","50","1582","28","50","21842950","v2.0-design-v1.0","0.20000000000000284","1.9","-1.699999999999997","97.98941798941799","true","9.429999999999998","7.530000000000002","50","99.8","19","500","998","998","0","0","0","0","0","1245","926","19","81","219","0","100","0","5","5","1000","1997","3.994","73","5.080923122797632","0","43.6","3.5939393939393938","10","249","750"
"1109","BA","1000","2","0.1","50","0.1","0.5","1","legal","targeted","24.94441670719741","10","81.49962167581951","81.49962167581951","75","80","80","fixed","1","1","50","1582","29","50","21842951","v2.0-design-v1.0","0.09999999999999432","1.5","-1.4000000000000057","98.41437632135307","true","9.484000000000004","8.004000000000003","50","99.9","15","500","999","999","0","0","0","0","0","1245","931","15","72","227","0","87","0","5","5","1000","1997","3.994","71","5.343830135822096","0","46","3.56969696969697","10","249","750"
"1110","BA","1000","2","0.1","50","0.1","0.5","1","legal","targeted","24.94441670719741","10","81.49962167581951","81.49962167581951","75","80","80","fixed","1","1","50","1582","30","50","21842952","v2.0-design-v1.0","0.29999999999999716","1.2","-0.9000000000000028","98.75647668393782","true","9.870000000000001","8.670000000000003","50","99.7","12","500","997","997","0","0","0","0","0","1245","953","12","75","205","0","87","0","5","5","1000","1997","3.994","92","5.603870748631458","0","45.8","3.5717171717171716","10","249","750"
"1111","BA","1000","2","0.1","50","0.1","0.5","1","legal","targeted","80.19052114348868","14","93.80461515439306","93.80461515439306","75","80","80","fixed","1","1","50","1583","1","50","21843923","v2.0-design-v1.0","26.700000000000003","2.9000000000000004","23.800000000000004","98.88888888888889","true","41.176","39.004","50","73.3","29","500","733","733","0","0","0","0","0","3208","2581","29","431","167","0","460","0","4","4","1000","1997","3.994","101","5.447351433278152","0","43.7","3.592929292929293","10","802","750"
"1112","BA","1000","2","0.1","50","0.1","0.5","1","legal","targeted","80.19052114348868","14","93.80461515439306","93.80461515439306","75","80","80","fixed","1","1","50","1583","2","50","21843924","v2.0-design-v1.0","26.900000000000006","2.5","24.400000000000006","98.95752895752896","true","40.958","39.12999999999999","50","73.1","25","500","731","731","0","0","0","0","0","3208","2563","27","460","158","0","487","0","4","4","1000","1997","3.994","71","5.21163363304876","0","44.9","3.580808080808081","10","802","750"
"1113","BA","1000","2","0.1","50","0.1","0.5","1","legal","targeted","80.19052114348868","14","93.80461515439306","93.80461515439306","75","80","80","fixed","1","1","50","1583","3","50","21843925","v2.0-design-v1.0","28.799999999999997","2.8000000000000003","25.999999999999996","98.91808346213293","true","41.290000000000006","38.90999999999999","50","71.2","28","500","712","712","0","0","0","0","0","3208","2560","28","445","175","0","473","0","4","4","1000","1997","3.994","64","4.970379127256649","0","39.2","3.6383838383838385","10","802","750"
"1114","BA","1000","2","0.1","50","0.1","0.5","1","legal","targeted","80.19052114348868","14","93.80461515439306","93.80461515439306","75","80","80","fixed","1","1","50","1583","4","50","21843926","v2.0-design-v1.0","24.5","2.9000000000000004","21.6","98.83086515978177","true","40.40399999999999","37.895999999999994","50","75.5","29","500","755","755","0","0","0","0","0","3208","2536","30","455","187","0","485","0","4","4","1000","1997","3.994","71","5.3011381859055495","0","44.5","3.584848484848485","10","802","750"
"1115","BA","1000","2","0.1","50","0.1","0.5","1","legal","targeted","80.19052114348868","14","93.80461515439306","93.80461515439306","75","80","80","fixed","1","1","50","1583","5","50","21843927","v2.0-design-v1.0","26.400000000000006","1.9","24.500000000000007","99.27230945997701","true","42.11200000000001","40.51999999999999","50","73.6","19","500","736","736","0","0","0","0","0","3208","2592","19","438","159","0","457","0","4","4","1000","1997","3.994","93","5.1334507221084955","0","42.1","3.609090909090909","10","802","750"
"1116","BA","1000","2","0.1","50","0.1","0.5","1","legal","targeted","80.19052114348868","14","93.80461515439306","93.80461515439306","75","80","80","fixed","1","1","50","1583","6","50","21843928","v2.0-design-v1.0","22.599999999999994","2.9000000000000004","19.699999999999996","98.88375673595074","true","40.81","38.302","50","77.4","29","500","774","774","0","0","0","0","0","3208","2569","29","436","174","0","465","0","4","4","1000","1997","3.994","89","5.472285620278771","0","46.9","3.5606060606060606","10","802","750"
"1117","BA","1000","2","0.1","50","0.1","0.5","1","legal","targeted","80.19052114348868","14","93.80461515439306","93.80461515439306","75","80","80","fixed","1","1","50","1583","7","50","21843929","v2.0-design-v1.0","28.200000000000003","3.2","25.000000000000004","98.7495115279406","true","40.52","37.79600000000001","50","71.8","32","500","718","718","0","0","0","0","0","3208","2527","32","481","168","0","513","0","4","4","1000","1997","3.994","107","5.6152912208981105","0","47.2","3.5575757575757576","10","802","750"
"1118","BA","1000","2","0.1","50","0.1","0.5","1","legal","targeted","80.19052114348868","14","93.80461515439306","93.80461515439306","75","80","80","fixed","1","1","50","1583","8","50","21843930","v2.0-design-v1.0","26.200000000000003","2.5","23.700000000000003","99.03772132409546","true","40.75800000000001","38.73400000000001","50","73.8","25","500","738","738","0","0","0","0","0","3208","2573","25","440","170","0","465","0","4","4","1000","1997","3.994","59","4.844112862994559","0","39.7","3.6333333333333333","10","802","750"
"1119","BA","1000","2","0.1","50","0.1","0.5","1","legal","targeted","80.19052114348868","14","93.80461515439306","93.80461515439306","75","80","80","fixed","1","1","50","1583","9","50","21843931","v2.0-design-v1.0","32.89999999999999","3.2","29.699999999999992","98.75920899573478","true","43.22199999999999","40.581999999999994","50","67.10000000000001","32","500","671","671","0","0","0","0","0","3208","2547","32","474","155","0","506","0","4","4","1000","1997","3.994","60","4.744731444083676","0","41","3.6202020202020204","10","802","750"
"1120","BA","1000","2","0.1","50","0.1","0.5","1","legal","targeted","80.19052114348868","14","93.80461515439306","93.80461515439306","75","80","80","fixed","1","1","50","1583","10","50","21843932","v2.0-design-v1.0","27","3","24","98.8076923076923","true","41.872","39.23600000000001","50","73","30","500","730","730","0","0","0","0","0","3208","2569","31","440","168","0","471","0","4","4","1000","1997","3.994","99","5.168237095439273","0","41.9","3.611111111111111","10","802","750"
"1121","BA","1000","2","0.1","50","0.1","0.5","1","legal","targeted","80.19052114348868","14","93.80461515439306","93.80461515439306","75","80","80","fixed","1","1","50","1583","11","50","21843933","v2.0-design-v1.0","27.5","2.8000000000000003","24.7","98.92514395393474","true","40.806","38.593999999999994","50","72.5","28","500","725","725","0","0","0","0","0","3208","2577","28","430","173","0","458","0","4","4","1000","1997","3.994","80","4.849895409747039","0","38.6","3.6444444444444444","10","802","750"
"1122","BA","1000","2","0.1","50","0.1","0.5","1","legal","targeted","80.19052114348868","14","93.80461515439306","93.80461515439306","75","80","80","fixed","1","1","50","1583","12","50","21843934","v2.0-design-v1.0","31","2.5","28.5","99.03735078937235","true","41.587999999999994","39.53600000000001","50","69","25","500","690","690","0","0","0","0","0","3208","2572","25","455","156","0","480","0","4","4","1000","1997","3.994","59","4.987869569549984","0","42.1","3.609090909090909","10","802","750"
"1123","BA","1000","2","0.1","50","0.1","0.5","1","legal","targeted","80.19052114348868","14","93.80461515439306","93.80461515439306","75","80","80","fixed","1","1","50","1583","13","50","21843935","v2.0-design-v1.0","26.700000000000003","3.2","23.500000000000004","98.7524366471735","true","40.867999999999995","38.480000000000004","50","73.3","32","500","733","733","0","0","0","0","0","3208","2533","32","456","187","0","488","0","4","4","1000","1997","3.994","77","4.964535286470477","0","39.8","3.632323232323232","10","802","750"
"1124","BA","1000","2","0.1","50","0.1","0.5","1","legal","targeted","80.19052114348868","14","93.80461515439306","93.80461515439306","75","80","80","fixed","1","1","50","1583","14","50","21843936","v2.0-design-v1.0","26.200000000000003","2.1","24.1","99.19847328244275","true","39.70800000000001","37.916","50","73.8","21","500","738","738","0","0","0","0","0","3208","2599","21","408","180","0","429","0","4","4","1000","1997","3.994","78","5.286767813505133","0","43.3","3.596969696969697","10","802","750"
"1125","BA","1000","2","0.1","50","0.1","0.5","1","legal","targeted","80.19052114348868","14","93.80461515439306","93.80461515439306","75","80","80","fixed","1","1","50","1583","15","50","21843937","v2.0-design-v1.0","25.700000000000003","3.4000000000000004","22.300000000000004","98.65280985373363","true","40.43999999999999","37.628","50","74.3","34","500","743","743","0","0","0","0","0","3208","2563","35","421","189","0","456","0","4","4","1000","1997","3.994","79","5.257338072028804","0","45.6","3.573737373737374","10","802","750"
"1126","BA","1000","2","0.1","50","0.1","0.5","1","legal","targeted","80.19052114348868","14","93.80461515439306","93.80461515439306","75","80","80","fixed","1","1","50","1583","16","50","21843938","v2.0-design-v1.0","27.900000000000006","2.8000000000000003","25.100000000000005","98.923904688701","true","40.312","38.016000000000005","50","72.1","28","500","721","721","0","0","0","0","0","3208","2574","28","442","164","0","470","0","4","4","1000","1997","3.994","100","5.470456095234639","0","44.5","3.584848484848485","10","802","750"
"1127","BA","1000","2","0.1","50","0.1","0.5","1","legal","targeted","80.19052114348868","14","93.80461515439306","93.80461515439306","75","80","80","fixed","1","1","50","1583","17","50","21843939","v2.0-design-v1.0","27.299999999999997","3.1","24.199999999999996","98.79424348502528","true","41.986000000000004","39.53","50","72.7","31","500","727","727","0","0","0","0","0","3208","2540","31","473","164","0","504","0","4","4","1000","1997","3.994","54","4.839978242656602","0","40.6","3.624242424242424","10","802","750"
"1128","BA","1000","2","0.1","50","0.1","0.5","1","legal","targeted","80.19052114348868","14","93.80461515439306","93.80461515439306","75","80","80","fixed","1","1","50","1583","18","50","21843940","v2.0-design-v1.0","25.299999999999997","3.1","22.199999999999996","98.81043745203377","true","40.77399999999999","37.897999999999996","50","74.7","31","500","747","747","0","0","0","0","0","3208","2575","31","442","160","0","473","0","4","4","1000","1997","3.994","56","4.875421390375771","0","40.8","3.6222222222222222","10","802","750"
"1129","BA","1000","2","0.1","50","0.1","0.5","1","legal","targeted","80.19052114348868","14","93.80461515439306","93.80461515439306","75","80","80","fixed","1","1","50","1583","19","50","21843941","v2.0-design-v1.0","26.400000000000006","2.7","23.700000000000006","98.96472392638037","true","41.01400000000002","38.93000000000001","50","73.6","27","500","736","736","0","0","0","0","0","3208","2581","27","448","152","0","475","0","4","4","1000","1997","3.994","77","5.497652970876584","0","47.1","3.5585858585858587","10","802","750"
"1130","BA","1000","2","0.1","50","0.1","0.5","1","legal","targeted","80.19052114348868","14","93.80461515439306","93.80461515439306","75","80","80","fixed","1","1","50","1583","20","50","21843942","v2.0-design-v1.0","26.799999999999997","3.1","23.699999999999996","98.76590821442345","true","40.41599999999999","37.652","50","73.2","31","500","732","732","0","0","0","0","0","3208","2561","32","434","181","0","466","0","4","4","1000","1997","3.994","89","5.15466143743063","0","42.6","3.604040404040404","10","802","750"
"1131","BA","1000","2","0.1","50","0.1","0.5","1","legal","targeted","80.19052114348868","14","93.80461515439306","93.80461515439306","75","80","80","fixed","1","1","50","1583","21","50","21843943","v2.0-design-v1.0","27.200000000000003","2.8000000000000003","24.400000000000002","98.91556932610379","true","39.818","37.662000000000006","50","72.8","28","500","728","728","0","0","0","0","0","3208","2554","28","431","195","0","459","0","4","4","1000","1997","3.994","64","5.068891166483808","0","42","3.61010101010101","10","802","750"
"1132","BA","1000","2","0.1","50","0.1","0.5","1","legal","targeted","80.19052114348868","14","93.80461515439306","93.80461515439306","75","80","80","fixed","1","1","50","1583","22","50","21843944","v2.0-design-v1.0","26.099999999999994","2.3","23.799999999999994","99.1064491064491","true","40.66","38.69599999999999","50","73.9","23","500","739","739","0","0","0","0","0","3208","2551","23","463","171","0","486","0","4","4","1000","1997","3.994","97","5.332954566129763","0","42.5","3.605050505050505","10","802","750"
"1133","BA","1000","2","0.1","50","0.1","0.5","1","legal","targeted","80.19052114348868","14","93.80461515439306","93.80461515439306","75","80","80","fixed","1","1","50","1583","23","50","21843945","v2.0-design-v1.0","28.799999999999997","4","24.799999999999997","98.4567901234568","true","40.19800000000001","36.758","50","71.2","40","500","712","712","0","0","0","0","0","3208","2552","40","444","172","0","484","0","4","4","1000","1997","3.994","98","5.143385890482875","0","40.5","3.625252525252525","10","802","750"
"1134","BA","1000","2","0.1","50","0.1","0.5","1","legal","targeted","80.19052114348868","14","93.80461515439306","93.80461515439306","75","80","80","fixed","1","1","50","1583","24","50","21843946","v2.0-design-v1.0","27.400000000000006","2.3","25.100000000000005","99.11843618244538","true","40.43600000000001","38.5","50","72.6","23","500","726","726","0","0","0","0","0","3208","2586","23","437","162","0","460","0","4","4","1000","1997","3.994","104","5.988140097043668","0","48.8","3.5414141414141413","10","802","750"
"1135","BA","1000","2","0.1","50","0.1","0.5","1","legal","targeted","80.19052114348868","14","93.80461515439306","93.80461515439306","75","80","80","fixed","1","1","50","1583","25","50","21843947","v2.0-design-v1.0","29.10000000000001","2.8000000000000003","26.300000000000008","98.93455098934551","true","39.856","37.196000000000005","50","70.89999999999999","28","500","709","709","0","0","0","0","0","3208","2600","28","420","160","0","448","0","4","4","1000","1997","3.994","71","4.95666546506141","0","41.2","3.618181818181818","10","802","750"
"1136","BA","1000","2","0.1","50","0.1","0.5","1","legal","targeted","80.19052114348868","14","93.80461515439306","93.80461515439306","75","80","80","fixed","1","1","50","1583","26","50","21843948","v2.0-design-v1.0","27.799999999999997","3.4000000000000004","24.4","98.70030581039755","true","41.456","38.923999999999985","50","72.2","34","500","722","722","0","0","0","0","0","3208","2582","34","431","161","0","465","0","4","4","1000","1997","3.994","92","5.0483115444125835","0","39","3.6404040404040403","10","802","750"
"1137","BA","1000","2","0.1","50","0.1","0.5","1","legal","targeted","80.19052114348868","14","93.80461515439306","93.80461515439306","75","80","80","fixed","1","1","50","1583","27","50","21843949","v2.0-design-v1.0","25.400000000000006","4.2","21.200000000000006","98.30312379483223","true","41.808","38.559999999999995","50","74.6","42","500","746","746","0","0","0","0","0","3208","2549","44","456","159","0","500","0","4","4","1000","1997","3.994","79","5.305856774934281","0","42.2","3.608080808080808","10","802","750"
"1138","BA","1000","2","0.1","50","0.1","0.5","1","legal","targeted","80.19052114348868","14","93.80461515439306","93.80461515439306","75","80","80","fixed","1","1","50","1583","28","50","21843950","v2.0-design-v1.0","27.400000000000006","3.4000000000000004","24.000000000000007","98.6923076923077","true","41.738","39.038000000000004","50","72.6","34","500","726","726","0","0","0","0","0","3208","2566","34","436","172","0","470","0","4","4","1000","1997","3.994","71","4.941090808554151","0","41","3.6202020202020204","10","802","750"
"1139","BA","1000","2","0.1","50","0.1","0.5","1","legal","targeted","80.19052114348868","14","93.80461515439306","93.80461515439306","75","80","80","fixed","1","1","50","1583","29","50","21843951","v2.0-design-v1.0","27.900000000000006","3","24.900000000000006","98.84437596302003","true","40.874","37.986","50","72.1","30","500","721","721","0","0","0","0","0","3208","2566","30","435","177","0","465","0","4","4","1000","1997","3.994","47","4.397647473741298","0","35.7","3.6737373737373735","10","802","750"
"1140","BA","1000","2","0.1","50","0.1","0.5","1","legal","targeted","80.19052114348868","14","93.80461515439306","93.80461515439306","75","80","80","fixed","1","1","50","1583","30","50","21843952","v2.0-design-v1.0","26.299999999999997","4","22.299999999999997","98.4567901234568","true","42.166000000000004","39.089999999999996","50","73.7","40","500","737","737","0","0","0","0","0","3208","2552","40","454","162","0","494","0","4","4","1000","1997","3.994","76","4.858556325655744","0","38.9","3.6414141414141414","10","802","750"
"1141","BA","1000","2","0.1","50","0.1","0.5","1","legal","targeted","45.50413084643031","18","91.12439612975989","91.12439612975989","75","80","80","fixed","1","1","50","1584","1","50","21844923","v2.0-design-v1.0","0.7000000000000028","1.6","-0.8999999999999972","98.52125693160814","true","13.827999999999998","12.299999999999997","50","99.3","16","500","993","993","0","0","0","0","0","1365","1066","16","152","131","0","168","0","3","3","1000","1997","3.994","81","5.410104734035482","0","46.6","3.5636363636363635","10","455","750"
"1142","BA","1000","2","0.1","50","0.1","0.5","1","legal","targeted","45.50413084643031","18","91.12439612975989","91.12439612975989","75","80","80","fixed","1","1","50","1584","2","50","21844924","v2.0-design-v1.0","0.9000000000000057","1.7999999999999998","-0.8999999999999941","98.38420107719928","true","14.155999999999999","12.355999999999996","50","99.1","18","500","991","991","0","0","0","0","0","1365","1096","18","153","98","0","171","0","3","3","1000","1997","3.994","86","5.576653392767293","0","45.6","3.573737373737374","10","455","750"
"1143","BA","1000","2","0.1","50","0.1","0.5","1","legal","targeted","45.50413084643031","18","91.12439612975989","91.12439612975989","75","80","80","fixed","1","1","50","1584","3","50","21844925","v2.0-design-v1.0","0.7000000000000028","1.7000000000000002","-0.9999999999999973","98.48214285714286","true","14.001999999999994","12.302","50","99.3","17","500","993","993","0","0","0","0","0","1365","1103","17","151","94","0","168","0","3","3","1000","1997","3.994","68","4.9459505078828165","0","40.6","3.624242424242424","10","455","750"
"1144","BA","1000","2","0.1","50","0.1","0.5","1","legal","targeted","45.50413084643031","18","91.12439612975989","91.12439612975989","75","80","80","fixed","1","1","50","1584","4","50","21844926","v2.0-design-v1.0","0.4000000000000057","1.3","-0.8999999999999944","98.83408071748879","true","14.609999999999998","13.31","50","99.6","13","500","996","996","0","0","0","0","0","1365","1102","13","165","85","0","178","0","3","3","1000","1997","3.994","109","5.4682598572000725","0","42.8","3.602020202020202","10","455","750"
"1145","BA","1000","2","0.1","50","0.1","0.5","1","legal","targeted","45.50413084643031","18","91.12439612975989","91.12439612975989","75","80","80","fixed","1","1","50","1584","5","50","21844927","v2.0-design-v1.0","1.0999999999999943","1.0999999999999999","-5.551115123125783E-15","98.9805375347544","true","13.902000000000005","12.801999999999998","50","98.9","11","500","989","989","0","0","0","0","0","1365","1068","11","177","109","0","188","0","3","3","1000","1997","3.994","118","6.050667283413861","0","50.5","3.5242424242424244","10","455","750"
"1146","BA","1000","2","0.1","50","0.1","0.5","1","legal","targeted","45.50413084643031","18","91.12439612975989","91.12439612975989","75","80","80","fixed","1","1","50","1584","6","50","21844928","v2.0-design-v1.0","0.5","1.4000000000000001","-0.9000000000000001","98.72029250457038","true","14.872000000000007","13.472000000000003","50","99.5","14","500","995","995","0","0","0","0","0","1365","1080","14","166","105","0","180","0","3","3","1000","1997","3.994","91","5.286578469285389","0","42.9","3.601010101010101","10","455","750"
"1147","BA","1000","2","0.1","50","0.1","0.5","1","legal","targeted","45.50413084643031","18","91.12439612975989","91.12439612975989","75","80","80","fixed","1","1","50","1584","7","50","21844929","v2.0-design-v1.0","0.9000000000000057","1.9","-0.9999999999999942","98.2836495031617","true","13.969999999999997","12.070000000000002","50","99.1","19","500","991","991","0","0","0","0","0","1365","1088","19","163","95","0","182","0","3","3","1000","1997","3.994","70","5.449005015198241","0","46.5","3.5646464646464646","10","455","750"
"1148","BA","1000","2","0.1","50","0.1","0.5","1","legal","targeted","45.50413084643031","18","91.12439612975989","91.12439612975989","75","80","80","fixed","1","1","50","1584","8","50","21844930","v2.0-design-v1.0","0.5","1.4000000000000001","-0.9000000000000001","98.72262773722628","true","14.834000000000003","13.434000000000003","50","99.5","14","500","995","995","0","0","0","0","0","1365","1082","14","164","105","0","178","0","3","3","1000","1997","3.994","90","5.222186825003024","0","42.2","3.608080808080808","10","455","750"
"1149","BA","1000","2","0.1","50","0.1","0.5","1","legal","targeted","45.50413084643031","18","91.12439612975989","91.12439612975989","75","80","80","fixed","1","1","50","1584","9","50","21844931","v2.0-design-v1.0","0.4000000000000057","1.5","-1.0999999999999943","98.66071428571429","true","14.906","13.406","50","99.6","15","500","996","996","0","0","0","0","0","1365","1105","15","160","85","0","175","0","3","3","1000","1997","3.994","121","6.0128294602556664","0","50.6","3.5232323232323233","10","455","750"
"1150","BA","1000","2","0.1","50","0.1","0.5","1","legal","targeted","45.50413084643031","18","91.12439612975989","91.12439612975989","75","80","80","fixed","1","1","50","1584","10","50","21844932","v2.0-design-v1.0","0.7000000000000028","1.4000000000000001","-0.6999999999999973","98.73646209386283","true","14.158000000000001","12.757999999999997","50","99.3","14","500","993","993","0","0","0","0","0","1365","1094","14","161","96","0","175","0","3","3","1000","1997","3.994","75","5.015288338382654","0","41.3","3.617171717171717","10","455","750"
"1151","BA","1000","2","0.1","50","0.1","0.5","1","legal","targeted","45.50413084643031","18","91.12439612975989","91.12439612975989","75","80","80","fixed","1","1","50","1584","11","50","21844933","v2.0-design-v1.0","0.4000000000000057","1.5","-1.0999999999999943","98.64743011722273","true","13.806000000000001","12.305999999999997","50","99.6","15","500","996","996","0","0","0","0","0","1365","1094","15","156","100","0","171","0","3","3","1000","1997","3.994","86","5.564074309615466","0","48.1","3.5484848484848484","10","455","750"
"1152","BA","1000","2","0.1","50","0.1","0.5","1","legal","targeted","45.50413084643031","18","91.12439612975989","91.12439612975989","75","80","80","fixed","1","1","50","1584","12","50","21844934","v2.0-design-v1.0","0.29999999999999716","1.4000000000000001","-1.100000000000003","98.7072945521699","true","13.959999999999997","12.56","50","99.7","14","500","997","997","0","0","0","0","0","1365","1069","14","159","123","0","173","0","3","3","1000","1997","3.994","104","5.781642620518098","0","49.7","3.5323232323232325","10","455","750"
"1153","BA","1000","2","0.1","50","0.1","0.5","1","legal","targeted","45.50413084643031","18","91.12439612975989","91.12439612975989","75","80","80","fixed","1","1","50","1584","13","50","21844935","v2.0-design-v1.0","0.5999999999999943","1.0999999999999999","-0.5000000000000056","99.00990099009901","true","14.542","13.441999999999997","50","99.4","11","500","994","994","0","0","0","0","0","1365","1100","11","158","96","0","169","0","3","3","1000","1997","3.994","69","5.151164771049208","0","44.6","3.583838383838384","10","455","750"
"1154","BA","1000","2","0.1","50","0.1","0.5","1","legal","targeted","45.50413084643031","18","91.12439612975989","91.12439612975989","75","80","80","fixed","1","1","50","1584","14","50","21844936","v2.0-design-v1.0","0.20000000000000284","1.4000000000000001","-1.1999999999999973","98.72727272727273","true","14.700000000000006","13.371999999999991","50","99.8","14","500","998","998","0","0","0","0","0","1365","1086","14","159","106","0","173","0","3","3","1000","1997","3.994","70","5.182356685989566","0","45.8","3.5717171717171716","10","455","750"
"1155","BA","1000","2","0.1","50","0.1","0.5","1","legal","targeted","45.50413084643031","18","91.12439612975989","91.12439612975989","75","80","80","fixed","1","1","50","1584","15","50","21844937","v2.0-design-v1.0","0.5","2","-1.5","98.19168173598554","true","14.330000000000009","12.438000000000006","50","99.5","20","500","995","995","0","0","0","0","0","1365","1086","20","154","105","0","174","0","3","3","1000","1997","3.994","71","5.054256573375501","0","42.1","3.609090909090909","10","455","750"
"1156","BA","1000","2","0.1","50","0.1","0.5","1","legal","targeted","45.50413084643031","18","91.12439612975989","91.12439612975989","75","80","80","fixed","1","1","50","1584","16","50","21844938","v2.0-design-v1.0","0.7000000000000028","2.1999999999999997","-1.499999999999997","98.02336028751122","true","14.109999999999998","11.946000000000003","50","99.3","22","500","993","993","0","0","0","0","0","1365","1091","22","155","97","0","177","0","3","3","1000","1997","3.994","72","5.152330590180566","0","42.1","3.609090909090909","10","455","750"
"1157","BA","1000","2","0.1","50","0.1","0.5","1","legal","targeted","45.50413084643031","18","91.12439612975989","91.12439612975989","75","80","80","fixed","1","1","50","1584","17","50","21844939","v2.0-design-v1.0","0.7999999999999972","1.6","-0.8000000000000029","98.53345554537121","true","14.665999999999997","13.066000000000006","50","99.2","16","500","992","992","0","0","0","0","0","1365","1075","16","159","115","0","175","0","3","3","1000","1997","3.994","101","5.3712954503373505","0","42.6","3.604040404040404","10","455","750"
"1158","BA","1000","2","0.1","50","0.1","0.5","1","legal","targeted","45.50413084643031","18","91.12439612975989","91.12439612975989","75","80","80","fixed","1","1","50","1584","18","50","21844940","v2.0-design-v1.0","0.7000000000000028","1.6","-0.8999999999999972","98.55985598559856","true","14.074000000000005","12.473999999999998","50","99.3","16","500","993","993","0","0","0","0","0","1365","1095","16","147","107","0","163","0","3","3","1000","1997","3.994","114","5.9115912334084095","0","46.9","3.5606060606060606","10","455","750"
"1160","BA","1000","2","0.1","50","0.1","0.5","1","legal","targeted","45.50413084643031","18","91.12439612975989","91.12439612975989","75","80","80","fixed","1","1","50","1584","20","50","21844942","v2.0-design-v1.0","1.2000000000000028","1.7000000000000002","-0.49999999999999734","98.4375","true","14.466000000000001","12.765999999999998","50","98.8","17","500","988","988","0","0","0","0","0","1365","1071","17","166","111","0","183","0","3","3","1000","1997","3.994","108","5.586337903418581","0","45.2","3.577777777777778","10","455","750"
"1159","BA","1000","2","0.1","50","0.1","0.5","1","legal","targeted","45.50413084643031","18","91.12439612975989","91.12439612975989","75","80","80","fixed","1","1","50","1584","19","50","21844941","v2.0-design-v1.0","0.29999999999999716","1.6","-1.300000000000003","98.57142857142858","true","14.668000000000001","13.068000000000005","50","99.7","16","500","997","997","0","0","0","0","0","1365","1104","16","144","101","0","160","0","3","3","1000","1997","3.994","51","4.831905556952792","0","41.4","3.6161616161616164","10","455","750"
"1162","BA","1000","2","0.1","50","0.1","0.5","1","legal","targeted","45.50413084643031","18","91.12439612975989","91.12439612975989","75","80","80","fixed","1","1","50","1584","22","50","21844944","v2.0-design-v1.0","0.7999999999999972","1.7999999999999998","-1.0000000000000027","98.40425531914893","true","14.782","13.017999999999999","50","99.2","18","500","992","992","0","0","0","0","0","1365","1110","18","148","89","0","166","0","3","3","1000","1997","3.994","82","5.126621328540481","0","43.2","3.597979797979798","10","455","750"
"1161","BA","1000","2","0.1","50","0.1","0.5","1","legal","targeted","45.50413084643031","18","91.12439612975989","91.12439612975989","75","80","80","fixed","1","1","50","1584","21","50","21844943","v2.0-design-v1.0","0.5999999999999943","1.9","-1.3000000000000056","98.28674481514878","true","13.829999999999998","11.930000000000001","50","99.4","19","500","994","994","0","0","0","0","0","1365","1090","19","156","100","0","175","0","3","3","1000","1997","3.994","83","5.064940040870924","0","41","3.6202020202020204","10","455","750"
"1164","BA","1000","2","0.1","50","0.1","0.5","1","legal","targeted","45.50413084643031","18","91.12439612975989","91.12439612975989","75","80","80","fixed","1","1","50","1584","24","50","21844946","v2.0-design-v1.0","1","1.5","-0.5","98.63263445761167","true","13.792","12.291999999999996","50","99","15","500","990","990","0","0","0","0","0","1365","1082","15","166","102","0","181","0","3","3","1000","1997","3.994","62","4.7695610608013626","0","38.4","3.6464646464646466","10","455","750"
"1163","BA","1000","2","0.1","50","0.1","0.5","1","legal","targeted","45.50413084643031","18","91.12439612975989","91.12439612975989","75","80","80","fixed","1","1","50","1584","23","50","21844945","v2.0-design-v1.0","0.7000000000000028","1.5","-0.7999999999999972","98.62888482632542","true","14.076000000000006","12.576000000000006","50","99.3","15","500","993","993","0","0","0","0","0","1365","1079","15","168","103","0","183","0","3","3","1000","1997","3.994","52","4.769561060801362","0","40.9","3.621212121212121","10","455","750"
"1165","BA","1000","2","0.1","50","0.1","0.5","1","legal","targeted","45.50413084643031","18","91.12439612975989","91.12439612975989","75","80","80","fixed","1","1","50","1584","25","50","21844947","v2.0-design-v1.0","0.20000000000000284","1.7000000000000002","-1.4999999999999973","98.48349687778769","true","14.176000000000002","12.475999999999999","50","99.8","17","500","998","998","0","0","0","0","0","1365","1104","17","148","96","0","165","0","3","3","1000","1997","3.994","75","4.9463552673084745","0","40.6","3.624242424242424","10","455","750"
"1166","BA","1000","2","0.1","50","0.1","0.5","1","legal","targeted","45.50413084643031","18","91.12439612975989","91.12439612975989","75","80","80","fixed","1","1","50","1584","26","50","21844948","v2.0-design-v1.0","0.5999999999999943","1.2","-0.6000000000000056","98.91304347826086","true","14.566","13.366000000000001","50","99.4","12","500","994","994","0","0","0","0","0","1365","1092","12","147","114","0","159","0","3","3","1000","1997","3.994","88","5.42341012439381","0","44.4","3.585858585858586","10","455","750"
"1167","BA","1000","2","0.1","50","0.1","0.5","1","legal","targeted","45.50413084643031","18","91.12439612975989","91.12439612975989","75","80","80","fixed","1","1","50","1584","27","50","21844949","v2.0-design-v1.0","0.9000000000000057","1","-0.09999999999999432","99.07663896583564","true","13.826000000000004","12.826","50","99.1","10","500","991","991","0","0","0","0","0","1365","1073","10","155","127","0","165","0","3","3","1000","1997","3.994","78","5.572523397619514","0","47.7","3.5525252525252524","10","455","750"
"1168","BA","1000","2","0.1","50","0.1","0.5","1","legal","targeted","45.50413084643031","18","91.12439612975989","91.12439612975989","75","80","80","fixed","1","1","50","1584","28","50","21844950","v2.0-design-v1.0","0.5999999999999943","1.7999999999999998","-1.2000000000000055","98.36660617059891","true","14.225999999999992","12.425999999999998","50","99.4","18","500","994","994","0","0","0","0","0","1365","1084","18","161","102","0","179","0","3","3","1000","1997","3.994","88","5.362902639869999","0","44.7","3.5828282828282827","10","455","750"
"1170","BA","1000","2","0.1","50","0.1","0.5","1","legal","targeted","45.50413084643031","18","91.12439612975989","91.12439612975989","75","80","80","fixed","1","1","50","1584","30","50","21844952","v2.0-design-v1.0","0.4000000000000057","1.7999999999999998","-1.3999999999999941","98.34710743801654","true","13.536000000000001","11.735999999999999","50","99.6","18","500","996","996","0","0","0","0","0","1365","1071","18","165","111","0","183","0","3","3","1000","1997","3.994","90","5.47813599447603","0","47","3.5595959595959594","10","455","750"
"1169","BA","1000","2","0.1","50","0.1","0.5","1","legal","targeted","45.50413084643031","18","91.12439612975989","91.12439612975989","75","80","80","fixed","1","1","50","1584","29","50","21844951","v2.0-design-v1.0","0.29999999999999716","1.6","-1.300000000000003","98.51576994434137","true","13.930000000000009","12.330000000000005","50","99.7","16","500","997","997","0","0","0","0","0","1365","1062","16","186","101","0","202","0","3","3","1000","1997","3.994","113","5.886817359033559","0","48","3.5494949494949495","10","455","750"
"1171","BA","1000","2","0.1","50","0.1","0.5","1","legal","targeted","36.89546254959723","1","83.99086603401744","83.99086603401744","75","80","80","fixed","1","1","50","1585","1","50","21845923","v2.0-design-v1.0","61.9","47.699999999999996","14.200000000000003","57.98075177047394","true","65.04400000000001","28.316000000000003","50","38.1","477","500","381","446","369","65","44","250","10","18450","3193","2314","12363","580","294","14677","36.9","50","50","1000","1997","3.994","68","4.914276560605233","0","40.6","3.624242424242424","10","369","750"
"1172","BA","1000","2","0.1","50","0.1","0.5","1","legal","targeted","36.89546254959723","1","83.99086603401744","83.99086603401744","75","80","80","fixed","1","1","50","1585","2","50","21845924","v2.0-design-v1.0","59.699999999999996","46.6","13.099999999999994","59.71851060039195","true","62.763999999999996","26.76","50","40.300000000000004","466","500","403","461","369","58","50","249","12","18450","3352","2261","12235","602","299","14496","36.9","50","50","1000","1997","3.994","103","5.489818039070335","0","44.1","3.588888888888889","10","369","750"
"1174","BA","1000","2","0.1","50","0.1","0.5","1","legal","targeted","36.89546254959723","1","83.99086603401744","83.99086603401744","75","80","80","fixed","1","1","50","1585","4","50","21845926","v2.0-design-v1.0","58.2","46.400000000000006","11.799999999999997","59.452736318407965","true","63.096000000000004","26.959999999999994","50","41.8","464","500","418","483","369","65","45","242","17","18450","3346","2282","12152","670","287","14434","36.9","50","50","1000","1997","3.994","95","5.180811211075414","0","40.4","3.6262626262626263","10","369","750"
"1175","BA","1000","2","0.1","50","0.1","0.5","1","legal","targeted","36.89546254959723","1","83.99086603401744","83.99086603401744","75","80","80","fixed","1","1","50","1585","5","50","21845927","v2.0-design-v1.0","61.1","47.3","13.800000000000004","58.45470692717585","true","64.17","27.375999999999998","50","38.9","473","500","389","434","369","45","54","259","11","18450","3291","2339","12219","601","313","14558","36.9","50","50","1000","1997","3.994","65","4.819875018628087","0","38.6","3.6444444444444444","10","369","750"
"1173","BA","1000","2","0.1","50","0.1","0.5","1","legal","targeted","36.89546254959723","1","83.99086603401744","83.99086603401744","75","80","80","fixed","1","1","50","1585","3","50","21845925","v2.0-design-v1.0","57.800000000000004","48","9.800000000000004","60.14216366158114","true","62.942","25.864","50","42.199999999999996","480","500","422","499","369","77","38","238","16","18450","3469","2299","12006","676","276","14305","36.9","50","50","1000","1997","3.994","71","4.901427137884219","0","38.4","3.6464646464646466","10","369","750"
"1176","BA","1000","2","0.1","50","0.1","0.5","1","legal","targeted","36.89546254959723","1","83.99086603401744","83.99086603401744","75","80","80","fixed","1","1","50","1585","6","50","21845928","v2.0-design-v1.0","59.599999999999994","47.099999999999994","12.5","60.59121917089383","true","61.8","25.35","50","40.400000000000006","471","500","404","455","369","51","54","255","9","18450","3464","2253","12029","704","309","14282","36.9","50","50","1000","1997","3.994","105","5.863475449283003","0","46.8","3.5616161616161617","10","369","750"
"1177","BA","1000","2","0.1","50","0.1","0.5","1","legal","targeted","36.89546254959723","1","83.99086603401744","83.99086603401744","75","80","80","fixed","1","1","50","1585","7","50","21845929","v2.0-design-v1.0","56.1","47.4","8.700000000000003","61.09054190508246","true","60.348","23.848000000000006","50","43.9","474","500","439","527","369","88","49","224","8","18450","3630","2312","11837","671","273","14149","36.9","50","50","1000","1997","3.994","100","5.617429974598654","0","47.4","3.5555555555555554","10","369","750"
"1178","BA","1000","2","0.1","50","0.1","0.5","1","legal","targeted","36.89546254959723","1","83.99086603401744","83.99086603401744","75","80","80","fixed","1","1","50","1585","8","50","21845930","v2.0-design-v1.0","57.1","48.3","8.800000000000004","60.0447966919366","true","62.128","23.941999999999997","50","42.9","483","500","429","511","369","82","47","226","14","18450","3485","2319","11973","673","273","14292","36.9","50","50","1000","1997","3.994","71","4.8372888443179844","0","38.3","3.6474747474747473","10","369","750"
"1179","BA","1000","2","0.1","50","0.1","0.5","1","legal","targeted","36.89546254959723","1","83.99086603401744","83.99086603401744","75","80","80","fixed","1","1","50","1585","9","50","21845931","v2.0-design-v1.0","57.9","47.5","10.399999999999999","60.16568864342423","true","61.832000000000015","25.177999999999994","50","42.1","475","500","421","488","369","67","45","247","10","18450","3486","2308","11993","663","292","14301","36.9","50","50","1000","1997","3.994","54","4.923027544123649","0","41.6","3.614141414141414","10","369","750"
"1180","BA","1000","2","0.1","50","0.1","0.5","1","legal","targeted","36.89546254959723","1","83.99086603401744","83.99086603401744","75","80","80","fixed","1","1","50","1585","10","50","21845932","v2.0-design-v1.0","58.4","47.5","10.899999999999999","59.331717451523545","true","62.55600000000001","25.160000000000004","50","41.6","475","500","416","470","369","54","47","254","14","18450","3427","2349","12052","622","301","14401","36.9","50","50","1000","1997","3.994","76","5.2759643478514615","0","43","3.6","10","369","750"
"1181","BA","1000","2","0.1","50","0.1","0.5","1","legal","targeted","36.89546254959723","1","83.99086603401744","83.99086603401744","75","80","80","fixed","1","1","50","1585","11","50","21845933","v2.0-design-v1.0","59.8","47.4","12.399999999999999","59.260539046302696","true","62.302000000000014","25.976000000000003","50","40.2","474","500","402","474","369","72","56","232","9","18450","3430","2358","11989","673","288","14347","36.9","50","50","1000","1997","3.994","80","5.766733843278983","0","48.5","3.5444444444444443","10","369","750"
"1182","BA","1000","2","0.1","50","0.1","0.5","1","legal","targeted","36.89546254959723","1","83.99086603401744","83.99086603401744","75","80","80","fixed","1","1","50","1585","12","50","21845934","v2.0-design-v1.0","58","47.099999999999994","10.900000000000006","59.541984732824424","true","61.88999999999998","24.12","50","42","471","500","420","494","369","74","53","226","16","18450","3432","2332","12038","648","279","14370","36.9","50","50","1000","1997","3.994","84","5.190655729954243","0","41.1","3.6191919191919193","10","369","750"
"1183","BA","1000","2","0.1","50","0.1","0.5","1","legal","targeted","36.89546254959723","1","83.99086603401744","83.99086603401744","75","80","80","fixed","1","1","50","1585","13","50","21845935","v2.0-design-v1.0","58.7","46.400000000000006","12.299999999999997","59.58475031322713","true","63.3","26.49199999999999","50","41.3","464","500","413","482","369","69","39","246","15","18450","3329","2258","12230","633","285","14488","36.9","50","50","1000","1997","3.994","108","5.867400650236061","0","47.3","3.5565656565656565","10","369","750"
"1184","BA","1000","2","0.1","50","0.1","0.5","1","legal","targeted","36.89546254959723","1","83.99086603401744","83.99086603401744","75","80","80","fixed","1","1","50","1585","14","50","21845936","v2.0-design-v1.0","61.199999999999996","49.1","12.099999999999994","58.67365377665341","true","63.95399999999999","26.76","50","38.800000000000004","491","500","388","446","369","58","41","262","8","18450","3247","2287","12278","638","303","14565","36.9","50","50","1000","1997","3.994","88","5.170947950105726","0","42.9","3.601010101010101","10","369","750"
"1185","BA","1000","2","0.1","50","0.1","0.5","1","legal","targeted","36.89546254959723","1","83.99086603401744","83.99086603401744","75","80","80","fixed","1","1","50","1585","15","50","21845937","v2.0-design-v1.0","60.8","47.9","12.899999999999999","59.723207948899926","true","63.484000000000016","27.241999999999994","50","39.2","479","500","392","448","369","56","50","247","16","18450","3366","2270","12212","602","297","14482","36.9","50","50","1000","1997","3.994","79","5.260954442080026","0","44.6","3.583838383838384","10","369","750"
"1186","BA","1000","2","0.1","50","0.1","0.5","1","legal","targeted","36.89546254959723","1","83.99086603401744","83.99086603401744","75","80","80","fixed","1","1","50","1585","16","50","21845938","v2.0-design-v1.0","59.9","46.2","13.699999999999996","60.42170756999654","true","62.06000000000001","26.648000000000003","50","40.1","462","500","401","473","369","72","39","246","12","18450","3496","2290","11949","715","285","14239","36.9","50","50","1000","1997","3.994","77","5.070470754641387","0","42.1","3.609090909090909","10","369","750"
"1187","BA","1000","2","0.1","50","0.1","0.5","1","legal","targeted","36.89546254959723","1","83.99086603401744","83.99086603401744","75","80","80","fixed","1","1","50","1585","17","50","21845939","v2.0-design-v1.0","58.6","47.199999999999996","11.400000000000006","59.729539866526174","true","63.076","26.033999999999995","50","41.4","472","500","414","480","369","66","48","242","13","18450","3401","2293","12103","653","290","14396","36.9","50","50","1000","1997","3.994","87","5.173270409202153","0","39.9","3.6313131313131315","10","369","750"
"1188","BA","1000","2","0.1","50","0.1","0.5","1","legal","targeted","36.89546254959723","1","83.99086603401744","83.99086603401744","75","80","80","fixed","1","1","50","1585","18","50","21845940","v2.0-design-v1.0","59.699999999999996","47.199999999999996","12.5","58.77477477477478","true","64.19199999999995","27.844","50","40.300000000000004","472","500","403","471","369","68","49","237","15","18450","3262","2288","12234","666","286","14522","36.9","50","50","1000","1997","3.994","84","5.360662337873988","0","44.5","3.584848484848485","10","369","750"
"1189","BA","1000","2","0.1","50","0.1","0.5","1","legal","targeted","36.89546254959723","1","83.99086603401744","83.99086603401744","75","80","80","fixed","1","1","50","1585","19","50","21845941","v2.0-design-v1.0","57.7","47.099999999999994","10.600000000000009","59.70175134385296","true","62.173999999999985","25.02","50","42.3","471","500","423","492","369","69","37","246","17","18450","3443","2324","12000","683","283","14324","36.9","50","50","1000","1997","3.994","78","5.434473065302412","0","47","3.5595959595959594","10","369","750"
"1190","BA","1000","2","0.1","50","0.1","0.5","1","legal","targeted","36.89546254959723","1","83.99086603401744","83.99086603401744","75","80","80","fixed","1","1","50","1585","20","50","21845942","v2.0-design-v1.0","58.800000000000004","46.6","12.200000000000003","60.69271758436945","true","63.376000000000005","27.920000000000005","50","41.199999999999996","466","500","412","501","369","89","37","225","18","18450","3417","2213","12151","669","262","14364","36.9","50","50","1000","1997","3.994","86","5.09390929561097","0","39.6","3.6343434343434344","10","369","750"
"1191","BA","1000","2","0.1","50","0.1","0.5","1","legal","targeted","36.89546254959723","1","83.99086603401744","83.99086603401744","75","80","80","fixed","1","1","50","1585","21","50","21845943","v2.0-design-v1.0","58.300000000000004","46.2","12.100000000000001","59.09011373578302","true","62.64","26.494","50","41.699999999999996","462","500","417","484","369","67","48","240","14","18450","3377","2338","12066","669","288","14404","36.9","50","50","1000","1997","3.994","79","5.473748800038766","0","47.1","3.5585858585858587","10","369","750"
"1192","BA","1000","2","0.1","50","0.1","0.5","1","legal","targeted","36.89546254959723","1","83.99086603401744","83.99086603401744","75","80","80","fixed","1","1","50","1585","22","50","21845944","v2.0-design-v1.0","59.599999999999994","46.9","12.699999999999996","59.15789473684211","true","62.27400000000001","25.648000000000003","50","40.400000000000006","469","500","404","464","369","60","51","248","10","18450","3372","2328","12044","706","299","14372","36.9","50","50","1000","1997","3.994","97","5.634510778382773","0","48.5","3.5444444444444443","10","369","750"
"1193","BA","1000","2","0.1","50","0.1","0.5","1","legal","targeted","36.89546254959723","1","83.99086603401744","83.99086603401744","75","80","80","fixed","1","1","50","1585","23","50","21845945","v2.0-design-v1.0","59.9","48.1","11.799999999999997","59.36569125635185","true","62.786000000000016","25.33","50","40.1","481","500","401","463","369","62","54","240","13","18450","3388","2319","12072","671","294","14391","36.9","50","50","1000","1997","3.994","86","5.285442261523605","0","44.3","3.5868686868686868","10","369","750"
"1194","BA","1000","2","0.1","50","0.1","0.5","1","legal","targeted","36.89546254959723","1","83.99086603401744","83.99086603401744","75","80","80","fixed","1","1","50","1585","24","50","21845946","v2.0-design-v1.0","59.8","48.8","11","60.410506174986956","true","62.348","25.002000000000006","50","40.2","488","500","402","461","369","59","51","246","13","18450","3473","2276","12010","691","297","14286","36.9","50","50","1000","1997","3.994","72","4.7896664711548365","0","37.7","3.6535353535353536","10","369","750"
"1195","BA","1000","2","0.1","50","0.1","0.5","1","legal","targeted","36.89546254959723","1","83.99086603401744","83.99086603401744","75","80","80","fixed","1","1","50","1585","25","50","21845947","v2.0-design-v1.0","59.5","47","12.5","59.503409687008215","true","62.16799999999999","25.794","50","40.5","470","500","405","468","369","63","42","256","8","18450","3403","2316","12085","646","298","14401","36.9","50","50","1000","1997","3.994","91","5.449923455028115","0","46.2","3.5676767676767676","10","369","750"
"1196","BA","1000","2","0.1","50","0.1","0.5","1","legal","targeted","36.89546254959723","1","83.99086603401744","83.99086603401744","75","80","80","fixed","1","1","50","1585","26","50","21845948","v2.0-design-v1.0","56.8","47.9","8.899999999999999","61.24893071000855","true","61.85200000000002","24.758000000000003","50","43.2","479","500","432","488","369","56","50","246","17","18450","3580","2265","11930","675","296","14195","36.9","50","50","1000","1997","3.994","83","5.141244634949433","0","42.7","3.603030303030303","10","369","750"
"1198","BA","1000","2","0.1","50","0.1","0.5","1","legal","targeted","36.89546254959723","1","83.99086603401744","83.99086603401744","75","80","80","fixed","1","1","50","1585","28","50","21845950","v2.0-design-v1.0","59","47.199999999999996","11.800000000000004","58.39124391938847","true","62.73400000000001","25.413999999999998","50","41","472","500","410","463","369","53","45","259","12","18450","3361","2395","12052","642","304","14447","36.9","50","50","1000","1997","3.994","65","4.90653014237536","0","40.3","3.6272727272727274","10","369","750"
"1197","BA","1000","2","0.1","50","0.1","0.5","1","legal","targeted","36.89546254959723","1","83.99086603401744","83.99086603401744","75","80","80","fixed","1","1","50","1585","27","50","21845949","v2.0-design-v1.0","60.3","49.1","11.199999999999996","59.13073355093626","true","63.50999999999999","25.092000000000006","50","39.7","491","500","397","448","369","51","49","258","11","18450","3442","2379","11916","713","307","14295","36.9","50","50","1000","1997","3.994","95","5.5651536308474725","0","45.2","3.577777777777778","10","369","750"
"1199","BA","1000","2","0.1","50","0.1","0.5","1","legal","targeted","36.89546254959723","1","83.99086603401744","83.99086603401744","75","80","80","fixed","1","1","50","1585","29","50","21845951","v2.0-design-v1.0","59.1","48.699999999999996","10.400000000000006","58.760757314974185","true","62.35799999999999","24.592000000000002","50","40.9","487","500","409","486","369","77","48","230","14","18450","3414","2396","12001","639","278","14397","36.9","50","50","1000","1997","3.994","75","4.8381165107272155","0","38.8","3.6424242424242426","10","369","750"
"1200","BA","1000","2","0.1","50","0.1","0.5","1","legal","targeted","36.89546254959723","1","83.99086603401744","83.99086603401744","75","80","80","fixed","1","1","50","1585","30","50","21845952","v2.0-design-v1.0","59.9","47.199999999999996","12.700000000000003","59.85681857866248","true","63.364","26.058000000000003","50","40.1","472","500","401","472","369","71","44","244","10","18450","3428","2299","12085","638","288","14384","36.9","50","50","1000","1997","3.994","108","5.375021381804426","0","43","3.6","10","369","750"
"1202","BA","1000","2","0.1","50","0.1","0.5","1","legal","targeted","68.3857841056649","8","84.02830443435626","84.02830443435626","75","80","80","fixed","1","1","50","1586","2","50","21846924","v2.0-design-v1.0","56.3","13","43.3","95.66627358490565","true","40.26000000000001","31.692000000000004","50","43.7","130","500","437","437","0","0","0","0","0","4788","3245","147","722","674","0","869","0","7","7","1000","1997","3.994","92","5.071852490726403","0","41.1","3.6191919191919193","10","684","750"
"1201","BA","1000","2","0.1","50","0.1","0.5","1","legal","targeted","68.3857841056649","8","84.02830443435626","84.02830443435626","75","80","80","fixed","1","1","50","1586","1","50","21846923","v2.0-design-v1.0","58.4","12.2","46.2","96.1807580174927","true","40.168000000000006","31.776000000000003","50","41.6","122","500","416","416","0","0","0","0","0","4788","3299","131","704","654","0","835","0","7","7","1000","1997","3.994","104","5.36103578655325","0","42.7","3.603030303030303","10","684","750"
"1203","BA","1000","2","0.1","50","0.1","0.5","1","legal","targeted","68.3857841056649","8","84.02830443435626","84.02830443435626","75","80","80","fixed","1","1","50","1586","3","50","21846925","v2.0-design-v1.0","57.1","12.1","45","96.20399884091567","true","41.675999999999995","32.967999999999996","50","42.9","121","500","429","429","0","0","0","0","0","4788","3320","131","712","625","0","843","0","7","7","1000","1997","3.994","70","4.908773783752918","0","40.2","3.628282828282828","10","684","750"
"1204","BA","1000","2","0.1","50","0.1","0.5","1","legal","targeted","68.3857841056649","8","84.02830443435626","84.02830443435626","75","80","80","fixed","1","1","50","1586","4","50","21846926","v2.0-design-v1.0","56.6","13.8","42.8","95.7048140674546","true","40.882000000000005","31.77000000000001","50","43.4","138","500","434","434","0","0","0","0","0","4788","3320","149","682","637","0","831","0","7","7","1000","1997","3.994","116","5.7483047072164615","0","46","3.56969696969697","10","684","750"
"1205","BA","1000","2","0.1","50","0.1","0.5","1","legal","targeted","68.3857841056649","8","84.02830443435626","84.02830443435626","75","80","80","fixed","1","1","50","1586","5","50","21846927","v2.0-design-v1.0","53.599999999999994","11.799999999999999","41.8","96.29097182288672","true","40.55999999999998","32.312000000000005","50","46.400000000000006","118","500","464","464","0","0","0","0","0","4788","3349","129","677","633","0","806","0","7","7","1000","1997","3.994","80","5.073825746683427","0","41.9","3.611111111111111","10","684","750"
"1206","BA","1000","2","0.1","50","0.1","0.5","1","legal","targeted","68.3857841056649","8","84.02830443435626","84.02830443435626","75","80","80","fixed","1","1","50","1586","6","50","21846928","v2.0-design-v1.0","59.5","11.200000000000001","48.3","96.54874892148403","true","41.273999999999994","33.786","50","40.5","112","500","405","405","0","0","0","0","0","4788","3357","120","697","614","0","817","0","7","7","1000","1997","3.994","73","4.831698387659273","0","38.2","3.6484848484848484","10","684","750"
"1207","BA","1000","2","0.1","50","0.1","0.5","1","legal","targeted","68.3857841056649","8","84.02830443435626","84.02830443435626","75","80","80","fixed","1","1","50","1586","7","50","21846929","v2.0-design-v1.0","57.4","12.7","44.7","96.0801393728223","true","40.94999999999999","32.10600000000001","50","42.6","127","500","426","426","0","0","0","0","0","4788","3309","135","689","655","0","824","0","7","7","1000","1997","3.994","73","5.104509772742133","0","42.6","3.604040404040404","10","684","750"
"1208","BA","1000","2","0.1","50","0.1","0.5","1","legal","targeted","68.3857841056649","8","84.02830443435626","84.02830443435626","75","80","80","fixed","1","1","50","1586","8","50","21846930","v2.0-design-v1.0","56.2","13.8","42.400000000000006","95.63970166379805","true","40.126000000000005","30.822000000000006","50","43.8","138","500","438","438","0","0","0","0","0","4788","3334","152","674","628","0","826","0","7","7","1000","1997","3.994","99","5.2281256007576165","0","39.9","3.6313131313131315","10","684","750"
"1209","BA","1000","2","0.1","50","0.1","0.5","1","legal","targeted","68.3857841056649","8","84.02830443435626","84.02830443435626","75","80","80","fixed","1","1","50","1586","9","50","21846931","v2.0-design-v1.0","56.9","11.3","45.599999999999994","96.63503019844694","true","40.693999999999996","33.042","50","43.1","113","500","431","431","0","0","0","0","0","4788","3360","117","689","622","0","806","0","7","7","1000","1997","3.994","79","5.27748195788633","0","43.4","3.595959595959596","10","684","750"
"1210","BA","1000","2","0.1","50","0.1","0.5","1","legal","targeted","68.3857841056649","8","84.02830443435626","84.02830443435626","75","80","80","fixed","1","1","50","1586","10","50","21846932","v2.0-design-v1.0","57.300000000000004","10.7","46.60000000000001","96.40162507254789","true","41.906000000000006","35.077999999999996","50","42.699999999999996","107","500","427","427","0","0","0","0","0","4788","3322","124","747","595","0","871","0","7","7","1000","1997","3.994","94","5.620992755693557","0","46.2","3.5676767676767676","10","684","750"
"1211","BA","1000","2","0.1","50","0.1","0.5","1","legal","targeted","68.3857841056649","8","84.02830443435626","84.02830443435626","75","80","80","fixed","1","1","50","1586","11","50","21846933","v2.0-design-v1.0","56.7","12.7","44","95.97238204833141","true","41.95400000000001","32.88600000000001","50","43.3","127","500","433","433","0","0","0","0","0","4788","3336","140","709","603","0","849","0","7","7","1000","1997","3.994","84","5.240938029726296","0","42.8","3.602020202020202","10","684","750"
"1212","BA","1000","2","0.1","50","0.1","0.5","1","legal","targeted","68.3857841056649","8","84.02830443435626","84.02830443435626","75","80","80","fixed","1","1","50","1586","12","50","21846934","v2.0-design-v1.0","56.7","13.200000000000001","43.5","95.97568037058483","true","41.376000000000005","32.8","50","43.3","132","500","433","433","0","0","0","0","0","4788","3315","139","691","643","0","830","0","7","7","1000","1997","3.994","96","5.34308080722278","0","43.8","3.591919191919192","10","684","750"
"1213","BA","1000","2","0.1","50","0.1","0.5","1","legal","targeted","68.3857841056649","8","84.02830443435626","84.02830443435626","75","80","80","fixed","1","1","50","1586","13","50","21846935","v2.0-design-v1.0","56.8","11.700000000000001","45.099999999999994","96.1493239271017","true","40.896","32.764","50","43.2","117","500","432","432","0","0","0","0","0","4788","3271","131","722","664","0","853","0","7","7","1000","1997","3.994","66","4.975612597532149","0","41.1","3.6191919191919193","10","684","750"
"1214","BA","1000","2","0.1","50","0.1","0.5","1","legal","targeted","68.3857841056649","8","84.02830443435626","84.02830443435626","75","80","80","fixed","1","1","50","1586","14","50","21846936","v2.0-design-v1.0","53","13.5","39.5","95.5912408759124","true","42.087999999999994","33.388000000000005","50","47","135","500","470","470","0","0","0","0","0","4788","3274","151","735","628","0","886","0","7","7","1000","1997","3.994","66","4.919366236027165","0","40.2","3.628282828282828","10","684","750"
"1215","BA","1000","2","0.1","50","0.1","0.5","1","legal","targeted","68.3857841056649","8","84.02830443435626","84.02830443435626","75","80","80","fixed","1","1","50","1586","15","50","21846937","v2.0-design-v1.0","53.599999999999994","11.1","42.49999999999999","96.65416786847419","true","41.724000000000004","34.36799999999999","50","46.400000000000006","111","500","464","464","0","0","0","0","0","4788","3351","116","701","620","0","817","0","7","7","1000","1997","3.994","103","5.276343791282341","0","40.4","3.6262626262626263","10","684","750"
"1216","BA","1000","2","0.1","50","0.1","0.5","1","legal","targeted","68.3857841056649","8","84.02830443435626","84.02830443435626","75","80","80","fixed","1","1","50","1586","16","50","21846938","v2.0-design-v1.0","54.199999999999996","12.1","42.099999999999994","96.13147178592205","true","39.306","31.493999999999996","50","45.800000000000004","121","500","458","458","0","0","0","0","0","4788","3305","133","655","695","0","788","0","7","7","1000","1997","3.994","90","5.344579359362943","0","41.2","3.618181818181818","10","684","750"
"1217","BA","1000","2","0.1","50","0.1","0.5","1","legal","targeted","68.3857841056649","8","84.02830443435626","84.02830443435626","75","80","80","fixed","1","1","50","1586","17","50","21846939","v2.0-design-v1.0","59.9","13.100000000000001","46.8","95.80580293019247","true","41.062","31.914","50","40.1","131","500","401","401","0","0","0","0","0","4788","3335","146","664","643","0","810","0","7","7","1000","1997","3.994","104","5.531234813182179","0","42.4","3.606060606060606","10","684","750"
"1218","BA","1000","2","0.1","50","0.1","0.5","1","legal","targeted","68.3857841056649","8","84.02830443435626","84.02830443435626","75","80","80","fixed","1","1","50","1586","18","50","21846940","v2.0-design-v1.0","55","11.200000000000001","43.8","96.35780885780886","true","41.364","33.68399999999999","50","45","112","500","450","450","0","0","0","0","0","4788","3307","125","714","642","0","839","0","7","7","1000","1997","3.994","103","6.29711184731683","0","53.2","3.496969696969697","10","684","750"
"1219","BA","1000","2","0.1","50","0.1","0.5","1","legal","targeted","68.3857841056649","8","84.02830443435626","84.02830443435626","75","80","80","fixed","1","1","50","1586","19","50","21846941","v2.0-design-v1.0","56.2","12.9","43.300000000000004","95.70109636468551","true","41.63599999999999","33.744","50","43.8","129","500","438","438","0","0","0","0","0","4788","3317","149","688","634","0","837","0","7","7","1000","1997","3.994","86","5.114305438680806","0","41.7","3.613131313131313","10","684","750"
"1220","BA","1000","2","0.1","50","0.1","0.5","1","legal","targeted","68.3857841056649","8","84.02830443435626","84.02830443435626","75","80","80","fixed","1","1","50","1586","20","50","21846942","v2.0-design-v1.0","55","12.6","42.4","96.07396870554766","true","40.086","31.37400000000001","50","45","126","500","450","450","0","0","0","0","0","4788","3377","138","615","658","0","753","0","7","7","1000","1997","3.994","105","5.915822931846526","0","48.8","3.5414141414141413","10","684","750"
"1221","BA","1000","2","0.1","50","0.1","0.5","1","legal","targeted","68.3857841056649","8","84.02830443435626","84.02830443435626","75","80","80","fixed","1","1","50","1586","21","50","21846943","v2.0-design-v1.0","56.3","13.8","42.5","95.6634118322803","true","41.437999999999995","31.317999999999998","50","43.7","138","500","437","437","0","0","0","0","0","4788","3331","151","674","632","0","825","0","7","7","1000","1997","3.994","86","5.683684392035522","0","49.5","3.5343434343434343","10","684","750"
"1222","BA","1000","2","0.1","50","0.1","0.5","1","legal","targeted","68.3857841056649","8","84.02830443435626","84.02830443435626","75","80","80","fixed","1","1","50","1586","22","50","21846944","v2.0-design-v1.0","58.300000000000004","13.5","44.800000000000004","95.95842956120092","true","41.916","33.296","50","41.699999999999996","135","500","417","417","0","0","0","0","0","4788","3324","140","735","589","0","875","0","7","7","1000","1997","3.994","116","5.571445504086431","0","43.2","3.597979797979798","10","684","750"
"1223","BA","1000","2","0.1","50","0.1","0.5","1","legal","targeted","68.3857841056649","8","84.02830443435626","84.02830443435626","75","80","80","fixed","1","1","50","1586","23","50","21846945","v2.0-design-v1.0","57.800000000000004","11.1","46.7","96.54371187917515","true","41.215999999999994","34.30800000000001","50","42.199999999999996","111","500","422","422","0","0","0","0","0","4788","3324","119","721","624","0","840","0","7","7","1000","1997","3.994","73","5.257718859696432","0","45.2","3.577777777777778","10","684","750"
"1224","BA","1000","2","0.1","50","0.1","0.5","1","legal","targeted","68.3857841056649","8","84.02830443435626","84.02830443435626","75","80","80","fixed","1","1","50","1586","24","50","21846946","v2.0-design-v1.0","55.8","11.4","44.4","96.27400401261106","true","40.897999999999996","32.95399999999999","50","44.2","114","500","442","442","0","0","0","0","0","4788","3359","130","635","664","0","765","0","7","7","1000","1997","3.994","83","5.087617109005725","0","41.3","3.617171717171717","10","684","750"
"1225","BA","1000","2","0.1","50","0.1","0.5","1","legal","targeted","68.3857841056649","8","84.02830443435626","84.02830443435626","75","80","80","fixed","1","1","50","1586","25","50","21846947","v2.0-design-v1.0","57.5","12.9","44.6","96.17579908675799","true","39.824","30.699999999999992","50","42.5","129","500","425","425","0","0","0","0","0","4788","3370","134","650","634","0","784","0","7","7","1000","1997","3.994","110","5.74778226805791","0","47.4","3.5555555555555554","10","684","750"
"1226","BA","1000","2","0.1","50","0.1","0.5","1","legal","targeted","68.3857841056649","8","84.02830443435626","84.02830443435626","75","80","80","fixed","1","1","50","1586","26","50","21846948","v2.0-design-v1.0","59.1","12.8","46.3","96.00115074798619","true","42.48399999999999","33.715999999999994","50","40.9","128","500","409","409","0","0","0","0","0","4788","3337","139","713","599","0","852","0","7","7","1000","1997","3.994","96","5.665161785691382","0","47.2","3.5575757575757576","10","684","750"
"1227","BA","1000","2","0.1","50","0.1","0.5","1","legal","targeted","68.3857841056649","8","84.02830443435626","84.02830443435626","75","80","80","fixed","1","1","50","1586","27","50","21846949","v2.0-design-v1.0","55.4","12.4","43","96.25144175317186","true","40.208","32.512","50","44.6","124","500","446","446","0","0","0","0","0","4788","3338","130","657","663","0","787","0","7","7","1000","1997","3.994","68","5.145526254955886","0","44.8","3.581818181818182","10","684","750"
"1229","BA","1000","2","0.1","50","0.1","0.5","1","legal","targeted","68.3857841056649","8","84.02830443435626","84.02830443435626","75","80","80","fixed","1","1","50","1586","29","50","21846951","v2.0-design-v1.0","57.300000000000004","10.2","47.10000000000001","96.75533469745689","true","41.40800000000001","34.95200000000001","50","42.699999999999996","102","500","427","427","0","0","0","0","0","4788","3310","111","740","627","0","851","0","7","7","1000","1997","3.994","98","5.485987610272189","0","44.6","3.583838383838384","10","684","750"
"1228","BA","1000","2","0.1","50","0.1","0.5","1","legal","targeted","68.3857841056649","8","84.02830443435626","84.02830443435626","75","80","80","fixed","1","1","50","1586","28","50","21846950","v2.0-design-v1.0","57.800000000000004","11.700000000000001","46.1","96.24103299856527","true","40.77","32.782000000000004","50","42.199999999999996","117","500","422","422","0","0","0","0","0","4788","3354","131","669","634","0","800","0","7","7","1000","1997","3.994","68","4.782974058140055","0","37.4","3.6565656565656566","10","684","750"
"1231","BA","1000","2","0.1","50","0.1","0.5","1","legal","targeted","38.83942039782958","16","97.9628230746907","97.9628230746907","75","80","80","fixed","1","1","50","1587","1","50","21847923","v2.0-design-v1.0","29.200000000000003","0.1","29.1","99.9259807549963","true","13.976","13.875999999999994","50","70.8","1","500","708","708","0","0","0","0","0","1552","1350","1","164","37","0","165","0","4","4","1000","1997","3.994","122","5.9542772371982915","0","48.2","3.5474747474747477","10","388","750"
"1230","BA","1000","2","0.1","50","0.1","0.5","1","legal","targeted","68.3857841056649","8","84.02830443435626","84.02830443435626","75","80","80","fixed","1","1","50","1586","30","50","21846952","v2.0-design-v1.0","59","13.200000000000001","45.8","96.01490825688074","true","40.41","31.737999999999992","50","41","132","500","410","410","0","0","0","0","0","4788","3349","139","667","633","0","806","0","7","7","1000","1997","3.994","92","5.700391079431162","0","48","3.5494949494949495","10","684","750"
"1233","BA","1000","2","0.1","50","0.1","0.5","1","legal","targeted","38.83942039782958","16","97.9628230746907","97.9628230746907","75","80","80","fixed","1","1","50","1587","3","50","21847925","v2.0-design-v1.0","26.900000000000006","0.4","26.500000000000007","99.71305595408894","true","14.738000000000005","14.337999999999997","50","73.1","4","500","731","731","0","0","0","0","0","1552","1390","4","129","29","0","133","0","4","4","1000","1997","3.994","98","5.512563138173769","0","43.7","3.592929292929293","10","388","750"
"1232","BA","1000","2","0.1","50","0.1","0.5","1","legal","targeted","38.83942039782958","16","97.9628230746907","97.9628230746907","75","80","80","fixed","1","1","50","1587","2","50","21847924","v2.0-design-v1.0","29.60000000000001","0.5","29.10000000000001","99.64387464387464","true","13.912000000000008","13.412000000000008","50","70.39999999999999","5","500","704","704","0","0","0","0","0","1552","1399","5","131","17","0","136","0","4","4","1000","1997","3.994","95","5.60476381102516","0","45.3","3.576767676767677","10","388","750"
"1234","BA","1000","2","0.1","50","0.1","0.5","1","legal","targeted","38.83942039782958","16","97.9628230746907","97.9628230746907","75","80","80","fixed","1","1","50","1587","4","50","21847926","v2.0-design-v1.0","30.30000000000001","0.2","30.100000000000012","99.85496736765772","true","15.467999999999996","15.268000000000004","50","69.69999999999999","2","500","697","697","0","0","0","0","0","1552","1377","2","143","30","0","145","0","4","4","1000","1997","3.994","104","5.6176081673183145","0","43.6","3.5939393939393938","10","388","750"
"1235","BA","1000","2","0.1","50","0.1","0.5","1","legal","targeted","38.83942039782958","16","97.9628230746907","97.9628230746907","75","80","80","fixed","1","1","50","1587","5","50","21847927","v2.0-design-v1.0","28.900000000000006","0.2","28.700000000000006","99.85538684020246","true","14.674000000000001","14.474","50","71.1","2","500","711","711","0","0","0","0","0","1552","1381","2","141","28","0","143","0","4","4","1000","1997","3.994","72","5.426177974173658","0","46.4","3.5656565656565657","10","388","750"
"1237","BA","1000","2","0.1","50","0.1","0.5","1","legal","targeted","38.83942039782958","16","97.9628230746907","97.9628230746907","75","80","80","fixed","1","1","50","1587","7","50","21847929","v2.0-design-v1.0","28.900000000000006","0.1","28.800000000000004","99.92821249102656","true","14.339999999999993","14.239999999999998","50","71.1","1","500","711","711","0","0","0","0","0","1552","1392","1","137","22","0","138","0","4","4","1000","1997","3.994","79","5.315469708146037","0","45.7","3.5727272727272728","10","388","750"
"1236","BA","1000","2","0.1","50","0.1","0.5","1","legal","targeted","38.83942039782958","16","97.9628230746907","97.9628230746907","75","80","80","fixed","1","1","50","1587","6","50","21847928","v2.0-design-v1.0","29.10000000000001","0.4","28.70000000000001","99.71181556195965","true","14.032000000000004","13.632000000000003","50","70.89999999999999","4","500","709","709","0","0","0","0","0","1552","1384","4","134","30","0","138","0","4","4","1000","1997","3.994","95","5.717924331316265","0","47.5","3.5545454545454547","10","388","750"
"1238","BA","1000","2","0.1","50","0.1","0.5","1","legal","targeted","38.83942039782958","16","97.9628230746907","97.9628230746907","75","80","80","fixed","1","1","50","1587","8","50","21847930","v2.0-design-v1.0","29.10000000000001","0.3","28.800000000000008","99.78540772532189","true","14.479999999999997","14.179999999999998","50","70.89999999999999","3","500","709","709","0","0","0","0","0","1552","1395","3","129","25","0","132","0","4","4","1000","1997","3.994","81","4.833355493373648","0","38.4","3.6464646464646466","10","388","750"
"1239","BA","1000","2","0.1","50","0.1","0.5","1","legal","targeted","38.83942039782958","16","97.9628230746907","97.9628230746907","75","80","80","fixed","1","1","50","1587","9","50","21847931","v2.0-design-v1.0","28.5","0.2","28.3","99.85601151907846","true","14.357999999999999","14.158000000000007","50","71.5","2","500","715","715","0","0","0","0","0","1552","1387","2","137","26","0","139","0","4","4","1000","1997","3.994","99","5.653664999619967","0","46.6","3.5636363636363635","10","388","750"
"1240","BA","1000","2","0.1","50","0.1","0.5","1","legal","targeted","38.83942039782958","16","97.9628230746907","97.9628230746907","75","80","80","fixed","1","1","50","1587","10","50","21847932","v2.0-design-v1.0","28.299999999999997","0.1","28.199999999999996","99.92721979621543","true","14.656","14.556","50","71.7","1","500","717","717","0","0","0","0","0","1552","1373","1","146","32","0","147","0","4","4","1000","1997","3.994","76","4.760527977717026","0","36.2","3.6686868686868688","10","388","750"
"1241","BA","1000","2","0.1","50","0.1","0.5","1","legal","targeted","38.83942039782958","16","97.9628230746907","97.9628230746907","75","80","80","fixed","1","1","50","1587","11","50","21847933","v2.0-design-v1.0","29.299999999999997","0.4","28.9","99.70824215900802","true","14.605999999999996","14.206","50","70.7","4","500","707","707","0","0","0","0","0","1552","1367","4","155","26","0","159","0","4","4","1000","1997","3.994","58","4.87911567497325","0","41.1","3.6191919191919193","10","388","750"
"1243","BA","1000","2","0.1","50","0.1","0.5","1","legal","targeted","38.83942039782958","16","97.9628230746907","97.9628230746907","75","80","80","fixed","1","1","50","1587","13","50","21847935","v2.0-design-v1.0","29","0.1","28.9","99.9273783587509","true","14.534000000000002","14.434000000000001","50","71","1","500","710","710","0","0","0","0","0","1552","1376","1","150","25","0","151","0","4","4","1000","1997","3.994","73","5.207983015245637","0","43","3.6","10","388","750"
"1242","BA","1000","2","0.1","50","0.1","0.5","1","legal","targeted","38.83942039782958","16","97.9628230746907","97.9628230746907","75","80","80","fixed","1","1","50","1587","12","50","21847934","v2.0-design-v1.0","28.10000000000001","0.3","27.800000000000008","99.78448275862068","true","14.876000000000001","14.607999999999999","50","71.89999999999999","3","500","719","719","0","0","0","0","0","1552","1389","3","136","24","0","139","0","4","4","1000","1997","3.994","77","4.957271279498275","0","40.6","3.624242424242424","10","388","750"
"1244","BA","1000","2","0.1","50","0.1","0.5","1","legal","targeted","38.83942039782958","16","97.9628230746907","97.9628230746907","75","80","80","fixed","1","1","50","1587","14","50","21847936","v2.0-design-v1.0","28.700000000000003","0.2","28.500000000000004","99.85704074338814","true","14.384000000000004","14.184000000000001","50","71.3","2","500","713","713","0","0","0","0","0","1552","1397","2","129","24","0","131","0","4","4","1000","1997","3.994","73","5.033617119060726","0","41.6","3.614141414141414","10","388","750"
"1245","BA","1000","2","0.1","50","0.1","0.5","1","legal","targeted","38.83942039782958","16","97.9628230746907","97.9628230746907","75","80","80","fixed","1","1","50","1587","15","50","21847937","v2.0-design-v1.0","29.900000000000006","0.3","29.600000000000005","99.78292329956585","true","14.489999999999995","14.190000000000005","50","70.1","3","500","701","701","0","0","0","0","0","1552","1379","3","136","34","0","139","0","4","4","1000","1997","3.994","68","5.171722219020527","0","44.4","3.585858585858586","10","388","750"
"1246","BA","1000","2","0.1","50","0.1","0.5","1","legal","targeted","38.83942039782958","16","97.9628230746907","97.9628230746907","75","80","80","fixed","1","1","50","1587","16","50","21847938","v2.0-design-v1.0","29.60000000000001","0.4","29.20000000000001","99.71056439942113","true","14.390000000000004","13.99","50","70.39999999999999","4","500","704","704","0","0","0","0","0","1552","1378","4","137","33","0","141","0","4","4","1000","1997","3.994","91","5.367007431406137","0","44","3.5898989898989897","10","388","750"
"1247","BA","1000","2","0.1","50","0.1","0.5","1","legal","targeted","38.83942039782958","16","97.9628230746907","97.9628230746907","75","80","80","fixed","1","1","50","1587","17","50","21847939","v2.0-design-v1.0","27.900000000000006","0.3","27.600000000000005","99.78448275862068","true","14.621999999999998","14.322000000000003","50","72.1","3","500","721","721","0","0","0","0","0","1552","1389","3","136","24","0","139","0","4","4","1000","1997","3.994","106","5.730515055630056","0","46.7","3.562626262626263","10","388","750"
"1248","BA","1000","2","0.1","50","0.1","0.5","1","legal","targeted","38.83942039782958","16","97.9628230746907","97.9628230746907","75","80","80","fixed","1","1","50","1587","18","50","21847940","v2.0-design-v1.0","27.700000000000003","0.3","27.400000000000002","99.78150036416606","true","14.75","14.449999999999998","50","72.3","3","500","723","723","0","0","0","0","0","1552","1370","3","150","29","0","153","0","4","4","1000","1997","3.994","117","5.483615051590874","0","41.3","3.617171717171717","10","388","750"
"1249","BA","1000","2","0.1","50","0.1","0.5","1","legal","targeted","38.83942039782958","16","97.9628230746907","97.9628230746907","75","80","80","fixed","1","1","50","1587","19","50","21847941","v2.0-design-v1.0","28.10000000000001","0.2","27.90000000000001","99.8551774076756","true","14.637999999999998","14.437999999999999","50","71.89999999999999","2","500","719","719","0","0","0","0","0","1552","1379","2","145","26","0","147","0","4","4","1000","1997","3.994","85","5.242465779330117","0","42.9","3.601010101010101","10","388","750"
"1250","BA","1000","2","0.1","50","0.1","0.5","1","legal","targeted","38.83942039782958","16","97.9628230746907","97.9628230746907","75","80","80","fixed","1","1","50","1587","20","50","21847942","v2.0-design-v1.0","29.200000000000003","0.1","29.1","99.92836676217765","true","14.662","14.561999999999996","50","70.8","1","500","708","708","0","0","0","0","0","1552","1395","1","130","26","0","131","0","4","4","1000","1997","3.994","72","5.161841590809282","0","42.1","3.609090909090909","10","388","750"
"1252","BA","1000","2","0.1","50","0.1","0.5","1","legal","targeted","38.83942039782958","16","97.9628230746907","97.9628230746907","75","80","80","fixed","1","1","50","1587","22","50","21847944","v2.0-design-v1.0","28.900000000000006","0.4","28.500000000000007","99.70909090909092","true","14.266000000000002","13.866000000000007","50","71.1","4","500","711","711","0","0","0","0","0","1552","1371","4","139","38","0","143","0","4","4","1000","1997","3.994","56","4.671165141994411","0","37.4","3.6565656565656566","10","388","750"
"1251","BA","1000","2","0.1","50","0.1","0.5","1","legal","targeted","38.83942039782958","16","97.9628230746907","97.9628230746907","75","80","80","fixed","1","1","50","1587","21","50","21847943","v2.0-design-v1.0","28.900000000000006","0.1","28.800000000000004","99.92774566473989","true","13.794000000000004","13.693999999999996","50","71.1","1","500","711","711","0","0","0","0","0","1552","1383","1","133","35","0","134","0","4","4","1000","1997","3.994","67","4.900405899308537","0","39.8","3.632323232323232","10","388","750"
"1253","BA","1000","2","0.1","50","0.1","0.5","1","legal","targeted","38.83942039782958","16","97.9628230746907","97.9628230746907","75","80","80","fixed","1","1","50","1587","23","50","21847945","v2.0-design-v1.0","29.10000000000001","0.7000000000000001","28.40000000000001","99.4927536231884","true","14.128000000000009","13.427999999999999","50","70.89999999999999","7","500","709","709","0","0","0","0","0","1552","1373","7","143","29","0","150","0","4","4","1000","1997","3.994","105","5.7091644361113385","0","46.9","3.5606060606060606","10","388","750"
"1254","BA","1000","2","0.1","50","0.1","0.5","1","legal","targeted","38.83942039782958","16","97.9628230746907","97.9628230746907","75","80","80","fixed","1","1","50","1587","24","50","21847946","v2.0-design-v1.0","28.5","0.4","28.1","99.70993473531544","true","14.514000000000003","14.113999999999992","50","71.5","4","500","715","715","0","0","0","0","0","1552","1375","4","145","28","0","149","0","4","4","1000","1997","3.994","85","4.960702830504209","0","40","3.6303030303030304","10","388","750"
"1255","BA","1000","2","0.1","50","0.1","0.5","1","legal","targeted","38.83942039782958","16","97.9628230746907","97.9628230746907","75","80","80","fixed","1","1","50","1587","25","50","21847947","v2.0-design-v1.0","27.900000000000006","0.2","27.700000000000006","99.85486211901306","true","14.905999999999999","14.706000000000003","50","72.1","2","500","721","721","0","0","0","0","0","1552","1376","2","140","34","0","142","0","4","4","1000","1997","3.994","71","5.191619874077532","0","44.2","3.587878787878788","10","388","750"
"1256","BA","1000","2","0.1","50","0.1","0.5","1","legal","targeted","38.83942039782958","16","97.9628230746907","97.9628230746907","75","80","80","fixed","1","1","50","1587","26","50","21847948","v2.0-design-v1.0","29.200000000000003","0.6","28.6","99.56927494615937","true","14.794000000000008","14.194000000000003","50","70.8","6","500","708","708","0","0","0","0","0","1552","1387","6","130","29","0","136","0","4","4","1000","1997","3.994","66","4.923840798422314","0","39.6","3.6343434343434344","10","388","750"
"1257","BA","1000","2","0.1","50","0.1","0.5","1","legal","targeted","38.83942039782958","16","97.9628230746907","97.9628230746907","75","80","80","fixed","1","1","50","1587","27","50","21847949","v2.0-design-v1.0","28.700000000000003","0.2","28.500000000000004","99.85475671750181","true","14.810000000000004","14.610000000000005","50","71.3","2","500","713","713","0","0","0","0","0","1552","1375","2","145","30","0","147","0","4","4","1000","1997","3.994","114","5.673460333178689","0","45.7","3.5727272727272728","10","388","750"
"1258","BA","1000","2","0.1","50","0.1","0.5","1","legal","targeted","38.83942039782958","16","97.9628230746907","97.9628230746907","75","80","80","fixed","1","1","50","1587","28","50","21847950","v2.0-design-v1.0","28.700000000000003","0.1","28.6","99.9271137026239","true","14.094000000000005","13.994000000000002","50","71.3","1","500","713","713","0","0","0","0","0","1552","1371","1","148","32","0","149","0","4","4","1000","1997","3.994","87","5.406958405536251","0","43.9","3.590909090909091","10","388","750"
"1259","BA","1000","2","0.1","50","0.1","0.5","1","legal","targeted","38.83942039782958","16","97.9628230746907","97.9628230746907","75","80","80","fixed","1","1","50","1587","29","50","21847951","v2.0-design-v1.0","28.400000000000006","0.2","28.200000000000006","99.85507246376811","true","14.040000000000003","13.840000000000002","50","71.6","2","500","716","716","0","0","0","0","0","1552","1378","2","148","24","0","150","0","4","4","1000","1997","3.994","68","5.410289755201209","0","46.1","3.5686868686868687","10","388","750"
"1260","BA","1000","2","0.1","50","0.1","0.5","1","legal","targeted","38.83942039782958","16","97.9628230746907","97.9628230746907","75","80","80","fixed","1","1","50","1587","30","50","21847952","v2.0-design-v1.0","28.900000000000006","0.3","28.600000000000005","99.78448275862068","true","13.746000000000004","13.445999999999996","50","71.1","3","500","711","711","0","0","0","0","0","1552","1389","3","139","21","0","142","0","4","4","1000","1997","3.994","70","4.664946486909109","0","36.1","3.66969696969697","10","388","750"
"1261","BA","1000","2","0.1","50","0.1","0.5","1","legal","targeted","84.15070240199181","13","89.19085212075254","89.19085212075254","75","80","80","fixed","1","1","50","1588","1","50","21848923","v2.0-design-v1.0","12.799999999999997","5.5","7.299999999999997","97.8167641325536","true","41.076","36.2","50","87.2","55","500","872","872","0","0","0","0","0","3368","2509","56","484","319","0","540","0","4","4","1000","1997","3.994","59","4.7879942448679715","0","37.8","3.6525252525252525","10","842","750"
"1262","BA","1000","2","0.1","50","0.1","0.5","1","legal","targeted","84.15070240199181","13","89.19085212075254","89.19085212075254","75","80","80","fixed","1","1","50","1588","2","50","21848924","v2.0-design-v1.0","12.700000000000003","6.2","6.500000000000003","97.4260468689973","true","39.25200000000002","33.728","50","87.3","62","500","873","873","0","0","0","0","0","3368","2536","67","461","304","0","528","0","4","4","1000","1997","3.994","82","5.3915705534689025","0","43","3.6","10","842","750"
"1263","BA","1000","2","0.1","50","0.1","0.5","1","legal","targeted","84.15070240199181","13","89.19085212075254","89.19085212075254","75","80","80","fixed","1","1","50","1588","3","50","21848925","v2.0-design-v1.0","13","5.5","7.5","97.82442748091603","true","41.170000000000016","36.57999999999999","50","87","55","500","870","870","0","0","0","0","0","3368","2563","57","449","299","0","506","0","4","4","1000","1997","3.994","79","5.166881134752431","0","42.8","3.602020202020202","10","842","750"
"1264","BA","1000","2","0.1","50","0.1","0.5","1","legal","targeted","84.15070240199181","13","89.19085212075254","89.19085212075254","75","80","80","fixed","1","1","50","1588","4","50","21848926","v2.0-design-v1.0","12.5","6.5","6","97.38178976162564","true","39.31800000000001","34.196000000000005","50","87.5","65","500","875","875","0","0","0","0","0","3368","2492","67","472","337","0","539","0","4","4","1000","1997","3.994","105","5.773672947032871","0","46.7","3.562626262626263","10","842","750"
"1265","BA","1000","2","0.1","50","0.1","0.5","1","legal","targeted","84.15070240199181","13","89.19085212075254","89.19085212075254","75","80","80","fixed","1","1","50","1588","5","50","21848927","v2.0-design-v1.0","13.200000000000003","6.4","6.8000000000000025","97.50875827170104","true","41.27799999999999","36.1","50","86.8","64","500","868","868","0","0","0","0","0","3368","2505","64","488","311","0","552","0","4","4","1000","1997","3.994","77","5.657735763887694","0","51","3.519191919191919","10","842","750"
"1266","BA","1000","2","0.1","50","0.1","0.5","1","legal","targeted","84.15070240199181","13","89.19085212075254","89.19085212075254","75","80","80","fixed","1","1","50","1588","6","50","21848928","v2.0-design-v1.0","14","5.1","8.9","98.02402169701666","true","41.812","37.54400000000001","50","86","51","500","860","860","0","0","0","0","0","3368","2530","51","498","289","0","549","0","4","4","1000","1997","3.994","72","4.912035432699155","0","38.7","3.6434343434343432","10","842","750"
"1267","BA","1000","2","0.1","50","0.1","0.5","1","legal","targeted","84.15070240199181","13","89.19085212075254","89.19085212075254","75","80","80","fixed","1","1","50","1588","7","50","21848929","v2.0-design-v1.0","13.299999999999997","5.7","7.599999999999997","97.68250289687138","true","40.806","35.964","50","86.7","57","500","867","867","0","0","0","0","0","3368","2529","60","479","300","0","539","0","4","4","1000","1997","3.994","92","5.4202715193376845","0","45.5","3.5747474747474746","10","842","750"
"1268","BA","1000","2","0.1","50","0.1","0.5","1","legal","targeted","84.15070240199181","13","89.19085212075254","89.19085212075254","75","80","80","fixed","1","1","50","1588","8","50","21848930","v2.0-design-v1.0","14.5","5.1","9.4","98","true","39.464","35.56","50","85.5","51","500","855","855","0","0","0","0","0","3368","2548","52","471","297","0","523","0","4","4","1000","1997","3.994","80","5.224678101209795","0","42.4","3.606060606060606","10","842","750"
"1270","BA","1000","2","0.1","50","0.1","0.5","1","legal","targeted","84.15070240199181","13","89.19085212075254","89.19085212075254","75","80","80","fixed","1","1","50","1588","10","50","21848932","v2.0-design-v1.0","14.900000000000006","6.800000000000001","8.100000000000005","97.36842105263158","true","38.961999999999996","33.279999999999994","50","85.1","68","500","851","851","0","0","0","0","0","3368","2516","68","447","337","0","515","0","4","4","1000","1997","3.994","72","4.751267045593045","0","38.6","3.6444444444444444","10","842","750"
"1269","BA","1000","2","0.1","50","0.1","0.5","1","legal","targeted","84.15070240199181","13","89.19085212075254","89.19085212075254","75","80","80","fixed","1","1","50","1588","9","50","21848931","v2.0-design-v1.0","12.599999999999994","6.5","6.099999999999994","97.45075318655852","true","40.67400000000001","35.006","50","87.4","65","500","874","874","0","0","0","0","0","3368","2523","66","486","293","0","552","0","4","4","1000","1997","3.994","77","5.085452371797984","0","41.2","3.618181818181818","10","842","750"
"1271","BA","1000","2","0.1","50","0.1","0.5","1","legal","targeted","84.15070240199181","13","89.19085212075254","89.19085212075254","75","80","80","fixed","1","1","50","1588","11","50","21848933","v2.0-design-v1.0","13.5","6.800000000000001","6.699999999999999","97.30872741253364","true","42.086000000000006","36.066","50","86.5","68","500","865","865","0","0","0","0","0","3368","2531","70","479","288","0","549","0","4","4","1000","1997","3.994","85","5.214129951502078","0","41.9","3.611111111111111","10","842","750"
"1272","BA","1000","2","0.1","50","0.1","0.5","1","legal","targeted","84.15070240199181","13","89.19085212075254","89.19085212075254","75","80","80","fixed","1","1","50","1588","12","50","21848934","v2.0-design-v1.0","11.700000000000003","5.7","6.000000000000003","97.7983777520278","true","39.25599999999999","34.31","50","88.3","57","500","883","883","0","0","0","0","0","3368","2532","57","451","328","0","508","0","4","4","1000","1997","3.994","79","5.498381234163023","0","46.3","3.566666666666667","10","842","750"
"1273","BA","1000","2","0.1","50","0.1","0.5","1","legal","targeted","84.15070240199181","13","89.19085212075254","89.19085212075254","75","80","80","fixed","1","1","50","1588","13","50","21848935","v2.0-design-v1.0","12.5","4.1000000000000005","8.399999999999999","98.40342679127725","true","38.23799999999999","34.762","50","87.5","41","500","875","875","0","0","0","0","0","3368","2527","41","451","349","0","492","0","4","4","1000","1997","3.994","81","5.517645186889815","0","46.5","3.5646464646464646","10","842","750"
"1274","BA","1000","2","0.1","50","0.1","0.5","1","legal","targeted","84.15070240199181","13","89.19085212075254","89.19085212075254","75","80","80","fixed","1","1","50","1588","14","50","21848936","v2.0-design-v1.0","12.299999999999997","5","7.299999999999997","98.04597701149426","true","38.72199999999999","34.29399999999999","50","87.7","50","500","877","877","0","0","0","0","0","3368","2559","51","445","313","0","496","0","4","4","1000","1997","3.994","125","5.945865565022273","0","48","3.5494949494949495","10","842","750"
"1276","BA","1000","2","0.1","50","0.1","0.5","1","legal","targeted","84.15070240199181","13","89.19085212075254","89.19085212075254","75","80","80","fixed","1","1","50","1588","16","50","21848938","v2.0-design-v1.0","13.400000000000006","5.3","8.100000000000005","97.94970986460349","true","39.711999999999996","35.24400000000001","50","86.6","53","500","866","866","0","0","0","0","0","3368","2532","53","460","323","0","513","0","4","4","1000","1997","3.994","82","4.964333652023047","0","41.4","3.6161616161616164","10","842","750"
"1275","BA","1000","2","0.1","50","0.1","0.5","1","legal","targeted","84.15070240199181","13","89.19085212075254","89.19085212075254","75","80","80","fixed","1","1","50","1588","15","50","21848937","v2.0-design-v1.0","17.10000000000001","6.3","10.800000000000008","97.55908562572645","true","40.672","35.334","50","82.89999999999999","63","500","829","829","0","0","0","0","0","3368","2518","63","459","328","0","522","0","4","4","1000","1997","3.994","60","4.960299241836977","0","40.7","3.6232323232323234","10","842","750"
"1277","BA","1000","2","0.1","50","0.1","0.5","1","legal","targeted","84.15070240199181","13","89.19085212075254","89.19085212075254","75","80","80","fixed","1","1","50","1588","17","50","21848939","v2.0-design-v1.0","13.599999999999994","6.6000000000000005","6.999999999999994","97.2952086553323","true","40.803999999999995","35.37399999999999","50","86.4","66","500","864","864","0","0","0","0","0","3368","2518","70","467","313","0","537","0","4","4","1000","1997","3.994","62","4.933589393565727","0","41.2","3.618181818181818","10","842","750"
"1278","BA","1000","2","0.1","50","0.1","0.5","1","legal","targeted","84.15070240199181","13","89.19085212075254","89.19085212075254","75","80","80","fixed","1","1","50","1588","18","50","21848940","v2.0-design-v1.0","13.799999999999997","4.5","9.299999999999997","98.19111285882815","true","41.412000000000006","37.718","50","86.2","45","500","862","862","0","0","0","0","0","3368","2497","46","497","328","0","543","0","4","4","1000","1997","3.994","64","5.047121698298677","0","43.1","3.598989898989899","10","842","750"
"1279","BA","1000","2","0.1","50","0.1","0.5","1","legal","targeted","84.15070240199181","13","89.19085212075254","89.19085212075254","75","80","80","fixed","1","1","50","1588","19","50","21848941","v2.0-design-v1.0","15.200000000000003","5.3","9.900000000000002","97.94094794094794","true","42.06399999999999","37.751999999999995","50","84.8","53","500","848","848","0","0","0","0","0","3368","2521","53","508","286","0","561","0","4","4","1000","1997","3.994","96","5.230805418415531","0","42.2","3.608080808080808","10","842","750"
"1280","BA","1000","2","0.1","50","0.1","0.5","1","legal","targeted","84.15070240199181","13","89.19085212075254","89.19085212075254","75","80","80","fixed","1","1","50","1588","20","50","21848942","v2.0-design-v1.0","16.400000000000006","4.6","11.800000000000006","98.1662114709325","true","41.91000000000001","38.11599999999999","50","83.6","46","500","836","836","0","0","0","0","0","3368","2516","47","512","293","0","559","0","4","4","1000","1997","3.994","85","4.9643336520230505","0","40.3","3.6272727272727274","10","842","750"
"1281","BA","1000","2","0.1","50","0.1","0.5","1","legal","targeted","84.15070240199181","13","89.19085212075254","89.19085212075254","75","80","80","fixed","1","1","50","1588","21","50","21848943","v2.0-design-v1.0","12.599999999999994","6.7","5.899999999999994","97.38762965808682","true","39.623999999999995","34.224000000000004","50","87.4","67","500","874","874","0","0","0","0","0","3368","2535","68","457","308","0","525","0","4","4","1000","1997","3.994","74","5.308874470935255","0","45.8","3.5717171717171716","10","842","750"
"1282","BA","1000","2","0.1","50","0.1","0.5","1","legal","targeted","84.15070240199181","13","89.19085212075254","89.19085212075254","75","80","80","fixed","1","1","50","1588","22","50","21848944","v2.0-design-v1.0","13.799999999999997","5.5","8.299999999999997","97.8507229386479","true","41.29200000000001","37.326","50","86.2","55","500","862","862","0","0","0","0","0","3368","2504","55","500","309","0","555","0","4","4","1000","1997","3.994","116","5.915146063534972","0","49.3","3.536363636363636","10","842","750"
"1283","BA","1000","2","0.1","50","0.1","0.5","1","legal","targeted","84.15070240199181","13","89.19085212075254","89.19085212075254","75","80","80","fixed","1","1","50","1588","23","50","21848945","v2.0-design-v1.0","16.10000000000001","5.4","10.700000000000008","97.71936606107461","true","41.556","37.06600000000001","50","83.89999999999999","54","500","839","839","0","0","0","0","0","3368","2528","59","474","307","0","533","0","4","4","1000","1997","3.994","62","5.156991231188824","0","44.2","3.587878787878788","10","842","750"
"1284","BA","1000","2","0.1","50","0.1","0.5","1","legal","targeted","84.15070240199181","13","89.19085212075254","89.19085212075254","75","80","80","fixed","1","1","50","1588","24","50","21848946","v2.0-design-v1.0","11.900000000000006","4.7","7.2000000000000055","98.1373690337602","true","40.736","36.529999999999994","50","88.1","47","500","881","881","0","0","0","0","0","3368","2529","48","487","304","0","535","0","4","4","1000","1997","3.994","91","5.4315251509558","0","45.3","3.576767676767677","10","842","750"
"1285","BA","1000","2","0.1","50","0.1","0.5","1","legal","targeted","84.15070240199181","13","89.19085212075254","89.19085212075254","75","80","80","fixed","1","1","50","1588","25","50","21848947","v2.0-design-v1.0","11.400000000000006","5.1","6.300000000000006","98.03770681031165","true","39.49400000000001","35.641999999999996","50","88.6","51","500","886","886","0","0","0","0","0","3368","2548","51","451","318","0","502","0","4","4","1000","1997","3.994","102","5.694769037844669","0","49","3.5393939393939395","10","842","750"
"1286","BA","1000","2","0.1","50","0.1","0.5","1","legal","targeted","84.15070240199181","13","89.19085212075254","89.19085212075254","75","80","80","fixed","1","1","50","1588","26","50","21848948","v2.0-design-v1.0","16","5.800000000000001","10.2","97.66718506998446","true","42.16","37.40000000000002","50","84","58","500","840","840","0","0","0","0","0","3368","2512","60","497","299","0","557","0","4","4","1000","1997","3.994","88","5.601726817985966","0","48.5","3.5444444444444443","10","842","750"
"1287","BA","1000","2","0.1","50","0.1","0.5","1","legal","targeted","84.15070240199181","13","89.19085212075254","89.19085212075254","75","80","80","fixed","1","1","50","1588","27","50","21848949","v2.0-design-v1.0","14.600000000000009","5.4","9.200000000000008","97.89964994165695","true","39.92","35.611999999999995","50","85.39999999999999","54","500","854","854","0","0","0","0","0","3368","2517","54","462","335","0","516","0","4","4","1000","1997","3.994","110","5.26285679661356","0","40.3","3.6272727272727274","10","842","750"
"1288","BA","1000","2","0.1","50","0.1","0.5","1","legal","targeted","84.15070240199181","13","89.19085212075254","89.19085212075254","75","80","80","fixed","1","1","50","1588","28","50","21848950","v2.0-design-v1.0","14","6.3","7.7","97.54481683554171","true","39.24400000000001","33.88","50","86","63","500","860","860","0","0","0","0","0","3368","2503","63","470","332","0","533","0","4","4","1000","1997","3.994","67","5.289417920900356","0","45.2","3.577777777777778","10","842","750"
"1289","BA","1000","2","0.1","50","0.1","0.5","1","legal","targeted","84.15070240199181","13","89.19085212075254","89.19085212075254","75","80","80","fixed","1","1","50","1588","29","50","21848951","v2.0-design-v1.0","11.5","6.4","5.1","97.47513389441468","true","40.988","35.576000000000015","50","88.5","64","500","885","885","0","0","0","0","0","3368","2548","66","488","266","0","554","0","4","4","1000","1997","3.994","87","5.237498963760788","0","43","3.6","10","842","750"
"1290","BA","1000","2","0.1","50","0.1","0.5","1","legal","targeted","84.15070240199181","13","89.19085212075254","89.19085212075254","75","80","80","fixed","1","1","50","1588","30","50","21848952","v2.0-design-v1.0","10.200000000000003","4.3999999999999995","5.800000000000003","98.22393822393822","true","39.80200000000001","36.10399999999999","50","89.8","44","500","898","898","0","0","0","0","0","3368","2544","46","472","306","0","518","0","4","4","1000","1997","3.994","92","5.090960801448168","0","40.8","3.6222222222222222","10","842","750"
"1291","BA","1000","2","0.1","50","0.1","0.5","1","legal","targeted","51.45463120883177","19","96.09497722450442","96.09497722450442","75","80","80","fixed","1","1","50","1589","1","50","21849923","v2.0-design-v1.0","3.200000000000003","1.4000000000000001","1.8000000000000027","98.92638036809815","true","17.110000000000007","15.748000000000005","50","96.8","14","500","968","968","0","0","0","0","0","1545","1290","14","182","59","0","196","0","3","3","1000","1997","3.994","67","5.338582626921158","0","46.2","3.5676767676767676","10","515","750"
"1292","BA","1000","2","0.1","50","0.1","0.5","1","legal","targeted","51.45463120883177","19","96.09497722450442","96.09497722450442","75","80","80","fixed","1","1","50","1589","2","50","21849924","v2.0-design-v1.0","2.5","1.3","1.2","99.00611620795107","true","17.543999999999997","16.24400000000001","50","97.5","13","500","975","975","0","0","0","0","0","1545","1295","13","179","58","0","192","0","3","3","1000","1997","3.994","64","4.795097179094169","0","38.4","3.6464646464646466","10","515","750"
"1293","BA","1000","2","0.1","50","0.1","0.5","1","legal","targeted","51.45463120883177","19","96.09497722450442","96.09497722450442","75","80","80","fixed","1","1","50","1589","3","50","21849925","v2.0-design-v1.0","2.200000000000003","0.8999999999999999","1.300000000000003","99.30124223602485","true","16.796000000000003","15.896000000000004","50","97.8","9","500","978","978","0","0","0","0","0","1545","1279","9","199","58","0","208","0","3","3","1000","1997","3.994","80","5.334455962928213","0","44.1","3.588888888888889","10","515","750"
"1294","BA","1000","2","0.1","50","0.1","0.5","1","legal","targeted","51.45463120883177","19","96.09497722450442","96.09497722450442","75","80","80","fixed","1","1","50","1589","4","50","21849926","v2.0-design-v1.0","1.5999999999999943","0.7000000000000001","0.8999999999999942","99.46070878274269","true","17.34599999999999","16.646","50","98.4","7","500","984","984","0","0","0","0","0","1545","1291","7","200","47","0","207","0","3","3","1000","1997","3.994","78","4.922010787289085","0","39.8","3.632323232323232","10","515","750"
"1295","BA","1000","2","0.1","50","0.1","0.5","1","legal","targeted","51.45463120883177","19","96.09497722450442","96.09497722450442","75","80","80","fixed","1","1","50","1589","5","50","21849927","v2.0-design-v1.0","1.7999999999999972","0.8999999999999999","0.8999999999999972","99.30448222565687","true","17.886000000000003","17.062","50","98.2","9","500","982","982","0","0","0","0","0","1545","1285","9","202","49","0","211","0","3","3","1000","1997","3.994","75","4.708942358761475","0","36.3","3.6676767676767676","10","515","750"
"1296","BA","1000","2","0.1","50","0.1","0.5","1","legal","targeted","51.45463120883177","19","96.09497722450442","96.09497722450442","75","80","80","fixed","1","1","50","1589","6","50","21849928","v2.0-design-v1.0","2.9000000000000057","0.7000000000000001","2.2000000000000055","99.46319018404908","true","17.621999999999996","16.921999999999997","50","97.1","7","500","971","971","0","0","0","0","0","1545","1297","7","200","41","0","207","0","3","3","1000","1997","3.994","70","4.8159274451716","0","36.7","3.6636363636363636","10","515","750"
"1297","BA","1000","2","0.1","50","0.1","0.5","1","legal","targeted","51.45463120883177","19","96.09497722450442","96.09497722450442","75","80","80","fixed","1","1","50","1589","7","50","21849929","v2.0-design-v1.0","1.2000000000000028","0.5","0.7000000000000028","99.61180124223603","true","17.377999999999997","16.915999999999997","50","98.8","5","500","988","988","0","0","0","0","0","1545","1283","5","208","49","0","213","0","3","3","1000","1997","3.994","77","4.821743793817034","0","39.4","3.6363636363636362","10","515","750"
"1298","BA","1000","2","0.1","50","0.1","0.5","1","legal","targeted","51.45463120883177","19","96.09497722450442","96.09497722450442","75","80","80","fixed","1","1","50","1589","8","50","21849930","v2.0-design-v1.0","2.6000000000000085","1.2","1.4000000000000086","99.08396946564886","true","17.543999999999997","16.381999999999998","50","97.39999999999999","12","500","974","974","0","0","0","0","0","1545","1298","12","188","47","0","200","0","3","3","1000","1997","3.994","84","5.1686244474404","0","42.2","3.608080808080808","10","515","750"
"1299","BA","1000","2","0.1","50","0.1","0.5","1","legal","targeted","51.45463120883177","19","96.09497722450442","96.09497722450442","75","80","80","fixed","1","1","50","1589","9","50","21849931","v2.0-design-v1.0","2.1000000000000085","0.8999999999999999","1.2000000000000086","99.3103448275862","true","17.487999999999996","16.588000000000008","50","97.89999999999999","9","500","979","979","0","0","0","0","0","1545","1296","9","195","45","0","204","0","3","3","1000","1997","3.994","85","5.3921275058217","0","45.5","3.5747474747474746","10","515","750"
"1300","BA","1000","2","0.1","50","0.1","0.5","1","legal","targeted","51.45463120883177","19","96.09497722450442","96.09497722450442","75","80","80","fixed","1","1","50","1589","10","50","21849932","v2.0-design-v1.0","2","1.4000000000000001","0.5999999999999999","98.9247311827957","true","17.745999999999995","16.346000000000014","50","98","14","500","980","980","0","0","0","0","0","1545","1288","14","185","58","0","199","0","3","3","1000","1997","3.994","89","5.322997116127176","0","43.8","3.591919191919192","10","515","750"
"1302","BA","1000","2","0.1","50","0.1","0.5","1","legal","targeted","51.45463120883177","19","96.09497722450442","96.09497722450442","75","80","80","fixed","1","1","50","1589","12","50","21849934","v2.0-design-v1.0","1.5999999999999943","0.7000000000000001","0.8999999999999942","99.46442234123948","true","17.288","16.588","50","98.4","7","500","984","984","0","0","0","0","0","1545","1300","7","185","53","0","192","0","3","3","1000","1997","3.994","85","5.332015978445139","0","44.3","3.5868686868686868","10","515","750"
"1303","BA","1000","2","0.1","50","0.1","0.5","1","legal","targeted","51.45463120883177","19","96.09497722450442","96.09497722450442","75","80","80","fixed","1","1","50","1589","13","50","21849935","v2.0-design-v1.0","2","0.8999999999999999","1.1","99.3076923076923","true","17.523999999999997","16.623999999999995","50","98","9","500","980","980","0","0","0","0","0","1545","1291","9","196","49","0","205","0","3","3","1000","1997","3.994","77","5.412879387466818","0","45.7","3.5727272727272728","10","515","750"
"1301","BA","1000","2","0.1","50","0.1","0.5","1","legal","targeted","51.45463120883177","19","96.09497722450442","96.09497722450442","75","80","80","fixed","1","1","50","1589","11","50","21849933","v2.0-design-v1.0","1.5999999999999943","1","0.5999999999999943","99.23605805958748","true","17.174","16.174","50","98.4","10","500","984","984","0","0","0","0","0","1545","1299","10","177","59","0","187","0","3","3","1000","1997","3.994","91","5.446616346836769","0","45.1","3.5787878787878786","10","515","750"
"1304","BA","1000","2","0.1","50","0.1","0.5","1","legal","targeted","51.45463120883177","19","96.09497722450442","96.09497722450442","75","80","80","fixed","1","1","50","1589","14","50","21849936","v2.0-design-v1.0","2.299999999999997","0.8","1.4999999999999971","99.38931297709924","true","16.624","15.862000000000007","50","97.7","8","500","977","977","0","0","0","0","0","1545","1302","8","183","52","0","191","0","3","3","1000","1997","3.994","101","5.7639558627028995","0","45.8","3.5717171717171716","10","515","750"
"1305","BA","1000","2","0.1","50","0.1","0.5","1","legal","targeted","51.45463120883177","19","96.09497722450442","96.09497722450442","75","80","80","fixed","1","1","50","1589","15","50","21849937","v2.0-design-v1.0","1.5999999999999943","0.8","0.7999999999999943","99.38650306748467","true","17.78","16.979999999999997","50","98.4","8","500","984","984","0","0","0","0","0","1545","1296","8","195","46","0","203","0","3","3","1000","1997","3.994","74","4.865761979345015","0","39","3.6404040404040403","10","515","750"
"1306","BA","1000","2","0.1","50","0.1","0.5","1","legal","targeted","51.45463120883177","19","96.09497722450442","96.09497722450442","75","80","80","fixed","1","1","50","1589","16","50","21849938","v2.0-design-v1.0","2.200000000000003","1.0999999999999999","1.100000000000003","99.14794732765299","true","17.070000000000004","15.969999999999988","50","97.8","11","500","978","978","0","0","0","0","0","1545","1280","11","199","55","0","210","0","3","3","1000","1997","3.994","61","4.988070252597163","0","41.7","3.613131313131313","10","515","750"
"1307","BA","1000","2","0.1","50","0.1","0.5","1","legal","targeted","51.45463120883177","19","96.09497722450442","96.09497722450442","75","80","80","fixed","1","1","50","1589","17","50","21849939","v2.0-design-v1.0","1.2999999999999972","0.7000000000000001","0.5999999999999971","99.46360153256705","true","17.032","16.331999999999997","50","98.7","7","500","987","987","0","0","0","0","0","1545","1298","7","190","50","0","197","0","3","3","1000","1997","3.994","92","5.447351433278154","0","47.3","3.5565656565656565","10","515","750"
"1308","BA","1000","2","0.1","50","0.1","0.5","1","legal","targeted","51.45463120883177","19","96.09497722450442","96.09497722450442","75","80","80","fixed","1","1","50","1589","18","50","21849940","v2.0-design-v1.0","1.5","0.7000000000000001","0.7999999999999999","99.46401225114855","true","17.061999999999998","16.362000000000002","50","98.5","7","500","985","985","0","0","0","0","0","1545","1299","7","189","50","0","196","0","3","3","1000","1997","3.994","78","5.142218043452288","0","41.9","3.611111111111111","10","515","750"
"1309","BA","1000","2","0.1","50","0.1","0.5","1","legal","targeted","51.45463120883177","19","96.09497722450442","96.09497722450442","75","80","80","fixed","1","1","50","1589","19","50","21849941","v2.0-design-v1.0","1.7999999999999972","0.8","0.9999999999999971","99.38032532920217","true","17.178000000000004","16.377999999999997","50","98.2","8","500","982","982","0","0","0","0","0","1545","1283","8","193","61","0","201","0","3","3","1000","1997","3.994","71","5.392127505821702","0","47.6","3.5535353535353535","10","515","750"
"1310","BA","1000","2","0.1","50","0.1","0.5","1","legal","targeted","51.45463120883177","19","96.09497722450442","96.09497722450442","75","80","80","fixed","1","1","50","1589","20","50","21849942","v2.0-design-v1.0","2.299999999999997","0.8999999999999999","1.3999999999999972","99.31297709923665","true","18.022000000000002","17.122000000000007","50","97.7","9","500","977","977","0","0","0","0","0","1545","1301","9","192","43","0","201","0","3","3","1000","1997","3.994","77","5.188533982242455","0","44.3","3.5868686868686868","10","515","750"
"1311","BA","1000","2","0.1","50","0.1","0.5","1","legal","targeted","51.45463120883177","19","96.09497722450442","96.09497722450442","75","80","80","fixed","1","1","50","1589","21","50","21849943","v2.0-design-v1.0","1.7000000000000028","0.7000000000000001","1.0000000000000027","99.46112394149345","true","17.413999999999998","16.714000000000006","50","98.3","7","500","983","983","0","0","0","0","0","1545","1292","7","192","54","0","199","0","3","3","1000","1997","3.994","117","5.761524030945204","0","46.4","3.5656565656565657","10","515","750"
"1312","BA","1000","2","0.1","50","0.1","0.5","1","legal","targeted","51.45463120883177","19","96.09497722450442","96.09497722450442","75","80","80","fixed","1","1","50","1589","22","50","21849944","v2.0-design-v1.0","2.200000000000003","0.7000000000000001","1.5000000000000027","99.45904173106645","true","17.564","16.863999999999997","50","97.8","7","500","978","978","0","0","0","0","0","1545","1287","7","198","53","0","205","0","3","3","1000","1997","3.994","56","4.908569858732583","0","41.4","3.6161616161616164","10","515","750"
"1313","BA","1000","2","0.1","50","0.1","0.5","1","legal","targeted","51.45463120883177","19","96.09497722450442","96.09497722450442","75","80","80","fixed","1","1","50","1589","23","50","21849945","v2.0-design-v1.0","1","0.8","0.19999999999999996","99.38884644766998","true","17.946000000000005","17.146","50","99","8","500","990","990","0","0","0","0","0","1545","1301","8","184","52","0","192","0","3","3","1000","1997","3.994","73","5.408069083435523","0","45.2","3.577777777777778","10","515","750"
"1314","BA","1000","2","0.1","50","0.1","0.5","1","legal","targeted","51.45463120883177","19","96.09497722450442","96.09497722450442","75","80","80","fixed","1","1","50","1589","24","50","21849946","v2.0-design-v1.0","2.700000000000003","1","1.7000000000000028","99.23195084485407","true","17.878","16.878","50","97.3","10","500","973","973","0","0","0","0","0","1545","1292","10","189","54","0","199","0","3","3","1000","1997","3.994","80","5.225061269044139","0","43.6","3.5939393939393938","10","515","750"
"1315","BA","1000","2","0.1","50","0.1","0.5","1","legal","targeted","51.45463120883177","19","96.09497722450442","96.09497722450442","75","80","80","fixed","1","1","50","1589","25","50","21849947","v2.0-design-v1.0","1.2000000000000028","0.6","0.6000000000000029","99.53917050691244","true","17.116","16.516","50","98.8","6","500","988","988","0","0","0","0","0","1545","1296","6","182","61","0","188","0","3","3","1000","1997","3.994","64","4.74093244419706","0","37.4","3.6565656565656566","10","515","750"
"1316","BA","1000","2","0.1","50","0.1","0.5","1","legal","targeted","51.45463120883177","19","96.09497722450442","96.09497722450442","75","80","80","fixed","1","1","50","1589","26","50","21849948","v2.0-design-v1.0","2.200000000000003","0.4","1.800000000000003","99.69183359013869","true","17.862000000000002","17.462","50","97.8","4","500","978","978","0","0","0","0","0","1545","1294","4","202","45","0","206","0","3","3","1000","1997","3.994","73","5.052077541713647","0","41.8","3.6121212121212123","10","515","750"
"1317","BA","1000","2","0.1","50","0.1","0.5","1","legal","targeted","51.45463120883177","19","96.09497722450442","96.09497722450442","75","80","80","fixed","1","1","50","1589","27","50","21849949","v2.0-design-v1.0","2.799999999999997","0.8999999999999999","1.8999999999999972","99.30609097918273","true","17.372000000000003","16.509999999999998","50","97.2","9","500","972","972","0","0","0","0","0","1545","1288","9","198","50","0","207","0","3","3","1000","1997","3.994","90","5.491276547226339","0","45.8","3.5717171717171716","10","515","750"
"1318","BA","1000","2","0.1","50","0.1","0.5","1","legal","targeted","51.45463120883177","19","96.09497722450442","96.09497722450442","75","80","80","fixed","1","1","50","1589","28","50","21849950","v2.0-design-v1.0","1.4000000000000057","0.7000000000000001","0.7000000000000056","99.45945945945947","true","17.116","16.416","50","98.6","7","500","986","986","0","0","0","0","0","1545","1288","7","196","54","0","203","0","3","3","1000","1997","3.994","71","5.043748943336027","0","41.4","3.6161616161616164","10","515","750"
"1319","BA","1000","2","0.1","50","0.1","0.5","1","legal","targeted","51.45463120883177","19","96.09497722450442","96.09497722450442","75","80","80","fixed","1","1","50","1589","29","50","21849951","v2.0-design-v1.0","1.5","0.5","1","99.61685823754789","true","17.776","17.276000000000003","50","98.5","5","500","985","985","0","0","0","0","0","1545","1300","5","193","47","0","198","0","3","3","1000","1997","3.994","72","5.07323385048448","0","42.1","3.609090909090909","10","515","750"
"1320","BA","1000","2","0.1","50","0.1","0.5","1","legal","targeted","51.45463120883177","19","96.09497722450442","96.09497722450442","75","80","80","fixed","1","1","50","1589","30","50","21849952","v2.0-design-v1.0","2.200000000000003","1.2","1.0000000000000029","99.06614785992218","true","17.701999999999995","16.502000000000006","50","97.8","12","500","978","978","0","0","0","0","0","1545","1273","12","208","52","0","220","0","3","3","1000","1997","3.994","89","5.3211162624282276","0","45.4","3.5757575757575757","10","515","750"
"1321","BA","1000","2","0.1","50","0.1","0.5","1","legal","targeted","13.150243860421877","11","93.20131049534369","93.20131049534369","75","80","80","fixed","1","1","50","1590","1","50","21850923","v2.0-design-v1.0","0.20000000000000284","0.2","2.831068712794149E-15","99.65095986038395","true","6.9920000000000035","6.792000000000004","50","99.8","2","500","998","998","0","0","0","0","0","660","571","2","43","44","0","45","0","5","5","1000","1997","3.994","115","5.906848132029058","0","48.6","3.5434343434343436","10","132","750"
"1322","BA","1000","2","0.1","50","0.1","0.5","1","legal","targeted","13.150243860421877","11","93.20131049534369","93.20131049534369","75","80","80","fixed","1","1","50","1590","2","50","21850924","v2.0-design-v1.0","0.5","0.1","0.4","99.8220640569395","true","6.780000000000002","6.679999999999999","50","99.5","1","500","995","995","0","0","0","0","0","660","561","1","47","51","0","48","0","5","5","1000","1997","3.994","70","4.800521743415907","0","39.7","3.6333333333333333","10","132","750"
"1323","BA","1000","2","0.1","50","0.1","0.5","1","legal","targeted","13.150243860421877","11","93.20131049534369","93.20131049534369","75","80","80","fixed","1","1","50","1590","3","50","21850925","v2.0-design-v1.0","0.29999999999999716","0.3","-2.831068712794149E-15","99.48717948717949","true","7.208000000000002","6.907999999999998","50","99.7","3","500","997","997","0","0","0","0","0","660","582","3","35","40","0","38","0","5","5","1000","1997","3.994","85","5.154078824438801","0","42.8","3.602020202020202","10","132","750"
"1325","BA","1000","2","0.1","50","0.1","0.5","1","legal","targeted","13.150243860421877","11","93.20131049534369","93.20131049534369","75","80","80","fixed","1","1","50","1590","5","50","21850927","v2.0-design-v1.0","0.29999999999999716","0.4","-0.10000000000000286","99.31856899488926","true","6.768000000000003","6.368000000000003","50","99.7","4","500","997","997","0","0","0","0","0","660","583","4","30","43","0","34","0","5","5","1000","1997","3.994","117","5.606549509047193","0","43.1","3.598989898989899","10","132","750"
"1324","BA","1000","2","0.1","50","0.1","0.5","1","legal","targeted","13.150243860421877","11","93.20131049534369","93.20131049534369","75","80","80","fixed","1","1","50","1590","4","50","21850926","v2.0-design-v1.0","0.29999999999999716","0.3","-2.831068712794149E-15","99.48186528497409","true","7.413999999999998","7.113999999999997","50","99.7","3","500","997","997","0","0","0","0","0","660","576","3","33","48","0","36","0","5","5","1000","1997","3.994","86","5.0978379683893325","0","41.2","3.618181818181818","10","132","750"
"1326","BA","1000","2","0.1","50","0.1","0.5","1","legal","targeted","13.150243860421877","11","93.20131049534369","93.20131049534369","75","80","80","fixed","1","1","50","1590","6","50","21850928","v2.0-design-v1.0","0.20000000000000284","0.3","-0.09999999999999715","99.48453608247422","true","7.279999999999998","6.979999999999995","50","99.8","3","500","998","998","0","0","0","0","0","660","579","3","36","42","0","39","0","5","5","1000","1997","3.994","59","4.812808652660839","0","38.6","3.6444444444444444","10","132","750"
"1327","BA","1000","2","0.1","50","0.1","0.5","1","legal","targeted","13.150243860421877","11","93.20131049534369","93.20131049534369","75","80","80","fixed","1","1","50","1590","7","50","21850929","v2.0-design-v1.0","0.5","0.2","0.3","99.64912280701755","true","7.1200000000000045","6.920000000000004","50","99.5","2","500","995","995","0","0","0","0","0","660","568","2","36","54","0","38","0","5","5","1000","1997","3.994","98","5.571804825100114","0","46.2","3.5676767676767676","10","132","750"
"1328","BA","1000","2","0.1","50","0.1","0.5","1","legal","targeted","13.150243860421877","11","93.20131049534369","93.20131049534369","75","80","80","fixed","1","1","50","1590","8","50","21850930","v2.0-design-v1.0","0.29999999999999716","0.2","0.09999999999999715","99.64912280701755","true","6.760000000000002","6.56","50","99.7","2","500","997","997","0","0","0","0","0","660","568","2","38","52","0","40","0","5","5","1000","1997","3.994","83","5.236925566531309","0","43.3","3.596969696969697","10","132","750"
"1329","BA","1000","2","0.1","50","0.1","0.5","1","legal","targeted","13.150243860421877","11","93.20131049534369","93.20131049534369","75","80","80","fixed","1","1","50","1590","9","50","21850931","v2.0-design-v1.0","0.4000000000000057","0.2","0.20000000000000567","99.64973730297724","true","7.108000000000001","6.908","50","99.6","2","500","996","996","0","0","0","0","0","660","569","2","35","54","0","37","0","5","5","1000","1997","3.994","91","5.206445147225791","0","41.7","3.613131313131313","10","132","750"
"1330","BA","1000","2","0.1","50","0.1","0.5","1","legal","targeted","13.150243860421877","11","93.20131049534369","93.20131049534369","75","80","80","fixed","1","1","50","1590","10","50","21850932","v2.0-design-v1.0","0.4000000000000057","0.1","0.3000000000000057","99.82517482517483","true","6.981999999999998","6.881999999999994","50","99.6","1","500","996","996","0","0","0","0","0","660","571","1","36","52","0","37","0","5","5","1000","1997","3.994","91","5.416391908023388","0","45.1","3.5787878787878786","10","132","750"
"1332","BA","1000","2","0.1","50","0.1","0.5","1","legal","targeted","13.150243860421877","11","93.20131049534369","93.20131049534369","75","80","80","fixed","1","1","50","1590","12","50","21850934","v2.0-design-v1.0","0.20000000000000284","0.2","2.831068712794149E-15","99.65928449744463","true","7.203999999999997","7.004000000000001","50","99.8","2","500","998","998","0","0","0","0","0","660","585","2","40","33","0","42","0","5","5","1000","1997","3.994","60","4.892023701485488","0","39.3","3.6373737373737374","10","132","750"
"1333","BA","1000","2","0.1","50","0.1","0.5","1","legal","targeted","13.150243860421877","11","93.20131049534369","93.20131049534369","75","80","80","fixed","1","1","50","1590","13","50","21850935","v2.0-design-v1.0","0.7000000000000028","0.2","0.5000000000000029","99.65457685664938","true","6.9879999999999995","6.788000000000006","50","99.3","2","500","993","993","0","0","0","0","0","660","577","2","46","35","0","48","0","5","5","1000","1997","3.994","90","5.276343791282344","0","44.5","3.584848484848485","10","132","750"
"1331","BA","1000","2","0.1","50","0.1","0.5","1","legal","targeted","13.150243860421877","11","93.20131049534369","93.20131049534369","75","80","80","fixed","1","1","50","1590","11","50","21850933","v2.0-design-v1.0","0.09999999999999432","0.3","-0.20000000000000567","99.48186528497409","true","6.974000000000003","6.6739999999999995","50","99.9","3","500","999","999","0","0","0","0","0","660","576","3","27","54","0","30","0","5","5","1000","1997","3.994","74","5.262856796613564","0","45","3.5797979797979798","10","132","750"
"1334","BA","1000","2","0.1","50","0.1","0.5","1","legal","targeted","13.150243860421877","11","93.20131049534369","93.20131049534369","75","80","80","fixed","1","1","50","1590","14","50","21850936","v2.0-design-v1.0","0.4000000000000057","0.4","5.662137425588298E-15","99.30795847750865","true","7.022000000000005","6.666000000000001","50","99.6","4","500","996","996","0","0","0","0","0","660","574","4","33","49","0","37","0","5","5","1000","1997","3.994","86","5.926304504924242","0","53.3","3.495959595959596","10","132","750"
"1335","BA","1000","2","0.1","50","0.1","0.5","1","legal","targeted","13.150243860421877","11","93.20131049534369","93.20131049534369","75","80","80","fixed","1","1","50","1590","15","50","21850937","v2.0-design-v1.0","0.29999999999999716","0.1","0.19999999999999715","99.8266897746967","true","6.990000000000001","6.889999999999995","50","99.7","1","500","997","997","0","0","0","0","0","660","576","1","36","47","0","37","0","5","5","1000","1997","3.994","71","4.764941622797555","0","40","3.6303030303030304","10","132","750"
"1336","BA","1000","2","0.1","50","0.1","0.5","1","legal","targeted","13.150243860421877","11","93.20131049534369","93.20131049534369","75","80","80","fixed","1","1","50","1590","16","50","21850938","v2.0-design-v1.0","0.20000000000000284","0.3","-0.09999999999999715","99.47460595446584","true","7.406000000000001","7.105999999999995","50","99.8","3","500","998","998","0","0","0","0","0","660","568","3","44","45","0","47","0","5","5","1000","1997","3.994","63","5.0032986116158344","0","42","3.61010101010101","10","132","750"
"1337","BA","1000","2","0.1","50","0.1","0.5","1","legal","targeted","13.150243860421877","11","93.20131049534369","93.20131049534369","75","80","80","fixed","1","1","50","1590","17","50","21850939","v2.0-design-v1.0","0.5","0.1","0.4","99.82758620689656","true","6.965999999999999","6.865999999999997","50","99.5","1","500","995","995","0","0","0","0","0","660","579","1","44","36","0","45","0","5","5","1000","1997","3.994","101","5.721074610131789","0","49.1","3.5383838383838384","10","132","750"
"1338","BA","1000","2","0.1","50","0.1","0.5","1","legal","targeted","13.150243860421877","11","93.20131049534369","93.20131049534369","75","80","80","fixed","1","1","50","1590","18","50","21850940","v2.0-design-v1.0","0.20000000000000284","0.5","-0.29999999999999716","99.1166077738516","true","6.916000000000002","6.416000000000002","50","99.8","5","500","998","998","0","0","0","0","0","660","561","5","38","56","0","43","0","5","5","1000","1997","3.994","59","4.825894036678919","0","40.1","3.6292929292929292","10","132","750"
"1339","BA","1000","2","0.1","50","0.1","0.5","1","legal","targeted","13.150243860421877","11","93.20131049534369","93.20131049534369","75","80","80","fixed","1","1","50","1590","19","50","21850941","v2.0-design-v1.0","0.20000000000000284","0.3","-0.09999999999999715","99.49066213921901","true","7.280000000000001","6.979999999999997","50","99.8","3","500","998","998","0","0","0","0","0","660","586","3","33","38","0","36","0","5","5","1000","1997","3.994","76","4.981041535138477","0","40.2","3.628282828282828","10","132","750"
"1340","BA","1000","2","0.1","50","0.1","0.5","1","legal","targeted","13.150243860421877","11","93.20131049534369","93.20131049534369","75","80","80","fixed","1","1","50","1590","20","50","21850942","v2.0-design-v1.0","0.09999999999999432","0.2","-0.1000000000000057","99.65928449744463","true","6.658000000000007","6.457999999999996","50","99.9","2","500","999","999","0","0","0","0","0","660","585","2","33","40","0","35","0","5","5","1000","1997","3.994","83","5.175591826134537","0","42.8","3.602020202020202","10","132","750"
"1341","BA","1000","2","0.1","50","0.1","0.5","1","legal","targeted","13.150243860421877","11","93.20131049534369","93.20131049534369","75","80","80","fixed","1","1","50","1590","21","50","21850943","v2.0-design-v1.0","0.20000000000000284","0.3","-0.09999999999999715","99.4949494949495","true","7.054000000000002","6.753999999999998","50","99.8","3","500","998","998","0","0","0","0","0","660","591","3","36","30","0","39","0","5","5","1000","1997","3.994","60","4.874805404088213","0","40.4","3.6262626262626263","10","132","750"
"1342","BA","1000","2","0.1","50","0.1","0.5","1","legal","targeted","13.150243860421877","11","93.20131049534369","93.20131049534369","75","80","80","fixed","1","1","50","1590","22","50","21850944","v2.0-design-v1.0","0.29999999999999716","0.2","0.09999999999999715","99.65928449744463","true","7.062000000000003","6.862","50","99.7","2","500","997","997","0","0","0","0","0","660","585","2","43","30","0","45","0","5","5","1000","1997","3.994","79","5.259622384508948","0","44.1","3.588888888888889","10","132","750"
"1343","BA","1000","2","0.1","50","0.1","0.5","1","legal","targeted","13.150243860421877","11","93.20131049534369","93.20131049534369","75","80","80","fixed","1","1","50","1590","23","50","21850945","v2.0-design-v1.0","0.20000000000000284","0.2","2.831068712794149E-15","99.65986394557824","true","7.426","7.226","50","99.8","2","500","998","998","0","0","0","0","0","660","586","2","44","28","0","46","0","5","5","1000","1997","3.994","63","4.7806713774132925","0","38.7","3.6434343434343432","10","132","750"
"1344","BA","1000","2","0.1","50","0.1","0.5","1","legal","targeted","13.150243860421877","11","93.20131049534369","93.20131049534369","75","80","80","fixed","1","1","50","1590","24","50","21850946","v2.0-design-v1.0","0.29999999999999716","0.3","-2.831068712794149E-15","99.49066213921901","true","6.754","6.453999999999997","50","99.7","3","500","997","997","0","0","0","0","0","660","586","3","32","39","0","35","0","5","5","1000","1997","3.994","109","5.498745329636579","0","43.7","3.592929292929293","10","132","750"
"1345","BA","1000","2","0.1","50","0.1","0.5","1","legal","targeted","13.150243860421877","11","93.20131049534369","93.20131049534369","75","80","80","fixed","1","1","50","1590","25","50","21850947","v2.0-design-v1.0","0.29999999999999716","0.1","0.19999999999999715","99.83050847457628","true","6.553999999999999","6.453999999999996","50","99.7","1","500","997","997","0","0","0","0","0","660","589","1","34","36","0","35","0","5","5","1000","1997","3.994","64","4.740932444197066","0","38.6","3.6444444444444444","10","132","750"
"1346","BA","1000","2","0.1","50","0.1","0.5","1","legal","targeted","13.150243860421877","11","93.20131049534369","93.20131049534369","75","80","80","fixed","1","1","50","1590","26","50","21850948","v2.0-design-v1.0","0.29999999999999716","0.2","0.09999999999999715","99.65277777777779","true","6.636","6.4360000000000035","50","99.7","2","500","997","997","0","0","0","0","0","660","574","2","36","48","0","38","0","5","5","1000","1997","3.994","97","5.7362765683733175","0","46.6","3.5636363636363635","10","132","750"
"1347","BA","1000","2","0.1","50","0.1","0.5","1","legal","targeted","13.150243860421877","11","93.20131049534369","93.20131049534369","75","80","80","fixed","1","1","50","1590","27","50","21850949","v2.0-design-v1.0","0.29999999999999716","0.1","0.19999999999999715","99.83108108108108","true","7.052000000000004","6.952000000000001","50","99.7","1","500","997","997","0","0","0","0","0","660","591","1","31","37","0","32","0","5","5","1000","1997","3.994","87","5.664454964959117","0","50.3","3.526262626262626","10","132","750"
"1348","BA","1000","2","0.1","50","0.1","0.5","1","legal","targeted","13.150243860421877","11","93.20131049534369","93.20131049534369","75","80","80","fixed","1","1","50","1590","28","50","21850950","v2.0-design-v1.0","0","0.4","-0.4","99.32318104906938","true","6.848000000000002","6.448000000000002","50","100","4","500","1000","1000","0","0","0","0","0","660","587","4","37","32","0","41","0","5","5","1000","1997","3.994","71","5.163780458988219","0","43.4","3.595959595959596","10","132","750"
"1349","BA","1000","2","0.1","50","0.1","0.5","1","legal","targeted","13.150243860421877","11","93.20131049534369","93.20131049534369","75","80","80","fixed","1","1","50","1590","29","50","21850951","v2.0-design-v1.0","0.29999999999999716","0.1","0.19999999999999715","99.82905982905983","true","7.088000000000001","6.987999999999996","50","99.7","1","500","997","997","0","0","0","0","0","660","584","1","34","41","0","35","0","5","5","1000","1997","3.994","82","5.322620998558344","0","44.7","3.5828282828282827","10","132","750"
"1350","BA","1000","2","0.1","50","0.1","0.5","1","legal","targeted","13.150243860421877","11","93.20131049534369","93.20131049534369","75","80","80","fixed","1","1","50","1590","30","50","21850952","v2.0-design-v1.0","0.4000000000000057","0.1","0.3000000000000057","99.82608695652175","true","7.492000000000003","7.392000000000003","50","99.6","1","500","996","996","0","0","0","0","0","660","574","1","30","55","0","31","0","5","5","1000","1997","3.994","60","5.003098539404843","0","41.5","3.6151515151515152","10","132","750"
"1351","BA","1000","2","0.1","50","0.1","0.5","1","legal","targeted","67.18572886434475","10","95.93761291829247","95.93761291829247","75","80","80","fixed","1","1","50","1591","1","50","21851923","v2.0-design-v1.0","9.799999999999997","2.4","7.399999999999997","99.12087912087912","true","39.668","37.808000000000014","50","90.2","24","500","902","902","0","0","0","0","0","3360","2706","24","539","91","0","563","0","5","5","1000","1997","3.994","69","5.395096947328285","0","47.5","3.5545454545454547","10","672","750"
"1352","BA","1000","2","0.1","50","0.1","0.5","1","legal","targeted","67.18572886434475","10","95.93761291829247","95.93761291829247","75","80","80","fixed","1","1","50","1591","2","50","21851924","v2.0-design-v1.0","11","2.1999999999999997","8.8","99.13663663663664","true","39.89800000000002","38.09800000000001","50","89","22","500","890","890","0","0","0","0","0","3360","2641","23","573","123","0","596","0","5","5","1000","1997","3.994","66","5.100193719455754","0","43.6","3.5939393939393938","10","672","750"
"1353","BA","1000","2","0.1","50","0.1","0.5","1","legal","targeted","67.18572886434475","10","95.93761291829247","95.93761291829247","75","80","80","fixed","1","1","50","1591","3","50","21851925","v2.0-design-v1.0","13.700000000000003","2.5","11.200000000000003","99.0855888807608","true","40.52600000000001","38.38600000000002","50","86.3","25","500","863","863","0","0","0","0","0","3360","2709","25","512","114","0","537","0","5","5","1000","1997","3.994","100","5.831978735898819","0","47.9","3.5505050505050506","10","672","750"
"1354","BA","1000","2","0.1","50","0.1","0.5","1","legal","targeted","67.18572886434475","10","95.93761291829247","95.93761291829247","75","80","80","fixed","1","1","50","1591","4","50","21851926","v2.0-design-v1.0","14.600000000000009","2.1","12.500000000000009","99.21875","true","40.96199999999999","39.28199999999999","50","85.39999999999999","21","500","854","854","0","0","0","0","0","3360","2667","21","568","104","0","589","0","5","5","1000","1997","3.994","74","5.297927144839944","0","45.2","3.577777777777778","10","672","750"
"1355","BA","1000","2","0.1","50","0.1","0.5","1","legal","targeted","67.18572886434475","10","95.93761291829247","95.93761291829247","75","80","80","fixed","1","1","50","1591","5","50","21851927","v2.0-design-v1.0","11.599999999999994","1.7000000000000002","9.899999999999995","99.37683284457478","true","38.66599999999999","37.546","50","88.4","17","500","884","884","0","0","0","0","0","3360","2711","17","509","123","0","526","0","5","5","1000","1997","3.994","95","5.875583927277924","0","48.8","3.5414141414141413","10","672","750"
"1356","BA","1000","2","0.1","50","0.1","0.5","1","legal","targeted","67.18572886434475","10","95.93761291829247","95.93761291829247","75","80","80","fixed","1","1","50","1591","6","50","21851928","v2.0-design-v1.0","12.900000000000006","1.7000000000000002","11.200000000000006","99.37223042836041","true","40.842000000000006","39.581999999999994","50","87.1","17","500","871","871","0","0","0","0","0","3360","2691","17","551","101","0","568","0","5","5","1000","1997","3.994","104","5.351130590688151","0","43.3","3.596969696969697","10","672","750"
"1357","BA","1000","2","0.1","50","0.1","0.5","1","legal","targeted","67.18572886434475","10","95.93761291829247","95.93761291829247","75","80","80","fixed","1","1","50","1591","7","50","21851929","v2.0-design-v1.0","12.599999999999994","2.4","10.199999999999994","99.12087912087912","true","40.836000000000006","38.95599999999998","50","87.4","24","500","874","874","0","0","0","0","0","3360","2706","24","534","96","0","558","0","5","5","1000","1997","3.994","90","5.666928451822734","0","46.4","3.5656565656565657","10","672","750"
"1358","BA","1000","2","0.1","50","0.1","0.5","1","legal","targeted","67.18572886434475","10","95.93761291829247","95.93761291829247","75","80","80","fixed","1","1","50","1591","8","50","21851930","v2.0-design-v1.0","13.400000000000006","4.1000000000000005","9.300000000000004","98.49264705882354","true","40.554000000000016","37.39399999999999","50","86.6","41","500","866","866","0","0","0","0","0","3360","2679","41","527","113","0","568","0","5","5","1000","1997","3.994","79","5.173850861083326","0","42.1","3.609090909090909","10","672","750"
"1359","BA","1000","2","0.1","50","0.1","0.5","1","legal","targeted","67.18572886434475","10","95.93761291829247","95.93761291829247","75","80","80","fixed","1","1","50","1591","9","50","21851931","v2.0-design-v1.0","14.099999999999994","2.6","11.499999999999995","99.04936014625228","true","40.711999999999996","38.852000000000004","50","85.9","26","500","859","859","0","0","0","0","0","3360","2709","26","508","117","0","534","0","5","5","1000","1997","3.994","62","4.77543388277638","0","39.8","3.632323232323232","10","672","750"
"1360","BA","1000","2","0.1","50","0.1","0.5","1","legal","targeted","67.18572886434475","10","95.93761291829247","95.93761291829247","75","80","80","fixed","1","1","50","1591","10","50","21851932","v2.0-design-v1.0","12.799999999999997","2.8000000000000003","9.999999999999996","98.93811790552911","true","39.68000000000001","37.44","50","87.2","28","500","872","872","0","0","0","0","0","3360","2702","29","507","122","0","536","0","5","5","1000","1997","3.994","95","5.743949595614227","0","48.6","3.5434343434343436","10","672","750"
"1361","BA","1000","2","0.1","50","0.1","0.5","1","legal","targeted","67.18572886434475","10","95.93761291829247","95.93761291829247","75","80","80","fixed","1","1","50","1591","11","50","21851933","v2.0-design-v1.0","13.299999999999997","1.4000000000000001","11.899999999999997","99.48472580051528","true","40.64199999999999","39.662000000000006","50","86.7","14","500","867","867","0","0","0","0","0","3360","2703","14","529","114","0","543","0","5","5","1000","1997","3.994","63","5.349072496851817","0","47","3.5595959595959594","10","672","750"
"1362","BA","1000","2","0.1","50","0.1","0.5","1","legal","targeted","67.18572886434475","10","95.93761291829247","95.93761291829247","75","80","80","fixed","1","1","50","1591","12","50","21851934","v2.0-design-v1.0","13","2.8000000000000003","10.2","98.97020963589554","true","40.4","37.94000000000001","50","87","28","500","870","870","0","0","0","0","0","3360","2691","28","523","118","0","551","0","5","5","1000","1997","3.994","97","5.175204995625453","0","40.3","3.6272727272727274","10","672","750"
"1363","BA","1000","2","0.1","50","0.1","0.5","1","legal","targeted","67.18572886434475","10","95.93761291829247","95.93761291829247","75","80","80","fixed","1","1","50","1591","13","50","21851935","v2.0-design-v1.0","11.200000000000003","1.7000000000000002","9.500000000000004","99.37774524158127","true","40.18000000000001","38.9","50","88.8","17","500","888","888","0","0","0","0","0","3360","2715","17","529","99","0","546","0","5","5","1000","1997","3.994","97","5.453044993368347","0","44.9","3.580808080808081","10","672","750"
"1364","BA","1000","2","0.1","50","0.1","0.5","1","legal","targeted","67.18572886434475","10","95.93761291829247","95.93761291829247","75","80","80","fixed","1","1","50","1591","14","50","21851936","v2.0-design-v1.0","10","3","7","98.8929889298893","true","39.00000000000001","36.74","50","90","30","500","900","900","0","0","0","0","0","3360","2680","30","532","118","0","562","0","5","5","1000","1997","3.994","52","4.622697625124671","0","38.7","3.6434343434343432","10","672","750"
"1365","BA","1000","2","0.1","50","0.1","0.5","1","legal","targeted","67.18572886434475","10","95.93761291829247","95.93761291829247","75","80","80","fixed","1","1","50","1591","15","50","21851937","v2.0-design-v1.0","12.799999999999997","2","10.799999999999997","99.25898480918859","true","39.81200000000001","38.432","50","87.2","20","500","872","872","0","0","0","0","0","3360","2679","20","541","120","0","561","0","5","5","1000","1997","3.994","115","5.83849741389444","0","45.3","3.576767676767677","10","672","750"
"1366","BA","1000","2","0.1","50","0.1","0.5","1","legal","targeted","67.18572886434475","10","95.93761291829247","95.93761291829247","75","80","80","fixed","1","1","50","1591","16","50","21851938","v2.0-design-v1.0","14.400000000000006","2.4","12.000000000000005","99.12216532553035","true","41.70800000000001","39.907999999999994","50","85.6","24","500","856","856","0","0","0","0","0","3360","2710","24","529","97","0","553","0","5","5","1000","1997","3.994","68","4.718498514170383","0","37.9","3.6515151515151514","10","672","750"
"1367","BA","1000","2","0.1","50","0.1","0.5","1","legal","targeted","67.18572886434475","10","95.93761291829247","95.93761291829247","75","80","80","fixed","1","1","50","1591","17","50","21851939","v2.0-design-v1.0","13.299999999999997","1.5","11.799999999999997","99.4475138121547","true","39.15399999999999","38.013999999999996","50","86.7","15","500","867","867","0","0","0","0","0","3360","2700","15","516","129","0","531","0","5","5","1000","1997","3.994","57","4.860204274059423","0","40","3.6303030303030304","10","672","750"
"1368","BA","1000","2","0.1","50","0.1","0.5","1","legal","targeted","67.18572886434475","10","95.93761291829247","95.93761291829247","75","80","80","fixed","1","1","50","1591","18","50","21851940","v2.0-design-v1.0","11.799999999999997","3.5000000000000004","8.299999999999997","98.70896348210992","true","40.236","37.635999999999996","50","88.2","35","500","882","882","0","0","0","0","0","3360","2676","35","516","133","0","551","0","5","5","1000","1997","3.994","79","5.16591237349711","0","43.1","3.598989898989899","10","672","750"
"1369","BA","1000","2","0.1","50","0.1","0.5","1","legal","targeted","67.18572886434475","10","95.93761291829247","95.93761291829247","75","80","80","fixed","1","1","50","1591","19","50","21851941","v2.0-design-v1.0","11.700000000000003","2.5","9.200000000000003","99.09518639160333","true","39.577999999999996","37.577999999999996","50","88.3","25","500","883","883","0","0","0","0","0","3360","2738","25","499","98","0","524","0","5","5","1000","1997","3.994","85","5.612794978214276","0","46.9","3.5606060606060606","10","672","750"
"1370","BA","1000","2","0.1","50","0.1","0.5","1","legal","targeted","67.18572886434475","10","95.93761291829247","95.93761291829247","75","80","80","fixed","1","1","50","1591","20","50","21851942","v2.0-design-v1.0","15.200000000000003","2.4","12.800000000000002","99.0695943431336","true","40.399999999999984","38.50000000000001","50","84.8","24","500","848","848","0","0","0","0","0","3360","2662","25","549","124","0","574","0","5","5","1000","1997","3.994","101","5.644805384406777","0","45.6","3.573737373737374","10","672","750"
"1371","BA","1000","2","0.1","50","0.1","0.5","1","legal","targeted","67.18572886434475","10","95.93761291829247","95.93761291829247","75","80","80","fixed","1","1","50","1591","21","50","21851943","v2.0-design-v1.0","11.799999999999997","2.6","9.199999999999998","99.01062660315134","true","40.46799999999999","38.328","50","88.2","26","500","882","882","0","0","0","0","0","3360","2702","27","500","131","0","527","0","5","5","1000","1997","3.994","75","4.893864925998046","0","40.9","3.621212121212121","10","672","750"
"1372","BA","1000","2","0.1","50","0.1","0.5","1","legal","targeted","67.18572886434475","10","95.93761291829247","95.93761291829247","75","80","80","fixed","1","1","50","1591","22","50","21851944","v2.0-design-v1.0","14.400000000000006","2.1999999999999997","12.200000000000006","99.16241806263656","true","40.31199999999999","38.59200000000001","50","85.6","22","500","856","856","0","0","0","0","0","3360","2723","23","502","112","0","525","0","5","5","1000","1997","3.994","81","5.379116925564905","0","44.5","3.584848484848485","10","672","750"
"1373","BA","1000","2","0.1","50","0.1","0.5","1","legal","targeted","67.18572886434475","10","95.93761291829247","95.93761291829247","75","80","80","fixed","1","1","50","1591","23","50","21851945","v2.0-design-v1.0","12.900000000000006","2.4","10.500000000000005","99.113409678611","true","40.964000000000006","39.123999999999995","50","87.1","24","500","871","871","0","0","0","0","0","3360","2683","24","549","104","0","573","0","5","5","1000","1997","3.994","71","5.047121698298677","0","42.5","3.605050505050505","10","672","750"
"1374","BA","1000","2","0.1","50","0.1","0.5","1","legal","targeted","67.18572886434475","10","95.93761291829247","95.93761291829247","75","80","80","fixed","1","1","50","1591","24","50","21851946","v2.0-design-v1.0","13.700000000000003","2.9000000000000004","10.800000000000002","98.92313405124396","true","41.242","39.121999999999986","50","86.3","29","500","863","863","0","0","0","0","0","3360","2664","29","563","104","0","592","0","5","5","1000","1997","3.994","91","5.198748983264231","0","41.6","3.614141414141414","10","672","750"
"1375","BA","1000","2","0.1","50","0.1","0.5","1","legal","targeted","67.18572886434475","10","95.93761291829247","95.93761291829247","75","80","80","fixed","1","1","50","1591","25","50","21851947","v2.0-design-v1.0","12.799999999999997","2.1999999999999997","10.599999999999998","99.1899852724595","true","40.52400000000001","39.124","50","87.2","22","500","872","872","0","0","0","0","0","3360","2694","22","525","119","0","547","0","5","5","1000","1997","3.994","116","5.733309239421393","0","47.7","3.5525252525252524","10","672","750"
"1376","BA","1000","2","0.1","50","0.1","0.5","1","legal","targeted","67.18572886434475","10","95.93761291829247","95.93761291829247","75","80","80","fixed","1","1","50","1591","26","50","21851948","v2.0-design-v1.0","11","2.5","8.5","99.08391352143643","true","39.118","36.97800000000001","50","89","25","500","890","890","0","0","0","0","0","3360","2704","25","513","118","0","538","0","5","5","1000","1997","3.994","73","5.022269127315564","0","41.3","3.617171717171717","10","672","750"
"1377","BA","1000","2","0.1","50","0.1","0.5","1","legal","targeted","67.18572886434475","10","95.93761291829247","95.93761291829247","75","80","80","fixed","1","1","50","1591","27","50","21851949","v2.0-design-v1.0","13.799999999999997","1.7999999999999998","11.999999999999996","99.3409007689491","true","40.296","39.13600000000001","50","86.2","18","500","862","862","0","0","0","0","0","3360","2713","18","524","105","0","542","0","5","5","1000","1997","3.994","96","5.206637405569259","0","41.4","3.6161616161616164","10","672","750"
"1378","BA","1000","2","0.1","50","0.1","0.5","1","legal","targeted","67.18572886434475","10","95.93761291829247","95.93761291829247","75","80","80","fixed","1","1","50","1591","28","50","21851950","v2.0-design-v1.0","10.700000000000003","2.9000000000000004","7.8000000000000025","98.9191203876258","true","40.216","38.015999999999984","50","89.3","29","500","893","893","0","0","0","0","0","3360","2654","29","581","96","0","610","0","5","5","1000","1997","3.994","69","5.085846028914928","0","41","3.6202020202020204","10","672","750"
"1379","BA","1000","2","0.1","50","0.1","0.5","1","legal","targeted","67.18572886434475","10","95.93761291829247","95.93761291829247","75","80","80","fixed","1","1","50","1591","29","50","21851951","v2.0-design-v1.0","13.099999999999994","1.6","11.499999999999995","99.3687337541775","true","40.483999999999995","39.143999999999984","50","86.9","16","500","869","869","0","0","0","0","0","3360","2676","17","557","110","0","574","0","5","5","1000","1997","3.994","60","4.893046689528498","0","40","3.6303030303030304","10","672","750"
"1380","BA","1000","2","0.1","50","0.1","0.5","1","legal","targeted","67.18572886434475","10","95.93761291829247","95.93761291829247","75","80","80","fixed","1","1","50","1591","30","50","21851952","v2.0-design-v1.0","13.099999999999994","2.5","10.599999999999994","99.0768094534712","true","42.008","40.12799999999999","50","86.9","25","500","869","869","0","0","0","0","0","3360","2683","25","563","89","0","588","0","5","5","1000","1997","3.994","75","5.153301904654954","0","43.1","3.598989898989899","10","672","750"
"1381","BA","1000","2","0.1","50","0.1","0.5","1","legal","targeted","56.36274822196962","7","89.3214330490829","89.3214330490829","75","80","80","fixed","1","1","50","1592","1","50","21852923","v2.0-design-v1.0","56.7","7.199999999999999","49.5","97.74259747874524","true","36.462","31.908000000000005","50","43.3","72","500","433","884","564","451","11","70","32","4512","3334","77","727","374","81","804","56.4","8","8","1000","1997","3.994","97","5.78908261104274","0","51.2","3.5171717171717174","10","564","750"
"1382","BA","1000","2","0.1","50","0.1","0.5","1","legal","targeted","56.36274822196962","7","89.3214330490829","89.3214330490829","75","80","80","fixed","1","1","50","1592","2","50","21852924","v2.0-design-v1.0","53.9","8.6","45.3","97.29099912612875","true","35.81399999999999","29.607999999999997","50","46.1","86","500","461","912","564","451","3","55","55","4512","3340","93","661","418","58","754","56.4","8","8","1000","1997","3.994","67","5.289985628330939","0","45","3.5797979797979798","10","564","750"
"1383","BA","1000","2","0.1","50","0.1","0.5","1","legal","targeted","56.36274822196962","7","89.3214330490829","89.3214330490829","75","80","80","fixed","1","1","50","1592","3","50","21852925","v2.0-design-v1.0","53.9","7.3999999999999995","46.5","97.6812444966246","true","36.21","31.651999999999997","50","46.1","74","500","461","884","564","423","5","73","63","4512","3328","79","691","414","78","770","56.4","8","8","1000","1997","3.994","60","5.028045867456379","0","42.9","3.601010101010101","10","564","750"
"1384","BA","1000","2","0.1","50","0.1","0.5","1","legal","targeted","56.36274822196962","7","89.3214330490829","89.3214330490829","75","80","80","fixed","1","1","50","1592","4","50","21852926","v2.0-design-v1.0","55.9","7.199999999999999","48.7","97.74212715389186","true","37.22399999999999","32.054","50","44.1","72","500","441","874","564","433","1","79","51","4512","3290","76","741","405","80","817","56.4","8","8","1000","1997","3.994","110","5.604227990666626","0","43.3","3.596969696969697","10","564","750"
"1385","BA","1000","2","0.1","50","0.1","0.5","1","legal","targeted","56.36274822196962","7","89.3214330490829","89.3214330490829","75","80","80","fixed","1","1","50","1592","5","50","21852927","v2.0-design-v1.0","54.1","9.3","44.8","97.01976984361168","true","36.779999999999994","30.826","50","45.9","93","500","459","900","564","441","13","56","54","4512","3288","101","738","385","69","839","56.4","8","8","1000","1997","3.994","94","5.523809960206487","0","45.8","3.5717171717171716","10","564","750"
"1386","BA","1000","2","0.1","50","0.1","0.5","1","legal","targeted","56.36274822196962","7","89.3214330490829","89.3214330490829","75","80","80","fixed","1","1","50","1592","6","50","21852928","v2.0-design-v1.0","55","7.1","47.9","97.8567234292425","true","36.87","32.668","50","45","71","500","450","895","564","445","11","54","54","4512","3333","73","708","398","65","781","56.4","8","8","1000","1997","3.994","68","4.79864470355859","0","38.6","3.6444444444444444","10","564","750"
"1387","BA","1000","2","0.1","50","0.1","0.5","1","legal","targeted","56.36274822196962","7","89.3214330490829","89.3214330490829","75","80","80","fixed","1","1","50","1592","7","50","21852929","v2.0-design-v1.0","56.4","8.3","48.099999999999994","97.40145985401459","true","37.354000000000006","31.923999999999996","50","43.6","83","500","436","873","564","437","5","70","52","4512","3336","89","690","397","75","779","56.4","8","8","1000","1997","3.994","89","5.659504748120095","0","47.7","3.5525252525252524","10","564","750"
"1388","BA","1000","2","0.1","50","0.1","0.5","1","legal","targeted","56.36274822196962","7","89.3214330490829","89.3214330490829","75","80","80","fixed","1","1","50","1592","8","50","21852930","v2.0-design-v1.0","55.3","8.5","46.8","97.33412322274881","true","38.1","32.596","50","44.7","85","500","447","884","564","437","7","68","52","4512","3286","90","749","387","75","839","56.4","8","8","1000","1997","3.994","81","5.411029776599195","0","45.1","3.5787878787878786","10","564","750"
"1389","BA","1000","2","0.1","50","0.1","0.5","1","legal","targeted","56.36274822196962","7","89.3214330490829","89.3214330490829","75","80","80","fixed","1","1","50","1592","9","50","21852931","v2.0-design-v1.0","54.199999999999996","7.9","46.3","97.52577319587628","true","37.35","32.040000000000006","50","45.800000000000004","79","500","458","895","564","437","4","66","57","4512","3311","84","729","388","70","813","56.4","8","8","1000","1997","3.994","84","5.293012372929038","0","45.7","3.5727272727272728","10","564","750"
"1391","BA","1000","2","0.1","50","0.1","0.5","1","legal","targeted","56.36274822196962","7","89.3214330490829","89.3214330490829","75","80","80","fixed","1","1","50","1592","11","50","21852933","v2.0-design-v1.0","55.9","8","47.9","97.48317237342698","true","37.72800000000001","32.486","50","44.1","80","500","441","883","564","442","8","72","42","4512","3331","86","724","371","80","810","56.4","8","8","1000","1997","3.994","66","5.006898544311927","0","40.2","3.628282828282828","10","564","750"
"1392","BA","1000","2","0.1","50","0.1","0.5","1","legal","targeted","56.36274822196962","7","89.3214330490829","89.3214330490829","75","80","80","fixed","1","1","50","1592","12","50","21852934","v2.0-design-v1.0","54.5","8.200000000000001","46.3","97.43962758219378","true","37.14800000000001","31.971999999999994","50","45.5","82","500","455","894","564","439","8","59","58","4512","3349","88","686","389","67","774","56.4","8","8","1000","1997","3.994","101","5.456715105238649","0","44.6","3.583838383838384","10","564","750"
"1390","BA","1000","2","0.1","50","0.1","0.5","1","legal","targeted","56.36274822196962","7","89.3214330490829","89.3214330490829","75","80","80","fixed","1","1","50","1592","10","50","21852932","v2.0-design-v1.0","52.900000000000006","9.4","43.50000000000001","97.01094998520273","true","36.669999999999995","30.461999999999993","50","47.099999999999994","94","500","471","890","564","419","8","77","60","4512","3278","101","721","412","85","822","56.4","8","8","1000","1997","3.994","91","5.469907118396417","0","44.4","3.585858585858586","10","564","750"
"1393","BA","1000","2","0.1","50","0.1","0.5","1","legal","targeted","56.36274822196962","7","89.3214330490829","89.3214330490829","75","80","80","fixed","1","1","50","1592","13","50","21852935","v2.0-design-v1.0","55.6","7.5","48.1","97.64359351988217","true","37.470000000000006","32.476","50","44.4","75","500","444","884","564","440","6","65","53","4512","3315","80","695","422","71","775","56.4","8","8","1000","1997","3.994","123","5.758569711753528","0","45.9","3.5707070707070705","10","564","750"
"1394","BA","1000","2","0.1","50","0.1","0.5","1","legal","targeted","56.36274822196962","7","89.3214330490829","89.3214330490829","75","80","80","fixed","1","1","50","1592","14","50","21852936","v2.0-design-v1.0","52.800000000000004","8.9","43.900000000000006","97.17765894236481","true","36.02","30.214000000000006","50","47.199999999999996","89","500","472","891","564","419","9","77","59","4512","3271","95","730","416","86","825","56.4","8","8","1000","1997","3.994","76","5.263807716061783","0","46.1","3.5686868686868687","10","564","750"
"1395","BA","1000","2","0.1","50","0.1","0.5","1","legal","targeted","56.36274822196962","7","89.3214330490829","89.3214330490829","75","80","80","fixed","1","1","50","1592","15","50","21852937","v2.0-design-v1.0","55.9","7.6","48.3","97.64150943396226","true","37.37200000000001","32.726","50","44.1","76","500","441","890","564","449","8","57","50","4512","3312","80","728","392","65","808","56.4","8","8","1000","1997","3.994","74","5.094891747811902","0","41.6","3.614141414141414","10","564","750"
"1396","BA","1000","2","0.1","50","0.1","0.5","1","legal","targeted","56.36274822196962","7","89.3214330490829","89.3214330490829","75","80","80","fixed","1","1","50","1592","16","50","21852938","v2.0-design-v1.0","54.699999999999996","9.9","44.8","96.85386650985004","true","37.238","30.474000000000004","50","45.300000000000004","99","500","453","886","564","433","7","72","52","4512","3294","107","699","412","79","806","56.4","8","8","1000","1997","3.994","135","6.2301507829890586","0","46.7","3.562626262626263","10","564","750"
"1397","BA","1000","2","0.1","50","0.1","0.5","1","legal","targeted","56.36274822196962","7","89.3214330490829","89.3214330490829","75","80","80","fixed","1","1","50","1592","17","50","21852939","v2.0-design-v1.0","55.8","7.5","48.3","97.61974728181016","true","36.08199999999998","31.326000000000004","50","44.2","75","500","442","868","564","426","11","79","48","4512","3322","81","711","398","90","792","56.4","8","8","1000","1997","3.994","96","5.410844780738142","0","44.5","3.584848484848485","10","564","750"
"1398","BA","1000","2","0.1","50","0.1","0.5","1","legal","targeted","56.36274822196962","7","89.3214330490829","89.3214330490829","75","80","80","fixed","1","1","50","1592","18","50","21852940","v2.0-design-v1.0","54.5","9.3","45.2","96.97586507705729","true","37.95400000000001","32.07000000000001","50","45.5","93","500","455","898","564","443","6","59","56","4512","3335","104","694","379","65","798","56.4","8","8","1000","1997","3.994","70","5.315281386362919","0","44.6","3.583838383838384","10","564","750"
"1399","BA","1000","2","0.1","50","0.1","0.5","1","legal","targeted","56.36274822196962","7","89.3214330490829","89.3214330490829","75","80","80","fixed","1","1","50","1592","19","50","21852941","v2.0-design-v1.0","52.800000000000004","6.800000000000001","46","97.80805687203792","true","36.15","32.066","50","47.199999999999996","68","500","472","901","564","429","8","69","58","4512","3302","74","717","419","77","791","56.4","8","8","1000","1997","3.994","66","4.992683736317654","0","40","3.6303030303030304","10","564","750"
"1400","BA","1000","2","0.1","50","0.1","0.5","1","legal","targeted","56.36274822196962","7","89.3214330490829","89.3214330490829","75","80","80","fixed","1","1","50","1592","20","50","21852942","v2.0-design-v1.0","56.3","6.9","49.4","97.87234042553192","true","36.239999999999995","31.650000000000006","50","43.7","69","500","437","883","564","446","5","66","47","4512","3312","72","720","408","71","792","56.4","8","8","1000","1997","3.994","80","5.311513548526075","0","46.3","3.566666666666667","10","564","750"
"1401","BA","1000","2","0.1","50","0.1","0.5","1","legal","targeted","56.36274822196962","7","89.3214330490829","89.3214330490829","75","80","80","fixed","1","1","50","1592","21","50","21852943","v2.0-design-v1.0","56","6.800000000000001","49.2","97.9123787121435","true","37.47599999999999","33.294000000000004","50","44","68","500","440","874","564","434","7","72","51","4512","3330","71","715","396","79","786","56.4","8","8","1000","1997","3.994","100","5.390270774183697","0","44.5","3.584848484848485","10","564","750"
"1402","BA","1000","2","0.1","50","0.1","0.5","1","legal","targeted","56.36274822196962","7","89.3214330490829","89.3214330490829","75","80","80","fixed","1","1","50","1592","22","50","21852944","v2.0-design-v1.0","55.6","8.4","47.2","97.32246798603028","true","37.242","31.726000000000003","50","44.4","84","500","444","896","564","452","8","59","45","4512","3344","92","692","384","67","784","56.4","8","8","1000","1997","3.994","105","5.6917800695705285","0","47.5","3.5545454545454547","10","564","750"
"1404","BA","1000","2","0.1","50","0.1","0.5","1","legal","targeted","56.36274822196962","7","89.3214330490829","89.3214330490829","75","80","80","fixed","1","1","50","1592","24","50","21852946","v2.0-design-v1.0","56","10.5","45.5","96.57494145199064","true","37.29800000000001","30.760000000000005","50","44","105","500","440","886","564","446","10","56","52","4512","3299","117","690","406","66","807","56.4","8","8","1000","1997","3.994","102","6.039241379216165","0","51.8","3.511111111111111","10","564","750"
"1403","BA","1000","2","0.1","50","0.1","0.5","1","legal","targeted","56.36274822196962","7","89.3214330490829","89.3214330490829","75","80","80","fixed","1","1","50","1592","23","50","21852945","v2.0-design-v1.0","55.9","7.3999999999999995","48.5","97.72859638905067","true","37.55200000000001","32.434","50","44.1","74","500","441","894","564","453","4","59","48","4512","3356","78","648","430","63","726","56.4","8","8","1000","1997","3.994","68","4.720407423755518","0","37.5","3.6555555555555554","10","564","750"
"1405","BA","1000","2","0.1","50","0.1","0.5","1","legal","targeted","56.36274822196962","7","89.3214330490829","89.3214330490829","75","80","80","fixed","1","1","50","1592","25","50","21852947","v2.0-design-v1.0","53.4","8.4","45","97.31484213632339","true","36.05199999999999","30.129999999999992","50","46.6","84","500","466","895","564","429","5","66","64","4512","3298","91","717","406","71","808","56.4","8","8","1000","1997","3.994","83","4.866379110349456","0","38.9","3.6414141414141414","10","564","750"
"1406","BA","1000","2","0.1","50","0.1","0.5","1","legal","targeted","56.36274822196962","7","89.3214330490829","89.3214330490829","75","80","80","fixed","1","1","50","1592","26","50","21852948","v2.0-design-v1.0","53.5","9.9","43.6","96.9126727433108","true","36.174","29.34","50","46.5","99","500","465","911","564","446","4","58","56","4512","3296","105","701","410","62","806","56.4","8","8","1000","1997","3.994","79","4.979031507708566","0","40.8","3.6222222222222222","10","564","750"
"1407","BA","1000","2","0.1","50","0.1","0.5","1","legal","targeted","56.36274822196962","7","89.3214330490829","89.3214330490829","75","80","80","fixed","1","1","50","1592","27","50","21852949","v2.0-design-v1.0","52","7.8","44.2","97.4223784417106","true","35.385999999999996","30.049999999999997","50","48","78","500","480","912","564","432","7","63","62","4512","3326","88","701","397","70","789","56.4","8","8","1000","1997","3.994","94","5.464780675180632","0","43","3.6","10","564","750"
"1408","BA","1000","2","0.1","50","0.1","0.5","1","legal","targeted","56.36274822196962","7","89.3214330490829","89.3214330490829","75","80","80","fixed","1","1","50","1592","28","50","21852950","v2.0-design-v1.0","55.7","7.000000000000001","48.7","97.71080846131555","true","36.036","31.724","50","44.3","70","500","443","888","564","445","7","61","51","4512","3372","79","657","404","68","736","56.4","8","8","1000","1997","3.994","103","5.529967861076996","0","45.9","3.5707070707070705","10","564","750"
"1409","BA","1000","2","0.1","50","0.1","0.5","1","legal","targeted","56.36274822196962","7","89.3214330490829","89.3214330490829","75","80","80","fixed","1","1","50","1592","29","50","21852951","v2.0-design-v1.0","54.5","8.799999999999999","45.7","97.20404521118382","true","37.943999999999996","32.98","50","45.5","88","500","455","877","564","422","13","65","64","4512","3268","94","735","415","78","829","56.4","8","8","1000","1997","3.994","106","5.986301011459423","0","47.1","3.5585858585858587","10","564","750"
"1410","BA","1000","2","0.1","50","0.1","0.5","1","legal","targeted","56.36274822196962","7","89.3214330490829","89.3214330490829","75","80","80","fixed","1","1","50","1592","30","50","21852952","v2.0-design-v1.0","53.599999999999994","7.6","45.99999999999999","97.42103738046943","true","37.044000000000004","31.907999999999998","50","46.400000000000006","76","500","464","880","564","416","5","74","69","4512","3362","89","675","386","79","764","56.4","8","8","1000","1997","3.994","67","5.073233850484486","0","42.7","3.603030303030303","10","564","750"
"1411","BA","1000","2","0.1","50","0.1","0.5","1","legal","targeted","6.695347083341864","18","88.77635667370886","88.77635667370886","75","80","80","fixed","1","1","50","1593","1","50","21853923","v2.0-design-v1.0","0","0","0","100","true","4.991999999999999","4.991999999999999","50","100","0","500","1000","1000","0","0","0","0","0","201","171","0","12","18","0","12","0","3","3","1000","1997","3.994","69","4.893251261473077","0","39.5","3.6353535353535356","10","67","750"
"1412","BA","1000","2","0.1","50","0.1","0.5","1","legal","targeted","6.695347083341864","18","88.77635667370886","88.77635667370886","75","80","80","fixed","1","1","50","1593","2","50","21853924","v2.0-design-v1.0","0","0.3","-0.3","98.24561403508771","true","4.875999999999999","4.575999999999991","50","100","3","500","1000","1000","0","0","0","0","0","201","168","3","10","20","0","13","0","3","3","1000","1997","3.994","65","4.997693562128519","0","42.3","3.607070707070707","10","67","750"
"1413","BA","1000","2","0.1","50","0.1","0.5","1","legal","targeted","6.695347083341864","18","88.77635667370886","88.77635667370886","75","80","80","fixed","1","1","50","1593","3","50","21853925","v2.0-design-v1.0","0","0.2","-0.2","98.7878787878788","true","4.718000000000001","4.51800000000001","50","100","2","500","1000","1000","0","0","0","0","0","201","163","2","13","23","0","15","0","3","3","1000","1997","3.994","108","6.171389636868701","0","50.3","3.526262626262626","10","67","750"
"1414","BA","1000","2","0.1","50","0.1","0.5","1","legal","targeted","6.695347083341864","18","88.77635667370886","88.77635667370886","75","80","80","fixed","1","1","50","1593","4","50","21853926","v2.0-design-v1.0","0","0.1","-0.1","99.39024390243902","true","4.964","4.864","50","100","1","500","1000","1000","0","0","0","0","0","201","163","1","17","20","0","18","0","3","3","1000","1997","3.994","88","5.116457968374412","0","41.7","3.613131313131313","10","67","750"
"1415","BA","1000","2","0.1","50","0.1","0.5","1","legal","targeted","6.695347083341864","18","88.77635667370886","88.77635667370886","75","80","80","fixed","1","1","50","1593","5","50","21853927","v2.0-design-v1.0","0","0.2","-0.2","98.80239520958084","true","4.860000000000001","4.660000000000008","50","100","2","500","1000","1000","0","0","0","0","0","201","165","2","11","23","0","13","0","3","3","1000","1997","3.994","62","4.951007622340766","0","42.3","3.607070707070707","10","67","750"
"1416","BA","1000","2","0.1","50","0.1","0.5","1","legal","targeted","6.695347083341864","18","88.77635667370886","88.77635667370886","75","80","80","fixed","1","1","50","1593","6","50","21853928","v2.0-design-v1.0","0","0","0","100","true","4.6659999999999995","4.6659999999999995","50","100","0","500","1000","1000","0","0","0","0","0","201","166","0","14","21","0","14","0","3","3","1000","1997","3.994","67","5.0803320534954866","0","42.4","3.606060606060606","10","67","750"
"1418","BA","1000","2","0.1","50","0.1","0.5","1","legal","targeted","6.695347083341864","18","88.77635667370886","88.77635667370886","75","80","80","fixed","1","1","50","1593","8","50","21853930","v2.0-design-v1.0","0","0.3","-0.3","98.20359281437125","true","4.835999999999998","4.5359999999999925","50","100","3","500","1000","1000","0","0","0","0","0","201","164","3","15","19","0","18","0","3","3","1000","1997","3.994","60","4.717437675075116","0","38","3.6505050505050507","10","67","750"
"1417","BA","1000","2","0.1","50","0.1","0.5","1","legal","targeted","6.695347083341864","18","88.77635667370886","88.77635667370886","75","80","80","fixed","1","1","50","1593","7","50","21853929","v2.0-design-v1.0","0","0.3","-0.3","98.23529411764706","true","5.017999999999998","4.717999999999995","50","100","3","500","1000","1000","0","0","0","0","0","201","167","3","11","20","0","14","0","3","3","1000","1997","3.994","56","4.643870102568488","0","37.8","3.6525252525252525","10","67","750"
"1419","BA","1000","2","0.1","50","0.1","0.5","1","legal","targeted","6.695347083341864","18","88.77635667370886","88.77635667370886","75","80","80","fixed","1","1","50","1593","9","50","21853931","v2.0-design-v1.0","0","0.1","-0.1","99.40476190476191","true","4.858000000000001","4.758000000000004","50","100","1","500","1000","1000","0","0","0","0","0","201","167","1","14","19","0","15","0","3","3","1000","1997","3.994","74","5.217392565753994","0","43.4","3.595959595959596","10","67","750"
"1420","BA","1000","2","0.1","50","0.1","0.5","1","legal","targeted","6.695347083341864","18","88.77635667370886","88.77635667370886","75","80","80","fixed","1","1","50","1593","10","50","21853932","v2.0-design-v1.0","0","0.1","-0.1","99.40828402366864","true","5.094","4.9940000000000015","50","100","1","500","1000","1000","0","0","0","0","0","201","168","1","17","15","0","18","0","3","3","1000","1997","3.994","84","5.336332114893181","0","45.1","3.5787878787878786","10","67","750"
"1422","BA","1000","2","0.1","50","0.1","0.5","1","legal","targeted","6.695347083341864","18","88.77635667370886","88.77635667370886","75","80","80","fixed","1","1","50","1593","12","50","21853934","v2.0-design-v1.0","0","0.2","-0.2","98.77300613496932","true","4.947999999999999","4.748000000000004","50","100","2","500","1000","1000","0","0","0","0","0","201","161","2","17","21","0","19","0","3","3","1000","1997","3.994","80","4.858762349772983","0","38.7","3.6434343434343432","10","67","750"
"1421","BA","1000","2","0.1","50","0.1","0.5","1","legal","targeted","6.695347083341864","18","88.77635667370886","88.77635667370886","75","80","80","fixed","1","1","50","1593","11","50","21853933","v2.0-design-v1.0","0","0.2","-0.2","98.76543209876543","true","4.985999999999997","4.786000000000007","50","100","2","500","1000","1000","0","0","0","0","0","201","160","2","15","24","0","17","0","3","3","1000","1997","3.994","70","5.1790720005408994","0","43.7","3.592929292929293","10","67","750"
"1424","BA","1000","2","0.1","50","0.1","0.5","1","legal","targeted","6.695347083341864","18","88.77635667370886","88.77635667370886","75","80","80","fixed","1","1","50","1593","14","50","21853936","v2.0-design-v1.0","0","0.1","-0.1","99.40119760479041","true","4.9339999999999975","4.833999999999999","50","100","1","500","1000","1000","0","0","0","0","0","201","166","1","18","16","0","19","0","3","3","1000","1997","3.994","109","5.931369584265128","0","49.5","3.5343434343434343","10","67","750"
"1423","BA","1000","2","0.1","50","0.1","0.5","1","legal","targeted","6.695347083341864","18","88.77635667370886","88.77635667370886","75","80","80","fixed","1","1","50","1593","13","50","21853935","v2.0-design-v1.0","0","0","0","100","true","4.952000000000002","4.952000000000002","50","100","0","500","1000","1000","0","0","0","0","0","201","174","0","8","19","0","8","0","3","3","1000","1997","3.994","81","5.002898459192719","0","41.3","3.617171717171717","10","67","750"
"1425","BA","1000","2","0.1","50","0.1","0.5","1","legal","targeted","6.695347083341864","18","88.77635667370886","88.77635667370886","75","80","80","fixed","1","1","50","1593","15","50","21853937","v2.0-design-v1.0","0","0.3","-0.3","98.18181818181819","true","4.687999999999999","4.387999999999995","50","100","3","500","1000","1000","0","0","0","0","0","201","162","3","11","25","0","14","0","3","3","1000","1997","3.994","87","5.6460465674524665","0","47.6","3.5535353535353535","10","67","750"
"1426","BA","1000","2","0.1","50","0.1","0.5","1","legal","targeted","6.695347083341864","18","88.77635667370886","88.77635667370886","75","80","80","fixed","1","1","50","1593","16","50","21853938","v2.0-design-v1.0","0","0","0","100","true","4.942000000000002","4.942000000000002","50","100","0","500","1000","1000","0","0","0","0","0","201","175","0","8","18","0","8","0","3","3","1000","1997","3.994","69","4.895909918894942","0","38.7","3.6434343434343432","10","67","750"
"1428","BA","1000","2","0.1","50","0.1","0.5","1","legal","targeted","6.695347083341864","18","88.77635667370886","88.77635667370886","75","80","80","fixed","1","1","50","1593","18","50","21853940","v2.0-design-v1.0","0","0","0","100","true","4.929999999999999","4.929999999999999","50","100","0","500","1000","1000","0","0","0","0","0","201","148","0","16","37","0","16","0","3","3","1000","1997","3.994","96","5.6145781219507","0","48.5","3.5444444444444443","10","67","750"
"1427","BA","1000","2","0.1","50","0.1","0.5","1","legal","targeted","6.695347083341864","18","88.77635667370886","88.77635667370886","75","80","80","fixed","1","1","50","1593","17","50","21853939","v2.0-design-v1.0","0","0.1","-0.1","99.40119760479041","true","4.790000000000001","4.690000000000002","50","100","1","500","1000","1000","0","0","0","0","0","201","166","1","15","19","0","16","0","3","3","1000","1997","3.994","71","5.264188035744507","0","44.4","3.585858585858586","10","67","750"
"1430","BA","1000","2","0.1","50","0.1","0.5","1","legal","targeted","6.695347083341864","18","88.77635667370886","88.77635667370886","75","80","80","fixed","1","1","50","1593","20","50","21853942","v2.0-design-v1.0","0","0.6","-0.6","96.44970414201184","true","5.255999999999999","4.656000000000002","50","100","6","500","1000","1000","0","0","0","0","0","201","163","6","10","22","0","16","0","3","3","1000","1997","3.994","74","4.927092473278757","0","40.6","3.624242424242424","10","67","750"
"1429","BA","1000","2","0.1","50","0.1","0.5","1","legal","targeted","6.695347083341864","18","88.77635667370886","88.77635667370886","75","80","80","fixed","1","1","50","1593","19","50","21853941","v2.0-design-v1.0","0","0.3","-0.3","98.14814814814815","true","5.403999999999999","5.104","50","100","3","500","1000","1000","0","0","0","0","0","201","159","3","15","24","0","18","0","3","3","1000","1997","3.994","81","5.218159943236036","0","43.5","3.594949494949495","10","67","750"
"1431","BA","1000","2","0.1","50","0.1","0.5","1","legal","targeted","6.695347083341864","18","88.77635667370886","88.77635667370886","75","80","80","fixed","1","1","50","1593","21","50","21853943","v2.0-design-v1.0","0","0.1","-0.1","99.3975903614458","true","4.796000000000001","4.6960000000000015","50","100","1","500","1000","1000","0","0","0","0","0","201","165","1","11","24","0","12","0","3","3","1000","1997","3.994","83","5.301893442353781","0","42.5","3.605050505050505","10","67","750"
"1432","BA","1000","2","0.1","50","0.1","0.5","1","legal","targeted","6.695347083341864","18","88.77635667370886","88.77635667370886","75","80","80","fixed","1","1","50","1593","22","50","21853944","v2.0-design-v1.0","0","0.3","-0.3","98.27586206896551","true","4.488","4.187999999999993","50","100","3","500","1000","1000","0","0","0","0","0","201","171","3","10","17","0","13","0","3","3","1000","1997","3.994","62","5.237498963760784","0","46.4","3.5656565656565657","10","67","750"
"1433","BA","1000","2","0.1","50","0.1","0.5","1","legal","targeted","6.695347083341864","18","88.77635667370886","88.77635667370886","75","80","80","fixed","1","1","50","1593","23","50","21853945","v2.0-design-v1.0","0","0.2","-0.2","98.79518072289156","true","5.1960000000000015","4.996000000000006","50","100","2","500","1000","1000","0","0","0","0","0","201","164","2","15","20","0","17","0","3","3","1000","1997","3.994","76","5.521816227877777","0","48.3","3.5464646464646465","10","67","750"
"1434","BA","1000","2","0.1","50","0.1","0.5","1","legal","targeted","6.695347083341864","18","88.77635667370886","88.77635667370886","75","80","80","fixed","1","1","50","1593","24","50","21853946","v2.0-design-v1.0","0","0.2","-0.2","98.87640449438202","true","5.134000000000001","4.9340000000000055","50","100","2","500","1000","1000","0","0","0","0","0","201","176","2","13","10","0","15","0","3","3","1000","1997","3.994","114","5.69494481065412","0","46.1","3.5686868686868687","10","67","750"
"1436","BA","1000","2","0.1","50","0.1","0.5","1","legal","targeted","6.695347083341864","18","88.77635667370886","88.77635667370886","75","80","80","fixed","1","1","50","1593","26","50","21853948","v2.0-design-v1.0","0","0.3","-0.3","98.19277108433735","true","4.688","4.387999999999993","50","100","3","500","1000","1000","0","0","0","0","0","201","163","3","11","24","0","14","0","3","3","1000","1997","3.994","81","5.475211588782833","0","45","3.5797979797979798","10","67","750"
"1435","BA","1000","2","0.1","50","0.1","0.5","1","legal","targeted","6.695347083341864","18","88.77635667370886","88.77635667370886","75","80","80","fixed","1","1","50","1593","25","50","21853947","v2.0-design-v1.0","0","0","0","100","true","4.726000000000002","4.726000000000002","50","100","0","500","1000","1000","0","0","0","0","0","201","169","0","7","25","0","7","0","3","3","1000","1997","3.994","84","5.4710050169869024","0","45.7","3.5727272727272728","10","67","750"
"1437","BA","1000","2","0.1","50","0.1","0.5","1","legal","targeted","6.695347083341864","18","88.77635667370886","88.77635667370886","75","80","80","fixed","1","1","50","1593","27","50","21853949","v2.0-design-v1.0","0","0.3","-0.3","98.20359281437125","true","5.186000000000002","4.885999999999993","50","100","3","500","1000","1000","0","0","0","0","0","201","164","3","9","25","0","12","0","3","3","1000","1997","3.994","107","5.374462656754509","0","42.1","3.609090909090909","10","67","750"
"1438","BA","1000","2","0.1","50","0.1","0.5","1","legal","targeted","6.695347083341864","18","88.77635667370886","88.77635667370886","75","80","80","fixed","1","1","50","1593","28","50","21853950","v2.0-design-v1.0","0","0","0","100","true","5.019999999999998","5.019999999999998","50","100","0","500","1000","1000","0","0","0","0","0","201","173","0","13","15","0","13","0","3","3","1000","1997","3.994","101","5.274825853787753","0","42","3.61010101010101","10","67","750"
"1440","BA","1000","2","0.1","50","0.1","0.5","1","legal","targeted","6.695347083341864","18","88.77635667370886","88.77635667370886","75","80","80","fixed","1","1","50","1593","30","50","21853952","v2.0-design-v1.0","0","0.3","-0.3","98.22485207100591","true","5.2639999999999985","4.963999999999993","50","100","3","500","1000","1000","0","0","0","0","0","201","166","3","14","18","0","17","0","3","3","1000","1997","3.994","108","5.456164745838752","0","43.9","3.590909090909091","10","67","750"
"1439","BA","1000","2","0.1","50","0.1","0.5","1","legal","targeted","6.695347083341864","18","88.77635667370886","88.77635667370886","75","80","80","fixed","1","1","50","1593","29","50","21853951","v2.0-design-v1.0","0","0.3","-0.3","98.13664596273291","true","5.096000000000001","4.795999999999993","50","100","3","500","1000","1000","0","0","0","0","0","201","158","3","11","29","0","14","0","3","3","1000","1997","3.994","52","4.414686110410727","0","35.2","3.6787878787878787","10","67","750"
"1441","BA","1000","2","0.1","50","0.1","0.5","1","legal","targeted","59.215464815239756","18","90.29950301722607","90.29950301722607","75","80","80","fixed","1","1","50","1594","1","50","21854923","v2.0-design-v1.0","2","3.5000000000000004","-1.5000000000000004","97.44318181818183","true","20.150000000000002","16.650000000000002","50","98","35","500","980","980","0","0","0","0","0","1776","1372","36","224","144","0","260","0","3","3","1000","1997","3.994","77","5.037592812181355","0","41.9","3.611111111111111","10","592","750"
"1442","BA","1000","2","0.1","50","0.1","0.5","1","legal","targeted","59.215464815239756","18","90.29950301722607","90.29950301722607","75","80","80","fixed","1","1","50","1594","2","50","21854924","v2.0-design-v1.0","2.5","2.3","0.20000000000000018","98.36647727272727","true","18.906000000000002","16.642000000000003","50","97.5","23","500","975","975","0","0","0","0","0","1776","1385","23","215","153","0","238","0","3","3","1000","1997","3.994","106","6.132990916149959","0","53","3.498989898989899","10","592","750"
"1443","BA","1000","2","0.1","50","0.1","0.5","1","legal","targeted","59.215464815239756","18","90.29950301722607","90.29950301722607","75","80","80","fixed","1","1","50","1594","3","50","21854925","v2.0-design-v1.0","2.1000000000000085","2.7","-0.5999999999999917","98.10791871058164","true","19.940000000000005","17.311999999999998","50","97.89999999999999","27","500","979","979","0","0","0","0","0","1776","1400","27","218","131","0","245","0","3","3","1000","1997","3.994","67","5.11626232127909","0","43.8","3.591919191919192","10","592","750"
"1444","BA","1000","2","0.1","50","0.1","0.5","1","legal","targeted","59.215464815239756","18","90.29950301722607","90.29950301722607","75","80","80","fixed","1","1","50","1594","4","50","21854926","v2.0-design-v1.0","1.7999999999999972","2.7","-0.900000000000003","98.0796586059744","true","19.371999999999993","16.708","50","98.2","27","500","982","982","0","0","0","0","0","1776","1379","27","216","154","0","243","0","3","3","1000","1997","3.994","91","5.268179734758257","0","42.4","3.606060606060606","10","592","750"
"1445","BA","1000","2","0.1","50","0.1","0.5","1","legal","targeted","59.215464815239756","18","90.29950301722607","90.29950301722607","75","80","80","fixed","1","1","50","1594","5","50","21854927","v2.0-design-v1.0","2","2.6","-0.6000000000000001","98.1638418079096","true","21.322000000000003","18.793999999999997","50","98","26","500","980","980","0","0","0","0","0","1776","1390","26","219","141","0","245","0","3","3","1000","1997","3.994","76","4.767671831690452","0","37.9","3.6515151515151514","10","592","750"
"1446","BA","1000","2","0.1","50","0.1","0.5","1","legal","targeted","59.215464815239756","18","90.29950301722607","90.29950301722607","75","80","80","fixed","1","1","50","1594","6","50","21854928","v2.0-design-v1.0","2.6000000000000085","2.1999999999999997","0.4000000000000088","98.39533187454413","true","19.346","17.254000000000005","50","97.39999999999999","22","500","974","974","0","0","0","0","0","1776","1349","22","238","167","0","260","0","3","3","1000","1997","3.994","63","5.056830582047953","0","42.4","3.606060606060606","10","592","750"
"1447","BA","1000","2","0.1","50","0.1","0.5","1","legal","targeted","59.215464815239756","18","90.29950301722607","90.29950301722607","75","80","80","fixed","1","1","50","1594","7","50","21854929","v2.0-design-v1.0","2.799999999999997","2.5","0.29999999999999716","98.20916905444126","true","19.536000000000005","17.108000000000008","50","97.2","25","500","972","972","0","0","0","0","0","1776","1371","25","221","159","0","246","0","3","3","1000","1997","3.994","80","5.124082378360065","0","41.8","3.6121212121212123","10","592","750"
"1448","BA","1000","2","0.1","50","0.1","0.5","1","legal","targeted","59.215464815239756","18","90.29950301722607","90.29950301722607","75","80","80","fixed","1","1","50","1594","8","50","21854930","v2.0-design-v1.0","2","1.7000000000000002","0.2999999999999998","98.78136200716845","true","19.726000000000006","18.026","50","98","17","500","980","980","0","0","0","0","0","1776","1378","17","241","140","0","258","0","3","3","1000","1997","3.994","77","5.193162132355663","0","44.8","3.581818181818182","10","592","750"
"1449","BA","1000","2","0.1","50","0.1","0.5","1","legal","targeted","59.215464815239756","18","90.29950301722607","90.29950301722607","75","80","80","fixed","1","1","50","1594","9","50","21854931","v2.0-design-v1.0","2.6000000000000085","2.6","8.43769498715119E-15","98.17287420941673","true","19.634000000000004","17.033999999999995","50","97.39999999999999","26","500","974","974","0","0","0","0","0","1776","1397","26","212","141","0","238","0","3","3","1000","1997","3.994","60","4.977020668505872","0","42.3","3.607070707070707","10","592","750"
"1450","BA","1000","2","0.1","50","0.1","0.5","1","legal","targeted","59.215464815239756","18","90.29950301722607","90.29950301722607","75","80","80","fixed","1","1","50","1594","10","50","21854932","v2.0-design-v1.0","1.5999999999999943","2.5","-0.9000000000000057","98.23446327683615","true","19.548000000000002","17.12","50","98.4","25","500","984","984","0","0","0","0","0","1776","1391","25","202","158","0","227","0","3","3","1000","1997","3.994","90","5.462948636753575","0","45.3","3.576767676767677","10","592","750"
"1451","BA","1000","2","0.1","50","0.1","0.5","1","legal","targeted","59.215464815239756","18","90.29950301722607","90.29950301722607","75","80","80","fixed","1","1","50","1594","11","50","21854933","v2.0-design-v1.0","1.2999999999999972","2.1999999999999997","-0.9000000000000026","98.44082211197733","true","19.836","17.743999999999996","50","98.7","22","500","987","987","0","0","0","0","0","1776","1389","22","221","144","0","243","0","3","3","1000","1997","3.994","73","5.211441559024054","0","44","3.5898989898989897","10","592","750"
"1452","BA","1000","2","0.1","50","0.1","0.5","1","legal","targeted","59.215464815239756","18","90.29950301722607","90.29950301722607","75","80","80","fixed","1","1","50","1594","12","50","21854934","v2.0-design-v1.0","2.200000000000003","2.5","-0.29999999999999716","98.20659971305595","true","20.308000000000003","17.844000000000005","50","97.8","25","500","978","978","0","0","0","0","0","1776","1369","25","233","149","0","258","0","3","3","1000","1997","3.994","57","5.053266220920821","0","43.4","3.595959595959596","10","592","750"
"1453","BA","1000","2","0.1","50","0.1","0.5","1","legal","targeted","59.215464815239756","18","90.29950301722607","90.29950301722607","75","80","80","fixed","1","1","50","1594","13","50","21854935","v2.0-design-v1.0","2.1000000000000085","1.7999999999999998","0.3000000000000087","98.71977240398293","true","19.714000000000002","17.913999999999994","50","97.89999999999999","18","500","979","979","0","0","0","0","0","1776","1388","18","218","152","0","236","0","3","3","1000","1997","3.994","76","5.097248860507585","0","42.8","3.602020202020202","10","592","750"
"1454","BA","1000","2","0.1","50","0.1","0.5","1","legal","targeted","59.215464815239756","18","90.29950301722607","90.29950301722607","75","80","80","fixed","1","1","50","1594","14","50","21854936","v2.0-design-v1.0","1.5999999999999943","2.8000000000000003","-1.200000000000006","98.00285306704708","true","18.889999999999997","16.162000000000006","50","98.4","28","500","984","984","0","0","0","0","0","1776","1374","28","211","163","0","239","0","3","3","1000","1997","3.994","75","5.1703671723289215","0","44.9","3.580808080808081","10","592","750"
"1455","BA","1000","2","0.1","50","0.1","0.5","1","legal","targeted","59.215464815239756","18","90.29950301722607","90.29950301722607","75","80","80","fixed","1","1","50","1594","15","50","21854937","v2.0-design-v1.0","1.9000000000000057","1.7000000000000002","0.2000000000000055","98.77873563218391","true","18.722","17.093999999999998","50","98.1","17","500","981","981","0","0","0","0","0","1776","1375","17","231","153","0","248","0","3","3","1000","1997","3.994","62","4.911220223537524","0","41.8","3.6121212121212123","10","592","750"
"1456","BA","1000","2","0.1","50","0.1","0.5","1","legal","targeted","59.215464815239756","18","90.29950301722607","90.29950301722607","75","80","80","fixed","1","1","50","1594","16","50","21854938","v2.0-design-v1.0","1.5","2.3","-0.7999999999999998","98.36182336182337","true","19.408","17.108","50","98.5","23","500","985","985","0","0","0","0","0","1776","1381","23","221","151","0","244","0","3","3","1000","1997","3.994","65","5.163198874982693","0","43.4","3.595959595959596","10","592","750"
"1458","BA","1000","2","0.1","50","0.1","0.5","1","legal","targeted","59.215464815239756","18","90.29950301722607","90.29950301722607","75","80","80","fixed","1","1","50","1594","18","50","21854940","v2.0-design-v1.0","2.4000000000000057","2.1999999999999997","0.20000000000000595","98.44632768361582","true","20.058000000000003","17.894","50","97.6","22","500","976","976","0","0","0","0","0","1776","1394","22","222","138","0","244","0","3","3","1000","1997","3.994","82","5.554350980521014","0","48.4","3.5454545454545454","10","592","750"
"1457","BA","1000","2","0.1","50","0.1","0.5","1","legal","targeted","59.215464815239756","18","90.29950301722607","90.29950301722607","75","80","80","fixed","1","1","50","1594","17","50","21854939","v2.0-design-v1.0","1.2999999999999972","2.8000000000000003","-1.500000000000003","97.94908062234795","true","19.232","16.432","50","98.7","28","500","987","987","0","0","0","0","0","1776","1385","29","206","156","0","235","0","3","3","1000","1997","3.994","76","5.256385982173827","0","44.7","3.5828282828282827","10","592","750"
"1459","BA","1000","2","0.1","50","0.1","0.5","1","legal","targeted","59.215464815239756","18","90.29950301722607","90.29950301722607","75","80","80","fixed","1","1","50","1594","19","50","21854941","v2.0-design-v1.0","2.9000000000000057","1.7999999999999998","1.1000000000000059","98.7551867219917","true","19.983999999999995","18.220000000000002","50","97.1","18","500","971","971","0","0","0","0","0","1776","1428","18","205","125","0","223","0","3","3","1000","1997","3.994","112","5.607085107558407","0","45.3","3.576767676767677","10","592","750"
"1460","BA","1000","2","0.1","50","0.1","0.5","1","legal","targeted","59.215464815239756","18","90.29950301722607","90.29950301722607","75","80","80","fixed","1","1","50","1594","20","50","21854942","v2.0-design-v1.0","1","2.1999999999999997","-1.1999999999999997","98.43081312410843","true","20.282000000000004","18.118","50","99","22","500","990","990","0","0","0","0","0","1776","1380","22","219","155","0","241","0","3","3","1000","1997","3.994","75","5.037990208937014","0","41.3","3.617171717171717","10","592","750"
"1462","BA","1000","2","0.1","50","0.1","0.5","1","legal","targeted","59.215464815239756","18","90.29950301722607","90.29950301722607","75","80","80","fixed","1","1","50","1594","22","50","21854944","v2.0-design-v1.0","2.6000000000000085","2.3","0.3000000000000087","98.36182336182337","true","19.958000000000002","17.694","50","97.39999999999999","23","500","974","974","0","0","0","0","0","1776","1381","23","211","161","0","234","0","3","3","1000","1997","3.994","107","5.379675167229415","0","41.6","3.614141414141414","10","592","750"
"1461","BA","1000","2","0.1","50","0.1","0.5","1","legal","targeted","59.215464815239756","18","90.29950301722607","90.29950301722607","75","80","80","fixed","1","1","50","1594","21","50","21854943","v2.0-design-v1.0","2.200000000000003","2.6","-0.39999999999999725","98.19569743233866","true","19.151999999999997","16.552","50","97.8","26","500","978","978","0","0","0","0","0","1776","1415","26","186","149","0","212","0","3","3","1000","1997","3.994","76","5.395468012607892","0","46.8","3.5616161616161617","10","592","750"
"1464","BA","1000","2","0.1","50","0.1","0.5","1","legal","targeted","59.215464815239756","18","90.29950301722607","90.29950301722607","75","80","80","fixed","1","1","50","1594","24","50","21854946","v2.0-design-v1.0","2","1.6","0.3999999999999999","98.86685552407933","true","20.22","18.692000000000004","50","98","16","500","980","980","0","0","0","0","0","1776","1396","16","211","153","0","227","0","3","3","1000","1997","3.994","112","5.768989967511224","0","47","3.5595959595959594","10","592","750"
"1463","BA","1000","2","0.1","50","0.1","0.5","1","legal","targeted","59.215464815239756","18","90.29950301722607","90.29950301722607","75","80","80","fixed","1","1","50","1594","23","50","21854945","v2.0-design-v1.0","1.7999999999999972","3.1","-1.300000000000003","97.82913165266106","true","18.842000000000002","15.814000000000005","50","98.2","31","500","982","982","0","0","0","0","0","1776","1397","31","205","143","0","236","0","3","3","1000","1997","3.994","81","5.601905510212149","0","48.7","3.5424242424242425","10","592","750"
"1465","BA","1000","2","0.1","50","0.1","0.5","1","legal","targeted","59.215464815239756","18","90.29950301722607","90.29950301722607","75","80","80","fixed","1","1","50","1594","25","50","21854947","v2.0-design-v1.0","2.4000000000000057","1.7999999999999998","0.6000000000000059","98.72430900070871","true","20.515999999999995","18.752000000000002","50","97.6","18","500","976","976","0","0","0","0","0","1776","1393","18","220","145","0","238","0","3","3","1000","1997","3.994","72","5.3141513155163445","0","45.8","3.5717171717171716","10","592","750"
"1466","BA","1000","2","0.1","50","0.1","0.5","1","legal","targeted","59.215464815239756","18","90.29950301722607","90.29950301722607","75","80","80","fixed","1","1","50","1594","26","50","21854948","v2.0-design-v1.0","2.200000000000003","2.9000000000000004","-0.6999999999999975","97.94180269694819","true","20.022000000000002","17.157999999999998","50","97.8","29","500","978","978","0","0","0","0","0","1776","1380","29","212","155","0","241","0","3","3","1000","1997","3.994","74","5.162035510398053","0","42.7","3.603030303030303","10","592","750"
"1467","BA","1000","2","0.1","50","0.1","0.5","1","legal","targeted","59.215464815239756","18","90.29950301722607","90.29950301722607","75","80","80","fixed","1","1","50","1594","27","50","21854949","v2.0-design-v1.0","2.200000000000003","2.1","0.10000000000000275","98.50533807829181","true","19.468","17.368000000000002","50","97.8","21","500","978","978","0","0","0","0","0","1776","1384","21","229","142","0","250","0","3","3","1000","1997","3.994","69","4.8682300339716456","0","39.6","3.6343434343434344","10","592","750"
"1468","BA","1000","2","0.1","50","0.1","0.5","1","legal","targeted","59.215464815239756","18","90.29950301722607","90.29950301722607","75","80","80","fixed","1","1","50","1594","28","50","21854950","v2.0-design-v1.0","2","2.6","-0.6000000000000001","98.19444444444444","true","19.671999999999997","17.07200000000001","50","98","26","500","980","980","0","0","0","0","0","1776","1414","26","209","127","0","235","0","3","3","1000","1997","3.994","60","4.660867696865852","0","37.5","3.6555555555555554","10","592","750"
"1469","BA","1000","2","0.1","50","0.1","0.5","1","legal","targeted","59.215464815239756","18","90.29950301722607","90.29950301722607","75","80","80","fixed","1","1","50","1594","29","50","21854951","v2.0-design-v1.0","1.5999999999999943","2","-0.4000000000000057","98.51380042462846","true","20.56","18.560000000000002","50","98.4","20","500","984","984","0","0","0","0","0","1776","1392","21","217","146","0","238","0","3","3","1000","1997","3.994","63","4.796766929190208","0","39.2","3.6383838383838385","10","592","750"
"1470","BA","1000","2","0.1","50","0.1","0.5","1","legal","targeted","59.215464815239756","18","90.29950301722607","90.29950301722607","75","80","80","fixed","1","1","50","1594","30","50","21854952","v2.0-design-v1.0","1.5999999999999943","1.5","0.09999999999999432","98.94217207334273","true","19.444000000000006","17.944000000000006","50","98.4","15","500","984","984","0","0","0","0","0","1776","1403","15","222","136","0","237","0","3","3","1000","1997","3.994","99","5.672401620137637","0","47.7","3.5525252525252524","10","592","750"
"1472","BA","1000","2","0.1","50","0.1","0.5","1","legal","targeted","8.543548979203234","8","87.08228738354437","87.08228738354437","75","80","80","fixed","1","1","50","1595","2","50","21855924","v2.0-design-v1.0","1.9000000000000057","0.2","1.7000000000000057","99.60396039603961","true","6.452000000000003","6.252000000000004","50","98.1","2","500","981","981","0","0","0","0","0","595","503","2","22","68","0","24","0","7","7","1000","1997","3.994","63","5.117240481954122","0","43.7","3.592929292929293","10","85","750"
"1471","BA","1000","2","0.1","50","0.1","0.5","1","legal","targeted","8.543548979203234","8","87.08228738354437","87.08228738354437","75","80","80","fixed","1","1","50","1595","1","50","21855923","v2.0-design-v1.0","2.799999999999997","0.5","2.299999999999997","98.99598393574297","true","6.072000000000002","5.571999999999999","50","97.2","5","500","972","972","0","0","0","0","0","595","493","5","19","78","0","24","0","7","7","1000","1997","3.994","89","5.7826813333784335","0","49.5","3.5343434343434343","10","85","750"
"1474","BA","1000","2","0.1","50","0.1","0.5","1","legal","targeted","8.543548979203234","8","87.08228738354437","87.08228738354437","75","80","80","fixed","1","1","50","1595","4","50","21855926","v2.0-design-v1.0","2.700000000000003","0.3","2.400000000000003","99.3963782696177","true","6.013999999999999","5.713999999999993","50","97.3","3","500","973","973","0","0","0","0","0","595","494","3","24","74","0","27","0","7","7","1000","1997","3.994","83","4.9191627501193835","0","38","3.6505050505050507","10","85","750"
"1473","BA","1000","2","0.1","50","0.1","0.5","1","legal","targeted","8.543548979203234","8","87.08228738354437","87.08228738354437","75","80","80","fixed","1","1","50","1595","3","50","21855925","v2.0-design-v1.0","2.9000000000000057","0.2","2.7000000000000055","99.60629921259843","true","6.225999999999999","6.026000000000002","50","97.1","2","500","971","971","0","0","0","0","0","595","506","2","21","66","0","23","0","7","7","1000","1997","3.994","83","5.2409380297263","0","43.2","3.597979797979798","10","85","750"
"1476","BA","1000","2","0.1","50","0.1","0.5","1","legal","targeted","8.543548979203234","8","87.08228738354437","87.08228738354437","75","80","80","fixed","1","1","50","1595","6","50","21855928","v2.0-design-v1.0","2.5","0","2.5","100","true","6.05","6.05","50","97.5","0","500","975","975","0","0","0","0","0","595","506","0","17","72","0","17","0","7","7","1000","1997","3.994","122","5.834209629590124","0","47.5","3.5545454545454547","10","85","750"
"1475","BA","1000","2","0.1","50","0.1","0.5","1","legal","targeted","8.543548979203234","8","87.08228738354437","87.08228738354437","75","80","80","fixed","1","1","50","1595","5","50","21855927","v2.0-design-v1.0","2.799999999999997","0.5","2.299999999999997","98.99598393574297","true","6.215999999999997","5.715999999999999","50","97.2","5","500","972","972","0","0","0","0","0","595","493","5","20","77","0","25","0","7","7","1000","1997","3.994","69","5.111368710051157","0","44.1","3.588888888888889","10","85","750"
"1477","BA","1000","2","0.1","50","0.1","0.5","1","legal","targeted","8.543548979203234","8","87.08228738354437","87.08228738354437","75","80","80","fixed","1","1","50","1595","7","50","21855929","v2.0-design-v1.0","2.299999999999997","0.4","1.8999999999999972","99.21414538310412","true","6.290000000000001","5.8900000000000015","50","97.7","4","500","977","977","0","0","0","0","0","595","505","4","15","71","0","19","0","7","7","1000","1997","3.994","83","4.91692384933304","0","39.3","3.6373737373737374","10","85","750"
"1478","BA","1000","2","0.1","50","0.1","0.5","1","legal","targeted","8.543548979203234","8","87.08228738354437","87.08228738354437","75","80","80","fixed","1","1","50","1595","8","50","21855930","v2.0-design-v1.0","2.299999999999997","0.1","2.199999999999997","99.79797979797979","true","6.484000000000001","6.383999999999995","50","97.7","1","500","977","977","0","0","0","0","0","595","494","1","18","82","0","19","0","7","7","1000","1997","3.994","77","5.036996658261277","0","42.2","3.608080808080808","10","85","750"
"1479","BA","1000","2","0.1","50","0.1","0.5","1","legal","targeted","8.543548979203234","8","87.08228738354437","87.08228738354437","75","80","80","fixed","1","1","50","1595","9","50","21855931","v2.0-design-v1.0","2.4000000000000057","0.4","2.0000000000000058","99.20477137176938","true","6.503999999999999","6.1040000000000045","50","97.6","4","500","976","976","0","0","0","0","0","595","499","4","15","77","0","19","0","7","7","1000","1997","3.994","80","5.441284000267902","0","45.7","3.5727272727272728","10","85","750"
"1480","BA","1000","2","0.1","50","0.1","0.5","1","legal","targeted","8.543548979203234","8","87.08228738354437","87.08228738354437","75","80","80","fixed","1","1","50","1595","10","50","21855932","v2.0-design-v1.0","2.5","0.3","2.2","99.38900203665987","true","6.339999999999996","6.039999999999995","50","97.5","3","500","975","975","0","0","0","0","0","595","488","3","18","86","0","21","0","7","7","1000","1997","3.994","68","4.878500155146428","0","38.9","3.6414141414141414","10","85","750"
"1481","BA","1000","2","0.1","50","0.1","0.5","1","legal","targeted","8.543548979203234","8","87.08228738354437","87.08228738354437","75","80","80","fixed","1","1","50","1595","11","50","21855933","v2.0-design-v1.0","2.6000000000000085","0.4","2.2000000000000086","99.1701244813278","true","5.956000000000001","5.556000000000001","50","97.39999999999999","4","500","974","974","0","0","0","0","0","595","478","4","24","89","0","28","0","7","7","1000","1997","3.994","90","5.715998306213581","0","47.7","3.5525252525252524","10","85","750"
"1482","BA","1000","2","0.1","50","0.1","0.5","1","legal","targeted","8.543548979203234","8","87.08228738354437","87.08228738354437","75","80","80","fixed","1","1","50","1595","12","50","21855934","v2.0-design-v1.0","2.5","0","2.5","100","true","5.617999999999999","5.617999999999999","50","97.5","0","500","975","975","0","0","0","0","0","595","501","0","28","66","0","28","0","7","7","1000","1997","3.994","74","5.262856796613562","0","45.3","3.576767676767677","10","85","750"
"1484","BA","1000","2","0.1","50","0.1","0.5","1","legal","targeted","8.543548979203234","8","87.08228738354437","87.08228738354437","75","80","80","fixed","1","1","50","1595","14","50","21855936","v2.0-design-v1.0","3","0.3","2.7","99.40944881889764","true","6.406000000000006","6.105999999999999","50","97","3","500","970","970","0","0","0","0","0","595","505","3","20","67","0","23","0","7","7","1000","1997","3.994","64","4.752320333116072","0","39.3","3.6373737373737374","10","85","750"
"1483","BA","1000","2","0.1","50","0.1","0.5","1","legal","targeted","8.543548979203234","8","87.08228738354437","87.08228738354437","75","80","80","fixed","1","1","50","1595","13","50","21855935","v2.0-design-v1.0","2.5","0.2","2.3","99.609375","true","6.133999999999999","5.934000000000003","50","97.5","2","500","975","975","0","0","0","0","0","595","510","2","19","64","0","21","0","7","7","1000","1997","3.994","96","5.401957529002338","0","42.4","3.606060606060606","10","85","750"
"1485","BA","1000","2","0.1","50","0.1","0.5","1","legal","targeted","8.543548979203234","8","87.08228738354437","87.08228738354437","75","80","80","fixed","1","1","50","1595","15","50","21855937","v2.0-design-v1.0","2.799999999999997","0.7000000000000001","2.099999999999997","98.64077669902913","true","6.344000000000002","5.644000000000003","50","97.2","7","500","972","972","0","0","0","0","0","595","508","7","16","64","0","23","0","7","7","1000","1997","3.994","100","6.01981745588706","0","48.3","3.5464646464646465","10","85","750"
"1486","BA","1000","2","0.1","50","0.1","0.5","1","legal","targeted","8.543548979203234","8","87.08228738354437","87.08228738354437","75","80","80","fixed","1","1","50","1595","16","50","21855938","v2.0-design-v1.0","3","0.3","2.7","99.41747572815534","true","6.344000000000002","6.043999999999998","50","97","3","500","970","970","0","0","0","0","0","595","512","3","16","64","0","19","0","7","7","1000","1997","3.994","87","5.393055631926019","0","43.4","3.595959595959596","10","85","750"
"1488","BA","1000","2","0.1","50","0.1","0.5","1","legal","targeted","8.543548979203234","8","87.08228738354437","87.08228738354437","75","80","80","fixed","1","1","50","1595","18","50","21855940","v2.0-design-v1.0","1.5999999999999943","0","1.5999999999999943","100","true","6.14","6.14","50","98.4","0","500","984","984","0","0","0","0","0","595","506","0","14","75","0","14","0","7","7","1000","1997","3.994","58","4.603820061553132","0","37.3","3.6575757575757577","10","85","750"
"1487","BA","1000","2","0.1","50","0.1","0.5","1","legal","targeted","8.543548979203234","8","87.08228738354437","87.08228738354437","75","80","80","fixed","1","1","50","1595","17","50","21855939","v2.0-design-v1.0","2.9000000000000057","0","2.9000000000000057","100","true","5.655999999999997","5.655999999999997","50","97.1","0","500","971","971","0","0","0","0","0","595","500","0","22","73","0","22","0","7","7","1000","1997","3.994","90","5.2357785836852635","0","42.3","3.607070707070707","10","85","750"
"1489","BA","1000","2","0.1","50","0.1","0.5","1","legal","targeted","8.543548979203234","8","87.08228738354437","87.08228738354437","75","80","80","fixed","1","1","50","1595","19","50","21855941","v2.0-design-v1.0","3.1000000000000085","0.5","2.6000000000000085","99.01185770750988","true","5.970000000000004","5.470000000000002","50","96.89999999999999","5","500","969","969","0","0","0","0","0","595","501","5","16","73","0","21","0","7","7","1000","1997","3.994","89","5.829918691710202","0","48.7","3.5424242424242425","10","85","750"
"1490","BA","1000","2","0.1","50","0.1","0.5","1","legal","targeted","8.543548979203234","8","87.08228738354437","87.08228738354437","75","80","80","fixed","1","1","50","1595","20","50","21855942","v2.0-design-v1.0","2","0.3","1.7","99.40239043824701","true","6.152","5.851999999999995","50","98","3","500","980","980","0","0","0","0","0","595","499","3","25","68","0","28","0","7","7","1000","1997","3.994","62","4.800521743415909","0","39.9","3.6313131313131315","10","85","750"
"1491","BA","1000","2","0.1","50","0.1","0.5","1","legal","targeted","8.543548979203234","8","87.08228738354437","87.08228738354437","75","80","80","fixed","1","1","50","1595","21","50","21855943","v2.0-design-v1.0","2.299999999999997","0.1","2.199999999999997","99.80353634577604","true","5.747999999999999","5.647999999999999","50","97.7","1","500","977","977","0","0","0","0","0","595","508","1","22","64","0","23","0","7","7","1000","1997","3.994","96","5.441100033041985","0","44","3.5898989898989897","10","85","750"
"1492","BA","1000","2","0.1","50","0.1","0.5","1","legal","targeted","8.543548979203234","8","87.08228738354437","87.08228738354437","75","80","80","fixed","1","1","50","1595","22","50","21855944","v2.0-design-v1.0","2.9000000000000057","0.1","2.8000000000000056","99.8015873015873","true","6.126000000000001","6.025999999999994","50","97.1","1","500","971","971","0","0","0","0","0","595","503","1","11","80","0","12","0","7","7","1000","1997","3.994","69","5.008097946830207","0","40.2","3.628282828282828","10","85","750"
"1493","BA","1000","2","0.1","50","0.1","0.5","1","legal","targeted","8.543548979203234","8","87.08228738354437","87.08228738354437","75","80","80","fixed","1","1","50","1595","23","50","21855945","v2.0-design-v1.0","2.799999999999997","0.4","2.3999999999999972","99.17525773195877","true","5.8","5.400000000000001","50","97.2","4","500","972","972","0","0","0","0","0","595","481","4","21","89","0","25","0","7","7","1000","1997","3.994","81","5.541179357200825","0","47.5","3.5545454545454547","10","85","750"
"1494","BA","1000","2","0.1","50","0.1","0.5","1","legal","targeted","8.543548979203234","8","87.08228738354437","87.08228738354437","75","80","80","fixed","1","1","50","1595","24","50","21855946","v2.0-design-v1.0","3.299999999999997","0.4","2.8999999999999972","99.2156862745098","true","6.2780000000000005","5.878000000000003","50","96.7","4","500","967","967","0","0","0","0","0","595","506","4","20","65","0","24","0","7","7","1000","1997","3.994","98","5.734531266707748","0","49.6","3.533333333333333","10","85","750"
"1495","BA","1000","2","0.1","50","0.1","0.5","1","legal","targeted","8.543548979203234","8","87.08228738354437","87.08228738354437","75","80","80","fixed","1","1","50","1595","25","50","21855947","v2.0-design-v1.0","2.9000000000000057","0.3","2.600000000000006","99.40944881889764","true","6.154000000000001","5.853999999999997","50","97.1","3","500","971","971","0","0","0","0","0","595","505","3","19","68","0","22","0","7","7","1000","1997","3.994","100","5.526527526983505","0","44.3","3.5868686868686868","10","85","750"
"1496","BA","1000","2","0.1","50","0.1","0.5","1","legal","targeted","8.543548979203234","8","87.08228738354437","87.08228738354437","75","80","80","fixed","1","1","50","1595","26","50","21855948","v2.0-design-v1.0","2","0.3","1.7","99.41176470588235","true","5.852","5.551999999999993","50","98","3","500","980","980","0","0","0","0","0","595","507","3","14","71","0","17","0","7","7","1000","1997","3.994","71","5.291499217042733","0","43.8","3.591919191919192","10","85","750"
"1497","BA","1000","2","0.1","50","0.1","0.5","1","legal","targeted","8.543548979203234","8","87.08228738354437","87.08228738354437","75","80","80","fixed","1","1","50","1595","27","50","21855949","v2.0-design-v1.0","2.6000000000000085","0.3","2.3000000000000087","99.38900203665987","true","6.226","5.941999999999996","50","97.39999999999999","3","500","974","974","0","0","0","0","0","595","488","3","26","78","0","29","0","7","7","1000","1997","3.994","68","5.014489915146808","0","43.3","3.596969696969697","10","85","750"
"1498","BA","1000","2","0.1","50","0.1","0.5","1","legal","targeted","8.543548979203234","8","87.08228738354437","87.08228738354437","75","80","80","fixed","1","1","50","1595","28","50","21855950","v2.0-design-v1.0","3.1000000000000085","0.2","2.9000000000000083","99.6078431372549","true","6.355999999999999","6.156000000000005","50","96.89999999999999","2","500","969","969","0","0","0","0","0","595","508","2","19","66","0","21","0","7","7","1000","1997","3.994","86","5.256576413940493","0","43.9","3.590909090909091","10","85","750"
"1499","BA","1000","2","0.1","50","0.1","0.5","1","legal","targeted","8.543548979203234","8","87.08228738354437","87.08228738354437","75","80","80","fixed","1","1","50","1595","29","50","21855951","v2.0-design-v1.0","2","0.1","1.9","99.80314960629921","true","6.1","5.999999999999995","50","98","1","500","980","980","0","0","0","0","0","595","507","1","17","70","0","18","0","7","7","1000","1997","3.994","87","5.5185522031071095","0","47.3","3.5565656565656565","10","85","750"
"1500","BA","1000","2","0.1","50","0.1","0.5","1","legal","targeted","8.543548979203234","8","87.08228738354437","87.08228738354437","75","80","80","fixed","1","1","50","1595","30","50","21855952","v2.0-design-v1.0","2.1000000000000085","0.4","1.7000000000000086","99.22330097087378","true","6.788000000000002","6.388000000000001","50","97.89999999999999","4","500","979","979","0","0","0","0","0","595","511","4","22","58","0","26","0","7","7","1000","1997","3.994","110","5.798584964246673","0","44.3","3.5868686868686868","10","85","750"
